x,y,lap_time_s
0.27786527889592205,0.07971631307140768,9.353096008300781
0.27786527889592205,0.07971631307140768,9.353096008300781
0.2896271233030299,0.08540272327724664,9.353096008300781
0.2896271233030299,0.08540272327724664,9.353096008300781
0.2896271233030299,0.08540272327724664,9.353096008300781
0.30143613692880644,0.09129353550900741,9.353096008300781
0.30143613692880644,0.09129353550900741,9.353096008300781
0.3132706414232311,0.09741271702194794,9.353096008300781
0.3132706414232311,0.09741271702194794,9.353096008300781
0.3132706414232311,0.09741271702194794,9.353096008300781
0.3251322782680636,0.1037386499290469,9.353096008300781
0.3251322782680636,0.1037386499290469,9.353096008300781
0.3371668524550194,0.1103822086482872,9.353096008300781
0.3371668524550194,0.1103822086482872,9.353096008300781
0.3371668524550194,0.1103822086482872,9.353096008300781
0.3371668524550194,0.1103822086482872,9.353096008300781
0.3493405478627124,0.11730376384540268,9.353096008300781
0.3614285635512215,0.12441981314788284,9.353096008300781
0.3614285635512215,0.12441981314788284,9.353096008300781
0.3614285635512215,0.12441981314788284,9.353096008300781
0.3614285635512215,0.12441981314788284,9.353096008300781
0.37345389013373154,0.1316907414500706,9.353096008300781
0.3854465052690416,0.13906966557021921,9.353096008300781
0.3854465052690416,0.13906966557021921,9.353096008300781
0.3854465052690416,0.13906966557021921,9.353096008300781
0.3974270974100156,0.14651825473893773,9.353096008300781
0.3974270974100156,0.14651825473893773,9.353096008300781
0.4095099470443052,0.1540709898320987,9.353096008300781
0.4095099470443052,0.1540709898320987,9.353096008300781
0.4095099470443052,0.1540709898320987,9.353096008300781
0.4095099470443052,0.1540709898320987,9.353096008300781
0.42181816999759447,0.16177248539923822,9.353096008300781
0.43439057445500373,0.16961515047632006,9.353096008300781
0.43439057445500373,0.16961515047632006,9.353096008300781
0.43439057445500373,0.16961515047632006,9.353096008300781
0.43439057445500373,0.16961515047632006,9.353096008300781
0.44725199916078046,0.17758543518893294,9.353096008300781
0.44725199916078046,0.17758543518893294,9.353096008300781
0.46041037948211255,0.18566037477748762,9.353096008300781
0.46041037948211255,0.18566037477748762,9.353096008300781
0.4738752111777223,0.19381880972017895,9.353096008300781
0.4738752111777223,0.19381880972017895,9.353096008300781
0.4876551688782337,0.2020388247834085,9.353096008300781
0.4876551688782337,0.2020388247834085,9.353096008300781
0.4876551688782337,0.2020388247834085,9.353096008300781
0.4876551688782337,0.2020388247834085,9.353096008300781
0.5017553146864211,0.21029535276650135,9.353096008300781
0.5017553146864211,0.21029535276650135,9.353096008300781
0.5161877084670634,0.21856684767032458,9.353096008300781
0.5161877084670634,0.21856684767032458,9.353096008300781
0.5161877084670634,0.21856684767032458,9.353096008300781
0.5309618948176892,0.22682866376873656,9.353096008300781
0.5309618948176892,0.22682866376873656,9.353096008300781
0.5460820325647399,0.23505113490318566,9.353096008300781
0.5460820325647399,0.23505113490318566,9.353096008300781
0.5460820325647399,0.23505113490318566,9.353096008300781
0.5615581553438098,0.2432067722557411,9.353096008300781
0.5615581553438098,0.2432067722557411,9.353096008300781
0.5774029638290048,0.25126794390511054,9.353096008300781
0.5774029638290048,0.25126794390511054,9.353096008300781
0.5774029638290048,0.25126794390511054,9.353096008300781
0.5936266336310354,0.25920366305510756,9.353096008300781
0.5936266336310354,0.25920366305510756,9.353096008300781
0.6102365656478611,0.2669794690352318,9.353096008300781
0.6102365656478611,0.2669794690352318,9.353096008300781
0.6272395570926802,0.27455887730151396,9.353096008300781
0.6272395570926802,0.27455887730151396,9.353096008300781
0.6272395570926802,0.27455887730151396,9.353096008300781
0.6446416179543639,0.2819032482187571,9.353096008300781
0.6446416179543639,0.2819032482187571,9.353096008300781
0.6624384517139844,0.28896711427734467,9.353096008300781
0.6624384517139844,0.28896711427734467,9.353096008300781
0.6806373823480759,0.29570928935375085,9.353096008300781
0.6806373823480759,0.29570928935375085,9.353096008300781
0.6806373823480759,0.29570928935375085,9.353096008300781
0.6992405163631458,0.3020850477576654,9.353096008300781
0.6992405163631458,0.3020850477576654,9.353096008300781
0.6992405163631458,0.3020850477576654,9.353096008300781
0.7181778597280232,0.3080429706569879,9.353096008300781
0.7181778597280232,0.3080429706569879,9.353096008300781
0.7181778597280232,0.3080429706569879,9.353096008300781
0.7370243763785622,0.3134874694777383,9.353096008300781
0.7370243763785622,0.3134874694777383,9.353096008300781
0.755482808458327,0.31832816006423154,9.353096008300781
0.755482808458327,0.31832816006423154,9.353096008300781
0.755482808458327,0.31832816006423154,9.353096008300781
0.7736462175071194,0.32268346477048054,9.353096008300781
0.7736462175071194,0.32268346477048054,9.353096008300781
0.7917466608046241,0.32665551001416004,9.353096008300781
0.7917466608046241,0.32665551001416004,9.353096008300781
0.7917466608046241,0.32665551001416004,9.353096008300781
0.8100230483582191,0.3302633382938043,9.353096008300781
0.8100230483582191,0.3302633382938043,9.353096008300781
0.8285018194298909,0.33354566630052335,9.353096008300781
0.8285018194298909,0.33354566630052335,9.353096008300781
0.8285018194298909,0.33354566630052335,9.353096008300781
0.8471709675148746,0.33647966996199574,9.353096008300781
0.8471709675148746,0.33647966996199574,9.353096008300781
0.8660192910996626,0.3390917320863535,9.353096008300781
0.8660192910996626,0.3390917320863535,9.353096008300781
0.8660192910996626,0.3390917320863535,9.353096008300781
0.8850612674137874,0.34135857080888315,9.353096008300781
0.8850612674137874,0.34135857080888315,9.353096008300781
0.9043194208288577,0.3433070061847192,9.353096008300781
0.9043194208288577,0.3433070061847192,9.353096008300781
0.9043194208288577,0.3433070061847192,9.353096008300781
0.9238037894925912,0.3449101325996392,9.353096008300781
0.9238037894925912,0.3449101325996392,9.353096008300781
0.9435639349734013,0.3462147314501898,9.353096008300781
0.9435639349734013,0.3462147314501898,9.353096008300781
0.9435639349734013,0.3462147314501898,9.353096008300781
0.9638295585079307,0.3472703790606581,9.353096008300781
0.9638295585079307,0.3472703790606581,9.353096008300781
0.9848799093096641,0.34806883903067226,9.353096008300781
0.9848799093096641,0.34806883903067226,9.353096008300781
0.9848799093096641,0.34806883903067226,9.353096008300781
1.0068218879098294,0.34864277160207996,9.353096008300781
1.0068218879098294,0.34864277160207996,9.353096008300781
1.02968831344194,0.3490268565453022,9.353096008300781
1.02968831344194,0.3490268565453022,9.353096008300781
1.02968831344194,0.3490268565453022,9.353096008300781
1.0535080538808062,0.3492342947651562,9.353096008300781
1.0782796876109004,0.3492255668044319,9.353096008300781
1.0782796876109004,0.3492255668044319,9.353096008300781
1.0782796876109004,0.3492255668044319,9.353096008300781
1.0782796876109004,0.3492255668044319,9.353096008300781
1.1039977381489212,0.3490059383009552,9.353096008300781
1.1039977381489212,0.3490059383009552,9.353096008300781
1.1306531775463025,0.3485810708723368,9.353096008300781
1.1306531775463025,0.3485810708723368,9.353096008300781
1.1306531775463025,0.3485810708723368,9.353096008300781
1.158247335682194,0.3479093227790586,9.353096008300781
1.158247335682194,0.3479093227790586,9.353096008300781
1.186786101702822,0.34699669545605377,9.353096008300781
1.186786101702822,0.34699669545605377,9.353096008300781
1.186786101702822,0.34699669545605377,9.353096008300781
1.2162688226732297,0.34586658698111294,9.353096008300781
1.2162688226732297,0.34586658698111294,9.353096008300781
1.246694794450137,0.34452885229668073,9.353096008300781
1.246694794450137,0.34452885229668073,9.353096008300781
1.246694794450137,0.34452885229668073,9.353096008300781
1.2780613120143065,0.34294738567099337,9.353096008300781
1.2780613120143065,0.34294738567099337,9.353096008300781
1.3103669240127436,0.3411182270294791,9.353096008300781
1.3103669240127436,0.3411182270294791,9.353096008300781
1.3103669240127436,0.3411182270294791,9.353096008300781
1.3436082980988027,0.3390070158655829,9.353096008300781
1.3436082980988027,0.3390070158655829,9.353096008300781
1.3777849049809436,0.33662711330440276,9.353096008300781
1.3777849049809436,0.33662711330440276,9.353096008300781
1.3777849049809436,0.33662711330440276,9.353096008300781
1.4128966863607582,0.3339941147049595,9.353096008300781
1.4128966863607582,0.3339941147049595,9.353096008300781
1.4489402844427557,0.33107808415799034,9.353096008300781
1.4489402844427557,0.33107808415799034,9.353096008300781
1.4489402844427557,0.33107808415799034,9.353096008300781
1.485916073192059,0.32789690865724563,9.353096008300781
1.485916073192059,0.32789690865724563,9.353096008300781
1.5238249484665958,0.3244708254121099,9.353096008300781
1.5238249484665958,0.3244708254121099,9.353096008300781
1.5238249484665958,0.3244708254121099,9.353096008300781
1.5626638629143887,0.320774818312779,9.353096008300781
1.5626638629143887,0.320774818312779,9.353096008300781
1.602432691007641,0.31681606101599324,9.353096008300781
1.602432691007641,0.31681606101599324,9.353096008300781
1.602432691007641,0.31681606101599324,9.353096008300781
1.6431282901771387,0.3125712801122742,9.353096008300781
1.6431282901771387,0.3125712801122742,9.353096008300781
1.6847524118713013,0.30806449985519285,9.353096008300781
1.6847524118713013,0.30806449985519285,9.353096008300781
1.6847524118713013,0.30806449985519285,9.353096008300781
1.7273073314594178,0.3033217586357083,9.353096008300781
1.7273073314594178,0.3033217586357083,9.353096008300781
1.7707904422695098,0.2983238734416688,9.353096008300781
1.7707904422695098,0.2983238734416688,9.353096008300781
1.7707904422695098,0.2983238734416688,9.353096008300781
1.8152027591342046,0.2930836690175584,9.353096008300781
1.8152027591342046,0.2930836690175584,9.353096008300781
1.8605417434954237,0.28758341812679705,9.353096008300781
1.8605417434954237,0.28758341812679705,9.353096008300781
1.8605417434954237,0.28758341812679705,9.353096008300781
1.906810567907128,0.2818524050468033,9.353096008300781
1.906810567907128,0.2818524050468033,9.353096008300781
1.9540128604052969,0.2759217650188314,9.353096008300781
1.9540128604052969,0.2759217650188314,9.353096008300781
1.9540128604052969,0.2759217650188314,9.353096008300781
2.0021466957093224,0.2697775095708916,9.353096008300781
2.0021466957093224,0.2697775095708916,9.353096008300781
2.051214210950765,0.26343756987290806,9.353096008300781
2.051214210950765,0.26343756987290806,9.353096008300781
2.051214210950765,0.26343756987290806,9.353096008300781
2.1012136351308444,0.2568892766623517,9.353096008300781
2.1012136351308444,0.2568892766623517,9.353096008300781
2.1521472808676996,0.25015119048623063,9.353096008300781
2.1521472808676996,0.25015119048623063,9.353096008300781
2.1521472808676996,0.25015119048623063,9.353096008300781
2.2040133882119464,0.24321078321779394,9.353096008300781
2.2040133882119464,0.24321078321779394,9.353096008300781
2.256814319735907,0.23608638323600759,9.353096008300781
2.256814319735907,0.23608638323600759,9.353096008300781
2.256814319735907,0.23608638323600759,9.353096008300781
2.3105482432342863,0.22876499165948125,9.353096008300781
2.3105482432342863,0.22876499165948125,9.353096008300781
2.365217498887805,0.22126429271812087,9.353096008300781
2.365217498887805,0.22126429271812087,9.353096008300781
2.365217498887805,0.22126429271812087,9.353096008300781
2.4208201419716393,0.21357055892488572,9.353096008300781
2.4208201419716393,0.21357055892488572,9.353096008300781
2.477358456061822,0.20570069380115255,9.353096008300781
2.477358456061822,0.20570069380115255,9.353096008300781
2.477358456061822,0.20570069380115255,9.353096008300781
2.534830372271268,0.19764019499139854,9.353096008300781
2.534830372271268,0.19764019499139854,9.353096008300781
2.5932381085179865,0.18940520783797427,9.353096008300781
2.5932381085179865,0.18940520783797427,9.353096008300781
2.5932381085179865,0.18940520783797427,9.353096008300781
2.652579477363261,0.18098052586082758,9.353096008300781
2.652579477363261,0.18098052586082758,9.353096008300781
2.712858854941743,0.1723971920394675,9.353096008300781
2.712858854941743,0.1723971920394675,9.353096008300781
2.712858854941743,0.1723971920394675,9.353096008300781
2.774074021044217,0.16368890186094617,9.353096008300781
2.774074021044217,0.16368890186094617,9.353096008300781
2.836207598637877,0.1548457099312362,9.353096008300781
2.836207598637877,0.1548457099312362,9.353096008300781
2.836207598637877,0.1548457099312362,9.353096008300781
2.8992263577617625,0.14589359560215606,9.353096008300781
2.8992263577617625,0.14589359560215606,9.353096008300781
2.9630919182136597,0.13682693694409853,9.353096008300781
2.9630919182136597,0.13682693694409853,9.353096008300781
2.9630919182136597,0.13682693694409853,9.353096008300781
3.027770353254658,0.12767377378965816,9.353096008300781
3.027770353254658,0.12767377378965816,9.353096008300781
3.0932110041171645,0.11842996889167003,9.353096008300781
3.0932110041171645,0.11842996889167003,9.353096008300781
3.0932110041171645,0.11842996889167003,9.353096008300781
3.159387644720676,0.10912362986748275,9.353096008300781
3.159387644720676,0.10912362986748275,9.353096008300781
3.226271683515791,0.09974638667795646,9.353096008300781
3.226271683515791,0.09974638667795646,9.353096008300781
3.226271683515791,0.09974638667795646,9.353096008300781
3.2938305229354,0.09032774549860817,9.353096008300781
3.2938305229354,0.09032774549860817,9.353096008300781
3.362034573589375,0.08085830756680097,9.353096008300781
3.362034573589375,0.08085830756680097,9.353096008300781
3.362034573589375,0.08085830756680097,9.353096008300781
3.4308554440968004,0.0713671520953942,9.353096008300781
3.4308554440968004,0.0713671520953942,9.353096008300781
3.5002519474325613,0.06184519393993311,9.353096008300781
3.5002519474325613,0.06184519393993311,9.353096008300781
3.5002519474325613,0.06184519393993311,9.353096008300781
3.5701999191753386,0.05232112179745117,9.353096008300781
3.5701999191753386,0.05232112179745117,9.353096008300781
3.640676670046445,0.04278185548819431,9.353096008300781
3.640676670046445,0.04278185548819431,9.353096008300781
3.640676670046445,0.04278185548819431,9.353096008300781
3.7116604638403263,0.033255691953091804,9.353096008300781
3.7116604638403263,0.033255691953091804,9.353096008300781
3.7831188214677507,0.023729767648770685,9.353096008300781
3.7831188214677507,0.023729767648770685,9.353096008300781
3.7831188214677507,0.023729767648770685,9.353096008300781
3.8550273937107757,0.014232898606691942,9.353096008300781
3.8550273937107757,0.014232898606691942,9.353096008300781
3.927357662321323,0.004750509819418221,9.353096008300781
3.927357662321323,0.004750509819418221,9.353096008300781
3.927357662321323,0.004750509819418221,9.353096008300781
4.0000894192868905,-0.004688955965723548,9.353096008300781
4.073188025505452,-0.014100240286973181,9.353096008300781
4.073188025505452,-0.014100240286973181,9.353096008300781
4.073188025505452,-0.014100240286973181,9.353096008300781
4.073188025505452,-0.014100240286973181,9.353096008300781
4.146624215492601,-0.02343003094624708,9.353096008300781
4.146624215492601,-0.02343003094624708,9.353096008300781
4.2203794038937055,-0.03262566805138353,9.353096008300781
4.2203794038937055,-0.03262566805138353,9.353096008300781
4.29442720537505,-0.04170050872769491,9.353096008300781
4.29442720537505,-0.04170050872769491,9.353096008300781
4.29442720537505,-0.04170050872769491,9.353096008300781
4.368746211159939,-0.050618173919144374,9.353096008300781
4.368746211159939,-0.050618173919144374,9.353096008300781
4.368746211159939,-0.050618173919144374,9.353096008300781
4.44332076586302,-0.059389354881452146,9.353096008300781
4.44332076586302,-0.059389354881452146,9.353096008300781
4.518141156189213,-0.06797531741593887,9.353096008300781
4.518141156189213,-0.06797531741593887,9.353096008300781
4.518141156189213,-0.06797531741593887,9.353096008300781
4.593193979212987,-0.0763846089876676,9.353096008300781
4.593193979212987,-0.0763846089876676,9.353096008300781
4.668444574002811,-0.084572949825696,9.353096008300781
4.668444574002811,-0.084572949825696,9.353096008300781
4.668444574002811,-0.084572949825696,9.353096008300781
4.743850129496038,-0.09254466960791694,9.353096008300781
4.743850129496038,-0.09254466960791694,9.353096008300781
4.8194185094935325,-0.10025932409604656,9.353096008300781
4.8194185094935325,-0.10025932409604656,9.353096008300781
4.8194185094935325,-0.10025932409604656,9.353096008300781
4.8951498502405375,-0.10772638038756809,9.353096008300781
4.8951498502405375,-0.10772638038756809,9.353096008300781
4.9710549182362485,-0.11490568519674817,9.353096008300781
4.9710549182362485,-0.11490568519674817,9.353096008300781
4.9710549182362485,-0.11490568519674817,9.353096008300781
5.04714377954791,-0.1218080834832072,9.353096008300781
5.04714377954791,-0.1218080834832072,9.353096008300781
5.123423334178408,-0.1283942263092415,9.353096008300781
5.123423334178408,-0.1283942263092415,9.353096008300781
5.123423334178408,-0.1283942263092415,9.353096008300781
5.1999002367129625,-0.13467574434423782,9.353096008300781
5.1999002367129625,-0.13467574434423782,9.353096008300781
5.276582171162037,-0.1406152389707048,9.353096008300781
5.276582171162037,-0.1406152389707048,9.353096008300781
5.276582171162037,-0.1406152389707048,9.353096008300781
5.353465380268356,-0.14622516235112543,9.353096008300781
5.353465380268356,-0.14622516235112543,9.353096008300781
5.430582838015511,-0.15147232732639443,9.353096008300781
5.430582838015511,-0.15147232732639443,9.353096008300781
5.430582838015511,-0.15147232732639443,9.353096008300781
5.507969914963116,-0.15637405597626505,9.353096008300781
5.507969914963116,-0.15637405597626505,9.353096008300781
5.58563786107206,-0.16089879410870145,9.353096008300781
5.58563786107206,-0.16089879410870145,9.353096008300781
5.58563786107206,-0.16089879410870145,9.353096008300781
5.6635819678843475,-0.16508698881772044,9.353096008300781
5.6635819678843475,-0.16508698881772044,9.353096008300781
5.7417929509432355,-0.16897992933969935,9.353096008300781
5.7417929509432355,-0.16897992933969935,9.353096008300781
5.7417929509432355,-0.16897992933969935,9.353096008300781
5.820277620112395,-0.17255254376996418,9.353096008300781
5.820277620112395,-0.17255254376996418,9.353096008300781
5.899037221448356,-0.17583134215364865,9.353096008300781
5.899037221448356,-0.17583134215364865,9.353096008300781
5.899037221448356,-0.17583134215364865,9.353096008300781
5.978058044646159,-0.1787976825247235,9.353096008300781
5.978058044646159,-0.1787976825247235,9.353096008300781
6.057328738661564,-0.1814832172621895,9.353096008300781
6.057328738661564,-0.1814832172621895,9.353096008300781
6.057328738661564,-0.1814832172621895,9.353096008300781
6.13684869430119,-0.18387349607973597,9.353096008300781
6.13684869430119,-0.18387349607973597,9.353096008300781
6.216622511179122,-0.18600350142594416,9.353096008300781
6.216622511179122,-0.18600350142594416,9.353096008300781
6.216622511179122,-0.18600350142594416,9.353096008300781
6.296635128746153,-0.18786022005990824,9.353096008300781
6.296635128746153,-0.18786022005990824,9.353096008300781
6.376862617880648,-0.18947897952594084,9.353096008300781
6.376862617880648,-0.18947897952594084,9.353096008300781
6.376862617880648,-0.18947897952594084,9.353096008300781
6.457316181374053,-0.190847291293202,9.353096008300781
6.457316181374053,-0.190847291293202,9.353096008300781
6.538003648347637,-0.19200092448863543,9.353096008300781
6.538003648347637,-0.19200092448863543,9.353096008300781
6.538003648347637,-0.19200092448863543,9.353096008300781
6.618920627914743,-0.19292646418722148,9.353096008300781
6.618920627914743,-0.19292646418722148,9.353096008300781
6.699794791323864,-0.19365478207264608,9.353096008300781
6.699794791323864,-0.19365478207264608,9.353096008300781
6.699794791323864,-0.19365478207264608,9.353096008300781
6.780387212211548,-0.19416195586211168,9.353096008300781
6.780387212211548,-0.19416195586211168,9.353096008300781
6.860754258903056,-0.194485152125045,9.353096008300781
6.860754258903056,-0.194485152125045,9.353096008300781
6.860754258903056,-0.194485152125045,9.353096008300781
6.9409287391755905,-0.19459912187212702,9.353096008300781
7.0209499091978715,-0.19453497388716362,9.353096008300781
7.0209499091978715,-0.19453497388716362,9.353096008300781
7.0209499091978715,-0.19453497388716362,9.353096008300781
7.0209499091978715,-0.19453497388716362,9.353096008300781
7.100813698184419,-0.19426472430635325,9.353096008300781
7.100813698184419,-0.19426472430635325,9.353096008300781
7.180434087155477,-0.1938177034693856,9.353096008300781
7.180434087155477,-0.1938177034693856,9.353096008300781
7.180434087155477,-0.1938177034693856,9.353096008300781
7.2597040381465066,-0.19316330366148968,9.353096008300781
7.2597040381465066,-0.19316330366148968,9.353096008300781
7.338586855898894,-0.1923308201908819,9.353096008300781
7.338586855898894,-0.1923308201908819,9.353096008300781
7.338586855898894,-0.1923308201908819,9.353096008300781
7.417024722853678,-0.19128604499747873,9.353096008300781
7.417024722853678,-0.19128604499747873,9.353096008300781
7.4948786395139795,-0.19006028071802436,9.353096008300781
7.4948786395139795,-0.19006028071802436,9.353096008300781
7.4948786395139795,-0.19006028071802436,9.353096008300781
7.571932441249408,-0.18860097648211624,9.353096008300781
7.571932441249408,-0.18860097648211624,9.353096008300781
7.648029420735945,-0.18687293254806298,9.353096008300781
7.648029420735945,-0.18687293254806298,9.353096008300781
7.648029420735945,-0.18687293254806298,9.353096008300781
7.723166882947358,-0.18481670033476025,9.353096008300781
7.723166882947358,-0.18481670033476025,9.353096008300781
7.797344020304015,-0.18245942146379596,9.353096008300781
7.797344020304015,-0.18245942146379596,9.353096008300781
7.797344020304015,-0.18245942146379596,9.353096008300781
7.8705572667353305,-0.17974436084464926,9.353096008300781
7.8705572667353305,-0.17974436084464926,9.353096008300781
7.942805072324887,-0.1766849148087527,9.353096008300781
7.942805072324887,-0.1766849148087527,9.353096008300781
7.942805072324887,-0.1766849148087527,9.353096008300781
8.01408024039237,-0.17317638582233766,9.353096008300781
8.01408024039237,-0.17317638582233766,9.353096008300781
8.08437146731458,-0.16908225124144025,9.353096008300781
8.08437146731458,-0.16908225124144025,9.353096008300781
8.08437146731458,-0.16908225124144025,9.353096008300781
8.153666229970495,-0.1643038711428974,9.353096008300781
8.153666229970495,-0.1643038711428974,9.353096008300781
8.221956443977419,-0.15884231786309708,9.353096008300781
8.221956443977419,-0.15884231786309708,9.353096008300781
8.221956443977419,-0.15884231786309708,9.353096008300781
8.289222028349775,-0.15257351769987218,9.353096008300781
8.289222028349775,-0.15257351769987218,9.353096008300781
8.355433568038324,-0.14533704495028485,9.353096008300781
8.355433568038324,-0.14533704495028485,9.353096008300781
8.355433568038324,-0.14533704495028485,9.353096008300781
8.420552835703685,-0.13697074073828272,9.353096008300781
8.420552835703685,-0.13697074073828272,9.353096008300781
8.484535961219896,-0.12734367598893193,9.353096008300781
8.484535961219896,-0.12734367598893193,9.353096008300781
8.484535961219896,-0.12734367598893193,9.353096008300781
8.547344997147666,-0.11641876286368476,9.353096008300781
8.547344997147666,-0.11641876286368476,9.353096008300781
8.608919401390745,-0.10406837571554031,9.353096008300781
8.608919401390745,-0.10406837571554031,9.353096008300781
8.608919401390745,-0.10406837571554031,9.353096008300781
8.669209180433494,-0.0902652754721111,9.353096008300781
8.669209180433494,-0.0902652754721111,9.353096008300781
8.728153919212108,-0.07496448917985031,9.353096008300781
8.728153919212108,-0.07496448917985031,9.353096008300781
8.728153919212108,-0.07496448917985031,9.353096008300781
8.785654096798769,-0.05801326962739161,9.353096008300781
8.785654096798769,-0.05801326962739161,9.353096008300781
8.84161588609956,-0.0393394187460072,9.353096008300781
8.84161588609956,-0.0393394187460072,9.353096008300781
8.84161588609956,-0.0393394187460072,9.353096008300781
8.895893363906602,-0.018773161328794002,9.353096008300781
8.948320110264497,0.0038295148181013185,9.353096008300781
8.948320110264497,0.0038295148181013185,9.353096008300781
8.948320110264497,0.0038295148181013185,9.353096008300781
8.948320110264497,0.0038295148181013185,9.353096008300781
8.998767011000831,0.02846351684188494,9.353096008300781
8.998767011000831,0.02846351684188494,9.353096008300781
9.047423792453191,0.05559682878910977,9.353096008300781
9.047423792453191,0.05559682878910977,9.353096008300781
9.047423792453191,0.05559682878910977,9.353096008300781
9.094615179130544,0.08588603447777401,9.353096008300781
9.094615179130544,0.08588603447777401,9.353096008300781
9.140468068513712,0.1194471568110562,9.353096008300781
9.140468068513712,0.1194471568110562,9.353096008300781
9.140468068513712,0.1194471568110562,9.353096008300781
9.184829658803666,0.15592311654608587,9.353096008300781
9.184829658803666,0.15592311654608587,9.353096008300781
9.227568630021622,0.19486026557065897,9.353096008300781
9.227568630021622,0.19486026557065897,9.353096008300781
9.227568630021622,0.19486026557065897,9.353096008300781
9.26874394648687,0.23597899544010445,9.353096008300781
9.26874394648687,0.23597899544010445,9.353096008300781
9.308362197275274,0.2790208260072975,9.353096008300781
9.308362197275274,0.2790208260072975,9.353096008300781
9.308362197275274,0.2790208260072975,9.353096008300781
9.346481745118824,0.32371174979168665,9.353096008300781
9.346481745118824,0.32371174979168665,9.353096008300781
9.383093650323685,0.36978416105005424,9.353096008300781
9.383093650323685,0.36978416105005424,9.353096008300781
9.383093650323685,0.36978416105005424,9.353096008300781
9.41820173387908,0.41692240602144515,9.353096008300781
9.41820173387908,0.41692240602144515,9.353096008300781
9.451596695652784,0.4646885329500357,9.353096008300781
9.451596695652784,0.4646885329500357,9.353096008300781
9.483124010579738,0.5127109661516434,9.353096008300781
9.483124010579738,0.5127109661516434,9.353096008300781
9.512875079834279,0.5608199695076431,9.353096008300781
9.512875079834279,0.5608199695076431,9.353096008300781
9.512875079834279,0.5608199695076431,9.353096008300781
9.540923105718191,0.6090786156694326,9.353096008300781
9.540923105718191,0.6090786156694326,9.353096008300781
9.567313980374438,0.6573971415727694,9.353096008300781
9.567313980374438,0.6573971415727694,9.353096008300781
9.567313980374438,0.6573971415727694,9.353096008300781
9.591995046228154,0.7057004802022773,9.353096008300781
9.591995046228154,0.7057004802022773,9.353096008300781
9.591995046228154,0.7057004802022773,9.353096008300781
9.615155930079165,0.7545111746475511,9.353096008300781
9.615155930079165,0.7545111746475511,9.353096008300781
9.615155930079165,0.7545111746475511,9.353096008300781
9.636908865652229,0.8042874349166813,9.353096008300781
9.636908865652229,0.8042874349166813,9.353096008300781
9.657342218775954,0.8551040137473276,9.353096008300781
9.657342218775954,0.8551040137473276,9.353096008300781
9.657342218775954,0.8551040137473276,9.353096008300781
9.676528329874902,0.9070185523360494,9.353096008300781
9.676528329874902,0.9070185523360494,9.353096008300781
9.69458201069714,0.959964254367793,9.353096008300781
9.69458201069714,0.959964254367793,9.353096008300781
9.69458201069714,0.959964254367793,9.353096008300781
9.711613838916799,1.013838757910127,9.353096008300781
9.711613838916799,1.013838757910127,9.353096008300781
9.727677368847964,1.06855340079306,9.353096008300781
9.727677368847964,1.06855340079306,9.353096008300781
9.727677368847964,1.06855340079306,9.353096008300781
9.74285030412521,1.1239702163662644,9.353096008300781
9.74285030412521,1.1239702163662644,9.353096008300781
9.757155434387974,1.17994577921321,9.353096008300781
9.757155434387974,1.17994577921321,9.353096008300781
9.757155434387974,1.17994577921321,9.353096008300781
9.770669081575347,1.2363769601676802,9.353096008300781
9.770669081575347,1.2363769601676802,9.353096008300781
9.783420458658242,1.2931985130249244,9.353096008300781
9.783420458658242,1.2931985130249244,9.353096008300781
9.783420458658242,1.2931985130249244,9.353096008300781
9.795482143981484,1.3503528921840493,9.353096008300781
9.795482143981484,1.3503528921840493,9.353096008300781
9.80684858240899,1.407811755352232,9.353096008300781
9.80684858240899,1.407811755352232,9.353096008300781
9.80684858240899,1.407811755352232,9.353096008300781
9.817509276292176,1.4655565854800061,9.353096008300781
9.817509276292176,1.4655565854800061,9.353096008300781
9.827521323602763,1.523574897983527,9.353096008300781
9.827521323602763,1.523574897983527,9.353096008300781
9.827521323602763,1.523574897983527,9.353096008300781
9.836884571019967,1.581872233706964,9.353096008300781
9.836884571019967,1.581872233706964,9.353096008300781
9.845640379606504,1.6404484385901619,9.353096008300781
9.845640379606504,1.6404484385901619,9.353096008300781
9.845640379606504,1.6404484385901619,9.353096008300781
9.85377775259787,1.6993260130819206,9.353096008300781
9.85377775259787,1.6993260130819206,9.353096008300781
9.861329992247141,1.7585251026177509,9.353096008300781
9.861329992247141,1.7585251026177509,9.353096008300781
9.861329992247141,1.7585251026177509,9.353096008300781
9.868279430485362,1.8180755209869788,9.353096008300781
9.868279430485362,1.8180755209869788,9.353096008300781
9.87467678318724,1.8780067877051874,9.353096008300781
9.87467678318724,1.8780067877051874,9.353096008300781
9.87467678318724,1.8780067877051874,9.353096008300781
9.880569289220228,1.938347373680853,9.353096008300781
9.880569289220228,1.938347373680853,9.353096008300781
9.885938142531648,1.9991292075250158,9.353096008300781
9.885938142531648,1.9991292075250158,9.353096008300781
9.885938142531648,1.9991292075250158,9.353096008300781
9.890814911902758,2.060411188511762,9.353096008300781
9.890814911902758,2.060411188511762,9.353096008300781
9.895192166282259,2.1222650728598276,9.353096008300781
9.895192166282259,2.1222650728598276,9.353096008300781
9.895192166282259,2.1222650728598276,9.353096008300781
9.899101701099216,2.184716107392413,9.353096008300781
9.899101701099216,2.184716107392413,9.353096008300781
9.902535972308142,2.2477874877152333,9.353096008300781
9.902535972308142,2.2477874877152333,9.353096008300781
9.902535972308142,2.2477874877152333,9.353096008300781
9.905527698396096,2.3114933112956755,9.353096008300781
9.905527698396096,2.3114933112956755,9.353096008300781
9.908067951930814,2.375824207116781,9.353096008300781
9.908067951930814,2.375824207116781,9.353096008300781
9.908067951930814,2.375824207116781,9.353096008300781
9.910185336228052,2.4407508386398873,9.353096008300781
9.910185336228052,2.4407508386398873,9.353096008300781
9.911868063757938,2.5062530733816084,9.353096008300781
9.911868063757938,2.5062530733816084,9.353096008300781
9.911868063757938,2.5062530733816084,9.353096008300781
9.913165491618878,2.572335482943807,9.353096008300781
9.913165491618878,2.572335482943807,9.353096008300781
9.914125698121817,2.638989524446144,9.353096008300781
9.914125698121817,2.638989524446144,9.353096008300781
9.914125698121817,2.638989524446144,9.353096008300781
9.914737031322312,2.706201799257467,9.353096008300781
9.914737031322312,2.706201799257467,9.353096008300781
9.915029800121776,2.773977640910799,9.353096008300781
9.915029800121776,2.773977640910799,9.353096008300781
9.915029800121776,2.773977640910799,9.353096008300781
9.91499320398683,2.8423046521169164,9.353096008300781
9.91499320398683,2.8423046521169164,9.353096008300781
9.914656830341478,2.911171270203569,9.353096008300781
9.914656830341478,2.911171270203569,9.353096008300781
9.914656830341478,2.911171270203569,9.353096008300781
9.914009382220977,2.9805880890762926,9.353096008300781
9.914009382220977,2.9805880890762926,9.353096008300781
9.913079201263658,3.0505493836795985,9.353096008300781
9.913079201263658,3.0505493836795985,9.353096008300781
9.913079201263658,3.0505493836795985,9.353096008300781
9.911853032470399,3.121060463190764,9.353096008300781
9.911853032470399,3.121060463190764,9.353096008300781
9.91035773139557,3.1921555665158228,9.353096008300781
9.91035773139557,3.1921555665158228,9.353096008300781
9.91035773139557,3.1921555665158228,9.353096008300781
9.908578716741578,3.2638351076762158,9.353096008300781
9.908578716741578,3.2638351076762158,9.353096008300781
9.906540130452521,3.3360750803615185,9.353096008300781
9.906540130452521,3.3360750803615185,9.353096008300781
9.906540130452521,3.3360750803615185,9.353096008300781
9.904225290815651,3.4088947900134055,9.353096008300781
9.904225290815651,3.4088947900134055,9.353096008300781
9.901656600450062,3.482322361935931,9.353096008300781
9.901656600450062,3.482322361935931,9.353096008300781
9.901656600450062,3.482322361935931,9.353096008300781
9.898816162592023,3.5563433330867764,9.353096008300781
9.898816162592023,3.5563433330867764,9.353096008300781
9.895744779436448,3.6309416591317,9.353096008300781
9.895744779436448,3.6309416591317,9.353096008300781
9.895744779436448,3.6309416591317,9.353096008300781
9.892483234075645,3.7061227158951464,9.353096008300781
9.892483234075645,3.7061227158951464,9.353096008300781
9.889015001319759,3.7818836001659397,9.353096008300781
9.889015001319759,3.7818836001659397,9.353096008300781
9.889015001319759,3.7818836001659397,9.353096008300781
9.885365932091846,3.8582027308588414,9.353096008300781
9.885365932091846,3.8582027308588414,9.353096008300781
9.88152261977443,3.935053371835581,9.353096008300781
9.88152261977443,3.935053371835581,9.353096008300781
9.88152261977443,3.935053371835581,9.353096008300781
9.877515064644877,4.012368609652,9.353096008300781
9.877515064644877,4.012368609652,9.353096008300781
9.873330156942833,4.090094573254478,9.353096008300781
9.873330156942833,4.090094573254478,9.353096008300781
9.873330156942833,4.090094573254478,9.353096008300781
9.868996200769546,4.168224975633245,9.353096008300781
9.868996200769546,4.168224975633245,9.353096008300781
9.864497724732805,4.24673332840109,9.353096008300781
9.864497724732805,4.24673332840109,9.353096008300781
9.864497724732805,4.24673332840109,9.353096008300781
9.859863851401213,4.325584678400404,9.353096008300781
9.859863851401213,4.325584678400404,9.353096008300781
9.855077430556866,4.404745959094918,9.353096008300781
9.855077430556866,4.404745959094918,9.353096008300781
9.855077430556866,4.404745959094918,9.353096008300781
9.850165787035731,4.4842050242798015,9.353096008300781
9.850165787035731,4.4842050242798015,9.353096008300781
9.84510895316397,4.563948013819003,9.353096008300781
9.84510895316397,4.563948013819003,9.353096008300781
9.84510895316397,4.563948013819003,9.353096008300781
9.839933883522678,4.643949994499033,9.353096008300781
9.839933883522678,4.643949994499033,9.353096008300781
9.834619255091294,4.724187059123501,9.353096008300781
9.834619255091294,4.724187059123501,9.353096008300781
9.834619255091294,4.724187059123501,9.353096008300781
9.829190628996148,4.804645418903396,9.353096008300781
9.829190628996148,4.804645418903396,9.353096008300781
9.823624317894806,4.885314560275452,9.353096008300781
9.823624317894806,4.885314560275452,9.353096008300781
9.823624317894806,4.885314560275452,9.353096008300781
9.817965768323027,4.966223198462294,9.353096008300781
9.817965768323027,4.966223198462294,9.353096008300781
9.812260851531883,5.04738545017445,9.353096008300781
9.812260851531883,5.04738545017445,9.353096008300781
9.812260851531883,5.04738545017445,9.353096008300781
9.806489366567023,5.128783088359028,9.353096008300781
9.806489366567023,5.128783088359028,9.353096008300781
9.800682164241964,5.21039832641363,9.353096008300781
9.800682164241964,5.21039832641363,9.353096008300781
9.800682164241964,5.21039832641363,9.353096008300781
9.794824333502502,5.292202649255515,9.353096008300781
9.794824333502502,5.292202649255515,9.353096008300781
9.788952323675943,5.3741634834018575,9.353096008300781
9.788952323675943,5.3741634834018575,9.353096008300781
9.788952323675943,5.3741634834018575,9.353096008300781
9.783054282121281,5.456237575524841,9.353096008300781
9.783054282121281,5.456237575524841,9.353096008300781
9.777169426872668,5.538391869522012,9.353096008300781
9.777169426872668,5.538391869522012,9.353096008300781
9.777169426872668,5.538391869522012,9.353096008300781
9.771284274350718,5.620608114249058,9.353096008300781
9.765440516807525,5.702838761210407,9.353096008300781
9.765440516807525,5.702838761210407,9.353096008300781
9.765440516807525,5.702838761210407,9.353096008300781
9.759631681950923,5.7849585833329025,9.353096008300781
9.759631681950923,5.7849585833329025,9.353096008300781
9.759631681950923,5.7849585833329025,9.353096008300781
9.753905111527539,5.866872807639143,9.353096008300781
9.753905111527539,5.866872807639143,9.353096008300781
9.753905111527539,5.866872807639143,9.353096008300781
9.748250476782909,5.948464400263561,9.353096008300781
9.74271439886811,6.029675282315972,9.353096008300781
9.74271439886811,6.029675282315972,9.353096008300781
9.74271439886811,6.029675282315972,9.353096008300781
9.737276229875889,6.110512467457098,9.353096008300781
9.737276229875889,6.110512467457098,9.353096008300781
9.737276229875889,6.110512467457098,9.353096008300781
9.73198016923859,6.190959701378333,9.353096008300781
9.73198016923859,6.190959701378333,9.353096008300781
9.73198016923859,6.190959701378333,9.353096008300781
9.726806974094357,6.271001984166147,9.353096008300781
9.726806974094357,6.271001984166147,9.353096008300781
9.721803375303303,6.350588727157075,9.353096008300781
9.721803375303303,6.350588727157075,9.353096008300781
9.721803375303303,6.350588727157075,9.353096008300781
9.71695072255776,6.429677772110441,9.353096008300781
9.71695072255776,6.429677772110441,9.353096008300781
9.712295524308704,6.508237403679419,9.353096008300781
9.712295524308704,6.508237403679419,9.353096008300781
9.712295524308704,6.508237403679419,9.353096008300781
9.707817689434549,6.586238354035486,9.353096008300781
9.707817689434549,6.586238354035486,9.353096008300781
9.703571827390348,6.663493178746691,9.353096008300781
9.703571827390348,6.663493178746691,9.353096008300781
9.703571827390348,6.663493178746691,9.353096008300781
9.69950381052396,6.739805252243782,9.353096008300781
9.69950381052396,6.739805252243782,9.353096008300781
9.695559426670517,6.815171527535617,9.353096008300781
9.695559426670517,6.815171527535617,9.353096008300781
9.695559426670517,6.815171527535617,9.353096008300781
9.69179455210658,6.88959478102328,9.353096008300781
9.69179455210658,6.88959478102328,9.353096008300781
9.688147837979956,6.963071770206977,9.353096008300781
9.688147837979956,6.963071770206977,9.353096008300781
9.688147837979956,6.963071770206977,9.353096008300781
9.684563317930012,7.035599672611119,9.353096008300781
9.684563317930012,7.035599672611119,9.353096008300781
9.681090778832443,7.107180918983296,9.353096008300781
9.681090778832443,7.107180918983296,9.353096008300781
9.677659287281482,7.177812037689818,9.353096008300781
9.677659287281482,7.177812037689818,9.353096008300781
9.674164162235645,7.247487842420309,9.353096008300781
9.674164162235645,7.247487842420309,9.353096008300781
9.674164162235645,7.247487842420309,9.353096008300781
9.674164162235645,7.247487842420309,9.353096008300781
9.670500445427084,7.316202623672999,9.353096008300781
9.670500445427084,7.316202623672999,9.353096008300781
9.666558349327053,7.383949360855112,9.353096008300781
9.666558349327053,7.383949360855112,9.353096008300781
9.666558349327053,7.383949360855112,9.353096008300781
9.662219748476113,7.450718807694634,9.353096008300781
9.662219748476113,7.450718807694634,9.353096008300781
9.657392126079168,7.516501130997988,9.353096008300781
9.657392126079168,7.516501130997988,9.353096008300781
9.657392126079168,7.516501130997988,9.353096008300781
9.65207267429311,7.581291306273436,9.353096008300781
9.65207267429311,7.581291306273436,9.353096008300781
9.646125907780398,7.6450716745378635,9.353096008300781
9.646125907780398,7.6450716745378635,9.353096008300781
9.646125907780398,7.6450716745378635,9.353096008300781
9.639374926236695,7.707815290325449,9.353096008300781
9.639374926236695,7.707815290325449,9.353096008300781
9.631673773414821,7.76949096036544,9.353096008300781
9.631673773414821,7.76949096036544,9.353096008300781
9.631673773414821,7.76949096036544,9.353096008300781
9.622969919600887,7.830072309576729,9.353096008300781
9.622969919600887,7.830072309576729,9.353096008300781
9.61311931934786,7.889513768129275,9.353096008300781
9.61311931934786,7.889513768129275,9.353096008300781
9.61311931934786,7.889513768129275,9.353096008300781
9.60204244911502,7.947770867820417,9.353096008300781
9.60204244911502,7.947770867820417,9.353096008300781
9.589578045228034,8.004773445952317,9.353096008300781
9.589578045228034,8.004773445952317,9.353096008300781
9.589578045228034,8.004773445952317,9.353096008300781
9.575636960031359,8.060452620433413,9.353096008300781
9.575636960031359,8.060452620433413,9.353096008300781
9.560056861264785,8.114706255485537,9.353096008300781
9.560056861264785,8.114706255485537,9.353096008300781
9.560056861264785,8.114706255485537,9.353096008300781
9.542788507191405,8.16744629637778,9.353096008300781
9.542788507191405,8.16744629637778,9.353096008300781
9.523777301000045,8.218569247758268,9.353096008300781
9.523777301000045,8.218569247758268,9.353096008300781
9.523777301000045,8.218569247758268,9.353096008300781
9.502878285404918,8.267917938221713,9.353096008300781
9.502878285404918,8.267917938221713,9.353096008300781
9.480039326330264,8.315345016297874,9.353096008300781
9.480039326330264,8.315345016297874,9.353096008300781
9.480039326330264,8.315345016297874,9.353096008300781
9.455163529888852,8.360653188696928,9.353096008300781
9.455163529888852,8.360653188696928,9.353096008300781
9.428280376766425,8.403682014011114,9.353096008300781
9.428280376766425,8.403682014011114,9.353096008300781
9.428280376766425,8.403682014011114,9.353096008300781
9.399029079465476,8.444417118934012,9.353096008300781
9.399029079465476,8.444417118934012,9.353096008300781
9.366745972714272,8.482886319337673,9.353096008300781
9.366745972714272,8.482886319337673,9.353096008300781
9.366745972714272,8.482886319337673,9.353096008300781
9.33119956397918,8.519164053263143,9.353096008300781
9.292517224250185,8.553399264478621,9.353096008300781
9.292517224250185,8.553399264478621,9.353096008300781
9.292517224250185,8.553399264478621,9.353096008300781
9.292517224250185,8.553399264478621,9.353096008300781
9.251046320787095,8.585771392548203,9.353096008300781
9.251046320787095,8.585771392548203,9.353096008300781
9.207169119638872,8.616492250345864,9.353096008300781
9.207169119638872,8.616492250345864,9.353096008300781
9.207169119638872,8.616492250345864,9.353096008300781
9.161271093712854,8.645746814305745,9.353096008300781
9.161271093712854,8.645746814305745,9.353096008300781
9.11374966748925,8.67360095118219,9.353096008300781
9.11374966748925,8.67360095118219,9.353096008300781
9.11374966748925,8.67360095118219,9.353096008300781
9.065002076643333,8.700120895445453,9.353096008300781
9.065002076643333,8.700120895445453,9.353096008300781
9.015384988763836,8.725283359932087,9.353096008300781
9.015384988763836,8.725283359932087,9.353096008300781
9.015384988763836,8.725283359932087,9.353096008300781
8.965477387276398,8.74888500177225,9.353096008300781
8.965477387276398,8.74888500177225,9.353096008300781
8.915814922670853,8.770876234695024,9.353096008300781
8.915814922670853,8.770876234695024,9.353096008300781
8.915814922670853,8.770876234695024,9.353096008300781
8.866521096419286,8.791313850621608,9.353096008300781
8.866521096419286,8.791313850621608,9.353096008300781
8.817633973881367,8.810209063443668,9.353096008300781
8.817633973881367,8.810209063443668,9.353096008300781
8.817633973881367,8.810209063443668,9.353096008300781
8.769191152937175,8.827572778534488,9.353096008300781
8.769191152937175,8.827572778534488,9.353096008300781
8.721252356952549,8.843482035488782,9.353096008300781
8.721252356952549,8.843482035488782,9.353096008300781
8.721252356952549,8.843482035488782,9.353096008300781
8.673730206478618,8.85793109073589,9.353096008300781
8.673730206478618,8.85793109073589,9.353096008300781
8.626056142563167,8.87102742785462,9.353096008300781
8.626056142563167,8.87102742785462,9.353096008300781
8.626056142563167,8.87102742785462,9.353096008300781
8.577667346695826,8.882813818374197,9.353096008300781
8.577667346695826,8.882813818374197,9.353096008300781
8.528448730862072,8.893366043606644,9.353096008300781
8.528448730862072,8.893366043606644,9.353096008300781
8.528448730862072,8.893366043606644,9.353096008300781
8.478352514895276,8.902792998218489,9.353096008300781
8.478352514895276,8.902792998218489,9.353096008300781
8.427364490555272,8.911195601791787,9.353096008300781
8.427364490555272,8.911195601791787,9.353096008300781
8.427364490555272,8.911195601791787,9.353096008300781
8.375483119894731,8.918628465194432,9.353096008300781
8.375483119894731,8.918628465194432,9.353096008300781
8.322743376590266,8.925181646741716,9.353096008300781
8.322743376590266,8.925181646741716,9.353096008300781
8.322743376590266,8.925181646741716,9.353096008300781
8.26917860643425,8.930907309476014,9.353096008300781
8.26917860643425,8.930907309476014,9.353096008300781
8.21483116547246,8.935907825437685,9.353096008300781
8.21483116547246,8.935907825437685,9.353096008300781
8.21483116547246,8.935907825437685,9.353096008300781
8.159748561651272,8.940280114360846,9.353096008300781
8.159748561651272,8.940280114360846,9.353096008300781
8.103973415635851,8.944059930988647,9.353096008300781
8.103973415635851,8.944059930988647,9.353096008300781
8.103973415635851,8.944059930988647,9.353096008300781
8.047550298621214,8.947315356368634,9.353096008300781
8.047550298621214,8.947315356368634,9.353096008300781
7.9905318511906565,8.950067117948297,9.353096008300781
7.9905318511906565,8.950067117948297,9.353096008300781
7.9905318511906565,8.950067117948297,9.353096008300781
7.932961930477402,8.952370677443549,9.353096008300781
7.932961930477402,8.952370677443549,9.353096008300781
7.87486269240903,8.954236149098143,9.353096008300781
7.87486269240903,8.954236149098143,9.353096008300781
7.87486269240903,8.954236149098143,9.353096008300781
7.816254435676818,8.95570919272666,9.353096008300781
7.816254435676818,8.95570919272666,9.353096008300781
7.757153515628763,8.956787855541037,9.353096008300781
7.757153515628763,8.956787855541037,9.353096008300781
7.757153515628763,8.956787855541037,9.353096008300781
7.69757527890613,8.957507415151943,9.353096008300781
7.69757527890613,8.957507415151943,9.353096008300781
7.637528301539835,8.957856326361952,9.353096008300781
7.637528301539835,8.957856326361952,9.353096008300781
7.637528301539835,8.957856326361952,9.353096008300781
7.577020673670228,8.957861890441643,9.353096008300781
7.577020673670228,8.957861890441643,9.353096008300781
7.516059940598874,8.957505036969168,9.353096008300781
7.516059940598874,8.957505036969168,9.353096008300781
7.516059940598874,8.957505036969168,9.353096008300781
7.454648384293449,8.956807138329049,9.353096008300781
7.454648384293449,8.956807138329049,9.353096008300781
7.392787244646943,8.955744190244646,9.353096008300781
7.392787244646943,8.955744190244646,9.353096008300781
7.392787244646943,8.955744190244646,9.353096008300781
7.330478063474057,8.954333376712254,9.353096008300781
7.330478063474057,8.954333376712254,9.353096008300781
7.267708653943267,8.952547739938018,9.353096008300781
7.267708653943267,8.952547739938018,9.353096008300781
7.267708653943267,8.952547739938018,9.353096008300781
7.204439968460537,8.950402260972758,9.353096008300781
7.1406469691797785,8.947869454891245,9.353096008300781
7.1406469691797785,8.947869454891245,9.353096008300781
7.1406469691797785,8.947869454891245,9.353096008300781
7.1406469691797785,8.947869454891245,9.353096008300781
7.076303499715356,8.944962681944883,9.353096008300781
7.011373891535785,8.941655234830563,9.353096008300781
7.011373891535785,8.941655234830563,9.353096008300781
7.011373891535785,8.941655234830563,9.353096008300781
7.011373891535785,8.941655234830563,9.353096008300781
6.94585803513912,8.937960805960861,9.353096008300781
6.94585803513912,8.937960805960861,9.353096008300781
6.879775858865543,8.933854079069366,9.353096008300781
6.879775858865543,8.933854079069366,9.353096008300781
6.879775858865543,8.933854079069366,9.353096008300781
6.813141795022044,8.929369864024663,9.353096008300781
6.813141795022044,8.929369864024663,9.353096008300781
6.74594056576101,8.924542581453599,9.353096008300781
6.74594056576101,8.924542581453599,9.353096008300781
6.74594056576101,8.924542581453599,9.353096008300781
6.678142903535046,8.919349224617093,9.353096008300781
6.678142903535046,8.919349224617093,9.353096008300781
6.609749758083816,8.913810375243616,9.353096008300781
6.609749758083816,8.913810375243616,9.353096008300781
6.609749758083816,8.913810375243616,9.353096008300781
6.540768682308245,8.907909482537342,9.353096008300781
6.540768682308245,8.907909482537342,9.353096008300781
6.471186939084172,8.901669244397922,9.353096008300781
6.471186939084172,8.901669244397922,9.353096008300781
6.471186939084172,8.901669244397922,9.353096008300781
6.400993048094164,8.895074236105932,9.353096008300781
6.400993048094164,8.895074236105932,9.353096008300781
6.3301969162526746,8.888149673289602,9.353096008300781
6.3301969162526746,8.888149673289602,9.353096008300781
6.3301969162526746,8.888149673289602,9.353096008300781
6.258817495068902,8.880882326838057,9.353096008300781
6.258817495068902,8.880882326838057,9.353096008300781
6.186855823651819,8.873296778500428,9.353096008300781
6.186855823651819,8.873296778500428,9.353096008300781
6.186855823651819,8.873296778500428,9.353096008300781
6.11433631755974,8.865379245267672,9.353096008300781
6.11433631755974,8.865379245267672,9.353096008300781
6.041278779490993,8.857175014846547,9.353096008300781
6.041278779490993,8.857175014846547,9.353096008300781
6.041278779490993,8.857175014846547,9.353096008300781
5.967690567444538,8.848728989593207,9.353096008300781
5.967690567444538,8.848728989593207,9.353096008300781
5.893579660111971,8.840026958168917,9.353096008300781
5.893579660111971,8.840026958168917,9.353096008300781
5.893579660111971,8.840026958168917,9.353096008300781
5.818964687880295,8.831098476000724,9.353096008300781
5.818964687880295,8.831098476000724,9.353096008300781
5.743875096679179,8.821933445907307,9.353096008300781
5.743875096679179,8.821933445907307,9.353096008300781
5.743875096679179,8.821933445907307,9.353096008300781
5.668320851122221,8.812562106718097,9.353096008300781
5.668320851122221,8.812562106718097,9.353096008300781
5.592326465563393,8.80297370610753,9.353096008300781
5.592326465563393,8.80297370610753,9.353096008300781
5.592326465563393,8.80297370610753,9.353096008300781
5.515908148479491,8.793199338334947,9.353096008300781
5.515908148479491,8.793199338334947,9.353096008300781
5.439092213304607,8.783227168614301,9.353096008300781
5.439092213304607,8.783227168614301,9.353096008300781
5.439092213304607,8.783227168614301,9.353096008300781
5.361907721161079,8.77308923387577,9.353096008300781
5.284385664398693,8.762772118991188,9.353096008300781
5.284385664398693,8.762772118991188,9.353096008300781
5.284385664398693,8.762772118991188,9.353096008300781
5.284385664398693,8.762772118991188,9.353096008300781
5.206543784824789,8.75230558373174,9.353096008300781
5.206543784824789,8.75230558373174,9.353096008300781
5.128410410274652,8.741673646169307,9.353096008300781
5.128410410274652,8.741673646169307,9.353096008300781
5.050017742954028,8.730906814086199,9.353096008300781
5.050017742954028,8.730906814086199,9.353096008300781
5.050017742954028,8.730906814086199,9.353096008300781
4.9713964461089075,8.719986985850106,9.353096008300781
4.9713964461089075,8.719986985850106,9.353096008300781
4.9713964461089075,8.719986985850106,9.353096008300781
4.892561923341995,8.708941602934233,9.353096008300781
4.892561923341995,8.708941602934233,9.353096008300781
4.813539226477154,8.69774981110524,9.353096008300781
4.813539226477154,8.69774981110524,9.353096008300781
4.813539226477154,8.69774981110524,9.353096008300781
4.734351788049191,8.686439248435281,9.353096008300781
4.734351788049191,8.686439248435281,9.353096008300781
4.655026096182048,8.67498741092749,9.353096008300781
4.655026096182048,8.67498741092749,9.353096008300781
4.655026096182048,8.67498741092749,9.353096008300781
4.575575117613423,8.663419935807953,9.353096008300781
4.575575117613423,8.663419935807953,9.353096008300781
4.496013987557636,8.651711352656736,9.353096008300781
4.496013987557636,8.651711352656736,9.353096008300781
4.496013987557636,8.651711352656736,9.353096008300781
4.416344099359561,8.639910539372163,9.353096008300781
4.416344099359561,8.639910539372163,9.353096008300781
4.336564909419466,8.628065404586065,9.353096008300781
4.336564909419466,8.628065404586065,9.353096008300781
4.336564909419466,8.628065404586065,9.353096008300781
4.256684427048146,8.616151381839073,9.353096008300781
4.256684427048146,8.616151381839073,9.353096008300781
4.176703209177482,8.604197794914125,9.353096008300781
4.176703209177482,8.604197794914125,9.353096008300781
4.176703209177482,8.604197794914125,9.353096008300781
4.096634095343655,8.59218651102257,9.353096008300781
4.096634095343655,8.59218651102257,9.353096008300781
4.016483250296077,8.58015252118273,9.353096008300781
4.016483250296077,8.58015252118273,9.353096008300781
4.016483250296077,8.58015252118273,9.353096008300781
3.9362805151035687,8.568083522667461,9.353096008300781
3.9362805151035687,8.568083522667461,9.353096008300781
3.8560647920600437,8.55602288389756,9.353096008300781
3.8560647920600437,8.55602288389756,9.353096008300781
3.8560647920600437,8.55602288389756,9.353096008300781
3.7758585512647835,8.54395793170571,9.353096008300781
3.7758585512647835,8.54395793170571,9.353096008300781
3.69571681350486,8.531936377676255,9.353096008300781
3.69571681350486,8.531936377676255,9.353096008300781
3.69571681350486,8.531936377676255,9.353096008300781
3.6157446842484107,8.519957532540403,9.353096008300781
3.6157446842484107,8.519957532540403,9.353096008300781
3.5360215701899036,8.50807495542299,9.353096008300781
3.5360215701899036,8.50807495542299,9.353096008300781
3.5360215701899036,8.50807495542299,9.353096008300781
3.456544289177123,8.49626950105721,9.353096008300781
3.456544289177123,8.49626950105721,9.353096008300781
3.377298286280002,8.484580797786451,9.353096008300781
3.377298286280002,8.484580797786451,9.353096008300781
3.377298286280002,8.484580797786451,9.353096008300781
3.2983849546218096,8.473004724493919,9.353096008300781
3.2983849546218096,8.473004724493919,9.353096008300781
3.219907746796903,8.46159959980078,9.353096008300781
3.219907746796903,8.46159959980078,9.353096008300781
3.219907746796903,8.46159959980078,9.353096008300781
3.1418403611053,8.450340685532478,9.353096008300781
3.1418403611053,8.450340685532478,9.353096008300781
3.0641727445087463,8.439302768816818,9.353096008300781
3.0641727445087463,8.439302768816818,9.353096008300781
3.0641727445087463,8.439302768816818,9.353096008300781
2.986912456083844,8.428558385230033,9.353096008300781
2.986912456083844,8.428558385230033,9.353096008300781
2.9099021051809535,8.418063467948615,9.353096008300781
2.9099021051809535,8.418063467948615,9.353096008300781
2.9099021051809535,8.418063467948615,9.353096008300781
2.833073530257734,8.407855366244949,9.353096008300781
2.833073530257734,8.407855366244949,9.353096008300781
2.756370184325625,8.39791723568437,9.353096008300781
2.756370184325625,8.39791723568437,9.353096008300781
2.756370184325625,8.39791723568437,9.353096008300781
2.679660003265921,8.388281499751427,9.353096008300781
2.679660003265921,8.388281499751427,9.353096008300781
2.602900459767856,8.378937774584257,9.353096008300781
2.602900459767856,8.378937774584257,9.353096008300781
2.5261151413274225,8.369937860373277,9.353096008300781
2.5261151413274225,8.369937860373277,9.353096008300781
2.5261151413274225,8.369937860373277,9.353096008300781
2.449311267473174,8.361276392560278,9.353096008300781
2.449311267473174,8.361276392560278,9.353096008300781
2.449311267473174,8.361276392560278,9.353096008300781
2.3724246602407066,8.35299315459877,9.353096008300781
2.3724246602407066,8.35299315459877,9.353096008300781
2.2954041139937793,8.345074984972596,9.353096008300781
2.2954041139937793,8.345074984972596,9.353096008300781
2.2954041139937793,8.345074984972596,9.353096008300781
2.2182306692411733,8.337562496840766,9.353096008300781
2.2182306692411733,8.337562496840766,9.353096008300781
2.1409101557356416,8.330445331247814,9.353096008300781
2.1409101557356416,8.330445331247814,9.353096008300781
2.1409101557356416,8.330445331247814,9.353096008300781
2.0634247798884884,8.32376036459584,9.353096008300781
2.0634247798884884,8.32376036459584,9.353096008300781
1.9857545879746992,8.317466687707565,9.353096008300781
1.9857545879746992,8.317466687707565,9.353096008300781
1.9857545879746992,8.317466687707565,9.353096008300781
1.9078993712536187,8.31152385885119,9.353096008300781
1.9078993712536187,8.31152385885119,9.353096008300781
1.8298576406579845,8.305961290858754,9.353096008300781
1.8298576406579845,8.305961290858754,9.353096008300781
1.751626790094535,8.300753382271976,9.353096008300781
1.751626790094535,8.300753382271976,9.353096008300781
1.751626790094535,8.300753382271976,9.353096008300781
1.6732060039642858,8.295920784487478,9.353096008300781
1.6732060039642858,8.295920784487478,9.353096008300781
1.6732060039642858,8.295920784487478,9.353096008300781
1.5946220576977117,8.291432399848592,9.353096008300781
1.5946220576977117,8.291432399848592,9.353096008300781
1.5158949219629547,8.287305219653536,9.353096008300781
1.5158949219629547,8.287305219653536,9.353096008300781
1.5158949219629547,8.287305219653536,9.353096008300781
1.437020130465364,8.2835027666579,9.353096008300781
1.437020130465364,8.2835027666579,9.353096008300781
1.3579948161945938,8.280038476517397,9.353096008300781
1.3579948161945938,8.280038476517397,9.353096008300781
1.3579948161945938,8.280038476517397,9.353096008300781
1.278851985254875,8.276875812304572,9.353096008300781
1.278851985254875,8.276875812304572,9.353096008300781
1.1996140481923934,8.274029074469635,9.353096008300781
1.1996140481923934,8.274029074469635,9.353096008300781
1.1996140481923934,8.274029074469635,9.353096008300781
1.1202762406103326,8.271459960929905,9.353096008300781
1.1202762406103326,8.271459960929905,9.353096008300781
1.04083894291183,8.269182587452896,9.353096008300781
1.04083894291183,8.269182587452896,9.353096008300781
1.04083894291183,8.269182587452896,9.353096008300781
0.9613205232138852,8.267160305451675,9.353096008300781
0.9613205232138852,8.267160305451675,9.353096008300781
0.8817419292140292,8.265409337284822,9.353096008300781
0.8817419292140292,8.265409337284822,9.353096008300781
0.8817419292140292,8.265409337284822,9.353096008300781
0.8020978137155013,8.263893564665008,9.353096008300781
0.8020978137155013,8.263893564665008,9.353096008300781
0.7223809692854407,8.262630069981615,9.353096008300781
0.7223809692854407,8.262630069981615,9.353096008300781
0.6426036780622466,8.261584750549485,9.353096008300781
0.6426036780622466,8.261584750549485,9.353096008300781
0.6426036780622466,8.261584750549485,9.353096008300781
0.5627705180532094,8.260776587357958,9.353096008300781
0.5627705180532094,8.260776587357958,9.353096008300781
0.5627705180532094,8.260776587357958,9.353096008300781
0.4828811799379765,8.260172657413392,9.353096008300781
0.4828811799379765,8.260172657413392,9.353096008300781
0.40293136250329015,8.25979329114485,9.353096008300781
0.40293136250329015,8.25979329114485,9.353096008300781
0.40293136250329015,8.25979329114485,9.353096008300781
0.3229056311291399,8.259606974491646,9.353096008300781
0.3229056311291399,8.259606974491646,9.353096008300781
0.24281438706969782,8.25963514715254,9.353096008300781
0.24281438706969782,8.25963514715254,9.353096008300781
0.24281438706969782,8.25963514715254,9.353096008300781
0.16266092112873035,8.259847532611051,9.353096008300781
0.08242156452918617,8.260266513411612,9.353096008300781
0.08242156452918617,8.260266513411612,9.353096008300781
0.08242156452918617,8.260266513411612,9.353096008300781
0.00208326156859541,8.260863025176318,9.353096008300781
0.00208326156859541,8.260863025176318,9.353096008300781
0.00208326156859541,8.260863025176318,9.353096008300781
-0.07833941700190038,8.261659867202104,9.353096008300781
-0.07833941700190038,8.261659867202104,9.353096008300781
-0.07833941700190038,8.261659867202104,9.353096008300781
-0.1588385394779984,8.262628460613936,9.353096008300781
-0.1588385394779984,8.262628460613936,9.353096008300781
-0.23942844222904938,8.26379257340006,9.353096008300781
-0.23942844222904938,8.26379257340006,9.353096008300781
-0.3201222980873012,8.265124616296854,9.353096008300781
-0.3201222980873012,8.265124616296854,9.353096008300781
-0.3201222980873012,8.265124616296854,9.353096008300781
-0.4009259154592462,8.266648509223794,9.353096008300781
-0.4009259154592462,8.266648509223794,9.353096008300781
-0.4009259154592462,8.266648509223794,9.353096008300781
-0.48183216728348843,8.26833691010606,9.353096008300781
-0.48183216728348843,8.26833691010606,9.353096008300781
-0.5628378223406814,8.27021403642261,9.353096008300781
-0.5628378223406814,8.27021403642261,9.353096008300781
-0.5628378223406814,8.27021403642261,9.353096008300781
-0.6439550884832437,8.272253258511316,9.353096008300781
-0.6439550884832437,8.272253258511316,9.353096008300781
-0.725197912722748,8.274479266044448,9.353096008300781
-0.725197912722748,8.274479266044448,9.353096008300781
-0.725197912722748,8.274479266044448,9.353096008300781
-0.8065642075145709,8.276865595120233,9.353096008300781
-0.8065642075145709,8.276865595120233,9.353096008300781
-0.8880464383985079,8.279436600972042,9.353096008300781
-0.8880464383985079,8.279436600972042,9.353096008300781
-0.8880464383985079,8.279436600972042,9.353096008300781
-0.9696532272541718,8.28216627108384,9.353096008300781
-0.9696532272541718,8.28216627108384,9.353096008300781
-1.05138943787346,8.285079402569204,9.353096008300781
-1.05138943787346,8.285079402569204,9.353096008300781
-1.05138943787346,8.285079402569204,9.353096008300781
-1.133262327451946,8.28815029428027,9.353096008300781
-1.133262327451946,8.28815029428027,9.353096008300781
-1.2152739974727524,8.291403648647012,9.353096008300781
-1.2152739974727524,8.291403648647012,9.353096008300781
-1.2152739974727524,8.291403648647012,9.353096008300781
-1.2974278489950817,8.294813841255142,9.353096008300781
-1.2974278489950817,8.294813841255142,9.353096008300781
-1.3797323998770592,8.298405798306836,9.353096008300781
-1.3797323998770592,8.298405798306836,9.353096008300781
-1.3797323998770592,8.298405798306836,9.353096008300781
-1.462195488978325,8.30215429025196,9.353096008300781
-1.462195488978325,8.30215429025196,9.353096008300781
-1.544818412185916,8.30608383337911,9.353096008300781
-1.544818412185916,8.30608383337911,9.353096008300781
-1.544818412185916,8.30608383337911,9.353096008300781
-1.6276031409924623,8.310169062424315,9.353096008300781
-1.6276031409924623,8.310169062424315,9.353096008300781
-1.7105475508743282,8.314434342433271,9.353096008300781
-1.7105475508743282,8.314434342433271,9.353096008300781
-1.7105475508743282,8.314434342433271,9.353096008300781
-1.7936600260533484,8.318854701537116,9.353096008300781
-1.7936600260533484,8.318854701537116,9.353096008300781
-1.8769447034000366,8.323454728416053,9.353096008300781
-1.8769447034000366,8.323454728416053,9.353096008300781
-1.8769447034000366,8.323454728416053,9.353096008300781
-1.9604037807760488,8.328209316721752,9.353096008300781
-1.9604037807760488,8.328209316721752,9.353096008300781
-2.0440277727801126,8.333142390582756,9.353096008300781
-2.0440277727801126,8.333142390582756,9.353096008300781
-2.0440277727801126,8.333142390582756,9.353096008300781
-2.12780201103664,8.338227856190631,9.353096008300781
-2.12780201103664,8.338227856190631,9.353096008300781
-2.2117160059833125,8.343490025839632,9.353096008300781
-2.2117160059833125,8.343490025839632,9.353096008300781
-2.2117160059833125,8.343490025839632,9.353096008300781
-2.295762622594295,8.348903184891213,9.353096008300781
-2.295762622594295,8.348903184891213,9.353096008300781
-2.3799284398341998,8.354491967008702,9.353096008300781
-2.3799284398341998,8.354491967008702,9.353096008300781
-2.3799284398341998,8.354491967008702,9.353096008300781
-2.46420720638796,8.360230800035438,9.353096008300781
-2.46420720638796,8.360230800035438,9.353096008300781
-2.5485853788307455,8.366144854563561,9.353096008300781
-2.5485853788307455,8.366144854563561,9.353096008300781
-2.5485853788307455,8.366144854563561,9.353096008300781
-2.6330537464619144,8.37218294418851,9.353096008300781
-2.6330537464619144,8.37218294418851,9.353096008300781
-2.7176053013309316,8.378294366309035,9.353096008300781
-2.7176053013309316,8.378294366309035,9.353096008300781
-2.7176053013309316,8.378294366309035,9.353096008300781
-2.802226758299947,8.38450180360327,9.353096008300781
-2.802226758299947,8.38450180360327,9.353096008300781
-2.8869117971196174,8.390773139033714,9.353096008300781
-2.8869117971196174,8.390773139033714,9.353096008300781
-2.8869117971196174,8.390773139033714,9.353096008300781
-2.9716544794761144,8.397126087964887,9.353096008300781
-2.9716544794761144,8.397126087964887,9.353096008300781
-3.056446310342226,8.403523542728621,9.353096008300781
-3.056446310342226,8.403523542728621,9.353096008300781
-3.056446310342226,8.403523542728621,9.353096008300781
-3.141280924712391,8.409979818206143,9.353096008300781
-3.141280924712391,8.409979818206143,9.353096008300781
-3.226163670218544,8.41645628955879,9.353096008300781
-3.226163670218544,8.41645628955879,9.353096008300781
-3.226163670218544,8.41645628955879,9.353096008300781
-3.311086937479819,8.422965362613965,9.353096008300781
-3.311086937479819,8.422965362613965,9.353096008300781
-3.3960454057126945,8.429466208640914,9.353096008300781
-3.3960454057126945,8.429466208640914,9.353096008300781
-3.3960454057126945,8.429466208640914,9.353096008300781
-3.481033078660318,8.435970943756722,9.353096008300781
-3.481033078660318,8.435970943756722,9.353096008300781
-3.566049998113891,8.442438917864024,9.353096008300781
-3.566049998113891,8.442438917864024,9.353096008300781
-3.566049998113891,8.442438917864024,9.353096008300781
-3.651091426514728,8.448882672518566,9.353096008300781
-3.651091426514728,8.448882672518566,9.353096008300781
-3.736159029198718,8.455262142554105,9.353096008300781
-3.736159029198718,8.455262142554105,9.353096008300781
-3.736159029198718,8.455262142554105,9.353096008300781
-3.8212454250079175,8.461590515715514,9.353096008300781
-3.8212454250079175,8.461590515715514,9.353096008300781
-3.906352772791417,8.467828619598016,9.353096008300781
-3.906352772791417,8.467828619598016,9.353096008300781
-3.906352772791417,8.467828619598016,9.353096008300781
-3.991483364205211,8.473991489356688,9.353096008300781
-3.991483364205211,8.473991489356688,9.353096008300781
-4.076635871652104,8.48004090471066,9.353096008300781
-4.076635871652104,8.48004090471066,9.353096008300781
-4.076635871652104,8.48004090471066,9.353096008300781
-4.16180770324103,8.485992825380816,9.353096008300781
-4.16180770324103,8.485992825380816,9.353096008300781
-4.246998988225054,8.491810388736855,9.353096008300781
-4.246998988225054,8.491810388736855,9.353096008300781
-4.246998988225054,8.491810388736855,9.353096008300781
-4.332202635383737,8.497510627173119,9.353096008300781
-4.332202635383737,8.497510627173119,9.353096008300781
-4.417417363886504,8.503057775524967,9.353096008300781
-4.417417363886504,8.503057775524967,9.353096008300781
-4.417417363886504,8.503057775524967,9.353096008300781
-4.502644559811578,8.50847073937273,9.353096008300781
-4.502644559811578,8.50847073937273,9.353096008300781
-4.587892223207711,8.51371561088744,9.353096008300781
-4.587892223207711,8.51371561088744,9.353096008300781
-4.587892223207711,8.51371561088744,9.353096008300781
-4.673156049388902,8.518812092150474,9.353096008300781
-4.673156049388902,8.518812092150474,9.353096008300781
-4.758448756088327,8.523727770404953,9.353096008300781
-4.758448756088327,8.523727770404953,9.353096008300781
-4.758448756088327,8.523727770404953,9.353096008300781
-4.843790807043639,8.528484708558542,9.353096008300781
-4.929184019862887,8.533051451650891,9.353096008300781
-4.929184019862887,8.533051451650891,9.353096008300781
-4.929184019862887,8.533051451650891,9.353096008300781
-4.929184019862887,8.533051451650891,9.353096008300781
-5.014620559578505,8.537449614819812,9.353096008300781
-5.014620559578505,8.537449614819812,9.353096008300781
-5.1001052551283,8.54164898189597,9.353096008300781
-5.1001052551283,8.54164898189597,9.353096008300781
-5.185640312531704,8.545672708168395,9.353096008300781
-5.185640312531704,8.545672708168395,9.353096008300781
-5.185640312531704,8.545672708168395,9.353096008300781
-5.271224885541865,8.549491332774146,9.353096008300781
-5.271224885541865,8.549491332774146,9.353096008300781
-5.271224885541865,8.549491332774146,9.353096008300781
-5.356850781428669,8.553128456341211,9.353096008300781
-5.356850781428669,8.553128456341211,9.353096008300781
-5.442517210248166,8.556555288099812,9.353096008300781
-5.442517210248166,8.556555288099812,9.353096008300781
-5.528222726666138,8.559796441930532,9.353096008300781
-5.528222726666138,8.559796441930532,9.353096008300781
-5.613962531624748,8.56282351607683,9.353096008300781
-5.613962531624748,8.56282351607683,9.353096008300781
-5.613962531624748,8.56282351607683,9.353096008300781
-5.613962531624748,8.56282351607683,9.353096008300781
-5.6997361674271865,8.565661691282124,9.353096008300781
-5.6997361674271865,8.565661691282124,9.353096008300781
-5.785549857802185,8.568283375156009,9.353096008300781
-5.785549857802185,8.568283375156009,9.353096008300781
-5.785549857802185,8.568283375156009,9.353096008300781
-5.87140236089463,8.570714048644074,9.353096008300781
-5.87140236089463,8.570714048644074,9.353096008300781
-5.95729088809966,8.572926232437547,9.353096008300781
-5.95729088809966,8.572926232437547,9.353096008300781
-5.95729088809966,8.572926232437547,9.353096008300781
-6.043213750582928,8.574945753893363,9.353096008300781
-6.043213750582928,8.574945753893363,9.353096008300781
-6.1291685178389255,8.576745385941623,9.353096008300781
-6.1291685178389255,8.576745385941623,9.353096008300781
-6.1291685178389255,8.576745385941623,9.353096008300781
-6.215149463384511,8.57835114514879,9.353096008300781
-6.215149463384511,8.57835114514879,9.353096008300781
-6.301152652845284,8.57973584573112,9.353096008300781
-6.301152652845284,8.57973584573112,9.353096008300781
-6.301152652845284,8.57973584573112,9.353096008300781
-6.387174821818978,8.580925748277009,9.353096008300781
-6.387174821818978,8.580925748277009,9.353096008300781
-6.473213495606266,8.581893689949899,9.353096008300781
-6.473213495606266,8.581893689949899,9.353096008300781
-6.473213495606266,8.581893689949899,9.353096008300781
-6.559265309520452,8.5826660189715,9.353096008300781
-6.559265309520452,8.5826660189715,9.353096008300781
-6.645327882910584,8.583215526100162,9.353096008300781
-6.645327882910584,8.583215526100162,9.353096008300781
-6.645327882910584,8.583215526100162,9.353096008300781
-6.731398742625818,8.58356861193784,9.353096008300781
-6.731398742625818,8.58356861193784,9.353096008300781
-6.8174778391896815,8.583698024857929,9.353096008300781
-6.8174778391896815,8.583698024857929,9.353096008300781
-6.8174778391896815,8.583698024857929,9.353096008300781
-6.903565963596532,8.583630157580055,9.353096008300781
-6.903565963596532,8.583630157580055,9.353096008300781
-6.989663273715456,8.58333777409468,9.353096008300781
-6.989663273715456,8.58333777409468,9.353096008300781
-6.989663273715456,8.58333777409468,9.353096008300781
-7.07576961514079,8.582847260464002,9.353096008300781
-7.07576961514079,8.582847260464002,9.353096008300781
-7.161886369594393,8.582131415864987,9.353096008300781
-7.161886369594393,8.582131415864987,9.353096008300781
-7.248015598454886,8.58121661417633,9.353096008300781
-7.248015598454886,8.58121661417633,9.353096008300781
-7.248015598454886,8.58121661417633,9.353096008300781
-7.334157321113021,8.580075771797492,9.353096008300781
-7.334157321113021,8.580075771797492,9.353096008300781
-7.334157321113021,8.580075771797492,9.353096008300781
-7.420310535963766,8.578735350607396,9.353096008300781
-7.420310535963766,8.578735350607396,9.353096008300781
-7.506470527383612,8.577168388645712,9.353096008300781
-7.506470527383612,8.577168388645712,9.353096008300781
-7.506470527383612,8.577168388645712,9.353096008300781
-7.592640680490331,8.575427693640753,9.353096008300781
-7.592640680490331,8.575427693640753,9.353096008300781
-7.678827095656066,8.573565074733029,9.353096008300781
-7.678827095656066,8.573565074733029,9.353096008300781
-7.678827095656066,8.573565074733029,9.353096008300781
-7.765029122698312,8.571556678881057,9.353096008300781
-7.765029122698312,8.571556678881057,9.353096008300781
-7.851245637527541,8.569435827078376,9.353096008300781
-7.851245637527541,8.569435827078376,9.353096008300781
-7.851245637527541,8.569435827078376,9.353096008300781
-7.937474947835961,8.56718537503559,9.353096008300781
-7.937474947835961,8.56718537503559,9.353096008300781
-8.023718420752843,8.564843865093934,9.353096008300781
-8.023718420752843,8.564843865093934,9.353096008300781
-8.023718420752843,8.564843865093934,9.353096008300781
-8.109978195641183,8.562398130457215,9.353096008300781
-8.109978195641183,8.562398130457215,9.353096008300781
-8.196257219692221,8.559889721925439,9.353096008300781
-8.196257219692221,8.559889721925439,9.353096008300781
-8.196257219692221,8.559889721925439,9.353096008300781
-8.282554295577368,8.557307878393724,9.353096008300781
-8.282554295577368,8.557307878393724,9.353096008300781
-8.368870708946606,8.554695680146223,9.353096008300781
-8.368870708946606,8.554695680146223,9.353096008300781
-8.368870708946606,8.554695680146223,9.353096008300781
-8.455206224226458,8.552043131341025,9.353096008300781
-8.455206224226458,8.552043131341025,9.353096008300781
-8.541562601707312,8.54939355640536,9.353096008300781
-8.541562601707312,8.54939355640536,9.353096008300781
-8.541562601707312,8.54939355640536,9.353096008300781
-8.62794346201955,8.54673666460717,9.353096008300781
-8.62794346201955,8.54673666460717,9.353096008300781
-8.71435399455189,8.544115037934896,9.353096008300781
-8.71435399455189,8.544115037934896,9.353096008300781
-8.71435399455189,8.544115037934896,9.353096008300781
-8.80079434682813,8.541517724112005,9.353096008300781
-8.80079434682813,8.541517724112005,9.353096008300781
-8.887263427151078,8.538986389445139,9.353096008300781
-8.887263427151078,8.538986389445139,9.353096008300781
-8.887263427151078,8.538986389445139,9.353096008300781
-8.973760854686134,8.536508783685578,9.353096008300781
-8.973760854686134,8.536508783685578,9.353096008300781
-9.060292215377967,8.534124936192923,9.353096008300781
-9.060292215377967,8.534124936192923,9.353096008300781
-9.060292215377967,8.534124936192923,9.353096008300781
-9.146861368631464,8.531821026072198,9.353096008300781
-9.146861368631464,8.531821026072198,9.353096008300781
-9.233467126721582,8.529635599454878,9.353096008300781
-9.233467126721582,8.529635599454878,9.353096008300781
-9.233467126721582,8.529635599454878,9.353096008300781
-9.32010720657897,8.527553359970332,9.353096008300781
-9.32010720657897,8.527553359970332,9.353096008300781
-9.406785916815734,8.525611100949929,9.353096008300781
-9.406785916815734,8.525611100949929,9.353096008300781
-9.406785916815734,8.525611100949929,9.353096008300781
-9.493506101146457,8.523791834463996,9.353096008300781
-9.493506101146457,8.523791834463996,9.353096008300781
-9.580271944796278,8.52213068112335,9.353096008300781
-9.580271944796278,8.52213068112335,9.353096008300781
-9.580271944796278,8.52213068112335,9.353096008300781
-9.66708555710508,8.520609179965959,9.353096008300781
-9.66708555710508,8.520609179965959,9.353096008300781
-9.753947399005789,8.519260933129159,9.353096008300781
-9.753947399005789,8.519260933129159,9.353096008300781
-9.753947399005789,8.519260933129159,9.353096008300781
-9.840859104747668,8.518066060170064,9.353096008300781
-9.840859104747668,8.518066060170064,9.353096008300781
-9.92782167480199,8.517056724598053,9.353096008300781
-9.92782167480199,8.517056724598053,9.353096008300781
-9.92782167480199,8.517056724598053,9.353096008300781
-10.014828161435563,8.51621181654101,9.353096008300781
-10.014828161435563,8.51621181654101,9.353096008300781
-10.101868810149847,8.51556251871756,9.353096008300781
-10.101868810149847,8.51556251871756,9.353096008300781
-10.101868810149847,8.51556251871756,9.353096008300781
-10.188907398446394,8.515086482990075,9.353096008300781
-10.188907398446394,8.515086482990075,9.353096008300781
-10.275877252254887,8.51481515282455,9.353096008300781
-10.275877252254887,8.51481515282455,9.353096008300781
-10.275877252254887,8.51481515282455,9.353096008300781
-10.362699876541036,8.514695630701118,9.353096008300781
-10.362699876541036,8.514695630701118,9.353096008300781
-10.449296873763505,8.514674363658607,9.353096008300781
-10.449296873763505,8.514674363658607,9.353096008300781
-10.449296873763505,8.514674363658607,9.353096008300781
-10.535713362240916,8.514784391449657,9.353096008300781
-10.535713362240916,8.514784391449657,9.353096008300781
-10.621963902946854,8.514995670180356,9.353096008300781
-10.621963902946854,8.514995670180356,9.353096008300781
-10.621963902946854,8.514995670180356,9.353096008300781
-10.707785799732767,8.515360343729043,9.353096008300781
-10.707785799732767,8.515360343729043,9.353096008300781
-10.792975226066059,8.51593195404108,9.353096008300781
-10.792975226066059,8.51593195404108,9.353096008300781
-10.877511415145385,8.516669379290853,9.353096008300781
-10.877511415145385,8.516669379290853,9.353096008300781
-10.877511415145385,8.516669379290853,9.353096008300781
-10.961390877824995,8.517605089927686,9.353096008300781
-10.961390877824995,8.517605089927686,9.353096008300781
-10.961390877824995,8.517605089927686,9.353096008300781
-11.044600216075462,8.518705593530571,9.353096008300781
-11.127150053748144,8.52001051345101,9.353096008300781
-11.127150053748144,8.52001051345101,9.353096008300781
-11.127150053748144,8.52001051345101,9.353096008300781
-11.127150053748144,8.52001051345101,9.353096008300781
-11.209079730628396,8.521460182084367,9.353096008300781
-11.29038185440019,8.523000515371756,9.353096008300781
-11.29038185440019,8.523000515371756,9.353096008300781
-11.29038185440019,8.523000515371756,9.353096008300781
-11.29038185440019,8.523000515371756,9.353096008300781
-11.371014276948053,8.524674603400118,9.353096008300781
-11.371014276948053,8.524674603400118,9.353096008300781
-11.451032461285665,8.526458665071912,9.353096008300781
-11.451032461285665,8.526458665071912,9.353096008300781
-11.451032461285665,8.526458665071912,9.353096008300781
-11.530493595854734,8.52839423902712,9.353096008300781
-11.530493595854734,8.52839423902712,9.353096008300781
-11.609692442923281,8.53046783235919,9.353096008300781
-11.609692442923281,8.53046783235919,9.353096008300781
-11.609692442923281,8.53046783235919,9.353096008300781
-11.688484714222861,8.532699202958451,9.353096008300781
-11.688484714222861,8.532699202958451,9.353096008300781
-11.766365253736591,8.535019854049013,9.353096008300781
-11.766365253736591,8.535019854049013,9.353096008300781
-11.843290667825787,8.53746001650453,9.353096008300781
-11.843290667825787,8.53746001650453,9.353096008300781
-11.843290667825787,8.53746001650453,9.353096008300781
-11.919263315509925,8.539940052121835,9.353096008300781
-11.919263315509925,8.539940052121835,9.353096008300781
-11.919263315509925,8.539940052121835,9.353096008300781
-11.99428546997151,8.542389037284108,9.353096008300781
-11.99428546997151,8.542389037284108,9.353096008300781
-12.068355889878207,8.544844710862396,9.353096008300781
-12.068355889878207,8.544844710862396,9.353096008300781
-12.068355889878207,8.544844710862396,9.353096008300781
-12.141477231232997,8.547226127294952,9.353096008300781
-12.141477231232997,8.547226127294952,9.353096008300781
-12.213652993415947,8.549419730028514,9.353096008300781
-12.213652993415947,8.549419730028514,9.353096008300781
-12.213652993415947,8.549419730028514,9.353096008300781
-12.284885904321849,8.55131238694613,9.353096008300781
-12.284885904321849,8.55131238694613,9.353096008300781
-12.355177439351193,8.552786452101644,9.353096008300781
-12.355177439351193,8.552786452101644,9.353096008300781
-12.355177439351193,8.552786452101644,9.353096008300781
-12.42452667935561,8.553752666909102,9.353096008300781
-12.42452667935561,8.553752666909102,9.353096008300781
-12.492930057228158,8.554214142212919,9.353096008300781
-12.492930057228158,8.554214142212919,9.353096008300781
-12.492930057228158,8.554214142212919,9.353096008300781
-12.560383631717077,8.554042393199685,9.353096008300781
-12.560383631717077,8.554042393199685,9.353096008300781
-12.626879080617465,8.553067173829332,9.353096008300781
-12.626879080617465,8.553067173829332,9.353096008300781
-12.626879080617465,8.553067173829332,9.353096008300781
-12.692402482720416,8.551148488794368,9.353096008300781
-12.692402482720416,8.551148488794368,9.353096008300781
-12.756937293314344,8.548239807275499,9.353096008300781
-12.756937293314344,8.548239807275499,9.353096008300781
-12.756937293314344,8.548239807275499,9.353096008300781
-12.820455633813069,8.544164539720425,9.353096008300781
-12.820455633813069,8.544164539720425,9.353096008300781
-12.882918530540158,8.538743763785511,9.353096008300781
-12.882918530540158,8.538743763785511,9.353096008300781
-12.882918530540158,8.538743763785511,9.353096008300781
-12.944284125932075,8.531897403592655,9.353096008300781
-12.944284125932075,8.531897403592655,9.353096008300781
-13.004490387148094,8.523457768454438,9.353096008300781
-13.004490387148094,8.523457768454438,9.353096008300781
-13.063469833742037,8.513325764611833,9.353096008300781
-13.063469833742037,8.513325764611833,9.353096008300781
-13.063469833742037,8.513325764611833,9.353096008300781
-13.121125741607093,8.501324032431782,9.353096008300781
-13.121125741607093,8.501324032431782,9.353096008300781
-13.121125741607093,8.501324032431782,9.353096008300781
-13.177364996708434,8.48738686844207,9.353096008300781
-13.177364996708434,8.48738686844207,9.353096008300781
-13.232087869712311,8.471475858563407,9.353096008300781
-13.232087869712311,8.471475858563407,9.353096008300781
-13.232087869712311,8.471475858563407,9.353096008300781
-13.28516940630182,8.453517106146174,9.353096008300781
-13.28516940630182,8.453517106146174,9.353096008300781
-13.336417347448648,8.433318500394233,9.353096008300781
-13.336417347448648,8.433318500394233,9.353096008300781
-13.336417347448648,8.433318500394233,9.353096008300781
-13.385612711724118,8.41073138964367,9.353096008300781
-13.385612711724118,8.41073138964367,9.353096008300781
-13.43257237559153,8.385770679435495,9.353096008300781
-13.43257237559153,8.385770679435495,9.353096008300781
-13.43257237559153,8.385770679435495,9.353096008300781
-13.477449505922223,8.357775460257713,9.353096008300781
-13.477449505922223,8.357775460257713,9.353096008300781
-13.520452082478853,8.326082986572844,9.353096008300781
-13.520452082478853,8.326082986572844,9.353096008300781
-13.520452082478853,8.326082986572844,9.353096008300781
-13.561614469813653,8.290808832074251,9.353096008300781
-13.561614469813653,8.290808832074251,9.353096008300781
-13.60105037097575,8.25226777681147,9.353096008300781
-13.60105037097575,8.25226777681147,9.353096008300781
-13.60105037097575,8.25226777681147,9.353096008300781
-13.638913649134823,8.210879120731759,9.353096008300781
-13.638913649134823,8.210879120731759,9.353096008300781
-13.675359626572385,8.167073689265418,9.353096008300781
-13.675359626572385,8.167073689265418,9.353096008300781
-13.675359626572385,8.167073689265418,9.353096008300781
-13.71044329389469,8.12128438371024,9.353096008300781
-13.71044329389469,8.12128438371024,9.353096008300781
-13.744227878372158,8.07393567512781,9.353096008300781
-13.744227878372158,8.07393567512781,9.353096008300781
-13.744227878372158,8.07393567512781,9.353096008300781
-13.776617592074198,8.025475198637595,9.353096008300781
-13.776617592074198,8.025475198637595,9.353096008300781
-13.807348253958526,7.976508331344145,9.353096008300781
-13.807348253958526,7.976508331344145,9.353096008300781
-13.807348253958526,7.976508331344145,9.353096008300781
-13.836378677771677,7.927535547203993,9.353096008300781
-13.836378677771677,7.927535547203993,9.353096008300781
-13.863764199780066,7.878711750818119,9.353096008300781
-13.863764199780066,7.878711750818119,9.353096008300781
-13.863764199780066,7.878711750818119,9.353096008300781
-13.889529990980492,7.83008785765263,9.353096008300781
-13.889529990980492,7.83008785765263,9.353096008300781
-13.913698324531218,7.7817111840259745,9.353096008300781
-13.913698324531218,7.7817111840259745,9.353096008300781
-13.913698324531218,7.7817111840259745,9.353096008300781
-13.936352618994547,7.733656563725425,9.353096008300781
-13.936352618994547,7.733656563725425,9.353096008300781
-13.957476582014326,7.685948117410478,9.353096008300781
-13.957476582014326,7.685948117410478,9.353096008300781
-13.957476582014326,7.685948117410478,9.353096008300781
-13.977100425042044,7.638631300126236,9.353096008300781
-13.977100425042044,7.638631300126236,9.353096008300781
-13.995271426074556,7.591222907488575,9.353096008300781
-13.995271426074556,7.591222907488575,9.353096008300781
-13.995271426074556,7.591222907488575,9.353096008300781
-14.012105906327252,7.543176900520279,9.353096008300781
-14.012105906327252,7.543176900520279,9.353096008300781
-14.027609082607697,7.49435086415493,9.353096008300781
-14.027609082607697,7.49435086415493,9.353096008300781
-14.027609082607697,7.49435086415493,9.353096008300781
-14.04186044189525,7.44463817946114,9.353096008300781
-14.04186044189525,7.44463817946114,9.353096008300781
-14.054915255467344,7.393969559614967,9.353096008300781
-14.054915255467344,7.393969559614967,9.353096008300781
-14.054915255467344,7.393969559614967,9.353096008300781
-14.066887640238704,7.342351226130975,9.353096008300781
-14.077890881755858,7.289819949241311,9.353096008300781
-14.077890881755858,7.289819949241311,9.353096008300781
-14.077890881755858,7.289819949241311,9.353096008300781
-14.077890881755858,7.289819949241311,9.353096008300781
-14.087981187341725,7.236417083308624,9.353096008300781
-14.087981187341725,7.236417083308624,9.353096008300781
-14.097259610543619,7.182231276459552,9.353096008300781
-14.097259610543619,7.182231276459552,9.353096008300781
-14.097259610543619,7.182231276459552,9.353096008300781
-14.105812305263099,7.127397673842518,9.353096008300781
-14.105812305263099,7.127397673842518,9.353096008300781
-14.113680011250608,7.071951452837363,9.353096008300781
-14.113680011250608,7.071951452837363,9.353096008300781
-14.113680011250608,7.071951452837363,9.353096008300781
-14.12095074792232,7.015880451248617,9.353096008300781
-14.12095074792232,7.015880451248617,9.353096008300781
-14.127652913236382,6.959223745317196,9.353096008300781
-14.127652913236382,6.959223745317196,9.353096008300781
-14.127652913236382,6.959223745317196,9.353096008300781
-14.133850726257094,6.902018353391157,9.353096008300781
-14.133850726257094,6.902018353391157,9.353096008300781
-14.139560490554782,6.844291722889674,9.353096008300781
-14.139560490554782,6.844291722889674,9.353096008300781
-14.139560490554782,6.844291722889674,9.353096008300781
-14.144834471624328,6.786074117380032,9.353096008300781
-14.144834471624328,6.786074117380032,9.353096008300781
-14.149677150776041,6.727382251116477,9.353096008300781
-14.149677150776041,6.727382251116477,9.353096008300781
-14.149677150776041,6.727382251116477,9.353096008300781
-14.154131308105145,6.6682305032482905,9.353096008300781
-14.154131308105145,6.6682305032482905,9.353096008300781
-14.15818849757397,6.608647225271896,9.353096008300781
-14.15818849757397,6.608647225271896,9.353096008300781
-14.15818849757397,6.608647225271896,9.353096008300781
-14.16188005417051,6.548660864227246,9.353096008300781
-14.16188005417051,6.548660864227246,9.353096008300781
-14.165191941179476,6.488268836331773,9.353096008300781
-14.165191941179476,6.488268836331773,9.353096008300781
-14.165191941179476,6.488268836331773,9.353096008300781
-14.168151692843153,6.427465064911023,9.353096008300781
-14.168151692843153,6.427465064911023,9.353096008300781
-14.170740395841364,6.366230103449879,9.353096008300781
-14.170740395841364,6.366230103449879,9.353096008300781
-14.170740395841364,6.366230103449879,9.353096008300781
-14.172983830439945,6.30450815373597,9.353096008300781
-14.172983830439945,6.30450815373597,9.353096008300781
-14.174865012994692,6.242224761048502,9.353096008300781
-14.174865012994692,6.242224761048502,9.353096008300781
-14.174865012994692,6.242224761048502,9.353096008300781
-14.17640511322394,6.179334092715118,9.353096008300781
-14.177582321687188,6.115829273109278,9.353096008300781
-14.177582321687188,6.115829273109278,9.353096008300781
-14.177582321687188,6.115829273109278,9.353096008300781
-14.178433114333826,6.051712686052939,9.353096008300781
-14.178433114333826,6.051712686052939,9.353096008300781
-14.178996015868984,5.9869470763292725,9.353096008300781
-14.178996015868984,5.9869470763292725,9.353096008300781
-14.178996015868984,5.9869470763292725,9.353096008300781
-14.178996015868984,5.9869470763292725,9.353096008300781
-14.179254511957899,5.9214862464689135,9.353096008300781
-14.179254511957899,5.9214862464689135,9.353096008300781
-14.179230894134092,5.855332792704663,9.353096008300781
-14.179230894134092,5.855332792704663,9.353096008300781
-14.179230894134092,5.855332792704663,9.353096008300781
-14.178910762377672,5.788505963119203,9.353096008300781
-14.178910762377672,5.788505963119203,9.353096008300781
-14.178318502523458,5.721016682552912,9.353096008300781
-14.178318502523458,5.721016682552912,9.353096008300781
-14.177440208869985,5.652889218161394,9.353096008300781
-14.177440208869985,5.652889218161394,9.353096008300781
-14.177440208869985,5.652889218161394,9.353096008300781
-14.176300163349387,5.58416252338695,9.353096008300781
-14.176300163349387,5.58416252338695,9.353096008300781
-14.176300163349387,5.58416252338695,9.353096008300781
-14.174882523167817,5.5148740562964536,9.353096008300781
-14.174882523167817,5.5148740562964536,9.353096008300781
-14.173211147104885,5.445044823477196,9.353096008300781
-14.173211147104885,5.445044823477196,9.353096008300781
-14.173211147104885,5.445044823477196,9.353096008300781
-14.171268173216676,5.374686605131961,9.353096008300781
-14.171268173216676,5.374686605131961,9.353096008300781
-14.169075891630532,5.303803264714552,9.353096008300781
-14.169075891630532,5.303803264714552,9.353096008300781
-14.169075891630532,5.303803264714552,9.353096008300781
-14.166614404644957,5.232398898419845,9.353096008300781
-14.166614404644957,5.232398898419845,9.353096008300781
-14.163904105431266,5.160462215297346,9.353096008300781
-14.163904105431266,5.160462215297346,9.353096008300781
-14.163904105431266,5.160462215297346,9.353096008300781
-14.16092366259385,5.087985976824077,9.353096008300781
-14.16092366259385,5.087985976824077,9.353096008300781
-14.157712037015989,5.014962349141767,9.353096008300781
-14.157712037015989,5.014962349141767,9.353096008300781
-14.157712037015989,5.014962349141767,9.353096008300781
-14.154308284354578,4.941378570992979,9.353096008300781
-14.150694086355657,4.867243168246953,9.353096008300781
-14.150694086355657,4.867243168246953,9.353096008300781
-14.150694086355657,4.867243168246953,9.353096008300781
-14.146893628914693,4.792563653011294,9.353096008300781
-14.146893628914693,4.792563653011294,9.353096008300781
-14.146893628914693,4.792563653011294,9.353096008300781
-14.142891533281164,4.7173417469142,9.353096008300781
-14.142891533281164,4.7173417469142,9.353096008300781
-14.142891533281164,4.7173417469142,9.353096008300781
-14.138714635298388,4.641587924506675,9.353096008300781
-14.138714635298388,4.641587924506675,9.353096008300781
-14.134349746444732,4.565325567012017,9.353096008300781
-14.134349746444732,4.565325567012017,9.353096008300781
-14.134349746444732,4.565325567012017,9.353096008300781
-14.12982535336569,4.488576750303945,9.353096008300781
-14.12982535336569,4.488576750303945,9.353096008300781
-14.125127419870626,4.411357193125302,9.353096008300781
-14.125127419870626,4.411357193125302,9.353096008300781
-14.120283979636284,4.3336804868073,9.353096008300781
-14.120283979636284,4.3336804868073,9.353096008300781
-14.115280356195402,4.255574112641929,9.353096008300781
-14.115280356195402,4.255574112641929,9.353096008300781
-14.115280356195402,4.255574112641929,9.353096008300781
-14.11014440990339,4.177059482377073,9.353096008300781
-14.11014440990339,4.177059482377073,9.353096008300781
-14.11014440990339,4.177059482377073,9.353096008300781
-14.104858948400524,4.098150014709592,9.353096008300781
-14.104858948400524,4.098150014709592,9.353096008300781
-14.104858948400524,4.098150014709592,9.353096008300781
-14.099450368239445,4.01885830743164,9.353096008300781
-14.09390008617112,3.939204160672282,9.353096008300781
-14.09390008617112,3.939204160672282,9.353096008300781
-14.09390008617112,3.939204160672282,9.353096008300781
-14.088255922982272,3.859197796085645,9.353096008300781
-14.088255922982272,3.859197796085645,9.353096008300781
-14.08256444278539,3.7788342036257085,9.353096008300781
-14.08256444278539,3.7788342036257085,9.353096008300781
-14.08256444278539,3.7788342036257085,9.353096008300781
-14.08256444278539,3.7788342036257085,9.353096008300781
-14.076807612288684,3.6981168764945442,9.353096008300781
-14.076807612288684,3.6981168764945442,9.353096008300781
-14.071015455667991,3.6170511293543073,9.353096008300781
-14.071015455667991,3.6170511293543073,9.353096008300781
-14.071015455667991,3.6170511293543073,9.353096008300781
-14.065151555993555,3.535646507398899,9.353096008300781
-14.065151555993555,3.535646507398899,9.353096008300781
-14.059180648923475,3.4539208416150573,9.353096008300781
-14.059180648923475,3.4539208416150573,9.353096008300781
-14.059180648923475,3.4539208416150573,9.353096008300781
-14.053134205382019,3.371899042451359,9.353096008300781
-14.053134205382019,3.371899042451359,9.353096008300781
-14.04699533864588,3.2896207411233243,9.353096008300781
-14.04699533864588,3.2896207411233243,9.353096008300781
-14.04699533864588,3.2896207411233243,9.353096008300781
-14.040792356165417,3.207118625543712,9.353096008300781
-14.040792356165417,3.207118625543712,9.353096008300781
-14.034503269680316,3.1244242160523648,9.353096008300781
-14.034503269680316,3.1244242160523648,9.353096008300781
-14.034503269680316,3.1244242160523648,9.353096008300781
-14.028154394149047,3.0415774932957373,9.353096008300781
-14.028154394149047,3.0415774932957373,9.353096008300781
-14.02172025307243,2.9586124005217793,9.353096008300781
-14.02172025307243,2.9586124005217793,9.353096008300781
-14.02172025307243,2.9586124005217793,9.353096008300781
-14.015223330828091,2.8755358188900146,9.353096008300781
-14.015223330828091,2.8755358188900146,9.353096008300781
-14.008634781251097,2.7923663217308268,9.353096008300781
-14.008634781251097,2.7923663217308268,9.353096008300781
-14.008634781251097,2.7923663217308268,9.353096008300781
-14.001976301169238,2.7091176940169897,9.353096008300781
-14.001976301169238,2.7091176940169897,9.353096008300781
-13.995216790392735,2.625798535270417,9.353096008300781
-13.995216790392735,2.625798535270417,9.353096008300781
-13.995216790392735,2.625798535270417,9.353096008300781
-13.988376517661976,2.5424126381362178,9.353096008300781
-13.988376517661976,2.5424126381362178,9.353096008300781
-13.981423948009821,2.4589730781803896,9.353096008300781
-13.981423948009821,2.4589730781803896,9.353096008300781
-13.981423948009821,2.4589730781803896,9.353096008300781
-13.97437959297598,2.375488803208983,9.353096008300781
-13.97437959297598,2.375488803208983,9.353096008300781
-13.967210411585574,2.29195841401825,9.353096008300781
-13.967210411585574,2.29195841401825,9.353096008300781
-13.967210411585574,2.29195841401825,9.353096008300781
-13.959935019686377,2.2083682175243236,9.353096008300781
-13.959935019686377,2.2083682175243236,9.353096008300781
-13.95252107954072,2.124721050636109,9.353096008300781
-13.95252107954072,2.124721050636109,9.353096008300781
-13.95252107954072,2.124721050636109,9.353096008300781
-13.944989394152305,2.0410253443809436,9.353096008300781
-13.944989394152305,2.0410253443809436,9.353096008300781
-13.937308765642529,1.9572938156628403,9.353096008300781
-13.937308765642529,1.9572938156628403,9.353096008300781
-13.937308765642529,1.9572938156628403,9.353096008300781
-13.929494581078664,1.8734706553872276,9.353096008300781
-13.929494581078664,1.8734706553872276,9.353096008300781
-13.9215115630287,1.7895064228706212,9.353096008300781
-13.9215115630287,1.7895064228706212,9.353096008300781
-13.91338189624519,1.705418208681294,9.353096008300781
-13.91338189624519,1.705418208681294,9.353096008300781
-13.905078710269981,1.6212359815338897,9.353096008300781
-13.905078710269981,1.6212359815338897,9.353096008300781
-13.905078710269981,1.6212359815338897,9.353096008300781
-13.905078710269981,1.6212359815338897,9.353096008300781
-13.896627463258373,1.5369938926492093,9.353096008300781
-13.896627463258373,1.5369938926492093,9.353096008300781
-13.888029007178083,1.4530150036670808,9.353096008300781
-13.888029007178083,1.4530150036670808,9.353096008300781
-13.879363609602931,1.369795437226965,9.353096008300781
-13.879363609602931,1.369795437226965,9.353096008300781
-13.879363609602931,1.369795437226965,9.353096008300781
-13.870575901046816,1.2875450740269296,9.353096008300781
-13.870575901046816,1.2875450740269296,9.353096008300781
-13.870575901046816,1.2875450740269296,9.353096008300781
-13.861592444373782,1.20627258747248,9.353096008300781
-13.852444462620847,1.1259755398978115,9.353096008300781
-13.852444462620847,1.1259755398978115,9.353096008300781
-13.852444462620847,1.1259755398978115,9.353096008300781
-13.852444462620847,1.1259755398978115,9.353096008300781
-13.843042224225421,1.0466654984267134,9.353096008300781
-13.843042224225421,1.0466654984267134,9.353096008300781
-13.83326018631512,0.9683597798852338,9.353096008300781
-13.83326018631512,0.9683597798852338,9.353096008300781
-13.83326018631512,0.9683597798852338,9.353096008300781
-13.82300685217256,0.8910736302655207,9.353096008300781
-13.82300685217256,0.8910736302655207,9.353096008300781
-13.812287687916925,0.8148109794869616,9.353096008300781
-13.812287687916925,0.8148109794869616,9.353096008300781
-13.812287687916925,0.8148109794869616,9.353096008300781
-13.800981541503292,0.7395948306774341,9.353096008300781
-13.800981541503292,0.7395948306774341,9.353096008300781
-13.788927421222468,0.665458439364162,9.353096008300781
-13.788927421222468,0.665458439364162,9.353096008300781
-13.788927421222468,0.665458439364162,9.353096008300781
-13.7759950354098,0.592435907804899,9.353096008300781
-13.7759950354098,0.592435907804899,9.353096008300781
-13.762147435641563,0.5205497893458311,9.353096008300781
-13.762147435641563,0.5205497893458311,9.353096008300781
-13.762147435641563,0.5205497893458311,9.353096008300781
-13.747256001034707,0.4498443968234886,9.353096008300781
-13.747256001034707,0.4498443968234886,9.353096008300781
-13.731253802956065,0.38035788033936435,9.353096008300781
-13.731253802956065,0.38035788033936435,9.353096008300781
-13.731253802956065,0.38035788033936435,9.353096008300781
-13.713953641729942,0.31216431274599676,9.353096008300781
-13.713953641729942,0.31216431274599676,9.353096008300781
-13.695171005245816,0.24535178761021398,9.353096008300781
-13.695171005245816,0.24535178761021398,9.353096008300781
-13.695171005245816,0.24535178761021398,9.353096008300781
-13.674821907135785,0.17999541401633928,9.353096008300781
-13.674821907135785,0.17999541401633928,9.353096008300781
-13.652741959082233,0.1162093868741365,9.353096008300781
-13.652741959082233,0.1162093868741365,9.353096008300781
-13.652741959082233,0.1162093868741365,9.353096008300781
-13.628836271911217,0.05410354435423489,9.353096008300781
-13.628836271911217,0.05410354435423489,9.353096008300781
-13.602939627215601,-0.0061643244216171775,9.353096008300781
-13.602939627215601,-0.0061643244216171775,9.353096008300781
-13.602939627215601,-0.0061643244216171775,9.353096008300781
-13.574996251918337,-0.06445755429915659,9.353096008300781
-13.574996251918337,-0.06445755429915659,9.353096008300781
-13.544948179298038,-0.12061689877261256,9.353096008300781
-13.544948179298038,-0.12061689877261256,9.353096008300781
-13.544948179298038,-0.12061689877261256,9.353096008300781
-13.512655445486782,-0.17440875591164498,9.353096008300781
-13.512655445486782,-0.17440875591164498,9.353096008300781
-13.477431704822179,-0.22594574554428165,9.353096008300781
-13.477431704822179,-0.22594574554428165,9.353096008300781
-13.477431704822179,-0.22594574554428165,9.353096008300781
-13.438719375024835,-0.27529678719522055,9.353096008300781
-13.438719375024835,-0.27529678719522055,9.353096008300781
-13.39655289567858,-0.3222962688527015,9.353096008300781
-13.39655289567858,-0.3222962688527015,9.353096008300781
-13.39655289567858,-0.3222962688527015,9.353096008300781
-13.350989256936977,-0.36700158419348206,9.353096008300781
-13.350989256936977,-0.36700158419348206,9.353096008300781
-13.30229210944855,-0.40953244527054206,9.353096008300781
-13.30229210944855,-0.40953244527054206,9.353096008300781
-13.30229210944855,-0.40953244527054206,9.353096008300781
-13.250842048133407,-0.45003646869225317,9.353096008300781
-13.250842048133407,-0.45003646869225317,9.353096008300781
-13.197020574652887,-0.4886913369848822,9.353096008300781
-13.197020574652887,-0.4886913369848822,9.353096008300781
-13.197020574652887,-0.4886913369848822,9.353096008300781
-13.141185637701778,-0.5256353833134659,9.353096008300781
-13.141185637701778,-0.5256353833134659,9.353096008300781
-13.083776010120992,-0.5609657662928218,9.353096008300781
-13.083776010120992,-0.5609657662928218,9.353096008300781
-13.083776010120992,-0.5609657662928218,9.353096008300781
-13.025383947609779,-0.5945254339220941,9.353096008300781
-13.025383947609779,-0.5945254339220941,9.353096008300781
-12.966667627051763,-0.626094938749858,9.353096008300781
-12.966667627051763,-0.626094938749858,9.353096008300781
-12.966667627051763,-0.626094938749858,9.353096008300781
-12.908029728797581,-0.6557598037538399,9.353096008300781
-12.908029728797581,-0.6557598037538399,9.353096008300781
-12.849562294555986,-0.6836145762680752,9.353096008300781
-12.849562294555986,-0.6836145762680752,9.353096008300781
-12.79131314463591,-0.7096738121054997,9.353096008300781
-12.79131314463591,-0.7096738121054997,9.353096008300781
-12.79131314463591,-0.7096738121054997,9.353096008300781
-12.733312657878223,-0.7339123453487132,9.353096008300781
-12.733312657878223,-0.7339123453487132,9.353096008300781
-12.733312657878223,-0.7339123453487132,9.353096008300781
-12.733161740650566,-0.733912339215329,9.353096008300781
-12.732384406234594,-0.7339121172121753,9.353096008300781
-12.732384406234594,-0.7339121172121753,9.353096008300781
-12.732384406234594,-0.7339121172121753,9.353096008300781
-12.730656072824038,-0.7339103072911943,9.353096008300781
-12.730656072824038,-0.7339103072911943,9.353096008300781
-12.727976747834521,-0.7339033617563516,9.353096008300781
-12.727976747834521,-0.7339033617563516,9.353096008300781
-12.727976747834521,-0.7339033617563516,9.353096008300781
-12.724346462396609,-0.7338847813681256,9.353096008300781
-12.724346462396609,-0.7338847813681256,9.353096008300781
-12.724346462396609,-0.7338847813681256,9.353096008300781
-12.719765302513556,-0.7338451165781893,9.353096008300781
-12.719765302513556,-0.7338451165781893,9.353096008300781
-12.719765302513556,-0.7338451165781893,9.353096008300781
-12.714251580806796,-0.733432971188184,9.353096008300781
-12.714251580806796,-0.733432971188184,9.353096008300781
-12.707807047155644,-0.7327314313114007,9.353096008300781
-12.707807047155644,-0.7327314313114007,9.353096008300781
-12.707807047155644,-0.7327314313114007,9.353096008300781
-12.700430098405018,-0.7318101538630652,9.353096008300781
-12.700430098405018,-0.7318101538630652,9.353096008300781
-12.692116347258446,-0.7307169913677869,9.353096008300781
-12.692116347258446,-0.7307169913677869,9.353096008300781
-12.692116347258446,-0.7307169913677869,9.353096008300781
-12.682868150335729,-0.7294372589201384,9.353096008300781
-12.682868150335729,-0.7294372589201384,9.353096008300781
-12.672684701909875,-0.727979071303323,9.353096008300781
-12.672684701909875,-0.727979071303323,9.353096008300781
-12.672684701909875,-0.727979071303323,9.353096008300781
-12.661569787175385,-0.7263181995911255,9.353096008300781
-12.661569787175385,-0.7263181995911255,9.353096008300781
-12.649520885572223,-0.7244732663316007,9.353096008300781
-12.649520885572223,-0.7244732663316007,9.353096008300781
-12.636535521810153,-0.7224611707756396,9.353096008300781
-12.636535521810153,-0.7224611707756396,9.353096008300781
-12.622619027323609,-0.7202483369526956,9.353096008300781
-12.622619027323609,-0.7202483369526956,9.353096008300781
-12.622619027323609,-0.7202483369526956,9.353096008300781
-12.60777219775776,-0.7178311028923027,9.353096008300781
-12.60777219775776,-0.7178311028923027,9.353096008300781
-12.60777219775776,-0.7178311028923027,9.353096008300781
-12.59200084762489,-0.7151757921216724,9.353096008300781
-12.59200084762489,-0.7151757921216724,9.353096008300781
-12.575303218999007,-0.7122949165663695,9.353096008300781
-12.575303218999007,-0.7122949165663695,9.353096008300781
-12.575303218999007,-0.7122949165663695,9.353096008300781
-12.557677274034335,-0.7092015956980751,9.353096008300781
-12.557677274034335,-0.7092015956980751,9.353096008300781
-12.539129392174694,-0.7058609634477961,9.353096008300781
-12.539129392174694,-0.7058609634477961,9.353096008300781
-12.539129392174694,-0.7058609634477961,9.353096008300781
-12.519657856887227,-0.7022841586584748,9.353096008300781
-12.519657856887227,-0.7022841586584748,9.353096008300781
-12.519657856887227,-0.7022841586584748,9.353096008300781
-12.499260594651526,-0.6984835487155014,9.353096008300781
-12.499260594651526,-0.6984835487155014,9.353096008300781
-12.477947248505817,-0.6944091262032152,9.353096008300781
-12.477947248505817,-0.6944091262032152,9.353096008300781
-12.45572823265355,-0.6900101229752579,9.353096008300781
-12.45572823265355,-0.6900101229752579,9.353096008300781
-12.432601970995815,-0.6852986499517186,9.353096008300781
-12.432601970995815,-0.6852986499517186,9.353096008300781
-12.432601970995815,-0.6852986499517186,9.353096008300781
-12.432601970995815,-0.6852986499517186,9.353096008300781
-12.408566268877323,-0.6802885760416238,9.353096008300781
-12.408566268877323,-0.6802885760416238,9.353096008300781
-12.38362849758588,-0.6749475949720081,9.353096008300781
-12.38362849758588,-0.6749475949720081,9.353096008300781
-12.38362849758588,-0.6749475949720081,9.353096008300781
-12.357786352927647,-0.6692894588870539,9.353096008300781
-12.357786352927647,-0.6692894588870539,9.353096008300781
-12.331036973584741,-0.6633294289674255,9.353096008300781
-12.331036973584741,-0.6633294289674255,9.353096008300781
-12.331036973584741,-0.6633294289674255,9.353096008300781
-12.303387603056633,-0.6570371552419764,9.353096008300781
-12.303387603056633,-0.6570371552419764,9.353096008300781
-12.274835099396478,-0.6504285453197781,9.353096008300781
-12.274835099396478,-0.6504285453197781,9.353096008300781
-12.274835099396478,-0.6504285453197781,9.353096008300781
-12.24537208004651,-0.6435367340744402,9.353096008300781
-12.24537208004651,-0.6435367340744402,9.353096008300781
-12.214993975590112,-0.6363818058139439,9.353096008300781
-12.214993975590112,-0.6363818058139439,9.353096008300781
-12.214993975590112,-0.6363818058139439,9.353096008300781
-12.183706689695386,-0.6289391943543411,9.353096008300781
-12.183706689695386,-0.6289391943543411,9.353096008300781
-12.151505065591323,-0.6212310300575474,9.353096008300781
-12.151505065591323,-0.6212310300575474,9.353096008300781
-12.151505065591323,-0.6212310300575474,9.353096008300781
-12.118383286499695,-0.6132817993358244,9.353096008300781
-12.118383286499695,-0.6132817993358244,9.353096008300781
-12.084346138199997,-0.6050716832802479,9.353096008300781
-12.084346138199997,-0.6050716832802479,9.353096008300781
-12.084346138199997,-0.6050716832802479,9.353096008300781
-12.049387152069896,-0.5966275965033908,9.353096008300781
-12.049387152069896,-0.5966275965033908,9.353096008300781
-12.013499259890708,-0.5879788352717259,9.353096008300781
-12.013499259890708,-0.5879788352717259,9.353096008300781
-12.013499259890708,-0.5879788352717259,9.353096008300781
-11.976686051489391,-0.5791105248850325,9.353096008300781
-11.976686051489391,-0.5791105248850325,9.353096008300781
-11.938943548191087,-0.570039204400703,9.353096008300781
-11.938943548191087,-0.570039204400703,9.353096008300781
-11.938943548191087,-0.570039204400703,9.353096008300781
-11.900274932297508,-0.5607516580009017,9.353096008300781
-11.900274932297508,-0.5607516580009017,9.353096008300781
-11.860675960927793,-0.55126558340305,9.353096008300781
-11.860675960927793,-0.55126558340305,9.353096008300781
-11.860675960927793,-0.55126558340305,9.353096008300781
-11.820149628359559,-0.5415685180827059,9.353096008300781
-11.820149628359559,-0.5415685180827059,9.353096008300781
-11.778687957874967,-0.5316939247417597,9.353096008300781
-11.778687957874967,-0.5316939247417597,9.353096008300781
-11.778687957874967,-0.5316939247417597,9.353096008300781
-11.736282652899314,-0.5216770411277026,9.353096008300781
-11.736282652899314,-0.5216770411277026,9.353096008300781
-11.692936009827433,-0.5115086934676165,9.353096008300781
-11.692936009827433,-0.5115086934676165,9.353096008300781
-11.692936009827433,-0.5115086934676165,9.353096008300781
-11.64864300264722,-0.5012109271727075,9.353096008300781
-11.64864300264722,-0.5012109271727075,9.353096008300781
-11.603405658053534,-0.49077571632452416,9.353096008300781
-11.603405658053534,-0.49077571632452416,9.353096008300781
-11.603405658053534,-0.49077571632452416,9.353096008300781
-11.557218925465241,-0.4802257395562064,9.353096008300781
-11.557218925465241,-0.4802257395562064,9.353096008300781
-11.510084790365605,-0.46955317298248195,9.353096008300781
-11.510084790365605,-0.46955317298248195,9.353096008300781
-11.510084790365605,-0.46955317298248195,9.353096008300781
-11.46199835182669,-0.45878062914501,9.353096008300781
-11.46199835182669,-0.45878062914501,9.353096008300781
-11.412961667413091,-0.44789997881589677,9.353096008300781
-11.412961667413091,-0.44789997881589677,9.353096008300781
-11.412961667413091,-0.44789997881589677,9.353096008300781
-11.362970068699372,-0.43693341439208266,9.353096008300781
-11.362970068699372,-0.43693341439208266,9.353096008300781
-11.312025728945635,-0.42587226462222216,9.353096008300781
-11.312025728945635,-0.42587226462222216,9.353096008300781
-11.312025728945635,-0.42587226462222216,9.353096008300781
-11.260124239931425,-0.4147381575085852,9.353096008300781
-11.260124239931425,-0.4147381575085852,9.353096008300781
-11.207267894428433,-0.40352180477895755,9.353096008300781
-11.207267894428433,-0.40352180477895755,9.353096008300781
-11.207267894428433,-0.40352180477895755,9.353096008300781
-11.153452540982148,-0.39224424791562196,9.353096008300781
-11.153452540982148,-0.39224424791562196,9.353096008300781
-11.098680575151823,-0.38089559794676986,9.353096008300781
-11.098680575151823,-0.38089559794676986,9.353096008300781
-11.098680575151823,-0.38089559794676986,9.353096008300781
-11.04294808315312,-0.36949635362379735,9.353096008300781
-11.04294808315312,-0.36949635362379735,9.353096008300781
-10.986259913440314,-0.35803663748509124,9.353096008300781
-10.986259913440314,-0.35803663748509124,9.353096008300781
-10.986259913440314,-0.35803663748509124,9.353096008300781
-10.928650042967883,-0.34654561332726197,9.353096008300781
-10.928650042967883,-0.34654561332726197,9.353096008300781
-10.870168085664073,-0.33502294459221493,9.353096008300781
-10.870168085664073,-0.33502294459221493,9.353096008300781
-10.870168085664073,-0.33502294459221493,9.353096008300781
-10.81081523059696,-0.3234911201954017,9.353096008300781
-10.81081523059696,-0.3234911201954017,9.353096008300781
-10.75059232105132,-0.31193811926951986,9.353096008300781
-10.75059232105132,-0.31193811926951986,9.353096008300781
-10.75059232105132,-0.31193811926951986,9.353096008300781
-10.689499078878725,-0.3003860076409191,9.353096008300781
-10.689499078878725,-0.3003860076409191,9.353096008300781
-10.627606189175395,-0.2888377219849736,9.353096008300781
-10.627606189175395,-0.2888377219849736,9.353096008300781
-10.627606189175395,-0.2888377219849736,9.353096008300781
-10.565003030826144,-0.2773367337743794,9.353096008300781
-10.565003030826144,-0.2773367337743794,9.353096008300781
-10.501745502992877,-0.2658812976216073,9.353096008300781
-10.501745502992877,-0.2658812976216073,9.353096008300781
-10.501745502992877,-0.2658812976216073,9.353096008300781
-10.437885663222312,-0.25450875001767764,9.353096008300781
-10.437885663222312,-0.25450875001767764,9.353096008300781
-10.373441918188497,-0.24320906894986732,9.353096008300781
-10.373441918188497,-0.24320906894986732,9.353096008300781
-10.373441918188497,-0.24320906894986732,9.353096008300781
-10.308426161499462,-0.2320124108861585,9.353096008300781
-10.308426161499462,-0.2320124108861585,9.353096008300781
-10.24286773651184,-0.22089007403397445,9.353096008300781
-10.24286773651184,-0.22089007403397445,9.353096008300781
-10.24286773651184,-0.22089007403397445,9.353096008300781
-10.17677138510189,-0.20980770480471383,9.353096008300781
-10.17677138510189,-0.20980770480471383,9.353096008300781
-10.110161144147142,-0.19879446553795008,9.353096008300781
-10.110161144147142,-0.19879446553795008,9.353096008300781
-10.110161144147142,-0.19879446553795008,9.353096008300781
-10.043051521465815,-0.18783320407115767,9.353096008300781
-10.043051521465815,-0.18783320407115767,9.353096008300781
-9.975425380688394,-0.17694251883337564,9.353096008300781
-9.975425380688394,-0.17694251883337564,9.353096008300781
-9.975425380688394,-0.17694251883337564,9.353096008300781
-9.907322022203935,-0.16610603660124382,9.353096008300781
-9.907322022203935,-0.16610603660124382,9.353096008300781
-9.83875241348356,-0.1553452011576862,9.353096008300781
-9.83875241348356,-0.1553452011576862,9.353096008300781
-9.83875241348356,-0.1553452011576862,9.353096008300781
-9.769736999970728,-0.1446385606932219,9.353096008300781
-9.769736999970728,-0.1446385606932219,9.353096008300781
-9.700317472794431,-0.13401221709949024,9.353096008300781
-9.700317472794431,-0.13401221709949024,9.353096008300781
-9.700317472794431,-0.13401221709949024,9.353096008300781
-9.630493662112194,-0.12344050127602571,9.353096008300781
-9.630493662112194,-0.12344050127602571,9.353096008300781
-9.560279684331832,-0.11294533991624404,9.353096008300781
-9.560279684331832,-0.11294533991624404,9.353096008300781
-9.560279684331832,-0.11294533991624404,9.353096008300781
-9.489722162580271,-0.10250837942860866,9.353096008300781
-9.489722162580271,-0.10250837942860866,9.353096008300781
-9.418841058266759,-0.09215376573020786,9.353096008300781
-9.418841058266759,-0.09215376573020786,9.353096008300781
-9.418841058266759,-0.09215376573020786,9.353096008300781
-9.3476689130407,-0.08186085539046818,9.353096008300781
-9.3476689130407,-0.08186085539046818,9.353096008300781
-9.276231486731728,-0.07165615126826586,9.353096008300781
-9.276231486731728,-0.07165615126826586,9.353096008300781
-9.276231486731728,-0.07165615126826586,9.353096008300781
-9.20453191566805,-0.06151490499821555,9.353096008300781
-9.20453191566805,-0.06151490499821555,9.353096008300781
-9.132584388399563,-0.05146296752884488,9.353096008300781
-9.132584388399563,-0.05146296752884488,9.353096008300781
-9.132584388399563,-0.05146296752884488,9.353096008300781
-9.060424162721098,-0.041480815588522756,9.353096008300781
-9.060424162721098,-0.041480815588522756,9.353096008300781
-8.988042550777267,-0.03159223931275508,9.353096008300781
-8.988042550777267,-0.03159223931275508,9.353096008300781
-8.915463296716231,-0.02177640266922854,9.353096008300781
-8.915463296716231,-0.02177640266922854,9.353096008300781
-8.915463296716231,-0.02177640266922854,9.353096008300781
-8.842714491194574,-0.012063386294454874,9.353096008300781
-8.842714491194574,-0.012063386294454874,9.353096008300781
-8.842714491194574,-0.012063386294454874,9.353096008300781
-8.769787705073472,-0.002428014832530221,9.353096008300781
-8.769787705073472,-0.002428014832530221,9.353096008300781
-8.69669001473514,0.007102000678953911,9.353096008300781
-8.69669001473514,0.007102000678953911,9.353096008300781
-8.69669001473514,0.007102000678953911,9.353096008300781
-8.623455335273901,0.016545814065936432,9.353096008300781
-8.623455335273901,0.016545814065936432,9.353096008300781
-8.550077862313689,0.025876631355216683,9.353096008300781
-8.550077862313689,0.025876631355216683,9.353096008300781
-8.550077862313689,0.025876631355216683,9.353096008300781
-8.476494428749112,0.03512597692510556,9.353096008300781
-8.476494428749112,0.03512597692510556,9.353096008300781
-8.402682115903044,0.04427017184463557,9.353096008300781
-8.402682115903044,0.04427017184463557,9.353096008300781
-8.402682115903044,0.04427017184463557,9.353096008300781
-8.328667946572239,0.05332857441407095,9.353096008300781
-8.328667946572239,0.05332857441407095,9.353096008300781
-8.254447227640062,0.062275192628997354,9.353096008300781
-8.254447227640062,0.062275192628997354,9.353096008300781
-8.254447227640062,0.062275192628997354,9.353096008300781
-8.180046556200777,0.07113001978993132,9.353096008300781
-8.180046556200777,0.07113001978993132,9.353096008300781
-8.105492012800097,0.07983756515550651,9.353096008300781
-8.105492012800097,0.07983756515550651,9.353096008300781
-8.105492012800097,0.07983756515550651,9.353096008300781
-8.030793275492693,0.08834469539961375,9.353096008300781
-8.030793275492693,0.08834469539961375,9.353096008300781
-7.95595754878021,0.09667168619332134,9.353096008300781
-7.95595754878021,0.09667168619332134,9.353096008300781
-7.95595754878021,0.09667168619332134,9.353096008300781
-7.880996262905412,0.10478328061829206,9.353096008300781
-7.880996262905412,0.10478328061829206,9.353096008300781
-7.805937387135716,0.11269147694666733,9.353096008300781
-7.805937387135716,0.11269147694666733,9.353096008300781
-7.805937387135716,0.11269147694666733,9.353096008300781
-7.730791338084006,0.12035621300333005,9.353096008300781
-7.655567714649892,0.12778881199999995,9.353096008300781
-7.655567714649892,0.12778881199999995,9.353096008300781
-7.655567714649892,0.12778881199999995,9.353096008300781
-7.580280447918654,0.13494604579505579,9.353096008300781
-7.580280447918654,0.13494604579505579,9.353096008300781
-7.504934143910001,0.1418381936651098,9.353096008300781
-7.504934143910001,0.1418381936651098,9.353096008300781
-7.504934143910001,0.1418381936651098,9.353096008300781
-7.429523244302313,0.14842288550688593,9.353096008300781
-7.429523244302313,0.14842288550688593,9.353096008300781
-7.354086549460106,0.15470683567338145,9.353096008300781
-7.354086549460106,0.15470683567338145,9.353096008300781
-7.354086549460106,0.15470683567338145,9.353096008300781
-7.278706633948169,0.1606387869190403,9.353096008300781
-7.278706633948169,0.1606387869190403,9.353096008300781
-7.278706633948169,0.1606387869190403,9.353096008300781
-7.203478579858971,0.16622284104202434,9.353096008300781
-7.203478579858971,0.16622284104202434,9.353096008300781
-7.203478579858971,0.16622284104202434,9.353096008300781
-7.128488489251134,0.1714060001088627,9.353096008300781
-7.128488489251134,0.1714060001088627,9.353096008300781
-7.053778160456942,0.17619773071313824,9.353096008300781
-7.053778160456942,0.17619773071313824,9.353096008300781
-7.053778160456942,0.17619773071313824,9.353096008300781
-6.979194687284592,0.1805570447921546,9.353096008300781
-6.979194687284592,0.1805570447921546,9.353096008300781
-6.9045850359030245,0.18449991685944023,9.353096008300781
-6.9045850359030245,0.18449991685944023,9.353096008300781
-6.9045850359030245,0.18449991685944023,9.353096008300781
-6.829933822180373,0.1879820034124281,9.353096008300781
-6.829933822180373,0.1879820034124281,9.353096008300781
-6.755214942531483,0.19101504243667244,9.353096008300781
-6.755214942531483,0.19101504243667244,9.353096008300781
-6.755214942531483,0.19101504243667244,9.353096008300781
-6.680395410544642,0.19356064987993027,9.353096008300781
-6.680395410544642,0.19356064987993027,9.353096008300781
-6.605464003160665,0.1956342335793322,9.353096008300781
-6.605464003160665,0.1956342335793322,9.353096008300781
-6.605464003160665,0.1956342335793322,9.353096008300781
-6.530410439541661,0.1972019067734367,9.353096008300781
-6.530410439541661,0.1972019067734367,9.353096008300781
-6.455220798244474,0.19828327118266367,9.353096008300781
-6.455220798244474,0.19828327118266367,9.353096008300781
-6.455220798244474,0.19828327118266367,9.353096008300781
-6.379881811626712,0.19884904860876312,9.353096008300781
-6.379881811626712,0.19884904860876312,9.353096008300781
-6.304386885218997,0.19892221971788807,9.353096008300781
-6.304386885218997,0.19892221971788807,9.353096008300781
-6.304386885218997,0.19892221971788807,9.353096008300781
-6.228726864598777,0.1984771765852219,9.353096008300781
-6.228726864598777,0.1984771765852219,9.353096008300781
-6.152884508570661,0.19753963856756743,9.353096008300781
-6.152884508570661,0.19753963856756743,9.353096008300781
-6.152884508570661,0.19753963856756743,9.353096008300781
-6.07684537927706,0.19608718212808332,9.353096008300781
-6.07684537927706,0.19608718212808332,9.353096008300781
-6.0006082094826825,0.19414775982723423,9.353096008300781
-6.0006082094826825,0.19414775982723423,9.353096008300781
-6.0006082094826825,0.19414775982723423,9.353096008300781
-5.924175962466198,0.19170134410239323,9.353096008300781
-5.847535115815619,0.18880095849275996,9.353096008300781
-5.847535115815619,0.18880095849275996,9.353096008300781
-5.847535115815619,0.18880095849275996,9.353096008300781
-5.847535115815619,0.18880095849275996,9.353096008300781
-5.770679797994908,0.18549994578228293,9.353096008300781
-5.770679797994908,0.18549994578228293,9.353096008300781
-5.693601252807541,0.1817827252052879,9.353096008300781
-5.693601252807541,0.1817827252052879,9.353096008300781
-5.693601252807541,0.1817827252052879,9.353096008300781
-5.61627495098479,0.17768439905737043,9.353096008300781
-5.61627495098479,0.17768439905737043,9.353096008300781
-5.538705418640803,0.173196588711565,9.353096008300781
-5.538705418640803,0.173196588711565,9.353096008300781
-5.538705418640803,0.173196588711565,9.353096008300781
-5.460897419811245,0.16836029985452924,9.353096008300781
-5.460897419811245,0.16836029985452924,9.353096008300781
-5.382839956855416,0.16316898572841768,9.353096008300781
-5.382839956855416,0.16316898572841768,9.353096008300781
-5.382839956855416,0.16316898572841768,9.353096008300781
-5.3045236844900945,0.15766427163935762,9.353096008300781
-5.3045236844900945,0.15766427163935762,9.353096008300781
-5.2259618239968715,0.15184184063838085,9.353096008300781
-5.2259618239968715,0.15184184063838085,9.353096008300781
-5.2259618239968715,0.15184184063838085,9.353096008300781
-5.1471651442183655,0.1457443852368931,9.353096008300781
-5.1471651442183655,0.1457443852368931,9.353096008300781
-5.0681297496083735,0.1393650947354216,9.353096008300781
-5.0681297496083735,0.1393650947354216,9.353096008300781
-5.0681297496083735,0.1393650947354216,9.353096008300781
-4.98884318564388,0.1327433739274789,9.353096008300781
-4.98884318564388,0.1327433739274789,9.353096008300781
-4.909307743888964,0.12587097098924188,9.353096008300781
-4.909307743888964,0.12587097098924188,9.353096008300781
-4.909307743888964,0.12587097098924188,9.353096008300781
-4.829522735890149,0.11878580572219756,9.353096008300781
-4.829522735890149,0.11878580572219756,9.353096008300781
-4.749477649787037,0.11147624218691181,9.353096008300781
-4.749477649787037,0.11147624218691181,9.353096008300781
-4.749477649787037,0.11147624218691181,9.353096008300781
-4.669165225215211,0.10397705876326992,9.353096008300781
-4.669165225215211,0.10397705876326992,9.353096008300781
-4.58859465619551,0.09627575542527668,9.353096008300781
-4.58859465619551,0.09627575542527668,9.353096008300781
-4.58859465619551,0.09627575542527668,9.353096008300781
-4.507775660782833,0.08840612440549116,9.353096008300781
-4.507775660782833,0.08840612440549116,9.353096008300781
-4.426729117724047,0.08035388939232631,9.353096008300781
-4.426729117724047,0.08035388939232631,9.353096008300781
-4.426729117724047,0.08035388939232631,9.353096008300781
-4.345467730030492,0.07215104247766169,9.353096008300781
-4.345467730030492,0.07215104247766169,9.353096008300781
-4.264006707210736,0.06378005550832479,9.353096008300781
-4.264006707210736,0.06378005550832479,9.353096008300781
-4.264006707210736,0.06378005550832479,9.353096008300781
-4.182357694145212,0.05529539172430733,9.353096008300781
-4.182357694145212,0.05529539172430733,9.353096008300781
-4.100529523683359,0.046750429534511556,9.353096008300781
-4.100529523683359,0.046750429534511556,9.353096008300781
-4.100529523683359,0.046750429534511556,9.353096008300781
-4.018541453976744,0.038128117408722226,9.353096008300781
-4.018541453976744,0.038128117408722226,9.353096008300781
-3.936409680822844,0.029463547882014662,9.353096008300781
-3.936409680822844,0.029463547882014662,9.353096008300781
-3.936409680822844,0.029463547882014662,9.353096008300781
-3.8541507992984534,0.020742921613978206,9.353096008300781
-3.8541507992984534,0.020742921613978206,9.353096008300781
-3.771776583204017,0.012004159476413805,9.353096008300781
-3.771776583204017,0.012004159476413805,9.353096008300781
-3.771776583204017,0.012004159476413805,9.353096008300781
-3.689302413532732,0.0032350663916206578,9.353096008300781
-3.689302413532732,0.0032350663916206578,9.353096008300781
-3.60673291702105,-0.005525565631562035,9.353096008300781
-3.60673291702105,-0.005525565631562035,9.353096008300781
-3.60673291702105,-0.005525565631562035,9.353096008300781
-3.5240813836048304,-0.014289655933116482,9.353096008300781
-3.5240813836048304,-0.014289655933116482,9.353096008300781
-3.4413591484291373,-0.023017091573834487,9.353096008300781
-3.4413591484291373,-0.023017091573834487,9.353096008300781
-3.4413591484291373,-0.023017091573834487,9.353096008300781
-3.3585797419593826,-0.03172021136803733,9.353096008300781
-3.3585797419593826,-0.03172021136803733,9.353096008300781
-3.2757501058951304,-0.04035951400285213,9.353096008300781
-3.2757501058951304,-0.04035951400285213,9.353096008300781
-3.2757501058951304,-0.04035951400285213,9.353096008300781
-3.192878464165141,-0.04894881097187416,9.353096008300781
-3.192878464165141,-0.04894881097187416,9.353096008300781
-3.1099650118193356,-0.05744997350803202,9.353096008300781
-3.1099650118193356,-0.05744997350803202,9.353096008300781
-3.1099650118193356,-0.05744997350803202,9.353096008300781
-3.027019067407588,-0.06587779251193296,9.353096008300781
-3.027019067407588,-0.06587779251193296,9.353096008300781
-2.944045725746007,-0.0741945159870162,9.353096008300781
-2.944045725746007,-0.0741945159870162,9.353096008300781
-2.944045725746007,-0.0741945159870162,9.353096008300781
-2.861053637664444,-0.08241630043345262,9.353096008300781
-2.7780627659765456,-0.09050479994069119,9.353096008300781
-2.7780627659765456,-0.09050479994069119,9.353096008300781
-2.7780627659765456,-0.09050479994069119,9.353096008300781
-2.6950996026597833,-0.09847597361078969,9.353096008300781
-2.6950996026597833,-0.09847597361078969,9.353096008300781
-2.612170857615334,-0.10629328848819933,9.353096008300781
-2.612170857615334,-0.10629328848819933,9.353096008300781
-2.612170857615334,-0.10629328848819933,9.353096008300781
-2.612170857615334,-0.10629328848819933,9.353096008300781
-2.5292797216564287,-0.11397613681771539,9.353096008300781
-2.5292797216564287,-0.11397613681771539,9.353096008300781
-2.446444856867569,-0.12148760224476594,9.353096008300781
-2.446444856867569,-0.12148760224476594,9.353096008300781
-2.446444856867569,-0.12148760224476594,9.353096008300781
-2.363705144178877,-0.12884516174902494,9.353096008300781
-2.363705144178877,-0.12884516174902494,9.353096008300781
-2.281076677457193,-0.1359839437948224,9.353096008300781
-2.281076677457193,-0.1359839437948224,9.353096008300781
-2.281076677457193,-0.1359839437948224,9.353096008300781
-2.1985779039463367,-0.1428401435107002,9.353096008300781
-2.1985779039463367,-0.1428401435107002,9.353096008300781
-2.11619559661491,-0.14946291716270094,9.353096008300781
-2.11619559661491,-0.14946291716270094,9.353096008300781
-2.11619559661491,-0.14946291716270094,9.353096008300781
-2.033918497461474,-0.15589559585147594,9.353096008300781
-2.033918497461474,-0.15589559585147594,9.353096008300781
-1.9517627849317958,-0.16208118300127156,9.353096008300781
-1.9517627849317958,-0.16208118300127156,9.353096008300781
-1.9517627849317958,-0.16208118300127156,9.353096008300781
-1.8696868012647487,-0.16798446020344143,9.353096008300781
-1.8696868012647487,-0.16798446020344143,9.353096008300781
-1.7876105433108358,-0.17356027133667032,9.353096008300781
-1.7876105433108358,-0.17356027133667032,9.353096008300781
-1.7876105433108358,-0.17356027133667032,9.353096008300781
-1.705511279500367,-0.17882507482051757,9.353096008300781
-1.705511279500367,-0.17882507482051757,9.353096008300781
-1.6233899196425094,-0.1837376088902753,9.353096008300781
-1.6233899196425094,-0.1837376088902753,9.353096008300781
-1.6233899196425094,-0.1837376088902753,9.353096008300781
-1.5412342402380754,-0.188310492698999,9.353096008300781
-1.5412342402380754,-0.188310492698999,9.353096008300781
-1.4590315323768475,-0.19250215242705124,9.353096008300781
-1.4590315323768475,-0.19250215242705124,9.353096008300781
-1.4590315323768475,-0.19250215242705124,9.353096008300781
-1.3767802885862708,-0.1963235292968311,9.353096008300781
-1.3767802885862708,-0.1963235292968311,9.353096008300781
-1.2944570390880763,-0.19973374281146727,9.353096008300781
-1.2944570390880763,-0.19973374281146727,9.353096008300781
-1.2944570390880763,-0.19973374281146727,9.353096008300781
-1.2120529209198263,-0.2027444626468048,9.353096008300781
-1.2120529209198263,-0.2027444626468048,9.353096008300781
