x,y,lap_time_s
0.6123171166639303,-0.14348291378400274,8.509083986282349
0.6952662725730269,-0.13448569728576484,8.509083986282349
0.6952662725730269,-0.13448569728576484,8.509083986282349
0.6952662725730269,-0.13448569728576484,8.509083986282349
0.7781750277521392,-0.12492336502708008,8.509083986282349
0.7781750277521392,-0.12492336502708008,8.509083986282349
0.8610349251200423,-0.11476730720129498,8.509083986282349
0.8610349251200423,-0.11476730720129498,8.509083986282349
0.8610349251200423,-0.11476730720129498,8.509083986282349
0.9438438272318352,-0.10404203295602686,8.509083986282349
0.9438438272318352,-0.10404203295602686,8.509083986282349
1.0262923443632548,-0.09275792997551631,8.509083986282349
1.0262923443632548,-0.09275792997551631,8.509083986282349
1.0262923443632548,-0.09275792997551631,8.509083986282349
1.0262923443632548,-0.09275792997551631,8.509083986282349
1.1078999017803195,-0.0810148636186048,8.509083986282349
1.1078999017803195,-0.0810148636186048,8.509083986282349
1.1884766011015881,-0.06880115027873224,8.509083986282349
1.1884766011015881,-0.06880115027873224,8.509083986282349
1.1884766011015881,-0.06880115027873224,8.509083986282349
1.268027425718213,-0.056177761955619715,8.509083986282349
1.268027425718213,-0.056177761955619715,8.509083986282349
1.3465613293673555,-0.043223210087057706,8.509083986282349
1.3465613293673555,-0.043223210087057706,8.509083986282349
1.3465613293673555,-0.043223210087057706,8.509083986282349
1.4240865066713368,-0.03000354135988411,8.509083986282349
1.4240865066713368,-0.03000354135988411,8.509083986282349
1.5006112150559379,-0.016579376279647513,8.509083986282349
1.5006112150559379,-0.016579376279647513,8.509083986282349
1.5006112150559379,-0.016579376279647513,8.509083986282349
1.576137996720786,-0.0029752252996678545,8.509083986282349
1.6506514762852826,0.010882886845889101,8.509083986282349
1.6506514762852826,0.010882886845889101,8.509083986282349
1.6506514762852826,0.010882886845889101,8.509083986282349
1.6506514762852826,0.010882886845889101,8.509083986282349
1.7241586380642648,0.024945525780189916,8.509083986282349
1.7241586380642648,0.024945525780189916,8.509083986282349
1.796667281357408,0.039162204939803734,8.509083986282349
1.796667281357408,0.039162204939803734,8.509083986282349
1.796667281357408,0.039162204939803734,8.509083986282349
1.868166033855041,0.053581359657360196,8.509083986282349
1.868166033855041,0.053581359657360196,8.509083986282349
1.9386680672714336,0.06812881963767553,8.509083986282349
1.9386680672714336,0.06812881963767553,8.509083986282349
1.9386680672714336,0.06812881963767553,8.509083986282349
2.0081875355159653,0.08272996893472764,8.509083986282349
2.0081875355159653,0.08272996893472764,8.509083986282349
2.076718367618538,0.09740883074144961,8.509083986282349
2.076718367618538,0.09740883074144961,8.509083986282349
2.076718367618538,0.09740883074144961,8.509083986282349
2.1442730039882156,0.11210299551196388,8.509083986282349
2.1442730039882156,0.11210299551196388,8.509083986282349
2.2108501041041744,0.12681520307597546,8.509083986282349
2.2108501041041744,0.12681520307597546,8.509083986282349
2.2108501041041744,0.12681520307597546,8.509083986282349
2.276466695454137,0.1414659209673657,8.509083986282349
2.276466695454137,0.1414659209673657,8.509083986282349
2.3411249866638477,0.1560438216841449,8.509083986282349
2.3411249866638477,0.1560438216841449,8.509083986282349
2.3411249866638477,0.1560438216841449,8.509083986282349
2.4048534262003116,0.17042205247369027,8.509083986282349
2.4048534262003116,0.17042205247369027,8.509083986282349
2.4676793005973288,0.18447917150588014,8.509083986282349
2.4676793005973288,0.18447917150588014,8.509083986282349
2.4676793005973288,0.18447917150588014,8.509083986282349
2.5295987889353353,0.19823147337091784,8.509083986282349
2.5295987889353353,0.19823147337091784,8.509083986282349
2.590612277252887,0.21167634869380764,8.509083986282349
2.590612277252887,0.21167634869380764,8.509083986282349
2.590612277252887,0.21167634869380764,8.509083986282349
2.650744678313376,0.22469844434215583,8.509083986282349
2.650744678313376,0.22469844434215583,8.509083986282349
2.7100037659222544,0.23725702760785913,8.509083986282349
2.7100037659222544,0.23725702760785913,8.509083986282349
2.7100037659222544,0.23725702760785913,8.509083986282349
2.7684121040826777,0.2492365437465847,8.509083986282349
2.7684121040826777,0.2492365437465847,8.509083986282349
2.826001215183962,0.2605999830303623,8.509083986282349
2.826001215183962,0.2605999830303623,8.509083986282349
2.826001215183962,0.2605999830303623,8.509083986282349
2.883271872091393,0.2713004882165027,8.509083986282349
2.883271872091393,0.2713004882165027,8.509083986282349
2.9407594619902775,0.28138095718325706,8.509083986282349
2.9407594619902775,0.28138095718325706,8.509083986282349
2.9407594619902775,0.28138095718325706,8.509083986282349
2.9985886156428028,0.29082893343340577,8.509083986282349
2.9985886156428028,0.29082893343340577,8.509083986282349
3.056780665354851,0.2995643435924679,8.509083986282349
3.056780665354851,0.2995643435924679,8.509083986282349
3.056780665354851,0.2995643435924679,8.509083986282349
3.115322178804329,0.3075666811906214,8.509083986282349
3.115322178804329,0.3075666811906214,8.509083986282349
3.1742809053711376,0.3147896176459301,8.509083986282349
3.1742809053711376,0.3147896176459301,8.509083986282349
3.2337280772472394,0.32126803647177216,8.509083986282349
3.2337280772472394,0.32126803647177216,8.509083986282349
3.2337280772472394,0.32126803647177216,8.509083986282349
3.2937289325621846,0.3270449353996644,8.509083986282349
3.2937289325621846,0.3270449353996644,8.509083986282349
3.2937289325621846,0.3270449353996644,8.509083986282349
3.3543411937628327,0.3321107729557553,8.509083986282349
3.3543411937628327,0.3321107729557553,8.509083986282349
3.41559334421781,0.33650521736986116,8.509083986282349
3.41559334421781,0.33650521736986116,8.509083986282349
3.41559334421781,0.33650521736986116,8.509083986282349
3.477494408700634,0.3402330035942255,8.509083986282349
3.477494408700634,0.3402330035942255,8.509083986282349
3.5400325691286554,0.34336072640861603,8.509083986282349
3.5400325691286554,0.34336072640861603,8.509083986282349
3.5400325691286554,0.34336072640861603,8.509083986282349
3.603178920875354,0.34595666844877954,8.509083986282349
3.603178920875354,0.34595666844877954,8.509083986282349
3.6669164288252944,0.3480326029644202,8.509083986282349
3.6669164288252944,0.3480326029644202,8.509083986282349
3.731218115335558,0.3496410614043987,8.509083986282349
3.731218115335558,0.3496410614043987,8.509083986282349
3.731218115335558,0.3496410614043987,8.509083986282349
3.796056890469458,0.3507929210072881,8.509083986282349
3.796056890469458,0.3507929210072881,8.509083986282349
3.796056890469458,0.3507929210072881,8.509083986282349
3.861437364032841,0.35154051151118704,8.509083986282349
3.861437364032841,0.35154051151118704,8.509083986282349
3.9273342839610286,0.35189104385421344,8.509083986282349
3.9273342839610286,0.35189104385421344,8.509083986282349
3.9273342839610286,0.35189104385421344,8.509083986282349
3.9937201885418774,0.35189040065554034,8.509083986282349
3.9937201885418774,0.35189040065554034,8.509083986282349
4.060606038967267,0.3515410748104805,8.509083986282349
4.060606038967267,0.3515410748104805,8.509083986282349
4.060606038967267,0.3515410748104805,8.509083986282349
4.127971658638713,0.3508834846827211,8.509083986282349
4.127971658638713,0.3508834846827211,8.509083986282349
4.195757754987884,0.34991106080149176,8.509083986282349
4.195757754987884,0.34991106080149176,8.509083986282349
4.195757754987884,0.34991106080149176,8.509083986282349
4.263935677922986,0.34865856561737324,8.509083986282349
4.263935677922986,0.34865856561737324,8.509083986282349
4.332495730329559,0.34711391454974083,8.509083986282349
4.332495730329559,0.34711391454974083,8.509083986282349
4.332495730329559,0.34711391454974083,8.509083986282349
4.401437044646973,0.34530678542798104,8.509083986282349
4.401437044646973,0.34530678542798104,8.509083986282349
4.470781674734378,0.3432200061991543,8.509083986282349
4.470781674734378,0.3432200061991543,8.509083986282349
4.470781674734378,0.3432200061991543,8.509083986282349
4.540534912926354,0.3408784241050526,8.509083986282349
4.610701369911407,0.33826109392994913,8.509083986282349
4.610701369911407,0.33826109392994913,8.509083986282349
4.610701369911407,0.33826109392994913,8.509083986282349
4.610701369911407,0.33826109392994913,8.509083986282349
4.681313135082629,0.33538918282457475,8.509083986282349
4.681313135082629,0.33538918282457475,8.509083986282349
4.752379756577547,0.3322398231947988,8.509083986282349
4.752379756577547,0.3322398231947988,8.509083986282349
4.752379756577547,0.3322398231947988,8.509083986282349
4.823912673644461,0.32883205529460424,8.509083986282349
4.823912673644461,0.32883205529460424,8.509083986282349
4.895901050380685,0.3251422482785103,8.509083986282349
4.895901050380685,0.3251422482785103,8.509083986282349
4.895901050380685,0.3251422482785103,8.509083986282349
4.968297075351018,0.32121205446525075,8.509083986282349
4.968297075351018,0.32121205446525075,8.509083986282349
5.041083074214729,0.3170827650383163,8.509083986282349
5.041083074214729,0.3170827650383163,8.509083986282349
5.041083074214729,0.3170827650383163,8.509083986282349
5.114268702263278,0.3127307341397926,8.509083986282349
5.114268702263278,0.3127307341397926,8.509083986282349
5.187867744595742,0.30817851269951635,8.509083986282349
5.187867744595742,0.30817851269951635,8.509083986282349
5.187867744595742,0.30817851269951635,8.509083986282349
5.261858094860547,0.30340847714993574,8.509083986282349
5.261858094860547,0.30340847714993574,8.509083986282349
5.336221718769415,0.29844820251482373,8.509083986282349
5.336221718769415,0.29844820251482373,8.509083986282349
5.336221718769415,0.29844820251482373,8.509083986282349
5.410970132268478,0.29327966127547883,8.509083986282349
5.410970132268478,0.29327966127547883,8.509083986282349
5.48608850223772,0.28793163707668457,8.509083986282349
5.48608850223772,0.28793163707668457,8.509083986282349
5.48608850223772,0.28793163707668457,8.509083986282349
5.561555998206928,0.28238854888691245,8.509083986282349
5.561555998206928,0.28238854888691245,8.509083986282349
5.637388879590513,0.2766775594224911,8.509083986282349
5.637388879590513,0.2766775594224911,8.509083986282349
5.637388879590513,0.2766775594224911,8.509083986282349
5.713603707769878,0.27078065025282033,8.509083986282349
5.713603707769878,0.27078065025282033,8.509083986282349
5.790181100993619,0.2647268083550459,8.509083986282349
5.790181100993619,0.2647268083550459,8.509083986282349
5.790181100993619,0.2647268083550459,8.509083986282349
5.867094606624003,0.2585000066253605,8.509083986282349
5.867094606624003,0.2585000066253605,8.509083986282349
5.944357707100487,0.2521264325981719,8.509083986282349
5.944357707100487,0.2521264325981719,8.509083986282349
5.944357707100487,0.2521264325981719,8.509083986282349
6.021986982888725,0.24558614349427882,8.509083986282349
6.021986982888725,0.24558614349427882,8.509083986282349
6.0999692400555094,0.23890611328365333,8.509083986282349
6.0999692400555094,0.23890611328365333,8.509083986282349
6.0999692400555094,0.23890611328365333,8.509083986282349
6.178275088306189,0.23206860307761215,8.509083986282349
6.256900051776125,0.2250993441006665,8.509083986282349
6.256900051776125,0.2250993441006665,8.509083986282349
6.256900051776125,0.2250993441006665,8.509083986282349
6.256900051776125,0.2250993441006665,8.509083986282349
6.335826592547986,0.21797834213622957,8.509083986282349
6.335826592547986,0.21797834213622957,8.509083986282349
6.415097526226983,0.2107264367348518,8.509083986282349
6.415097526226983,0.2107264367348518,8.509083986282349
6.415097526226983,0.2107264367348518,8.509083986282349
6.494749142187091,0.20331900530456745,8.509083986282349
6.494749142187091,0.20331900530456745,8.509083986282349
6.574766240191754,0.19580284010309917,8.509083986282349
6.574766240191754,0.19580284010309917,8.509083986282349
6.574766240191754,0.19580284010309917,8.509083986282349
6.6551357514395315,0.18822535083119477,8.509083986282349
6.6551357514395315,0.18822535083119477,8.509083986282349
6.735833955966449,0.1805699973137714,8.509083986282349
6.735833955966449,0.1805699973137714,8.509083986282349
6.735833955966449,0.1805699973137714,8.509083986282349
6.8167698237571885,0.17287665642808173,8.509083986282349
6.8167698237571885,0.17287665642808173,8.509083986282349
6.897855859184917,0.16513808048054845,8.509083986282349
6.897855859184917,0.16513808048054845,8.509083986282349
6.897855859184917,0.16513808048054845,8.509083986282349
6.979086005141693,0.1573893109250113,8.509083986282349
6.979086005141693,0.1573893109250113,8.509083986282349
7.060443153556609,0.14961686576536173,8.509083986282349
7.060443153556609,0.14961686576536173,8.509083986282349
7.060443153556609,0.14961686576536173,8.509083986282349
7.141910385821347,0.14185896837389111,8.509083986282349
7.141910385821347,0.14185896837389111,8.509083986282349
7.223478746672612,0.13410195528947158,8.509083986282349
7.223478746672612,0.13410195528947158,8.509083986282349
7.223478746672612,0.13410195528947158,8.509083986282349
7.305138573854778,0.12638411883729078,8.509083986282349
7.305138573854778,0.12638411883729078,8.509083986282349
7.386832601010868,0.11869619782723324,8.509083986282349
7.386832601010868,0.11869619782723324,8.509083986282349
7.386832601010868,0.11869619782723324,8.509083986282349
7.468412744192389,0.11109129239643174,8.509083986282349
7.468412744192389,0.11109129239643174,8.509083986282349
7.549753498522873,0.10356331631935388,8.509083986282349
7.549753498522873,0.10356331631935388,8.509083986282349
7.549753498522873,0.10356331631935388,8.509083986282349
7.63070336572717,0.09620069578300719,8.509083986282349
7.63070336572717,0.09620069578300719,8.509083986282349
7.7110747982506895,0.08909558371567221,8.509083986282349
7.7110747982506895,0.08909558371567221,8.509083986282349
7.7110747982506895,0.08909558371567221,8.509083986282349
7.790666541343141,0.08224461152701003,8.509083986282349
7.790666541343141,0.08224461152701003,8.509083986282349
7.869330966753832,0.07571391224736877,8.509083986282349
7.869330966753832,0.07571391224736877,8.509083986282349
7.869330966753832,0.07571391224736877,8.509083986282349
7.947065742874279,0.06948372345145393,8.509083986282349
7.947065742874279,0.06948372345145393,8.509083986282349
8.023877721056431,0.06365261033246095,8.509083986282349
8.023877721056431,0.06365261033246095,8.509083986282349
8.023877721056431,0.06365261033246095,8.509083986282349
8.099774807475715,0.05835251653701625,8.509083986282349
8.099774807475715,0.05835251653701625,8.509083986282349
8.174762430131643,0.05371602198651157,8.509083986282349
8.174762430131643,0.05371602198651157,8.509083986282349
8.174762430131643,0.05371602198651157,8.509083986282349
8.248842944302442,0.04988143813069198,8.509083986282349
8.248842944302442,0.04988143813069198,8.509083986282349
8.322014622528833,0.04699685854208209,8.509083986282349
8.322014622528833,0.04699685854208209,8.509083986282349
8.322014622528833,0.04699685854208209,8.509083986282349
8.394269367651985,0.045186525678158646,8.509083986282349
8.394269367651985,0.045186525678158646,8.509083986282349
8.465592204944354,0.04448578583103131,8.509083986282349
8.465592204944354,0.04448578583103131,8.509083986282349
8.465592204944354,0.04448578583103131,8.509083986282349
8.535965214039916,0.045027841933949125,8.509083986282349
8.535965214039916,0.045027841933949125,8.509083986282349
8.605364170771548,0.04688693403937302,8.509083986282349
8.605364170771548,0.04688693403937302,8.509083986282349
8.605364170771548,0.04688693403937302,8.509083986282349
8.673753169208847,0.05026422680749694,8.509083986282349
8.673753169208847,0.05026422680749694,8.509083986282349
8.74108142149125,0.05536202159264831,8.509083986282349
8.74108142149125,0.05536202159264831,8.509083986282349
8.74108142149125,0.05536202159264831,8.509083986282349
8.807290239938547,0.06228230757106466,8.509083986282349
8.807290239938547,0.06228230757106466,8.509083986282349
8.872297474838026,0.07121390549125188,8.509083986282349
8.872297474838026,0.07121390549125188,8.509083986282349
8.872297474838026,0.07121390549125188,8.509083986282349
8.936017063200968,0.082240387654108,8.509083986282349
8.936017063200968,0.082240387654108,8.509083986282349
8.998345588449556,0.09545904963260078,8.509083986282349
8.998345588449556,0.09545904963260078,8.509083986282349
8.998345588449556,0.09545904963260078,8.509083986282349
9.059135519387938,0.11107223577666867,8.509083986282349
9.059135519387938,0.11107223577666867,8.509083986282349
9.118229686104693,0.12919604774370763,8.509083986282349
9.118229686104693,0.12919604774370763,8.509083986282349
9.118229686104693,0.12919604774370763,8.509083986282349
9.175407798412644,0.15003836068884713,8.509083986282349
9.230411889050954,0.1737721387268258,8.509083986282349
9.230411889050954,0.1737721387268258,8.509083986282349
9.230411889050954,0.1737721387268258,8.509083986282349
9.230411889050954,0.1737721387268258,8.509083986282349
9.2833686390967,0.2010209509815842,8.509083986282349
9.2833686390967,0.2010209509815842,8.509083986282349
9.334329352048918,0.23224834851888135,8.509083986282349
9.334329352048918,0.23224834851888135,8.509083986282349
9.334329352048918,0.23224834851888135,8.509083986282349
9.383204353341792,0.2674768511759657,8.509083986282349
9.383204353341792,0.2674768511759657,8.509083986282349
9.430109069640968,0.3066730764106889,8.509083986282349
9.430109069640968,0.3066730764106889,8.509083986282349
9.430109069640968,0.3066730764106889,8.509083986282349
9.475094138810707,0.3494058957403746,8.509083986282349
9.475094138810707,0.3494058957403746,8.509083986282349
9.518235989297452,0.3951612951949252,8.509083986282349
9.518235989297452,0.3951612951949252,8.509083986282349
9.518235989297452,0.3951612951949252,8.509083986282349
9.55959343912321,0.4434112075476026,8.509083986282349
9.55959343912321,0.4434112075476026,8.509083986282349
9.599197209519634,0.49370366809408506,8.509083986282349
9.599197209519634,0.49370366809408506,8.509083986282349
9.599197209519634,0.49370366809408506,8.509083986282349
9.636817562065936,0.5452813682080367,8.509083986282349
9.672153102819383,0.5974281726409504,8.509083986282349
9.672153102819383,0.5974281726409504,8.509083986282349
9.672153102819383,0.5974281726409504,8.509083986282349
9.672153102819383,0.5974281726409504,8.509083986282349
9.705251885688726,0.6499018933250035,8.509083986282349
9.736174433021441,0.702587105699616,8.509083986282349
9.736174433021441,0.702587105699616,8.509083986282349
9.736174433021441,0.702587105699616,8.509083986282349
9.736174433021441,0.702587105699616,8.509083986282349
9.764963328867637,0.7553874150009836,8.509083986282349
9.764963328867637,0.7553874150009836,8.509083986282349
9.791709805762975,0.8081873102845449,8.509083986282349
9.791709805762975,0.8081873102845449,8.509083986282349
9.791709805762975,0.8081873102845449,8.509083986282349
9.816397329442488,0.8609324827492757,8.509083986282349
9.816397329442488,0.8609324827492757,8.509083986282349
9.839153897130883,0.9140609912924876,8.509083986282349
9.839153897130883,0.9140609912924876,8.509083986282349
9.839153897130883,0.9140609912924876,8.509083986282349
9.86003735453047,0.9681019610429547,8.509083986282349
9.86003735453047,0.9681019610429547,8.509083986282349
9.879098504433637,1.023072774927716,8.509083986282349
9.879098504433637,1.023072774927716,8.509083986282349
9.879098504433637,1.023072774927716,8.509083986282349
9.896417447966183,1.0789784202675092,8.509083986282349
9.896417447966183,1.0789784202675092,8.509083986282349
9.912047861111656,1.1358613343633541,8.509083986282349
9.912047861111656,1.1358613343633541,8.509083986282349
9.926137310859056,1.1937538935997432,8.509083986282349
9.926137310859056,1.1937538935997432,8.509083986282349
9.926137310859056,1.1937538935997432,8.509083986282349
9.938841415670055,1.2526287292452933,8.509083986282349
9.938841415670055,1.2526287292452933,8.509083986282349
9.938841415670055,1.2526287292452933,8.509083986282349
9.950252021647437,1.3123961671374755,8.509083986282349
9.950252021647437,1.3123961671374755,8.509083986282349
9.960482103780844,1.3728884683888756,8.509083986282349
9.960482103780844,1.3728884683888756,8.509083986282349
9.960482103780844,1.3728884683888756,8.509083986282349
9.96959200424907,1.433930686225398,8.509083986282349
9.96959200424907,1.433930686225398,8.509083986282349
9.977701409382,1.4954470119364918,8.509083986282349
9.977701409382,1.4954470119364918,8.509083986282349
9.977701409382,1.4954470119364918,8.509083986282349
9.984882362201065,1.5574057344734737,8.509083986282349
9.984882362201065,1.5574057344734737,8.509083986282349
9.991234066119684,1.6197334059684443,8.509083986282349
9.991234066119684,1.6197334059684443,8.509083986282349
9.991234066119684,1.6197334059684443,8.509083986282349
9.996800134293142,1.6823759960825841,8.509083986282349
9.996800134293142,1.6823759960825841,8.509083986282349
10.001665482674973,1.7453007318760618,8.509083986282349
10.001665482674973,1.7453007318760618,8.509083986282349
10.001665482674973,1.7453007318760618,8.509083986282349
10.005857120249676,1.8084866385327616,8.509083986282349
10.005857120249676,1.8084866385327616,8.509083986282349
10.009444082244615,1.8719333312410873,8.509083986282349
10.009444082244615,1.8719333312410873,8.509083986282349
10.009444082244615,1.8719333312410873,8.509083986282349
10.01243834218005,1.935644182805972,8.509083986282349
10.01243834218005,1.935644182805972,8.509083986282349
10.014894304633653,1.9996392857230678,8.509083986282349
10.014894304633653,1.9996392857230678,8.509083986282349
10.014894304633653,1.9996392857230678,8.509083986282349
10.016812376217537,2.0639389432333477,8.509083986282349
10.016812376217537,2.0639389432333477,8.509083986282349
10.018233152670096,2.12854264489365,8.509083986282349
10.018233152670096,2.12854264489365,8.509083986282349
10.01914906001224,2.1934914534483267,8.509083986282349
10.01914906001224,2.1934914534483267,8.509083986282349
10.01914906001224,2.1934914534483267,8.509083986282349
10.019594435094598,2.258813994017706,8.509083986282349
10.019594435094598,2.258813994017706,8.509083986282349
10.019594435094598,2.258813994017706,8.509083986282349
10.019552905044254,2.3244921824944758,8.509083986282349
10.019552905044254,2.3244921824944758,8.509083986282349
10.019052440451492,2.390537696655869,8.509083986282349
10.019052440451492,2.390537696655869,8.509083986282349
10.019052440451492,2.390537696655869,8.509083986282349
10.018074590568027,2.4569715475899767,8.509083986282349
10.018074590568027,2.4569715475899767,8.509083986282349
10.016665161171177,2.523827543864781,8.509083986282349
10.016665161171177,2.523827543864781,8.509083986282349
10.016665161171177,2.523827543864781,8.509083986282349
10.014868513449137,2.5911588875791454,8.509083986282349
10.014868513449137,2.5911588875791454,8.509083986282349
10.01266746347956,2.658967245374309,8.509083986282349
10.01266746347956,2.658967245374309,8.509083986282349
10.01266746347956,2.658967245374309,8.509083986282349
10.010088969949276,2.7272603496953645,8.509083986282349
10.010088969949276,2.7272603496953645,8.509083986282349
10.007119276804215,2.796072183549014,8.509083986282349
10.007119276804215,2.796072183549014,8.509083986282349
10.007119276804215,2.796072183549014,8.509083986282349
10.003787789894504,2.8654005555333337,8.509083986282349
10.003787789894504,2.8654005555333337,8.509083986282349
10.000083079816845,2.9352408775822463,8.509083986282349
10.000083079816845,2.9352408775822463,8.509083986282349
10.000083079816845,2.9352408775822463,8.509083986282349
9.996034310158985,3.005618735028034,8.509083986282349
9.996034310158985,3.005618735028034,8.509083986282349
9.991630297301075,3.0765338072006774,8.509083986282349
9.991630297301075,3.0765338072006774,8.509083986282349
9.991630297301075,3.0765338072006774,8.509083986282349
9.986899664163493,3.1479949574387556,8.509083986282349
9.986899664163493,3.1479949574387556,8.509083986282349
9.981829426894114,3.2200349895446774,8.509083986282349
9.981829426894114,3.2200349895446774,8.509083986282349
9.981829426894114,3.2200349895446774,8.509083986282349
9.976445352386726,3.2926941389480096,8.509083986282349
9.976445352386726,3.2926941389480096,8.509083986282349
9.970735567969125,3.3659634124395903,8.509083986282349
9.970735567969125,3.3659634124395903,8.509083986282349
9.970735567969125,3.3659634124395903,8.509083986282349
9.964746608211586,3.4398170175875866,8.509083986282349
9.964746608211586,3.4398170175875866,8.509083986282349
9.958523903833242,3.514259965472352,8.509083986282349
9.958523903833242,3.514259965472352,8.509083986282349
9.952055850278382,3.589290283615879,8.509083986282349
9.952055850278382,3.589290283615879,8.509083986282349
9.952055850278382,3.589290283615879,8.509083986282349
9.945372642413872,3.664893903512553,8.509083986282349
9.945372642413872,3.664893903512553,8.509083986282349
9.945372642413872,3.664893903512553,8.509083986282349
9.93846558363891,3.7410496083938103,8.509083986282349
9.93846558363891,3.7410496083938103,8.509083986282349
9.931366109338965,3.817741376419218,8.509083986282349
9.931366109338965,3.817741376419218,8.509083986282349
9.931366109338965,3.817741376419218,8.509083986282349
9.924065542061728,3.894939033326467,8.509083986282349
9.924065542061728,3.894939033326467,8.509083986282349
9.916596264775126,3.972611826588981,8.509083986282349
9.916596264775126,3.972611826588981,8.509083986282349
9.916596264775126,3.972611826588981,8.509083986282349
9.908948008923462,4.050722726898059,8.509083986282349
9.908948008923462,4.050722726898059,8.509083986282349
9.901152317033471,4.12924017270732,8.509083986282349
9.901152317033471,4.12924017270732,8.509083986282349
9.901152317033471,4.12924017270732,8.509083986282349
9.893197505997405,4.20811016725368,8.509083986282349
9.885115092196946,4.287289612703099,8.509083986282349
9.885115092196946,4.287289612703099,8.509083986282349
9.885115092196946,4.287289612703099,8.509083986282349
9.87688771224561,4.366753142944532,8.509083986282349
9.87688771224561,4.366753142944532,8.509083986282349
9.868544250036388,4.446471952369624,8.509083986282349
9.868544250036388,4.446471952369624,8.509083986282349
9.868544250036388,4.446471952369624,8.509083986282349
9.868544250036388,4.446471952369624,8.509083986282349
9.860065432292867,4.52641151957434,8.509083986282349
9.860065432292867,4.52641151957434,8.509083986282349
9.8515039121743,4.606540889063416,8.509083986282349
9.8515039121743,4.606540889063416,8.509083986282349
9.8515039121743,4.606540889063416,8.509083986282349
9.842912013441401,4.686831462453633,8.509083986282349
9.842912013441401,4.686831462453633,8.509083986282349
9.834269678794602,4.76725799659997,8.509083986282349
9.834269678794602,4.76725799659997,8.509083986282349
9.834269678794602,4.76725799659997,8.509083986282349
9.825608968316917,4.847804766361978,8.509083986282349
9.825608968316917,4.847804766361978,8.509083986282349
9.816912175253915,4.928459824356332,8.509083986282349
9.816912175253915,4.928459824356332,8.509083986282349
9.816912175253915,4.928459824356332,8.509083986282349
9.808213704080156,5.009219037614393,8.509083986282349
9.808213704080156,5.009219037614393,8.509083986282349
9.799496066510974,5.090090233218193,8.509083986282349
9.799496066510974,5.090090233218193,8.509083986282349
9.799496066510974,5.090090233218193,8.509083986282349
9.79079327934544,5.171088210433388,8.509083986282349
9.79079327934544,5.171088210433388,8.509083986282349
9.782090536702036,5.252210992293875,8.509083986282349
9.782090536702036,5.252210992293875,8.509083986282349
9.773423931354971,5.333461515718366,8.509083986282349
9.773423931354971,5.333461515718366,8.509083986282349
9.773423931354971,5.333461515718366,8.509083986282349
9.76477911179071,5.4148359688332395,8.509083986282349
9.76477911179071,5.4148359688332395,8.509083986282349
9.76477911179071,5.4148359688332395,8.509083986282349
9.756195020858208,5.496311994007503,8.509083986282349
9.756195020858208,5.496311994007503,8.509083986282349
9.747661469652645,5.577838424176703,8.509083986282349
9.747661469652645,5.577838424176703,8.509083986282349
9.747661469652645,5.577838424176703,8.509083986282349
9.739219947729884,5.659372728510559,8.509083986282349
9.739219947729884,5.659372728510559,8.509083986282349
9.73087125305227,5.740733700019932,8.509083986282349
9.73087125305227,5.740733700019932,8.509083986282349
9.73087125305227,5.740733700019932,8.509083986282349
9.722702917263316,5.821757165548014,8.509083986282349
9.722702917263316,5.821757165548014,8.509083986282349
9.71478371360939,5.902440922412102,8.509083986282349
9.71478371360939,5.902440922412102,8.509083986282349
9.71478371360939,5.902440922412102,8.509083986282349
9.707095427693094,5.9827661614012975,8.509083986282349
9.707095427693094,5.9827661614012975,8.509083986282349
9.699686623429166,6.062723593005549,8.509083986282349
9.699686623429166,6.062723593005549,8.509083986282349
9.699686623429166,6.062723593005549,8.509083986282349
9.692550214791638,6.142258813394909,8.509083986282349
9.692550214791638,6.142258813394909,8.509083986282349
9.685741518922867,6.221369566462549,8.509083986282349
9.685741518922867,6.221369566462549,8.509083986282349
9.685741518922867,6.221369566462549,8.509083986282349
9.679238184227076,6.300248121323603,8.509083986282349
9.673094025090153,6.378934979598935,8.509083986282349
9.673094025090153,6.378934979598935,8.509083986282349
9.673094025090153,6.378934979598935,8.509083986282349
9.673094025090153,6.378934979598935,8.509083986282349
9.667286530579872,6.457269352073127,8.509083986282349
9.667286530579872,6.457269352073127,8.509083986282349
9.66178981445925,6.535087796104562,8.509083986282349
9.66178981445925,6.535087796104562,8.509083986282349
9.66178981445925,6.535087796104562,8.509083986282349
9.656670392672863,6.612235011835723,8.509083986282349
9.656670392672863,6.612235011835723,8.509083986282349
9.651886189184088,6.688739627842876,8.509083986282349
9.651886189184088,6.688739627842876,8.509083986282349
9.651886189184088,6.688739627842876,8.509083986282349
9.647396047862038,6.76449901231016,8.509083986282349
9.647396047862038,6.76449901231016,8.509083986282349
9.643258805458656,6.839326045699375,8.509083986282349
9.643258805458656,6.839326045699375,8.509083986282349
9.643258805458656,6.839326045699375,8.509083986282349
9.639457565396082,6.913218649546336,8.509083986282349
9.639457565396082,6.913218649546336,8.509083986282349
9.636048934581023,6.986178372502149,8.509083986282349
9.636048934581023,6.986178372502149,8.509083986282349
9.636048934581023,6.986178372502149,8.509083986282349
9.632974404053458,7.0582011126303765,8.509083986282349
9.632974404053458,7.0582011126303765,8.509083986282349
9.630145947804296,7.129282213428116,8.509083986282349
9.630145947804296,7.129282213428116,8.509083986282349
9.630145947804296,7.129282213428116,8.509083986282349
9.627478617922515,7.1994178767213555,8.509083986282349
9.627478617922515,7.1994178767213555,8.509083986282349
9.624885277336306,7.268604659875554,8.509083986282349
9.624885277336306,7.268604659875554,8.509083986282349
9.624885277336306,7.268604659875554,8.509083986282349
9.622272466563869,7.336839016005077,8.509083986282349
9.622272466563869,7.336839016005077,8.509083986282349
9.619573881318912,7.404118278813358,8.509083986282349
9.619573881318912,7.404118278813358,8.509083986282349
9.619573881318912,7.404118278813358,8.509083986282349
9.616814426464243,7.4704432566890295,8.509083986282349
9.616814426464243,7.4704432566890295,8.509083986282349
9.613886861531695,7.535809046630932,8.509083986282349
9.613886861531695,7.535809046630932,8.509083986282349
9.613886861531695,7.535809046630932,8.509083986282349
9.6106422869699,7.600207604242092,8.509083986282349
9.6106422869699,7.600207604242092,8.509083986282349
9.606925613724854,7.663627914759793,8.509083986282349
9.606925613724854,7.663627914759793,8.509083986282349
9.606925613724854,7.663627914759793,8.509083986282349
9.60260921744702,7.726056930672874,8.509083986282349
9.60260921744702,7.726056930672874,8.509083986282349
9.597656330605275,7.787484532665649,8.509083986282349
9.597656330605275,7.787484532665649,8.509083986282349
9.597656330605275,7.787484532665649,8.509083986282349
9.59191701651799,7.8478882308978495,8.509083986282349
9.59191701651799,7.8478882308978495,8.509083986282349
9.585252817785458,7.907239736419182,8.509083986282349
9.585252817785458,7.907239736419182,8.509083986282349
9.585252817785458,7.907239736419182,8.509083986282349
9.57749905711991,7.965499257520812,8.509083986282349
9.57749905711991,7.965499257520812,8.509083986282349
9.568573419018396,8.0226281148414,8.509083986282349
9.568573419018396,8.0226281148414,8.509083986282349
9.568573419018396,8.0226281148414,8.509083986282349
9.558309786221402,8.078564820564287,8.509083986282349
9.558309786221402,8.078564820564287,8.509083986282349
9.546613371081547,8.133246949809145,8.509083986282349
9.546613371081547,8.133246949809145,8.509083986282349
9.533314686214664,8.18658149344602,8.509083986282349
9.533314686214664,8.18658149344602,8.509083986282349
9.533314686214664,8.18658149344602,8.509083986282349
9.518322737247965,8.23847520822676,8.509083986282349
9.518322737247965,8.23847520822676,8.509083986282349
9.518322737247965,8.23847520822676,8.509083986282349
9.501481086339304,8.288795838885378,8.509083986282349
9.501481086339304,8.288795838885378,8.509083986282349
9.482752389835364,8.337426889212091,8.509083986282349
9.482752389835364,8.337426889212091,8.509083986282349
9.482752389835364,8.337426889212091,8.509083986282349
9.46210062591869,8.384234385282767,8.509083986282349
9.46210062591869,8.384234385282767,8.509083986282349
9.439410302858075,8.429023753927012,8.509083986282349
9.439410302858075,8.429023753927012,8.509083986282349
9.439410302858075,8.429023753927012,8.509083986282349
9.414697326454379,8.471633212880672,8.509083986282349
9.414697326454379,8.471633212880672,8.509083986282349
9.387994139683219,8.511886772554366,8.509083986282349
9.387994139683219,8.511886772554366,8.509083986282349
9.387994139683219,8.511886772554366,8.509083986282349
9.359034223859402,8.549617762449914,8.509083986282349
9.359034223859402,8.549617762449914,8.509083986282349
9.32709461290862,8.584881290633474,8.509083986282349
9.32709461290862,8.584881290633474,8.509083986282349
9.32709461290862,8.584881290633474,8.509083986282349
9.291764367887145,8.617811742449586,8.509083986282349
9.291764367887145,8.617811742449586,8.509083986282349
9.253325787921137,8.648541124635356,8.509083986282349
9.253325787921137,8.648541124635356,8.509083986282349
9.253325787921137,8.648541124635356,8.509083986282349
9.212196268998548,8.677263397415956,8.509083986282349
9.212196268998548,8.677263397415956,8.509083986282349
9.168765326772172,8.704224641240126,8.509083986282349
9.168765326772172,8.704224641240126,8.509083986282349
9.168765326772172,8.704224641240126,8.509083986282349
9.123406869143361,8.729647803917887,8.509083986282349
9.123406869143361,8.729647803917887,8.509083986282349
9.07647093108523,8.753664132597109,8.509083986282349
9.07647093108523,8.753664132597109,8.509083986282349
9.07647093108523,8.753664132597109,8.509083986282349
9.02831918802357,8.77639056303766,8.509083986282349
9.02831918802357,8.77639056303766,8.509083986282349
8.9792929381491,8.797837802231701,8.509083986282349
8.9792929381491,8.797837802231701,8.509083986282349
8.9792929381491,8.797837802231701,8.509083986282349
8.930050767339663,8.817783806567196,8.509083986282349
8.930050767339663,8.817783806567196,8.509083986282349
8.88119514603668,8.836169897013596,8.509083986282349
8.88119514603668,8.836169897013596,8.509083986282349
8.88119514603668,8.836169897013596,8.509083986282349
8.832817651126613,8.853086197028425,8.509083986282349
8.832817651126613,8.853086197028425,8.509083986282349
8.784956343618301,8.868554278992937,8.509083986282349
8.784956343618301,8.868554278992937,8.509083986282349
8.784956343618301,8.868554278992937,8.509083986282349
8.737648080848425,8.882594930960696,8.509083986282349
8.737648080848425,8.882594930960696,8.509083986282349
8.690947429561442,8.89529564078858,8.509083986282349
8.690947429561442,8.89529564078858,8.509083986282349
8.644502030011129,8.906695408182042,8.509083986282349
8.644502030011129,8.906695408182042,8.509083986282349
8.644502030011129,8.906695408182042,8.509083986282349
8.59772866530201,8.916897582575364,8.509083986282349
8.59772866530201,8.916897582575364,8.509083986282349
8.59772866530201,8.916897582575364,8.509083986282349
8.550297642094927,8.925921362586955,8.509083986282349
8.550297642094927,8.925921362586955,8.509083986282349
8.502084499870021,8.93385023564565,8.509083986282349
8.502084499870021,8.93385023564565,8.509083986282349
8.502084499870021,8.93385023564565,8.509083986282349
8.45305599258172,8.940789207277616,8.509083986282349
8.45305599258172,8.940789207277616,8.509083986282349
8.403210002886489,8.946829729596159,8.509083986282349
8.403210002886489,8.946829729596159,8.509083986282349
8.403210002886489,8.946829729596159,8.509083986282349
8.352542841963396,8.952013914311255,8.509083986282349
8.352542841963396,8.952013914311255,8.509083986282349
8.301050973156949,8.956423802802346,8.509083986282349
8.301050973156949,8.956423802802346,8.509083986282349
8.301050973156949,8.956423802802346,8.509083986282349
8.248737814861435,8.96010300275355,8.509083986282349
8.248737814861435,8.96010300275355,8.509083986282349
8.19562991911104,8.963124038602404,8.509083986282349
8.19562991911104,8.963124038602404,8.509083986282349
8.19562991911104,8.963124038602404,8.509083986282349
8.141759948631952,8.965516534215634,8.509083986282349
8.141759948631952,8.965516534215634,8.509083986282349
8.087161903916286,8.967359006061367,8.509083986282349
8.087161903916286,8.967359006061367,8.509083986282349
8.087161903916286,8.967359006061367,8.509083986282349
8.031863520400181,8.968725767552286,8.509083986282349
8.031863520400181,8.968725767552286,8.509083986282349
7.975893499211431,8.969630476857727,8.509083986282349
7.975893499211431,8.969630476857727,8.509083986282349
7.975893499211431,8.969630476857727,8.509083986282349
7.9192811308057545,8.970120160715764,8.509083986282349
7.9192811308057545,8.970120160715764,8.509083986282349
7.862076269680199,8.970196693285045,8.509083986282349
7.862076269680199,8.970196693285045,8.509083986282349
7.804316814122773,8.969897678344001,8.509083986282349
7.804316814122773,8.969897678344001,8.509083986282349
7.746013276555236,8.969217598408614,8.509083986282349
7.746013276555236,8.969217598408614,8.509083986282349
7.746013276555236,8.969217598408614,8.509083986282349
7.6871791405348855,8.968187348104866,8.509083986282349
7.6871791405348855,8.968187348104866,8.509083986282349
7.6871791405348855,8.968187348104866,8.509083986282349
7.62782328842535,8.966793244228862,8.509083986282349
7.62782328842535,8.966793244228862,8.509083986282349
7.62782328842535,8.966793244228862,8.509083986282349
7.567951870574877,8.965059680236228,8.509083986282349
7.567951870574877,8.965059680236228,8.509083986282349
7.507555031179736,8.962967348810412,8.509083986282349
7.507555031179736,8.962967348810412,8.509083986282349
7.446621862871669,8.96053581761856,8.509083986282349
7.446621862871669,8.96053581761856,8.509083986282349
7.446621862871669,8.96053581761856,8.509083986282349
7.385129557822069,8.957742080355388,8.509083986282349
7.385129557822069,8.957742080355388,8.509083986282349
7.385129557822069,8.957742080355388,8.509083986282349
7.3230301530800785,8.954602095869145,8.509083986282349
7.3230301530800785,8.954602095869145,8.509083986282349
7.260311472249828,8.951091830121396,8.509083986282349
7.260311472249828,8.951091830121396,8.509083986282349
7.1969737613520515,8.947225532380259,8.509083986282349
7.1969737613520515,8.947225532380259,8.509083986282349
7.1969737613520515,8.947225532380259,8.509083986282349
7.1330368722729816,8.942978741268945,8.509083986282349
7.1330368722729816,8.942978741268945,8.509083986282349
7.1330368722729816,8.942978741268945,8.509083986282349
7.0685106200424626,8.938384721339709,8.509083986282349
7.0685106200424626,8.938384721339709,8.509083986282349
7.003349603251486,8.933475042482934,8.509083986282349
7.003349603251486,8.933475042482934,8.509083986282349
7.003349603251486,8.933475042482934,8.509083986282349
6.937539932274148,8.928227578481419,8.509083986282349
6.937539932274148,8.928227578481419,8.509083986282349
6.8710837980851585,8.922661267040908,8.509083986282349
6.8710837980851585,8.922661267040908,8.509083986282349
6.803964786406973,8.916757677518113,8.509083986282349
6.803964786406973,8.916757677518113,8.509083986282349
6.736191414283154,8.910538766908076,8.509083986282349
6.736191414283154,8.910538766908076,8.509083986282349
6.736191414283154,8.910538766908076,8.509083986282349
6.667779627461948,8.903989655431385,8.509083986282349
6.667779627461948,8.903989655431385,8.509083986282349
6.598717665201139,8.89713195957643,8.509083986282349
6.598717665201139,8.89713195957643,8.509083986282349
6.598717665201139,8.89713195957643,8.509083986282349
6.52902111966497,8.88995112925798,8.509083986282349
6.52902111966497,8.88995112925798,8.509083986282349
6.52902111966497,8.88995112925798,8.509083986282349
6.458702144685735,8.88247021682823,8.509083986282349
6.458702144685735,8.88247021682823,8.509083986282349
6.387760655310481,8.874672614547595,8.509083986282349
6.387760655310481,8.874672614547595,8.509083986282349
6.387760655310481,8.874672614547595,8.509083986282349
6.316216703737003,8.86658128348703,8.509083986282349
6.316216703737003,8.86658128348703,8.509083986282349
6.316216703737003,8.86658128348703,8.509083986282349
6.244096545254681,8.858179998878118,8.509083986282349
6.244096545254681,8.858179998878118,8.509083986282349
6.171410930715354,8.849510035399387,8.509083986282349
6.171410930715354,8.849510035399387,8.509083986282349
6.171410930715354,8.849510035399387,8.509083986282349
6.098165512132884,8.840612682647935,8.509083986282349
6.098165512132884,8.840612682647935,8.509083986282349
6.024385563878179,8.831473352503027,8.509083986282349
6.024385563878179,8.831473352503027,8.509083986282349
6.024385563878179,8.831473352503027,8.509083986282349
5.950094968078451,8.822119574184992,8.509083986282349
5.950094968078451,8.822119574184992,8.509083986282349
5.875309999246131,8.812537537498347,8.509083986282349
5.875309999246131,8.812537537498347,8.509083986282349
5.800052512317688,8.802756520544815,8.509083986282349
5.800052512317688,8.802756520544815,8.509083986282349
5.800052512317688,8.802756520544815,8.509083986282349
5.724349165264356,8.792764150689337,8.509083986282349
5.724349165264356,8.792764150689337,8.509083986282349
5.648229465307316,8.782591373155059,8.509083986282349
5.648229465307316,8.782591373155059,8.509083986282349
5.648229465307316,8.782591373155059,8.509083986282349
5.571730839006482,8.772225967584266,8.509083986282349
5.571730839006482,8.772225967584266,8.509083986282349
5.571730839006482,8.772225967584266,8.509083986282349
5.494878034091491,8.76169827712065,8.509083986282349
5.494878034091491,8.76169827712065,8.509083986282349
5.4176972705356645,8.75099292463288,8.509083986282349
5.4176972705356645,8.75099292463288,8.509083986282349
5.4176972705356645,8.75099292463288,8.509083986282349
5.340210105513288,8.740139221117785,8.509083986282349
5.340210105513288,8.740139221117785,8.509083986282349
5.262450462022462,8.72912083613706,8.509083986282349
5.262450462022462,8.72912083613706,8.509083986282349
5.262450462022462,8.72912083613706,8.509083986282349
5.184446163055609,8.717967245059324,8.509083986282349
5.184446163055609,8.717967245059324,8.509083986282349
5.106221630560173,8.706658809627179,8.509083986282349
5.106221630560173,8.706658809627179,8.509083986282349
5.106221630560173,8.706658809627179,8.509083986282349
5.027794328005932,8.695222886438462,8.509083986282349
5.027794328005932,8.695222886438462,8.509083986282349
4.949197058258856,8.68363919230851,8.509083986282349
4.949197058258856,8.68363919230851,8.509083986282349
4.949197058258856,8.68363919230851,8.509083986282349
4.870445646580035,8.671934277240412,8.509083986282349
4.870445646580035,8.671934277240412,8.509083986282349
4.791557304198735,8.660084137512454,8.509083986282349
4.791557304198735,8.660084137512454,8.509083986282349
4.791557304198735,8.660084137512454,8.509083986282349
4.712535788025025,8.648138196060838,8.509083986282349
4.712535788025025,8.648138196060838,8.509083986282349
4.63338530309379,8.636145407944303,8.509083986282349
4.63338530309379,8.636145407944303,8.509083986282349
4.63338530309379,8.636145407944303,8.509083986282349
4.55411729345668,8.62408267831024,8.509083986282349
4.55411729345668,8.62408267831024,8.509083986282349
4.474735133526001,8.61198014981447,8.509083986282349
4.474735133526001,8.61198014981447,8.509083986282349
4.474735133526001,8.61198014981447,8.509083986282349
4.39524894078747,8.599819811043782,8.509083986282349
4.39524894078747,8.599819811043782,8.509083986282349
4.315660363557897,8.587635995021206,8.509083986282349
4.315660363557897,8.587635995021206,8.509083986282349
4.315660363557897,8.587635995021206,8.509083986282349
4.235991267013968,8.575415652630719,8.509083986282349
4.235991267013968,8.575415652630719,8.509083986282349
4.156267999854317,8.563199951897342,8.509083986282349
4.156267999854317,8.563199951897342,8.509083986282349
4.076507363659516,8.550975973920174,8.509083986282349
4.076507363659516,8.550975973920174,8.509083986282349
4.076507363659516,8.550975973920174,8.509083986282349
3.9967192305285955,8.53878362330757,8.509083986282349
3.9967192305285955,8.53878362330757,8.509083986282349
3.9967192305285955,8.53878362330757,8.509083986282349
3.916999808434314,8.526622203441237,8.509083986282349
3.916999808434314,8.526622203441237,8.509083986282349
3.837450868394458,8.514547889109789,8.509083986282349
3.837450868394458,8.514547889109789,8.509083986282349
3.837450868394458,8.514547889109789,8.509083986282349
3.758139451591462,8.502552713100826,8.509083986282349
3.758139451591462,8.502552713100826,8.509083986282349
3.679055542861877,8.490676714434228,8.509083986282349
3.679055542861877,8.490676714434228,8.509083986282349
3.679055542861877,8.490676714434228,8.509083986282349
3.600216523454744,8.478903582465312,8.509083986282349
3.600216523454744,8.478903582465312,8.509083986282349
3.521721831615486,8.467290109435497,8.509083986282349
3.521721831615486,8.467290109435497,8.509083986282349
3.521721831615486,8.467290109435497,8.509083986282349
3.4436688090297176,8.455829459457982,8.509083986282349
3.4436688090297176,8.455829459457982,8.509083986282349
3.3660484917186624,8.444595672480663,8.509083986282349
3.3660484917186624,8.444595672480663,8.509083986282349
3.3660484917186624,8.444595672480663,8.509083986282349
3.2887833159182844,8.433647896152086,8.509083986282349
3.2887833159182844,8.433647896152086,8.509083986282349
3.211785071899219,8.422952905484284,8.509083986282349
3.211785071899219,8.422952905484284,8.509083986282349
3.211785071899219,8.422952905484284,8.509083986282349
3.134916776068558,8.412537100368123,8.509083986282349
3.134916776068558,8.412537100368123,8.509083986282349
3.05813527713998,8.402385227586862,8.509083986282349
3.05813527713998,8.402385227586862,8.509083986282349
2.9814101829484305,8.392543288484049,8.509083986282349
2.9814101829484305,8.392543288484049,8.509083986282349
2.9814101829484305,8.392543288484049,8.509083986282349
2.9046627216048417,8.382995023460996,8.509083986282349
2.9046627216048417,8.382995023460996,8.509083986282349
2.827885649270251,8.37378861886072,8.509083986282349
2.827885649270251,8.37378861886072,8.509083986282349
2.751081010089042,8.36491831928683,8.509083986282349
2.751081010089042,8.36491831928683,8.509083986282349
2.751081010089042,8.36491831928683,8.509083986282349
2.6741905698018376,8.356424479922579,8.509083986282349
2.6741905698018376,8.356424479922579,8.509083986282349
2.6741905698018376,8.356424479922579,8.509083986282349
2.5971742625151566,8.348295071017965,8.509083986282349
2.5971742625151566,8.348295071017965,8.509083986282349
2.5971742625151566,8.348295071017965,8.509083986282349
2.5200210446077094,8.340571835446315,8.509083986282349
2.5200210446077094,8.340571835446315,8.509083986282349
2.442742183043099,8.333245046711445,8.509083986282349
2.442742183043099,8.333245046711445,8.509083986282349
2.442742183043099,8.333245046711445,8.509083986282349
2.3653192708510935,8.3263522685305,8.509083986282349
2.3653192708510935,8.3263522685305,8.509083986282349
2.287722820530657,8.31985198961408,8.509083986282349
2.287722820530657,8.31985198961408,8.509083986282349
2.287722820530657,8.31985198961408,8.509083986282349
2.209951786253478,8.31370408792341,8.509083986282349
2.209951786253478,8.31370408792341,8.509083986282349
2.132002406058781,8.307938640937472,8.509083986282349
2.132002406058781,8.307938640937472,8.509083986282349
2.132002406058781,8.307938640937472,8.509083986282349
2.053868370083938,8.30253030737906,8.509083986282349
2.053868370083938,8.30253030737906,8.509083986282349
1.9755456257298005,8.297500068003435,8.509083986282349
1.9755456257298005,8.297500068003435,8.509083986282349
1.9755456257298005,8.297500068003435,8.509083986282349
1.8970482414056946,8.292816536087162,8.509083986282349
1.8970482414056946,8.292816536087162,8.509083986282349
1.8183979705534212,8.288496787907748,8.509083986282349
1.8183979705534212,8.288496787907748,8.509083986282349
1.8183979705534212,8.288496787907748,8.509083986282349
1.7395966459137275,8.284504675868906,8.509083986282349
1.7395966459137275,8.284504675868906,8.509083986282349
1.6606444314666486,8.280853626268927,8.509083986282349
1.6606444314666486,8.280853626268927,8.509083986282349
1.6606444314666486,8.280853626268927,8.509083986282349
1.5815720957204387,8.27750694083855,8.509083986282349
1.5815720957204387,8.27750694083855,8.509083986282349
1.502401596786774,8.274478719348275,8.509083986282349
1.502401596786774,8.274478719348275,8.509083986282349
1.502401596786774,8.274478719348275,8.509083986282349
1.4231380453409899,8.271730815626363,8.509083986282349
1.4231380453409899,8.271730815626363,8.509083986282349
1.343782077954355,8.269277282111725,8.509083986282349
1.343782077954355,8.269277282111725,8.509083986282349
1.343782077954355,8.269277282111725,8.509083986282349
1.2643511868948418,8.267081264785102,8.509083986282349
1.2643511868948418,8.267081264785102,8.509083986282349
1.1848675213112132,8.265159061961077,8.509083986282349
1.1848675213112132,8.265159061961077,8.509083986282349
1.1848675213112132,8.265159061961077,8.509083986282349
1.1053321448982754,8.263474529027143,8.509083986282349
1.1053321448982754,8.263474529027143,8.509083986282349
1.025738580016543,8.262044935598892,8.509083986282349
1.025738580016543,8.262044935598892,8.509083986282349
1.025738580016543,8.262044935598892,8.509083986282349
0.946093126086159,8.260835969393653,8.509083986282349
0.946093126086159,8.260835969393653,8.509083986282349
0.866402879631424,8.25986684614057,8.509083986282349
0.866402879631424,8.25986684614057,8.509083986282349
0.866402879631424,8.25986684614057,8.509083986282349
0.7866611934898805,8.259104528825558,8.509083986282349
0.7866611934898805,8.259104528825558,8.509083986282349
0.7068571347002831,8.258569320859815,8.509083986282349
0.7068571347002831,8.258569320859815,8.509083986282349
0.7068571347002831,8.258569320859815,8.509083986282349
0.6269722144770886,8.258229698667225,8.509083986282349
0.6269722144770886,8.258229698667225,8.509083986282349
0.547019420927097,8.258107022022733,8.509083986282349
0.547019420927097,8.258107022022733,8.509083986282349
0.547019420927097,8.258107022022733,8.509083986282349
0.46701222786387686,8.258170950031522,8.509083986282349
0.46701222786387686,8.258170950031522,8.509083986282349
0.38693132024392524,8.258443856927768,8.509083986282349
0.38693132024392524,8.258443856927768,8.509083986282349
0.38693132024392524,8.258443856927768,8.509083986282349
0.3067602068119145,8.258896474670358,8.509083986282349
0.3067602068119145,8.258896474670358,8.509083986282349
0.2265022678935295,8.25955164283129,8.509083986282349
0.2265022678935295,8.25955164283129,8.509083986282349
0.2265022678935295,8.25955164283129,8.509083986282349
0.14616709717280874,8.260380718608777,8.509083986282349
0.14616709717280874,8.260380718608777,8.509083986282349
0.0657463342946731,8.26140733249286,8.509083986282349
0.0657463342946731,8.26140733249286,8.509083986282349
0.0657463342946731,8.26140733249286,8.509083986282349
-0.014774390223419864,8.262603726209761,8.509083986282349
-0.014774390223419864,8.262603726209761,8.509083986282349
-0.09541057067308296,8.26399381675666,8.509083986282349
-0.09541057067308296,8.26399381675666,8.509083986282349
-0.09541057067308296,8.26399381675666,8.509083986282349
-0.1761551989658049,8.265550189706314,8.509083986282349
-0.1761551989658049,8.265550189706314,8.509083986282349
-0.2569976991719448,8.267296766665904,8.509083986282349
-0.2569976991719448,8.267296766665904,8.509083986282349
-0.2569976991719448,8.267296766665904,8.509083986282349
-0.3379481540078527,8.269206663676165,8.509083986282349
-0.3379481540078527,8.269206663676165,8.509083986282349
-0.4190184297919213,8.271304419554458,8.509083986282349
-0.4190184297919213,8.271304419554458,8.509083986282349
-0.4190184297919213,8.271304419554458,8.509083986282349
-0.5002068227997251,8.273563392031415,8.509083986282349
-0.5002068227997251,8.273563392031415,8.509083986282349
-0.581506390734538,8.276007922142185,8.509083986282349
-0.581506390734538,8.276007922142185,8.509083986282349
-0.581506390734538,8.276007922142185,8.509083986282349
-0.6629281410752503,8.278611919276525,8.509083986282349
-0.6629281410752503,8.278611919276525,8.509083986282349
-0.7444779728236918,8.281400145462458,8.509083986282349
-0.7444779728236918,8.281400145462458,8.509083986282349
-0.8261631797256751,8.284346798122492,8.509083986282349
-0.8261631797256751,8.284346798122492,8.509083986282349
-0.8261631797256751,8.284346798122492,8.509083986282349
-0.9079827579450346,8.287476430162668,8.509083986282349
-0.9079827579450346,8.287476430162668,8.509083986282349
-0.9079827579450346,8.287476430162668,8.509083986282349
-0.9899398616431374,8.290763292403756,8.509083986282349
-0.9899398616431374,8.290763292403756,8.509083986282349
-1.0720459015623944,8.29423238654179,8.509083986282349
-1.0720459015623944,8.29423238654179,8.509083986282349
-1.0720459015623944,8.29423238654179,8.509083986282349
-1.1543116695341376,8.297858531161271,8.509083986282349
-1.1543116695341376,8.297858531161271,8.509083986282349
-1.2367438914262006,8.301666346510975,8.509083986282349
-1.2367438914262006,8.301666346510975,8.509083986282349
-1.3193353452367942,8.305630017662395,8.509083986282349
-1.3193353452367942,8.305630017662395,8.509083986282349
-1.3193353452367942,8.305630017662395,8.509083986282349
-1.4020796097449755,8.309773714072508,8.509083986282349
-1.4020796097449755,8.309773714072508,8.509083986282349
-1.4020796097449755,8.309773714072508,8.509083986282349
-1.4849847733709254,8.314072292843546,8.509083986282349
-1.4849847733709254,8.314072292843546,8.509083986282349
-1.5680578059665455,8.318550524864357,8.509083986282349
-1.5680578059665455,8.318550524864357,8.509083986282349
-1.5680578059665455,8.318550524864357,8.509083986282349
-1.6513082297712152,8.323183619420393,8.509083986282349
-1.6513082297712152,8.323183619420393,8.509083986282349
-1.7347272398405027,8.327995480782583,8.509083986282349
-1.7347272398405027,8.327995480782583,8.509083986282349
-1.7347272398405027,8.327995480782583,8.509083986282349
-1.8183081001171413,8.332960486055777,8.509083986282349
-1.8183081001171413,8.332960486055777,8.509083986282349
-1.9020435246529939,8.338102883460106,8.509083986282349
-1.9020435246529939,8.338102883460106,8.509083986282349
-1.9020435246529939,8.338102883460106,8.509083986282349
-1.9859242826732653,8.343396882640251,8.509083986282349
-1.9859242826732653,8.343396882640251,8.509083986282349
-2.069939019514251,8.348866927727663,8.509083986282349
-2.069939019514251,8.348866927727663,8.509083986282349
-2.069939019514251,8.348866927727663,8.509083986282349
-2.1540771931124123,8.3544871526516,8.509083986282349
-2.1540771931124123,8.3544871526516,8.509083986282349
-2.2383255161569044,8.360282446930785,8.509083986282349
-2.2383255161569044,8.360282446930785,8.509083986282349
-2.3226731485022234,8.366226973142805,8.509083986282349
-2.3226731485022234,8.366226973142805,8.509083986282349
-2.4071031606175017,8.37234603358093,8.509083986282349
-2.4071031606175017,8.37234603358093,8.509083986282349
-2.4071031606175017,8.37234603358093,8.509083986282349
-2.4071031606175017,8.37234603358093,8.509083986282349
-2.4916096247794837,8.37858852403003,8.509083986282349
-2.4916096247794837,8.37858852403003,8.509083986282349
-2.576190421000353,8.384904209854406,8.509083986282349
-2.576190421000353,8.384904209854406,8.509083986282349
-2.576190421000353,8.384904209854406,8.509083986282349
-2.6608320605015443,8.391316084498412,8.509083986282349
-2.6608320605015443,8.391316084498412,8.509083986282349
-2.7455221622482595,8.397791504117057,8.509083986282349
-2.7455221622482595,8.397791504117057,8.509083986282349
-2.7455221622482595,8.397791504117057,8.509083986282349
-2.830255357080102,8.404348614609967,8.509083986282349
-2.830255357080102,8.404348614609967,8.509083986282349
-2.915032427497647,8.41095119384432,8.509083986282349
-2.915032427497647,8.41095119384432,8.509083986282349
-2.915032427497647,8.41095119384432,8.509083986282349
-2.9998483076688545,8.417613841427949,8.509083986282349
-2.9998483076688545,8.417613841427949,8.509083986282349
-3.0847023419273634,8.424297407374148,8.509083986282349
-3.0847023419273634,8.424297407374148,8.509083986282349
-3.0847023419273634,8.424297407374148,8.509083986282349
-3.1695842426508047,8.431014246994131,8.509083986282349
-3.1695842426508047,8.431014246994131,8.509083986282349
-3.2544904656104845,8.437723568730222,8.509083986282349
-3.2544904656104845,8.437723568730222,8.509083986282349
-3.2544904656104845,8.437723568730222,8.509083986282349
-3.339418266356082,8.444437885802406,8.509083986282349
-3.339418266356082,8.444437885802406,8.509083986282349
-3.424370271559395,8.451116670104273,8.509083986282349
-3.424370271559395,8.451116670104273,8.509083986282349
-3.424370271559395,8.451116670104273,8.509083986282349
-3.5093444374314355,8.457772691918384,8.509083986282349
-3.5093444374314355,8.457772691918384,8.509083986282349
-3.5943404165242376,8.464365631888652,8.509083986282349
-3.5943404165242376,8.464365631888652,8.509083986282349
-3.5943404165242376,8.464365631888652,8.509083986282349
-3.6793567160451577,8.47090908590598,8.509083986282349
-3.6793567160451577,8.47090908590598,8.509083986282349
-3.764394395896492,8.477363743474859,8.509083986282349
-3.764394395896492,8.477363743474859,8.509083986282349
-3.764394395896492,8.477363743474859,8.509083986282349
-3.8494474348421517,8.483743974269304,8.509083986282349
-3.8494474348421517,8.483743974269304,8.509083986282349
-3.934501660830008,8.490010340347908,8.509083986282349
-3.934501660830008,8.490010340347908,8.509083986282349
-4.019548311899635,8.496178489615158,8.509083986282349
-4.019548311899635,8.496178489615158,8.509083986282349
-4.019548311899635,8.496178489615158,8.509083986282349
-4.104594807824656,8.50221162191421,8.509083986282349
-4.104594807824656,8.50221162191421,8.509083986282349
-4.104594807824656,8.50221162191421,8.509083986282349
-4.189637474856393,8.508126992613512,8.509083986282349
-4.189637474856393,8.508126992613512,8.509083986282349
-4.274687278800364,8.513889293643944,8.509083986282349
-4.274687278800364,8.513889293643944,8.509083986282349
-4.274687278800364,8.513889293643944,8.509083986282349
-4.3597311474566895,8.519516407121067,8.509083986282349
-4.3597311474566895,8.519516407121067,8.509083986282349
-4.444775095201472,8.524973810877738,8.509083986282349
-4.444775095201472,8.524973810877738,8.509083986282349
-4.444775095201472,8.524973810877738,8.509083986282349
-4.529842786237884,8.530282803200501,8.509083986282349
-4.529842786237884,8.530282803200501,8.509083986282349
-4.614938493189764,8.535410336434735,8.509083986282349
-4.614938493189764,8.535410336434735,8.509083986282349
-4.614938493189764,8.535410336434735,8.509083986282349
-4.700061604533169,8.540377250799537,8.509083986282349
-4.700061604533169,8.540377250799537,8.509083986282349
-4.785222041917055,8.545152128470033,8.509083986282349
-4.785222041917055,8.545152128470033,8.509083986282349
-4.785222041917055,8.545152128470033,8.509083986282349
-4.870432348914056,8.549757554606336,8.509083986282349
-4.870432348914056,8.549757554606336,8.509083986282349
-4.955705885996356,8.55416376415398,8.509083986282349
-4.955705885996356,8.55416376415398,8.509083986282349
-4.955705885996356,8.55416376415398,8.509083986282349
-5.041045468135773,8.558393762065021,8.509083986282349
-5.041045468135773,8.558393762065021,8.509083986282349
-5.126447979329608,8.56241822525369,8.509083986282349
-5.126447979329608,8.56241822525369,8.509083986282349
-5.211903255405845,8.566260660838399,8.509083986282349
-5.211903255405845,8.566260660838399,8.509083986282349
-5.211903255405845,8.566260660838399,8.509083986282349
-5.29740888390251,8.569892530202484,8.509083986282349
-5.29740888390251,8.569892530202484,8.509083986282349
-5.29740888390251,8.569892530202484,8.509083986282349
-5.382966007885817,8.57333866503733,8.509083986282349
-5.382966007885817,8.57333866503733,8.509083986282349
-5.468574515041059,8.576571274607545,8.509083986282349
-5.468574515041059,8.576571274607545,8.509083986282349
-5.468574515041059,8.576571274607545,8.509083986282349
-5.554230978263841,8.579615561798406,8.509083986282349
-5.554230978263841,8.579615561798406,8.509083986282349
-5.639936472545159,8.58244422966342,8.509083986282349
-5.639936472545159,8.58244422966342,8.509083986282349
-5.639936472545159,8.58244422966342,8.509083986282349
-5.7256890945969845,8.585082959257054,8.509083986282349
-5.7256890945969845,8.585082959257054,8.509083986282349
-5.8114874649232915,8.587504709002033,8.509083986282349
-5.8114874649232915,8.587504709002033,8.509083986282349
-5.8114874649232915,8.587504709002033,8.509083986282349
-5.897330963818395,8.589735505205791,8.509083986282349
-5.897330963818395,8.589735505205791,8.509083986282349
-5.983217162554892,8.59174851038541,8.509083986282349
-5.983217162554892,8.59174851038541,8.509083986282349
-5.983217162554892,8.59174851038541,8.509083986282349
-6.069141691368152,8.59356988911432,8.509083986282349
-6.069141691368152,8.59356988911432,8.509083986282349
-6.155098922618982,8.595172793765885,8.509083986282349
-6.155098922618982,8.595172793765885,8.509083986282349
-6.155098922618982,8.595172793765885,8.509083986282349
-6.241083615558699,8.596583561874773,8.509083986282349
-6.241083615558699,8.596583561874773,8.509083986282349
-6.327094250713237,8.597775353033935,8.509083986282349
-6.327094250713237,8.597775353033935,8.509083986282349
-6.327094250713237,8.597775353033935,8.509083986282349
-6.413126562305859,8.598774579134655,8.509083986282349
-6.413126562305859,8.598774579134655,8.509083986282349
-6.499178572011611,8.599554289928308,8.509083986282349
-6.499178572011611,8.599554289928308,8.509083986282349
-6.499178572011611,8.599554289928308,8.509083986282349
-6.585248933742491,8.600140926123508,8.509083986282349
-6.585248933742491,8.600140926123508,8.509083986282349
-6.671335871905114,8.600507457666845,8.509083986282349
-6.671335871905114,8.600507457666845,8.509083986282349
-6.671335871905114,8.600507457666845,8.509083986282349
-6.757436373477368,8.600680294228859,8.509083986282349
-6.757436373477368,8.600680294228859,8.509083986282349
-6.843549877075376,8.600632312693403,8.509083986282349
-6.843549877075376,8.600632312693403,8.509083986282349
-6.843549877075376,8.600632312693403,8.509083986282349
-6.929675653634178,8.600389896764689,8.509083986282349
-6.929675653634178,8.600389896764689,8.509083986282349
-7.015809821775191,8.59992586707696,8.509083986282349
-7.015809821775191,8.59992586707696,8.509083986282349
-7.015809821775191,8.59992586707696,8.509083986282349
-7.101949136020897,8.599266628931085,8.509083986282349
-7.101949136020897,8.599266628931085,8.509083986282349
-7.188091167234697,8.598384886275133,8.509083986282349
-7.188091167234697,8.598384886275133,8.509083986282349
-7.188091167234697,8.598384886275133,8.509083986282349
-7.27423530921713,8.597307010694665,8.509083986282349
-7.27423530921713,8.597307010694665,8.509083986282349
-7.360379418266864,8.596005635184001,8.509083986282349
-7.360379418266864,8.596005635184001,8.509083986282349
-7.360379418266864,8.596005635184001,8.509083986282349
-7.446524997234993,8.594507063897355,8.509083986282349
-7.446524997234993,8.594507063897355,8.509083986282349
-7.5326749781125475,8.59278385665609,8.509083986282349
-7.5326749781125475,8.59278385665609,8.509083986282349
-7.5326749781125475,8.59278385665609,8.509083986282349
-7.6188329351101345,8.590888607277966,8.509083986282349
-7.6188329351101345,8.590888607277966,8.509083986282349
-7.705001801025742,8.588873054661049,8.509083986282349
-7.705001801025742,8.588873054661049,8.509083986282349
-7.705001801025742,8.588873054661049,8.509083986282349
-7.791177709524434,8.586713154636955,8.509083986282349
-7.791177709524434,8.586713154636955,8.509083986282349
-7.877361197270586,8.584441963974418,8.509083986282349
-7.877361197270586,8.584441963974418,8.509083986282349
-7.877361197270586,8.584441963974418,8.509083986282349
-7.96355504122705,8.58204181610317,8.509083986282349
-7.96355504122705,8.58204181610317,8.509083986282349
-8.04975961916818,8.579551113511235,8.509083986282349
-8.04975961916818,8.579551113511235,8.509083986282349
-8.04975961916818,8.579551113511235,8.509083986282349
-8.135976127777782,8.576956487119132,8.509083986282349
-8.135976127777782,8.576956487119132,8.509083986282349
-8.222212007721547,8.574299145067654,8.509083986282349
-8.222212007721547,8.574299145067654,8.509083986282349
-8.222212007721547,8.574299145067654,8.509083986282349
-8.308471502845949,8.571567998158915,8.509083986282349
-8.308471502845949,8.571567998158915,8.509083986282349
-8.394755810113976,8.568805970477092,8.509083986282349
-8.394755810113976,8.568805970477092,8.509083986282349
-8.394755810113976,8.568805970477092,8.509083986282349
-8.48106298007848,8.56600312289511,8.509083986282349
-8.48106298007848,8.56600312289511,8.509083986282349
-8.567393558098827,8.563202734290805,8.509083986282349
-8.567393558098827,8.563202734290805,8.509083986282349
-8.567393558098827,8.563202734290805,8.509083986282349
-8.653748263600963,8.560394589197939,8.509083986282349
-8.653748263600963,8.560394589197939,8.509083986282349
-8.740128748612527,8.55762138035286,8.509083986282349
-8.740128748612527,8.55762138035286,8.509083986282349
-8.740128748612527,8.55762138035286,8.509083986282349
-8.826533296898495,8.554872141228488,8.509083986282349
-8.826533296898495,8.554872141228488,8.509083986282349
-8.912964006472178,8.552188477157948,8.509083986282349
-8.912964006472178,8.552188477157948,8.509083986282349
-8.912964006472178,8.552188477157948,8.509083986282349
-8.999423605698516,8.549558023162312,8.509083986282349
-8.999423605698516,8.549558023162312,8.509083986282349
-9.08591787446907,8.547020795079604,8.509083986282349
-9.08591787446907,8.547020795079604,8.509083986282349
-9.08591787446907,8.547020795079604,8.509083986282349
-9.172449517031485,8.54456300874534,8.509083986282349
-9.172449517031485,8.54456300874534,8.509083986282349
-9.259022512050507,8.542223062999131,8.509083986282349
-9.259022512050507,8.542223062999131,8.509083986282349
-9.259022512050507,8.542223062999131,8.509083986282349
-9.345637798775781,8.539985649501656,8.509083986282349
-9.345637798775781,8.539985649501656,8.509083986282349
-9.432295865451108,8.537887568550873,8.509083986282349
-9.432295865451108,8.537887568550873,8.509083986282349
-9.432295865451108,8.537887568550873,8.509083986282349
-9.518999806733653,8.535911850470104,8.509083986282349
-9.518999806733653,8.535911850470104,8.509083986282349
-9.605752880010007,8.534093556619958,8.509083986282349
-9.605752880010007,8.534093556619958,8.509083986282349
-9.605752880010007,8.534093556619958,8.509083986282349
-9.692556513056775,8.532414245911038,8.509083986282349
-9.692556513056775,8.532414245911038,8.509083986282349
-9.779412336232323,8.530907433337616,8.509083986282349
-9.779412336232323,8.530907433337616,8.509083986282349
-9.779412336232323,8.530907433337616,8.509083986282349
-9.866319385375053,8.529527302950981,8.509083986282349
-9.866319385375053,8.529527302950981,8.509083986282349
-9.953278252178034,8.528228019374135,8.509083986282349
-9.953278252178034,8.528228019374135,8.509083986282349
-9.953278252178034,8.528228019374135,8.509083986282349
-10.040280050131585,8.527037856925993,8.509083986282349
-10.040280050131585,8.527037856925993,8.509083986282349
-10.127305909443523,8.525927999390756,8.509083986282349
-10.127305909443523,8.525927999390756,8.509083986282349
-10.127305909443523,8.525927999390756,8.509083986282349
-10.21430668558306,8.524919552637169,8.509083986282349
-10.21430668558306,8.524919552637169,8.509083986282349
-10.301226363582334,8.523976761818531,8.509083986282349
-10.301226363582334,8.523976761818531,8.509083986282349
-10.301226363582334,8.523976761818531,8.509083986282349
-10.387994226265189,8.523146723714216,8.509083986282349
-10.474623423855965,8.522472943250632,8.509083986282349
-10.474623423855965,8.522472943250632,8.509083986282349
-10.474623423855965,8.522472943250632,8.509083986282349
-10.56112619970469,8.521888373085744,8.509083986282349
-10.56112619970469,8.521888373085744,8.509083986282349
-10.647383826453549,8.52133051242642,8.509083986282349
-10.647383826453549,8.52133051242642,8.509083986282349
-10.647383826453549,8.52133051242642,8.509083986282349
-10.733309325901182,8.52085350894208,8.509083986282349
-10.733309325901182,8.52085350894208,8.509083986282349
-10.733309325901182,8.52085350894208,8.509083986282349
-10.818723947681505,8.520512717615688,8.509083986282349
-10.818723947681505,8.520512717615688,8.509083986282349
-10.818723947681505,8.520512717615688,8.509083986282349
-10.903479209353183,8.520269512187449,8.509083986282349
-10.987603852961852,8.520154184877471,8.509083986282349
-10.987603852961852,8.520154184877471,8.509083986282349
-10.987603852961852,8.520154184877471,8.509083986282349
-10.987603852961852,8.520154184877471,8.509083986282349
-11.071107334238258,8.520132015196172,8.509083986282349
-11.071107334238258,8.520132015196172,8.509083986282349
-11.153984721714263,8.520239956531478,8.509083986282349
-11.153984721714263,8.520239956531478,8.509083986282349
-11.153984721714263,8.520239956531478,8.509083986282349
-11.236273126189909,8.520448905224486,8.509083986282349
-11.236273126189909,8.520448905224486,8.509083986282349
-11.317990439308119,8.52079967357639,8.509083986282349
-11.317990439308119,8.52079967357639,8.509083986282349
-11.39910415429108,8.521266577354922,8.509083986282349
-11.39910415429108,8.521266577354922,8.509083986282349
-11.479907993964037,8.52189574955501,8.509083986282349
-11.479907993964037,8.52189574955501,8.509083986282349
-11.479907993964037,8.52189574955501,8.509083986282349
-11.560592102567782,8.522641336347604,8.509083986282349
-11.560592102567782,8.522641336347604,8.509083986282349
-11.641179132920312,8.523461388512729,8.509083986282349
-11.641179132920312,8.523461388512729,8.509083986282349
-11.641179132920312,8.523461388512729,8.509083986282349
-11.721751660197214,8.524393790910501,8.509083986282349
-11.721751660197214,8.524393790910501,8.509083986282349
-11.721751660197214,8.524393790910501,8.509083986282349
-11.801844109216288,8.525391910006967,8.509083986282349
-11.801844109216288,8.525391910006967,8.509083986282349
-11.801844109216288,8.525391910006967,8.509083986282349
-11.881019823174011,8.526473196291771,8.509083986282349
-11.881019823174011,8.526473196291771,8.509083986282349
-11.95924436421313,8.527560671672935,8.509083986282349
-11.95924436421313,8.527560671672935,8.509083986282349
-11.95924436421313,8.527560671672935,8.509083986282349
-12.036518667026183,8.528585595482522,8.509083986282349
-12.036518667026183,8.528585595482522,8.509083986282349
-12.112842198486218,8.52958690466832,8.509083986282349
-12.112842198486218,8.52958690466832,8.509083986282349
-12.112842198486218,8.52958690466832,8.509083986282349
-12.188215948470598,8.530483935970846,8.509083986282349
-12.188215948470598,8.530483935970846,8.509083986282349
-12.262640597493036,8.531199206231408,8.509083986282349
-12.262640597493036,8.531199206231408,8.509083986282349
-12.262640597493036,8.531199206231408,8.509083986282349
-12.336115543991365,8.531759385051487,8.509083986282349
-12.336115543991365,8.531759385051487,8.509083986282349
-12.408640927987136,8.532068685471486,8.509083986282349
-12.408640927987136,8.532068685471486,8.509083986282349
-12.408640927987136,8.532068685471486,8.509083986282349
-12.48021587273206,8.531995750402105,8.509083986282349
-12.48021587273206,8.531995750402105,8.509083986282349
-12.550837312768524,8.531407257400165,8.509083986282349
-12.550837312768524,8.531407257400165,8.509083986282349
-12.550837312768524,8.531407257400165,8.509083986282349
-12.62049897524629,8.530163450702865,8.509083986282349
-12.62049897524629,8.530163450702865,8.509083986282349
-12.689190021549566,8.528114705107681,8.509083986282349
-12.689190021549566,8.528114705107681,8.509083986282349
-12.689190021549566,8.528114705107681,8.509083986282349
-12.756893245431698,8.525098957334146,8.509083986282349
-12.756893245431698,8.525098957334146,8.509083986282349
-12.823585171623684,8.5209765470462,8.509083986282349
-12.823585171623684,8.5209765470462,8.509083986282349
-12.823585171623684,8.5209765470462,8.509083986282349
-12.889241107067608,8.51569525051698,8.509083986282349
-12.889241107067608,8.51569525051698,8.509083986282349
-12.953822458470242,8.509104984539436,8.509083986282349
-12.953822458470242,8.509104984539436,8.509083986282349
-12.953822458470242,8.509104984539436,8.509083986282349
-13.017286904839349,8.501115341791545,8.509083986282349
-13.017286904839349,8.501115341791545,8.509083986282349
-13.07957039116817,8.491548384492509,8.509083986282349
-13.07957039116817,8.491548384492509,8.509083986282349
-13.07957039116817,8.491548384492509,8.509083986282349
-13.140603914171477,8.480294260812652,8.509083986282349
-13.140603914171477,8.480294260812652,8.509083986282349
-13.200287581015964,8.467164391644255,8.509083986282349
-13.200287581015964,8.467164391644255,8.509083986282349
-13.200287581015964,8.467164391644255,8.509083986282349
-13.258525439024421,8.45208087009402,8.509083986282349
-13.258525439024421,8.45208087009402,8.509083986282349
-13.315202984407982,8.43495779881567,8.509083986282349
-13.315202984407982,8.43495779881567,8.509083986282349
-13.315202984407982,8.43495779881567,8.509083986282349
-13.370153185797326,8.41561343295939,8.509083986282349
-13.370153185797326,8.41561343295939,8.509083986282349
-13.423207382613782,8.393957811029377,8.509083986282349
-13.423207382613782,8.393957811029377,8.509083986282349
-13.423207382613782,8.393957811029377,8.509083986282349
-13.474143158350753,8.369852885446539,8.509083986282349
-13.474143158350753,8.369852885446539,8.509083986282349
-13.522759683108024,8.343290102375096,8.509083986282349
-13.522759683108024,8.343290102375096,8.509083986282349
-13.522759683108024,8.343290102375096,8.509083986282349
-13.56913431116585,8.313654423685332,8.509083986282349
-13.56913431116585,8.313654423685332,8.509083986282349
-13.613422238937623,8.280222849674475,8.509083986282349
-13.613422238937623,8.280222849674475,8.509083986282349
-13.613422238937623,8.280222849674475,8.509083986282349
-13.655661501020829,8.243002719111805,8.509083986282349
-13.655661501020829,8.243002719111805,8.509083986282349
-13.695941039694626,8.202327165822519,8.509083986282349
-13.695941039694626,8.202327165822519,8.509083986282349
-13.695941039694626,8.202327165822519,8.509083986282349
-13.734401870088293,8.158648984266543,8.509083986282349
-13.734401870088293,8.158648984266543,8.509083986282349
-13.7712153160337,8.112415951307849,8.509083986282349
-13.7712153160337,8.112415951307849,8.509083986282349
-13.7712153160337,8.112415951307849,8.509083986282349
-13.806484354686818,8.064061183657241,8.509083986282349
-13.806484354686818,8.064061183657241,8.509083986282349
-13.840289778974356,8.014043058178595,8.509083986282349
-13.840289778974356,8.014043058178595,8.509083986282349
-13.840289778974356,8.014043058178595,8.509083986282349
-13.872596943285204,7.962796524958898,8.509083986282349
-13.872596943285204,7.962796524958898,8.509083986282349
-13.903124078452734,7.911002468554654,8.509083986282349
-13.903124078452734,7.911002468554654,8.509083986282349
-13.903124078452734,7.911002468554654,8.509083986282349
-13.93180246602406,7.8592462914671914,8.509083986282349
-13.93180246602406,7.8592462914671914,8.509083986282349
-13.958750422536603,7.807638788507564,8.509083986282349
-13.958750422536603,7.807638788507564,8.509083986282349
-13.958750422536603,7.807638788507564,8.509083986282349
-13.984005049958768,7.756239357271852,8.509083986282349
-13.984005049958768,7.756239357271852,8.509083986282349
-14.00759652897463,7.705100980488937,8.509083986282349
-14.00759652897463,7.705100980488937,8.509083986282349
-14.00759652897463,7.705100980488937,8.509083986282349
-14.02961412649393,7.6543002906849535,8.509083986282349
-14.02961412649393,7.6543002906849535,8.509083986282349
-14.050009487284365,7.603851469852426,8.509083986282349
-14.050009487284365,7.603851469852426,8.509083986282349
-14.050009487284365,7.603851469852426,8.509083986282349
-14.068718541447069,7.553767296979326,8.509083986282349
-14.068718541447069,7.553767296979326,8.509083986282349
-14.085818140290995,7.503930687362285,8.509083986282349
-14.085818140290995,7.503930687362285,8.509083986282349
-14.085818140290995,7.503930687362285,8.509083986282349
-14.101398500708756,7.453767226288729,8.509083986282349
-14.101398500708756,7.453767226288729,8.509083986282349
-14.115472703294367,7.402755131581583,8.509083986282349
-14.115472703294367,7.402755131581583,8.509083986282349
-14.115472703294367,7.402755131581583,8.509083986282349
-14.128106042231371,7.350768593159465,8.509083986282349
-14.128106042231371,7.350768593159465,8.509083986282349
-14.139353580318748,7.297753446956235,8.509083986282349
-14.139353580318748,7.297753446956235,8.509083986282349
-14.139353580318748,7.297753446956235,8.509083986282349
-14.149341601058696,7.24371386340013,8.509083986282349
-14.149341601058696,7.24371386340013,8.509083986282349
-14.158222441811464,7.188677038720421,8.509083986282349
-14.158222441811464,7.188677038720421,8.509083986282349
-14.158222441811464,7.188677038720421,8.509083986282349
-14.166131546044667,7.132694309233878,8.509083986282349
-14.166131546044667,7.132694309233878,8.509083986282349
-14.173151522168615,7.075813463609322,8.509083986282349
-14.173151522168615,7.075813463609322,8.509083986282349
-14.173151522168615,7.075813463609322,8.509083986282349
-14.179332085839636,7.018399071027626,8.509083986282349
-14.179332085839636,7.018399071027626,8.509083986282349
-14.184668207795644,6.960809496656412,8.509083986282349
-14.184668207795644,6.960809496656412,8.509083986282349
-14.189259837745094,6.903053341729269,8.509083986282349
-14.189259837745094,6.903053341729269,8.509083986282349
-14.193142832991958,6.845125611427345,8.509083986282349
-14.193142832991958,6.845125611427345,8.509083986282349
-14.193142832991958,6.845125611427345,8.509083986282349
-14.193142832991958,6.845125611427345,8.509083986282349
-14.196391284959269,6.7870260652271,8.509083986282349
-14.199018506646928,6.728755611072063,8.509083986282349
-14.199018506646928,6.728755611072063,8.509083986282349
-14.199018506646928,6.728755611072063,8.509083986282349
-14.20107714291943,6.6703515066625165,8.509083986282349
-14.20107714291943,6.6703515066625165,8.509083986282349
-14.20107714291943,6.6703515066625165,8.509083986282349
-14.202561024865316,6.611866618617873,8.509083986282349
-14.202561024865316,6.611866618617873,8.509083986282349
-14.202561024865316,6.611866618617873,8.509083986282349
-14.203511566710441,6.553340252865015,8.509083986282349
-14.203511566710441,6.553340252865015,8.509083986282349
-14.203910666598636,6.494854986060139,8.509083986282349
-14.203910666598636,6.494854986060139,8.509083986282349
-14.203910666598636,6.494854986060139,8.509083986282349
-14.203788521738007,6.436692702448158,8.509083986282349
-14.203788521738007,6.436692702448158,8.509083986282349
-14.203116307404825,6.378961012107846,8.509083986282349
-14.203116307404825,6.378961012107846,8.509083986282349
-14.203116307404825,6.378961012107846,8.509083986282349
-14.201918380244607,6.321382878597943,8.509083986282349
-14.201918380244607,6.321382878597943,8.509083986282349
-14.200153961483549,6.263739450226316,8.509083986282349
-14.200153961483549,6.263739450226316,8.509083986282349
-14.200153961483549,6.263739450226316,8.509083986282349
-14.19783939050739,6.205986876138899,8.509083986282349
-14.19783939050739,6.205986876138899,8.509083986282349
-14.194938881303097,6.14799069182162,8.509083986282349
-14.194938881303097,6.14799069182162,8.509083986282349
-14.194938881303097,6.14799069182162,8.509083986282349
-14.191488891662594,6.089592148199003,8.509083986282349
-14.191488891662594,6.089592148199003,8.509083986282349
-14.18752698228766,6.030661968975694,8.509083986282349
-14.18752698228766,6.030661968975694,8.509083986282349
-14.18752698228766,6.030661968975694,8.509083986282349
-14.183036133435815,5.971041627366431,8.509083986282349
-14.183036133435815,5.971041627366431,8.509083986282349
-14.1780944638044,5.9109643385128745,8.509083986282349
-14.1780944638044,5.9109643385128745,8.509083986282349
-14.1780944638044,5.9109643385128745,8.509083986282349
-14.17278573521668,5.850701106154841,8.509083986282349
-14.17278573521668,5.850701106154841,8.509083986282349
-14.167076231693287,5.790208388695015,8.509083986282349
-14.167076231693287,5.790208388695015,8.509083986282349
-14.167076231693287,5.790208388695015,8.509083986282349
-14.160933803369087,5.7294049142519485,8.509083986282349
-14.160933803369087,5.7294049142519485,8.509083986282349
-14.154420451598138,5.668259997198501,8.509083986282349
-14.154420451598138,5.668259997198501,8.509083986282349
-14.154420451598138,5.668259997198501,8.509083986282349
-14.147598695051883,5.606788038161748,8.509083986282349
-14.147598695051883,5.606788038161748,8.509083986282349
-14.140460813311458,5.544969795627421,8.509083986282349
-14.140460813311458,5.544969795627421,8.509083986282349
-14.140460813311458,5.544969795627421,8.509083986282349
-14.133042383031473,5.482764904523439,8.509083986282349
-14.133042383031473,5.482764904523439,8.509083986282349
-14.125330552081161,5.420091198839793,8.509083986282349
-14.125330552081161,5.420091198839793,8.509083986282349
-14.125330552081161,5.420091198839793,8.509083986282349
-14.117346355313597,5.356791340529406,8.509083986282349
-14.117346355313597,5.356791340529406,8.509083986282349
-14.109072362076626,5.292703929729254,8.509083986282349
-14.109072362076626,5.292703929729254,8.509083986282349
-14.100537063949334,5.227760741486328,8.509083986282349
-14.100537063949334,5.227760741486328,8.509083986282349
-14.100537063949334,5.227760741486328,8.509083986282349
-14.091742801408579,5.16196818670216,8.509083986282349
-14.091742801408579,5.16196818670216,8.509083986282349
-14.091742801408579,5.16196818670216,8.509083986282349
-14.082725432685915,5.095346851267655,8.509083986282349
-14.082725432685915,5.095346851267655,8.509083986282349
-14.073486351386125,5.027928224542276,8.509083986282349
-14.073486351386125,5.027928224542276,8.509083986282349
-14.073486351386125,5.027928224542276,8.509083986282349
-14.064077867229939,4.959744738920807,8.509083986282349
-14.064077867229939,4.959744738920807,8.509083986282349
-14.054554596463266,4.890839938788004,8.509083986282349
-14.054554596463266,4.890839938788004,8.509083986282349
-14.054554596463266,4.890839938788004,8.509083986282349
-14.044917427301062,4.821260288855698,8.509083986282349
-14.035204215872604,4.751046280411975,8.509083986282349
-14.035204215872604,4.751046280411975,8.509083986282349
-14.035204215872604,4.751046280411975,8.509083986282349
-14.035204215872604,4.751046280411975,8.509083986282349
-14.02541514537602,4.680251376089427,8.509083986282349
-14.02541514537602,4.680251376089427,8.509083986282349
-14.015588727369595,4.608919574396313,8.509083986282349
-14.015588727369595,4.608919574396313,8.509083986282349
-14.015588727369595,4.608919574396313,8.509083986282349
-14.00571860113494,4.537075295419372,8.509083986282349
-14.00571860113494,4.537075295419372,8.509083986282349
-13.995839247063198,4.464739919507165,8.509083986282349
-13.995839247063198,4.464739919507165,8.509083986282349
-13.995839247063198,4.464739919507165,8.509083986282349
-13.985941924712545,4.391936707771584,8.509083986282349
-13.976057859562752,4.31867249505544,8.509083986282349
-13.976057859562752,4.31867249505544,8.509083986282349
-13.976057859562752,4.31867249505544,8.509083986282349
-13.966176732477896,4.244974536458491,8.509083986282349
-13.966176732477896,4.244974536458491,8.509083986282349
-13.966176732477896,4.244974536458491,8.509083986282349
-13.95633125876946,4.170868332091363,8.509083986282349
-13.95633125876946,4.170868332091363,8.509083986282349
-13.95633125876946,4.170868332091363,8.509083986282349
-13.94651045116811,4.0963927098974855,8.509083986282349
-13.94651045116811,4.0963927098974855,8.509083986282349
-13.936771976103936,4.021587756705937,8.509083986282349
-13.936771976103936,4.021587756705937,8.509083986282349
-13.936771976103936,4.021587756705937,8.509083986282349
-13.92717273571884,3.946483527168074,8.509083986282349
-13.92717273571884,3.946483527168074,8.509083986282349
-13.917701152633416,3.871107908511812,8.509083986282349
-13.917701152633416,3.871107908511812,8.509083986282349
-13.917701152633416,3.871107908511812,8.509083986282349
-13.90839120491022,3.7954556023405854,8.509083986282349
-13.90839120491022,3.7954556023405854,8.509083986282349
-13.899228213324882,3.719505415573371,8.509083986282349
-13.899228213324882,3.719505415573371,8.509083986282349
-13.899228213324882,3.719505415573371,8.509083986282349
-13.890245036231553,3.643224465542985,8.509083986282349
-13.890245036231553,3.643224465542985,8.509083986282349
-13.881429864232729,3.5665917065706374,8.509083986282349
-13.881429864232729,3.5665917065706374,8.509083986282349
-13.881429864232729,3.5665917065706374,8.509083986282349
-13.872818143714916,3.489589482702576,8.509083986282349
-13.872818143714916,3.489589482702576,8.509083986282349
-13.86437791045952,3.4122134420311725,8.509083986282349
-13.86437791045952,3.4122134420311725,8.509083986282349
-13.86437791045952,3.4122134420311725,8.509083986282349
-13.856077991532873,3.334471001529898,8.509083986282349
-13.856077991532873,3.334471001529898,8.509083986282349
-13.84795229979403,3.256375296411846,8.509083986282349
-13.84795229979403,3.256375296411846,8.509083986282349
-13.84795229979403,3.256375296411846,8.509083986282349
-13.839987009379145,3.177959319495563,8.509083986282349
-13.839987009379145,3.177959319495563,8.509083986282349
-13.832212530609732,3.0992568297533998,8.509083986282349
-13.832212530609732,3.0992568297533998,8.509083986282349
-13.824608716264253,3.020293146574469,8.509083986282349
-13.824608716264253,3.020293146574469,8.509083986282349
-13.81720158687422,2.9410890560758856,8.509083986282349
-13.81720158687422,2.9410890560758856,8.509083986282349
-13.81720158687422,2.9410890560758856,8.509083986282349
-13.81720158687422,2.9410890560758856,8.509083986282349
-13.80996840473178,2.8616786844110353,8.509083986282349
-13.80996840473178,2.8616786844110353,8.509083986282349
-13.802932635643876,2.7820705029417407,8.509083986282349
-13.802932635643876,2.7820705029417407,8.509083986282349
-13.802932635643876,2.7820705029417407,8.509083986282349
-13.796071042719415,2.702315368259121,8.509083986282349
-13.796071042719415,2.702315368259121,8.509083986282349
-13.789435392162709,2.6227267419789895,8.509083986282349
-13.789435392162709,2.6227267419789895,8.509083986282349
-13.789435392162709,2.6227267419789895,8.509083986282349
-13.783013199702397,2.543538891792277,8.509083986282349
-13.783013199702397,2.543538891792277,8.509083986282349
-13.776837066471277,2.4647678383381555,8.509083986282349
-13.776837066471277,2.4647678383381555,8.509083986282349
-13.776837066471277,2.4647678383381555,8.509083986282349
-13.7708563862205,2.386113280123695,8.509083986282349
-13.7708563862205,2.386113280123695,8.509083986282349
-13.765075652551888,2.3072322551711997,8.509083986282349
-13.765075652551888,2.3072322551711997,8.509083986282349
-13.75944844078484,2.2281378481439393,8.509083986282349
-13.75944844078484,2.2281378481439393,8.509083986282349
-13.75944844078484,2.2281378481439393,8.509083986282349
-13.753926457017554,2.148837999975514,8.509083986282349
-13.753926457017554,2.148837999975514,8.509083986282349
-13.748531349037176,2.0693593481298382,8.509083986282349
-13.748531349037176,2.0693593481298382,8.509083986282349
-13.748531349037176,2.0693593481298382,8.509083986282349
-13.743231393725273,1.989732490139809,8.509083986282349
-13.743231393725273,1.989732490139809,8.509083986282349
-13.743231393725273,1.989732490139809,8.509083986282349
-13.73804050950484,1.9099500076604534,8.509083986282349
-13.73804050950484,1.9099500076604534,8.509083986282349
-13.732917079470091,1.8299416517984004,8.509083986282349
-13.732917079470091,1.8299416517984004,8.509083986282349
-13.732917079470091,1.8299416517984004,8.509083986282349
-13.727871293933466,1.7497267422704597,8.509083986282349
-13.727871293933466,1.7497267422704597,8.509083986282349
-13.722874542631688,1.6695612720093291,8.509083986282349
-13.722874542631688,1.6695612720093291,8.509083986282349
-13.722874542631688,1.6695612720093291,8.509083986282349
-13.717986284773925,1.5897248992216497,8.509083986282349
-13.717986284773925,1.5897248992216497,8.509083986282349
-13.713242732715031,1.5101526748840979,8.509083986282349
-13.713242732715031,1.5101526748840979,8.509083986282349
-13.713242732715031,1.5101526748840979,8.509083986282349
-13.708581155037422,1.4311053982898752,8.509083986282349
-13.703952377055375,1.3530088429825435,8.509083986282349
-13.703952377055375,1.3530088429825435,8.509083986282349
-13.703952377055375,1.3530088429825435,8.509083986282349
-13.703952377055375,1.3530088429825435,8.509083986282349
-13.699389678546023,1.2758610409809208,8.509083986282349
-13.699389678546023,1.2758610409809208,8.509083986282349
-13.6948121502141,1.1996668195920586,8.509083986282349
-13.6948121502141,1.1996668195920586,8.509083986282349
-13.69010932098376,1.1244330849429591,8.509083986282349
-13.69010932098376,1.1244330849429591,8.509083986282349
-13.685210293341452,1.0501649138442997,8.509083986282349
-13.685210293341452,1.0501649138442997,8.509083986282349
-13.685210293341452,1.0501649138442997,8.509083986282349
-13.685210293341452,1.0501649138442997,8.509083986282349
-13.680145897862813,0.9768610791501897,8.509083986282349
-13.680145897862813,0.9768610791501897,8.509083986282349
-13.674823073107666,0.9045291460326722,8.509083986282349
-13.674823073107666,0.9045291460326722,8.509083986282349
-13.674823073107666,0.9045291460326722,8.509083986282349
-13.669112042036748,0.8331809057533069,8.509083986282349
-13.669112042036748,0.8331809057533069,8.509083986282349
-13.662880222596527,0.7628310460198907,8.509083986282349
-13.662880222596527,0.7628310460198907,8.509083986282349
-13.662880222596527,0.7628310460198907,8.509083986282349
-13.656024699694292,0.6934948421005458,8.509083986282349
-13.656024699694292,0.6934948421005458,8.509083986282349
-13.648535581015947,0.6251808989437391,8.509083986282349
-13.648535581015947,0.6251808989437391,8.509083986282349
-13.648535581015947,0.6251808989437391,8.509083986282349
-13.6402730360301,0.5579144486346191,8.509083986282349
-13.6402730360301,0.5579144486346191,8.509083986282349
-13.631093335124234,0.4917271147335209,8.509083986282349
-13.631093335124234,0.4917271147335209,8.509083986282349
-13.631093335124234,0.4917271147335209,8.509083986282349
-13.620949684844039,0.4266431346179097,8.509083986282349
-13.620949684844039,0.4266431346179097,8.509083986282349
-13.609706126865932,0.36270572128724976,8.509083986282349
-13.609706126865932,0.36270572128724976,8.509083986282349
-13.609706126865932,0.36270572128724976,8.509083986282349
-13.597292002228631,0.29995467181785807,8.509083986282349
-13.597292002228631,0.29995467181785807,8.509083986282349
-13.583554824911122,0.23845432423002283,8.509083986282349
-13.583554824911122,0.23845432423002283,8.509083986282349
-13.583554824911122,0.23845432423002283,8.509083986282349
-13.568412936675696,0.1782652446289304,8.509083986282349
-13.568412936675696,0.1782652446289304,8.509083986282349
-13.551674303053773,0.11948951302917207,8.509083986282349
-13.551674303053773,0.11948951302917207,8.509083986282349
-13.551674303053773,0.11948951302917207,8.509083986282349
-13.533126450017523,0.06225919722233355,8.509083986282349
-13.533126450017523,0.06225919722233355,8.509083986282349
-13.512606349998265,0.006719465874288309,8.509083986282349
-13.512606349998265,0.006719465874288309,8.509083986282349
-13.512606349998265,0.006719465874288309,8.509083986282349
-13.490091372708601,-0.047011902219084654,8.509083986282349
-13.490091372708601,-0.047011902219084654,8.509083986282349
-13.465581690794188,-0.09881253945194186,8.509083986282349
-13.465581690794188,-0.09881253945194186,8.509083986282349
-13.465581690794188,-0.09881253945194186,8.509083986282349
-13.43904348450293,-0.14852724048928712,8.509083986282349
-13.43904348450293,-0.14852724048928712,8.509083986282349
-13.410367573408275,-0.19593106540963434,8.509083986282349
-13.410367573408275,-0.19593106540963434,8.509083986282349
-13.410367573408275,-0.19593106540963434,8.509083986282349
-13.379543556786759,-0.24081665526219798,8.509083986282349
-13.379543556786759,-0.24081665526219798,8.509083986282349
-13.345818809288158,-0.2831719983760951,8.509083986282349
-13.345818809288158,-0.2831719983760951,8.509083986282349
-13.345818809288158,-0.2831719983760951,8.509083986282349
-13.308432541203343,-0.32314056340692654,8.509083986282349
-13.308432541203343,-0.32314056340692654,8.509083986282349
-13.267492114090036,-0.3607908611703525,8.509083986282349
-13.267492114090036,-0.3607908611703525,8.509083986282349
-13.267492114090036,-0.3607908611703525,8.509083986282349
-13.223399666396732,-0.39623834473179287,8.509083986282349
-13.223399666396732,-0.39623834473179287,8.509083986282349
-13.176584804517452,-0.4296721967720673,8.509083986282349
-13.176584804517452,-0.4296721967720673,8.509083986282349
-13.176584804517452,-0.4296721967720673,8.509083986282349
-13.127427577216684,-0.46135146708001423,8.509083986282349
-13.127427577216684,-0.46135146708001423,8.509083986282349
-13.076246751604753,-0.49156467686701816,8.509083986282349
-13.076246751604753,-0.49156467686701816,8.509083986282349
-13.076246751604753,-0.49156467686701816,8.509083986282349
-13.02335421068586,-0.5205165282425687,8.509083986282349
-13.02335421068586,-0.5205165282425687,8.509083986282349
-12.96928467325833,-0.5482153327894708,8.509083986282349
-12.96928467325833,-0.5482153327894708,8.509083986282349
-12.96928467325833,-0.5482153327894708,8.509083986282349
-12.914876149773354,-0.5743063279583073,8.509083986282349
-12.914876149773354,-0.5743063279583073,8.509083986282349
-12.860690987634465,-0.5986203467200945,8.509083986282349
-12.860690987634465,-0.5986203467200945,8.509083986282349
-12.860690987634465,-0.5986203467200945,8.509083986282349
-12.806823305234907,-0.6212795433941175,8.509083986282349
-12.806823305234907,-0.6212795433941175,8.509083986282349
-12.753347227418809,-0.6423805942218658,8.509083986282349
-12.753347227418809,-0.6423805942218658,8.509083986282349
-12.753347227418809,-0.6423805942218658,8.509083986282349
-12.700347273946381,-0.662066266465339,8.509083986282349
-12.700347273946381,-0.662066266465339,8.509083986282349
-12.647845734968577,-0.6803272264447294,8.509083986282349
-12.647845734968577,-0.6803272264447294,8.509083986282349
-12.647845734968577,-0.6803272264447294,8.509083986282349
-12.595857857995739,-0.6971294068870343,8.509083986282349
-12.595857857995739,-0.6971294068870343,8.509083986282349
-12.544425214380862,-0.7125150270547648,8.509083986282349
-12.544425214380862,-0.7125150270547648,8.509083986282349
-12.544425214380862,-0.7125150270547648,8.509083986282349
-12.49356045645639,-0.7264288936804263,8.509083986282349
-12.49356045645639,-0.7264288936804263,8.509083986282349
-12.442990299300241,-0.738896080035447,8.509083986282349
-12.442990299300241,-0.738896080035447,8.509083986282349
-12.442990299300241,-0.738896080035447,8.509083986282349
-12.392019910941807,-0.7498894157250359,8.509083986282349
-12.392019910941807,-0.7498894157250359,8.509083986282349
-12.340216434377652,-0.7594687278592673,8.509083986282349
-12.340216434377652,-0.7594687278592673,8.509083986282349
-12.340216434377652,-0.7594687278592673,8.509083986282349
-12.287515130593802,-0.7677230781029979,8.509083986282349
-12.287515130593802,-0.7677230781029979,8.509083986282349
-12.233887284331509,-0.7747495896365184,8.509083986282349
-12.233887284331509,-0.7747495896365184,8.509083986282349
-12.179301281070808,-0.7806146099667313,8.509083986282349
-12.179301281070808,-0.7806146099667313,8.509083986282349
-12.179301281070808,-0.7806146099667313,8.509083986282349
-12.123757077637439,-0.7854466127604458,8.509083986282349
-12.123757077637439,-0.7854466127604458,8.509083986282349
-12.123757077637439,-0.7854466127604458,8.509083986282349
-12.067301774323882,-0.7893723076054214,8.509083986282349
-12.067301774323882,-0.7893723076054214,8.509083986282349
-12.009995267632256,-0.7924635845388398,8.509083986282349
-12.009995267632256,-0.7924635845388398,8.509083986282349
-12.009995267632256,-0.7924635845388398,8.509083986282349
-11.951895289732702,-0.7948219635098008,8.509083986282349
-11.951895289732702,-0.7948219635098008,8.509083986282349
-11.893055537568847,-0.796505807181983,8.509083986282349
-11.893055537568847,-0.796505807181983,8.509083986282349
-11.893055537568847,-0.796505807181983,8.509083986282349
-11.833536152201845,-0.7976008423624379,8.509083986282349
-11.833536152201845,-0.7976008423624379,8.509083986282349
-11.773390244168489,-0.7981461785140194,8.509083986282349
-11.773390244168489,-0.7981461785140194,8.509083986282349
-11.773390244168489,-0.7981461785140194,8.509083986282349
-11.712654624888385,-0.7982124154910414,8.509083986282349
-11.712654624888385,-0.7982124154910414,8.509083986282349
-11.651361811179376,-0.7978215642992618,8.509083986282349
-11.651361811179376,-0.7978215642992618,8.509083986282349
-11.651361811179376,-0.7978215642992618,8.509083986282349
-11.589536275564074,-0.7970281184327883,8.509083986282349
-11.589536275564074,-0.7970281184327883,8.509083986282349
-11.527228273529568,-0.7958359024269746,8.509083986282349
-11.527228273529568,-0.7958359024269746,8.509083986282349
-11.527228273529568,-0.7958359024269746,8.509083986282349
-11.464485991899537,-0.7942838518216774,8.509083986282349
-11.464485991899537,-0.7942838518216774,8.509083986282349
-11.40131441590859,-0.7923637601884321,8.509083986282349
-11.40131441590859,-0.7923637601884321,8.509083986282349
-11.40131441590859,-0.7923637601884321,8.509083986282349
-11.3377133403218,-0.7901050761925874,8.509083986282349
-11.3377133403218,-0.7901050761925874,8.509083986282349
-11.273678936844432,-0.7874890790854931,8.509083986282349
-11.273678936844432,-0.7874890790854931,8.509083986282349
-11.273678936844432,-0.7874890790854931,8.509083986282349
-11.209201714583566,-0.7845363642979754,8.509083986282349
-11.209201714583566,-0.7845363642979754,8.509083986282349
-11.144270543769005,-0.7812214183845364,8.509083986282349
-11.144270543769005,-0.7812214183845364,8.509083986282349
-11.144270543769005,-0.7812214183845364,8.509083986282349
-11.078861755573008,-0.7775589436305188,8.509083986282349
-11.078861755573008,-0.7775589436305188,8.509083986282349
-11.012956264967173,-0.7735199367780057,8.509083986282349
-11.012956264967173,-0.7735199367780057,8.509083986282349
-11.012956264967173,-0.7735199367780057,8.509083986282349
-10.946535529441148,-0.7691159176933402,8.509083986282349
-10.946535529441148,-0.7691159176933402,8.509083986282349
-10.879594130990036,-0.7643170555344116,8.509083986282349
-10.879594130990036,-0.7643170555344116,8.509083986282349
-10.879594130990036,-0.7643170555344116,8.509083986282349
-10.812123814093724,-0.7591541807749255,8.509083986282349
-10.812123814093724,-0.7591541807749255,8.509083986282349
-10.744103433235708,-0.7536580733291601,8.509083986282349
-10.744103433235708,-0.7536580733291601,8.509083986282349
-10.744103433235708,-0.7536580733291601,8.509083986282349
-10.67553509482137,-0.7478033308368087,8.509083986282349
-10.67553509482137,-0.7478033308368087,8.509083986282349
-10.606449663519559,-0.7416094225253369,8.509083986282349
-10.606449663519559,-0.7416094225253369,8.509083986282349
-10.606449663519559,-0.7416094225253369,8.509083986282349
-10.536876262761188,-0.7350564006227327,8.509083986282349
-10.536876262761188,-0.7350564006227327,8.509083986282349
-10.46683056165603,-0.7281661769631866,8.509083986282349
-10.46683056165603,-0.7281661769631866,8.509083986282349
-10.46683056165603,-0.7281661769631866,8.509083986282349
-10.396351340335157,-0.7209209365066356,8.509083986282349
-10.396351340335157,-0.7209209365066356,8.509083986282349
-10.325459323894053,-0.7133445333755181,8.509083986282349
-10.325459323894053,-0.7133445333755181,8.509083986282349
-10.325459323894053,-0.7133445333755181,8.509083986282349
-10.254169083284332,-0.7054170639702048,8.509083986282349
-10.254169083284332,-0.7054170639702048,8.509083986282349
-10.182490074515387,-0.6971616693788318,8.509083986282349
-10.182490074515387,-0.6971616693788318,8.509083986282349
-10.182490074515387,-0.6971616693788318,8.509083986282349
-10.110419718245836,-0.6885563010350679,8.509083986282349
-10.110419718245836,-0.6885563010350679,8.509083986282349
-10.037968440835112,-0.6796237893793403,8.509083986282349
-10.037968440835112,-0.6796237893793403,8.509083986282349
-10.037968440835112,-0.6796237893793403,8.509083986282349
-9.965164961858028,-0.6703441201111712,8.509083986282349
-9.965164961858028,-0.6703441201111712,8.509083986282349
-9.892011530259907,-0.6607388284477039,8.509083986282349
-9.892011530259907,-0.6607388284477039,8.509083986282349
-9.892011530259907,-0.6607388284477039,8.509083986282349
-9.818517440966932,-0.6507848977304255,8.509083986282349
-9.818517440966932,-0.6507848977304255,8.509083986282349
-9.74469768189976,-0.6405045401950982,8.509083986282349
-9.74469768189976,-0.6405045401950982,8.509083986282349
-9.74469768189976,-0.6405045401950982,8.509083986282349
-9.670565615130675,-0.629874001610039,8.509083986282349
-9.670565615130675,-0.629874001610039,8.509083986282349
-9.596122607482158,-0.6189133381010322,8.509083986282349
-9.596122607482158,-0.6189133381010322,8.509083986282349
-9.596122607482158,-0.6189133381010322,8.509083986282349
-9.521374105813782,-0.6075969899391643,8.509083986282349
-9.44628845085963,-0.5959400136825169,8.509083986282349
-9.44628845085963,-0.5959400136825169,8.509083986282349
-9.44628845085963,-0.5959400136825169,8.509083986282349
-9.44628845085963,-0.5959400136825169,8.509083986282349
-9.370850147501537,-0.5839144005777698,8.509083986282349
-9.370850147501537,-0.5839144005777698,8.509083986282349
-9.295065463527525,-0.5715398676639187,8.509083986282349
-9.295065463527525,-0.5715398676639187,8.509083986282349
-9.295065463527525,-0.5715398676639187,8.509083986282349
-9.218950861081037,-0.5587928676153097,8.509083986282349
-9.218950861081037,-0.5587928676153097,8.509083986282349
-9.142525897616892,-0.5456955076463852,8.509083986282349
-9.142525897616892,-0.5456955076463852,8.509083986282349
-9.142525897616892,-0.5456955076463852,8.509083986282349
-9.065813521760997,-0.5322247212064903,8.509083986282349
-9.065813521760997,-0.5322247212064903,8.509083986282349
-8.988821884406454,-0.5184011511154399,8.509083986282349
-8.988821884406454,-0.5184011511154399,8.509083986282349
-8.988821884406454,-0.5184011511154399,8.509083986282349
-8.911561708796883,-0.504199299001964,8.509083986282349
-8.911561708796883,-0.504199299001964,8.509083986282349
-8.834037428042173,-0.4896623941049157,8.509083986282349
-8.834037428042173,-0.4896623941049157,8.509083986282349
-8.834037428042173,-0.4896623941049157,8.509083986282349
-8.75625988242603,-0.4748352142376507,8.509083986282349
-8.75625988242603,-0.4748352142376507,8.509083986282349
-8.678243871865204,-0.45969567823002855,8.509083986282349
-8.678243871865204,-0.45969567823002855,8.509083986282349
-8.678243871865204,-0.45969567823002855,8.509083986282349
-8.599993131901138,-0.4442700478466218,8.509083986282349
-8.599993131901138,-0.4442700478466218,8.509083986282349
-8.521529670995617,-0.4285422734551164,8.509083986282349
-8.521529670995617,-0.4285422734551164,8.509083986282349
-8.521529670995617,-0.4285422734551164,8.509083986282349
-8.442862344943796,-0.4125435894002266,8.509083986282349
-8.442862344943796,-0.4125435894002266,8.509083986282349
-8.3640125242746,-0.39626000824570357,8.509083986282349
-8.3640125242746,-0.39626000824570357,8.509083986282349
-8.3640125242746,-0.39626000824570357,8.509083986282349
-8.28501880817988,-0.3797309901128559,8.509083986282349
-8.205945586687681,-0.36295105899932484,8.509083986282349
-8.205945586687681,-0.36295105899932484,8.509083986282349
-8.205945586687681,-0.36295105899932484,8.509083986282349
-8.12681802384742,-0.3459841386427183,8.509083986282349
-8.12681802384742,-0.3459841386427183,8.509083986282349
-8.12681802384742,-0.3459841386427183,8.509083986282349
-8.047659749143703,-0.32889404123852684,8.509083986282349
-8.047659749143703,-0.32889404123852684,8.509083986282349
-8.047659749143703,-0.32889404123852684,8.509083986282349
-7.968523369190369,-0.3116741749460628,8.509083986282349
-7.968523369190369,-0.3116741749460628,8.509083986282349
-7.889452221054858,-0.29437329922810523,8.509083986282349
-7.889452221054858,-0.29437329922810523,8.509083986282349
-7.889452221054858,-0.29437329922810523,8.509083986282349
-7.810465562281077,-0.2769800638345595,8.509083986282349
-7.810465562281077,-0.2769800638345595,8.509083986282349
-7.73155540427556,-0.25953476920143453,8.509083986282349
-7.73155540427556,-0.25953476920143453,8.509083986282349
-7.73155540427556,-0.25953476920143453,8.509083986282349
-7.652773029754332,-0.24203546696805728,8.509083986282349
-7.652773029754332,-0.24203546696805728,8.509083986282349
-7.5742124043634576,-0.22454879914888087,8.509083986282349
-7.5742124043634576,-0.22454879914888087,8.509083986282349
-7.5742124043634576,-0.22454879914888087,8.509083986282349
-7.495986988648292,-0.20708537927172047,8.509083986282349
-7.495986988648292,-0.20708537927172047,8.509083986282349
-7.4181014883689205,-0.18969299122815625,8.509083986282349
-7.4181014883689205,-0.18969299122815625,8.509083986282349
-7.4181014883689205,-0.18969299122815625,8.509083986282349
-7.34063880451268,-0.17237308935637302,8.509083986282349
-7.34063880451268,-0.17237308935637302,8.509083986282349
-7.263788787530147,-0.15521722842987637,8.509083986282349
-7.263788787530147,-0.15521722842987637,8.509083986282349
-7.263788787530147,-0.15521722842987637,8.509083986282349
-7.187575784823944,-0.13820940847271782,8.509083986282349
-7.187575784823944,-0.13820940847271782,8.509083986282349
-7.112020399532765,-0.12143971652220573,8.509083986282349
-7.112020399532765,-0.12143971652220573,8.509083986282349
-7.037289124636521,-0.10502798839806285,8.509083986282349
-7.037289124636521,-0.10502798839806285,8.509083986282349
-7.037289124636521,-0.10502798839806285,8.509083986282349
-6.963455470182275,-0.08896319523558213,8.509083986282349
-6.963455470182275,-0.08896319523558213,8.509083986282349
-6.963455470182275,-0.08896319523558213,8.509083986282349
-6.890427270295304,-0.07327854906680949,8.509083986282349
-6.890427270295304,-0.07327854906680949,8.509083986282349
-6.818089266413057,-0.05793273786668561,8.509083986282349
-6.818089266413057,-0.05793273786668561,8.509083986282349
-6.818089266413057,-0.05793273786668561,8.509083986282349
-6.746408788849371,-0.04298148631533862,8.509083986282349
-6.746408788849371,-0.04298148631533862,8.509083986282349
-6.675252965144331,-0.028392612406562982,8.509083986282349
-6.675252965144331,-0.028392612406562982,8.509083986282349
-6.675252965144331,-0.028392612406562982,8.509083986282349
-6.604390909388871,-0.01418741011082822,8.509083986282349
-6.604390909388871,-0.01418741011082822,8.509083986282349
-6.5338060433053275,-0.0003639179622749941,8.509083986282349
-6.5338060433053275,-0.0003639179622749941,8.509083986282349
-6.5338060433053275,-0.0003639179622749941,8.509083986282349
-6.463377746089588,0.013007982841901534,8.509083986282349
-6.463377746089588,0.013007982841901534,8.509083986282349
-6.392977740579956,0.02586617763459416,8.509083986282349
-6.392977740579956,0.02586617763459416,8.509083986282349
-6.392977740579956,0.02586617763459416,8.509083986282349
-6.322663215650118,0.0382001277652889,8.509083986282349
-6.322663215650118,0.0382001277652889,8.509083986282349
-6.25232170745534,0.049970512971332856,8.509083986282349
-6.25232170745534,0.049970512971332856,8.509083986282349
-6.25232170745534,0.049970512971332856,8.509083986282349
-6.181835410864443,0.06119493433503581,8.509083986282349
-6.181835410864443,0.06119493433503581,8.509083986282349
-6.111174630576153,0.07182366583744171,8.509083986282349
-6.111174630576153,0.07182366583744171,8.509083986282349
-6.111174630576153,0.07182366583744171,8.509083986282349
-6.040316339336751,0.0818615239909452,8.509083986282349
-6.040316339336751,0.0818615239909452,8.509083986282349
-5.969261472907046,0.09126085492210975,8.509083986282349
-5.969261472907046,0.09126085492210975,8.509083986282349
-5.969261472907046,0.09126085492210975,8.509083986282349
-5.898032862377297,0.10005151711378676,8.509083986282349
-5.898032862377297,0.10005151711378676,8.509083986282349
-5.826656650071766,0.10826487509114974,8.509083986282349
-5.826656650071766,0.10826487509114974,8.509083986282349
-5.826656650071766,0.10826487509114974,8.509083986282349
-5.755137724984235,0.11586218072039646,8.509083986282349
-5.755137724984235,0.11586218072039646,8.509083986282349
-5.683482052954361,0.1228618684538418,8.509083986282349
-5.683482052954361,0.1228618684538418,8.509083986282349
-5.683482052954361,0.1228618684538418,8.509083986282349
-5.611687680818341,0.12923484067244947,8.509083986282349
-5.611687680818341,0.12923484067244947,8.509083986282349
-5.539736593564804,0.1350086096782457,8.509083986282349
-5.539736593564804,0.1350086096782457,8.509083986282349
-5.539736593564804,0.1350086096782457,8.509083986282349
-5.467606432736424,0.14016247360253312,8.509083986282349
-5.467606432736424,0.14016247360253312,8.509083986282349
-5.395290103428712,0.1447281909586685,8.509083986282349
-5.395290103428712,0.1447281909586685,8.509083986282349
-5.395290103428712,0.1447281909586685,8.509083986282349
-5.322775481660653,0.14868951237901992,8.509083986282349
-5.322775481660653,0.14868951237901992,8.509083986282349
-5.250061981136252,0.15208144599894413,8.509083986282349
-5.250061981136252,0.15208144599894413,8.509083986282349
-5.250061981136252,0.15208144599894413,8.509083986282349
-5.177149520206631,0.1548902941421259,8.509083986282349
-5.177149520206631,0.1548902941421259,8.509083986282349
-5.104028538311735,0.1571534123608044,8.509083986282349
-5.104028538311735,0.1571534123608044,8.509083986282349
-5.104028538311735,0.1571534123608044,8.509083986282349
-5.030696286261891,0.15885898972843723,8.509083986282349
-5.030696286261891,0.15885898972843723,8.509083986282349
-4.957155295160415,0.16004450232014175,8.509083986282349
-4.957155295160415,0.16004450232014175,8.509083986282349
-4.957155295160415,0.16004450232014175,8.509083986282349
-4.883395754528386,0.16069870496527533,8.509083986282349
-4.883395754528386,0.16069870496527533,8.509083986282349
-4.809416537724083,0.16085885311704307,8.509083986282349
-4.809416537724083,0.16085885311704307,8.509083986282349
-4.809416537724083,0.16085885311704307,8.509083986282349
-4.735212942297686,0.16051314642355483,8.509083986282349
-4.735212942297686,0.16051314642355483,8.509083986282349
-4.660760521067449,0.15969803640327226,8.509083986282349
-4.660760521067449,0.15969803640327226,8.509083986282349
-4.586054782639432,0.1584013645118963,8.509083986282349
-4.586054782639432,0.1584013645118963,8.509083986282349
-4.511061496569817,0.15665797723027336,8.509083986282349
-4.511061496569817,0.15665797723027336,8.509083986282349
-4.511061496569817,0.15665797723027336,8.509083986282349
-4.511061496569817,0.15665797723027336,8.509083986282349
-4.435747075947959,0.1544557240816466,8.509083986282349
-4.435747075947959,0.1544557240816466,8.509083986282349
-4.3601327446166644,0.15185169465525042,8.509083986282349
-4.3601327446166644,0.15185169465525042,8.509083986282349
-4.3601327446166644,0.15185169465525042,8.509083986282349
-4.284214895655357,0.14890202088177584,8.509083986282349
-4.284214895655357,0.14890202088177584,8.509083986282349
-4.207967739076703,0.14559545855548986,8.509083986282349
-4.207967739076703,0.14559545855548986,8.509083986282349
-4.207967739076703,0.14559545855548986,8.509083986282349
-4.131371298522442,0.14196916855082392,8.509083986282349
-4.131371298522442,0.14196916855082392,8.509083986282349
-4.0544374770930185,0.13801779625376728,8.509083986282349
-4.0544374770930185,0.13801779625376728,8.509083986282349
-4.0544374770930185,0.13801779625376728,8.509083986282349
-3.9771790087107943,0.13378225110900094,8.509083986282349
-3.9771790087107943,0.13378225110900094,8.509083986282349
-3.8995871692702,0.12925693906625238,8.509083986282349
-3.8995871692702,0.12925693906625238,8.509083986282349
-3.8995871692702,0.12925693906625238,8.509083986282349
-3.8216490437940456,0.12448143893420642,8.509083986282349
-3.8216490437940456,0.12448143893420642,8.509083986282349
-3.7433797993766826,0.11945063459860497,8.509083986282349
-3.7433797993766826,0.11945063459860497,8.509083986282349
-3.7433797993766826,0.11945063459860497,8.509083986282349
-3.6647935699147416,0.11420409525769845,8.509083986282349
-3.6647935699147416,0.11420409525769845,8.509083986282349
-3.5858955866351474,0.10873382665657497,8.509083986282349
-3.5858955866351474,0.10873382665657497,8.509083986282349
-3.5858955866351474,0.10873382665657497,8.509083986282349
-3.5066998174966093,0.10307723277454578,8.509083986282349
-3.5066998174966093,0.10307723277454578,8.509083986282349
-3.427224340354513,0.09722401707768581,8.509083986282349
-3.427224340354513,0.09722401707768581,8.509083986282349
-3.427224340354513,0.09722401707768581,8.509083986282349
-3.347482698334957,0.09120911875352597,8.509083986282349
-3.347482698334957,0.09120911875352597,8.509083986282349
-3.2674900519865875,0.08501880790701048,8.509083986282349
-3.2674900519865875,0.08501880790701048,8.509083986282349
-3.2674900519865875,0.08501880790701048,8.509083986282349
-3.1872567408091066,0.07870915299170761,8.509083986282349
-3.1872567408091066,0.07870915299170761,8.509083986282349
-3.1067948406882295,0.07233545345293697,8.509083986282349
-3.1067948406882295,0.07233545345293697,8.509083986282349
-3.1067948406882295,0.07233545345293697,8.509083986282349
-3.026124751717911,0.06588359724392795,8.509083986282349
-3.026124751717911,0.06588359724392795,8.509083986282349
-2.945260772957008,0.059389685170995556,8.509083986282349
-2.945260772957008,0.059389685170995556,8.509083986282349
-2.945260772957008,0.059389685170995556,8.509083986282349
-2.8642158497427443,0.052841669164475996,8.509083986282349
-2.8642158497427443,0.052841669164475996,8.509083986282349
-2.7830012170707814,0.046277885187607365,8.509083986282349
-2.7830012170707814,0.046277885187607365,8.509083986282349
-2.701630170556441,0.03968738945885194,8.509083986282349
-2.701630170556441,0.03968738945885194,8.509083986282349
-2.701630170556441,0.03968738945885194,8.509083986282349
-2.6201067897688266,0.033108872002658836,8.509083986282349
-2.6201067897688266,0.033108872002658836,8.509083986282349
-2.5384416930947857,0.026531099576228144,8.509083986282349
-2.5384416930947857,0.026531099576228144,8.509083986282349
-2.5384416930947857,0.026531099576228144,8.509083986282349
-2.4566496134893465,0.019993655017495476,8.509083986282349
-2.4566496134893465,0.019993655017495476,8.509083986282349
-2.4566496134893465,0.019993655017495476,8.509083986282349
-2.374745894635559,0.013484734743286455,8.509083986282349
-2.374745894635559,0.013484734743286455,8.509083986282349
-2.292734241159893,0.007042450350645101,8.509083986282349
-2.292734241159893,0.007042450350645101,8.509083986282349
-2.292734241159893,0.007042450350645101,8.509083986282349
-2.2106176459301916,0.000652761972320579,8.509083986282349
-2.2106176459301916,0.000652761972320579,8.509083986282349
-2.1283965815157733,-0.005647566127102702,8.509083986282349
-2.1283965815157733,-0.005647566127102702,8.509083986282349
-2.1283965815157733,-0.005647566127102702,8.509083986282349
-2.046088270997581,-0.01187286248039856,8.509083986282349
-2.046088270997581,-0.01187286248039856,8.509083986282349
-1.963697124640352,-0.017987104130255116,8.509083986282349
-1.963697124640352,-0.017987104130255116,8.509083986282349
-1.8812239151299166,-0.024007375211878346,8.509083986282349
-1.8812239151299166,-0.024007375211878346,8.509083986282349
-1.8812239151299166,-0.024007375211878346,8.509083986282349
-1.7986730552417087,-0.029898888703739482,8.509083986282349
-1.7986730552417087,-0.029898888703739482,8.509083986282349
-1.7986730552417087,-0.029898888703739482,8.509083986282349
-1.7160343802706302,-0.03568077735464028,8.509083986282349
-1.7160343802706302,-0.03568077735464028,8.509083986282349
-1.633288535572056,-0.04132141644148817,8.509083986282349
-1.633288535572056,-0.04132141644148817,8.509083986282349
-1.633288535572056,-0.04132141644148817,8.509083986282349
-1.550436752421294,-0.046840170794264724,8.509083986282349
-1.550436752421294,-0.046840170794264724,8.509083986282349
-1.4674758071149374,-0.05220571831688793,8.509083986282349
-1.4674758071149374,-0.05220571831688793,8.509083986282349
-1.4674758071149374,-0.05220571831688793,8.509083986282349
-1.3844154710015641,-0.05743816674998048,8.509083986282349
-1.3844154710015641,-0.05743816674998048,8.509083986282349
-1.3012481538165508,-0.06250756453217277,8.509083986282349
-1.3012481538165508,-0.06250756453217277,8.509083986282349
-1.3012481538165508,-0.06250756453217277,8.509083986282349
-1.217965828331493,-0.06743617403734527,8.509083986282349
-1.217965828331493,-0.06743617403734527,8.509083986282349
