x,y,lap_time_s
4.563881142929262,0.16079152238494912,10.826855897903442
4.777750556040093,0.20596064414155618,10.826855897903442
4.931044218344038,0.23611010651155906,10.826855897903442
5.184899837241461,0.28128454283638255,10.826855897903442
5.349628779583004,0.31359911160505677,10.826855897903442
5.654174501103315,0.3869123440563923,10.826855897903442
5.8290703540269835,0.42536775796734777,10.826855897903442
5.908139591971875,0.42790951143611405,10.826855897903442
5.907712707362456,0.41690951928136655,10.826855897903442
5.906558106948641,0.4092004474095904,10.826855897903442
5.935896217005922,0.3917567014609767,10.826855897903442
5.935896217005922,0.3917567014609767,10.826855897903442
5.935896217005922,0.3917567014609767,10.826855897903442
5.935896217005922,0.3917567014609767,10.826855897903442
5.935896217005922,0.3917567014609767,10.826855897903442
5.935896217005922,0.3917567014609767,10.826855897903442
5.935896217005922,0.3917567014609767,10.826855897903442
5.935896217005922,0.3917567014609767,10.826855897903442
5.935896217005922,0.3917567014609767,10.826855897903442
5.966213762264113,0.37201512182225216,10.826855897903442
5.966213762264113,0.37201512182225216,10.826855897903442
5.966213762264113,0.37201512182225216,10.826855897903442
5.966213762264113,0.37201512182225216,10.826855897903442
5.966213762264113,0.37201512182225216,10.826855897903442
5.966213762264113,0.37201512182225216,10.826855897903442
5.966213762264113,0.37201512182225216,10.826855897903442
6.002665799122493,0.3514916573555153,10.826855897903442
6.002665799122493,0.3514916573555153,10.826855897903442
6.002665799122493,0.3514916573555153,10.826855897903442
6.002665799122493,0.3514916573555153,10.826855897903442
6.002665799122493,0.3514916573555153,10.826855897903442
6.002665799122493,0.3514916573555153,10.826855897903442
6.002665799122493,0.3514916573555153,10.826855897903442
6.039674254572883,0.32795968479189685,10.826855897903442
6.039674254572883,0.32795968479189685,10.826855897903442
6.039674254572883,0.32795968479189685,10.826855897903442
6.039674254572883,0.32795968479189685,10.826855897903442
6.039674254572883,0.32795968479189685,10.826855897903442
6.066984928666341,0.32232909586147246,10.826855897903442
6.066984928666341,0.32232909586147246,10.826855897903442
6.066984928666341,0.32232909586147246,10.826855897903442
6.066984928666341,0.32232909586147246,10.826855897903442
6.066984928666341,0.32232909586147246,10.826855897903442
6.093009519608508,0.3400160061206657,10.826855897903442
6.093009519608508,0.3400160061206657,10.826855897903442
6.093009519608508,0.3400160061206657,10.826855897903442
6.093009519608508,0.3400160061206657,10.826855897903442
6.131817786695238,0.3480315874174189,10.826855897903442
6.131817786695238,0.3480315874174189,10.826855897903442
6.131817786695238,0.3480315874174189,10.826855897903442
6.131817786695238,0.3480315874174189,10.826855897903442
6.131817786695238,0.3480315874174189,10.826855897903442
6.181499257360843,0.34602458811189885,10.826855897903442
6.181499257360843,0.34602458811189885,10.826855897903442
6.181499257360843,0.34602458811189885,10.826855897903442
6.181499257360843,0.34602458811189885,10.826855897903442
6.195669816855056,0.3182968788799081,10.826855897903442
6.195669816855056,0.3182968788799081,10.826855897903442
6.195669816855056,0.3182968788799081,10.826855897903442
6.195669816855056,0.3182968788799081,10.826855897903442
6.244412892745878,0.33390781344572223,10.826855897903442
6.244412892745878,0.33390781344572223,10.826855897903442
6.244412892745878,0.33390781344572223,10.826855897903442
6.244412892745878,0.33390781344572223,10.826855897903442
6.244412892745878,0.33390781344572223,10.826855897903442
6.278964061132559,0.34557502097881154,10.826855897903442
6.278964061132559,0.34557502097881154,10.826855897903442
6.278964061132559,0.34557502097881154,10.826855897903442
6.278964061132559,0.34557502097881154,10.826855897903442
6.346894730510221,0.3381231790526461,10.826855897903442
6.346894730510221,0.3381231790526461,10.826855897903442
6.346894730510221,0.3381231790526461,10.826855897903442
6.346894730510221,0.3381231790526461,10.826855897903442
6.41262152694654,0.3289850375124023,10.826855897903442
6.41262152694654,0.3289850375124023,10.826855897903442
6.41262152694654,0.3289850375124023,10.826855897903442
6.41262152694654,0.3289850375124023,10.826855897903442
6.442708277092578,0.3189412058148565,10.826855897903442
6.442708277092578,0.3189412058148565,10.826855897903442
6.442708277092578,0.3189412058148565,10.826855897903442
6.442708277092578,0.3189412058148565,10.826855897903442
6.499857906865388,0.29811643554191347,10.826855897903442
6.499857906865388,0.29811643554191347,10.826855897903442
6.499857906865388,0.29811643554191347,10.826855897903442
6.499857906865388,0.29811643554191347,10.826855897903442
6.599018552095233,0.30949179838179797,10.826855897903442
6.599018552095233,0.30949179838179797,10.826855897903442
6.599018552095233,0.30949179838179797,10.826855897903442
6.599018552095233,0.30949179838179797,10.826855897903442
6.669971047811473,0.3305463743072992,10.826855897903442
6.669971047811473,0.3305463743072992,10.826855897903442
6.669971047811473,0.3305463743072992,10.826855897903442
6.669971047811473,0.3305463743072992,10.826855897903442
6.745108644981731,0.3193623544668786,10.826855897903442
6.745108644981731,0.3193623544668786,10.826855897903442
6.745108644981731,0.3193623544668786,10.826855897903442
6.745108644981731,0.3193623544668786,10.826855897903442
6.777597955312115,0.31101093751398545,10.826855897903442
6.777597955312115,0.31101093751398545,10.826855897903442
6.777597955312115,0.31101093751398545,10.826855897903442
6.777597955312115,0.31101093751398545,10.826855897903442
6.839043968717092,0.2910435540939846,10.826855897903442
6.839043968717092,0.2910435540939846,10.826855897903442
6.839043968717092,0.2910435540939846,10.826855897903442
6.839043968717092,0.2910435540939846,10.826855897903442
6.924633783113022,0.2556398515760429,10.826855897903442
6.924633783113022,0.2556398515760429,10.826855897903442
6.924633783113022,0.2556398515760429,10.826855897903442
6.924633783113022,0.2556398515760429,10.826855897903442
6.924633783113022,0.2556398515760429,10.826855897903442
6.9566509708200135,0.2382182298905932,10.826855897903442
6.9566509708200135,0.2382182298905932,10.826855897903442
6.9566509708200135,0.2382182298905932,10.826855897903442
6.9566509708200135,0.2382182298905932,10.826855897903442
7.020782916712145,0.21662455332590824,10.826855897903442
7.020782916712145,0.21662455332590824,10.826855897903442
7.020782916712145,0.21662455332590824,10.826855897903442
7.020782916712145,0.21662455332590824,10.826855897903442
7.090826484567688,0.19303329532700186,10.826855897903442
7.090826484567688,0.19303329532700186,10.826855897903442
7.090826484567688,0.19303329532700186,10.826855897903442
7.090826484567688,0.19303329532700186,10.826855897903442
7.090826484567688,0.19303329532700186,10.826855897903442
7.113086682818858,0.187986996487844,10.826855897903442
7.113086682818858,0.187986996487844,10.826855897903442
7.113086682818858,0.187986996487844,10.826855897903442
7.113086682818858,0.187986996487844,10.826855897903442
7.250148749741488,0.16613548854171345,10.826855897903442
7.250148749741488,0.16613548854171345,10.826855897903442
7.250148749741488,0.16613548854171345,10.826855897903442
7.250148749741488,0.16613548854171345,10.826855897903442
7.362573584353708,0.1522378326779731,10.826855897903442
7.362573584353708,0.1522378326779731,10.826855897903442
7.362573584353708,0.1522378326779731,10.826855897903442
7.362573584353708,0.1522378326779731,10.826855897903442
7.4359213471028225,0.13222691777930232,10.826855897903442
7.4359213471028225,0.13222691777930232,10.826855897903442
7.4359213471028225,0.13222691777930232,10.826855897903442
7.4359213471028225,0.13222691777930232,10.826855897903442
7.4359213471028225,0.13222691777930232,10.826855897903442
7.454870091246601,0.11785670214032458,10.826855897903442
7.454870091246601,0.11785670214032458,10.826855897903442
7.454870091246601,0.11785670214032458,10.826855897903442
7.454870091246601,0.11785670214032458,10.826855897903442
7.547264799933075,0.09481828036014128,10.826855897903442
7.547264799933075,0.09481828036014128,10.826855897903442
7.547264799933075,0.09481828036014128,10.826855897903442
7.547264799933075,0.09481828036014128,10.826855897903442
7.547264799933075,0.09481828036014128,10.826855897903442
7.6316958717371035,0.06758215632004902,10.826855897903442
7.6316958717371035,0.06758215632004902,10.826855897903442
7.6316958717371035,0.06758215632004902,10.826855897903442
7.6316958717371035,0.06758215632004902,10.826855897903442
7.73024011030164,0.052914229880933,10.826855897903442
7.73024011030164,0.052914229880933,10.826855897903442
7.73024011030164,0.052914229880933,10.826855897903442
7.73024011030164,0.052914229880933,10.826855897903442
7.765420859279003,0.050665854885281705,10.826855897903442
7.765420859279003,0.050665854885281705,10.826855897903442
7.765420859279003,0.050665854885281705,10.826855897903442
7.765420859279003,0.050665854885281705,10.826855897903442
7.765420859279003,0.050665854885281705,10.826855897903442
7.843632349861519,0.028939408662343964,10.826855897903442
7.843632349861519,0.028939408662343964,10.826855897903442
7.843632349861519,0.028939408662343964,10.826855897903442
7.843632349861519,0.028939408662343964,10.826855897903442
7.953928208921964,0.04311671016255049,10.826855897903442
7.953928208921964,0.04311671016255049,10.826855897903442
7.953928208921964,0.04311671016255049,10.826855897903442
7.953928208921964,0.04311671016255049,10.826855897903442
7.953928208921964,0.04311671016255049,10.826855897903442
8.064496537623022,0.04658971181688089,10.826855897903442
8.064496537623022,0.04658971181688089,10.826855897903442
8.064496537623022,0.04658971181688089,10.826855897903442
8.064496537623022,0.04658971181688089,10.826855897903442
8.064496537623022,0.04658971181688089,10.826855897903442
8.124118028893804,0.05054760413074672,10.826855897903442
8.124118028893804,0.05054760413074672,10.826855897903442
8.124118028893804,0.05054760413074672,10.826855897903442
8.124118028893804,0.05054760413074672,10.826855897903442
8.210601149800098,0.05559880138607612,10.826855897903442
8.210601149800098,0.05559880138607612,10.826855897903442
8.210601149800098,0.05559880138607612,10.826855897903442
8.210601149800098,0.05559880138607612,10.826855897903442
8.210601149800098,0.05559880138607612,10.826855897903442
8.257899007142303,0.0754318013397984,10.826855897903442
8.257899007142303,0.0754318013397984,10.826855897903442
8.257899007142303,0.0754318013397984,10.826855897903442
8.257899007142303,0.0754318013397984,10.826855897903442
8.257899007142303,0.0754318013397984,10.826855897903442
8.300030397958492,0.09386580933428117,10.826855897903442
8.300030397958492,0.09386580933428117,10.826855897903442
8.300030397958492,0.09386580933428117,10.826855897903442
8.300030397958492,0.09386580933428117,10.826855897903442
8.300030397958492,0.09386580933428117,10.826855897903442
8.300030397958492,0.09386580933428117,10.826855897903442
8.300030397958492,0.09386580933428117,10.826855897903442
8.353903587279802,0.129355336260146,10.826855897903442
8.353903587279802,0.129355336260146,10.826855897903442
8.353903587279802,0.129355336260146,10.826855897903442
8.353903587279802,0.129355336260146,10.826855897903442
8.353903587279802,0.129355336260146,10.826855897903442
8.40290526366003,0.17082968881295627,10.826855897903442
8.40290526366003,0.17082968881295627,10.826855897903442
8.40290526366003,0.17082968881295627,10.826855897903442
8.40290526366003,0.17082968881295627,10.826855897903442
8.40290526366003,0.17082968881295627,10.826855897903442
8.40290526366003,0.17082968881295627,10.826855897903442
8.40290526366003,0.17082968881295627,10.826855897903442
8.441422477146718,0.20100042651613423,10.826855897903442
8.441422477146718,0.20100042651613423,10.826855897903442
8.441422477146718,0.20100042651613423,10.826855897903442
8.441422477146718,0.20100042651613423,10.826855897903442
8.441422477146718,0.20100042651613423,10.826855897903442
8.482320996841665,0.27152039015426277,10.826855897903442
8.482320996841665,0.27152039015426277,10.826855897903442
8.482320996841665,0.27152039015426277,10.826855897903442
8.482320996841665,0.27152039015426277,10.826855897903442
8.528172119374661,0.33966552767930475,10.826855897903442
8.528172119374661,0.33966552767930475,10.826855897903442
8.528172119374661,0.33966552767930475,10.826855897903442
8.528172119374661,0.33966552767930475,10.826855897903442
8.528172119374661,0.33966552767930475,10.826855897903442
8.528172119374661,0.33966552767930475,10.826855897903442
8.563585921017706,0.40118299313625627,10.826855897903442
8.563585921017706,0.40118299313625627,10.826855897903442
8.563585921017706,0.40118299313625627,10.826855897903442
8.563585921017706,0.40118299313625627,10.826855897903442
8.563585921017706,0.40118299313625627,10.826855897903442
8.563585921017706,0.40118299313625627,10.826855897903442
8.68573319752291,0.3949479927937007,10.826855897903442
8.68573319752291,0.3949479927937007,10.826855897903442
8.68573319752291,0.3949479927937007,10.826855897903442
8.68573319752291,0.3949479927937007,10.826855897903442
8.68573319752291,0.3949479927937007,10.826855897903442
8.68573319752291,0.3949479927937007,10.826855897903442
8.736045434558797,0.37501018369458106,10.826855897903442
8.736045434558797,0.37501018369458106,10.826855897903442
8.736045434558797,0.37501018369458106,10.826855897903442
8.736045434558797,0.37501018369458106,10.826855897903442
8.736045434558797,0.37501018369458106,10.826855897903442
8.746903445687314,0.35318991643301784,10.826855897903442
8.746903445687314,0.35318991643301784,10.826855897903442
8.746903445687314,0.35318991643301784,10.826855897903442
8.746903445687314,0.35318991643301784,10.826855897903442
8.746903445687314,0.35318991643301784,10.826855897903442
8.746903445687314,0.35318991643301784,10.826855897903442
8.739218012192442,0.33044030302293576,10.826855897903442
8.739218012192442,0.33044030302293576,10.826855897903442
8.739218012192442,0.33044030302293576,10.826855897903442
8.739218012192442,0.33044030302293576,10.826855897903442
8.739218012192442,0.33044030302293576,10.826855897903442
8.739218012192442,0.33044030302293576,10.826855897903442
8.735774554149595,0.3225805865250321,10.826855897903442
8.735774554149595,0.3225805865250321,10.826855897903442
8.735774554149595,0.3225805865250321,10.826855897903442
8.735774554149595,0.3225805865250321,10.826855897903442
8.735774554149595,0.3225805865250321,10.826855897903442
8.770576762084882,0.314750496624839,10.826855897903442
8.770576762084882,0.314750496624839,10.826855897903442
8.770576762084882,0.314750496624839,10.826855897903442
8.770576762084882,0.314750496624839,10.826855897903442
8.770576762084882,0.314750496624839,10.826855897903442
8.772801377527976,0.2985553078809704,10.826855897903442
8.772801377527976,0.2985553078809704,10.826855897903442
8.772801377527976,0.2985553078809704,10.826855897903442
8.772801377527976,0.2985553078809704,10.826855897903442
8.782125725702617,0.3125436503278926,10.826855897903442
8.782125725702617,0.3125436503278926,10.826855897903442
8.782125725702617,0.3125436503278926,10.826855897903442
8.782125725702617,0.3125436503278926,10.826855897903442
8.782125725702617,0.3125436503278926,10.826855897903442
8.782125725702617,0.3125436503278926,10.826855897903442
8.796047450778676,0.3061072655330544,10.826855897903442
8.796047450778676,0.3061072655330544,10.826855897903442
8.796047450778676,0.3061072655330544,10.826855897903442
8.796047450778676,0.3061072655330544,10.826855897903442
8.796047450778676,0.3061072655330544,10.826855897903442
8.796837395269026,0.2999952144417099,10.826855897903442
8.796837395269026,0.2999952144417099,10.826855897903442
8.796837395269026,0.2999952144417099,10.826855897903442
8.796837395269026,0.2999952144417099,10.826855897903442
8.796837395269026,0.2999952144417099,10.826855897903442
8.81882451246621,0.31863667302659004,10.826855897903442
8.81882451246621,0.31863667302659004,10.826855897903442
8.81882451246621,0.31863667302659004,10.826855897903442
8.81882451246621,0.31863667302659004,10.826855897903442
8.81882451246621,0.31863667302659004,10.826855897903442
8.81882451246621,0.31863667302659004,10.826855897903442
8.840443547422764,0.33836727279529927,10.826855897903442
8.840443547422764,0.33836727279529927,10.826855897903442
8.840443547422764,0.33836727279529927,10.826855897903442
8.840443547422764,0.33836727279529927,10.826855897903442
8.840443547422764,0.33836727279529927,10.826855897903442
8.840443547422764,0.33836727279529927,10.826855897903442
8.852196674165246,0.33256324687580474,10.826855897903442
8.852196674165246,0.33256324687580474,10.826855897903442
8.852196674165246,0.33256324687580474,10.826855897903442
8.852196674165246,0.33256324687580474,10.826855897903442
8.852196674165246,0.33256324687580474,10.826855897903442
8.852196674165246,0.33256324687580474,10.826855897903442
8.852196674165246,0.33256324687580474,10.826855897903442
8.852196674165246,0.33256324687580474,10.826855897903442
8.89251661430845,0.3480207978152631,10.826855897903442
8.89251661430845,0.3480207978152631,10.826855897903442
8.89251661430845,0.3480207978152631,10.826855897903442
8.89251661430845,0.3480207978152631,10.826855897903442
8.894736341679573,0.3600027013016636,10.826855897903442
8.894736341679573,0.3600027013016636,10.826855897903442
8.894736341679573,0.3600027013016636,10.826855897903442
8.894736341679573,0.3600027013016636,10.826855897903442
8.894736341679573,0.3600027013016636,10.826855897903442
8.894736341679573,0.3600027013016636,10.826855897903442
8.945270539611032,0.3748920190264813,10.826855897903442
8.945270539611032,0.3748920190264813,10.826855897903442
8.945270539611032,0.3748920190264813,10.826855897903442
8.945270539611032,0.3748920190264813,10.826855897903442
8.945270539611032,0.3748920190264813,10.826855897903442
8.978075929118438,0.40895902552546076,10.826855897903442
8.978075929118438,0.40895902552546076,10.826855897903442
8.978075929118438,0.40895902552546076,10.826855897903442
8.978075929118438,0.40895902552546076,10.826855897903442
8.978075929118438,0.40895902552546076,10.826855897903442
8.994815154000424,0.44176200707774654,10.826855897903442
8.994815154000424,0.44176200707774654,10.826855897903442
8.994815154000424,0.44176200707774654,10.826855897903442
8.994815154000424,0.44176200707774654,10.826855897903442
8.994815154000424,0.44176200707774654,10.826855897903442
8.994815154000424,0.44176200707774654,10.826855897903442
9.006543666268211,0.46963444553573863,10.826855897903442
9.006543666268211,0.46963444553573863,10.826855897903442
9.006543666268211,0.46963444553573863,10.826855897903442
9.006543666268211,0.46963444553573863,10.826855897903442
9.006543666268211,0.46963444553573863,10.826855897903442
9.034098036982888,0.4960132530629107,10.826855897903442
9.034098036982888,0.4960132530629107,10.826855897903442
9.034098036982888,0.4960132530629107,10.826855897903442
9.034098036982888,0.4960132530629107,10.826855897903442
9.034098036982888,0.4960132530629107,10.826855897903442
9.034848187588427,0.5186090669780192,10.826855897903442
9.034848187588427,0.5186090669780192,10.826855897903442
9.034848187588427,0.5186090669780192,10.826855897903442
9.034848187588427,0.5186090669780192,10.826855897903442
9.038195818482622,0.5142677875628809,10.826855897903442
9.038195818482622,0.5142677875628809,10.826855897903442
9.038195818482622,0.5142677875628809,10.826855897903442
9.038195818482622,0.5142677875628809,10.826855897903442
9.038195818482622,0.5142677875628809,10.826855897903442
9.038051522083194,0.5159205310290748,10.826855897903442
9.038051522083194,0.5159205310290748,10.826855897903442
9.038051522083194,0.5159205310290748,10.826855897903442
9.038051522083194,0.5159205310290748,10.826855897903442
9.038051522083194,0.5159205310290748,10.826855897903442
9.03995334546702,0.5163507681942698,10.826855897903442
9.03995334546702,0.5163507681942698,10.826855897903442
9.03995334546702,0.5163507681942698,10.826855897903442
9.03995334546702,0.5163507681942698,10.826855897903442
9.03995334546702,0.5163507681942698,10.826855897903442
9.03995334546702,0.5163507681942698,10.826855897903442
9.047985580294325,0.5215638772646471,10.826855897903442
9.047985580294325,0.5215638772646471,10.826855897903442
9.047985580294325,0.5215638772646471,10.826855897903442
9.047985580294325,0.5215638772646471,10.826855897903442
9.047985580294325,0.5215638772646471,10.826855897903442
9.076063441254785,0.5095903745241042,10.826855897903442
9.076063441254785,0.5095903745241042,10.826855897903442
9.076063441254785,0.5095903745241042,10.826855897903442
9.076063441254785,0.5095903745241042,10.826855897903442
9.076063441254785,0.5095903745241042,10.826855897903442
9.112366717621002,0.47959850531689197,10.826855897903442
9.112366717621002,0.47959850531689197,10.826855897903442
9.112366717621002,0.47959850531689197,10.826855897903442
9.112366717621002,0.47959850531689197,10.826855897903442
9.112366717621002,0.47959850531689197,10.826855897903442
9.112366717621002,0.47959850531689197,10.826855897903442
9.126164537706597,0.485043520423754,10.826855897903442
9.126164537706597,0.485043520423754,10.826855897903442
9.126164537706597,0.485043520423754,10.826855897903442
9.126164537706597,0.485043520423754,10.826855897903442
9.126164537706597,0.485043520423754,10.826855897903442
9.126164537706597,0.485043520423754,10.826855897903442
9.10898216612956,0.502794071472015,10.826855897903442
9.10898216612956,0.502794071472015,10.826855897903442
9.10898216612956,0.502794071472015,10.826855897903442
9.10898216612956,0.502794071472015,10.826855897903442
9.10898216612956,0.502794071472015,10.826855897903442
9.1465693439858,0.48420817050773773,10.826855897903442
9.1465693439858,0.48420817050773773,10.826855897903442
9.1465693439858,0.48420817050773773,10.826855897903442
9.1465693439858,0.48420817050773773,10.826855897903442
9.1465693439858,0.48420817050773773,10.826855897903442
9.1465693439858,0.48420817050773773,10.826855897903442
9.1465693439858,0.48420817050773773,10.826855897903442
9.175144632727866,0.4861840252925239,10.826855897903442
9.175144632727866,0.4861840252925239,10.826855897903442
9.175144632727866,0.4861840252925239,10.826855897903442
9.175144632727866,0.4861840252925239,10.826855897903442
9.175144632727866,0.4861840252925239,10.826855897903442
9.160238487667804,0.521193150797626,10.826855897903442
9.160238487667804,0.521193150797626,10.826855897903442
9.160238487667804,0.521193150797626,10.826855897903442
9.160238487667804,0.521193150797626,10.826855897903442
9.160238487667804,0.521193150797626,10.826855897903442
9.20561938370455,0.5198716482262435,10.826855897903442
9.20561938370455,0.5198716482262435,10.826855897903442
9.20561938370455,0.5198716482262435,10.826855897903442
9.20561938370455,0.5198716482262435,10.826855897903442
9.20561938370455,0.5198716482262435,10.826855897903442
9.20561938370455,0.5198716482262435,10.826855897903442
9.249488800337597,0.5349743454427366,10.826855897903442
9.249488800337597,0.5349743454427366,10.826855897903442
9.249488800337597,0.5349743454427366,10.826855897903442
9.249488800337597,0.5349743454427366,10.826855897903442
9.249488800337597,0.5349743454427366,10.826855897903442
9.249488800337597,0.5349743454427366,10.826855897903442
9.24018737135487,0.5619364851912502,10.826855897903442
9.24018737135487,0.5619364851912502,10.826855897903442
9.24018737135487,0.5619364851912502,10.826855897903442
9.24018737135487,0.5619364851912502,10.826855897903442
9.24018737135487,0.5619364851912502,10.826855897903442
9.263036620430096,0.5676931459617136,10.826855897903442
9.263036620430096,0.5676931459617136,10.826855897903442
9.263036620430096,0.5676931459617136,10.826855897903442
9.263036620430096,0.5676931459617136,10.826855897903442
9.263036620430096,0.5676931459617136,10.826855897903442
9.263036620430096,0.5676931459617136,10.826855897903442
9.263036620430096,0.5676931459617136,10.826855897903442
9.263036620430096,0.5676931459617136,10.826855897903442
9.263036620430096,0.5676931459617136,10.826855897903442
9.263036620430096,0.5676931459617136,10.826855897903442
9.305570075946433,0.5799230349313262,10.826855897903442
9.305570075946433,0.5799230349313262,10.826855897903442
9.305570075946433,0.5799230349313262,10.826855897903442
9.305570075946433,0.5799230349313262,10.826855897903442
9.305570075946433,0.5799230349313262,10.826855897903442
9.305570075946433,0.5799230349313262,10.826855897903442
9.305570075946433,0.5799230349313262,10.826855897903442
9.305570075946433,0.5799230349313262,10.826855897903442
9.305570075946433,0.5799230349313262,10.826855897903442
9.305570075946433,0.5799230349313262,10.826855897903442
9.305570075946433,0.5799230349313262,10.826855897903442
9.327401215981658,0.606656840722784,10.826855897903442
9.327401215981658,0.606656840722784,10.826855897903442
9.327401215981658,0.606656840722784,10.826855897903442
9.327401215981658,0.606656840722784,10.826855897903442
9.327401215981658,0.606656840722784,10.826855897903442
9.327401215981658,0.606656840722784,10.826855897903442
9.327401215981658,0.606656840722784,10.826855897903442
9.327401215981658,0.606656840722784,10.826855897903442
9.327401215981658,0.606656840722784,10.826855897903442
9.366960910144504,0.6460925759658019,10.826855897903442
9.366960910144504,0.6460925759658019,10.826855897903442
9.366960910144504,0.6460925759658019,10.826855897903442
9.366960910144504,0.6460925759658019,10.826855897903442
9.366960910144504,0.6460925759658019,10.826855897903442
9.366960910144504,0.6460925759658019,10.826855897903442
9.366960910144504,0.6460925759658019,10.826855897903442
9.384452414270832,0.7058656082002248,10.826855897903442
9.384452414270832,0.7058656082002248,10.826855897903442
9.384452414270832,0.7058656082002248,10.826855897903442
9.384452414270832,0.7058656082002248,10.826855897903442
9.384452414270832,0.7058656082002248,10.826855897903442
9.384452414270832,0.7058656082002248,10.826855897903442
9.384452414270832,0.7058656082002248,10.826855897903442
9.384452414270832,0.7058656082002248,10.826855897903442
9.384452414270832,0.7058656082002248,10.826855897903442
9.44713792819279,0.7311790976917926,10.826855897903442
9.44713792819279,0.7311790976917926,10.826855897903442
9.44713792819279,0.7311790976917926,10.826855897903442
9.44713792819279,0.7311790976917926,10.826855897903442
9.44713792819279,0.7311790976917926,10.826855897903442
9.44713792819279,0.7311790976917926,10.826855897903442
9.44713792819279,0.7311790976917926,10.826855897903442
9.44713792819279,0.7311790976917926,10.826855897903442
9.44713792819279,0.7311790976917926,10.826855897903442
9.44713792819279,0.7311790976917926,10.826855897903442
9.44713792819279,0.7311790976917926,10.826855897903442
9.44713792819279,0.7311790976917926,10.826855897903442
9.44713792819279,0.7311790976917926,10.826855897903442
9.470315609080464,0.7702144338471129,10.826855897903442
9.470315609080464,0.7702144338471129,10.826855897903442
9.470315609080464,0.7702144338471129,10.826855897903442
9.470315609080464,0.7702144338471129,10.826855897903442
9.470315609080464,0.7702144338471129,10.826855897903442
9.470315609080464,0.7702144338471129,10.826855897903442
9.470315609080464,0.7702144338471129,10.826855897903442
9.470315609080464,0.7702144338471129,10.826855897903442
9.470315609080464,0.7702144338471129,10.826855897903442
9.470315609080464,0.7702144338471129,10.826855897903442
9.470315609080464,0.7702144338471129,10.826855897903442
9.501577856909256,0.8270619664836444,10.826855897903442
9.501577856909256,0.8270619664836444,10.826855897903442
9.501577856909256,0.8270619664836444,10.826855897903442
9.501577856909256,0.8270619664836444,10.826855897903442
9.501577856909256,0.8270619664836444,10.826855897903442
9.501577856909256,0.8270619664836444,10.826855897903442
9.501577856909256,0.8270619664836444,10.826855897903442
9.501577856909256,0.8270619664836444,10.826855897903442
9.501577856909256,0.8270619664836444,10.826855897903442
9.501577856909256,0.8270619664836444,10.826855897903442
9.544190106183798,0.882487054004579,10.826855897903442
9.544190106183798,0.882487054004579,10.826855897903442
9.544190106183798,0.882487054004579,10.826855897903442
9.544190106183798,0.882487054004579,10.826855897903442
9.544190106183798,0.882487054004579,10.826855897903442
9.544190106183798,0.882487054004579,10.826855897903442
9.544190106183798,0.882487054004579,10.826855897903442
9.544190106183798,0.882487054004579,10.826855897903442
9.544190106183798,0.882487054004579,10.826855897903442
9.544190106183798,0.882487054004579,10.826855897903442
9.544190106183798,0.882487054004579,10.826855897903442
9.544190106183798,0.882487054004579,10.826855897903442
9.560468180095706,0.9566549797430075,10.826855897903442
9.560468180095706,0.9566549797430075,10.826855897903442
9.560468180095706,0.9566549797430075,10.826855897903442
9.560468180095706,0.9566549797430075,10.826855897903442
9.560468180095706,0.9566549797430075,10.826855897903442
9.560468180095706,0.9566549797430075,10.826855897903442
9.560468180095706,0.9566549797430075,10.826855897903442
9.560468180095706,0.9566549797430075,10.826855897903442
9.560468180095706,0.9566549797430075,10.826855897903442
9.560468180095706,0.9566549797430075,10.826855897903442
9.560468180095706,0.9566549797430075,10.826855897903442
9.560468180095706,0.9566549797430075,10.826855897903442
9.560468180095706,0.9566549797430075,10.826855897903442
9.574722636958619,1.057412042464229,10.826855897903442
9.574722636958619,1.057412042464229,10.826855897903442
9.574722636958619,1.057412042464229,10.826855897903442
9.574722636958619,1.057412042464229,10.826855897903442
9.574722636958619,1.057412042464229,10.826855897903442
9.574722636958619,1.057412042464229,10.826855897903442
9.574722636958619,1.057412042464229,10.826855897903442
9.574722636958619,1.057412042464229,10.826855897903442
9.574722636958619,1.057412042464229,10.826855897903442
9.574722636958619,1.057412042464229,10.826855897903442
9.574722636958619,1.057412042464229,10.826855897903442
9.574722636958619,1.057412042464229,10.826855897903442
9.578034315680906,1.1357471525728429,10.826855897903442
9.578034315680906,1.1357471525728429,10.826855897903442
9.578034315680906,1.1357471525728429,10.826855897903442
9.578034315680906,1.1357471525728429,10.826855897903442
9.578034315680906,1.1357471525728429,10.826855897903442
9.578034315680906,1.1357471525728429,10.826855897903442
9.578034315680906,1.1357471525728429,10.826855897903442
9.578034315680906,1.1357471525728429,10.826855897903442
9.578034315680906,1.1357471525728429,10.826855897903442
9.578034315680906,1.1357471525728429,10.826855897903442
9.578034315680906,1.1357471525728429,10.826855897903442
9.578034315680906,1.1357471525728429,10.826855897903442
9.578034315680906,1.1357471525728429,10.826855897903442
9.578034315680906,1.1357471525728429,10.826855897903442
9.580815043226561,1.220663416771,10.826855897903442
9.580815043226561,1.220663416771,10.826855897903442
9.580815043226561,1.220663416771,10.826855897903442
9.580815043226561,1.220663416771,10.826855897903442
9.580815043226561,1.220663416771,10.826855897903442
9.580815043226561,1.220663416771,10.826855897903442
9.580815043226561,1.220663416771,10.826855897903442
9.580815043226561,1.220663416771,10.826855897903442
9.580815043226561,1.220663416771,10.826855897903442
9.580815043226561,1.220663416771,10.826855897903442
9.580815043226561,1.220663416771,10.826855897903442
9.580815043226561,1.220663416771,10.826855897903442
9.580815043226561,1.220663416771,10.826855897903442
9.580815043226561,1.220663416771,10.826855897903442
9.602488840613423,1.2935112651742875,10.826855897903442
9.602488840613423,1.2935112651742875,10.826855897903442
9.602488840613423,1.2935112651742875,10.826855897903442
9.602488840613423,1.2935112651742875,10.826855897903442
9.602488840613423,1.2935112651742875,10.826855897903442
9.602488840613423,1.2935112651742875,10.826855897903442
9.602488840613423,1.2935112651742875,10.826855897903442
9.602488840613423,1.2935112651742875,10.826855897903442
9.602488840613423,1.2935112651742875,10.826855897903442
9.602488840613423,1.2935112651742875,10.826855897903442
9.602488840613423,1.2935112651742875,10.826855897903442
9.602488840613423,1.2935112651742875,10.826855897903442
9.602488840613423,1.2935112651742875,10.826855897903442
9.602488840613423,1.2935112651742875,10.826855897903442
9.602488840613423,1.2935112651742875,10.826855897903442
9.602488840613423,1.2935112651742875,10.826855897903442
9.582218031917225,1.407980057922181,10.826855897903442
9.582218031917225,1.407980057922181,10.826855897903442
9.582218031917225,1.407980057922181,10.826855897903442
9.582218031917225,1.407980057922181,10.826855897903442
9.582218031917225,1.407980057922181,10.826855897903442
9.582218031917225,1.407980057922181,10.826855897903442
9.582218031917225,1.407980057922181,10.826855897903442
9.582218031917225,1.407980057922181,10.826855897903442
9.582218031917225,1.407980057922181,10.826855897903442
9.582218031917225,1.407980057922181,10.826855897903442
9.582218031917225,1.407980057922181,10.826855897903442
9.582218031917225,1.407980057922181,10.826855897903442
9.582218031917225,1.407980057922181,10.826855897903442
9.582218031917225,1.407980057922181,10.826855897903442
9.582218031917225,1.407980057922181,10.826855897903442
9.582218031917225,1.407980057922181,10.826855897903442
9.582218031917225,1.407980057922181,10.826855897903442
9.582218031917225,1.407980057922181,10.826855897903442
9.582218031917225,1.407980057922181,10.826855897903442
9.582218031917225,1.407980057922181,10.826855897903442
9.582218031917225,1.407980057922181,10.826855897903442
9.582218031917225,1.407980057922181,10.826855897903442
9.563986905351225,1.521255269789043,10.826855897903442
9.563986905351225,1.521255269789043,10.826855897903442
9.563986905351225,1.521255269789043,10.826855897903442
9.563986905351225,1.521255269789043,10.826855897903442
9.563986905351225,1.521255269789043,10.826855897903442
9.563986905351225,1.521255269789043,10.826855897903442
9.563986905351225,1.521255269789043,10.826855897903442
9.563986905351225,1.521255269789043,10.826855897903442
9.563986905351225,1.521255269789043,10.826855897903442
9.563986905351225,1.521255269789043,10.826855897903442
9.563986905351225,1.521255269789043,10.826855897903442
9.563986905351225,1.521255269789043,10.826855897903442
9.563986905351225,1.521255269789043,10.826855897903442
9.563986905351225,1.521255269789043,10.826855897903442
9.563986905351225,1.521255269789043,10.826855897903442
9.563986905351225,1.521255269789043,10.826855897903442
9.563986905351225,1.521255269789043,10.826855897903442
9.563986905351225,1.521255269789043,10.826855897903442
9.563986905351225,1.521255269789043,10.826855897903442
9.563986905351225,1.521255269789043,10.826855897903442
9.531415034456936,1.69686971657561,10.826855897903442
9.531415034456936,1.69686971657561,10.826855897903442
9.531415034456936,1.69686971657561,10.826855897903442
9.531415034456936,1.69686971657561,10.826855897903442
9.531415034456936,1.69686971657561,10.826855897903442
9.531415034456936,1.69686971657561,10.826855897903442
9.531415034456936,1.69686971657561,10.826855897903442
9.531415034456936,1.69686971657561,10.826855897903442
9.531415034456936,1.69686971657561,10.826855897903442
9.531415034456936,1.69686971657561,10.826855897903442
9.478439440154048,1.8693894964750775,10.826855897903442
9.478439440154048,1.8693894964750775,10.826855897903442
9.478439440154048,1.8693894964750775,10.826855897903442
9.478439440154048,1.8693894964750775,10.826855897903442
9.478439440154048,1.8693894964750775,10.826855897903442
9.478439440154048,1.8693894964750775,10.826855897903442
9.478439440154048,1.8693894964750775,10.826855897903442
9.478439440154048,1.8693894964750775,10.826855897903442
9.478439440154048,1.8693894964750775,10.826855897903442
9.425245615441538,1.9585993815752265,10.826855897903442
9.425245615441538,1.9585993815752265,10.826855897903442
9.425245615441538,1.9585993815752265,10.826855897903442
9.425245615441538,1.9585993815752265,10.826855897903442
9.425245615441538,1.9585993815752265,10.826855897903442
9.425245615441538,1.9585993815752265,10.826855897903442
9.425245615441538,1.9585993815752265,10.826855897903442
9.425245615441538,1.9585993815752265,10.826855897903442
9.425245615441538,1.9585993815752265,10.826855897903442
9.425245615441538,1.9585993815752265,10.826855897903442
9.36260307688452,2.0854848024502664,10.826855897903442
9.36260307688452,2.0854848024502664,10.826855897903442
9.36260307688452,2.0854848024502664,10.826855897903442
9.36260307688452,2.0854848024502664,10.826855897903442
9.36260307688452,2.0854848024502664,10.826855897903442
9.36260307688452,2.0854848024502664,10.826855897903442
9.36260307688452,2.0854848024502664,10.826855897903442
9.36260307688452,2.0854848024502664,10.826855897903442
9.36260307688452,2.0854848024502664,10.826855897903442
9.36260307688452,2.0854848024502664,10.826855897903442
9.311999239503768,2.2118975423568763,10.826855897903442
9.311999239503768,2.2118975423568763,10.826855897903442
9.311999239503768,2.2118975423568763,10.826855897903442
9.311999239503768,2.2118975423568763,10.826855897903442
9.311999239503768,2.2118975423568763,10.826855897903442
9.311999239503768,2.2118975423568763,10.826855897903442
9.311999239503768,2.2118975423568763,10.826855897903442
9.311999239503768,2.2118975423568763,10.826855897903442
9.311999239503768,2.2118975423568763,10.826855897903442
9.311999239503768,2.2118975423568763,10.826855897903442
9.274831380825027,2.3608776615200973,10.826855897903442
9.274831380825027,2.3608776615200973,10.826855897903442
9.274831380825027,2.3608776615200973,10.826855897903442
9.274831380825027,2.3608776615200973,10.826855897903442
9.274831380825027,2.3608776615200973,10.826855897903442
9.274831380825027,2.3608776615200973,10.826855897903442
9.274831380825027,2.3608776615200973,10.826855897903442
9.27721879149315,2.435360006082489,10.826855897903442
9.27721879149315,2.435360006082489,10.826855897903442
9.27721879149315,2.435360006082489,10.826855897903442
9.27721879149315,2.435360006082489,10.826855897903442
9.27721879149315,2.435360006082489,10.826855897903442
9.27721879149315,2.435360006082489,10.826855897903442
9.27721879149315,2.435360006082489,10.826855897903442
9.279365773460196,2.5290368589900383,10.826855897903442
9.279365773460196,2.5290368589900383,10.826855897903442
9.279365773460196,2.5290368589900383,10.826855897903442
9.279365773460196,2.5290368589900383,10.826855897903442
9.279365773460196,2.5290368589900383,10.826855897903442
9.279365773460196,2.5290368589900383,10.826855897903442
9.279365773460196,2.5290368589900383,10.826855897903442
9.279365773460196,2.5290368589900383,10.826855897903442
9.291984115049356,2.5721833148744766,10.826855897903442
9.291984115049356,2.5721833148744766,10.826855897903442
9.291984115049356,2.5721833148744766,10.826855897903442
9.291984115049356,2.5721833148744766,10.826855897903442
9.291984115049356,2.5721833148744766,10.826855897903442
9.291984115049356,2.5721833148744766,10.826855897903442
9.291984115049356,2.5721833148744766,10.826855897903442
9.291984115049356,2.5721833148744766,10.826855897903442
9.291984115049356,2.5721833148744766,10.826855897903442
9.291984115049356,2.5721833148744766,10.826855897903442
9.291984115049356,2.5721833148744766,10.826855897903442
9.291984115049356,2.5721833148744766,10.826855897903442
9.311237871802717,2.6961170975484707,10.826855897903442
9.311237871802717,2.6961170975484707,10.826855897903442
9.311237871802717,2.6961170975484707,10.826855897903442
9.311237871802717,2.6961170975484707,10.826855897903442
9.311237871802717,2.6961170975484707,10.826855897903442
9.311237871802717,2.6961170975484707,10.826855897903442
9.311237871802717,2.6961170975484707,10.826855897903442
9.311237871802717,2.6961170975484707,10.826855897903442
9.311237871802717,2.6961170975484707,10.826855897903442
9.311237871802717,2.6961170975484707,10.826855897903442
9.311237871802717,2.6961170975484707,10.826855897903442
9.311237871802717,2.6961170975484707,10.826855897903442
9.329057094891763,2.864440111013497,10.826855897903442
9.329057094891763,2.864440111013497,10.826855897903442
9.329057094891763,2.864440111013497,10.826855897903442
9.329057094891763,2.864440111013497,10.826855897903442
9.329057094891763,2.864440111013497,10.826855897903442
9.329057094891763,2.864440111013497,10.826855897903442
9.329057094891763,2.864440111013497,10.826855897903442
9.329057094891763,2.864440111013497,10.826855897903442
9.329057094891763,2.864440111013497,10.826855897903442
9.329057094891763,2.864440111013497,10.826855897903442
9.329057094891763,2.864440111013497,10.826855897903442
9.329057094891763,2.864440111013497,10.826855897903442
9.329057094891763,2.864440111013497,10.826855897903442
9.329057094891763,2.864440111013497,10.826855897903442
9.340031626805079,3.020092206320362,10.826855897903442
9.340031626805079,3.020092206320362,10.826855897903442
9.340031626805079,3.020092206320362,10.826855897903442
9.340031626805079,3.020092206320362,10.826855897903442
9.340031626805079,3.020092206320362,10.826855897903442
9.340031626805079,3.020092206320362,10.826855897903442
9.340031626805079,3.020092206320362,10.826855897903442
9.340031626805079,3.020092206320362,10.826855897903442
9.340031626805079,3.020092206320362,10.826855897903442
9.340031626805079,3.020092206320362,10.826855897903442
9.340031626805079,3.020092206320362,10.826855897903442
9.340031626805079,3.020092206320362,10.826855897903442
9.340031626805079,3.020092206320362,10.826855897903442
9.36709317182397,3.2903496506182837,10.826855897903442
9.36709317182397,3.2903496506182837,10.826855897903442
9.36709317182397,3.2903496506182837,10.826855897903442
9.36709317182397,3.2903496506182837,10.826855897903442
9.36709317182397,3.2903496506182837,10.826855897903442
9.36709317182397,3.2903496506182837,10.826855897903442
9.36709317182397,3.2903496506182837,10.826855897903442
9.36709317182397,3.2903496506182837,10.826855897903442
9.36709317182397,3.2903496506182837,10.826855897903442
9.36709317182397,3.2903496506182837,10.826855897903442
9.36709317182397,3.2903496506182837,10.826855897903442
9.36709317182397,3.2903496506182837,10.826855897903442
9.36709317182397,3.2903496506182837,10.826855897903442
9.36709317182397,3.2903496506182837,10.826855897903442
9.421419111605172,3.5287466894177406,10.826855897903442
9.421419111605172,3.5287466894177406,10.826855897903442
9.421419111605172,3.5287466894177406,10.826855897903442
9.421419111605172,3.5287466894177406,10.826855897903442
9.421419111605172,3.5287466894177406,10.826855897903442
9.421419111605172,3.5287466894177406,10.826855897903442
9.421419111605172,3.5287466894177406,10.826855897903442
9.421419111605172,3.5287466894177406,10.826855897903442
9.421419111605172,3.5287466894177406,10.826855897903442
9.421419111605172,3.5287466894177406,10.826855897903442
9.421419111605172,3.5287466894177406,10.826855897903442
9.421419111605172,3.5287466894177406,10.826855897903442
9.421419111605172,3.5287466894177406,10.826855897903442
9.421419111605172,3.5287466894177406,10.826855897903442
9.492475394389942,3.8507747021996708,10.826855897903442
9.492475394389942,3.8507747021996708,10.826855897903442
9.492475394389942,3.8507747021996708,10.826855897903442
9.492475394389942,3.8507747021996708,10.826855897903442
9.492475394389942,3.8507747021996708,10.826855897903442
9.492475394389942,3.8507747021996708,10.826855897903442
9.492475394389942,3.8507747021996708,10.826855897903442
9.492475394389942,3.8507747021996708,10.826855897903442
9.492475394389942,3.8507747021996708,10.826855897903442
9.492475394389942,3.8507747021996708,10.826855897903442
9.492475394389942,3.8507747021996708,10.826855897903442
9.550480241317086,4.14819468690938,10.826855897903442
9.550480241317086,4.14819468690938,10.826855897903442
9.550480241317086,4.14819468690938,10.826855897903442
9.550480241317086,4.14819468690938,10.826855897903442
9.550480241317086,4.14819468690938,10.826855897903442
9.550480241317086,4.14819468690938,10.826855897903442
9.550480241317086,4.14819468690938,10.826855897903442
9.550480241317086,4.14819468690938,10.826855897903442
9.611575667298716,4.463365600488759,10.826855897903442
9.611575667298716,4.463365600488759,10.826855897903442
9.611575667298716,4.463365600488759,10.826855897903442
9.611575667298716,4.463365600488759,10.826855897903442
9.611575667298716,4.463365600488759,10.826855897903442
9.611575667298716,4.463365600488759,10.826855897903442
9.611575667298716,4.463365600488759,10.826855897903442
9.654593261217954,4.672448906689329,10.826855897903442
9.654593261217954,4.672448906689329,10.826855897903442
9.654593261217954,4.672448906689329,10.826855897903442
9.654593261217954,4.672448906689329,10.826855897903442
9.654593261217954,4.672448906689329,10.826855897903442
9.654593261217954,4.672448906689329,10.826855897903442
9.654593261217954,4.672448906689329,10.826855897903442
9.705768020353013,4.889467987395427,10.826855897903442
9.705768020353013,4.889467987395427,10.826855897903442
9.705768020353013,4.889467987395427,10.826855897903442
9.705768020353013,4.889467987395427,10.826855897903442
9.705768020353013,4.889467987395427,10.826855897903442
9.705768020353013,4.889467987395427,10.826855897903442
9.705768020353013,4.889467987395427,10.826855897903442
9.722789027890515,5.033817011507985,10.826855897903442
9.722789027890515,5.033817011507985,10.826855897903442
9.722789027890515,5.033817011507985,10.826855897903442
9.722789027890515,5.033817011507985,10.826855897903442
9.722789027890515,5.033817011507985,10.826855897903442
9.722789027890515,5.033817011507985,10.826855897903442
9.722789027890515,5.033817011507985,10.826855897903442
9.722789027890515,5.033817011507985,10.826855897903442
9.722789027890515,5.033817011507985,10.826855897903442
9.722789027890515,5.033817011507985,10.826855897903442
9.722789027890515,5.033817011507985,10.826855897903442
9.722789027890515,5.033817011507985,10.826855897903442
9.722789027890515,5.033817011507985,10.826855897903442
9.722789027890515,5.033817011507985,10.826855897903442
9.722789027890515,5.033817011507985,10.826855897903442
9.722789027890515,5.033817011507985,10.826855897903442
9.722789027890515,5.033817011507985,10.826855897903442
9.762570328957915,5.257271825077141,10.826855897903442
9.762570328957915,5.257271825077141,10.826855897903442
9.762570328957915,5.257271825077141,10.826855897903442
9.762570328957915,5.257271825077141,10.826855897903442
9.762570328957915,5.257271825077141,10.826855897903442
9.762570328957915,5.257271825077141,10.826855897903442
9.762570328957915,5.257271825077141,10.826855897903442
9.762570328957915,5.257271825077141,10.826855897903442
9.762570328957915,5.257271825077141,10.826855897903442
9.762570328957915,5.257271825077141,10.826855897903442
9.831269329206389,5.75338165758837,10.826855897903442
9.831269329206389,5.75338165758837,10.826855897903442
9.831269329206389,5.75338165758837,10.826855897903442
9.831269329206389,5.75338165758837,10.826855897903442
9.831269329206389,5.75338165758837,10.826855897903442
9.831269329206389,5.75338165758837,10.826855897903442
9.831269329206389,5.75338165758837,10.826855897903442
9.831269329206389,5.75338165758837,10.826855897903442
9.831269329206389,5.75338165758837,10.826855897903442
9.831269329206389,5.75338165758837,10.826855897903442
9.831269329206389,5.75338165758837,10.826855897903442
9.831269329206389,5.75338165758837,10.826855897903442
9.831269329206389,5.75338165758837,10.826855897903442
9.853979848269718,6.0221138392040325,10.826855897903442
9.853979848269718,6.0221138392040325,10.826855897903442
9.853979848269718,6.0221138392040325,10.826855897903442
9.853979848269718,6.0221138392040325,10.826855897903442
9.853979848269718,6.0221138392040325,10.826855897903442
9.853979848269718,6.0221138392040325,10.826855897903442
9.853979848269718,6.0221138392040325,10.826855897903442
9.853979848269718,6.0221138392040325,10.826855897903442
9.853979848269718,6.0221138392040325,10.826855897903442
9.853979848269718,6.0221138392040325,10.826855897903442
9.8768389570922,6.347842888313447,10.826855897903442
9.8768389570922,6.347842888313447,10.826855897903442
9.8768389570922,6.347842888313447,10.826855897903442
9.8768389570922,6.347842888313447,10.826855897903442
9.8768389570922,6.347842888313447,10.826855897903442
9.8768389570922,6.347842888313447,10.826855897903442
9.886747373515835,6.628534564734146,10.826855897903442
9.886747373515835,6.628534564734146,10.826855897903442
9.886747373515835,6.628534564734146,10.826855897903442
9.886747373515835,6.628534564734146,10.826855897903442
9.886747373515835,6.628534564734146,10.826855897903442
9.886747373515835,6.628534564734146,10.826855897903442
9.886747373515835,6.628534564734146,10.826855897903442
9.886747373515835,6.628534564734146,10.826855897903442
9.886747373515835,6.628534564734146,10.826855897903442
9.903926914975626,6.842135925951912,10.826855897903442
9.903926914975626,6.842135925951912,10.826855897903442
9.903926914975626,6.842135925951912,10.826855897903442
9.903926914975626,6.842135925951912,10.826855897903442
9.903926914975626,6.842135925951912,10.826855897903442
9.903926914975626,6.842135925951912,10.826855897903442
9.903926914975626,6.842135925951912,10.826855897903442
9.903926914975626,6.842135925951912,10.826855897903442
9.903926914975626,6.842135925951912,10.826855897903442
9.903926914975626,6.842135925951912,10.826855897903442
9.90411529704559,7.045734552852001,10.826855897903442
9.90411529704559,7.045734552852001,10.826855897903442
9.90411529704559,7.045734552852001,10.826855897903442
9.90411529704559,7.045734552852001,10.826855897903442
9.90411529704559,7.045734552852001,10.826855897903442
9.90411529704559,7.045734552852001,10.826855897903442
9.90411529704559,7.045734552852001,10.826855897903442
9.90411529704559,7.045734552852001,10.826855897903442
9.90411529704559,7.045734552852001,10.826855897903442
9.90411529704559,7.045734552852001,10.826855897903442
9.911976951888514,7.329101358143102,10.826855897903442
9.911976951888514,7.329101358143102,10.826855897903442
9.911976951888514,7.329101358143102,10.826855897903442
9.911976951888514,7.329101358143102,10.826855897903442
9.911976951888514,7.329101358143102,10.826855897903442
9.911976951888514,7.329101358143102,10.826855897903442
9.911976951888514,7.329101358143102,10.826855897903442
9.911976951888514,7.329101358143102,10.826855897903442
9.911976951888514,7.329101358143102,10.826855897903442
9.911976951888514,7.329101358143102,10.826855897903442
9.909707194970593,7.5948733345939115,10.826855897903442
9.909707194970593,7.5948733345939115,10.826855897903442
9.909707194970593,7.5948733345939115,10.826855897903442
9.909707194970593,7.5948733345939115,10.826855897903442
9.909707194970593,7.5948733345939115,10.826855897903442
9.909707194970593,7.5948733345939115,10.826855897903442
9.909707194970593,7.5948733345939115,10.826855897903442
9.909707194970593,7.5948733345939115,10.826855897903442
9.909707194970593,7.5948733345939115,10.826855897903442
9.909707194970593,7.5948733345939115,10.826855897903442
9.909707194970593,7.5948733345939115,10.826855897903442
9.909707194970593,7.5948733345939115,10.826855897903442
9.889627525332472,7.824509757284739,10.826855897903442
9.889627525332472,7.824509757284739,10.826855897903442
9.889627525332472,7.824509757284739,10.826855897903442
9.889627525332472,7.824509757284739,10.826855897903442
9.889627525332472,7.824509757284739,10.826855897903442
9.889627525332472,7.824509757284739,10.826855897903442
9.889627525332472,7.824509757284739,10.826855897903442
9.889627525332472,7.824509757284739,10.826855897903442
9.889627525332472,7.824509757284739,10.826855897903442
9.889627525332472,7.824509757284739,10.826855897903442
9.889627525332472,7.824509757284739,10.826855897903442
9.829467162572078,8.100193775661259,10.826855897903442
9.829467162572078,8.100193775661259,10.826855897903442
9.829467162572078,8.100193775661259,10.826855897903442
9.829467162572078,8.100193775661259,10.826855897903442
9.829467162572078,8.100193775661259,10.826855897903442
9.829467162572078,8.100193775661259,10.826855897903442
9.829467162572078,8.100193775661259,10.826855897903442
9.829467162572078,8.100193775661259,10.826855897903442
9.829467162572078,8.100193775661259,10.826855897903442
9.829467162572078,8.100193775661259,10.826855897903442
9.829467162572078,8.100193775661259,10.826855897903442
9.829467162572078,8.100193775661259,10.826855897903442
9.829467162572078,8.100193775661259,10.826855897903442
9.696172704804278,8.331292908455767,10.826855897903442
9.696172704804278,8.331292908455767,10.826855897903442
9.696172704804278,8.331292908455767,10.826855897903442
9.696172704804278,8.331292908455767,10.826855897903442
9.696172704804278,8.331292908455767,10.826855897903442
9.696172704804278,8.331292908455767,10.826855897903442
9.696172704804278,8.331292908455767,10.826855897903442
9.696172704804278,8.331292908455767,10.826855897903442
9.696172704804278,8.331292908455767,10.826855897903442
9.515833040728989,8.491496522408859,10.826855897903442
9.515833040728989,8.491496522408859,10.826855897903442
9.515833040728989,8.491496522408859,10.826855897903442
9.515833040728989,8.491496522408859,10.826855897903442
9.515833040728989,8.491496522408859,10.826855897903442
9.515833040728989,8.491496522408859,10.826855897903442
9.515833040728989,8.491496522408859,10.826855897903442
9.515833040728989,8.491496522408859,10.826855897903442
9.515833040728989,8.491496522408859,10.826855897903442
9.353919876573107,8.557749295025971,10.826855897903442
9.353919876573107,8.557749295025971,10.826855897903442
9.353919876573107,8.557749295025971,10.826855897903442
9.353919876573107,8.557749295025971,10.826855897903442
9.353919876573107,8.557749295025971,10.826855897903442
9.353919876573107,8.557749295025971,10.826855897903442
9.353919876573107,8.557749295025971,10.826855897903442
9.353919876573107,8.557749295025971,10.826855897903442
9.353919876573107,8.557749295025971,10.826855897903442
9.353919876573107,8.557749295025971,10.826855897903442
9.353919876573107,8.557749295025971,10.826855897903442
9.170874749963653,8.593656516119687,10.826855897903442
9.170874749963653,8.593656516119687,10.826855897903442
9.170874749963653,8.593656516119687,10.826855897903442
9.170874749963653,8.593656516119687,10.826855897903442
9.170874749963653,8.593656516119687,10.826855897903442
9.170874749963653,8.593656516119687,10.826855897903442
9.170874749963653,8.593656516119687,10.826855897903442
9.170874749963653,8.593656516119687,10.826855897903442
8.97707926061853,8.567965660079237,10.826855897903442
8.97707926061853,8.567965660079237,10.826855897903442
8.97707926061853,8.567965660079237,10.826855897903442
8.97707926061853,8.567965660079237,10.826855897903442
8.97707926061853,8.567965660079237,10.826855897903442
8.97707926061853,8.567965660079237,10.826855897903442
8.86748539890297,8.517610401641846,10.826855897903442
8.86748539890297,8.517610401641846,10.826855897903442
8.86748539890297,8.517610401641846,10.826855897903442
8.86748539890297,8.517610401641846,10.826855897903442
8.755286870968703,8.479919188594609,10.826855897903442
8.755286870968703,8.479919188594609,10.826855897903442
8.755286870968703,8.479919188594609,10.826855897903442
8.755286870968703,8.479919188594609,10.826855897903442
8.755286870968703,8.479919188594609,10.826855897903442
8.729689213519402,8.455436187274792,10.826855897903442
8.729689213519402,8.455436187274792,10.826855897903442
8.729689213519402,8.455436187274792,10.826855897903442
8.729689213519402,8.455436187274792,10.826855897903442
8.68408357113848,8.415835973107379,10.826855897903442
8.68408357113848,8.415835973107379,10.826855897903442
8.68408357113848,8.415835973107379,10.826855897903442
8.68408357113848,8.415835973107379,10.826855897903442
8.68408357113848,8.415835973107379,10.826855897903442
8.68408357113848,8.415835973107379,10.826855897903442
8.68408357113848,8.415835973107379,10.826855897903442
8.621876128276549,8.3689127098272,10.826855897903442
8.621876128276549,8.3689127098272,10.826855897903442
8.621876128276549,8.3689127098272,10.826855897903442
8.621876128276549,8.3689127098272,10.826855897903442
8.621876128276549,8.3689127098272,10.826855897903442
8.621876128276549,8.3689127098272,10.826855897903442
8.511189853560792,8.322475425477874,10.826855897903442
8.511189853560792,8.322475425477874,10.826855897903442
8.511189853560792,8.322475425477874,10.826855897903442
8.511189853560792,8.322475425477874,10.826855897903442
8.511189853560792,8.322475425477874,10.826855897903442
8.511189853560792,8.322475425477874,10.826855897903442
8.511189853560792,8.322475425477874,10.826855897903442
8.511189853560792,8.322475425477874,10.826855897903442
8.473745565514847,8.288707450986303,10.826855897903442
8.473745565514847,8.288707450986303,10.826855897903442
8.473745565514847,8.288707450986303,10.826855897903442
8.473745565514847,8.288707450986303,10.826855897903442
8.473745565514847,8.288707450986303,10.826855897903442
8.473745565514847,8.288707450986303,10.826855897903442
8.473745565514847,8.288707450986303,10.826855897903442
8.473745565514847,8.288707450986303,10.826855897903442
8.473745565514847,8.288707450986303,10.826855897903442
8.473745565514847,8.288707450986303,10.826855897903442
8.473745565514847,8.288707450986303,10.826855897903442
8.473745565514847,8.288707450986303,10.826855897903442
8.473745565514847,8.288707450986303,10.826855897903442
8.353139985791024,8.26091631136685,10.826855897903442
8.353139985791024,8.26091631136685,10.826855897903442
8.353139985791024,8.26091631136685,10.826855897903442
8.353139985791024,8.26091631136685,10.826855897903442
8.353139985791024,8.26091631136685,10.826855897903442
8.353139985791024,8.26091631136685,10.826855897903442
8.353139985791024,8.26091631136685,10.826855897903442
8.183882803219785,8.227751586158796,10.826855897903442
8.183882803219785,8.227751586158796,10.826855897903442
8.183882803219785,8.227751586158796,10.826855897903442
8.183882803219785,8.227751586158796,10.826855897903442
8.183882803219785,8.227751586158796,10.826855897903442
8.183882803219785,8.227751586158796,10.826855897903442
8.183882803219785,8.227751586158796,10.826855897903442
8.183882803219785,8.227751586158796,10.826855897903442
8.183882803219785,8.227751586158796,10.826855897903442
8.102612048075294,8.221479117609185,10.826855897903442
8.102612048075294,8.221479117609185,10.826855897903442
8.102612048075294,8.221479117609185,10.826855897903442
8.102612048075294,8.221479117609185,10.826855897903442
8.102612048075294,8.221479117609185,10.826855897903442
8.102612048075294,8.221479117609185,10.826855897903442
8.102612048075294,8.221479117609185,10.826855897903442
8.102612048075294,8.221479117609185,10.826855897903442
8.102612048075294,8.221479117609185,10.826855897903442
8.021806758885985,8.235237538551395,10.826855897903442
8.021806758885985,8.235237538551395,10.826855897903442
8.021806758885985,8.235237538551395,10.826855897903442
8.021806758885985,8.235237538551395,10.826855897903442
8.021806758885985,8.235237538551395,10.826855897903442
8.021806758885985,8.235237538551395,10.826855897903442
8.021806758885985,8.235237538551395,10.826855897903442
8.021806758885985,8.235237538551395,10.826855897903442
8.021806758885985,8.235237538551395,10.826855897903442
8.021806758885985,8.235237538551395,10.826855897903442
8.021806758885985,8.235237538551395,10.826855897903442
8.021806758885985,8.235237538551395,10.826855897903442
8.021806758885985,8.235237538551395,10.826855897903442
7.88204879579609,8.301498954235326,10.826855897903442
7.88204879579609,8.301498954235326,10.826855897903442
7.88204879579609,8.301498954235326,10.826855897903442
7.88204879579609,8.301498954235326,10.826855897903442
7.88204879579609,8.301498954235326,10.826855897903442
7.88204879579609,8.301498954235326,10.826855897903442
7.88204879579609,8.301498954235326,10.826855897903442
7.709131136802689,8.351242412389363,10.826855897903442
7.709131136802689,8.351242412389363,10.826855897903442
7.709131136802689,8.351242412389363,10.826855897903442
7.709131136802689,8.351242412389363,10.826855897903442
7.709131136802689,8.351242412389363,10.826855897903442
7.709131136802689,8.351242412389363,10.826855897903442
7.615042615114858,8.372450593422563,10.826855897903442
7.615042615114858,8.372450593422563,10.826855897903442
7.615042615114858,8.372450593422563,10.826855897903442
7.615042615114858,8.372450593422563,10.826855897903442
7.495704384934703,8.40436651249846,10.826855897903442
7.495704384934703,8.40436651249846,10.826855897903442
7.495704384934703,8.40436651249846,10.826855897903442
7.495704384934703,8.40436651249846,10.826855897903442
7.495704384934703,8.40436651249846,10.826855897903442
7.495704384934703,8.40436651249846,10.826855897903442
7.495704384934703,8.40436651249846,10.826855897903442
7.415733706312025,8.429677390145043,10.826855897903442
7.415733706312025,8.429677390145043,10.826855897903442
7.415733706312025,8.429677390145043,10.826855897903442
7.415733706312025,8.429677390145043,10.826855897903442
7.415733706312025,8.429677390145043,10.826855897903442
7.415733706312025,8.429677390145043,10.826855897903442
7.415733706312025,8.429677390145043,10.826855897903442
7.415733706312025,8.429677390145043,10.826855897903442
7.415733706312025,8.429677390145043,10.826855897903442
7.415733706312025,8.429677390145043,10.826855897903442
7.415733706312025,8.429677390145043,10.826855897903442
7.415733706312025,8.429677390145043,10.826855897903442
7.415733706312025,8.429677390145043,10.826855897903442
7.415733706312025,8.429677390145043,10.826855897903442
7.415733706312025,8.429677390145043,10.826855897903442
7.415733706312025,8.429677390145043,10.826855897903442
7.415733706312025,8.429677390145043,10.826855897903442
7.415733706312025,8.429677390145043,10.826855897903442
7.314922969809409,8.440073215279023,10.826855897903442
7.314922969809409,8.440073215279023,10.826855897903442
7.314922969809409,8.440073215279023,10.826855897903442
7.314922969809409,8.440073215279023,10.826855897903442
7.314922969809409,8.440073215279023,10.826855897903442
7.314922969809409,8.440073215279023,10.826855897903442
7.314922969809409,8.440073215279023,10.826855897903442
7.314922969809409,8.440073215279023,10.826855897903442
7.314922969809409,8.440073215279023,10.826855897903442
7.314922969809409,8.440073215279023,10.826855897903442
7.314922969809409,8.440073215279023,10.826855897903442
7.314922969809409,8.440073215279023,10.826855897903442
7.314922969809409,8.440073215279023,10.826855897903442
6.936847995886623,8.50374789397257,10.826855897903442
6.936847995886623,8.50374789397257,10.826855897903442
6.936847995886623,8.50374789397257,10.826855897903442
6.936847995886623,8.50374789397257,10.826855897903442
6.936847995886623,8.50374789397257,10.826855897903442
6.936847995886623,8.50374789397257,10.826855897903442
6.936847995886623,8.50374789397257,10.826855897903442
6.936847995886623,8.50374789397257,10.826855897903442
6.936847995886623,8.50374789397257,10.826855897903442
6.936847995886623,8.50374789397257,10.826855897903442
6.936847995886623,8.50374789397257,10.826855897903442
6.936847995886623,8.50374789397257,10.826855897903442
6.936847995886623,8.50374789397257,10.826855897903442
6.936847995886623,8.50374789397257,10.826855897903442
6.670727355550793,8.543423411376573,10.826855897903442
6.670727355550793,8.543423411376573,10.826855897903442
6.670727355550793,8.543423411376573,10.826855897903442
6.670727355550793,8.543423411376573,10.826855897903442
6.670727355550793,8.543423411376573,10.826855897903442
6.670727355550793,8.543423411376573,10.826855897903442
6.670727355550793,8.543423411376573,10.826855897903442
6.670727355550793,8.543423411376573,10.826855897903442
6.670727355550793,8.543423411376573,10.826855897903442
6.670727355550793,8.543423411376573,10.826855897903442
6.670727355550793,8.543423411376573,10.826855897903442
6.670727355550793,8.543423411376573,10.826855897903442
6.670727355550793,8.543423411376573,10.826855897903442
6.386187191934324,8.55731440549771,10.826855897903442
6.386187191934324,8.55731440549771,10.826855897903442
6.386187191934324,8.55731440549771,10.826855897903442
6.386187191934324,8.55731440549771,10.826855897903442
6.386187191934324,8.55731440549771,10.826855897903442
6.386187191934324,8.55731440549771,10.826855897903442
6.386187191934324,8.55731440549771,10.826855897903442
6.386187191934324,8.55731440549771,10.826855897903442
6.386187191934324,8.55731440549771,10.826855897903442
6.386187191934324,8.55731440549771,10.826855897903442
6.386187191934324,8.55731440549771,10.826855897903442
6.386187191934324,8.55731440549771,10.826855897903442
6.386187191934324,8.55731440549771,10.826855897903442
6.034799366004782,8.582805534082231,10.826855897903442
6.034799366004782,8.582805534082231,10.826855897903442
6.034799366004782,8.582805534082231,10.826855897903442
6.034799366004782,8.582805534082231,10.826855897903442
6.034799366004782,8.582805534082231,10.826855897903442
6.034799366004782,8.582805534082231,10.826855897903442
6.034799366004782,8.582805534082231,10.826855897903442
6.034799366004782,8.582805534082231,10.826855897903442
6.034799366004782,8.582805534082231,10.826855897903442
6.034799366004782,8.582805534082231,10.826855897903442
6.034799366004782,8.582805534082231,10.826855897903442
6.034799366004782,8.582805534082231,10.826855897903442
6.034799366004782,8.582805534082231,10.826855897903442
5.778055302672961,8.599468384510526,10.826855897903442
5.778055302672961,8.599468384510526,10.826855897903442
5.778055302672961,8.599468384510526,10.826855897903442
5.778055302672961,8.599468384510526,10.826855897903442
5.778055302672961,8.599468384510526,10.826855897903442
5.778055302672961,8.599468384510526,10.826855897903442
5.778055302672961,8.599468384510526,10.826855897903442
5.383895058418966,8.588736778936712,10.826855897903442
5.383895058418966,8.588736778936712,10.826855897903442
5.383895058418966,8.588736778936712,10.826855897903442
5.383895058418966,8.588736778936712,10.826855897903442
5.383895058418966,8.588736778936712,10.826855897903442
5.383895058418966,8.588736778936712,10.826855897903442
5.383895058418966,8.588736778936712,10.826855897903442
5.383895058418966,8.588736778936712,10.826855897903442
5.191435390179433,8.569508941488113,10.826855897903442
5.191435390179433,8.569508941488113,10.826855897903442
5.191435390179433,8.569508941488113,10.826855897903442
5.191435390179433,8.569508941488113,10.826855897903442
5.191435390179433,8.569508941488113,10.826855897903442
5.191435390179433,8.569508941488113,10.826855897903442
5.191435390179433,8.569508941488113,10.826855897903442
5.191435390179433,8.569508941488113,10.826855897903442
4.993295520302747,8.555746180933145,10.826855897903442
4.993295520302747,8.555746180933145,10.826855897903442
4.993295520302747,8.555746180933145,10.826855897903442
4.993295520302747,8.555746180933145,10.826855897903442
4.993295520302747,8.555746180933145,10.826855897903442
4.993295520302747,8.555746180933145,10.826855897903442
4.993295520302747,8.555746180933145,10.826855897903442
4.993295520302747,8.555746180933145,10.826855897903442
4.778364127762807,8.551858999268717,10.826855897903442
4.778364127762807,8.551858999268717,10.826855897903442
4.778364127762807,8.551858999268717,10.826855897903442
4.778364127762807,8.551858999268717,10.826855897903442
4.778364127762807,8.551858999268717,10.826855897903442
4.778364127762807,8.551858999268717,10.826855897903442
4.778364127762807,8.551858999268717,10.826855897903442
4.448545821056285,8.588534949661373,10.826855897903442
4.448545821056285,8.588534949661373,10.826855897903442
4.448545821056285,8.588534949661373,10.826855897903442
4.448545821056285,8.588534949661373,10.826855897903442
4.448545821056285,8.588534949661373,10.826855897903442
4.27849790518137,8.60911244867693,10.826855897903442
4.27849790518137,8.60911244867693,10.826855897903442
4.27849790518137,8.60911244867693,10.826855897903442
4.27849790518137,8.60911244867693,10.826855897903442
4.27849790518137,8.60911244867693,10.826855897903442
4.27849790518137,8.60911244867693,10.826855897903442
4.113467085769684,8.624369435065676,10.826855897903442
4.113467085769684,8.624369435065676,10.826855897903442
4.113467085769684,8.624369435065676,10.826855897903442
4.113467085769684,8.624369435065676,10.826855897903442
4.113467085769684,8.624369435065676,10.826855897903442
3.863864745787779,8.62925557491732,10.826855897903442
3.863864745787779,8.62925557491732,10.826855897903442
3.863864745787779,8.62925557491732,10.826855897903442
3.863864745787779,8.62925557491732,10.826855897903442
3.863864745787779,8.62925557491732,10.826855897903442
3.863864745787779,8.62925557491732,10.826855897903442
3.863864745787779,8.62925557491732,10.826855897903442
3.863864745787779,8.62925557491732,10.826855897903442
3.681414930643487,8.633277949145546,10.826855897903442
3.681414930643487,8.633277949145546,10.826855897903442
3.681414930643487,8.633277949145546,10.826855897903442
3.681414930643487,8.633277949145546,10.826855897903442
3.681414930643487,8.633277949145546,10.826855897903442
3.681414930643487,8.633277949145546,10.826855897903442
3.681414930643487,8.633277949145546,10.826855897903442
3.3981982181775114,8.632743070535438,10.826855897903442
3.3981982181775114,8.632743070535438,10.826855897903442
3.3981982181775114,8.632743070535438,10.826855897903442
3.3981982181775114,8.632743070535438,10.826855897903442
3.3981982181775114,8.632743070535438,10.826855897903442
3.3981982181775114,8.632743070535438,10.826855897903442
3.3981982181775114,8.632743070535438,10.826855897903442
3.3981982181775114,8.632743070535438,10.826855897903442
3.3981982181775114,8.632743070535438,10.826855897903442
3.3981982181775114,8.632743070535438,10.826855897903442
3.3981982181775114,8.632743070535438,10.826855897903442
3.3981982181775114,8.632743070535438,10.826855897903442
3.3981982181775114,8.632743070535438,10.826855897903442
3.3981982181775114,8.632743070535438,10.826855897903442
3.3981982181775114,8.632743070535438,10.826855897903442
3.3981982181775114,8.632743070535438,10.826855897903442
3.3981982181775114,8.632743070535438,10.826855897903442
3.3981982181775114,8.632743070535438,10.826855897903442
3.3981982181775114,8.632743070535438,10.826855897903442
3.24114902003857,8.631923590625897,10.826855897903442
3.24114902003857,8.631923590625897,10.826855897903442
3.24114902003857,8.631923590625897,10.826855897903442
3.24114902003857,8.631923590625897,10.826855897903442
3.24114902003857,8.631923590625897,10.826855897903442
3.24114902003857,8.631923590625897,10.826855897903442
3.24114902003857,8.631923590625897,10.826855897903442
3.24114902003857,8.631923590625897,10.826855897903442
3.24114902003857,8.631923590625897,10.826855897903442
3.24114902003857,8.631923590625897,10.826855897903442
3.24114902003857,8.631923590625897,10.826855897903442
3.24114902003857,8.631923590625897,10.826855897903442
3.24114902003857,8.631923590625897,10.826855897903442
2.5996426474683103,8.676112266133433,10.826855897903442
2.5996426474683103,8.676112266133433,10.826855897903442
2.5996426474683103,8.676112266133433,10.826855897903442
2.5996426474683103,8.676112266133433,10.826855897903442
2.5996426474683103,8.676112266133433,10.826855897903442
2.5996426474683103,8.676112266133433,10.826855897903442
2.5996426474683103,8.676112266133433,10.826855897903442
2.5996426474683103,8.676112266133433,10.826855897903442
2.5996426474683103,8.676112266133433,10.826855897903442
2.5996426474683103,8.676112266133433,10.826855897903442
2.5996426474683103,8.676112266133433,10.826855897903442
2.5996426474683103,8.676112266133433,10.826855897903442
2.5996426474683103,8.676112266133433,10.826855897903442
2.5996426474683103,8.676112266133433,10.826855897903442
2.5996426474683103,8.676112266133433,10.826855897903442
2.5996426474683103,8.676112266133433,10.826855897903442
2.5996426474683103,8.676112266133433,10.826855897903442
2.5996426474683103,8.676112266133433,10.826855897903442
2.200101494733748,8.669187982211682,10.826855897903442
2.200101494733748,8.669187982211682,10.826855897903442
2.200101494733748,8.669187982211682,10.826855897903442
2.200101494733748,8.669187982211682,10.826855897903442
2.200101494733748,8.669187982211682,10.826855897903442
2.200101494733748,8.669187982211682,10.826855897903442
2.200101494733748,8.669187982211682,10.826855897903442
2.200101494733748,8.669187982211682,10.826855897903442
2.200101494733748,8.669187982211682,10.826855897903442
2.200101494733748,8.669187982211682,10.826855897903442
2.200101494733748,8.669187982211682,10.826855897903442
1.626893008931966,8.671243885615384,10.826855897903442
1.626893008931966,8.671243885615384,10.826855897903442
1.626893008931966,8.671243885615384,10.826855897903442
1.626893008931966,8.671243885615384,10.826855897903442
1.626893008931966,8.671243885615384,10.826855897903442
1.626893008931966,8.671243885615384,10.826855897903442
1.626893008931966,8.671243885615384,10.826855897903442
1.626893008931966,8.671243885615384,10.826855897903442
1.626893008931966,8.671243885615384,10.826855897903442
1.626893008931966,8.671243885615384,10.826855897903442
1.626893008931966,8.671243885615384,10.826855897903442
1.217917675798142,8.645148756623803,10.826855897903442
1.217917675798142,8.645148756623803,10.826855897903442
1.217917675798142,8.645148756623803,10.826855897903442
1.217917675798142,8.645148756623803,10.826855897903442
1.217917675798142,8.645148756623803,10.826855897903442
1.217917675798142,8.645148756623803,10.826855897903442
1.217917675798142,8.645148756623803,10.826855897903442
1.217917675798142,8.645148756623803,10.826855897903442
1.217917675798142,8.645148756623803,10.826855897903442
1.217917675798142,8.645148756623803,10.826855897903442
1.217917675798142,8.645148756623803,10.826855897903442
0.8050902198393768,8.627231206637797,10.826855897903442
0.8050902198393768,8.627231206637797,10.826855897903442
0.8050902198393768,8.627231206637797,10.826855897903442
0.8050902198393768,8.627231206637797,10.826855897903442
0.8050902198393768,8.627231206637797,10.826855897903442
0.8050902198393768,8.627231206637797,10.826855897903442
0.8050902198393768,8.627231206637797,10.826855897903442
0.8050902198393768,8.627231206637797,10.826855897903442
0.8050902198393768,8.627231206637797,10.826855897903442
0.46643658333715193,8.609499639281896,10.826855897903442
0.46643658333715193,8.609499639281896,10.826855897903442
0.46643658333715193,8.609499639281896,10.826855897903442
0.46643658333715193,8.609499639281896,10.826855897903442
0.46643658333715193,8.609499639281896,10.826855897903442
0.46643658333715193,8.609499639281896,10.826855897903442
0.46643658333715193,8.609499639281896,10.826855897903442
0.46643658333715193,8.609499639281896,10.826855897903442
0.46643658333715193,8.609499639281896,10.826855897903442
0.46643658333715193,8.609499639281896,10.826855897903442
0.46643658333715193,8.609499639281896,10.826855897903442
0.46643658333715193,8.609499639281896,10.826855897903442
0.46643658333715193,8.609499639281896,10.826855897903442
0.46643658333715193,8.609499639281896,10.826855897903442
0.46643658333715193,8.609499639281896,10.826855897903442
0.11667164614301707,8.58975875645679,10.826855897903442
0.11667164614301707,8.58975875645679,10.826855897903442
0.11667164614301707,8.58975875645679,10.826855897903442
0.11667164614301707,8.58975875645679,10.826855897903442
0.11667164614301707,8.58975875645679,10.826855897903442
0.11667164614301707,8.58975875645679,10.826855897903442
0.11667164614301707,8.58975875645679,10.826855897903442
0.11667164614301707,8.58975875645679,10.826855897903442
0.11667164614301707,8.58975875645679,10.826855897903442
0.11667164614301707,8.58975875645679,10.826855897903442
0.11667164614301707,8.58975875645679,10.826855897903442
0.11667164614301707,8.58975875645679,10.826855897903442
0.11667164614301707,8.58975875645679,10.826855897903442
-0.32418537022593036,8.581796826059977,10.826855897903442
-0.32418537022593036,8.581796826059977,10.826855897903442
-0.32418537022593036,8.581796826059977,10.826855897903442
-0.32418537022593036,8.581796826059977,10.826855897903442
-0.32418537022593036,8.581796826059977,10.826855897903442
-0.32418537022593036,8.581796826059977,10.826855897903442
-0.32418537022593036,8.581796826059977,10.826855897903442
-0.32418537022593036,8.581796826059977,10.826855897903442
-0.32418537022593036,8.581796826059977,10.826855897903442
-0.32418537022593036,8.581796826059977,10.826855897903442
-0.32418537022593036,8.581796826059977,10.826855897903442
-0.32418537022593036,8.581796826059977,10.826855897903442
-0.32418537022593036,8.581796826059977,10.826855897903442
-0.32418537022593036,8.581796826059977,10.826855897903442
-0.851560290366638,8.547296660985225,10.826855897903442
-0.851560290366638,8.547296660985225,10.826855897903442
-0.851560290366638,8.547296660985225,10.826855897903442
-0.851560290366638,8.547296660985225,10.826855897903442
-0.851560290366638,8.547296660985225,10.826855897903442
-0.851560290366638,8.547296660985225,10.826855897903442
-0.851560290366638,8.547296660985225,10.826855897903442
-0.851560290366638,8.547296660985225,10.826855897903442
-1.3046043649932386,8.542257416563533,10.826855897903442
-1.3046043649932386,8.542257416563533,10.826855897903442
-1.3046043649932386,8.542257416563533,10.826855897903442
-1.3046043649932386,8.542257416563533,10.826855897903442
-1.3046043649932386,8.542257416563533,10.826855897903442
-1.3046043649932386,8.542257416563533,10.826855897903442
-1.3046043649932386,8.542257416563533,10.826855897903442
-1.3046043649932386,8.542257416563533,10.826855897903442
-1.3046043649932386,8.542257416563533,10.826855897903442
-1.3046043649932386,8.542257416563533,10.826855897903442
-1.3046043649932386,8.542257416563533,10.826855897903442
-1.3046043649932386,8.542257416563533,10.826855897903442
-1.3046043649932386,8.542257416563533,10.826855897903442
-1.3046043649932386,8.542257416563533,10.826855897903442
-1.6823983685361203,8.526233593578525,10.826855897903442
-1.6823983685361203,8.526233593578525,10.826855897903442
-1.6823983685361203,8.526233593578525,10.826855897903442
-1.6823983685361203,8.526233593578525,10.826855897903442
-1.6823983685361203,8.526233593578525,10.826855897903442
-1.6823983685361203,8.526233593578525,10.826855897903442
-1.6823983685361203,8.526233593578525,10.826855897903442
-1.6823983685361203,8.526233593578525,10.826855897903442
-1.6823983685361203,8.526233593578525,10.826855897903442
-1.6823983685361203,8.526233593578525,10.826855897903442
-1.6823983685361203,8.526233593578525,10.826855897903442
-1.6823983685361203,8.526233593578525,10.826855897903442
-1.6823983685361203,8.526233593578525,10.826855897903442
-1.6823983685361203,8.526233593578525,10.826855897903442
-2.1488677235363376,8.505643335066107,10.826855897903442
-2.1488677235363376,8.505643335066107,10.826855897903442
-2.1488677235363376,8.505643335066107,10.826855897903442
-2.1488677235363376,8.505643335066107,10.826855897903442
-2.1488677235363376,8.505643335066107,10.826855897903442
-2.1488677235363376,8.505643335066107,10.826855897903442
-2.1488677235363376,8.505643335066107,10.826855897903442
-2.1488677235363376,8.505643335066107,10.826855897903442
-2.1488677235363376,8.505643335066107,10.826855897903442
-2.642508785067467,8.471323196977657,10.826855897903442
-2.642508785067467,8.471323196977657,10.826855897903442
-2.642508785067467,8.471323196977657,10.826855897903442
-2.642508785067467,8.471323196977657,10.826855897903442
-2.642508785067467,8.471323196977657,10.826855897903442
-2.642508785067467,8.471323196977657,10.826855897903442
-2.642508785067467,8.471323196977657,10.826855897903442
-2.642508785067467,8.471323196977657,10.826855897903442
-2.876167566576647,8.484031977044888,10.826855897903442
-2.876167566576647,8.484031977044888,10.826855897903442
-2.876167566576647,8.484031977044888,10.826855897903442
-2.876167566576647,8.484031977044888,10.826855897903442
-2.876167566576647,8.484031977044888,10.826855897903442
-2.876167566576647,8.484031977044888,10.826855897903442
-2.876167566576647,8.484031977044888,10.826855897903442
-2.876167566576647,8.484031977044888,10.826855897903442
-2.876167566576647,8.484031977044888,10.826855897903442
-2.876167566576647,8.484031977044888,10.826855897903442
-3.1273022308036604,8.479561343719073,10.826855897903442
-3.1273022308036604,8.479561343719073,10.826855897903442
-3.1273022308036604,8.479561343719073,10.826855897903442
-3.1273022308036604,8.479561343719073,10.826855897903442
-3.1273022308036604,8.479561343719073,10.826855897903442
-3.1273022308036604,8.479561343719073,10.826855897903442
-3.1273022308036604,8.479561343719073,10.826855897903442
-3.4762492491665204,8.46722332692878,10.826855897903442
-3.4762492491665204,8.46722332692878,10.826855897903442
-3.4762492491665204,8.46722332692878,10.826855897903442
-3.4762492491665204,8.46722332692878,10.826855897903442
-3.4762492491665204,8.46722332692878,10.826855897903442
-3.4762492491665204,8.46722332692878,10.826855897903442
-3.4762492491665204,8.46722332692878,10.826855897903442
-3.7298156496038986,8.463738274880606,10.826855897903442
-3.7298156496038986,8.463738274880606,10.826855897903442
-3.7298156496038986,8.463738274880606,10.826855897903442
-3.7298156496038986,8.463738274880606,10.826855897903442
-3.7298156496038986,8.463738274880606,10.826855897903442
-3.7298156496038986,8.463738274880606,10.826855897903442
-3.7298156496038986,8.463738274880606,10.826855897903442
-3.7298156496038986,8.463738274880606,10.826855897903442
-3.7298156496038986,8.463738274880606,10.826855897903442
-3.7298156496038986,8.463738274880606,10.826855897903442
-3.981220339838533,8.466191502575187,10.826855897903442
-3.981220339838533,8.466191502575187,10.826855897903442
-3.981220339838533,8.466191502575187,10.826855897903442
-3.981220339838533,8.466191502575187,10.826855897903442
-3.981220339838533,8.466191502575187,10.826855897903442
-3.981220339838533,8.466191502575187,10.826855897903442
-3.981220339838533,8.466191502575187,10.826855897903442
-3.981220339838533,8.466191502575187,10.826855897903442
-3.981220339838533,8.466191502575187,10.826855897903442
-3.981220339838533,8.466191502575187,10.826855897903442
-4.355458296905073,8.478829955981434,10.826855897903442
-4.355458296905073,8.478829955981434,10.826855897903442
-4.355458296905073,8.478829955981434,10.826855897903442
-4.355458296905073,8.478829955981434,10.826855897903442
-4.355458296905073,8.478829955981434,10.826855897903442
-4.355458296905073,8.478829955981434,10.826855897903442
-4.355458296905073,8.478829955981434,10.826855897903442
-4.355458296905073,8.478829955981434,10.826855897903442
-4.652585766753451,8.480043247817706,10.826855897903442
-4.652585766753451,8.480043247817706,10.826855897903442
-4.652585766753451,8.480043247817706,10.826855897903442
-4.652585766753451,8.480043247817706,10.826855897903442
-4.652585766753451,8.480043247817706,10.826855897903442
-5.002182703606737,8.471193491779529,10.826855897903442
-5.002182703606737,8.471193491779529,10.826855897903442
-5.002182703606737,8.471193491779529,10.826855897903442
-5.002182703606737,8.471193491779529,10.826855897903442
-5.002182703606737,8.471193491779529,10.826855897903442
-5.002182703606737,8.471193491779529,10.826855897903442
-5.002182703606737,8.471193491779529,10.826855897903442
-5.002182703606737,8.471193491779529,10.826855897903442
-5.002182703606737,8.471193491779529,10.826855897903442
-5.338049634335768,8.482726580046666,10.826855897903442
-5.338049634335768,8.482726580046666,10.826855897903442
-5.338049634335768,8.482726580046666,10.826855897903442
-5.338049634335768,8.482726580046666,10.826855897903442
-5.338049634335768,8.482726580046666,10.826855897903442
-5.338049634335768,8.482726580046666,10.826855897903442
-5.338049634335768,8.482726580046666,10.826855897903442
-5.338049634335768,8.482726580046666,10.826855897903442
-5.338049634335768,8.482726580046666,10.826855897903442
-5.637623556699045,8.499203284478948,10.826855897903442
-5.637623556699045,8.499203284478948,10.826855897903442
-5.637623556699045,8.499203284478948,10.826855897903442
-5.637623556699045,8.499203284478948,10.826855897903442
-5.637623556699045,8.499203284478948,10.826855897903442
-5.637623556699045,8.499203284478948,10.826855897903442
-5.926987985757356,8.517029325810313,10.826855897903442
-5.926987985757356,8.517029325810313,10.826855897903442
-5.926987985757356,8.517029325810313,10.826855897903442
-5.926987985757356,8.517029325810313,10.826855897903442
-5.926987985757356,8.517029325810313,10.826855897903442
-5.926987985757356,8.517029325810313,10.826855897903442
-5.926987985757356,8.517029325810313,10.826855897903442
-5.926987985757356,8.517029325810313,10.826855897903442
-6.212742076931796,8.52806542775592,10.826855897903442
-6.212742076931796,8.52806542775592,10.826855897903442
-6.212742076931796,8.52806542775592,10.826855897903442
-6.212742076931796,8.52806542775592,10.826855897903442
-6.212742076931796,8.52806542775592,10.826855897903442
-6.212742076931796,8.52806542775592,10.826855897903442
-6.212742076931796,8.52806542775592,10.826855897903442
-6.212742076931796,8.52806542775592,10.826855897903442
-6.500293578504995,8.546127008894485,10.826855897903442
-6.500293578504995,8.546127008894485,10.826855897903442
-6.500293578504995,8.546127008894485,10.826855897903442
-6.500293578504995,8.546127008894485,10.826855897903442
-6.500293578504995,8.546127008894485,10.826855897903442
-6.500293578504995,8.546127008894485,10.826855897903442
-6.500293578504995,8.546127008894485,10.826855897903442
-6.500293578504995,8.546127008894485,10.826855897903442
-6.500293578504995,8.546127008894485,10.826855897903442
-6.794852800894943,8.587624437799146,10.826855897903442
-6.794852800894943,8.587624437799146,10.826855897903442
-6.794852800894943,8.587624437799146,10.826855897903442
-6.794852800894943,8.587624437799146,10.826855897903442
-6.794852800894943,8.587624437799146,10.826855897903442
-6.794852800894943,8.587624437799146,10.826855897903442
-6.794852800894943,8.587624437799146,10.826855897903442
-7.1377948625934025,8.62050555582931,10.826855897903442
-7.1377948625934025,8.62050555582931,10.826855897903442
-7.1377948625934025,8.62050555582931,10.826855897903442
-7.1377948625934025,8.62050555582931,10.826855897903442
-7.1377948625934025,8.62050555582931,10.826855897903442
-7.1377948625934025,8.62050555582931,10.826855897903442
-7.1377948625934025,8.62050555582931,10.826855897903442
-7.1377948625934025,8.62050555582931,10.826855897903442
-7.4044424769873824,8.641543143946107,10.826855897903442
-7.4044424769873824,8.641543143946107,10.826855897903442
-7.4044424769873824,8.641543143946107,10.826855897903442
-7.4044424769873824,8.641543143946107,10.826855897903442
-7.4044424769873824,8.641543143946107,10.826855897903442
-7.4044424769873824,8.641543143946107,10.826855897903442
-7.4044424769873824,8.641543143946107,10.826855897903442
-7.4044424769873824,8.641543143946107,10.826855897903442
-7.4044424769873824,8.641543143946107,10.826855897903442
-7.4044424769873824,8.641543143946107,10.826855897903442
-7.740346921929414,8.680201844976311,10.826855897903442
-7.740346921929414,8.680201844976311,10.826855897903442
-7.740346921929414,8.680201844976311,10.826855897903442
-7.740346921929414,8.680201844976311,10.826855897903442
-7.740346921929414,8.680201844976311,10.826855897903442
-7.740346921929414,8.680201844976311,10.826855897903442
-7.740346921929414,8.680201844976311,10.826855897903442
-7.740346921929414,8.680201844976311,10.826855897903442
-7.740346921929414,8.680201844976311,10.826855897903442
-7.995588646435369,8.697117222712105,10.826855897903442
-7.995588646435369,8.697117222712105,10.826855897903442
-7.995588646435369,8.697117222712105,10.826855897903442
-7.995588646435369,8.697117222712105,10.826855897903442
-7.995588646435369,8.697117222712105,10.826855897903442
-8.324912452624224,8.712299288736794,10.826855897903442
-8.324912452624224,8.712299288736794,10.826855897903442
-8.324912452624224,8.712299288736794,10.826855897903442
-8.324912452624224,8.712299288736794,10.826855897903442
-8.324912452624224,8.712299288736794,10.826855897903442
-8.324912452624224,8.712299288736794,10.826855897903442
-8.324912452624224,8.712299288736794,10.826855897903442
-8.49054852063971,8.71145250089445,10.826855897903442
-8.49054852063971,8.71145250089445,10.826855897903442
-8.49054852063971,8.71145250089445,10.826855897903442
-8.49054852063971,8.71145250089445,10.826855897903442
-8.49054852063971,8.71145250089445,10.826855897903442
-8.49054852063971,8.71145250089445,10.826855897903442
-8.49054852063971,8.71145250089445,10.826855897903442
-8.740130530117188,8.721794996237028,10.826855897903442
-8.740130530117188,8.721794996237028,10.826855897903442
-8.740130530117188,8.721794996237028,10.826855897903442
-8.740130530117188,8.721794996237028,10.826855897903442
-8.740130530117188,8.721794996237028,10.826855897903442
-8.740130530117188,8.721794996237028,10.826855897903442
-8.740130530117188,8.721794996237028,10.826855897903442
-8.977509812846613,8.730350050224262,10.826855897903442
-8.977509812846613,8.730350050224262,10.826855897903442
-8.977509812846613,8.730350050224262,10.826855897903442
-8.977509812846613,8.730350050224262,10.826855897903442
-8.977509812846613,8.730350050224262,10.826855897903442
-9.130083763258895,8.734682658700397,10.826855897903442
-9.130083763258895,8.734682658700397,10.826855897903442
-9.130083763258895,8.734682658700397,10.826855897903442
-9.130083763258895,8.734682658700397,10.826855897903442
-9.130083763258895,8.734682658700397,10.826855897903442
-9.285349635541735,8.743289841940781,10.826855897903442
-9.285349635541735,8.743289841940781,10.826855897903442
-9.285349635541735,8.743289841940781,10.826855897903442
-9.285349635541735,8.743289841940781,10.826855897903442
-9.285349635541735,8.743289841940781,10.826855897903442
-9.285349635541735,8.743289841940781,10.826855897903442
-9.285349635541735,8.743289841940781,10.826855897903442
-9.44781217462213,8.745168853569144,10.826855897903442
-9.44781217462213,8.745168853569144,10.826855897903442
-9.44781217462213,8.745168853569144,10.826855897903442
-9.44781217462213,8.745168853569144,10.826855897903442
-9.73841902976942,8.757062594788357,10.826855897903442
-9.73841902976942,8.757062594788357,10.826855897903442
-9.73841902976942,8.757062594788357,10.826855897903442
-9.73841902976942,8.757062594788357,10.826855897903442
-9.73841902976942,8.757062594788357,10.826855897903442
-9.73841902976942,8.757062594788357,10.826855897903442
-9.913371201296743,8.753674482354777,10.826855897903442
-9.913371201296743,8.753674482354777,10.826855897903442
-9.913371201296743,8.753674482354777,10.826855897903442
-9.913371201296743,8.753674482354777,10.826855897903442
-9.913371201296743,8.753674482354777,10.826855897903442
-10.086666370225998,8.750768538373572,10.826855897903442
-10.086666370225998,8.750768538373572,10.826855897903442
-10.086666370225998,8.750768538373572,10.826855897903442
-10.086666370225998,8.750768538373572,10.826855897903442
-10.086666370225998,8.750768538373572,10.826855897903442
-10.243518538191077,8.746772857656133,10.826855897903442
-10.243518538191077,8.746772857656133,10.826855897903442
-10.243518538191077,8.746772857656133,10.826855897903442
-10.243518538191077,8.746772857656133,10.826855897903442
-10.412222436468747,8.749723803057249,10.826855897903442
-10.412222436468747,8.749723803057249,10.826855897903442
-10.412222436468747,8.749723803057249,10.826855897903442
-10.412222436468747,8.749723803057249,10.826855897903442
-10.412222436468747,8.749723803057249,10.826855897903442
-10.588858088707484,8.739244430018745,10.826855897903442
-10.588858088707484,8.739244430018745,10.826855897903442
-10.588858088707484,8.739244430018745,10.826855897903442
-10.588858088707484,8.739244430018745,10.826855897903442
-10.588858088707484,8.739244430018745,10.826855897903442
-10.743295828297434,8.738407004923737,10.826855897903442
-10.743295828297434,8.738407004923737,10.826855897903442
-10.743295828297434,8.738407004923737,10.826855897903442
-10.743295828297434,8.738407004923737,10.826855897903442
-10.743295828297434,8.738407004923737,10.826855897903442
-10.89158537555408,8.73791823262496,10.826855897903442
-10.89158537555408,8.73791823262496,10.826855897903442
-10.89158537555408,8.73791823262496,10.826855897903442
-10.89158537555408,8.73791823262496,10.826855897903442
-10.89158537555408,8.73791823262496,10.826855897903442
-11.069967927907044,8.734259337858553,10.826855897903442
-11.069967927907044,8.734259337858553,10.826855897903442
-11.069967927907044,8.734259337858553,10.826855897903442
-11.069967927907044,8.734259337858553,10.826855897903442
-11.21520558618368,8.729111303170276,10.826855897903442
-11.21520558618368,8.729111303170276,10.826855897903442
-11.21520558618368,8.729111303170276,10.826855897903442
-11.21520558618368,8.729111303170276,10.826855897903442
-11.21520558618368,8.729111303170276,10.826855897903442
-11.21520558618368,8.729111303170276,10.826855897903442
-11.365094286680234,8.72245840649037,10.826855897903442
-11.365094286680234,8.72245840649037,10.826855897903442
-11.365094286680234,8.72245840649037,10.826855897903442
-11.365094286680234,8.72245840649037,10.826855897903442
-11.365094286680234,8.72245840649037,10.826855897903442
-11.540296038266462,8.713549301939997,10.826855897903442
-11.540296038266462,8.713549301939997,10.826855897903442
-11.540296038266462,8.713549301939997,10.826855897903442
-11.540296038266462,8.713549301939997,10.826855897903442
-11.540296038266462,8.713549301939997,10.826855897903442
-11.6924397525369,8.70302831090954,10.826855897903442
-11.6924397525369,8.70302831090954,10.826855897903442
-11.6924397525369,8.70302831090954,10.826855897903442
-11.6924397525369,8.70302831090954,10.826855897903442
-11.6924397525369,8.70302831090954,10.826855897903442
-11.855587110273511,8.690118990596309,10.826855897903442
-11.855587110273511,8.690118990596309,10.826855897903442
-11.855587110273511,8.690118990596309,10.826855897903442
-11.855587110273511,8.690118990596309,10.826855897903442
-11.855587110273511,8.690118990596309,10.826855897903442
-11.985745078240896,8.677402426651598,10.826855897903442
-11.985745078240896,8.677402426651598,10.826855897903442
-11.985745078240896,8.677402426651598,10.826855897903442
-11.985745078240896,8.677402426651598,10.826855897903442
-11.985745078240896,8.677402426651598,10.826855897903442
-11.985745078240896,8.677402426651598,10.826855897903442
-12.108418900045049,8.667224207115654,10.826855897903442
-12.108418900045049,8.667224207115654,10.826855897903442
-12.108418900045049,8.667224207115654,10.826855897903442
-12.108418900045049,8.667224207115654,10.826855897903442
-12.108418900045049,8.667224207115654,10.826855897903442
-12.291607579927135,8.649471513071997,10.826855897903442
-12.291607579927135,8.649471513071997,10.826855897903442
-12.291607579927135,8.649471513071997,10.826855897903442
-12.291607579927135,8.649471513071997,10.826855897903442
-12.291607579927135,8.649471513071997,10.826855897903442
-12.415632360201196,8.636387292445868,10.826855897903442
-12.415632360201196,8.636387292445868,10.826855897903442
-12.415632360201196,8.636387292445868,10.826855897903442
-12.415632360201196,8.636387292445868,10.826855897903442
-12.415632360201196,8.636387292445868,10.826855897903442
-12.535277091459173,8.629530470586012,10.826855897903442
-12.535277091459173,8.629530470586012,10.826855897903442
-12.535277091459173,8.629530470586012,10.826855897903442
-12.535277091459173,8.629530470586012,10.826855897903442
-12.535277091459173,8.629530470586012,10.826855897903442
-12.663683866355822,8.599168743032187,10.826855897903442
-12.663683866355822,8.599168743032187,10.826855897903442
-12.663683866355822,8.599168743032187,10.826855897903442
-12.663683866355822,8.599168743032187,10.826855897903442
-12.663683866355822,8.599168743032187,10.826855897903442
-12.755747324877158,8.556455103680513,10.826855897903442
-12.755747324877158,8.556455103680513,10.826855897903442
-12.755747324877158,8.556455103680513,10.826855897903442
-12.755747324877158,8.556455103680513,10.826855897903442
-12.755747324877158,8.556455103680513,10.826855897903442
-12.823410760822737,8.511950505579934,10.826855897903442
-12.823410760822737,8.511950505579934,10.826855897903442
-12.823410760822737,8.511950505579934,10.826855897903442
-12.823410760822737,8.511950505579934,10.826855897903442
-12.823410760822737,8.511950505579934,10.826855897903442
-12.956971118854913,8.473692833288203,10.826855897903442
-12.956971118854913,8.473692833288203,10.826855897903442
-12.956971118854913,8.473692833288203,10.826855897903442
-12.956971118854913,8.473692833288203,10.826855897903442
-12.956971118854913,8.473692833288203,10.826855897903442
-13.020899027910023,8.413982107105417,10.826855897903442
-13.020899027910023,8.413982107105417,10.826855897903442
-13.020899027910023,8.413982107105417,10.826855897903442
-13.020899027910023,8.413982107105417,10.826855897903442
-13.020899027910023,8.413982107105417,10.826855897903442
-13.141538853511888,8.363316938135254,10.826855897903442
-13.141538853511888,8.363316938135254,10.826855897903442
-13.141538853511888,8.363316938135254,10.826855897903442
-13.141538853511888,8.363316938135254,10.826855897903442
-13.141538853511888,8.363316938135254,10.826855897903442
-13.19311128784163,8.31185611744916,10.826855897903442
-13.19311128784163,8.31185611744916,10.826855897903442
-13.19311128784163,8.31185611744916,10.826855897903442
-13.19311128784163,8.31185611744916,10.826855897903442
-13.19311128784163,8.31185611744916,10.826855897903442
-13.22346940379771,8.250318533947448,10.826855897903442
-13.22346940379771,8.250318533947448,10.826855897903442
-13.22346940379771,8.250318533947448,10.826855897903442
-13.22346940379771,8.250318533947448,10.826855897903442
-13.22346940379771,8.250318533947448,10.826855897903442
-13.275507173375495,8.144033707542055,10.826855897903442
-13.275507173375495,8.144033707542055,10.826855897903442
-13.275507173375495,8.144033707542055,10.826855897903442
-13.275507173375495,8.144033707542055,10.826855897903442
-13.320157726910487,8.04260886386179,10.826855897903442
-13.320157726910487,8.04260886386179,10.826855897903442
-13.320157726910487,8.04260886386179,10.826855897903442
-13.320157726910487,8.04260886386179,10.826855897903442
-13.320157726910487,8.04260886386179,10.826855897903442
-13.313877037759246,8.005906058038041,10.826855897903442
-13.313877037759246,8.005906058038041,10.826855897903442
-13.313877037759246,8.005906058038041,10.826855897903442
-13.313877037759246,8.005906058038041,10.826855897903442
-13.313877037759246,8.005906058038041,10.826855897903442
-13.354209719069553,7.9111874539982,10.826855897903442
-13.354209719069553,7.9111874539982,10.826855897903442
-13.354209719069553,7.9111874539982,10.826855897903442
-13.354209719069553,7.9111874539982,10.826855897903442
-13.354209719069553,7.9111874539982,10.826855897903442
-13.433365105358073,7.802192978415239,10.826855897903442
-13.433365105358073,7.802192978415239,10.826855897903442
-13.433365105358073,7.802192978415239,10.826855897903442
-13.433365105358073,7.802192978415239,10.826855897903442
-13.497236058280965,7.689976434436218,10.826855897903442
-13.497236058280965,7.689976434436218,10.826855897903442
-13.497236058280965,7.689976434436218,10.826855897903442
-13.497236058280965,7.689976434436218,10.826855897903442
-13.533524344482627,7.600100554982601,10.826855897903442
-13.533524344482627,7.600100554982601,10.826855897903442
-13.533524344482627,7.600100554982601,10.826855897903442
-13.533524344482627,7.600100554982601,10.826855897903442
-13.533524344482627,7.600100554982601,10.826855897903442
-13.632265851649633,7.489741170672798,10.826855897903442
-13.632265851649633,7.489741170672798,10.826855897903442
-13.632265851649633,7.489741170672798,10.826855897903442
-13.632265851649633,7.489741170672798,10.826855897903442
-13.632265851649633,7.489741170672798,10.826855897903442
-13.688627899850113,7.373136029517862,10.826855897903442
-13.688627899850113,7.373136029517862,10.826855897903442
-13.688627899850113,7.373136029517862,10.826855897903442
-13.688627899850113,7.373136029517862,10.826855897903442
-13.688627899850113,7.373136029517862,10.826855897903442
-13.698620710145072,7.260371127197689,10.826855897903442
-13.698620710145072,7.260371127197689,10.826855897903442
-13.698620710145072,7.260371127197689,10.826855897903442
-13.698620710145072,7.260371127197689,10.826855897903442
-13.698620710145072,7.260371127197689,10.826855897903442
-13.698620710145072,7.260371127197689,10.826855897903442
-13.74328345866439,7.155800923278827,10.826855897903442
-13.74328345866439,7.155800923278827,10.826855897903442
-13.74328345866439,7.155800923278827,10.826855897903442
-13.74328345866439,7.155800923278827,10.826855897903442
-13.74328345866439,7.155800923278827,10.826855897903442
-13.789533334942234,7.03394779700894,10.826855897903442
-13.789533334942234,7.03394779700894,10.826855897903442
-13.789533334942234,7.03394779700894,10.826855897903442
-13.789533334942234,7.03394779700894,10.826855897903442
-13.851350321134316,6.931651318066176,10.826855897903442
-13.851350321134316,6.931651318066176,10.826855897903442
-13.851350321134316,6.931651318066176,10.826855897903442
-13.851350321134316,6.931651318066176,10.826855897903442
-13.851350321134316,6.931651318066176,10.826855897903442
-13.851350321134316,6.931651318066176,10.826855897903442
-13.876025441250086,6.822310028403187,10.826855897903442
-13.876025441250086,6.822310028403187,10.826855897903442
-13.876025441250086,6.822310028403187,10.826855897903442
-13.876025441250086,6.822310028403187,10.826855897903442
-13.876025441250086,6.822310028403187,10.826855897903442
-13.903687347486002,6.7044122736055085,10.826855897903442
-13.903687347486002,6.7044122736055085,10.826855897903442
-13.903687347486002,6.7044122736055085,10.826855897903442
-13.903687347486002,6.7044122736055085,10.826855897903442
-13.903687347486002,6.7044122736055085,10.826855897903442
-13.921491581537202,6.5849785355958455,10.826855897903442
-13.921491581537202,6.5849785355958455,10.826855897903442
-13.921491581537202,6.5849785355958455,10.826855897903442
-13.921491581537202,6.5849785355958455,10.826855897903442
-13.921491581537202,6.5849785355958455,10.826855897903442
-13.922585098368325,6.480522003490805,10.826855897903442
-13.922585098368325,6.480522003490805,10.826855897903442
-13.922585098368325,6.480522003490805,10.826855897903442
-13.922585098368325,6.480522003490805,10.826855897903442
-13.922585098368325,6.480522003490805,10.826855897903442
-13.922585098368325,6.480522003490805,10.826855897903442
-13.929424789363095,6.366439327269816,10.826855897903442
-13.929424789363095,6.366439327269816,10.826855897903442
-13.929424789363095,6.366439327269816,10.826855897903442
-13.929424789363095,6.366439327269816,10.826855897903442
-13.929424789363095,6.366439327269816,10.826855897903442
-13.929424789363095,6.366439327269816,10.826855897903442
-13.974300491003666,6.268030283360952,10.826855897903442
-13.974300491003666,6.268030283360952,10.826855897903442
-13.974300491003666,6.268030283360952,10.826855897903442
-13.974300491003666,6.268030283360952,10.826855897903442
-13.986763044904286,6.097489494495319,10.826855897903442
-13.986763044904286,6.097489494495319,10.826855897903442
-13.986763044904286,6.097489494495319,10.826855897903442
-13.986763044904286,6.097489494495319,10.826855897903442
-13.986763044904286,6.097489494495319,10.826855897903442
-13.986763044904286,6.097489494495319,10.826855897903442
-13.972229857105814,5.991396820719579,10.826855897903442
-13.972229857105814,5.991396820719579,10.826855897903442
-13.972229857105814,5.991396820719579,10.826855897903442
-13.972229857105814,5.991396820719579,10.826855897903442
-13.972229857105814,5.991396820719579,10.826855897903442
-13.972229857105814,5.991396820719579,10.826855897903442
-13.984350400860153,5.8928619678254694,10.826855897903442
-13.984350400860153,5.8928619678254694,10.826855897903442
-13.984350400860153,5.8928619678254694,10.826855897903442
-13.984350400860153,5.8928619678254694,10.826855897903442
-13.984350400860153,5.8928619678254694,10.826855897903442
-13.992618557050337,5.773718683058846,10.826855897903442
-13.992618557050337,5.773718683058846,10.826855897903442
-13.992618557050337,5.773718683058846,10.826855897903442
-13.992618557050337,5.773718683058846,10.826855897903442
-13.992618557050337,5.773718683058846,10.826855897903442
-13.992618557050337,5.773718683058846,10.826855897903442
-13.992618557050337,5.773718683058846,10.826855897903442
-13.992618557050337,5.773718683058846,10.826855897903442
-13.992618557050337,5.773718683058846,10.826855897903442
-13.99103235279684,5.657388383393155,10.826855897903442
-13.99103235279684,5.657388383393155,10.826855897903442
-13.99103235279684,5.657388383393155,10.826855897903442
-13.99103235279684,5.657388383393155,10.826855897903442
-13.99103235279684,5.657388383393155,10.826855897903442
-13.99103235279684,5.657388383393155,10.826855897903442
-14.043475515040656,5.422031726180006,10.826855897903442
-14.043475515040656,5.422031726180006,10.826855897903442
-14.043475515040656,5.422031726180006,10.826855897903442
-14.043475515040656,5.422031726180006,10.826855897903442
-14.043475515040656,5.422031726180006,10.826855897903442
-14.043475515040656,5.422031726180006,10.826855897903442
-14.043475515040656,5.422031726180006,10.826855897903442
-14.043475515040656,5.422031726180006,10.826855897903442
-14.043475515040656,5.422031726180006,10.826855897903442
-14.054306114250842,5.298460154575828,10.826855897903442
-14.054306114250842,5.298460154575828,10.826855897903442
-14.054306114250842,5.298460154575828,10.826855897903442
-14.054306114250842,5.298460154575828,10.826855897903442
-14.054306114250842,5.298460154575828,10.826855897903442
-14.054306114250842,5.298460154575828,10.826855897903442
-14.054306114250842,5.298460154575828,10.826855897903442
-14.054306114250842,5.298460154575828,10.826855897903442
-14.054306114250842,5.298460154575828,10.826855897903442
-14.054306114250842,5.298460154575828,10.826855897903442
-14.045189252163091,5.063750032255827,10.826855897903442
-14.045189252163091,5.063750032255827,10.826855897903442
-14.045189252163091,5.063750032255827,10.826855897903442
-14.045189252163091,5.063750032255827,10.826855897903442
-14.045189252163091,5.063750032255827,10.826855897903442
-14.045189252163091,5.063750032255827,10.826855897903442
-14.045189252163091,5.063750032255827,10.826855897903442
-14.045189252163091,5.063750032255827,10.826855897903442
-14.045189252163091,5.063750032255827,10.826855897903442
-14.045189252163091,5.063750032255827,10.826855897903442
-14.045189252163091,5.063750032255827,10.826855897903442
-14.046859856775495,4.825578293075121,10.826855897903442
-14.046859856775495,4.825578293075121,10.826855897903442
-14.046859856775495,4.825578293075121,10.826855897903442
-14.046859856775495,4.825578293075121,10.826855897903442
-14.046859856775495,4.825578293075121,10.826855897903442
-14.046859856775495,4.825578293075121,10.826855897903442
-14.098999196901602,4.570215399853532,10.826855897903442
-14.098999196901602,4.570215399853532,10.826855897903442
-14.098999196901602,4.570215399853532,10.826855897903442
-14.098999196901602,4.570215399853532,10.826855897903442
-14.098999196901602,4.570215399853532,10.826855897903442
-14.098999196901602,4.570215399853532,10.826855897903442
-14.098999196901602,4.570215399853532,10.826855897903442
-14.098999196901602,4.570215399853532,10.826855897903442
-14.098999196901602,4.570215399853532,10.826855897903442
-14.112656973293873,4.374719827436304,10.826855897903442
-14.112656973293873,4.374719827436304,10.826855897903442
-14.112656973293873,4.374719827436304,10.826855897903442
-14.112656973293873,4.374719827436304,10.826855897903442
-14.112656973293873,4.374719827436304,10.826855897903442
-14.112656973293873,4.374719827436304,10.826855897903442
-14.112656973293873,4.374719827436304,10.826855897903442
-14.112656973293873,4.374719827436304,10.826855897903442
-14.112656973293873,4.374719827436304,10.826855897903442
-14.112656973293873,4.374719827436304,10.826855897903442
-14.112656973293873,4.374719827436304,10.826855897903442
-14.112656973293873,4.374719827436304,10.826855897903442
-14.100016965803244,4.111054038074578,10.826855897903442
-14.100016965803244,4.111054038074578,10.826855897903442
-14.100016965803244,4.111054038074578,10.826855897903442
-14.100016965803244,4.111054038074578,10.826855897903442
-14.100016965803244,4.111054038074578,10.826855897903442
-14.100016965803244,4.111054038074578,10.826855897903442
-14.100016965803244,4.111054038074578,10.826855897903442
-14.109546839619838,3.839455269875231,10.826855897903442
-14.109546839619838,3.839455269875231,10.826855897903442
-14.109546839619838,3.839455269875231,10.826855897903442
-14.109546839619838,3.839455269875231,10.826855897903442
-14.109546839619838,3.839455269875231,10.826855897903442
-14.109546839619838,3.839455269875231,10.826855897903442
-14.109546839619838,3.839455269875231,10.826855897903442
-14.109546839619838,3.839455269875231,10.826855897903442
-14.109546839619838,3.839455269875231,10.826855897903442
-14.109546839619838,3.839455269875231,10.826855897903442
-14.1039879139732,3.637846167605325,10.826855897903442
-14.1039879139732,3.637846167605325,10.826855897903442
-14.1039879139732,3.637846167605325,10.826855897903442
-14.1039879139732,3.637846167605325,10.826855897903442
-14.1039879139732,3.637846167605325,10.826855897903442
-14.1039879139732,3.637846167605325,10.826855897903442
-14.1039879139732,3.637846167605325,10.826855897903442
-14.1039879139732,3.637846167605325,10.826855897903442
-14.083820217711548,3.3712863360379113,10.826855897903442
-14.083820217711548,3.3712863360379113,10.826855897903442
-14.083820217711548,3.3712863360379113,10.826855897903442
-14.083820217711548,3.3712863360379113,10.826855897903442
-14.083820217711548,3.3712863360379113,10.826855897903442
-14.083820217711548,3.3712863360379113,10.826855897903442
-14.083820217711548,3.3712863360379113,10.826855897903442
-14.083820217711548,3.3712863360379113,10.826855897903442
-14.083820217711548,3.3712863360379113,10.826855897903442
-14.083820217711548,3.3712863360379113,10.826855897903442
-14.083820217711548,3.3712863360379113,10.826855897903442
-14.083820217711548,3.3712863360379113,10.826855897903442
-14.078841545977,3.134863263296646,10.826855897903442
-14.078841545977,3.134863263296646,10.826855897903442
-14.078841545977,3.134863263296646,10.826855897903442
-14.078841545977,3.134863263296646,10.826855897903442
-14.078841545977,3.134863263296646,10.826855897903442
-14.078841545977,3.134863263296646,10.826855897903442
-14.078841545977,3.134863263296646,10.826855897903442
-14.078841545977,3.134863263296646,10.826855897903442
-14.078841545977,3.134863263296646,10.826855897903442
-14.078841545977,3.134863263296646,10.826855897903442
-14.078841545977,3.134863263296646,10.826855897903442
-14.078841545977,3.134863263296646,10.826855897903442
-14.078841545977,3.134863263296646,10.826855897903442
-14.068026448104158,2.7571880876485704,10.826855897903442
-14.068026448104158,2.7571880876485704,10.826855897903442
-14.068026448104158,2.7571880876485704,10.826855897903442
-14.068026448104158,2.7571880876485704,10.826855897903442
-14.068026448104158,2.7571880876485704,10.826855897903442
-14.068026448104158,2.7571880876485704,10.826855897903442
-14.068026448104158,2.7571880876485704,10.826855897903442
-14.068026448104158,2.7571880876485704,10.826855897903442
-14.068026448104158,2.7571880876485704,10.826855897903442
-14.068026448104158,2.7571880876485704,10.826855897903442
-14.068026448104158,2.7571880876485704,10.826855897903442
-14.068026448104158,2.7571880876485704,10.826855897903442
-14.068026448104158,2.7571880876485704,10.826855897903442
-14.055692548875923,2.3575086811944135,10.826855897903442
-14.055692548875923,2.3575086811944135,10.826855897903442
-14.055692548875923,2.3575086811944135,10.826855897903442
-14.055692548875923,2.3575086811944135,10.826855897903442
-14.055692548875923,2.3575086811944135,10.826855897903442
-14.055692548875923,2.3575086811944135,10.826855897903442
-14.055692548875923,2.3575086811944135,10.826855897903442
-14.055692548875923,2.3575086811944135,10.826855897903442
-14.055692548875923,2.3575086811944135,10.826855897903442
-14.055692548875923,2.3575086811944135,10.826855897903442
-14.055692548875923,2.3575086811944135,10.826855897903442
-14.055692548875923,2.3575086811944135,10.826855897903442
-14.082877913241262,1.9478438378113385,10.826855897903442
-14.082877913241262,1.9478438378113385,10.826855897903442
-14.082877913241262,1.9478438378113385,10.826855897903442
-14.082877913241262,1.9478438378113385,10.826855897903442
-14.082877913241262,1.9478438378113385,10.826855897903442
-14.082877913241262,1.9478438378113385,10.826855897903442
-14.082877913241262,1.9478438378113385,10.826855897903442
-14.082877913241262,1.9478438378113385,10.826855897903442
-14.035467859737995,1.5467414577920853,10.826855897903442
-14.035467859737995,1.5467414577920853,10.826855897903442
-14.035467859737995,1.5467414577920853,10.826855897903442
-14.035467859737995,1.5467414577920853,10.826855897903442
-14.035467859737995,1.5467414577920853,10.826855897903442
-14.035467859737995,1.5467414577920853,10.826855897903442
-14.035467859737995,1.5467414577920853,10.826855897903442
-14.035467859737995,1.5467414577920853,10.826855897903442
-13.996223973641877,1.3116202209555112,10.826855897903442
-13.996223973641877,1.3116202209555112,10.826855897903442
-13.996223973641877,1.3116202209555112,10.826855897903442
-13.996223973641877,1.3116202209555112,10.826855897903442
-13.996223973641877,1.3116202209555112,10.826855897903442
-13.996223973641877,1.3116202209555112,10.826855897903442
-13.996223973641877,1.3116202209555112,10.826855897903442
-13.996223973641877,1.3116202209555112,10.826855897903442
-13.982958537264343,1.0733421977906683,10.826855897903442
-13.982958537264343,1.0733421977906683,10.826855897903442
-13.982958537264343,1.0733421977906683,10.826855897903442
-13.982958537264343,1.0733421977906683,10.826855897903442
-13.982958537264343,1.0733421977906683,10.826855897903442
-13.982958537264343,1.0733421977906683,10.826855897903442
-13.982958537264343,1.0733421977906683,10.826855897903442
-13.943107678298118,0.7642769897194603,10.826855897903442
-13.943107678298118,0.7642769897194603,10.826855897903442
-13.943107678298118,0.7642769897194603,10.826855897903442
-13.943107678298118,0.7642769897194603,10.826855897903442
-13.943107678298118,0.7642769897194603,10.826855897903442
-13.943107678298118,0.7642769897194603,10.826855897903442
-13.943107678298118,0.7642769897194603,10.826855897903442
-13.943107678298118,0.7642769897194603,10.826855897903442
-13.938876050629307,0.6301921866349176,10.826855897903442
-13.938876050629307,0.6301921866349176,10.826855897903442
-13.938876050629307,0.6301921866349176,10.826855897903442
-13.938876050629307,0.6301921866349176,10.826855897903442
-13.938876050629307,0.6301921866349176,10.826855897903442
-13.938876050629307,0.6301921866349176,10.826855897903442
-13.938876050629307,0.6301921866349176,10.826855897903442
-13.938876050629307,0.6301921866349176,10.826855897903442
-13.938876050629307,0.6301921866349176,10.826855897903442
-13.938876050629307,0.6301921866349176,10.826855897903442
-13.938876050629307,0.6301921866349176,10.826855897903442
-13.88393046195886,0.3461131197735351,10.826855897903442
-13.88393046195886,0.3461131197735351,10.826855897903442
-13.88393046195886,0.3461131197735351,10.826855897903442
-13.88393046195886,0.3461131197735351,10.826855897903442
-13.88393046195886,0.3461131197735351,10.826855897903442
-13.88393046195886,0.3461131197735351,10.826855897903442
-13.78281951585703,0.09794777921252149,10.826855897903442
-13.78281951585703,0.09794777921252149,10.826855897903442
-13.78281951585703,0.09794777921252149,10.826855897903442
-13.78281951585703,0.09794777921252149,10.826855897903442
-13.78281951585703,0.09794777921252149,10.826855897903442
-13.78281951585703,0.09794777921252149,10.826855897903442
-13.78281951585703,0.09794777921252149,10.826855897903442
-13.78281951585703,0.09794777921252149,10.826855897903442
-13.78281951585703,0.09794777921252149,10.826855897903442
-13.702346717450022,-0.07722655821504282,10.826855897903442
-13.702346717450022,-0.07722655821504282,10.826855897903442
-13.702346717450022,-0.07722655821504282,10.826855897903442
-13.702346717450022,-0.07722655821504282,10.826855897903442
-13.702346717450022,-0.07722655821504282,10.826855897903442
-13.702346717450022,-0.07722655821504282,10.826855897903442
-13.702346717450022,-0.07722655821504282,10.826855897903442
-13.702346717450022,-0.07722655821504282,10.826855897903442
-13.598404595515923,-0.2431380152041115,10.826855897903442
-13.598404595515923,-0.2431380152041115,10.826855897903442
-13.598404595515923,-0.2431380152041115,10.826855897903442
-13.598404595515923,-0.2431380152041115,10.826855897903442
-13.598404595515923,-0.2431380152041115,10.826855897903442
-13.598404595515923,-0.2431380152041115,10.826855897903442
-13.598404595515923,-0.2431380152041115,10.826855897903442
-13.598404595515923,-0.2431380152041115,10.826855897903442
-13.598404595515923,-0.2431380152041115,10.826855897903442
-13.598404595515923,-0.2431380152041115,10.826855897903442
-13.598404595515923,-0.2431380152041115,10.826855897903442
-13.598404595515923,-0.2431380152041115,10.826855897903442
-13.484706248687601,-0.3715253905919361,10.826855897903442
-13.484706248687601,-0.3715253905919361,10.826855897903442
-13.484706248687601,-0.3715253905919361,10.826855897903442
-13.484706248687601,-0.3715253905919361,10.826855897903442
-13.484706248687601,-0.3715253905919361,10.826855897903442
-13.484706248687601,-0.3715253905919361,10.826855897903442
-13.260764823273716,-0.4650953156516946,10.826855897903442
-13.260764823273716,-0.4650953156516946,10.826855897903442
-13.260764823273716,-0.4650953156516946,10.826855897903442
-13.260764823273716,-0.4650953156516946,10.826855897903442
-13.166675119057485,-0.44416497577709435,10.826855897903442
-13.166675119057485,-0.44416497577709435,10.826855897903442
-13.166675119057485,-0.44416497577709435,10.826855897903442
-13.166675119057485,-0.44416497577709435,10.826855897903442
-13.166675119057485,-0.44416497577709435,10.826855897903442
-13.082806638562253,-0.43483621306740317,10.826855897903442
-13.082806638562253,-0.43483621306740317,10.826855897903442
-13.082806638562253,-0.43483621306740317,10.826855897903442
-13.082806638562253,-0.43483621306740317,10.826855897903442
-12.992544597346267,-0.4379836950817758,10.826855897903442
-12.992544597346267,-0.4379836950817758,10.826855897903442
-12.992544597346267,-0.4379836950817758,10.826855897903442
-12.992544597346267,-0.4379836950817758,10.826855897903442
-12.992544597346267,-0.4379836950817758,10.826855897903442
-12.830865146297352,-0.41422705318893754,10.826855897903442
-12.830865146297352,-0.41422705318893754,10.826855897903442
-12.830865146297352,-0.41422705318893754,10.826855897903442
-12.830865146297352,-0.41422705318893754,10.826855897903442
-12.747003296609185,-0.37110478093637705,10.826855897903442
-12.747003296609185,-0.37110478093637705,10.826855897903442
-12.747003296609185,-0.37110478093637705,10.826855897903442
-12.747003296609185,-0.37110478093637705,10.826855897903442
-12.747003296609185,-0.37110478093637705,10.826855897903442
-12.732005678180618,-0.31951639950337984,10.826855897903442
-12.732005678180618,-0.31951639950337984,10.826855897903442
-12.732005678180618,-0.31951639950337984,10.826855897903442
-12.732005678180618,-0.31951639950337984,10.826855897903442
-12.682239843532273,-0.277731708463694,10.826855897903442
-12.682239843532273,-0.277731708463694,10.826855897903442
-12.682239843532273,-0.277731708463694,10.826855897903442
-12.682239843532273,-0.277731708463694,10.826855897903442
-12.682239843532273,-0.277731708463694,10.826855897903442
-12.615131392656398,-0.2523318439566072,10.826855897903442
-12.615131392656398,-0.2523318439566072,10.826855897903442
-12.615131392656398,-0.2523318439566072,10.826855897903442
-12.615131392656398,-0.2523318439566072,10.826855897903442
-12.615131392656398,-0.2523318439566072,10.826855897903442
-12.57355540680922,-0.17683314715757859,10.826855897903442
-12.57355540680922,-0.17683314715757859,10.826855897903442
-12.57355540680922,-0.17683314715757859,10.826855897903442
-12.57355540680922,-0.17683314715757859,10.826855897903442
-12.533573921884942,-0.1037995985153095,10.826855897903442
-12.533573921884942,-0.1037995985153095,10.826855897903442
-12.533573921884942,-0.1037995985153095,10.826855897903442
-12.533573921884942,-0.1037995985153095,10.826855897903442
-12.533573921884942,-0.1037995985153095,10.826855897903442
-12.533573921884942,-0.1037995985153095,10.826855897903442
-12.568073684673477,-0.049663417354710374,10.826855897903442
-12.568073684673477,-0.049663417354710374,10.826855897903442
-12.568073684673477,-0.049663417354710374,10.826855897903442
-12.568073684673477,-0.049663417354710374,10.826855897903442
-12.50469153676004,0.044889520128590106,10.826855897903442
-12.50469153676004,0.044889520128590106,10.826855897903442
-12.50469153676004,0.044889520128590106,10.826855897903442
-12.50469153676004,0.044889520128590106,10.826855897903442
-12.50469153676004,0.044889520128590106,10.826855897903442
-12.473631891243201,0.05199161771611391,10.826855897903442
-12.473631891243201,0.05199161771611391,10.826855897903442
-12.473631891243201,0.05199161771611391,10.826855897903442
-12.473631891243201,0.05199161771611391,10.826855897903442
-12.43134459901102,0.10325297958548613,10.826855897903442
-12.43134459901102,0.10325297958548613,10.826855897903442
-12.43134459901102,0.10325297958548613,10.826855897903442
-12.43134459901102,0.10325297958548613,10.826855897903442
-12.411867289525535,0.15830765866827196,10.826855897903442
-12.411867289525535,0.15830765866827196,10.826855897903442
-12.411867289525535,0.15830765866827196,10.826855897903442
-12.411867289525535,0.15830765866827196,10.826855897903442
-12.384878117241165,0.20697306655532435,10.826855897903442
-12.384878117241165,0.20697306655532435,10.826855897903442
-12.384878117241165,0.20697306655532435,10.826855897903442
-12.384878117241165,0.20697306655532435,10.826855897903442
-12.384878117241165,0.20697306655532435,10.826855897903442
-12.368096475305972,0.24091094670569074,10.826855897903442
-12.368096475305972,0.24091094670569074,10.826855897903442
-12.368096475305972,0.24091094670569074,10.826855897903442
-12.368096475305972,0.24091094670569074,10.826855897903442
-12.335926851537376,0.3112829692815563,10.826855897903442
-12.335926851537376,0.3112829692815563,10.826855897903442
-12.335926851537376,0.3112829692815563,10.826855897903442
-12.335926851537376,0.3112829692815563,10.826855897903442
-12.335926851537376,0.3112829692815563,10.826855897903442
-12.311147666049557,0.3761326321308146,10.826855897903442
-12.311147666049557,0.3761326321308146,10.826855897903442
-12.311147666049557,0.3761326321308146,10.826855897903442
-12.311147666049557,0.3761326321308146,10.826855897903442
-12.311147666049557,0.3761326321308146,10.826855897903442
-12.289050474548004,0.41207924021003917,10.826855897903442
-12.289050474548004,0.41207924021003917,10.826855897903442
-12.289050474548004,0.41207924021003917,10.826855897903442
-12.289050474548004,0.41207924021003917,10.826855897903442
-12.289050474548004,0.41207924021003917,10.826855897903442
-12.298620183543091,0.4495294043298057,10.826855897903442
-12.298620183543091,0.4495294043298057,10.826855897903442
-12.298620183543091,0.4495294043298057,10.826855897903442
-12.298620183543091,0.4495294043298057,10.826855897903442
-12.291252925002983,0.4261671677459171,10.826855897903442
-12.291252925002983,0.4261671677459171,10.826855897903442
-12.291252925002983,0.4261671677459171,10.826855897903442
-12.291252925002983,0.4261671677459171,10.826855897903442
-12.291252925002983,0.4261671677459171,10.826855897903442
-12.239613705458833,0.3911674889462945,10.826855897903442
-12.239613705458833,0.3911674889462945,10.826855897903442
-12.239613705458833,0.3911674889462945,10.826855897903442
-12.239613705458833,0.3911674889462945,10.826855897903442
-12.239613705458833,0.3911674889462945,10.826855897903442
-12.204091772070589,0.3513176628900896,10.826855897903442
-12.204091772070589,0.3513176628900896,10.826855897903442
-12.204091772070589,0.3513176628900896,10.826855897903442
-12.204091772070589,0.3513176628900896,10.826855897903442
-12.204091772070589,0.3513176628900896,10.826855897903442
-12.161193644199173,0.30976152045606653,10.826855897903442
-12.161193644199173,0.30976152045606653,10.826855897903442
-12.161193644199173,0.30976152045606653,10.826855897903442
-12.161193644199173,0.30976152045606653,10.826855897903442
-12.125301609134548,0.2625910256939431,10.826855897903442
-12.125301609134548,0.2625910256939431,10.826855897903442
-12.125301609134548,0.2625910256939431,10.826855897903442
-12.125301609134548,0.2625910256939431,10.826855897903442
-12.125301609134548,0.2625910256939431,10.826855897903442
-12.09199694187794,0.2353702065667078,10.826855897903442
-12.09199694187794,0.2353702065667078,10.826855897903442
-12.09199694187794,0.2353702065667078,10.826855897903442
-12.09199694187794,0.2353702065667078,10.826855897903442
-12.09199694187794,0.2353702065667078,10.826855897903442
-12.063811584893564,0.2000329751863064,10.826855897903442
-12.063811584893564,0.2000329751863064,10.826855897903442
-12.063811584893564,0.2000329751863064,10.826855897903442
-12.063811584893564,0.2000329751863064,10.826855897903442
-12.010004238808405,0.20147321853732164,10.826855897903442
-12.010004238808405,0.20147321853732164,10.826855897903442
-12.010004238808405,0.20147321853732164,10.826855897903442
-12.010004238808405,0.20147321853732164,10.826855897903442
-11.960186084203293,0.20949985798961482,10.826855897903442
-11.960186084203293,0.20949985798961482,10.826855897903442
-11.960186084203293,0.20949985798961482,10.826855897903442
-11.960186084203293,0.20949985798961482,10.826855897903442
-11.960186084203293,0.20949985798961482,10.826855897903442
-11.910859228534438,0.20091461703141691,10.826855897903442
-11.910859228534438,0.20091461703141691,10.826855897903442
-11.910859228534438,0.20091461703141691,10.826855897903442
-11.910859228534438,0.20091461703141691,10.826855897903442
-11.910859228534438,0.20091461703141691,10.826855897903442
-11.892743299073066,0.1938572612360128,10.826855897903442
-11.892743299073066,0.1938572612360128,10.826855897903442
-11.892743299073066,0.1938572612360128,10.826855897903442
-11.892743299073066,0.1938572612360128,10.826855897903442
-11.892743299073066,0.1938572612360128,10.826855897903442
-11.88917298173673,0.15867109659281958,10.826855897903442
-11.88917298173673,0.15867109659281958,10.826855897903442
-11.88917298173673,0.15867109659281958,10.826855897903442
-11.88917298173673,0.15867109659281958,10.826855897903442
-11.853097990953493,0.14706923292378477,10.826855897903442
-11.853097990953493,0.14706923292378477,10.826855897903442
-11.853097990953493,0.14706923292378477,10.826855897903442
-11.853097990953493,0.14706923292378477,10.826855897903442
-11.853097990953493,0.14706923292378477,10.826855897903442
-11.799168569073853,0.1625479953254461,10.826855897903442
-11.799168569073853,0.1625479953254461,10.826855897903442
-11.799168569073853,0.1625479953254461,10.826855897903442
-11.799168569073853,0.1625479953254461,10.826855897903442
-11.799168569073853,0.1625479953254461,10.826855897903442
-11.768771669162671,0.13549214615269412,10.826855897903442
-11.768771669162671,0.13549214615269412,10.826855897903442
-11.768771669162671,0.13549214615269412,10.826855897903442
-11.768771669162671,0.13549214615269412,10.826855897903442
-11.747568485862761,0.11489294425026371,10.826855897903442
-11.747568485862761,0.11489294425026371,10.826855897903442
-11.747568485862761,0.11489294425026371,10.826855897903442
-11.747568485862761,0.11489294425026371,10.826855897903442
-11.747568485862761,0.11489294425026371,10.826855897903442
-11.761903300684606,0.0886059101099113,10.826855897903442
-11.761903300684606,0.0886059101099113,10.826855897903442
-11.761903300684606,0.0886059101099113,10.826855897903442
-11.761903300684606,0.0886059101099113,10.826855897903442
-11.695093405646034,0.05722462777268327,10.826855897903442
-11.695093405646034,0.05722462777268327,10.826855897903442
-11.695093405646034,0.05722462777268327,10.826855897903442
-11.695093405646034,0.05722462777268327,10.826855897903442
-11.695093405646034,0.05722462777268327,10.826855897903442
-11.620911581226611,0.05724613208708307,10.826855897903442
-11.620911581226611,0.05724613208708307,10.826855897903442
-11.620911581226611,0.05724613208708307,10.826855897903442
-11.620911581226611,0.05724613208708307,10.826855897903442
-11.620911581226611,0.05724613208708307,10.826855897903442
-11.565218940558202,0.04982622073636445,10.826855897903442
-11.565218940558202,0.04982622073636445,10.826855897903442
-11.565218940558202,0.04982622073636445,10.826855897903442
-11.565218940558202,0.04982622073636445,10.826855897903442
-11.565218940558202,0.04982622073636445,10.826855897903442
-11.52292288523674,0.03622716785759242,10.826855897903442
-11.52292288523674,0.03622716785759242,10.826855897903442
-11.52292288523674,0.03622716785759242,10.826855897903442
-11.52292288523674,0.03622716785759242,10.826855897903442
-11.52292288523674,0.03622716785759242,10.826855897903442
-11.44559721238886,0.007189714800978944,10.826855897903442
-11.44559721238886,0.007189714800978944,10.826855897903442
-11.44559721238886,0.007189714800978944,10.826855897903442
-11.44559721238886,0.007189714800978944,10.826855897903442
-11.44559721238886,0.007189714800978944,10.826855897903442
-11.377854835161331,-0.014161303207427494,10.826855897903442
-11.377854835161331,-0.014161303207427494,10.826855897903442
-11.377854835161331,-0.014161303207427494,10.826855897903442
-11.377854835161331,-0.014161303207427494,10.826855897903442
-11.292181114783059,-0.04979054589694466,10.826855897903442
-11.292181114783059,-0.04979054589694466,10.826855897903442
-11.292181114783059,-0.04979054589694466,10.826855897903442
-11.292181114783059,-0.04979054589694466,10.826855897903442
-11.292181114783059,-0.04979054589694466,10.826855897903442
-11.2250776395447,-0.08871680452353226,10.826855897903442
-11.2250776395447,-0.08871680452353226,10.826855897903442
-11.2250776395447,-0.08871680452353226,10.826855897903442
-11.2250776395447,-0.08871680452353226,10.826855897903442
-11.2250776395447,-0.08871680452353226,10.826855897903442
-11.13746847520207,-0.11478510471507129,10.826855897903442
-11.13746847520207,-0.11478510471507129,10.826855897903442
-11.13746847520207,-0.11478510471507129,10.826855897903442
-11.13746847520207,-0.11478510471507129,10.826855897903442
-11.04105384471221,-0.1391482528185273,10.826855897903442
-11.04105384471221,-0.1391482528185273,10.826855897903442
-11.04105384471221,-0.1391482528185273,10.826855897903442
-11.04105384471221,-0.1391482528185273,10.826855897903442
-11.04105384471221,-0.1391482528185273,10.826855897903442
-11.001229589349002,-0.15334952384025555,10.826855897903442
-11.001229589349002,-0.15334952384025555,10.826855897903442
-11.001229589349002,-0.15334952384025555,10.826855897903442
-11.001229589349002,-0.15334952384025555,10.826855897903442
-11.001229589349002,-0.15334952384025555,10.826855897903442
-10.895355646596464,-0.17059925774388002,10.826855897903442
-10.895355646596464,-0.17059925774388002,10.826855897903442
-10.895355646596464,-0.17059925774388002,10.826855897903442
-10.895355646596464,-0.17059925774388002,10.826855897903442
-10.895355646596464,-0.17059925774388002,10.826855897903442
-10.895355646596464,-0.17059925774388002,10.826855897903442
-10.785765085150583,-0.18220077731765202,10.826855897903442
-10.785765085150583,-0.18220077731765202,10.826855897903442
-10.785765085150583,-0.18220077731765202,10.826855897903442
-10.785765085150583,-0.18220077731765202,10.826855897903442
-10.785765085150583,-0.18220077731765202,10.826855897903442
-10.639384859272624,-0.1964118589268629,10.826855897903442
-10.639384859272624,-0.1964118589268629,10.826855897903442
-10.639384859272624,-0.1964118589268629,10.826855897903442
-10.639384859272624,-0.1964118589268629,10.826855897903442
-10.639384859272624,-0.1964118589268629,10.826855897903442
-10.540932978663328,-0.23242033525014183,10.826855897903442
-10.540932978663328,-0.23242033525014183,10.826855897903442
-10.540932978663328,-0.23242033525014183,10.826855897903442
-10.540932978663328,-0.23242033525014183,10.826855897903442
-10.540932978663328,-0.23242033525014183,10.826855897903442
-10.540932978663328,-0.23242033525014183,10.826855897903442
-10.540932978663328,-0.23242033525014183,10.826855897903442
-10.422708481519933,-0.26188264126539196,10.826855897903442
-10.422708481519933,-0.26188264126539196,10.826855897903442
-10.422708481519933,-0.26188264126539196,10.826855897903442
-10.422708481519933,-0.26188264126539196,10.826855897903442
-10.422708481519933,-0.26188264126539196,10.826855897903442
-10.422708481519933,-0.26188264126539196,10.826855897903442
-10.32174593180207,-0.2563445319216767,10.826855897903442
-10.32174593180207,-0.2563445319216767,10.826855897903442
-10.32174593180207,-0.2563445319216767,10.826855897903442
-10.32174593180207,-0.2563445319216767,10.826855897903442
-10.32174593180207,-0.2563445319216767,10.826855897903442
-10.169277371932203,-0.291672900103585,10.826855897903442
-10.169277371932203,-0.291672900103585,10.826855897903442
-10.169277371932203,-0.291672900103585,10.826855897903442
-10.169277371932203,-0.291672900103585,10.826855897903442
-10.169277371932203,-0.291672900103585,10.826855897903442
-10.169277371932203,-0.291672900103585,10.826855897903442
-10.169277371932203,-0.291672900103585,10.826855897903442
-10.060528145375923,-0.31596246188606286,10.826855897903442
-10.060528145375923,-0.31596246188606286,10.826855897903442
-10.060528145375923,-0.31596246188606286,10.826855897903442
-10.060528145375923,-0.31596246188606286,10.826855897903442
-10.060528145375923,-0.31596246188606286,10.826855897903442
-10.060528145375923,-0.31596246188606286,10.826855897903442
-10.060528145375923,-0.31596246188606286,10.826855897903442
-10.060528145375923,-0.31596246188606286,10.826855897903442
-10.060528145375923,-0.31596246188606286,10.826855897903442
-9.90067697588113,-0.3314642525042541,10.826855897903442
-9.90067697588113,-0.3314642525042541,10.826855897903442
-9.90067697588113,-0.3314642525042541,10.826855897903442
-9.90067697588113,-0.3314642525042541,10.826855897903442
-9.90067697588113,-0.3314642525042541,10.826855897903442
-9.90067697588113,-0.3314642525042541,10.826855897903442
-9.90067697588113,-0.3314642525042541,10.826855897903442
-9.90067697588113,-0.3314642525042541,10.826855897903442
-9.90067697588113,-0.3314642525042541,10.826855897903442
-9.90067697588113,-0.3314642525042541,10.826855897903442
-9.90067697588113,-0.3314642525042541,10.826855897903442
-9.90067697588113,-0.3314642525042541,10.826855897903442
-9.90067697588113,-0.3314642525042541,10.826855897903442
-9.90067697588113,-0.3314642525042541,10.826855897903442
-9.90067697588113,-0.3314642525042541,10.826855897903442
-9.90067697588113,-0.3314642525042541,10.826855897903442
-9.90067697588113,-0.3314642525042541,10.826855897903442
-9.67802454637072,-0.3696358796329863,10.826855897903442
-9.67802454637072,-0.3696358796329863,10.826855897903442
-9.67802454637072,-0.3696358796329863,10.826855897903442
-9.67802454637072,-0.3696358796329863,10.826855897903442
-9.67802454637072,-0.3696358796329863,10.826855897903442
-9.67802454637072,-0.3696358796329863,10.826855897903442
-9.67802454637072,-0.3696358796329863,10.826855897903442
-9.67802454637072,-0.3696358796329863,10.826855897903442
-9.67802454637072,-0.3696358796329863,10.826855897903442
-9.67802454637072,-0.3696358796329863,10.826855897903442
-9.67802454637072,-0.3696358796329863,10.826855897903442
-9.67802454637072,-0.3696358796329863,10.826855897903442
-9.67802454637072,-0.3696358796329863,10.826855897903442
-9.331022823610436,-0.38912418830562157,10.826855897903442
-9.331022823610436,-0.38912418830562157,10.826855897903442
-9.331022823610436,-0.38912418830562157,10.826855897903442
-9.331022823610436,-0.38912418830562157,10.826855897903442
-9.331022823610436,-0.38912418830562157,10.826855897903442
-9.331022823610436,-0.38912418830562157,10.826855897903442
-9.331022823610436,-0.38912418830562157,10.826855897903442
-9.331022823610436,-0.38912418830562157,10.826855897903442
-9.039324951988549,-0.3883722398300979,10.826855897903442
-9.039324951988549,-0.3883722398300979,10.826855897903442
-9.039324951988549,-0.3883722398300979,10.826855897903442
-9.039324951988549,-0.3883722398300979,10.826855897903442
-9.039324951988549,-0.3883722398300979,10.826855897903442
-9.039324951988549,-0.3883722398300979,10.826855897903442
-9.039324951988549,-0.3883722398300979,10.826855897903442
-9.039324951988549,-0.3883722398300979,10.826855897903442
-9.039324951988549,-0.3883722398300979,10.826855897903442
-8.786281543480353,-0.36764877687128167,10.826855897903442
-8.786281543480353,-0.36764877687128167,10.826855897903442
-8.786281543480353,-0.36764877687128167,10.826855897903442
-8.786281543480353,-0.36764877687128167,10.826855897903442
-8.786281543480353,-0.36764877687128167,10.826855897903442
-8.786281543480353,-0.36764877687128167,10.826855897903442
-8.786281543480353,-0.36764877687128167,10.826855897903442
-8.786281543480353,-0.36764877687128167,10.826855897903442
-8.615501485240243,-0.31594856190777015,10.826855897903442
-8.615501485240243,-0.31594856190777015,10.826855897903442
-8.615501485240243,-0.31594856190777015,10.826855897903442
-8.615501485240243,-0.31594856190777015,10.826855897903442
-8.615501485240243,-0.31594856190777015,10.826855897903442
-8.615501485240243,-0.31594856190777015,10.826855897903442
-8.615501485240243,-0.31594856190777015,10.826855897903442
-8.42433089212579,-0.2572179400642997,10.826855897903442
-8.42433089212579,-0.2572179400642997,10.826855897903442
-8.42433089212579,-0.2572179400642997,10.826855897903442
-8.42433089212579,-0.2572179400642997,10.826855897903442
-8.42433089212579,-0.2572179400642997,10.826855897903442
-8.42433089212579,-0.2572179400642997,10.826855897903442
-8.42433089212579,-0.2572179400642997,10.826855897903442
-8.42433089212579,-0.2572179400642997,10.826855897903442
-8.42433089212579,-0.2572179400642997,10.826855897903442
-8.42433089212579,-0.2572179400642997,10.826855897903442
-8.233268003135434,-0.24835621243499628,10.826855897903442
-8.233268003135434,-0.24835621243499628,10.826855897903442
-8.233268003135434,-0.24835621243499628,10.826855897903442
-8.233268003135434,-0.24835621243499628,10.826855897903442
-8.233268003135434,-0.24835621243499628,10.826855897903442
-8.233268003135434,-0.24835621243499628,10.826855897903442
-8.233268003135434,-0.24835621243499628,10.826855897903442
-8.233268003135434,-0.24835621243499628,10.826855897903442
-8.233268003135434,-0.24835621243499628,10.826855897903442
-7.944758894027515,-0.19871253170648473,10.826855897903442
-7.944758894027515,-0.19871253170648473,10.826855897903442
-7.944758894027515,-0.19871253170648473,10.826855897903442
-7.944758894027515,-0.19871253170648473,10.826855897903442
-7.944758894027515,-0.19871253170648473,10.826855897903442
-7.944758894027515,-0.19871253170648473,10.826855897903442
-7.944758894027515,-0.19871253170648473,10.826855897903442
-7.944758894027515,-0.19871253170648473,10.826855897903442
-7.944758894027515,-0.19871253170648473,10.826855897903442
-7.944758894027515,-0.19871253170648473,10.826855897903442
-7.6441597960347885,-0.16824129464751003,10.826855897903442
-7.6441597960347885,-0.16824129464751003,10.826855897903442
-7.6441597960347885,-0.16824129464751003,10.826855897903442
-7.6441597960347885,-0.16824129464751003,10.826855897903442
-7.6441597960347885,-0.16824129464751003,10.826855897903442
-7.6441597960347885,-0.16824129464751003,10.826855897903442
-7.6441597960347885,-0.16824129464751003,10.826855897903442
-7.6441597960347885,-0.16824129464751003,10.826855897903442
-7.6441597960347885,-0.16824129464751003,10.826855897903442
-7.6441597960347885,-0.16824129464751003,10.826855897903442
-7.6441597960347885,-0.16824129464751003,10.826855897903442
-7.6441597960347885,-0.16824129464751003,10.826855897903442
-7.37194227890932,-0.10206012479512232,10.826855897903442
-7.37194227890932,-0.10206012479512232,10.826855897903442
-7.37194227890932,-0.10206012479512232,10.826855897903442
-7.37194227890932,-0.10206012479512232,10.826855897903442
-7.37194227890932,-0.10206012479512232,10.826855897903442
-7.37194227890932,-0.10206012479512232,10.826855897903442
-7.37194227890932,-0.10206012479512232,10.826855897903442
-7.37194227890932,-0.10206012479512232,10.826855897903442
-7.37194227890932,-0.10206012479512232,10.826855897903442
-7.37194227890932,-0.10206012479512232,10.826855897903442
-7.37194227890932,-0.10206012479512232,10.826855897903442
-7.37194227890932,-0.10206012479512232,10.826855897903442
-7.37194227890932,-0.10206012479512232,10.826855897903442
-6.969013327033933,-0.06593068354979831,10.826855897903442
-6.969013327033933,-0.06593068354979831,10.826855897903442
-6.969013327033933,-0.06593068354979831,10.826855897903442
-6.969013327033933,-0.06593068354979831,10.826855897903442
-6.969013327033933,-0.06593068354979831,10.826855897903442
-6.969013327033933,-0.06593068354979831,10.826855897903442
-6.969013327033933,-0.06593068354979831,10.826855897903442
-6.969013327033933,-0.06593068354979831,10.826855897903442
-6.969013327033933,-0.06593068354979831,10.826855897903442
-6.969013327033933,-0.06593068354979831,10.826855897903442
-6.969013327033933,-0.06593068354979831,10.826855897903442
-6.969013327033933,-0.06593068354979831,10.826855897903442
-6.584014508440632,-0.029566613963404584,10.826855897903442
-6.584014508440632,-0.029566613963404584,10.826855897903442
-6.584014508440632,-0.029566613963404584,10.826855897903442
-6.584014508440632,-0.029566613963404584,10.826855897903442
-6.584014508440632,-0.029566613963404584,10.826855897903442
-6.584014508440632,-0.029566613963404584,10.826855897903442
-6.584014508440632,-0.029566613963404584,10.826855897903442
-6.584014508440632,-0.029566613963404584,10.826855897903442
-6.584014508440632,-0.029566613963404584,10.826855897903442
-6.584014508440632,-0.029566613963404584,10.826855897903442
-6.584014508440632,-0.029566613963404584,10.826855897903442
-6.2754261280398,0.014991681004451925,10.826855897903442
-6.2754261280398,0.014991681004451925,10.826855897903442
-6.2754261280398,0.014991681004451925,10.826855897903442
-6.2754261280398,0.014991681004451925,10.826855897903442
-6.2754261280398,0.014991681004451925,10.826855897903442
-6.2754261280398,0.014991681004451925,10.826855897903442
-6.2754261280398,0.014991681004451925,10.826855897903442
-6.2754261280398,0.014991681004451925,10.826855897903442
-6.2754261280398,0.014991681004451925,10.826855897903442
-6.2754261280398,0.014991681004451925,10.826855897903442
-6.2754261280398,0.014991681004451925,10.826855897903442
-6.2754261280398,0.014991681004451925,10.826855897903442
-6.2754261280398,0.014991681004451925,10.826855897903442
-6.2754261280398,0.014991681004451925,10.826855897903442
-5.871712898389518,0.043304809449117146,10.826855897903442
-5.871712898389518,0.043304809449117146,10.826855897903442
-5.871712898389518,0.043304809449117146,10.826855897903442
-5.871712898389518,0.043304809449117146,10.826855897903442
-5.871712898389518,0.043304809449117146,10.826855897903442
-5.871712898389518,0.043304809449117146,10.826855897903442
-5.871712898389518,0.043304809449117146,10.826855897903442
-5.871712898389518,0.043304809449117146,10.826855897903442
-5.871712898389518,0.043304809449117146,10.826855897903442
-5.871712898389518,0.043304809449117146,10.826855897903442
-5.871712898389518,0.043304809449117146,10.826855897903442
-5.465972757825607,0.07251757836068436,10.826855897903442
-5.465972757825607,0.07251757836068436,10.826855897903442
-5.465972757825607,0.07251757836068436,10.826855897903442
-5.465972757825607,0.07251757836068436,10.826855897903442
-5.465972757825607,0.07251757836068436,10.826855897903442
-5.465972757825607,0.07251757836068436,10.826855897903442
-5.465972757825607,0.07251757836068436,10.826855897903442
-5.465972757825607,0.07251757836068436,10.826855897903442
-5.465972757825607,0.07251757836068436,10.826855897903442
-5.465972757825607,0.07251757836068436,10.826855897903442
-5.465972757825607,0.07251757836068436,10.826855897903442
-5.465972757825607,0.07251757836068436,10.826855897903442
-5.465972757825607,0.07251757836068436,10.826855897903442
-5.0709763618912,0.05681292468877211,10.826855897903442
-5.0709763618912,0.05681292468877211,10.826855897903442
-5.0709763618912,0.05681292468877211,10.826855897903442
-5.0709763618912,0.05681292468877211,10.826855897903442
-5.0709763618912,0.05681292468877211,10.826855897903442
-5.0709763618912,0.05681292468877211,10.826855897903442
-5.0709763618912,0.05681292468877211,10.826855897903442
-5.0709763618912,0.05681292468877211,10.826855897903442
-5.0709763618912,0.05681292468877211,10.826855897903442
-4.7036810596506475,0.05090174538753045,10.826855897903442
-4.7036810596506475,0.05090174538753045,10.826855897903442
-4.7036810596506475,0.05090174538753045,10.826855897903442
-4.7036810596506475,0.05090174538753045,10.826855897903442
-4.7036810596506475,0.05090174538753045,10.826855897903442
-4.7036810596506475,0.05090174538753045,10.826855897903442
-4.7036810596506475,0.05090174538753045,10.826855897903442
-4.7036810596506475,0.05090174538753045,10.826855897903442
-4.7036810596506475,0.05090174538753045,10.826855897903442
-4.393341124365525,0.04641541208476547,10.826855897903442
-4.393341124365525,0.04641541208476547,10.826855897903442
-4.393341124365525,0.04641541208476547,10.826855897903442
-4.393341124365525,0.04641541208476547,10.826855897903442
-4.393341124365525,0.04641541208476547,10.826855897903442
-4.393341124365525,0.04641541208476547,10.826855897903442
-4.393341124365525,0.04641541208476547,10.826855897903442
-4.393341124365525,0.04641541208476547,10.826855897903442
-4.393341124365525,0.04641541208476547,10.826855897903442
-4.159472728684792,0.0441487274261636,10.826855897903442
-4.159472728684792,0.0441487274261636,10.826855897903442
-4.159472728684792,0.0441487274261636,10.826855897903442
-4.159472728684792,0.0441487274261636,10.826855897903442
-4.159472728684792,0.0441487274261636,10.826855897903442
-4.159472728684792,0.0441487274261636,10.826855897903442
-4.159472728684792,0.0441487274261636,10.826855897903442
-4.159472728684792,0.0441487274261636,10.826855897903442
-3.8625962406489274,0.02199987825400748,10.826855897903442
-3.8625962406489274,0.02199987825400748,10.826855897903442
-3.8625962406489274,0.02199987825400748,10.826855897903442
-3.8625962406489274,0.02199987825400748,10.826855897903442
-3.8625962406489274,0.02199987825400748,10.826855897903442
-3.8625962406489274,0.02199987825400748,10.826855897903442
-3.8625962406489274,0.02199987825400748,10.826855897903442
-3.8625962406489274,0.02199987825400748,10.826855897903442
-3.8625962406489274,0.02199987825400748,10.826855897903442
-3.8625962406489274,0.02199987825400748,10.826855897903442
-3.604644573122348,-0.0026454165753742633,10.826855897903442
-3.604644573122348,-0.0026454165753742633,10.826855897903442
-3.604644573122348,-0.0026454165753742633,10.826855897903442
-3.604644573122348,-0.0026454165753742633,10.826855897903442
-3.604644573122348,-0.0026454165753742633,10.826855897903442
-3.604644573122348,-0.0026454165753742633,10.826855897903442
-3.604644573122348,-0.0026454165753742633,10.826855897903442
-3.604644573122348,-0.0026454165753742633,10.826855897903442
-3.604644573122348,-0.0026454165753742633,10.826855897903442
-3.604644573122348,-0.0026454165753742633,10.826855897903442
-3.604644573122348,-0.0026454165753742633,10.826855897903442
-3.2845821474246413,-0.022655948395661568,10.826855897903442
-3.2845821474246413,-0.022655948395661568,10.826855897903442
-3.2845821474246413,-0.022655948395661568,10.826855897903442
-3.2845821474246413,-0.022655948395661568,10.826855897903442
-3.2845821474246413,-0.022655948395661568,10.826855897903442
-3.2845821474246413,-0.022655948395661568,10.826855897903442
-3.2845821474246413,-0.022655948395661568,10.826855897903442
-3.2845821474246413,-0.022655948395661568,10.826855897903442
-3.2845821474246413,-0.022655948395661568,10.826855897903442
-3.2845821474246413,-0.022655948395661568,10.826855897903442
-2.972110107857874,-0.04476100435741312,10.826855897903442
-2.972110107857874,-0.04476100435741312,10.826855897903442
-2.972110107857874,-0.04476100435741312,10.826855897903442
-2.972110107857874,-0.04476100435741312,10.826855897903442
-2.972110107857874,-0.04476100435741312,10.826855897903442
-2.972110107857874,-0.04476100435741312,10.826855897903442
-2.972110107857874,-0.04476100435741312,10.826855897903442
-2.972110107857874,-0.04476100435741312,10.826855897903442
-2.972110107857874,-0.04476100435741312,10.826855897903442
-2.972110107857874,-0.04476100435741312,10.826855897903442
-2.972110107857874,-0.04476100435741312,10.826855897903442
-2.972110107857874,-0.04476100435741312,10.826855897903442
-2.972110107857874,-0.04476100435741312,10.826855897903442
-2.6435238182852703,-0.06447472353263853,10.826855897903442
-2.6435238182852703,-0.06447472353263853,10.826855897903442
-2.6435238182852703,-0.06447472353263853,10.826855897903442
-2.6435238182852703,-0.06447472353263853,10.826855897903442
-2.6435238182852703,-0.06447472353263853,10.826855897903442
-2.6435238182852703,-0.06447472353263853,10.826855897903442
-2.6435238182852703,-0.06447472353263853,10.826855897903442
-2.6435238182852703,-0.06447472353263853,10.826855897903442
-2.6435238182852703,-0.06447472353263853,10.826855897903442
-2.6435238182852703,-0.06447472353263853,10.826855897903442
-2.6435238182852703,-0.06447472353263853,10.826855897903442
-2.6435238182852703,-0.06447472353263853,10.826855897903442
-2.6435238182852703,-0.06447472353263853,10.826855897903442
-2.6435238182852703,-0.06447472353263853,10.826855897903442
-2.1353798866044587,-0.11310906475111163,10.826855897903442
-2.1353798866044587,-0.11310906475111163,10.826855897903442
-2.1353798866044587,-0.11310906475111163,10.826855897903442
-2.1353798866044587,-0.11310906475111163,10.826855897903442
-2.1353798866044587,-0.11310906475111163,10.826855897903442
-2.1353798866044587,-0.11310906475111163,10.826855897903442
-2.1353798866044587,-0.11310906475111163,10.826855897903442
-2.1353798866044587,-0.11310906475111163,10.826855897903442
-2.1353798866044587,-0.11310906475111163,10.826855897903442
-2.1353798866044587,-0.11310906475111163,10.826855897903442
-2.1353798866044587,-0.11310906475111163,10.826855897903442
-2.1353798866044587,-0.11310906475111163,10.826855897903442
-2.1353798866044587,-0.11310906475111163,10.826855897903442
-2.1353798866044587,-0.11310906475111163,10.826855897903442
-2.1353798866044587,-0.11310906475111163,10.826855897903442
-2.1353798866044587,-0.11310906475111163,10.826855897903442
-1.745523660094022,-0.1203365536783556,10.826855897903442
-1.745523660094022,-0.1203365536783556,10.826855897903442
-1.745523660094022,-0.1203365536783556,10.826855897903442
-1.745523660094022,-0.1203365536783556,10.826855897903442
-1.745523660094022,-0.1203365536783556,10.826855897903442
-1.745523660094022,-0.1203365536783556,10.826855897903442
-1.745523660094022,-0.1203365536783556,10.826855897903442
-1.745523660094022,-0.1203365536783556,10.826855897903442
-1.745523660094022,-0.1203365536783556,10.826855897903442
-1.745523660094022,-0.1203365536783556,10.826855897903442
-1.745523660094022,-0.1203365536783556,10.826855897903442
-1.745523660094022,-0.1203365536783556,10.826855897903442
-1.745523660094022,-0.1203365536783556,10.826855897903442
-1.1654923694658632,-0.1584337088130898,10.826855897903442
-1.1654923694658632,-0.1584337088130898,10.826855897903442
-1.1654923694658632,-0.1584337088130898,10.826855897903442
-1.1654923694658632,-0.1584337088130898,10.826855897903442
-1.1654923694658632,-0.1584337088130898,10.826855897903442
-1.1654923694658632,-0.1584337088130898,10.826855897903442
-1.1654923694658632,-0.1584337088130898,10.826855897903442
-1.1654923694658632,-0.1584337088130898,10.826855897903442
-1.1654923694658632,-0.1584337088130898,10.826855897903442
-1.1654923694658632,-0.1584337088130898,10.826855897903442
-1.1654923694658632,-0.1584337088130898,10.826855897903442
-1.1654923694658632,-0.1584337088130898,10.826855897903442
-1.1654923694658632,-0.1584337088130898,10.826855897903442
-1.1654923694658632,-0.1584337088130898,10.826855897903442
-1.1654923694658632,-0.1584337088130898,10.826855897903442
-1.1654923694658632,-0.1584337088130898,10.826855897903442
-1.1654923694658632,-0.1584337088130898,10.826855897903442
