x,y,lap_time_s
4.919237927699826,0.434542581085391,14.133790254592896
4.9539336780567345,0.43638063697528,14.133790254592896
4.980844924732894,0.4365241418912487,14.133790254592896
5.011137321604873,0.4278122872380243,14.133790254592896
5.004476252312183,0.40833517019037063,14.133790254592896
5.053064768128065,0.4046187743203725,14.133790254592896
5.1108326973974725,0.41033329074598635,14.133790254592896
5.138708405478994,0.4087728220679902,14.133790254592896
5.215460661040617,0.41572983638185884,14.133790254592896
5.291025770618323,0.4232860641968779,14.133790254592896
5.291025770618323,0.4232860641968779,14.133790254592896
5.291025770618323,0.4232860641968779,14.133790254592896
5.291025770618323,0.4232860641968779,14.133790254592896
5.291025770618323,0.4232860641968779,14.133790254592896
5.291025770618323,0.4232860641968779,14.133790254592896
5.291025770618323,0.4232860641968779,14.133790254592896
5.291025770618323,0.4232860641968779,14.133790254592896
5.291025770618323,0.4232860641968779,14.133790254592896
5.291025770618323,0.4232860641968779,14.133790254592896
5.382745409235809,0.41597401867826406,14.133790254592896
5.382745409235809,0.41597401867826406,14.133790254592896
5.382745409235809,0.41597401867826406,14.133790254592896
5.382745409235809,0.41597401867826406,14.133790254592896
5.382745409235809,0.41597401867826406,14.133790254592896
5.382745409235809,0.41597401867826406,14.133790254592896
5.382745409235809,0.41597401867826406,14.133790254592896
5.382745409235809,0.41597401867826406,14.133790254592896
5.382745409235809,0.41597401867826406,14.133790254592896
5.460710660803036,0.4169720517121239,14.133790254592896
5.460710660803036,0.4169720517121239,14.133790254592896
5.460710660803036,0.4169720517121239,14.133790254592896
5.460710660803036,0.4169720517121239,14.133790254592896
5.460710660803036,0.4169720517121239,14.133790254592896
5.460710660803036,0.4169720517121239,14.133790254592896
5.460710660803036,0.4169720517121239,14.133790254592896
5.460710660803036,0.4169720517121239,14.133790254592896
5.460710660803036,0.4169720517121239,14.133790254592896
5.460710660803036,0.4169720517121239,14.133790254592896
5.460710660803036,0.4169720517121239,14.133790254592896
5.460710660803036,0.4169720517121239,14.133790254592896
5.460710660803036,0.4169720517121239,14.133790254592896
5.460710660803036,0.4169720517121239,14.133790254592896
5.460710660803036,0.4169720517121239,14.133790254592896
5.460710660803036,0.4169720517121239,14.133790254592896
5.5843416532362005,0.4259118713327276,14.133790254592896
5.5843416532362005,0.4259118713327276,14.133790254592896
5.5843416532362005,0.4259118713327276,14.133790254592896
5.5843416532362005,0.4259118713327276,14.133790254592896
5.5843416532362005,0.4259118713327276,14.133790254592896
5.5843416532362005,0.4259118713327276,14.133790254592896
5.5843416532362005,0.4259118713327276,14.133790254592896
5.5843416532362005,0.4259118713327276,14.133790254592896
5.5843416532362005,0.4259118713327276,14.133790254592896
5.809439512514613,0.4198050538559877,14.133790254592896
5.809439512514613,0.4198050538559877,14.133790254592896
5.809439512514613,0.4198050538559877,14.133790254592896
5.989350652665335,0.4043221625476778,14.133790254592896
5.989350652665335,0.4043221625476778,14.133790254592896
5.989350652665335,0.4043221625476778,14.133790254592896
5.989350652665335,0.4043221625476778,14.133790254592896
5.989350652665335,0.4043221625476778,14.133790254592896
6.0480596813042995,0.3964973895867742,14.133790254592896
6.0480596813042995,0.3964973895867742,14.133790254592896
6.0480596813042995,0.3964973895867742,14.133790254592896
6.0480596813042995,0.3964973895867742,14.133790254592896
6.0480596813042995,0.3964973895867742,14.133790254592896
6.0480596813042995,0.3964973895867742,14.133790254592896
6.0480596813042995,0.3964973895867742,14.133790254592896
6.0480596813042995,0.3964973895867742,14.133790254592896
6.0480596813042995,0.3964973895867742,14.133790254592896
6.0480596813042995,0.3964973895867742,14.133790254592896
6.0480596813042995,0.3964973895867742,14.133790254592896
6.0480596813042995,0.3964973895867742,14.133790254592896
6.125216531667405,0.3468978265429339,14.133790254592896
6.125216531667405,0.3468978265429339,14.133790254592896
6.125216531667405,0.3468978265429339,14.133790254592896
6.125216531667405,0.3468978265429339,14.133790254592896
6.125216531667405,0.3468978265429339,14.133790254592896
6.125216531667405,0.3468978265429339,14.133790254592896
6.125216531667405,0.3468978265429339,14.133790254592896
6.125216531667405,0.3468978265429339,14.133790254592896
6.125216531667405,0.3468978265429339,14.133790254592896
6.3614461576289845,0.309484119615387,14.133790254592896
6.3614461576289845,0.309484119615387,14.133790254592896
6.3614461576289845,0.309484119615387,14.133790254592896
6.3614461576289845,0.309484119615387,14.133790254592896
6.3614461576289845,0.309484119615387,14.133790254592896
6.3614461576289845,0.309484119615387,14.133790254592896
6.3614461576289845,0.309484119615387,14.133790254592896
6.3614461576289845,0.309484119615387,14.133790254592896
6.3614461576289845,0.309484119615387,14.133790254592896
6.3614461576289845,0.309484119615387,14.133790254592896
6.3614461576289845,0.309484119615387,14.133790254592896
6.3614461576289845,0.309484119615387,14.133790254592896
6.3614461576289845,0.309484119615387,14.133790254592896
6.539020481759565,0.2770224678445795,14.133790254592896
6.539020481759565,0.2770224678445795,14.133790254592896
6.539020481759565,0.2770224678445795,14.133790254592896
6.539020481759565,0.2770224678445795,14.133790254592896
6.539020481759565,0.2770224678445795,14.133790254592896
6.539020481759565,0.2770224678445795,14.133790254592896
6.539020481759565,0.2770224678445795,14.133790254592896
6.539020481759565,0.2770224678445795,14.133790254592896
6.77445661910235,0.19825484500678114,14.133790254592896
6.77445661910235,0.19825484500678114,14.133790254592896
6.77445661910235,0.19825484500678114,14.133790254592896
6.77445661910235,0.19825484500678114,14.133790254592896
6.77445661910235,0.19825484500678114,14.133790254592896
6.960406727074637,0.1508705466159186,14.133790254592896
6.960406727074637,0.1508705466159186,14.133790254592896
6.960406727074637,0.1508705466159186,14.133790254592896
6.960406727074637,0.1508705466159186,14.133790254592896
6.960406727074637,0.1508705466159186,14.133790254592896
6.960406727074637,0.1508705466159186,14.133790254592896
7.06055833547399,0.1238417831203005,14.133790254592896
7.06055833547399,0.1238417831203005,14.133790254592896
7.06055833547399,0.1238417831203005,14.133790254592896
7.06055833547399,0.1238417831203005,14.133790254592896
7.06055833547399,0.1238417831203005,14.133790254592896
7.229669056740346,0.07514753735312395,14.133790254592896
7.229669056740346,0.07514753735312395,14.133790254592896
7.229669056740346,0.07514753735312395,14.133790254592896
7.229669056740346,0.07514753735312395,14.133790254592896
7.3544582315444815,0.04656844739714934,14.133790254592896
7.3544582315444815,0.04656844739714934,14.133790254592896
7.3544582315444815,0.04656844739714934,14.133790254592896
7.3544582315444815,0.04656844739714934,14.133790254592896
7.3544582315444815,0.04656844739714934,14.133790254592896
7.400931900213312,0.03289617551503721,14.133790254592896
7.400931900213312,0.03289617551503721,14.133790254592896
7.400931900213312,0.03289617551503721,14.133790254592896
7.400931900213312,0.03289617551503721,14.133790254592896
7.400931900213312,0.03289617551503721,14.133790254592896
7.400931900213312,0.03289617551503721,14.133790254592896
7.594364052495165,0.002939412393109938,14.133790254592896
7.594364052495165,0.002939412393109938,14.133790254592896
7.594364052495165,0.002939412393109938,14.133790254592896
7.594364052495165,0.002939412393109938,14.133790254592896
7.594364052495165,0.002939412393109938,14.133790254592896
7.687169823570555,-0.016265524574973135,14.133790254592896
7.687169823570555,-0.016265524574973135,14.133790254592896
7.687169823570555,-0.016265524574973135,14.133790254592896
7.687169823570555,-0.016265524574973135,14.133790254592896
7.687169823570555,-0.016265524574973135,14.133790254592896
7.687169823570555,-0.016265524574973135,14.133790254592896
7.687169823570555,-0.016265524574973135,14.133790254592896
7.773431765987161,-0.04231510619176157,14.133790254592896
7.773431765987161,-0.04231510619176157,14.133790254592896
7.773431765987161,-0.04231510619176157,14.133790254592896
7.773431765987161,-0.04231510619176157,14.133790254592896
7.773431765987161,-0.04231510619176157,14.133790254592896
7.773431765987161,-0.04231510619176157,14.133790254592896
7.903477099353301,-0.034602330577698,14.133790254592896
7.903477099353301,-0.034602330577698,14.133790254592896
7.903477099353301,-0.034602330577698,14.133790254592896
7.903477099353301,-0.034602330577698,14.133790254592896
7.903477099353301,-0.034602330577698,14.133790254592896
7.903477099353301,-0.034602330577698,14.133790254592896
8.062971440943777,-0.06478344030038648,14.133790254592896
8.062971440943777,-0.06478344030038648,14.133790254592896
8.062971440943777,-0.06478344030038648,14.133790254592896
8.062971440943777,-0.06478344030038648,14.133790254592896
8.062971440943777,-0.06478344030038648,14.133790254592896
8.180805352345606,-0.06725718537832441,14.133790254592896
8.180805352345606,-0.06725718537832441,14.133790254592896
8.180805352345606,-0.06725718537832441,14.133790254592896
8.180805352345606,-0.06725718537832441,14.133790254592896
8.180805352345606,-0.06725718537832441,14.133790254592896
8.180805352345606,-0.06725718537832441,14.133790254592896
8.2595180253232,-0.05617424822608825,14.133790254592896
8.2595180253232,-0.05617424822608825,14.133790254592896
8.2595180253232,-0.05617424822608825,14.133790254592896
8.2595180253232,-0.05617424822608825,14.133790254592896
8.2595180253232,-0.05617424822608825,14.133790254592896
8.406216850592308,-0.035364499754153976,14.133790254592896
8.406216850592308,-0.035364499754153976,14.133790254592896
8.406216850592308,-0.035364499754153976,14.133790254592896
8.406216850592308,-0.035364499754153976,14.133790254592896
8.406216850592308,-0.035364499754153976,14.133790254592896
8.45137725021216,0.026105167860119877,14.133790254592896
8.45137725021216,0.026105167860119877,14.133790254592896
8.45137725021216,0.026105167860119877,14.133790254592896
8.45137725021216,0.026105167860119877,14.133790254592896
8.531347686713847,0.07986445882581193,14.133790254592896
8.531347686713847,0.07986445882581193,14.133790254592896
8.531347686713847,0.07986445882581193,14.133790254592896
8.531347686713847,0.07986445882581193,14.133790254592896
8.531347686713847,0.07986445882581193,14.133790254592896
8.546576275204462,0.10444696665659689,14.133790254592896
8.546576275204462,0.10444696665659689,14.133790254592896
8.546576275204462,0.10444696665659689,14.133790254592896
8.546576275204462,0.10444696665659689,14.133790254592896
8.546576275204462,0.10444696665659689,14.133790254592896
8.546576275204462,0.10444696665659689,14.133790254592896
8.546576275204462,0.10444696665659689,14.133790254592896
8.60353763955573,0.1436821098344644,14.133790254592896
8.60353763955573,0.1436821098344644,14.133790254592896
8.60353763955573,0.1436821098344644,14.133790254592896
8.60353763955573,0.1436821098344644,14.133790254592896
8.60353763955573,0.1436821098344644,14.133790254592896
8.665405921093459,0.2297709850449461,14.133790254592896
8.665405921093459,0.2297709850449461,14.133790254592896
8.665405921093459,0.2297709850449461,14.133790254592896
8.665405921093459,0.2297709850449461,14.133790254592896
8.665405921093459,0.2297709850449461,14.133790254592896
8.673738501831481,0.3098446655150052,14.133790254592896
8.673738501831481,0.3098446655150052,14.133790254592896
8.673738501831481,0.3098446655150052,14.133790254592896
8.673738501831481,0.3098446655150052,14.133790254592896
8.673738501831481,0.3098446655150052,14.133790254592896
8.69453645554012,0.4019692989840851,14.133790254592896
8.69453645554012,0.4019692989840851,14.133790254592896
8.69453645554012,0.4019692989840851,14.133790254592896
8.69453645554012,0.4019692989840851,14.133790254592896
8.69453645554012,0.4019692989840851,14.133790254592896
8.843629785063694,0.36381404428975583,14.133790254592896
8.843629785063694,0.36381404428975583,14.133790254592896
8.843629785063694,0.36381404428975583,14.133790254592896
8.843629785063694,0.36381404428975583,14.133790254592896
8.892132543659129,0.3313707095003441,14.133790254592896
8.892132543659129,0.3313707095003441,14.133790254592896
8.892132543659129,0.3313707095003441,14.133790254592896
8.892132543659129,0.3313707095003441,14.133790254592896
8.892132543659129,0.3313707095003441,14.133790254592896
8.907201566675845,0.3026528449603705,14.133790254592896
8.907201566675845,0.3026528449603705,14.133790254592896
8.907201566675845,0.3026528449603705,14.133790254592896
8.907201566675845,0.3026528449603705,14.133790254592896
8.907201566675845,0.3026528449603705,14.133790254592896
8.91212865673138,0.27251981073038795,14.133790254592896
8.91212865673138,0.27251981073038795,14.133790254592896
8.91212865673138,0.27251981073038795,14.133790254592896
8.91212865673138,0.27251981073038795,14.133790254592896
8.928699066543368,0.24663760111865576,14.133790254592896
8.928699066543368,0.24663760111865576,14.133790254592896
8.928699066543368,0.24663760111865576,14.133790254592896
8.928699066543368,0.24663760111865576,14.133790254592896
8.928699066543368,0.24663760111865576,14.133790254592896
8.941199008136284,0.22054587118699714,14.133790254592896
8.941199008136284,0.22054587118699714,14.133790254592896
8.941199008136284,0.22054587118699714,14.133790254592896
8.941199008136284,0.22054587118699714,14.133790254592896
8.941199008136284,0.22054587118699714,14.133790254592896
8.961394172109497,0.20187051712621895,14.133790254592896
8.961394172109497,0.20187051712621895,14.133790254592896
8.961394172109497,0.20187051712621895,14.133790254592896
8.961394172109497,0.20187051712621895,14.133790254592896
8.965628835869836,0.19031364888720842,14.133790254592896
8.965628835869836,0.19031364888720842,14.133790254592896
8.965628835869836,0.19031364888720842,14.133790254592896
8.965628835869836,0.19031364888720842,14.133790254592896
8.965628835869836,0.19031364888720842,14.133790254592896
8.974058508631513,0.19642631691091467,14.133790254592896
8.974058508631513,0.19642631691091467,14.133790254592896
8.974058508631513,0.19642631691091467,14.133790254592896
8.974058508631513,0.19642631691091467,14.133790254592896
8.989363300920658,0.22797546216219217,14.133790254592896
8.989363300920658,0.22797546216219217,14.133790254592896
8.989363300920658,0.22797546216219217,14.133790254592896
8.989363300920658,0.22797546216219217,14.133790254592896
8.989363300920658,0.22797546216219217,14.133790254592896
9.003115081099097,0.25405824887856643,14.133790254592896
9.003115081099097,0.25405824887856643,14.133790254592896
9.003115081099097,0.25405824887856643,14.133790254592896
9.003115081099097,0.25405824887856643,14.133790254592896
9.003115081099097,0.25405824887856643,14.133790254592896
9.00945928080613,0.24495935322853224,14.133790254592896
9.00945928080613,0.24495935322853224,14.133790254592896
9.00945928080613,0.24495935322853224,14.133790254592896
9.00945928080613,0.24495935322853224,14.133790254592896
9.005859601849522,0.24607678583734438,14.133790254592896
9.005859601849522,0.24607678583734438,14.133790254592896
9.005859601849522,0.24607678583734438,14.133790254592896
9.005859601849522,0.24607678583734438,14.133790254592896
9.005859601849522,0.24607678583734438,14.133790254592896
9.005859601849522,0.24607678583734438,14.133790254592896
9.005859601849522,0.24607678583734438,14.133790254592896
9.043993352623437,0.28234500212698854,14.133790254592896
9.043993352623437,0.28234500212698854,14.133790254592896
9.043993352623437,0.28234500212698854,14.133790254592896
9.043993352623437,0.28234500212698854,14.133790254592896
9.043993352623437,0.28234500212698854,14.133790254592896
9.043993352623437,0.28234500212698854,14.133790254592896
9.055465373981335,0.28292787536629277,14.133790254592896
9.055465373981335,0.28292787536629277,14.133790254592896
9.055465373981335,0.28292787536629277,14.133790254592896
9.055465373981335,0.28292787536629277,14.133790254592896
9.055465373981335,0.28292787536629277,14.133790254592896
9.088437380951916,0.30013731135607713,14.133790254592896
9.088437380951916,0.30013731135607713,14.133790254592896
9.088437380951916,0.30013731135607713,14.133790254592896
9.088437380951916,0.30013731135607713,14.133790254592896
9.088437380951916,0.30013731135607713,14.133790254592896
9.088437380951916,0.30013731135607713,14.133790254592896
9.106408710908857,0.3217266085807907,14.133790254592896
9.106408710908857,0.3217266085807907,14.133790254592896
9.106408710908857,0.3217266085807907,14.133790254592896
9.106408710908857,0.3217266085807907,14.133790254592896
9.106408710908857,0.3217266085807907,14.133790254592896
9.141230194065551,0.3315211836786298,14.133790254592896
9.141230194065551,0.3315211836786298,14.133790254592896
9.141230194065551,0.3315211836786298,14.133790254592896
9.141230194065551,0.3315211836786298,14.133790254592896
9.141230194065551,0.3315211836786298,14.133790254592896
9.141230194065551,0.3315211836786298,14.133790254592896
9.141230194065551,0.3315211836786298,14.133790254592896
9.168264531944132,0.35263073798710726,14.133790254592896
9.168264531944132,0.35263073798710726,14.133790254592896
9.168264531944132,0.35263073798710726,14.133790254592896
9.168264531944132,0.35263073798710726,14.133790254592896
9.168264531944132,0.35263073798710726,14.133790254592896
9.168264531944132,0.35263073798710726,14.133790254592896
9.19834570760816,0.3739473012310721,14.133790254592896
9.19834570760816,0.3739473012310721,14.133790254592896
9.19834570760816,0.3739473012310721,14.133790254592896
9.19834570760816,0.3739473012310721,14.133790254592896
9.19834570760816,0.3739473012310721,14.133790254592896
9.19834570760816,0.3739473012310721,14.133790254592896
9.217379032316629,0.3990056382059364,14.133790254592896
9.217379032316629,0.3990056382059364,14.133790254592896
9.217379032316629,0.3990056382059364,14.133790254592896
9.217379032316629,0.3990056382059364,14.133790254592896
9.217379032316629,0.3990056382059364,14.133790254592896
9.238310627264557,0.38833522575126217,14.133790254592896
9.238310627264557,0.38833522575126217,14.133790254592896
9.238310627264557,0.38833522575126217,14.133790254592896
9.238310627264557,0.38833522575126217,14.133790254592896
9.238310627264557,0.38833522575126217,14.133790254592896
9.268256283676306,0.4418642743608337,14.133790254592896
9.268256283676306,0.4418642743608337,14.133790254592896
9.268256283676306,0.4418642743608337,14.133790254592896
9.268256283676306,0.4418642743608337,14.133790254592896
9.268256283676306,0.4418642743608337,14.133790254592896
9.268256283676306,0.4418642743608337,14.133790254592896
9.257926136060268,0.4759519337022873,14.133790254592896
9.257926136060268,0.4759519337022873,14.133790254592896
9.257926136060268,0.4759519337022873,14.133790254592896
9.257926136060268,0.4759519337022873,14.133790254592896
9.257926136060268,0.4759519337022873,14.133790254592896
9.304385913545168,0.5147329252449135,14.133790254592896
9.304385913545168,0.5147329252449135,14.133790254592896
9.304385913545168,0.5147329252449135,14.133790254592896
9.304385913545168,0.5147329252449135,14.133790254592896
9.304385913545168,0.5147329252449135,14.133790254592896
9.304385913545168,0.5147329252449135,14.133790254592896
9.304385913545168,0.5147329252449135,14.133790254592896
9.304385913545168,0.5147329252449135,14.133790254592896
9.304385913545168,0.5147329252449135,14.133790254592896
9.296673058067165,0.5566685082941508,14.133790254592896
9.296673058067165,0.5566685082941508,14.133790254592896
9.296673058067165,0.5566685082941508,14.133790254592896
9.296673058067165,0.5566685082941508,14.133790254592896
9.34347612451371,0.5570360529800709,14.133790254592896
9.34347612451371,0.5570360529800709,14.133790254592896
9.34347612451371,0.5570360529800709,14.133790254592896
9.34347612451371,0.5570360529800709,14.133790254592896
9.34347612451371,0.5570360529800709,14.133790254592896
9.34347612451371,0.5570360529800709,14.133790254592896
9.345575663001837,0.6027973817320088,14.133790254592896
9.345575663001837,0.6027973817320088,14.133790254592896
9.345575663001837,0.6027973817320088,14.133790254592896
9.345575663001837,0.6027973817320088,14.133790254592896
9.345575663001837,0.6027973817320088,14.133790254592896
9.345575663001837,0.6027973817320088,14.133790254592896
9.362466119902646,0.6154397864732886,14.133790254592896
9.362466119902646,0.6154397864732886,14.133790254592896
9.362466119902646,0.6154397864732886,14.133790254592896
9.362466119902646,0.6154397864732886,14.133790254592896
9.362466119902646,0.6154397864732886,14.133790254592896
9.362466119902646,0.6154397864732886,14.133790254592896
9.371304002747866,0.6714033804602892,14.133790254592896
9.371304002747866,0.6714033804602892,14.133790254592896
9.371304002747866,0.6714033804602892,14.133790254592896
9.371304002747866,0.6714033804602892,14.133790254592896
9.371304002747866,0.6714033804602892,14.133790254592896
9.409214994146975,0.6982426124067846,14.133790254592896
9.409214994146975,0.6982426124067846,14.133790254592896
9.409214994146975,0.6982426124067846,14.133790254592896
9.409214994146975,0.6982426124067846,14.133790254592896
9.409214994146975,0.6982426124067846,14.133790254592896
9.379808426358954,0.7416757002051586,14.133790254592896
9.379808426358954,0.7416757002051586,14.133790254592896
9.379808426358954,0.7416757002051586,14.133790254592896
9.379808426358954,0.7416757002051586,14.133790254592896
9.379808426358954,0.7416757002051586,14.133790254592896
9.379808426358954,0.7416757002051586,14.133790254592896
9.4142348400003,0.7640217821359303,14.133790254592896
9.4142348400003,0.7640217821359303,14.133790254592896
9.4142348400003,0.7640217821359303,14.133790254592896
9.4142348400003,0.7640217821359303,14.133790254592896
9.4142348400003,0.7640217821359303,14.133790254592896
9.4142348400003,0.7640217821359303,14.133790254592896
9.4142348400003,0.7640217821359303,14.133790254592896
9.405112710657516,0.804785758001654,14.133790254592896
9.405112710657516,0.804785758001654,14.133790254592896
9.405112710657516,0.804785758001654,14.133790254592896
9.405112710657516,0.804785758001654,14.133790254592896
9.405112710657516,0.804785758001654,14.133790254592896
9.405112710657516,0.804785758001654,14.133790254592896
9.405112710657516,0.804785758001654,14.133790254592896
9.405112710657516,0.804785758001654,14.133790254592896
9.405112710657516,0.804785758001654,14.133790254592896
9.405112710657516,0.804785758001654,14.133790254592896
9.405112710657516,0.804785758001654,14.133790254592896
9.405112710657516,0.804785758001654,14.133790254592896
9.405112710657516,0.804785758001654,14.133790254592896
9.405112710657516,0.804785758001654,14.133790254592896
9.446684041977381,0.8464050100484052,14.133790254592896
9.446684041977381,0.8464050100484052,14.133790254592896
9.446684041977381,0.8464050100484052,14.133790254592896
9.446684041977381,0.8464050100484052,14.133790254592896
9.446684041977381,0.8464050100484052,14.133790254592896
9.446684041977381,0.8464050100484052,14.133790254592896
9.446684041977381,0.8464050100484052,14.133790254592896
9.446684041977381,0.8464050100484052,14.133790254592896
9.446684041977381,0.8464050100484052,14.133790254592896
9.446684041977381,0.8464050100484052,14.133790254592896
9.454113093082542,0.9347248480665973,14.133790254592896
9.454113093082542,0.9347248480665973,14.133790254592896
9.454113093082542,0.9347248480665973,14.133790254592896
9.454113093082542,0.9347248480665973,14.133790254592896
9.454113093082542,0.9347248480665973,14.133790254592896
9.454113093082542,0.9347248480665973,14.133790254592896
9.454113093082542,0.9347248480665973,14.133790254592896
9.454113093082542,0.9347248480665973,14.133790254592896
9.454113093082542,0.9347248480665973,14.133790254592896
9.454113093082542,0.9347248480665973,14.133790254592896
9.454113093082542,0.9347248480665973,14.133790254592896
9.454113093082542,0.9347248480665973,14.133790254592896
9.462347319721575,0.9966796439157029,14.133790254592896
9.462347319721575,0.9966796439157029,14.133790254592896
9.462347319721575,0.9966796439157029,14.133790254592896
9.462347319721575,0.9966796439157029,14.133790254592896
9.462347319721575,0.9966796439157029,14.133790254592896
9.462347319721575,0.9966796439157029,14.133790254592896
9.462347319721575,0.9966796439157029,14.133790254592896
9.462347319721575,0.9966796439157029,14.133790254592896
9.46724974266768,1.06784613836739,14.133790254592896
9.46724974266768,1.06784613836739,14.133790254592896
9.46724974266768,1.06784613836739,14.133790254592896
9.46724974266768,1.06784613836739,14.133790254592896
9.46724974266768,1.06784613836739,14.133790254592896
9.46724974266768,1.06784613836739,14.133790254592896
9.46724974266768,1.06784613836739,14.133790254592896
9.46724974266768,1.06784613836739,14.133790254592896
9.46724974266768,1.06784613836739,14.133790254592896
9.46724974266768,1.06784613836739,14.133790254592896
9.46724974266768,1.06784613836739,14.133790254592896
9.46591763391737,1.1132628939144051,14.133790254592896
9.46591763391737,1.1132628939144051,14.133790254592896
9.46591763391737,1.1132628939144051,14.133790254592896
9.46591763391737,1.1132628939144051,14.133790254592896
9.46591763391737,1.1132628939144051,14.133790254592896
9.46591763391737,1.1132628939144051,14.133790254592896
9.46591763391737,1.1132628939144051,14.133790254592896
9.46591763391737,1.1132628939144051,14.133790254592896
9.46591763391737,1.1132628939144051,14.133790254592896
9.46591763391737,1.1132628939144051,14.133790254592896
9.479211882301922,1.201139645008304,14.133790254592896
9.479211882301922,1.201139645008304,14.133790254592896
9.479211882301922,1.201139645008304,14.133790254592896
9.479211882301922,1.201139645008304,14.133790254592896
9.479211882301922,1.201139645008304,14.133790254592896
9.489584915815653,1.2703629342623273,14.133790254592896
9.489584915815653,1.2703629342623273,14.133790254592896
9.489584915815653,1.2703629342623273,14.133790254592896
9.489584915815653,1.2703629342623273,14.133790254592896
9.489584915815653,1.2703629342623273,14.133790254592896
9.473359013620442,1.3117787584538434,14.133790254592896
9.473359013620442,1.3117787584538434,14.133790254592896
9.473359013620442,1.3117787584538434,14.133790254592896
9.473359013620442,1.3117787584538434,14.133790254592896
9.473359013620442,1.3117787584538434,14.133790254592896
9.480052781396646,1.3481669188596042,14.133790254592896
9.480052781396646,1.3481669188596042,14.133790254592896
9.480052781396646,1.3481669188596042,14.133790254592896
9.480052781396646,1.3481669188596042,14.133790254592896
9.480052781396646,1.3481669188596042,14.133790254592896
9.480052781396646,1.3481669188596042,14.133790254592896
9.449901172346033,1.3974269485953583,14.133790254592896
9.449901172346033,1.3974269485953583,14.133790254592896
9.449901172346033,1.3974269485953583,14.133790254592896
9.449901172346033,1.3974269485953583,14.133790254592896
9.449901172346033,1.3974269485953583,14.133790254592896
9.447237807728106,1.4570916212270708,14.133790254592896
9.447237807728106,1.4570916212270708,14.133790254592896
9.447237807728106,1.4570916212270708,14.133790254592896
9.447237807728106,1.4570916212270708,14.133790254592896
9.423762014084154,1.5137942598401655,14.133790254592896
9.423762014084154,1.5137942598401655,14.133790254592896
9.423762014084154,1.5137942598401655,14.133790254592896
9.423762014084154,1.5137942598401655,14.133790254592896
9.423762014084154,1.5137942598401655,14.133790254592896
9.423762014084154,1.5137942598401655,14.133790254592896
9.423762014084154,1.5137942598401655,14.133790254592896
9.423762014084154,1.5137942598401655,14.133790254592896
9.423762014084154,1.5137942598401655,14.133790254592896
9.423762014084154,1.5137942598401655,14.133790254592896
9.423762014084154,1.5137942598401655,14.133790254592896
9.423762014084154,1.5137942598401655,14.133790254592896
9.453461229150687,1.55804382132933,14.133790254592896
9.453461229150687,1.55804382132933,14.133790254592896
9.453461229150687,1.55804382132933,14.133790254592896
9.453461229150687,1.55804382132933,14.133790254592896
9.453461229150687,1.55804382132933,14.133790254592896
9.453461229150687,1.55804382132933,14.133790254592896
9.453461229150687,1.55804382132933,14.133790254592896
9.453461229150687,1.55804382132933,14.133790254592896
9.453461229150687,1.55804382132933,14.133790254592896
9.453461229150687,1.55804382132933,14.133790254592896
9.453461229150687,1.55804382132933,14.133790254592896
9.463918799009077,1.7141796780073608,14.133790254592896
9.463918799009077,1.7141796780073608,14.133790254592896
9.463918799009077,1.7141796780073608,14.133790254592896
9.463918799009077,1.7141796780073608,14.133790254592896
9.463918799009077,1.7141796780073608,14.133790254592896
9.463918799009077,1.7141796780073608,14.133790254592896
9.453094410695327,1.8600894042118405,14.133790254592896
9.453094410695327,1.8600894042118405,14.133790254592896
9.453094410695327,1.8600894042118405,14.133790254592896
9.453094410695327,1.8600894042118405,14.133790254592896
9.453094410695327,1.8600894042118405,14.133790254592896
9.453094410695327,1.8600894042118405,14.133790254592896
9.453094410695327,1.8600894042118405,14.133790254592896
9.453094410695327,1.8600894042118405,14.133790254592896
9.453094410695327,1.8600894042118405,14.133790254592896
9.435948712097979,1.9413989982429047,14.133790254592896
9.435948712097979,1.9413989982429047,14.133790254592896
9.435948712097979,1.9413989982429047,14.133790254592896
9.435948712097979,1.9413989982429047,14.133790254592896
9.435948712097979,1.9413989982429047,14.133790254592896
9.435948712097979,1.9413989982429047,14.133790254592896
9.435948712097979,1.9413989982429047,14.133790254592896
9.435948712097979,1.9413989982429047,14.133790254592896
9.435948712097979,1.9413989982429047,14.133790254592896
9.440426630798639,2.1238525281956506,14.133790254592896
9.440426630798639,2.1238525281956506,14.133790254592896
9.440426630798639,2.1238525281956506,14.133790254592896
9.440426630798639,2.1238525281956506,14.133790254592896
9.440426630798639,2.1238525281956506,14.133790254592896
9.440426630798639,2.1238525281956506,14.133790254592896
9.440426630798639,2.1238525281956506,14.133790254592896
9.42997911295859,2.270084336508569,14.133790254592896
9.42997911295859,2.270084336508569,14.133790254592896
9.42997911295859,2.270084336508569,14.133790254592896
9.42997911295859,2.270084336508569,14.133790254592896
9.42997911295859,2.270084336508569,14.133790254592896
9.42997911295859,2.270084336508569,14.133790254592896
9.42997911295859,2.270084336508569,14.133790254592896
9.42997911295859,2.270084336508569,14.133790254592896
9.424570320021429,2.403892837893126,14.133790254592896
9.424570320021429,2.403892837893126,14.133790254592896
9.424570320021429,2.403892837893126,14.133790254592896
9.424570320021429,2.403892837893126,14.133790254592896
9.424570320021429,2.403892837893126,14.133790254592896
9.424570320021429,2.403892837893126,14.133790254592896
9.424570320021429,2.403892837893126,14.133790254592896
9.424570320021429,2.403892837893126,14.133790254592896
9.424570320021429,2.403892837893126,14.133790254592896
9.424050036640761,2.560067739370284,14.133790254592896
9.424050036640761,2.560067739370284,14.133790254592896
9.424050036640761,2.560067739370284,14.133790254592896
9.424050036640761,2.560067739370284,14.133790254592896
9.424050036640761,2.560067739370284,14.133790254592896
9.424050036640761,2.560067739370284,14.133790254592896
9.424050036640761,2.560067739370284,14.133790254592896
9.424050036640761,2.560067739370284,14.133790254592896
9.424050036640761,2.560067739370284,14.133790254592896
9.424050036640761,2.560067739370284,14.133790254592896
9.424050036640761,2.560067739370284,14.133790254592896
9.424050036640761,2.560067739370284,14.133790254592896
9.424050036640761,2.560067739370284,14.133790254592896
9.424050036640761,2.560067739370284,14.133790254592896
9.424050036640761,2.560067739370284,14.133790254592896
9.443815231756174,2.7801917004307457,14.133790254592896
9.443815231756174,2.7801917004307457,14.133790254592896
9.443815231756174,2.7801917004307457,14.133790254592896
9.443815231756174,2.7801917004307457,14.133790254592896
9.443815231756174,2.7801917004307457,14.133790254592896
9.443815231756174,2.7801917004307457,14.133790254592896
9.443815231756174,2.7801917004307457,14.133790254592896
9.443815231756174,2.7801917004307457,14.133790254592896
9.443815231756174,2.7801917004307457,14.133790254592896
9.443815231756174,2.7801917004307457,14.133790254592896
9.443815231756174,2.7801917004307457,14.133790254592896
9.443815231756174,2.7801917004307457,14.133790254592896
9.443815231756174,2.7801917004307457,14.133790254592896
9.443815231756174,2.7801917004307457,14.133790254592896
9.462927941431532,3.137649484387795,14.133790254592896
9.462927941431532,3.137649484387795,14.133790254592896
9.462927941431532,3.137649484387795,14.133790254592896
9.462927941431532,3.137649484387795,14.133790254592896
9.462927941431532,3.137649484387795,14.133790254592896
9.462927941431532,3.137649484387795,14.133790254592896
9.462927941431532,3.137649484387795,14.133790254592896
9.462927941431532,3.137649484387795,14.133790254592896
9.462927941431532,3.137649484387795,14.133790254592896
9.462927941431532,3.137649484387795,14.133790254592896
9.462927941431532,3.137649484387795,14.133790254592896
9.462927941431532,3.137649484387795,14.133790254592896
9.462927941431532,3.137649484387795,14.133790254592896
9.513037731974984,3.514960259247026,14.133790254592896
9.513037731974984,3.514960259247026,14.133790254592896
9.513037731974984,3.514960259247026,14.133790254592896
9.513037731974984,3.514960259247026,14.133790254592896
9.513037731974984,3.514960259247026,14.133790254592896
9.513037731974984,3.514960259247026,14.133790254592896
9.513037731974984,3.514960259247026,14.133790254592896
9.513037731974984,3.514960259247026,14.133790254592896
9.513037731974984,3.514960259247026,14.133790254592896
9.513037731974984,3.514960259247026,14.133790254592896
9.513037731974984,3.514960259247026,14.133790254592896
9.513037731974984,3.514960259247026,14.133790254592896
9.513037731974984,3.514960259247026,14.133790254592896
9.532453189910935,3.8755525094533274,14.133790254592896
9.532453189910935,3.8755525094533274,14.133790254592896
9.532453189910935,3.8755525094533274,14.133790254592896
9.532453189910935,3.8755525094533274,14.133790254592896
9.532453189910935,3.8755525094533274,14.133790254592896
9.532453189910935,3.8755525094533274,14.133790254592896
9.532453189910935,3.8755525094533274,14.133790254592896
9.532453189910935,3.8755525094533274,14.133790254592896
9.532453189910935,3.8755525094533274,14.133790254592896
9.532453189910935,3.8755525094533274,14.133790254592896
9.532453189910935,3.8755525094533274,14.133790254592896
9.532453189910935,3.8755525094533274,14.133790254592896
9.532453189910935,3.8755525094533274,14.133790254592896
9.532453189910935,3.8755525094533274,14.133790254592896
9.532453189910935,3.8755525094533274,14.133790254592896
9.574433149250577,4.259357658303014,14.133790254592896
9.574433149250577,4.259357658303014,14.133790254592896
9.574433149250577,4.259357658303014,14.133790254592896
9.574433149250577,4.259357658303014,14.133790254592896
9.574433149250577,4.259357658303014,14.133790254592896
9.574433149250577,4.259357658303014,14.133790254592896
9.574433149250577,4.259357658303014,14.133790254592896
9.574433149250577,4.259357658303014,14.133790254592896
9.574433149250577,4.259357658303014,14.133790254592896
9.574433149250577,4.259357658303014,14.133790254592896
9.574433149250577,4.259357658303014,14.133790254592896
9.574433149250577,4.259357658303014,14.133790254592896
9.62513127982674,4.816543693487069,14.133790254592896
9.62513127982674,4.816543693487069,14.133790254592896
9.62513127982674,4.816543693487069,14.133790254592896
9.62513127982674,4.816543693487069,14.133790254592896
9.62513127982674,4.816543693487069,14.133790254592896
9.62513127982674,4.816543693487069,14.133790254592896
9.62513127982674,4.816543693487069,14.133790254592896
9.62513127982674,4.816543693487069,14.133790254592896
9.660107743755848,5.144132273089834,14.133790254592896
9.660107743755848,5.144132273089834,14.133790254592896
9.660107743755848,5.144132273089834,14.133790254592896
9.660107743755848,5.144132273089834,14.133790254592896
9.660107743755848,5.144132273089834,14.133790254592896
9.660107743755848,5.144132273089834,14.133790254592896
9.68988678471878,5.387923899759493,14.133790254592896
9.68988678471878,5.387923899759493,14.133790254592896
9.68988678471878,5.387923899759493,14.133790254592896
9.68988678471878,5.387923899759493,14.133790254592896
9.68988678471878,5.387923899759493,14.133790254592896
9.702882334913596,5.634159967104425,14.133790254592896
9.702882334913596,5.634159967104425,14.133790254592896
9.702882334913596,5.634159967104425,14.133790254592896
9.702882334913596,5.634159967104425,14.133790254592896
9.702882334913596,5.634159967104425,14.133790254592896
9.702882334913596,5.634159967104425,14.133790254592896
9.702882334913596,5.634159967104425,14.133790254592896
9.728383952914173,5.805914856627763,14.133790254592896
9.728383952914173,5.805914856627763,14.133790254592896
9.728383952914173,5.805914856627763,14.133790254592896
9.728383952914173,5.805914856627763,14.133790254592896
9.728383952914173,5.805914856627763,14.133790254592896
9.728383952914173,5.805914856627763,14.133790254592896
9.728383952914173,5.805914856627763,14.133790254592896
9.728383952914173,5.805914856627763,14.133790254592896
9.728383952914173,5.805914856627763,14.133790254592896
9.728383952914173,5.805914856627763,14.133790254592896
9.728383952914173,5.805914856627763,14.133790254592896
9.762059443189278,6.05623311138904,14.133790254592896
9.762059443189278,6.05623311138904,14.133790254592896
9.762059443189278,6.05623311138904,14.133790254592896
9.762059443189278,6.05623311138904,14.133790254592896
9.762059443189278,6.05623311138904,14.133790254592896
9.762059443189278,6.05623311138904,14.133790254592896
9.762059443189278,6.05623311138904,14.133790254592896
9.762059443189278,6.05623311138904,14.133790254592896
9.762059443189278,6.05623311138904,14.133790254592896
9.762059443189278,6.05623311138904,14.133790254592896
9.762059443189278,6.05623311138904,14.133790254592896
9.79249123394478,6.400937664734968,14.133790254592896
9.79249123394478,6.400937664734968,14.133790254592896
9.79249123394478,6.400937664734968,14.133790254592896
9.79249123394478,6.400937664734968,14.133790254592896
9.79249123394478,6.400937664734968,14.133790254592896
9.79249123394478,6.400937664734968,14.133790254592896
9.79249123394478,6.400937664734968,14.133790254592896
9.79249123394478,6.400937664734968,14.133790254592896
9.79249123394478,6.400937664734968,14.133790254592896
9.8329500857938,6.7270241055958735,14.133790254592896
9.8329500857938,6.7270241055958735,14.133790254592896
9.8329500857938,6.7270241055958735,14.133790254592896
9.8329500857938,6.7270241055958735,14.133790254592896
9.8329500857938,6.7270241055958735,14.133790254592896
9.8329500857938,6.7270241055958735,14.133790254592896
9.8329500857938,6.7270241055958735,14.133790254592896
9.8329500857938,6.7270241055958735,14.133790254592896
9.8329500857938,6.7270241055958735,14.133790254592896
9.8329500857938,6.7270241055958735,14.133790254592896
9.8329500857938,6.7270241055958735,14.133790254592896
9.8329500857938,6.7270241055958735,14.133790254592896
9.8329500857938,6.7270241055958735,14.133790254592896
9.873622992859584,7.039669284185317,14.133790254592896
9.873622992859584,7.039669284185317,14.133790254592896
9.873622992859584,7.039669284185317,14.133790254592896
9.873622992859584,7.039669284185317,14.133790254592896
9.873622992859584,7.039669284185317,14.133790254592896
9.873622992859584,7.039669284185317,14.133790254592896
9.873622992859584,7.039669284185317,14.133790254592896
9.873622992859584,7.039669284185317,14.133790254592896
9.873622992859584,7.039669284185317,14.133790254592896
9.873622992859584,7.039669284185317,14.133790254592896
9.913128693486408,7.40846330826186,14.133790254592896
9.913128693486408,7.40846330826186,14.133790254592896
9.913128693486408,7.40846330826186,14.133790254592896
9.913128693486408,7.40846330826186,14.133790254592896
9.913128693486408,7.40846330826186,14.133790254592896
9.913128693486408,7.40846330826186,14.133790254592896
9.913128693486408,7.40846330826186,14.133790254592896
9.913128693486408,7.40846330826186,14.133790254592896
9.913128693486408,7.40846330826186,14.133790254592896
9.913128693486408,7.40846330826186,14.133790254592896
9.913128693486408,7.40846330826186,14.133790254592896
9.913128693486408,7.40846330826186,14.133790254592896
9.913128693486408,7.40846330826186,14.133790254592896
9.919211498148035,7.664523454460872,14.133790254592896
9.919211498148035,7.664523454460872,14.133790254592896
9.919211498148035,7.664523454460872,14.133790254592896
9.919211498148035,7.664523454460872,14.133790254592896
9.919211498148035,7.664523454460872,14.133790254592896
9.919211498148035,7.664523454460872,14.133790254592896
9.919211498148035,7.664523454460872,14.133790254592896
9.919211498148035,7.664523454460872,14.133790254592896
9.919211498148035,7.664523454460872,14.133790254592896
9.915208184317427,7.986155092769499,14.133790254592896
9.915208184317427,7.986155092769499,14.133790254592896
9.915208184317427,7.986155092769499,14.133790254592896
9.915208184317427,7.986155092769499,14.133790254592896
9.915208184317427,7.986155092769499,14.133790254592896
9.915208184317427,7.986155092769499,14.133790254592896
9.915208184317427,7.986155092769499,14.133790254592896
9.915208184317427,7.986155092769499,14.133790254592896
9.88275163269471,8.198063910837522,14.133790254592896
9.88275163269471,8.198063910837522,14.133790254592896
9.88275163269471,8.198063910837522,14.133790254592896
9.88275163269471,8.198063910837522,14.133790254592896
9.88275163269471,8.198063910837522,14.133790254592896
9.88275163269471,8.198063910837522,14.133790254592896
9.822525160585695,8.372031107285297,14.133790254592896
9.822525160585695,8.372031107285297,14.133790254592896
9.822525160585695,8.372031107285297,14.133790254592896
9.822525160585695,8.372031107285297,14.133790254592896
9.822525160585695,8.372031107285297,14.133790254592896
9.822525160585695,8.372031107285297,14.133790254592896
9.74051956014964,8.51820755327813,14.133790254592896
9.74051956014964,8.51820755327813,14.133790254592896
9.74051956014964,8.51820755327813,14.133790254592896
9.74051956014964,8.51820755327813,14.133790254592896
9.74051956014964,8.51820755327813,14.133790254592896
9.649844046578913,8.57657661870611,14.133790254592896
9.649844046578913,8.57657661870611,14.133790254592896
9.649844046578913,8.57657661870611,14.133790254592896
9.649844046578913,8.57657661870611,14.133790254592896
9.649844046578913,8.57657661870611,14.133790254592896
9.649844046578913,8.57657661870611,14.133790254592896
9.649844046578913,8.57657661870611,14.133790254592896
9.649844046578913,8.57657661870611,14.133790254592896
9.596911098219232,8.624109852541146,14.133790254592896
9.596911098219232,8.624109852541146,14.133790254592896
9.596911098219232,8.624109852541146,14.133790254592896
9.596911098219232,8.624109852541146,14.133790254592896
9.596911098219232,8.624109852541146,14.133790254592896
9.596911098219232,8.624109852541146,14.133790254592896
9.596911098219232,8.624109852541146,14.133790254592896
9.461109814979745,8.696905544742366,14.133790254592896
9.461109814979745,8.696905544742366,14.133790254592896
9.461109814979745,8.696905544742366,14.133790254592896
9.461109814979745,8.696905544742366,14.133790254592896
9.461109814979745,8.696905544742366,14.133790254592896
9.269156360719219,8.75572220111657,14.133790254592896
9.269156360719219,8.75572220111657,14.133790254592896
9.269156360719219,8.75572220111657,14.133790254592896
9.269156360719219,8.75572220111657,14.133790254592896
9.269156360719219,8.75572220111657,14.133790254592896
9.269156360719219,8.75572220111657,14.133790254592896
9.210008490396604,8.75231621329542,14.133790254592896
9.210008490396604,8.75231621329542,14.133790254592896
9.210008490396604,8.75231621329542,14.133790254592896
9.210008490396604,8.75231621329542,14.133790254592896
9.210008490396604,8.75231621329542,14.133790254592896
9.210008490396604,8.75231621329542,14.133790254592896
9.141757427821851,8.73508102778134,14.133790254592896
9.141757427821851,8.73508102778134,14.133790254592896
9.141757427821851,8.73508102778134,14.133790254592896
9.141757427821851,8.73508102778134,14.133790254592896
9.141757427821851,8.73508102778134,14.133790254592896
8.962757927103775,8.718970297011786,14.133790254592896
8.962757927103775,8.718970297011786,14.133790254592896
8.962757927103775,8.718970297011786,14.133790254592896
8.962757927103775,8.718970297011786,14.133790254592896
8.962757927103775,8.718970297011786,14.133790254592896
8.962757927103775,8.718970297011786,14.133790254592896
8.962757927103775,8.718970297011786,14.133790254592896
8.962757927103775,8.718970297011786,14.133790254592896
8.890035199956424,8.670222764011363,14.133790254592896
8.890035199956424,8.670222764011363,14.133790254592896
8.890035199956424,8.670222764011363,14.133790254592896
8.890035199956424,8.670222764011363,14.133790254592896
8.890035199956424,8.670222764011363,14.133790254592896
8.890035199956424,8.670222764011363,14.133790254592896
8.890035199956424,8.670222764011363,14.133790254592896
8.890035199956424,8.670222764011363,14.133790254592896
8.762547937764628,8.6384596865043,14.133790254592896
8.762547937764628,8.6384596865043,14.133790254592896
8.762547937764628,8.6384596865043,14.133790254592896
8.762547937764628,8.6384596865043,14.133790254592896
8.762547937764628,8.6384596865043,14.133790254592896
8.762547937764628,8.6384596865043,14.133790254592896
8.762547937764628,8.6384596865043,14.133790254592896
8.762547937764628,8.6384596865043,14.133790254592896
8.66922357397436,8.580568936316949,14.133790254592896
8.66922357397436,8.580568936316949,14.133790254592896
8.66922357397436,8.580568936316949,14.133790254592896
8.66922357397436,8.580568936316949,14.133790254592896
8.66922357397436,8.580568936316949,14.133790254592896
8.66922357397436,8.580568936316949,14.133790254592896
8.66922357397436,8.580568936316949,14.133790254592896
8.554580397974982,8.530260318157298,14.133790254592896
8.554580397974982,8.530260318157298,14.133790254592896
8.554580397974982,8.530260318157298,14.133790254592896
8.554580397974982,8.530260318157298,14.133790254592896
8.554580397974982,8.530260318157298,14.133790254592896
8.468904766839168,8.476956473587638,14.133790254592896
8.468904766839168,8.476956473587638,14.133790254592896
8.468904766839168,8.476956473587638,14.133790254592896
8.468904766839168,8.476956473587638,14.133790254592896
8.468904766839168,8.476956473587638,14.133790254592896
8.468904766839168,8.476956473587638,14.133790254592896
8.414194602904374,8.422522492715768,14.133790254592896
8.414194602904374,8.422522492715768,14.133790254592896
8.414194602904374,8.422522492715768,14.133790254592896
8.414194602904374,8.422522492715768,14.133790254592896
8.414194602904374,8.422522492715768,14.133790254592896
8.414194602904374,8.422522492715768,14.133790254592896
8.3300356525463,8.362609133189858,14.133790254592896
8.3300356525463,8.362609133189858,14.133790254592896
8.3300356525463,8.362609133189858,14.133790254592896
8.3300356525463,8.362609133189858,14.133790254592896
8.3300356525463,8.362609133189858,14.133790254592896
8.3300356525463,8.362609133189858,14.133790254592896
8.27741501784365,8.325050180139366,14.133790254592896
8.27741501784365,8.325050180139366,14.133790254592896
8.27741501784365,8.325050180139366,14.133790254592896
8.27741501784365,8.325050180139366,14.133790254592896
8.27741501784365,8.325050180139366,14.133790254592896
8.27741501784365,8.325050180139366,14.133790254592896
8.208408392709376,8.287203402438143,14.133790254592896
8.208408392709376,8.287203402438143,14.133790254592896
8.208408392709376,8.287203402438143,14.133790254592896
8.208408392709376,8.287203402438143,14.133790254592896
8.208408392709376,8.287203402438143,14.133790254592896
8.208408392709376,8.287203402438143,14.133790254592896
8.208408392709376,8.287203402438143,14.133790254592896
8.208408392709376,8.287203402438143,14.133790254592896
8.190686473065453,8.269033662419123,14.133790254592896
8.190686473065453,8.269033662419123,14.133790254592896
8.190686473065453,8.269033662419123,14.133790254592896
8.190686473065453,8.269033662419123,14.133790254592896
8.190686473065453,8.269033662419123,14.133790254592896
8.190686473065453,8.269033662419123,14.133790254592896
8.109828152400551,8.249934832215068,14.133790254592896
8.109828152400551,8.249934832215068,14.133790254592896
8.109828152400551,8.249934832215068,14.133790254592896
8.109828152400551,8.249934832215068,14.133790254592896
8.109828152400551,8.249934832215068,14.133790254592896
8.109828152400551,8.249934832215068,14.133790254592896
8.057916997965924,8.257369744730864,14.133790254592896
8.057916997965924,8.257369744730864,14.133790254592896
8.057916997965924,8.257369744730864,14.133790254592896
8.057916997965924,8.257369744730864,14.133790254592896
8.057916997965924,8.257369744730864,14.133790254592896
8.057916997965924,8.257369744730864,14.133790254592896
7.984405941339277,8.256009926225358,14.133790254592896
7.984405941339277,8.256009926225358,14.133790254592896
7.984405941339277,8.256009926225358,14.133790254592896
7.984405941339277,8.256009926225358,14.133790254592896
7.984405941339277,8.256009926225358,14.133790254592896
7.984405941339277,8.256009926225358,14.133790254592896
7.984405941339277,8.256009926225358,14.133790254592896
7.984405941339277,8.256009926225358,14.133790254592896
7.941752853055167,8.249875950078033,14.133790254592896
7.941752853055167,8.249875950078033,14.133790254592896
7.941752853055167,8.249875950078033,14.133790254592896
7.941752853055167,8.249875950078033,14.133790254592896
7.941752853055167,8.249875950078033,14.133790254592896
7.941752853055167,8.249875950078033,14.133790254592896
7.941752853055167,8.249875950078033,14.133790254592896
7.822953375841707,8.29419557918022,14.133790254592896
7.822953375841707,8.29419557918022,14.133790254592896
7.822953375841707,8.29419557918022,14.133790254592896
7.822953375841707,8.29419557918022,14.133790254592896
7.822953375841707,8.29419557918022,14.133790254592896
7.822953375841707,8.29419557918022,14.133790254592896
7.822953375841707,8.29419557918022,14.133790254592896
7.822953375841707,8.29419557918022,14.133790254592896
7.691543628532105,8.313421612179608,14.133790254592896
7.691543628532105,8.313421612179608,14.133790254592896
7.691543628532105,8.313421612179608,14.133790254592896
7.691543628532105,8.313421612179608,14.133790254592896
7.691543628532105,8.313421612179608,14.133790254592896
7.691543628532105,8.313421612179608,14.133790254592896
7.691543628532105,8.313421612179608,14.133790254592896
7.691543628532105,8.313421612179608,14.133790254592896
7.691543628532105,8.313421612179608,14.133790254592896
7.618335412501341,8.342503405610984,14.133790254592896
7.618335412501341,8.342503405610984,14.133790254592896
7.618335412501341,8.342503405610984,14.133790254592896
7.618335412501341,8.342503405610984,14.133790254592896
7.618335412501341,8.342503405610984,14.133790254592896
7.618335412501341,8.342503405610984,14.133790254592896
7.618335412501341,8.342503405610984,14.133790254592896
7.459346966040343,8.373766734731934,14.133790254592896
7.459346966040343,8.373766734731934,14.133790254592896
7.459346966040343,8.373766734731934,14.133790254592896
7.459346966040343,8.373766734731934,14.133790254592896
7.459346966040343,8.373766734731934,14.133790254592896
7.459346966040343,8.373766734731934,14.133790254592896
7.459346966040343,8.373766734731934,14.133790254592896
7.459346966040343,8.373766734731934,14.133790254592896
7.459346966040343,8.373766734731934,14.133790254592896
7.326680938586735,8.408407505670354,14.133790254592896
7.326680938586735,8.408407505670354,14.133790254592896
7.326680938586735,8.408407505670354,14.133790254592896
7.326680938586735,8.408407505670354,14.133790254592896
7.326680938586735,8.408407505670354,14.133790254592896
7.326680938586735,8.408407505670354,14.133790254592896
7.326680938586735,8.408407505670354,14.133790254592896
7.326680938586735,8.408407505670354,14.133790254592896
7.179972068598698,8.443144059159135,14.133790254592896
7.179972068598698,8.443144059159135,14.133790254592896
7.179972068598698,8.443144059159135,14.133790254592896
7.179972068598698,8.443144059159135,14.133790254592896
7.179972068598698,8.443144059159135,14.133790254592896
7.179972068598698,8.443144059159135,14.133790254592896
7.179972068598698,8.443144059159135,14.133790254592896
7.179972068598698,8.443144059159135,14.133790254592896
7.003927118325089,8.464940347477945,14.133790254592896
7.003927118325089,8.464940347477945,14.133790254592896
7.003927118325089,8.464940347477945,14.133790254592896
7.003927118325089,8.464940347477945,14.133790254592896
7.003927118325089,8.464940347477945,14.133790254592896
7.003927118325089,8.464940347477945,14.133790254592896
7.003927118325089,8.464940347477945,14.133790254592896
7.003927118325089,8.464940347477945,14.133790254592896
7.003927118325089,8.464940347477945,14.133790254592896
6.858757262829405,8.495363345088531,14.133790254592896
6.858757262829405,8.495363345088531,14.133790254592896
6.858757262829405,8.495363345088531,14.133790254592896
6.858757262829405,8.495363345088531,14.133790254592896
6.858757262829405,8.495363345088531,14.133790254592896
6.858757262829405,8.495363345088531,14.133790254592896
6.858757262829405,8.495363345088531,14.133790254592896
6.858757262829405,8.495363345088531,14.133790254592896
6.713309600420246,8.529099942009054,14.133790254592896
6.713309600420246,8.529099942009054,14.133790254592896
6.713309600420246,8.529099942009054,14.133790254592896
6.713309600420246,8.529099942009054,14.133790254592896
6.713309600420246,8.529099942009054,14.133790254592896
6.713309600420246,8.529099942009054,14.133790254592896
6.713309600420246,8.529099942009054,14.133790254592896
6.713309600420246,8.529099942009054,14.133790254592896
6.5206159599455855,8.526457516909494,14.133790254592896
6.5206159599455855,8.526457516909494,14.133790254592896
6.5206159599455855,8.526457516909494,14.133790254592896
6.5206159599455855,8.526457516909494,14.133790254592896
6.5206159599455855,8.526457516909494,14.133790254592896
6.5206159599455855,8.526457516909494,14.133790254592896
6.5206159599455855,8.526457516909494,14.133790254592896
6.5206159599455855,8.526457516909494,14.133790254592896
6.5206159599455855,8.526457516909494,14.133790254592896
6.5206159599455855,8.526457516909494,14.133790254592896
6.5206159599455855,8.526457516909494,14.133790254592896
6.3653625029898295,8.529815557102333,14.133790254592896
6.3653625029898295,8.529815557102333,14.133790254592896
6.3653625029898295,8.529815557102333,14.133790254592896
6.3653625029898295,8.529815557102333,14.133790254592896
6.3653625029898295,8.529815557102333,14.133790254592896
6.3653625029898295,8.529815557102333,14.133790254592896
6.3653625029898295,8.529815557102333,14.133790254592896
6.3653625029898295,8.529815557102333,14.133790254592896
6.3653625029898295,8.529815557102333,14.133790254592896
6.3653625029898295,8.529815557102333,14.133790254592896
6.3653625029898295,8.529815557102333,14.133790254592896
6.3653625029898295,8.529815557102333,14.133790254592896
6.3653625029898295,8.529815557102333,14.133790254592896
6.122792889812161,8.561519007207174,14.133790254592896
6.122792889812161,8.561519007207174,14.133790254592896
6.122792889812161,8.561519007207174,14.133790254592896
6.122792889812161,8.561519007207174,14.133790254592896
6.122792889812161,8.561519007207174,14.133790254592896
6.122792889812161,8.561519007207174,14.133790254592896
6.122792889812161,8.561519007207174,14.133790254592896
6.122792889812161,8.561519007207174,14.133790254592896
6.122792889812161,8.561519007207174,14.133790254592896
6.122792889812161,8.561519007207174,14.133790254592896
6.122792889812161,8.561519007207174,14.133790254592896
6.122792889812161,8.561519007207174,14.133790254592896
5.751647762714816,8.588765100265478,14.133790254592896
5.751647762714816,8.588765100265478,14.133790254592896
5.751647762714816,8.588765100265478,14.133790254592896
5.751647762714816,8.588765100265478,14.133790254592896
5.751647762714816,8.588765100265478,14.133790254592896
5.751647762714816,8.588765100265478,14.133790254592896
5.751647762714816,8.588765100265478,14.133790254592896
5.751647762714816,8.588765100265478,14.133790254592896
5.751647762714816,8.588765100265478,14.133790254592896
5.751647762714816,8.588765100265478,14.133790254592896
5.751647762714816,8.588765100265478,14.133790254592896
5.751647762714816,8.588765100265478,14.133790254592896
5.480962065817387,8.6073749298191,14.133790254592896
5.480962065817387,8.6073749298191,14.133790254592896
5.480962065817387,8.6073749298191,14.133790254592896
5.480962065817387,8.6073749298191,14.133790254592896
5.480962065817387,8.6073749298191,14.133790254592896
5.480962065817387,8.6073749298191,14.133790254592896
5.480962065817387,8.6073749298191,14.133790254592896
5.480962065817387,8.6073749298191,14.133790254592896
5.144016156153274,8.618909315915081,14.133790254592896
5.144016156153274,8.618909315915081,14.133790254592896
5.144016156153274,8.618909315915081,14.133790254592896
5.144016156153274,8.618909315915081,14.133790254592896
5.144016156153274,8.618909315915081,14.133790254592896
5.144016156153274,8.618909315915081,14.133790254592896
5.144016156153274,8.618909315915081,14.133790254592896
4.953948855561609,8.643821315907994,14.133790254592896
4.953948855561609,8.643821315907994,14.133790254592896
4.953948855561609,8.643821315907994,14.133790254592896
4.953948855561609,8.643821315907994,14.133790254592896
4.953948855561609,8.643821315907994,14.133790254592896
4.953948855561609,8.643821315907994,14.133790254592896
4.953948855561609,8.643821315907994,14.133790254592896
4.953948855561609,8.643821315907994,14.133790254592896
4.733143210659059,8.655760487107896,14.133790254592896
4.733143210659059,8.655760487107896,14.133790254592896
4.733143210659059,8.655760487107896,14.133790254592896
4.733143210659059,8.655760487107896,14.133790254592896
4.733143210659059,8.655760487107896,14.133790254592896
4.733143210659059,8.655760487107896,14.133790254592896
4.733143210659059,8.655760487107896,14.133790254592896
4.514026123445364,8.654635221474253,14.133790254592896
4.514026123445364,8.654635221474253,14.133790254592896
4.514026123445364,8.654635221474253,14.133790254592896
4.514026123445364,8.654635221474253,14.133790254592896
4.514026123445364,8.654635221474253,14.133790254592896
4.514026123445364,8.654635221474253,14.133790254592896
4.514026123445364,8.654635221474253,14.133790254592896
4.514026123445364,8.654635221474253,14.133790254592896
4.304965648239021,8.653268935955541,14.133790254592896
4.304965648239021,8.653268935955541,14.133790254592896
4.304965648239021,8.653268935955541,14.133790254592896
4.304965648239021,8.653268935955541,14.133790254592896
4.304965648239021,8.653268935955541,14.133790254592896
4.304965648239021,8.653268935955541,14.133790254592896
4.304965648239021,8.653268935955541,14.133790254592896
4.304965648239021,8.653268935955541,14.133790254592896
4.063563818594292,8.649712091614893,14.133790254592896
4.063563818594292,8.649712091614893,14.133790254592896
4.063563818594292,8.649712091614893,14.133790254592896
4.063563818594292,8.649712091614893,14.133790254592896
4.063563818594292,8.649712091614893,14.133790254592896
4.063563818594292,8.649712091614893,14.133790254592896
4.063563818594292,8.649712091614893,14.133790254592896
3.8009688633281327,8.639485935114664,14.133790254592896
3.8009688633281327,8.639485935114664,14.133790254592896
3.8009688633281327,8.639485935114664,14.133790254592896
3.8009688633281327,8.639485935114664,14.133790254592896
3.8009688633281327,8.639485935114664,14.133790254592896
3.8009688633281327,8.639485935114664,14.133790254592896
3.508267995573034,8.627057882586078,14.133790254592896
3.508267995573034,8.627057882586078,14.133790254592896
3.508267995573034,8.627057882586078,14.133790254592896
3.508267995573034,8.627057882586078,14.133790254592896
3.508267995573034,8.627057882586078,14.133790254592896
3.508267995573034,8.627057882586078,14.133790254592896
3.508267995573034,8.627057882586078,14.133790254592896
3.508267995573034,8.627057882586078,14.133790254592896
3.508267995573034,8.627057882586078,14.133790254592896
3.508267995573034,8.627057882586078,14.133790254592896
3.508267995573034,8.627057882586078,14.133790254592896
3.268928132828895,8.621633797191647,14.133790254592896
3.268928132828895,8.621633797191647,14.133790254592896
3.268928132828895,8.621633797191647,14.133790254592896
3.268928132828895,8.621633797191647,14.133790254592896
3.268928132828895,8.621633797191647,14.133790254592896
3.268928132828895,8.621633797191647,14.133790254592896
3.268928132828895,8.621633797191647,14.133790254592896
3.268928132828895,8.621633797191647,14.133790254592896
3.268928132828895,8.621633797191647,14.133790254592896
3.268928132828895,8.621633797191647,14.133790254592896
3.268928132828895,8.621633797191647,14.133790254592896
3.268928132828895,8.621633797191647,14.133790254592896
3.268928132828895,8.621633797191647,14.133790254592896
2.913067310412041,8.629976696647176,14.133790254592896
2.913067310412041,8.629976696647176,14.133790254592896
2.913067310412041,8.629976696647176,14.133790254592896
2.913067310412041,8.629976696647176,14.133790254592896
2.913067310412041,8.629976696647176,14.133790254592896
2.913067310412041,8.629976696647176,14.133790254592896
2.913067310412041,8.629976696647176,14.133790254592896
2.913067310412041,8.629976696647176,14.133790254592896
2.913067310412041,8.629976696647176,14.133790254592896
2.913067310412041,8.629976696647176,14.133790254592896
2.913067310412041,8.629976696647176,14.133790254592896
2.913067310412041,8.629976696647176,14.133790254592896
2.359719102535284,8.651625623153175,14.133790254592896
2.359719102535284,8.651625623153175,14.133790254592896
2.359719102535284,8.651625623153175,14.133790254592896
2.359719102535284,8.651625623153175,14.133790254592896
2.359719102535284,8.651625623153175,14.133790254592896
2.359719102535284,8.651625623153175,14.133790254592896
2.359719102535284,8.651625623153175,14.133790254592896
2.359719102535284,8.651625623153175,14.133790254592896
2.359719102535284,8.651625623153175,14.133790254592896
2.359719102535284,8.651625623153175,14.133790254592896
2.359719102535284,8.651625623153175,14.133790254592896
2.359719102535284,8.651625623153175,14.133790254592896
1.9345340742700121,8.634194299996537,14.133790254592896
1.9345340742700121,8.634194299996537,14.133790254592896
1.9345340742700121,8.634194299996537,14.133790254592896
1.9345340742700121,8.634194299996537,14.133790254592896
1.9345340742700121,8.634194299996537,14.133790254592896
1.9345340742700121,8.634194299996537,14.133790254592896
1.9345340742700121,8.634194299996537,14.133790254592896
1.9345340742700121,8.634194299996537,14.133790254592896
1.9345340742700121,8.634194299996537,14.133790254592896
1.9345340742700121,8.634194299996537,14.133790254592896
1.9345340742700121,8.634194299996537,14.133790254592896
1.9345340742700121,8.634194299996537,14.133790254592896
1.9345340742700121,8.634194299996537,14.133790254592896
1.6308487560734324,8.609759641632573,14.133790254592896
1.6308487560734324,8.609759641632573,14.133790254592896
1.6308487560734324,8.609759641632573,14.133790254592896
1.6308487560734324,8.609759641632573,14.133790254592896
1.6308487560734324,8.609759641632573,14.133790254592896
1.6308487560734324,8.609759641632573,14.133790254592896
1.6308487560734324,8.609759641632573,14.133790254592896
1.6308487560734324,8.609759641632573,14.133790254592896
1.6308487560734324,8.609759641632573,14.133790254592896
1.6308487560734324,8.609759641632573,14.133790254592896
1.6308487560734324,8.609759641632573,14.133790254592896
1.6308487560734324,8.609759641632573,14.133790254592896
1.6308487560734324,8.609759641632573,14.133790254592896
1.1838939034046756,8.598966395169224,14.133790254592896
1.1838939034046756,8.598966395169224,14.133790254592896
1.1838939034046756,8.598966395169224,14.133790254592896
1.1838939034046756,8.598966395169224,14.133790254592896
1.1838939034046756,8.598966395169224,14.133790254592896
1.1838939034046756,8.598966395169224,14.133790254592896
1.1838939034046756,8.598966395169224,14.133790254592896
1.1838939034046756,8.598966395169224,14.133790254592896
1.1838939034046756,8.598966395169224,14.133790254592896
1.1838939034046756,8.598966395169224,14.133790254592896
1.1838939034046756,8.598966395169224,14.133790254592896
1.1838939034046756,8.598966395169224,14.133790254592896
1.1838939034046756,8.598966395169224,14.133790254592896
0.6508903022985261,8.57944569865748,14.133790254592896
0.6508903022985261,8.57944569865748,14.133790254592896
0.6508903022985261,8.57944569865748,14.133790254592896
0.6508903022985261,8.57944569865748,14.133790254592896
0.6508903022985261,8.57944569865748,14.133790254592896
0.6508903022985261,8.57944569865748,14.133790254592896
0.6508903022985261,8.57944569865748,14.133790254592896
0.6508903022985261,8.57944569865748,14.133790254592896
0.6508903022985261,8.57944569865748,14.133790254592896
0.6508903022985261,8.57944569865748,14.133790254592896
0.6508903022985261,8.57944569865748,14.133790254592896
0.6508903022985261,8.57944569865748,14.133790254592896
0.6508903022985261,8.57944569865748,14.133790254592896
0.6508903022985261,8.57944569865748,14.133790254592896
0.2061581323438465,8.555141562087776,14.133790254592896
0.2061581323438465,8.555141562087776,14.133790254592896
0.2061581323438465,8.555141562087776,14.133790254592896
0.2061581323438465,8.555141562087776,14.133790254592896
0.2061581323438465,8.555141562087776,14.133790254592896
0.2061581323438465,8.555141562087776,14.133790254592896
0.2061581323438465,8.555141562087776,14.133790254592896
0.2061581323438465,8.555141562087776,14.133790254592896
0.2061581323438465,8.555141562087776,14.133790254592896
0.2061581323438465,8.555141562087776,14.133790254592896
0.2061581323438465,8.555141562087776,14.133790254592896
0.2061581323438465,8.555141562087776,14.133790254592896
-0.32323536768368943,8.542436423076559,14.133790254592896
-0.32323536768368943,8.542436423076559,14.133790254592896
-0.32323536768368943,8.542436423076559,14.133790254592896
-0.32323536768368943,8.542436423076559,14.133790254592896
-0.32323536768368943,8.542436423076559,14.133790254592896
-0.32323536768368943,8.542436423076559,14.133790254592896
-0.32323536768368943,8.542436423076559,14.133790254592896
-0.32323536768368943,8.542436423076559,14.133790254592896
-0.32323536768368943,8.542436423076559,14.133790254592896
-0.32323536768368943,8.542436423076559,14.133790254592896
-0.32323536768368943,8.542436423076559,14.133790254592896
-0.32323536768368943,8.542436423076559,14.133790254592896
-0.32323536768368943,8.542436423076559,14.133790254592896
-0.32323536768368943,8.542436423076559,14.133790254592896
-0.7831280444586693,8.536907080378192,14.133790254592896
-0.7831280444586693,8.536907080378192,14.133790254592896
-0.7831280444586693,8.536907080378192,14.133790254592896
-0.7831280444586693,8.536907080378192,14.133790254592896
-0.7831280444586693,8.536907080378192,14.133790254592896
-0.7831280444586693,8.536907080378192,14.133790254592896
-0.7831280444586693,8.536907080378192,14.133790254592896
-0.7831280444586693,8.536907080378192,14.133790254592896
-0.7831280444586693,8.536907080378192,14.133790254592896
-0.7831280444586693,8.536907080378192,14.133790254592896
-0.7831280444586693,8.536907080378192,14.133790254592896
-0.7831280444586693,8.536907080378192,14.133790254592896
-0.7831280444586693,8.536907080378192,14.133790254592896
-0.7831280444586693,8.536907080378192,14.133790254592896
-1.2985066686348317,8.499356755343394,14.133790254592896
-1.2985066686348317,8.499356755343394,14.133790254592896
-1.2985066686348317,8.499356755343394,14.133790254592896
-1.2985066686348317,8.499356755343394,14.133790254592896
-1.2985066686348317,8.499356755343394,14.133790254592896
-1.2985066686348317,8.499356755343394,14.133790254592896
-1.2985066686348317,8.499356755343394,14.133790254592896
-1.2985066686348317,8.499356755343394,14.133790254592896
-1.2985066686348317,8.499356755343394,14.133790254592896
-1.2985066686348317,8.499356755343394,14.133790254592896
-1.2985066686348317,8.499356755343394,14.133790254592896
-1.2985066686348317,8.499356755343394,14.133790254592896
-1.2985066686348317,8.499356755343394,14.133790254592896
-1.2985066686348317,8.499356755343394,14.133790254592896
-1.2985066686348317,8.499356755343394,14.133790254592896
-1.2985066686348317,8.499356755343394,14.133790254592896
-1.7407981043814706,8.478297868271762,14.133790254592896
-1.7407981043814706,8.478297868271762,14.133790254592896
-1.7407981043814706,8.478297868271762,14.133790254592896
-1.7407981043814706,8.478297868271762,14.133790254592896
-1.7407981043814706,8.478297868271762,14.133790254592896
-1.7407981043814706,8.478297868271762,14.133790254592896
-1.7407981043814706,8.478297868271762,14.133790254592896
-1.7407981043814706,8.478297868271762,14.133790254592896
-1.7407981043814706,8.478297868271762,14.133790254592896
-1.7407981043814706,8.478297868271762,14.133790254592896
-1.7407981043814706,8.478297868271762,14.133790254592896
-2.26304735748284,8.47143932214461,14.133790254592896
-2.26304735748284,8.47143932214461,14.133790254592896
-2.26304735748284,8.47143932214461,14.133790254592896
-2.26304735748284,8.47143932214461,14.133790254592896
-2.26304735748284,8.47143932214461,14.133790254592896
-2.26304735748284,8.47143932214461,14.133790254592896
-2.713606509286619,8.491726165606483,14.133790254592896
-2.713606509286619,8.491726165606483,14.133790254592896
-2.713606509286619,8.491726165606483,14.133790254592896
-2.713606509286619,8.491726165606483,14.133790254592896
-2.713606509286619,8.491726165606483,14.133790254592896
-2.713606509286619,8.491726165606483,14.133790254592896
-2.8527614401711068,8.50999300433101,14.133790254592896
-2.8527614401711068,8.50999300433101,14.133790254592896
-2.8527614401711068,8.50999300433101,14.133790254592896
-2.8527614401711068,8.50999300433101,14.133790254592896
-2.8527614401711068,8.50999300433101,14.133790254592896
-3.002508723424593,8.538632002208598,14.133790254592896
-3.002508723424593,8.538632002208598,14.133790254592896
-3.002508723424593,8.538632002208598,14.133790254592896
-3.002508723424593,8.538632002208598,14.133790254592896
-3.002508723424593,8.538632002208598,14.133790254592896
-3.002508723424593,8.538632002208598,14.133790254592896
-3.002508723424593,8.538632002208598,14.133790254592896
-3.2938838425791213,8.558570506663715,14.133790254592896
-3.2938838425791213,8.558570506663715,14.133790254592896
-3.2938838425791213,8.558570506663715,14.133790254592896
-3.2938838425791213,8.558570506663715,14.133790254592896
-3.2938838425791213,8.558570506663715,14.133790254592896
-3.2938838425791213,8.558570506663715,14.133790254592896
-3.2938838425791213,8.558570506663715,14.133790254592896
-3.2938838425791213,8.558570506663715,14.133790254592896
-3.2938838425791213,8.558570506663715,14.133790254592896
-3.4617290291014737,8.543646663526935,14.133790254592896
-3.4617290291014737,8.543646663526935,14.133790254592896
-3.4617290291014737,8.543646663526935,14.133790254592896
-3.4617290291014737,8.543646663526935,14.133790254592896
-3.4617290291014737,8.543646663526935,14.133790254592896
-3.4617290291014737,8.543646663526935,14.133790254592896
-3.4617290291014737,8.543646663526935,14.133790254592896
-3.4617290291014737,8.543646663526935,14.133790254592896
-3.4617290291014737,8.543646663526935,14.133790254592896
-3.4617290291014737,8.543646663526935,14.133790254592896
-3.4617290291014737,8.543646663526935,14.133790254592896
-3.4617290291014737,8.543646663526935,14.133790254592896
-3.8243053479777713,8.55876673970386,14.133790254592896
-3.8243053479777713,8.55876673970386,14.133790254592896
-3.8243053479777713,8.55876673970386,14.133790254592896
-3.8243053479777713,8.55876673970386,14.133790254592896
-3.8243053479777713,8.55876673970386,14.133790254592896
-3.8243053479777713,8.55876673970386,14.133790254592896
-3.8243053479777713,8.55876673970386,14.133790254592896
-3.8243053479777713,8.55876673970386,14.133790254592896
-3.8243053479777713,8.55876673970386,14.133790254592896
-3.8243053479777713,8.55876673970386,14.133790254592896
-4.249222991414719,8.598693963892314,14.133790254592896
-4.249222991414719,8.598693963892314,14.133790254592896
-4.249222991414719,8.598693963892314,14.133790254592896
-4.249222991414719,8.598693963892314,14.133790254592896
-4.249222991414719,8.598693963892314,14.133790254592896
-4.249222991414719,8.598693963892314,14.133790254592896
-4.249222991414719,8.598693963892314,14.133790254592896
-4.249222991414719,8.598693963892314,14.133790254592896
-4.249222991414719,8.598693963892314,14.133790254592896
-4.249222991414719,8.598693963892314,14.133790254592896
-4.249222991414719,8.598693963892314,14.133790254592896
-4.543657188605834,8.614503348626675,14.133790254592896
-4.543657188605834,8.614503348626675,14.133790254592896
-4.543657188605834,8.614503348626675,14.133790254592896
-4.543657188605834,8.614503348626675,14.133790254592896
-4.543657188605834,8.614503348626675,14.133790254592896
-4.543657188605834,8.614503348626675,14.133790254592896
-4.543657188605834,8.614503348626675,14.133790254592896
-4.543657188605834,8.614503348626675,14.133790254592896
-4.543657188605834,8.614503348626675,14.133790254592896
-4.543657188605834,8.614503348626675,14.133790254592896
-4.543657188605834,8.614503348626675,14.133790254592896
-4.543657188605834,8.614503348626675,14.133790254592896
-4.830066001864252,8.653242948046644,14.133790254592896
-4.830066001864252,8.653242948046644,14.133790254592896
-4.830066001864252,8.653242948046644,14.133790254592896
-4.830066001864252,8.653242948046644,14.133790254592896
-4.830066001864252,8.653242948046644,14.133790254592896
-4.830066001864252,8.653242948046644,14.133790254592896
-4.830066001864252,8.653242948046644,14.133790254592896
-4.830066001864252,8.653242948046644,14.133790254592896
-4.830066001864252,8.653242948046644,14.133790254592896
-5.286470384245241,8.658823305217464,14.133790254592896
-5.286470384245241,8.658823305217464,14.133790254592896
-5.286470384245241,8.658823305217464,14.133790254592896
-5.286470384245241,8.658823305217464,14.133790254592896
-5.286470384245241,8.658823305217464,14.133790254592896
-5.286470384245241,8.658823305217464,14.133790254592896
-5.286470384245241,8.658823305217464,14.133790254592896
-5.286470384245241,8.658823305217464,14.133790254592896
-5.541880048508177,8.692848605766676,14.133790254592896
-5.541880048508177,8.692848605766676,14.133790254592896
-5.541880048508177,8.692848605766676,14.133790254592896
-5.541880048508177,8.692848605766676,14.133790254592896
-5.541880048508177,8.692848605766676,14.133790254592896
-5.541880048508177,8.692848605766676,14.133790254592896
-5.541880048508177,8.692848605766676,14.133790254592896
-5.541880048508177,8.692848605766676,14.133790254592896
-5.541880048508177,8.692848605766676,14.133790254592896
-5.541880048508177,8.692848605766676,14.133790254592896
-5.541880048508177,8.692848605766676,14.133790254592896
-5.872939079817084,8.713133972963144,14.133790254592896
-5.872939079817084,8.713133972963144,14.133790254592896
-5.872939079817084,8.713133972963144,14.133790254592896
-5.872939079817084,8.713133972963144,14.133790254592896
-5.872939079817084,8.713133972963144,14.133790254592896
-5.872939079817084,8.713133972963144,14.133790254592896
-5.872939079817084,8.713133972963144,14.133790254592896
-5.872939079817084,8.713133972963144,14.133790254592896
-5.872939079817084,8.713133972963144,14.133790254592896
-5.872939079817084,8.713133972963144,14.133790254592896
-6.195481672780916,8.730711091262982,14.133790254592896
-6.195481672780916,8.730711091262982,14.133790254592896
-6.195481672780916,8.730711091262982,14.133790254592896
-6.195481672780916,8.730711091262982,14.133790254592896
-6.195481672780916,8.730711091262982,14.133790254592896
-6.195481672780916,8.730711091262982,14.133790254592896
-6.195481672780916,8.730711091262982,14.133790254592896
-6.195481672780916,8.730711091262982,14.133790254592896
-6.5184916893851526,8.723190753145602,14.133790254592896
-6.5184916893851526,8.723190753145602,14.133790254592896
-6.5184916893851526,8.723190753145602,14.133790254592896
-6.5184916893851526,8.723190753145602,14.133790254592896
-6.5184916893851526,8.723190753145602,14.133790254592896
-6.5184916893851526,8.723190753145602,14.133790254592896
-6.5184916893851526,8.723190753145602,14.133790254592896
-6.5184916893851526,8.723190753145602,14.133790254592896
-6.756554498337983,8.729897336424465,14.133790254592896
-6.756554498337983,8.729897336424465,14.133790254592896
-6.756554498337983,8.729897336424465,14.133790254592896
-6.756554498337983,8.729897336424465,14.133790254592896
-6.756554498337983,8.729897336424465,14.133790254592896
-6.756554498337983,8.729897336424465,14.133790254592896
-6.756554498337983,8.729897336424465,14.133790254592896
-6.756554498337983,8.729897336424465,14.133790254592896
-6.756554498337983,8.729897336424465,14.133790254592896
-7.018758134753272,8.718951157204637,14.133790254592896
-7.018758134753272,8.718951157204637,14.133790254592896
-7.018758134753272,8.718951157204637,14.133790254592896
-7.018758134753272,8.718951157204637,14.133790254592896
-7.018758134753272,8.718951157204637,14.133790254592896
-7.018758134753272,8.718951157204637,14.133790254592896
-7.018758134753272,8.718951157204637,14.133790254592896
-7.018758134753272,8.718951157204637,14.133790254592896
-7.353544865545229,8.722056876939384,14.133790254592896
-7.353544865545229,8.722056876939384,14.133790254592896
-7.353544865545229,8.722056876939384,14.133790254592896
-7.353544865545229,8.722056876939384,14.133790254592896
-7.353544865545229,8.722056876939384,14.133790254592896
-7.353544865545229,8.722056876939384,14.133790254592896
-7.353544865545229,8.722056876939384,14.133790254592896
-7.353544865545229,8.722056876939384,14.133790254592896
-7.353544865545229,8.722056876939384,14.133790254592896
-7.353544865545229,8.722056876939384,14.133790254592896
-7.353544865545229,8.722056876939384,14.133790254592896
-7.353544865545229,8.722056876939384,14.133790254592896
-7.353544865545229,8.722056876939384,14.133790254592896
-7.353544865545229,8.722056876939384,14.133790254592896
-7.353544865545229,8.722056876939384,14.133790254592896
-7.620266477318813,8.727003640089913,14.133790254592896
-7.620266477318813,8.727003640089913,14.133790254592896
-7.620266477318813,8.727003640089913,14.133790254592896
-7.620266477318813,8.727003640089913,14.133790254592896
-7.620266477318813,8.727003640089913,14.133790254592896
-7.620266477318813,8.727003640089913,14.133790254592896
-7.620266477318813,8.727003640089913,14.133790254592896
-7.620266477318813,8.727003640089913,14.133790254592896
-7.620266477318813,8.727003640089913,14.133790254592896
-7.620266477318813,8.727003640089913,14.133790254592896
-7.620266477318813,8.727003640089913,14.133790254592896
-7.620266477318813,8.727003640089913,14.133790254592896
-7.620266477318813,8.727003640089913,14.133790254592896
-7.620266477318813,8.727003640089913,14.133790254592896
-8.115237017318668,8.709992256372047,14.133790254592896
-8.115237017318668,8.709992256372047,14.133790254592896
-8.115237017318668,8.709992256372047,14.133790254592896
-8.115237017318668,8.709992256372047,14.133790254592896
-8.115237017318668,8.709992256372047,14.133790254592896
-8.115237017318668,8.709992256372047,14.133790254592896
-8.115237017318668,8.709992256372047,14.133790254592896
-8.115237017318668,8.709992256372047,14.133790254592896
-8.115237017318668,8.709992256372047,14.133790254592896
-8.115237017318668,8.709992256372047,14.133790254592896
-8.115237017318668,8.709992256372047,14.133790254592896
-8.115237017318668,8.709992256372047,14.133790254592896
-8.115237017318668,8.709992256372047,14.133790254592896
-8.115237017318668,8.709992256372047,14.133790254592896
-8.640249725146035,8.67781384709302,14.133790254592896
-8.640249725146035,8.67781384709302,14.133790254592896
-8.640249725146035,8.67781384709302,14.133790254592896
-8.640249725146035,8.67781384709302,14.133790254592896
-8.640249725146035,8.67781384709302,14.133790254592896
-8.640249725146035,8.67781384709302,14.133790254592896
-8.640249725146035,8.67781384709302,14.133790254592896
-8.640249725146035,8.67781384709302,14.133790254592896
-8.640249725146035,8.67781384709302,14.133790254592896
-8.640249725146035,8.67781384709302,14.133790254592896
-8.640249725146035,8.67781384709302,14.133790254592896
-8.640249725146035,8.67781384709302,14.133790254592896
-8.640249725146035,8.67781384709302,14.133790254592896
-9.05324214199099,8.649872931562227,14.133790254592896
-9.05324214199099,8.649872931562227,14.133790254592896
-9.05324214199099,8.649872931562227,14.133790254592896
-9.05324214199099,8.649872931562227,14.133790254592896
-9.05324214199099,8.649872931562227,14.133790254592896
-9.05324214199099,8.649872931562227,14.133790254592896
-9.05324214199099,8.649872931562227,14.133790254592896
-9.05324214199099,8.649872931562227,14.133790254592896
-9.05324214199099,8.649872931562227,14.133790254592896
-9.05324214199099,8.649872931562227,14.133790254592896
-9.05324214199099,8.649872931562227,14.133790254592896
-9.05324214199099,8.649872931562227,14.133790254592896
-9.05324214199099,8.649872931562227,14.133790254592896
-9.574504436397264,8.620978708739251,14.133790254592896
-9.574504436397264,8.620978708739251,14.133790254592896
-9.574504436397264,8.620978708739251,14.133790254592896
-9.574504436397264,8.620978708739251,14.133790254592896
-9.574504436397264,8.620978708739251,14.133790254592896
-9.574504436397264,8.620978708739251,14.133790254592896
-9.574504436397264,8.620978708739251,14.133790254592896
-9.574504436397264,8.620978708739251,14.133790254592896
-9.574504436397264,8.620978708739251,14.133790254592896
-9.574504436397264,8.620978708739251,14.133790254592896
-9.574504436397264,8.620978708739251,14.133790254592896
-9.574504436397264,8.620978708739251,14.133790254592896
-9.574504436397264,8.620978708739251,14.133790254592896
-9.574504436397264,8.620978708739251,14.133790254592896
-9.574504436397264,8.620978708739251,14.133790254592896
-10.005048320078545,8.579885638736878,14.133790254592896
-10.005048320078545,8.579885638736878,14.133790254592896
-10.005048320078545,8.579885638736878,14.133790254592896
-10.005048320078545,8.579885638736878,14.133790254592896
-10.005048320078545,8.579885638736878,14.133790254592896
-10.005048320078545,8.579885638736878,14.133790254592896
-10.005048320078545,8.579885638736878,14.133790254592896
-10.005048320078545,8.579885638736878,14.133790254592896
-10.005048320078545,8.579885638736878,14.133790254592896
-10.005048320078545,8.579885638736878,14.133790254592896
-10.005048320078545,8.579885638736878,14.133790254592896
-10.005048320078545,8.579885638736878,14.133790254592896
-10.005048320078545,8.579885638736878,14.133790254592896
-10.005048320078545,8.579885638736878,14.133790254592896
-10.005048320078545,8.579885638736878,14.133790254592896
-10.515726797369158,8.551522707090738,14.133790254592896
-10.515726797369158,8.551522707090738,14.133790254592896
-10.515726797369158,8.551522707090738,14.133790254592896
-10.515726797369158,8.551522707090738,14.133790254592896
-10.515726797369158,8.551522707090738,14.133790254592896
-10.515726797369158,8.551522707090738,14.133790254592896
-10.515726797369158,8.551522707090738,14.133790254592896
-10.515726797369158,8.551522707090738,14.133790254592896
-10.515726797369158,8.551522707090738,14.133790254592896
-10.515726797369158,8.551522707090738,14.133790254592896
-10.515726797369158,8.551522707090738,14.133790254592896
-10.515726797369158,8.551522707090738,14.133790254592896
-10.515726797369158,8.551522707090738,14.133790254592896
-10.515726797369158,8.551522707090738,14.133790254592896
-11.020537131252164,8.517491246286035,14.133790254592896
-11.020537131252164,8.517491246286035,14.133790254592896
-11.020537131252164,8.517491246286035,14.133790254592896
-11.020537131252164,8.517491246286035,14.133790254592896
-11.020537131252164,8.517491246286035,14.133790254592896
-11.020537131252164,8.517491246286035,14.133790254592896
-11.020537131252164,8.517491246286035,14.133790254592896
-11.020537131252164,8.517491246286035,14.133790254592896
-11.020537131252164,8.517491246286035,14.133790254592896
-11.020537131252164,8.517491246286035,14.133790254592896
-11.020537131252164,8.517491246286035,14.133790254592896
-11.020537131252164,8.517491246286035,14.133790254592896
-11.020537131252164,8.517491246286035,14.133790254592896
-11.020537131252164,8.517491246286035,14.133790254592896
-11.459461960515005,8.49286569597671,14.133790254592896
-11.459461960515005,8.49286569597671,14.133790254592896
-11.459461960515005,8.49286569597671,14.133790254592896
-11.459461960515005,8.49286569597671,14.133790254592896
-11.459461960515005,8.49286569597671,14.133790254592896
-11.459461960515005,8.49286569597671,14.133790254592896
-11.459461960515005,8.49286569597671,14.133790254592896
-11.459461960515005,8.49286569597671,14.133790254592896
-11.459461960515005,8.49286569597671,14.133790254592896
-11.459461960515005,8.49286569597671,14.133790254592896
-11.459461960515005,8.49286569597671,14.133790254592896
-11.459461960515005,8.49286569597671,14.133790254592896
-11.459461960515005,8.49286569597671,14.133790254592896
-11.459461960515005,8.49286569597671,14.133790254592896
-11.459461960515005,8.49286569597671,14.133790254592896
-11.983784740352212,8.454172602858902,14.133790254592896
-11.983784740352212,8.454172602858902,14.133790254592896
-11.983784740352212,8.454172602858902,14.133790254592896
-11.983784740352212,8.454172602858902,14.133790254592896
-11.983784740352212,8.454172602858902,14.133790254592896
-11.983784740352212,8.454172602858902,14.133790254592896
-11.983784740352212,8.454172602858902,14.133790254592896
-11.983784740352212,8.454172602858902,14.133790254592896
-11.983784740352212,8.454172602858902,14.133790254592896
-11.983784740352212,8.454172602858902,14.133790254592896
-11.983784740352212,8.454172602858902,14.133790254592896
-12.474613300197765,8.450122474236535,14.133790254592896
-12.474613300197765,8.450122474236535,14.133790254592896
-12.474613300197765,8.450122474236535,14.133790254592896
-12.474613300197765,8.450122474236535,14.133790254592896
-12.474613300197765,8.450122474236535,14.133790254592896
-12.474613300197765,8.450122474236535,14.133790254592896
-12.474613300197765,8.450122474236535,14.133790254592896
-12.474613300197765,8.450122474236535,14.133790254592896
-12.474613300197765,8.450122474236535,14.133790254592896
-12.474613300197765,8.450122474236535,14.133790254592896
-12.474613300197765,8.450122474236535,14.133790254592896
-12.474613300197765,8.450122474236535,14.133790254592896
-12.474613300197765,8.450122474236535,14.133790254592896
-12.749619245248224,8.444008453352563,14.133790254592896
-12.749619245248224,8.444008453352563,14.133790254592896
-12.749619245248224,8.444008453352563,14.133790254592896
-12.749619245248224,8.444008453352563,14.133790254592896
-12.749619245248224,8.444008453352563,14.133790254592896
-12.749619245248224,8.444008453352563,14.133790254592896
-12.749619245248224,8.444008453352563,14.133790254592896
-12.749619245248224,8.444008453352563,14.133790254592896
-12.749619245248224,8.444008453352563,14.133790254592896
-12.749619245248224,8.444008453352563,14.133790254592896
-12.749619245248224,8.444008453352563,14.133790254592896
-12.749619245248224,8.444008453352563,14.133790254592896
-12.749619245248224,8.444008453352563,14.133790254592896
-12.749619245248224,8.444008453352563,14.133790254592896
-13.171881693984833,8.446724105959941,14.133790254592896
-13.171881693984833,8.446724105959941,14.133790254592896
-13.171881693984833,8.446724105959941,14.133790254592896
-13.171881693984833,8.446724105959941,14.133790254592896
-13.171881693984833,8.446724105959941,14.133790254592896
-13.171881693984833,8.446724105959941,14.133790254592896
-13.171881693984833,8.446724105959941,14.133790254592896
-13.171881693984833,8.446724105959941,14.133790254592896
-13.171881693984833,8.446724105959941,14.133790254592896
-13.171881693984833,8.446724105959941,14.133790254592896
-13.171881693984833,8.446724105959941,14.133790254592896
-13.171881693984833,8.446724105959941,14.133790254592896
-13.171881693984833,8.446724105959941,14.133790254592896
-13.171881693984833,8.446724105959941,14.133790254592896
-13.171881693984833,8.446724105959941,14.133790254592896
-13.520030844916517,8.42923707775417,14.133790254592896
-13.520030844916517,8.42923707775417,14.133790254592896
-13.520030844916517,8.42923707775417,14.133790254592896
-13.520030844916517,8.42923707775417,14.133790254592896
-13.520030844916517,8.42923707775417,14.133790254592896
-13.520030844916517,8.42923707775417,14.133790254592896
-13.520030844916517,8.42923707775417,14.133790254592896
-13.520030844916517,8.42923707775417,14.133790254592896
-13.520030844916517,8.42923707775417,14.133790254592896
-13.951014013123674,8.38909113300147,14.133790254592896
-13.951014013123674,8.38909113300147,14.133790254592896
-13.951014013123674,8.38909113300147,14.133790254592896
-13.951014013123674,8.38909113300147,14.133790254592896
-13.951014013123674,8.38909113300147,14.133790254592896
-13.951014013123674,8.38909113300147,14.133790254592896
-13.951014013123674,8.38909113300147,14.133790254592896
-13.951014013123674,8.38909113300147,14.133790254592896
-13.951014013123674,8.38909113300147,14.133790254592896
-13.951014013123674,8.38909113300147,14.133790254592896
-14.090227080329889,8.341207304646389,14.133790254592896
-14.090227080329889,8.341207304646389,14.133790254592896
-14.090227080329889,8.341207304646389,14.133790254592896
-14.090227080329889,8.341207304646389,14.133790254592896
-14.090227080329889,8.341207304646389,14.133790254592896
-14.090227080329889,8.341207304646389,14.133790254592896
-14.090227080329889,8.341207304646389,14.133790254592896
-14.090227080329889,8.341207304646389,14.133790254592896
-14.090227080329889,8.341207304646389,14.133790254592896
-14.363574175619311,8.295029144115288,14.133790254592896
-14.363574175619311,8.295029144115288,14.133790254592896
-14.363574175619311,8.295029144115288,14.133790254592896
-14.363574175619311,8.295029144115288,14.133790254592896
-14.363574175619311,8.295029144115288,14.133790254592896
-14.363574175619311,8.295029144115288,14.133790254592896
-14.363574175619311,8.295029144115288,14.133790254592896
-14.363574175619311,8.295029144115288,14.133790254592896
-14.363574175619311,8.295029144115288,14.133790254592896
-14.363574175619311,8.295029144115288,14.133790254592896
-14.363574175619311,8.295029144115288,14.133790254592896
-14.19643728775152,8.328327011138548,14.133790254592896
-14.19643728775152,8.328327011138548,14.133790254592896
-14.19643728775152,8.328327011138548,14.133790254592896
-14.19643728775152,8.328327011138548,14.133790254592896
-14.19643728775152,8.328327011138548,14.133790254592896
-14.19643728775152,8.328327011138548,14.133790254592896
-14.19643728775152,8.328327011138548,14.133790254592896
-14.19643728775152,8.328327011138548,14.133790254592896
-14.19643728775152,8.328327011138548,14.133790254592896
-14.19643728775152,8.328327011138548,14.133790254592896
-14.19643728775152,8.328327011138548,14.133790254592896
-14.012223606440752,8.328689100692104,14.133790254592896
-14.012223606440752,8.328689100692104,14.133790254592896
-14.012223606440752,8.328689100692104,14.133790254592896
-14.012223606440752,8.328689100692104,14.133790254592896
-14.012223606440752,8.328689100692104,14.133790254592896
-14.012223606440752,8.328689100692104,14.133790254592896
-14.012223606440752,8.328689100692104,14.133790254592896
-14.012223606440752,8.328689100692104,14.133790254592896
-14.012223606440752,8.328689100692104,14.133790254592896
-14.012223606440752,8.328689100692104,14.133790254592896
-14.012223606440752,8.328689100692104,14.133790254592896
-14.012223606440752,8.328689100692104,14.133790254592896
-14.012223606440752,8.328689100692104,14.133790254592896
-13.875508990877071,8.340587364477166,14.133790254592896
-13.875508990877071,8.340587364477166,14.133790254592896
-13.875508990877071,8.340587364477166,14.133790254592896
-13.875508990877071,8.340587364477166,14.133790254592896
-13.875508990877071,8.340587364477166,14.133790254592896
-13.875508990877071,8.340587364477166,14.133790254592896
-13.875508990877071,8.340587364477166,14.133790254592896
-13.875508990877071,8.340587364477166,14.133790254592896
-13.875508990877071,8.340587364477166,14.133790254592896
-13.875508990877071,8.340587364477166,14.133790254592896
-13.875508990877071,8.340587364477166,14.133790254592896
-13.875508990877071,8.340587364477166,14.133790254592896
-13.728570830929968,8.349815115248623,14.133790254592896
-13.728570830929968,8.349815115248623,14.133790254592896
-13.728570830929968,8.349815115248623,14.133790254592896
-13.728570830929968,8.349815115248623,14.133790254592896
-13.728570830929968,8.349815115248623,14.133790254592896
-13.728570830929968,8.349815115248623,14.133790254592896
-13.728570830929968,8.349815115248623,14.133790254592896
-13.728570830929968,8.349815115248623,14.133790254592896
-13.728570830929968,8.349815115248623,14.133790254592896
-13.728570830929968,8.349815115248623,14.133790254592896
-13.728570830929968,8.349815115248623,14.133790254592896
-13.728570830929968,8.349815115248623,14.133790254592896
-13.728570830929968,8.349815115248623,14.133790254592896
-13.66081176352306,8.34443235988122,14.133790254592896
-13.66081176352306,8.34443235988122,14.133790254592896
-13.66081176352306,8.34443235988122,14.133790254592896
-13.66081176352306,8.34443235988122,14.133790254592896
-13.66081176352306,8.34443235988122,14.133790254592896
-13.66081176352306,8.34443235988122,14.133790254592896
-13.66081176352306,8.34443235988122,14.133790254592896
-13.66081176352306,8.34443235988122,14.133790254592896
-13.66081176352306,8.34443235988122,14.133790254592896
-13.66081176352306,8.34443235988122,14.133790254592896
-13.66081176352306,8.34443235988122,14.133790254592896
-13.66081176352306,8.34443235988122,14.133790254592896
-13.66081176352306,8.34443235988122,14.133790254592896
-13.558317192534771,8.324432621205839,14.133790254592896
-13.558317192534771,8.324432621205839,14.133790254592896
-13.558317192534771,8.324432621205839,14.133790254592896
-13.558317192534771,8.324432621205839,14.133790254592896
-13.558317192534771,8.324432621205839,14.133790254592896
-13.558317192534771,8.324432621205839,14.133790254592896
-13.558317192534771,8.324432621205839,14.133790254592896
-13.558317192534771,8.324432621205839,14.133790254592896
-13.558317192534771,8.324432621205839,14.133790254592896
-13.558317192534771,8.324432621205839,14.133790254592896
-13.558317192534771,8.324432621205839,14.133790254592896
-13.558317192534771,8.324432621205839,14.133790254592896
-13.491826420508186,8.30614256780263,14.133790254592896
-13.491826420508186,8.30614256780263,14.133790254592896
-13.491826420508186,8.30614256780263,14.133790254592896
-13.491826420508186,8.30614256780263,14.133790254592896
-13.491826420508186,8.30614256780263,14.133790254592896
-13.491826420508186,8.30614256780263,14.133790254592896
-13.491826420508186,8.30614256780263,14.133790254592896
-13.491826420508186,8.30614256780263,14.133790254592896
-13.491826420508186,8.30614256780263,14.133790254592896
-13.491826420508186,8.30614256780263,14.133790254592896
-13.433393008474283,8.28291552283959,14.133790254592896
-13.433393008474283,8.28291552283959,14.133790254592896
-13.433393008474283,8.28291552283959,14.133790254592896
-13.433393008474283,8.28291552283959,14.133790254592896
-13.433393008474283,8.28291552283959,14.133790254592896
-13.433393008474283,8.28291552283959,14.133790254592896
-13.433393008474283,8.28291552283959,14.133790254592896
-13.433393008474283,8.28291552283959,14.133790254592896
-13.433393008474283,8.28291552283959,14.133790254592896
-13.433393008474283,8.28291552283959,14.133790254592896
-13.433393008474283,8.28291552283959,14.133790254592896
-13.433393008474283,8.28291552283959,14.133790254592896
-13.433393008474283,8.28291552283959,14.133790254592896
-13.402654493945974,8.242085287659382,14.133790254592896
-13.402654493945974,8.242085287659382,14.133790254592896
-13.402654493945974,8.242085287659382,14.133790254592896
-13.402654493945974,8.242085287659382,14.133790254592896
-13.402654493945974,8.242085287659382,14.133790254592896
-13.402654493945974,8.242085287659382,14.133790254592896
-13.402654493945974,8.242085287659382,14.133790254592896
-13.402654493945974,8.242085287659382,14.133790254592896
-13.402654493945974,8.242085287659382,14.133790254592896
-13.402654493945974,8.242085287659382,14.133790254592896
-13.402654493945974,8.242085287659382,14.133790254592896
-13.311817776066558,8.190047856327752,14.133790254592896
-13.311817776066558,8.190047856327752,14.133790254592896
-13.311817776066558,8.190047856327752,14.133790254592896
-13.311817776066558,8.190047856327752,14.133790254592896
-13.311817776066558,8.190047856327752,14.133790254592896
-13.311817776066558,8.190047856327752,14.133790254592896
-13.311817776066558,8.190047856327752,14.133790254592896
-13.311817776066558,8.190047856327752,14.133790254592896
-13.311817776066558,8.190047856327752,14.133790254592896
-13.311817776066558,8.190047856327752,14.133790254592896
-13.311817776066558,8.190047856327752,14.133790254592896
-13.311817776066558,8.190047856327752,14.133790254592896
-13.311817776066558,8.190047856327752,14.133790254592896
-13.311817776066558,8.190047856327752,14.133790254592896
-13.28044245005111,8.12667954604395,14.133790254592896
-13.28044245005111,8.12667954604395,14.133790254592896
-13.28044245005111,8.12667954604395,14.133790254592896
-13.28044245005111,8.12667954604395,14.133790254592896
-13.28044245005111,8.12667954604395,14.133790254592896
-13.28044245005111,8.12667954604395,14.133790254592896
-13.28044245005111,8.12667954604395,14.133790254592896
-13.28044245005111,8.12667954604395,14.133790254592896
-13.28044245005111,8.12667954604395,14.133790254592896
-13.28044245005111,8.12667954604395,14.133790254592896
-13.28044245005111,8.12667954604395,14.133790254592896
-13.207116620220496,8.053323608824648,14.133790254592896
-13.207116620220496,8.053323608824648,14.133790254592896
-13.207116620220496,8.053323608824648,14.133790254592896
-13.207116620220496,8.053323608824648,14.133790254592896
-13.207116620220496,8.053323608824648,14.133790254592896
-13.207116620220496,8.053323608824648,14.133790254592896
-13.207116620220496,8.053323608824648,14.133790254592896
-13.175969445624878,7.991724590737478,14.133790254592896
-13.175969445624878,7.991724590737478,14.133790254592896
-13.175969445624878,7.991724590737478,14.133790254592896
-13.175969445624878,7.991724590737478,14.133790254592896
-13.175969445624878,7.991724590737478,14.133790254592896
-13.175969445624878,7.991724590737478,14.133790254592896
-13.175969445624878,7.991724590737478,14.133790254592896
-13.176780140376936,7.964686316600183,14.133790254592896
-13.176780140376936,7.964686316600183,14.133790254592896
-13.176780140376936,7.964686316600183,14.133790254592896
-13.176780140376936,7.964686316600183,14.133790254592896
-13.176780140376936,7.964686316600183,14.133790254592896
-13.176780140376936,7.964686316600183,14.133790254592896
-13.176780140376936,7.964686316600183,14.133790254592896
-13.176780140376936,7.964686316600183,14.133790254592896
-13.173842701245631,7.91685114150735,14.133790254592896
-13.173842701245631,7.91685114150735,14.133790254592896
-13.173842701245631,7.91685114150735,14.133790254592896
-13.173842701245631,7.91685114150735,14.133790254592896
-13.144261437565895,7.862445107068226,14.133790254592896
-13.144261437565895,7.862445107068226,14.133790254592896
-13.144261437565895,7.862445107068226,14.133790254592896
-13.144261437565895,7.862445107068226,14.133790254592896
-13.144261437565895,7.862445107068226,14.133790254592896
-13.159695010179673,7.825161426666722,14.133790254592896
-13.159695010179673,7.825161426666722,14.133790254592896
-13.159695010179673,7.825161426666722,14.133790254592896
-13.159695010179673,7.825161426666722,14.133790254592896
-13.159695010179673,7.825161426666722,14.133790254592896
-13.120672329903684,7.8056753538995025,14.133790254592896
-13.120672329903684,7.8056753538995025,14.133790254592896
-13.120672329903684,7.8056753538995025,14.133790254592896
-13.120672329903684,7.8056753538995025,14.133790254592896
-13.120672329903684,7.8056753538995025,14.133790254592896
-13.120672329903684,7.8056753538995025,14.133790254592896
-13.120672329903684,7.8056753538995025,14.133790254592896
-13.107915366101928,7.790670706977747,14.133790254592896
-13.107915366101928,7.790670706977747,14.133790254592896
-13.107915366101928,7.790670706977747,14.133790254592896
-13.107915366101928,7.790670706977747,14.133790254592896
-13.107915366101928,7.790670706977747,14.133790254592896
-13.081856974613073,7.8229579164705445,14.133790254592896
-13.081856974613073,7.8229579164705445,14.133790254592896
-13.081856974613073,7.8229579164705445,14.133790254592896
-13.081856974613073,7.8229579164705445,14.133790254592896
-13.081856974613073,7.8229579164705445,14.133790254592896
-13.081856974613073,7.8229579164705445,14.133790254592896
-13.081856974613073,7.8229579164705445,14.133790254592896
-13.081856974613073,7.8229579164705445,14.133790254592896
-13.081856974613073,7.8229579164705445,14.133790254592896
-13.054961848661403,7.848483900054501,14.133790254592896
-13.054961848661403,7.848483900054501,14.133790254592896
-13.054961848661403,7.848483900054501,14.133790254592896
-13.054961848661403,7.848483900054501,14.133790254592896
-13.054961848661403,7.848483900054501,14.133790254592896
-13.054961848661403,7.848483900054501,14.133790254592896
-13.054961848661403,7.848483900054501,14.133790254592896
-13.036210716689201,7.869584053053169,14.133790254592896
-13.036210716689201,7.869584053053169,14.133790254592896
-13.036210716689201,7.869584053053169,14.133790254592896
-13.036210716689201,7.869584053053169,14.133790254592896
-13.036210716689201,7.869584053053169,14.133790254592896
-13.036210716689201,7.869584053053169,14.133790254592896
-13.036210716689201,7.869584053053169,14.133790254592896
-13.036210716689201,7.869584053053169,14.133790254592896
-13.029241268772,7.877434726824815,14.133790254592896
-13.029241268772,7.877434726824815,14.133790254592896
-13.029241268772,7.877434726824815,14.133790254592896
-13.029241268772,7.877434726824815,14.133790254592896
-13.029241268772,7.877434726824815,14.133790254592896
-13.029241268772,7.877434726824815,14.133790254592896
-13.014486754908928,7.894782365329093,14.133790254592896
-13.014486754908928,7.894782365329093,14.133790254592896
-13.014486754908928,7.894782365329093,14.133790254592896
-13.014486754908928,7.894782365329093,14.133790254592896
-13.014486754908928,7.894782365329093,14.133790254592896
-13.012239635544617,7.908291745623343,14.133790254592896
-13.012239635544617,7.908291745623343,14.133790254592896
-13.012239635544617,7.908291745623343,14.133790254592896
-13.012239635544617,7.908291745623343,14.133790254592896
-13.012239635544617,7.908291745623343,14.133790254592896
-13.012356976838948,7.919685917807568,14.133790254592896
-13.012356976838948,7.919685917807568,14.133790254592896
-13.012356976838948,7.919685917807568,14.133790254592896
-13.012356976838948,7.919685917807568,14.133790254592896
-13.012356976838948,7.919685917807568,14.133790254592896
-13.005373279237837,7.932863734804618,14.133790254592896
-13.005373279237837,7.932863734804618,14.133790254592896
-13.005373279237837,7.932863734804618,14.133790254592896
-13.005373279237837,7.932863734804618,14.133790254592896
-13.005373279237837,7.932863734804618,14.133790254592896
-13.003163859406314,7.93198700922574,14.133790254592896
-13.003163859406314,7.93198700922574,14.133790254592896
-13.003163859406314,7.93198700922574,14.133790254592896
-13.003163859406314,7.93198700922574,14.133790254592896
-12.999158190661998,7.93356010893141,14.133790254592896
-12.999158190661998,7.93356010893141,14.133790254592896
-12.999158190661998,7.93356010893141,14.133790254592896
-12.999158190661998,7.93356010893141,14.133790254592896
-12.999158190661998,7.93356010893141,14.133790254592896
-13.001619467542383,7.93491684495887,14.133790254592896
-13.001619467542383,7.93491684495887,14.133790254592896
-13.001619467542383,7.93491684495887,14.133790254592896
-13.001619467542383,7.93491684495887,14.133790254592896
-13.001619467542383,7.93491684495887,14.133790254592896
-12.997438814155435,7.928700175838724,14.133790254592896
-12.997438814155435,7.928700175838724,14.133790254592896
-12.997438814155435,7.928700175838724,14.133790254592896
-12.997438814155435,7.928700175838724,14.133790254592896
-12.99422357237424,7.9269959456217505,14.133790254592896
-12.99422357237424,7.9269959456217505,14.133790254592896
-12.99422357237424,7.9269959456217505,14.133790254592896
-12.99422357237424,7.9269959456217505,14.133790254592896
-12.990728321630332,7.931002562486644,14.133790254592896
-12.990728321630332,7.931002562486644,14.133790254592896
-12.990728321630332,7.931002562486644,14.133790254592896
-12.990728321630332,7.931002562486644,14.133790254592896
-12.990728321630332,7.931002562486644,14.133790254592896
-12.987770128556514,7.933920109966409,14.133790254592896
-12.987770128556514,7.933920109966409,14.133790254592896
-12.987770128556514,7.933920109966409,14.133790254592896
-12.987770128556514,7.933920109966409,14.133790254592896
-12.978193037558784,7.937616055542997,14.133790254592896
-12.978193037558784,7.937616055542997,14.133790254592896
-12.978193037558784,7.937616055542997,14.133790254592896
-12.978193037558784,7.937616055542997,14.133790254592896
-12.979085434866613,7.935348034907817,14.133790254592896
-12.979085434866613,7.935348034907817,14.133790254592896
-12.979085434866613,7.935348034907817,14.133790254592896
-12.979085434866613,7.935348034907817,14.133790254592896
-12.979085434866613,7.935348034907817,14.133790254592896
-12.980458712802596,7.941344148941903,14.133790254592896
-12.980458712802596,7.941344148941903,14.133790254592896
-12.980458712802596,7.941344148941903,14.133790254592896
-12.980458712802596,7.941344148941903,14.133790254592896
-12.980458712802596,7.941344148941903,14.133790254592896
-12.980458712802596,7.941344148941903,14.133790254592896
-12.980458712802596,7.941344148941903,14.133790254592896
-12.980458712802596,7.941344148941903,14.133790254592896
-12.980458712802596,7.941344148941903,14.133790254592896
-12.980458712802596,7.941344148941903,14.133790254592896
-12.982201006483992,7.937965621715729,14.133790254592896
-12.982201006483992,7.937965621715729,14.133790254592896
-12.982201006483992,7.937965621715729,14.133790254592896
-12.982201006483992,7.937965621715729,14.133790254592896
-12.982201006483992,7.937965621715729,14.133790254592896
-12.982201006483992,7.937965621715729,14.133790254592896
-12.982201006483992,7.937965621715729,14.133790254592896
-12.982201006483992,7.937965621715729,14.133790254592896
-12.981923319017076,7.931151815881868,14.133790254592896
-12.981923319017076,7.931151815881868,14.133790254592896
-12.981923319017076,7.931151815881868,14.133790254592896
-12.981923319017076,7.931151815881868,14.133790254592896
-12.981923319017076,7.931151815881868,14.133790254592896
-12.981923319017076,7.931151815881868,14.133790254592896
-12.981923319017076,7.931151815881868,14.133790254592896
-12.97990068693505,7.929565902656474,14.133790254592896
-12.97990068693505,7.929565902656474,14.133790254592896
-12.97990068693505,7.929565902656474,14.133790254592896
-12.97990068693505,7.929565902656474,14.133790254592896
-12.97990068693505,7.929565902656474,14.133790254592896
-12.97990068693505,7.929565902656474,14.133790254592896
-12.97990068693505,7.929565902656474,14.133790254592896
-12.97990068693505,7.929565902656474,14.133790254592896
-12.97990068693505,7.929565902656474,14.133790254592896
-12.97565679158606,7.93504027532382,14.133790254592896
-12.97565679158606,7.93504027532382,14.133790254592896
-12.97565679158606,7.93504027532382,14.133790254592896
-12.97565679158606,7.93504027532382,14.133790254592896
-12.97565679158606,7.93504027532382,14.133790254592896
-12.97565679158606,7.93504027532382,14.133790254592896
-12.97565679158606,7.93504027532382,14.133790254592896
-12.975187859143546,7.934048900931669,14.133790254592896
-12.975187859143546,7.934048900931669,14.133790254592896
-12.975187859143546,7.934048900931669,14.133790254592896
-12.975187859143546,7.934048900931669,14.133790254592896
-12.975187859143546,7.934048900931669,14.133790254592896
-12.975187859143546,7.934048900931669,14.133790254592896
-12.975187859143546,7.934048900931669,14.133790254592896
-12.975187859143546,7.934048900931669,14.133790254592896
-12.975187859143546,7.934048900931669,14.133790254592896
-12.975187859143546,7.934048900931669,14.133790254592896
-12.975187859143546,7.934048900931669,14.133790254592896
-12.975187859143546,7.934048900931669,14.133790254592896
-12.975187859143546,7.934048900931669,14.133790254592896
-12.975187859143546,7.934048900931669,14.133790254592896
-12.975187859143546,7.934048900931669,14.133790254592896
-12.975187859143546,7.934048900931669,14.133790254592896
-12.975187859143546,7.934048900931669,14.133790254592896
-12.969598951110566,7.936663066452227,14.133790254592896
-12.969598951110566,7.936663066452227,14.133790254592896
-12.969598951110566,7.936663066452227,14.133790254592896
-12.969598951110566,7.936663066452227,14.133790254592896
-12.969598951110566,7.936663066452227,14.133790254592896
-12.969598951110566,7.936663066452227,14.133790254592896
-12.969598951110566,7.936663066452227,14.133790254592896
-12.969598951110566,7.936663066452227,14.133790254592896
-12.969598951110566,7.936663066452227,14.133790254592896
-12.969598951110566,7.936663066452227,14.133790254592896
-12.969598951110566,7.936663066452227,14.133790254592896
-12.969598951110566,7.936663066452227,14.133790254592896
-12.969598951110566,7.936663066452227,14.133790254592896
-12.969598951110566,7.936663066452227,14.133790254592896
-12.967444026638352,7.938572778364674,14.133790254592896
-12.967444026638352,7.938572778364674,14.133790254592896
-12.967444026638352,7.938572778364674,14.133790254592896
-12.967444026638352,7.938572778364674,14.133790254592896
-12.967444026638352,7.938572778364674,14.133790254592896
-12.967444026638352,7.938572778364674,14.133790254592896
-12.967444026638352,7.938572778364674,14.133790254592896
-12.967444026638352,7.938572778364674,14.133790254592896
-12.967444026638352,7.938572778364674,14.133790254592896
-12.967444026638352,7.938572778364674,14.133790254592896
-12.960501306787277,7.937640268974394,14.133790254592896
-12.960501306787277,7.937640268974394,14.133790254592896
-12.960501306787277,7.937640268974394,14.133790254592896
-12.960501306787277,7.937640268974394,14.133790254592896
-12.960501306787277,7.937640268974394,14.133790254592896
-12.960501306787277,7.937640268974394,14.133790254592896
-12.960501306787277,7.937640268974394,14.133790254592896
-12.960501306787277,7.937640268974394,14.133790254592896
-12.960501306787277,7.937640268974394,14.133790254592896
-12.960501306787277,7.937640268974394,14.133790254592896
-12.963924546860794,7.937170634533272,14.133790254592896
-12.963924546860794,7.937170634533272,14.133790254592896
-12.963924546860794,7.937170634533272,14.133790254592896
-12.963924546860794,7.937170634533272,14.133790254592896
-12.963924546860794,7.937170634533272,14.133790254592896
-12.963924546860794,7.937170634533272,14.133790254592896
-12.963924546860794,7.937170634533272,14.133790254592896
-12.963924546860794,7.937170634533272,14.133790254592896
-12.9579271620122,7.933352954115639,14.133790254592896
-12.9579271620122,7.933352954115639,14.133790254592896
-12.9579271620122,7.933352954115639,14.133790254592896
-12.9579271620122,7.933352954115639,14.133790254592896
-12.9579271620122,7.933352954115639,14.133790254592896
-12.9579271620122,7.933352954115639,14.133790254592896
-12.9579271620122,7.933352954115639,14.133790254592896
-12.955213296368944,7.933885792522234,14.133790254592896
-12.955213296368944,7.933885792522234,14.133790254592896
-12.955213296368944,7.933885792522234,14.133790254592896
-12.955213296368944,7.933885792522234,14.133790254592896
-12.955213296368944,7.933885792522234,14.133790254592896
-12.955213296368944,7.933885792522234,14.133790254592896
-12.955213296368944,7.933885792522234,14.133790254592896
-12.956226905622845,7.937507631662756,14.133790254592896
-12.956226905622845,7.937507631662756,14.133790254592896
-12.956226905622845,7.937507631662756,14.133790254592896
-12.956226905622845,7.937507631662756,14.133790254592896
-12.956226905622845,7.937507631662756,14.133790254592896
-12.956226905622845,7.937507631662756,14.133790254592896
-12.971453990345973,7.939384379502978,14.133790254592896
-12.971453990345973,7.939384379502978,14.133790254592896
-12.971453990345973,7.939384379502978,14.133790254592896
-12.971453990345973,7.939384379502978,14.133790254592896
-12.971453990345973,7.939384379502978,14.133790254592896
-12.95600241265101,7.9434264007246815,14.133790254592896
-12.95600241265101,7.9434264007246815,14.133790254592896
-12.95600241265101,7.9434264007246815,14.133790254592896
-12.95600241265101,7.9434264007246815,14.133790254592896
-12.95600241265101,7.9434264007246815,14.133790254592896
-12.95600241265101,7.9434264007246815,14.133790254592896
-12.95600241265101,7.9434264007246815,14.133790254592896
-12.961017514552301,7.939250516506576,14.133790254592896
-12.961017514552301,7.939250516506576,14.133790254592896
-12.961017514552301,7.939250516506576,14.133790254592896
-12.961017514552301,7.939250516506576,14.133790254592896
-12.961017514552301,7.939250516506576,14.133790254592896
-12.961017514552301,7.939250516506576,14.133790254592896
-12.961017514552301,7.939250516506576,14.133790254592896
-12.961017514552301,7.939250516506576,14.133790254592896
-12.965472909976215,7.940805790344506,14.133790254592896
-12.965472909976215,7.940805790344506,14.133790254592896
-12.965472909976215,7.940805790344506,14.133790254592896
-12.965472909976215,7.940805790344506,14.133790254592896
-12.965472909976215,7.940805790344506,14.133790254592896
-12.965472909976215,7.940805790344506,14.133790254592896
-12.96480497456301,7.940408914043836,14.133790254592896
-12.96480497456301,7.940408914043836,14.133790254592896
-12.96480497456301,7.940408914043836,14.133790254592896
-12.96480497456301,7.940408914043836,14.133790254592896
-12.965177958703519,7.939590543211899,14.133790254592896
-12.965177958703519,7.939590543211899,14.133790254592896
-12.965177958703519,7.939590543211899,14.133790254592896
-12.965177958703519,7.939590543211899,14.133790254592896
-12.965177958703519,7.939590543211899,14.133790254592896
-12.965177958703519,7.939590543211899,14.133790254592896
-12.965177958703519,7.939590543211899,14.133790254592896
-12.965177958703519,7.939590543211899,14.133790254592896
-12.965177958703519,7.939590543211899,14.133790254592896
-12.955982770526484,7.93503109664887,14.133790254592896
-12.955982770526484,7.93503109664887,14.133790254592896
-12.955982770526484,7.93503109664887,14.133790254592896
-12.955982770526484,7.93503109664887,14.133790254592896
-12.955982770526484,7.93503109664887,14.133790254592896
-12.955982770526484,7.93503109664887,14.133790254592896
-12.955982770526484,7.93503109664887,14.133790254592896
-12.955982770526484,7.93503109664887,14.133790254592896
-12.955982770526484,7.93503109664887,14.133790254592896
-12.955982770526484,7.93503109664887,14.133790254592896
-12.955982770526484,7.93503109664887,14.133790254592896
-12.939799085041892,7.93572267538778,14.133790254592896
-12.939799085041892,7.93572267538778,14.133790254592896
-12.939799085041892,7.93572267538778,14.133790254592896
-12.939799085041892,7.93572267538778,14.133790254592896
-12.939799085041892,7.93572267538778,14.133790254592896
-12.939799085041892,7.93572267538778,14.133790254592896
-12.939799085041892,7.93572267538778,14.133790254592896
-12.939799085041892,7.93572267538778,14.133790254592896
-12.939799085041892,7.93572267538778,14.133790254592896
-12.939799085041892,7.93572267538778,14.133790254592896
-12.939799085041892,7.93572267538778,14.133790254592896
-12.939799085041892,7.93572267538778,14.133790254592896
-12.939799085041892,7.93572267538778,14.133790254592896
-12.939799085041892,7.93572267538778,14.133790254592896
-12.939799085041892,7.93572267538778,14.133790254592896
-12.939799085041892,7.93572267538778,14.133790254592896
-12.939799085041892,7.93572267538778,14.133790254592896
-12.932403482423503,7.937006037235038,14.133790254592896
-12.932403482423503,7.937006037235038,14.133790254592896
-12.932403482423503,7.937006037235038,14.133790254592896
-12.932403482423503,7.937006037235038,14.133790254592896
-12.932403482423503,7.937006037235038,14.133790254592896
-12.932403482423503,7.937006037235038,14.133790254592896
-12.932403482423503,7.937006037235038,14.133790254592896
-12.932403482423503,7.937006037235038,14.133790254592896
-12.932403482423503,7.937006037235038,14.133790254592896
-12.932403482423503,7.937006037235038,14.133790254592896
-12.929019388776826,7.93834468814927,14.133790254592896
-12.929019388776826,7.93834468814927,14.133790254592896
-12.929019388776826,7.93834468814927,14.133790254592896
-12.929019388776826,7.93834468814927,14.133790254592896
-12.929019388776826,7.93834468814927,14.133790254592896
-12.929019388776826,7.93834468814927,14.133790254592896
-12.929019388776826,7.93834468814927,14.133790254592896
-12.929019388776826,7.93834468814927,14.133790254592896
-12.929019388776826,7.93834468814927,14.133790254592896
-12.929019388776826,7.93834468814927,14.133790254592896
-12.929019388776826,7.93834468814927,14.133790254592896
-12.929019388776826,7.93834468814927,14.133790254592896
-12.92396003490162,7.938958124786817,14.133790254592896
-12.92396003490162,7.938958124786817,14.133790254592896
-12.92396003490162,7.938958124786817,14.133790254592896
-12.92396003490162,7.938958124786817,14.133790254592896
-12.92396003490162,7.938958124786817,14.133790254592896
-12.92396003490162,7.938958124786817,14.133790254592896
-12.92396003490162,7.938958124786817,14.133790254592896
-12.92396003490162,7.938958124786817,14.133790254592896
-12.92396003490162,7.938958124786817,14.133790254592896
-12.92396003490162,7.938958124786817,14.133790254592896
-12.92396003490162,7.938958124786817,14.133790254592896
-12.92396003490162,7.938958124786817,14.133790254592896
-12.921470409456731,7.938532502426238,14.133790254592896
-12.921470409456731,7.938532502426238,14.133790254592896
-12.921470409456731,7.938532502426238,14.133790254592896
-12.921470409456731,7.938532502426238,14.133790254592896
-12.921470409456731,7.938532502426238,14.133790254592896
-12.921470409456731,7.938532502426238,14.133790254592896
-12.921470409456731,7.938532502426238,14.133790254592896
-12.921470409456731,7.938532502426238,14.133790254592896
-12.921470409456731,7.938532502426238,14.133790254592896
-12.921470409456731,7.938532502426238,14.133790254592896
-12.921470409456731,7.938532502426238,14.133790254592896
-12.921470409456731,7.938532502426238,14.133790254592896
-12.921470409456731,7.938532502426238,14.133790254592896
-12.921470409456731,7.938532502426238,14.133790254592896
-12.921470409456731,7.938532502426238,14.133790254592896
-12.921470409456731,7.938532502426238,14.133790254592896
-12.921470409456731,7.938532502426238,14.133790254592896
-12.921470409456731,7.938532502426238,14.133790254592896
-12.921470409456731,7.938532502426238,14.133790254592896
-12.921470409456731,7.938532502426238,14.133790254592896
-12.918312216641407,7.9378440752533255,14.133790254592896
-12.918312216641407,7.9378440752533255,14.133790254592896
-12.918312216641407,7.9378440752533255,14.133790254592896
-12.918312216641407,7.9378440752533255,14.133790254592896
-12.918312216641407,7.9378440752533255,14.133790254592896
-12.918312216641407,7.9378440752533255,14.133790254592896
-12.918312216641407,7.9378440752533255,14.133790254592896
-12.918312216641407,7.9378440752533255,14.133790254592896
-12.918312216641407,7.9378440752533255,14.133790254592896
-12.918312216641407,7.9378440752533255,14.133790254592896
-12.917579441069764,7.932833181082744,14.133790254592896
-12.917579441069764,7.932833181082744,14.133790254592896
-12.917579441069764,7.932833181082744,14.133790254592896
-12.917579441069764,7.932833181082744,14.133790254592896
-12.917579441069764,7.932833181082744,14.133790254592896
-12.917579441069764,7.932833181082744,14.133790254592896
-12.917579441069764,7.932833181082744,14.133790254592896
-12.917579441069764,7.932833181082744,14.133790254592896
-12.917579441069764,7.932833181082744,14.133790254592896
-12.917579441069764,7.932833181082744,14.133790254592896
-12.911891649086119,7.93520101987691,14.133790254592896
-12.911891649086119,7.93520101987691,14.133790254592896
-12.911891649086119,7.93520101987691,14.133790254592896
-12.911891649086119,7.93520101987691,14.133790254592896
-12.911891649086119,7.93520101987691,14.133790254592896
-12.911891649086119,7.93520101987691,14.133790254592896
-12.911891649086119,7.93520101987691,14.133790254592896
-12.911891649086119,7.93520101987691,14.133790254592896
-12.911891649086119,7.93520101987691,14.133790254592896
-12.911891649086119,7.93520101987691,14.133790254592896
-12.911891649086119,7.93520101987691,14.133790254592896
-12.913919243627314,7.929040559098928,14.133790254592896
-12.913919243627314,7.929040559098928,14.133790254592896
-12.913919243627314,7.929040559098928,14.133790254592896
-12.913919243627314,7.929040559098928,14.133790254592896
-12.913919243627314,7.929040559098928,14.133790254592896
-12.913919243627314,7.929040559098928,14.133790254592896
-12.913919243627314,7.929040559098928,14.133790254592896
-12.914575744724663,7.931376275149061,14.133790254592896
-12.914575744724663,7.931376275149061,14.133790254592896
-12.914575744724663,7.931376275149061,14.133790254592896
-12.914575744724663,7.931376275149061,14.133790254592896
-12.914575744724663,7.931376275149061,14.133790254592896
-12.914575744724663,7.931376275149061,14.133790254592896
-12.914575744724663,7.931376275149061,14.133790254592896
-12.914575744724663,7.931376275149061,14.133790254592896
-12.914575744724663,7.931376275149061,14.133790254592896
-12.914575744724663,7.931376275149061,14.133790254592896
-12.914575744724663,7.931376275149061,14.133790254592896
-12.914575744724663,7.931376275149061,14.133790254592896
-12.914575744724663,7.931376275149061,14.133790254592896
-12.914575744724663,7.931376275149061,14.133790254592896
-12.914575744724663,7.931376275149061,14.133790254592896
-12.914575744724663,7.931376275149061,14.133790254592896
-12.910993906798543,7.932440662520822,14.133790254592896
-12.910993906798543,7.932440662520822,14.133790254592896
-12.910993906798543,7.932440662520822,14.133790254592896
-12.910993906798543,7.932440662520822,14.133790254592896
-12.910993906798543,7.932440662520822,14.133790254592896
-12.910993906798543,7.932440662520822,14.133790254592896
-12.910993906798543,7.932440662520822,14.133790254592896
-12.910993906798543,7.932440662520822,14.133790254592896
-12.910993906798543,7.932440662520822,14.133790254592896
-12.910993906798543,7.932440662520822,14.133790254592896
-12.911574716626566,7.935849978461153,14.133790254592896
-12.911574716626566,7.935849978461153,14.133790254592896
-12.911574716626566,7.935849978461153,14.133790254592896
-12.911574716626566,7.935849978461153,14.133790254592896
-12.911574716626566,7.935849978461153,14.133790254592896
-12.911574716626566,7.935849978461153,14.133790254592896
-12.911574716626566,7.935849978461153,14.133790254592896
-12.913334412484232,7.940108635364422,14.133790254592896
-12.913334412484232,7.940108635364422,14.133790254592896
-12.913334412484232,7.940108635364422,14.133790254592896
-12.913334412484232,7.940108635364422,14.133790254592896
-12.913334412484232,7.940108635364422,14.133790254592896
-12.913334412484232,7.940108635364422,14.133790254592896
-12.913334412484232,7.940108635364422,14.133790254592896
-12.908241310041069,7.95602161339273,14.133790254592896
-12.908241310041069,7.95602161339273,14.133790254592896
-12.908241310041069,7.95602161339273,14.133790254592896
-12.908241310041069,7.95602161339273,14.133790254592896
-12.908241310041069,7.95602161339273,14.133790254592896
-12.908241310041069,7.95602161339273,14.133790254592896
-12.908241310041069,7.95602161339273,14.133790254592896
-12.907966237592204,7.939897836397827,14.133790254592896
-12.907966237592204,7.939897836397827,14.133790254592896
-12.907966237592204,7.939897836397827,14.133790254592896
-12.907966237592204,7.939897836397827,14.133790254592896
-12.907966237592204,7.939897836397827,14.133790254592896
-12.907966237592204,7.939897836397827,14.133790254592896
-12.907966237592204,7.939897836397827,14.133790254592896
-12.907966237592204,7.939897836397827,14.133790254592896
-12.908116007887713,7.940119586501833,14.133790254592896
-12.908116007887713,7.940119586501833,14.133790254592896
-12.908116007887713,7.940119586501833,14.133790254592896
-12.908116007887713,7.940119586501833,14.133790254592896
-12.908116007887713,7.940119586501833,14.133790254592896
-12.908116007887713,7.940119586501833,14.133790254592896
-12.906831130807658,7.940018912497975,14.133790254592896
-12.906831130807658,7.940018912497975,14.133790254592896
-12.906831130807658,7.940018912497975,14.133790254592896
-12.906831130807658,7.940018912497975,14.133790254592896
-12.906831130807658,7.940018912497975,14.133790254592896
-12.906831130807658,7.940018912497975,14.133790254592896
-12.906831130807658,7.940018912497975,14.133790254592896
-12.906831130807658,7.940018912497975,14.133790254592896
-12.905769252146253,7.936784195019189,14.133790254592896
-12.905769252146253,7.936784195019189,14.133790254592896
-12.905769252146253,7.936784195019189,14.133790254592896
-12.905769252146253,7.936784195019189,14.133790254592896
-12.905769252146253,7.936784195019189,14.133790254592896
-12.905769252146253,7.936784195019189,14.133790254592896
-12.902018586439018,7.933057557002355,14.133790254592896
-12.902018586439018,7.933057557002355,14.133790254592896
-12.902018586439018,7.933057557002355,14.133790254592896
-12.902018586439018,7.933057557002355,14.133790254592896
-12.902018586439018,7.933057557002355,14.133790254592896
-12.902018586439018,7.933057557002355,14.133790254592896
-12.902018586439018,7.933057557002355,14.133790254592896
-12.902018586439018,7.933057557002355,14.133790254592896
-12.903965434948402,7.930852772430962,14.133790254592896
-12.903965434948402,7.930852772430962,14.133790254592896
-12.903965434948402,7.930852772430962,14.133790254592896
-12.903965434948402,7.930852772430962,14.133790254592896
-12.903965434948402,7.930852772430962,14.133790254592896
-12.903965434948402,7.930852772430962,14.133790254592896
-12.903965434948402,7.930852772430962,14.133790254592896
-12.903965434948402,7.930852772430962,14.133790254592896
-12.902230478345064,7.927990298887991,14.133790254592896
-12.902230478345064,7.927990298887991,14.133790254592896
-12.902230478345064,7.927990298887991,14.133790254592896
-12.902230478345064,7.927990298887991,14.133790254592896
-12.902230478345064,7.927990298887991,14.133790254592896
-12.902230478345064,7.927990298887991,14.133790254592896
-12.902230478345064,7.927990298887991,14.133790254592896
-12.902230478345064,7.927990298887991,14.133790254592896
-12.902230478345064,7.927990298887991,14.133790254592896
-12.902230478345064,7.927990298887991,14.133790254592896
-12.902230478345064,7.927990298887991,14.133790254592896
-12.902230478345064,7.927990298887991,14.133790254592896
-12.902230478345064,7.927990298887991,14.133790254592896
-12.906113415699132,7.929105976859802,14.133790254592896
-12.906113415699132,7.929105976859802,14.133790254592896
-12.906113415699132,7.929105976859802,14.133790254592896
-12.906113415699132,7.929105976859802,14.133790254592896
-12.906113415699132,7.929105976859802,14.133790254592896
-12.906113415699132,7.929105976859802,14.133790254592896
-12.906113415699132,7.929105976859802,14.133790254592896
-12.906113415699132,7.929105976859802,14.133790254592896
-12.906113415699132,7.929105976859802,14.133790254592896
-12.906113415699132,7.929105976859802,14.133790254592896
-12.906113415699132,7.929105976859802,14.133790254592896
-12.906113415699132,7.929105976859802,14.133790254592896
-12.906113415699132,7.929105976859802,14.133790254592896
-12.906113415699132,7.929105976859802,14.133790254592896
-12.903916703728568,7.9293211538836585,14.133790254592896
-12.903916703728568,7.9293211538836585,14.133790254592896
-12.903916703728568,7.9293211538836585,14.133790254592896
-12.903916703728568,7.9293211538836585,14.133790254592896
-12.903916703728568,7.9293211538836585,14.133790254592896
-12.903916703728568,7.9293211538836585,14.133790254592896
-12.903916703728568,7.9293211538836585,14.133790254592896
-12.903916703728568,7.9293211538836585,14.133790254592896
-12.903916703728568,7.9293211538836585,14.133790254592896
-12.903916703728568,7.9293211538836585,14.133790254592896
-12.903916703728568,7.9293211538836585,14.133790254592896
-12.90642532315944,7.934236718107148,14.133790254592896
-12.90642532315944,7.934236718107148,14.133790254592896
-12.90642532315944,7.934236718107148,14.133790254592896
-12.90642532315944,7.934236718107148,14.133790254592896
-12.90642532315944,7.934236718107148,14.133790254592896
-12.90642532315944,7.934236718107148,14.133790254592896
-12.90642532315944,7.934236718107148,14.133790254592896
-12.90642532315944,7.934236718107148,14.133790254592896
-12.90642532315944,7.934236718107148,14.133790254592896
-12.90642532315944,7.934236718107148,14.133790254592896
-12.90642532315944,7.934236718107148,14.133790254592896
-12.90642532315944,7.934236718107148,14.133790254592896
-12.90642532315944,7.934236718107148,14.133790254592896
-12.90642532315944,7.934236718107148,14.133790254592896
-12.90642532315944,7.934236718107148,14.133790254592896
-12.909603458478436,7.941854580267131,14.133790254592896
-12.909603458478436,7.941854580267131,14.133790254592896
-12.909603458478436,7.941854580267131,14.133790254592896
-12.909603458478436,7.941854580267131,14.133790254592896
-12.909603458478436,7.941854580267131,14.133790254592896
-12.909603458478436,7.941854580267131,14.133790254592896
-12.909603458478436,7.941854580267131,14.133790254592896
-12.909603458478436,7.941854580267131,14.133790254592896
-12.909603458478436,7.941854580267131,14.133790254592896
-12.909603458478436,7.941854580267131,14.133790254592896
-12.911660780498273,7.938296870179095,14.133790254592896
-12.911660780498273,7.938296870179095,14.133790254592896
-12.911660780498273,7.938296870179095,14.133790254592896
-12.911660780498273,7.938296870179095,14.133790254592896
-12.911660780498273,7.938296870179095,14.133790254592896
-12.911660780498273,7.938296870179095,14.133790254592896
-12.911660780498273,7.938296870179095,14.133790254592896
-12.911660780498273,7.938296870179095,14.133790254592896
-12.911660780498273,7.938296870179095,14.133790254592896
-12.911660780498273,7.938296870179095,14.133790254592896
-12.911660780498273,7.938296870179095,14.133790254592896
-12.911660780498273,7.938296870179095,14.133790254592896
-12.90279848322441,7.934478223977262,14.133790254592896
-12.90279848322441,7.934478223977262,14.133790254592896
-12.90279848322441,7.934478223977262,14.133790254592896
-12.90279848322441,7.934478223977262,14.133790254592896
-12.90279848322441,7.934478223977262,14.133790254592896
-12.90279848322441,7.934478223977262,14.133790254592896
-12.90279848322441,7.934478223977262,14.133790254592896
-12.90279848322441,7.934478223977262,14.133790254592896
-12.90279848322441,7.934478223977262,14.133790254592896
-12.90279848322441,7.934478223977262,14.133790254592896
-12.905174688997112,7.934502473403294,14.133790254592896
-12.905174688997112,7.934502473403294,14.133790254592896
-12.905174688997112,7.934502473403294,14.133790254592896
-12.905174688997112,7.934502473403294,14.133790254592896
-12.905174688997112,7.934502473403294,14.133790254592896
-12.905174688997112,7.934502473403294,14.133790254592896
-12.905174688997112,7.934502473403294,14.133790254592896
-12.905174688997112,7.934502473403294,14.133790254592896
-12.905174688997112,7.934502473403294,14.133790254592896
-12.887697991453235,7.946216843086668,14.133790254592896
-12.887697991453235,7.946216843086668,14.133790254592896
-12.887697991453235,7.946216843086668,14.133790254592896
-12.887697991453235,7.946216843086668,14.133790254592896
-12.887697991453235,7.946216843086668,14.133790254592896
-12.887697991453235,7.946216843086668,14.133790254592896
-12.887379548288994,7.954659071135733,14.133790254592896
-12.887379548288994,7.954659071135733,14.133790254592896
-12.887379548288994,7.954659071135733,14.133790254592896
-12.887379548288994,7.954659071135733,14.133790254592896
-12.887379548288994,7.954659071135733,14.133790254592896
-12.881673689143666,7.963487700041275,14.133790254592896
-12.881673689143666,7.963487700041275,14.133790254592896
-12.881673689143666,7.963487700041275,14.133790254592896
-12.881673689143666,7.963487700041275,14.133790254592896
-12.881673689143666,7.963487700041275,14.133790254592896
-12.881673689143666,7.963487700041275,14.133790254592896
-12.87938175001498,7.969843228536716,14.133790254592896
-12.87938175001498,7.969843228536716,14.133790254592896
-12.87938175001498,7.969843228536716,14.133790254592896
-12.87938175001498,7.969843228536716,14.133790254592896
-12.87938175001498,7.969843228536716,14.133790254592896
-12.87938175001498,7.969843228536716,14.133790254592896
-12.87938175001498,7.969843228536716,14.133790254592896
-12.88170276722527,7.971601265207839,14.133790254592896
-12.88170276722527,7.971601265207839,14.133790254592896
-12.88170276722527,7.971601265207839,14.133790254592896
-12.88170276722527,7.971601265207839,14.133790254592896
-12.88170276722527,7.971601265207839,14.133790254592896
-12.88170276722527,7.971601265207839,14.133790254592896
-12.88170276722527,7.971601265207839,14.133790254592896
-12.877973016180793,7.9799814597618735,14.133790254592896
-12.877973016180793,7.9799814597618735,14.133790254592896
-12.877973016180793,7.9799814597618735,14.133790254592896
-12.877973016180793,7.9799814597618735,14.133790254592896
-12.877973016180793,7.9799814597618735,14.133790254592896
-12.877973016180793,7.9799814597618735,14.133790254592896
-12.877973016180793,7.9799814597618735,14.133790254592896
-12.877973016180793,7.9799814597618735,14.133790254592896
-12.881465043322505,7.9801007323550515,14.133790254592896
-12.881465043322505,7.9801007323550515,14.133790254592896
-12.881465043322505,7.9801007323550515,14.133790254592896
-12.881465043322505,7.9801007323550515,14.133790254592896
-12.881465043322505,7.9801007323550515,14.133790254592896
-12.881465043322505,7.9801007323550515,14.133790254592896
-12.881465043322505,7.9801007323550515,14.133790254592896
-12.881465043322505,7.9801007323550515,14.133790254592896
-12.881465043322505,7.9801007323550515,14.133790254592896
-12.881465043322505,7.9801007323550515,14.133790254592896
-12.881465043322505,7.9801007323550515,14.133790254592896
-12.881465043322505,7.9801007323550515,14.133790254592896
-12.879945151509474,7.982293422455958,14.133790254592896
-12.879945151509474,7.982293422455958,14.133790254592896
-12.879945151509474,7.982293422455958,14.133790254592896
-12.879945151509474,7.982293422455958,14.133790254592896
-12.879945151509474,7.982293422455958,14.133790254592896
-12.879945151509474,7.982293422455958,14.133790254592896
-12.879945151509474,7.982293422455958,14.133790254592896
-12.879945151509474,7.982293422455958,14.133790254592896
-12.879945151509474,7.982293422455958,14.133790254592896
-12.878190666698998,7.989033686253089,14.133790254592896
-12.878190666698998,7.989033686253089,14.133790254592896
-12.878190666698998,7.989033686253089,14.133790254592896
-12.878190666698998,7.989033686253089,14.133790254592896
-12.878190666698998,7.989033686253089,14.133790254592896
-12.878190666698998,7.989033686253089,14.133790254592896
-12.878190666698998,7.989033686253089,14.133790254592896
-12.87231343178697,7.986777396258213,14.133790254592896
-12.87231343178697,7.986777396258213,14.133790254592896
-12.87231343178697,7.986777396258213,14.133790254592896
-12.87231343178697,7.986777396258213,14.133790254592896
-12.87231343178697,7.986777396258213,14.133790254592896
-12.87231343178697,7.986777396258213,14.133790254592896
-12.87231343178697,7.986777396258213,14.133790254592896
-12.869897034215683,7.995485533100603,14.133790254592896
-12.869897034215683,7.995485533100603,14.133790254592896
-12.869897034215683,7.995485533100603,14.133790254592896
-12.869897034215683,7.995485533100603,14.133790254592896
-12.869897034215683,7.995485533100603,14.133790254592896
-12.869897034215683,7.995485533100603,14.133790254592896
-12.869897034215683,7.995485533100603,14.133790254592896
-12.869897034215683,7.995485533100603,14.133790254592896
-12.869897034215683,7.995485533100603,14.133790254592896
-12.86972438464749,7.9892135337510535,14.133790254592896
-12.86972438464749,7.9892135337510535,14.133790254592896
-12.86972438464749,7.9892135337510535,14.133790254592896
-12.86972438464749,7.9892135337510535,14.133790254592896
-12.86972438464749,7.9892135337510535,14.133790254592896
-12.86972438464749,7.9892135337510535,14.133790254592896
-12.86972438464749,7.9892135337510535,14.133790254592896
-12.86972438464749,7.9892135337510535,14.133790254592896
-12.86972438464749,7.9892135337510535,14.133790254592896
-12.872613625419037,7.988951444214569,14.133790254592896
-12.872613625419037,7.988951444214569,14.133790254592896
-12.872613625419037,7.988951444214569,14.133790254592896
-12.872613625419037,7.988951444214569,14.133790254592896
-12.872613625419037,7.988951444214569,14.133790254592896
-12.872613625419037,7.988951444214569,14.133790254592896
-12.872613625419037,7.988951444214569,14.133790254592896
-12.872613625419037,7.988951444214569,14.133790254592896
-12.869536905078418,7.992452691637119,14.133790254592896
-12.869536905078418,7.992452691637119,14.133790254592896
-12.869536905078418,7.992452691637119,14.133790254592896
-12.869536905078418,7.992452691637119,14.133790254592896
-12.872733949084976,7.995595026234011,14.133790254592896
-12.872733949084976,7.995595026234011,14.133790254592896
-12.872733949084976,7.995595026234011,14.133790254592896
-12.872733949084976,7.995595026234011,14.133790254592896
-12.872733949084976,7.995595026234011,14.133790254592896
-12.867000434606641,7.997532851450813,14.133790254592896
-12.867000434606641,7.997532851450813,14.133790254592896
-12.867000434606641,7.997532851450813,14.133790254592896
-12.867000434606641,7.997532851450813,14.133790254592896
-12.867000434606641,7.997532851450813,14.133790254592896
-12.868338679253165,7.9994994657888014,14.133790254592896
-12.868338679253165,7.9994994657888014,14.133790254592896
-12.868338679253165,7.9994994657888014,14.133790254592896
-12.868338679253165,7.9994994657888014,14.133790254592896
-12.868338679253165,7.9994994657888014,14.133790254592896
-12.868338679253165,7.9994994657888014,14.133790254592896
-12.874341092281117,8.00055718328479,14.133790254592896
-12.874341092281117,8.00055718328479,14.133790254592896
-12.874341092281117,8.00055718328479,14.133790254592896
-12.874341092281117,8.00055718328479,14.133790254592896
-12.874341092281117,8.00055718328479,14.133790254592896
-12.874341092281117,8.00055718328479,14.133790254592896
-12.867645451614424,8.000012643635994,14.133790254592896
-12.867645451614424,8.000012643635994,14.133790254592896
-12.867645451614424,8.000012643635994,14.133790254592896
-12.867645451614424,8.000012643635994,14.133790254592896
-12.867645451614424,8.000012643635994,14.133790254592896
-12.865068346640957,8.008926762300645,14.133790254592896
-12.865068346640957,8.008926762300645,14.133790254592896
-12.865068346640957,8.008926762300645,14.133790254592896
-12.865068346640957,8.008926762300645,14.133790254592896
-12.865068346640957,8.008926762300645,14.133790254592896
-12.86708796462133,8.01306512489036,14.133790254592896
-12.86708796462133,8.01306512489036,14.133790254592896
-12.86708796462133,8.01306512489036,14.133790254592896
-12.86708796462133,8.01306512489036,14.133790254592896
-12.86708796462133,8.01306512489036,14.133790254592896
-12.86708796462133,8.01306512489036,14.133790254592896
-12.86708796462133,8.01306512489036,14.133790254592896
-12.87231597743447,7.99996809342926,14.133790254592896
-12.87231597743447,7.99996809342926,14.133790254592896
-12.87231597743447,7.99996809342926,14.133790254592896
-12.87231597743447,7.99996809342926,14.133790254592896
-12.87231597743447,7.99996809342926,14.133790254592896
-12.87231597743447,7.99996809342926,14.133790254592896
-12.87231597743447,7.99996809342926,14.133790254592896
-12.87231597743447,7.99996809342926,14.133790254592896
-12.87231597743447,7.99996809342926,14.133790254592896
-12.866219517970336,8.000129909717758,14.133790254592896
-12.866219517970336,8.000129909717758,14.133790254592896
-12.866219517970336,8.000129909717758,14.133790254592896
-12.866219517970336,8.000129909717758,14.133790254592896
-12.866219517970336,8.000129909717758,14.133790254592896
-12.866219517970336,8.000129909717758,14.133790254592896
-12.866219517970336,8.000129909717758,14.133790254592896
-13.68309241926437,7.282163690621065,14.133790254592896
-13.68309241926437,7.282163690621065,14.133790254592896
-13.68309241926437,7.282163690621065,14.133790254592896
-13.68309241926437,7.282163690621065,14.133790254592896
-13.68309241926437,7.282163690621065,14.133790254592896
-13.68309241926437,7.282163690621065,14.133790254592896
-13.68309241926437,7.282163690621065,14.133790254592896
-13.68309241926437,7.282163690621065,14.133790254592896
-13.68309241926437,7.282163690621065,14.133790254592896
-13.782452090904474,6.921434380097829,14.133790254592896
-13.782452090904474,6.921434380097829,14.133790254592896
-13.782452090904474,6.921434380097829,14.133790254592896
-13.782452090904474,6.921434380097829,14.133790254592896
-13.782452090904474,6.921434380097829,14.133790254592896
-13.782452090904474,6.921434380097829,14.133790254592896
-13.782452090904474,6.921434380097829,14.133790254592896
-13.785462353844885,6.888399814107233,14.133790254592896
-13.785462353844885,6.888399814107233,14.133790254592896
-13.785462353844885,6.888399814107233,14.133790254592896
-13.785462353844885,6.888399814107233,14.133790254592896
-13.785462353844885,6.888399814107233,14.133790254592896
-13.785462353844885,6.888399814107233,14.133790254592896
-13.785462353844885,6.888399814107233,14.133790254592896
-13.827459866306041,6.882192034795799,14.133790254592896
-13.827459866306041,6.882192034795799,14.133790254592896
-13.827459866306041,6.882192034795799,14.133790254592896
-13.827459866306041,6.882192034795799,14.133790254592896
-13.827459866306041,6.882192034795799,14.133790254592896
-13.827459866306041,6.882192034795799,14.133790254592896
-13.827459866306041,6.882192034795799,14.133790254592896
-13.827459866306041,6.882192034795799,14.133790254592896
-13.827459866306041,6.882192034795799,14.133790254592896
-13.836330710856805,6.838637621413142,14.133790254592896
-13.836330710856805,6.838637621413142,14.133790254592896
-13.836330710856805,6.838637621413142,14.133790254592896
-13.836330710856805,6.838637621413142,14.133790254592896
-13.836330710856805,6.838637621413142,14.133790254592896
-13.836330710856805,6.838637621413142,14.133790254592896
-13.836330710856805,6.838637621413142,14.133790254592896
-13.836330710856805,6.838637621413142,14.133790254592896
-13.836330710856805,6.838637621413142,14.133790254592896
-13.861332850870358,6.800625146445326,14.133790254592896
-13.861332850870358,6.800625146445326,14.133790254592896
-13.861332850870358,6.800625146445326,14.133790254592896
-13.861332850870358,6.800625146445326,14.133790254592896
-13.861332850870358,6.800625146445326,14.133790254592896
-13.861332850870358,6.800625146445326,14.133790254592896
-13.861332850870358,6.800625146445326,14.133790254592896
-13.861332850870358,6.800625146445326,14.133790254592896
-13.861332850870358,6.800625146445326,14.133790254592896
-13.861332850870358,6.800625146445326,14.133790254592896
-13.856674281150232,6.715235177844924,14.133790254592896
-13.856674281150232,6.715235177844924,14.133790254592896
-13.856674281150232,6.715235177844924,14.133790254592896
-13.856674281150232,6.715235177844924,14.133790254592896
-13.856674281150232,6.715235177844924,14.133790254592896
-13.856674281150232,6.715235177844924,14.133790254592896
-13.856674281150232,6.715235177844924,14.133790254592896
-13.856674281150232,6.715235177844924,14.133790254592896
-13.856674281150232,6.715235177844924,14.133790254592896
-13.856674281150232,6.715235177844924,14.133790254592896
-13.853428744098444,6.628879629614042,14.133790254592896
-13.853428744098444,6.628879629614042,14.133790254592896
-13.853428744098444,6.628879629614042,14.133790254592896
-13.853428744098444,6.628879629614042,14.133790254592896
-13.853428744098444,6.628879629614042,14.133790254592896
-13.853428744098444,6.628879629614042,14.133790254592896
-13.853428744098444,6.628879629614042,14.133790254592896
-13.853428744098444,6.628879629614042,14.133790254592896
-13.853428744098444,6.628879629614042,14.133790254592896
-13.853428744098444,6.628879629614042,14.133790254592896
-13.853428744098444,6.628879629614042,14.133790254592896
-13.853428744098444,6.628879629614042,14.133790254592896
-13.853428744098444,6.628879629614042,14.133790254592896
-13.853428744098444,6.628879629614042,14.133790254592896
-13.853428744098444,6.628879629614042,14.133790254592896
-13.872024096488841,6.524939133619013,14.133790254592896
-13.872024096488841,6.524939133619013,14.133790254592896
-13.872024096488841,6.524939133619013,14.133790254592896
-13.872024096488841,6.524939133619013,14.133790254592896
-13.872024096488841,6.524939133619013,14.133790254592896
-13.872024096488841,6.524939133619013,14.133790254592896
-13.872024096488841,6.524939133619013,14.133790254592896
-13.872024096488841,6.524939133619013,14.133790254592896
-13.872024096488841,6.524939133619013,14.133790254592896
-13.872024096488841,6.524939133619013,14.133790254592896
-13.872024096488841,6.524939133619013,14.133790254592896
-13.872024096488841,6.524939133619013,14.133790254592896
-13.872024096488841,6.524939133619013,14.133790254592896
-13.867106813712322,6.390161978453185,14.133790254592896
-13.867106813712322,6.390161978453185,14.133790254592896
-13.867106813712322,6.390161978453185,14.133790254592896
-13.867106813712322,6.390161978453185,14.133790254592896
-13.867106813712322,6.390161978453185,14.133790254592896
-13.867106813712322,6.390161978453185,14.133790254592896
-13.867106813712322,6.390161978453185,14.133790254592896
-13.867106813712322,6.390161978453185,14.133790254592896
-13.867106813712322,6.390161978453185,14.133790254592896
-13.867106813712322,6.390161978453185,14.133790254592896
-13.867106813712322,6.390161978453185,14.133790254592896
-13.914544638979388,6.2015103764427755,14.133790254592896
-13.914544638979388,6.2015103764427755,14.133790254592896
-13.914544638979388,6.2015103764427755,14.133790254592896
-13.914544638979388,6.2015103764427755,14.133790254592896
-13.914544638979388,6.2015103764427755,14.133790254592896
-13.914544638979388,6.2015103764427755,14.133790254592896
-13.914544638979388,6.2015103764427755,14.133790254592896
-13.914544638979388,6.2015103764427755,14.133790254592896
-13.914544638979388,6.2015103764427755,14.133790254592896
-13.914544638979388,6.2015103764427755,14.133790254592896
-13.914544638979388,6.2015103764427755,14.133790254592896
-13.914544638979388,6.2015103764427755,14.133790254592896
-13.914544638979388,6.2015103764427755,14.133790254592896
-13.914544638979388,6.2015103764427755,14.133790254592896
-13.914544638979388,6.2015103764427755,14.133790254592896
-13.86752514037552,6.013813016375721,14.133790254592896
-13.86752514037552,6.013813016375721,14.133790254592896
-13.86752514037552,6.013813016375721,14.133790254592896
-13.86752514037552,6.013813016375721,14.133790254592896
-13.86752514037552,6.013813016375721,14.133790254592896
-13.86752514037552,6.013813016375721,14.133790254592896
-13.86752514037552,6.013813016375721,14.133790254592896
-13.86752514037552,6.013813016375721,14.133790254592896
-13.86752514037552,6.013813016375721,14.133790254592896
-13.86752514037552,6.013813016375721,14.133790254592896
-13.86752514037552,6.013813016375721,14.133790254592896
-13.86752514037552,6.013813016375721,14.133790254592896
-13.86752514037552,6.013813016375721,14.133790254592896
-13.85364826383244,5.757843595774953,14.133790254592896
-13.85364826383244,5.757843595774953,14.133790254592896
-13.85364826383244,5.757843595774953,14.133790254592896
-13.85364826383244,5.757843595774953,14.133790254592896
-13.85364826383244,5.757843595774953,14.133790254592896
-13.85364826383244,5.757843595774953,14.133790254592896
-13.85364826383244,5.757843595774953,14.133790254592896
-13.85364826383244,5.757843595774953,14.133790254592896
-13.85364826383244,5.757843595774953,14.133790254592896
-13.85364826383244,5.757843595774953,14.133790254592896
-13.85364826383244,5.757843595774953,14.133790254592896
-13.85364826383244,5.757843595774953,14.133790254592896
-13.85364826383244,5.757843595774953,14.133790254592896
-13.85364826383244,5.757843595774953,14.133790254592896
-13.837576427016431,5.5163001667766975,14.133790254592896
-13.837576427016431,5.5163001667766975,14.133790254592896
-13.837576427016431,5.5163001667766975,14.133790254592896
-13.837576427016431,5.5163001667766975,14.133790254592896
-13.837576427016431,5.5163001667766975,14.133790254592896
-13.837576427016431,5.5163001667766975,14.133790254592896
-13.837576427016431,5.5163001667766975,14.133790254592896
-13.837576427016431,5.5163001667766975,14.133790254592896
-13.837576427016431,5.5163001667766975,14.133790254592896
-13.837576427016431,5.5163001667766975,14.133790254592896
-13.798534627172737,5.22363323101214,14.133790254592896
-13.798534627172737,5.22363323101214,14.133790254592896
-13.798534627172737,5.22363323101214,14.133790254592896
-13.798534627172737,5.22363323101214,14.133790254592896
-13.798534627172737,5.22363323101214,14.133790254592896
-13.798534627172737,5.22363323101214,14.133790254592896
-13.798534627172737,5.22363323101214,14.133790254592896
-13.798534627172737,5.22363323101214,14.133790254592896
-13.798534627172737,5.22363323101214,14.133790254592896
-13.798534627172737,5.22363323101214,14.133790254592896
-13.798534627172737,5.22363323101214,14.133790254592896
-13.798534627172737,5.22363323101214,14.133790254592896
-13.778351728427843,5.010961086280324,14.133790254592896
-13.778351728427843,5.010961086280324,14.133790254592896
-13.778351728427843,5.010961086280324,14.133790254592896
-13.778351728427843,5.010961086280324,14.133790254592896
-13.778351728427843,5.010961086280324,14.133790254592896
-13.778351728427843,5.010961086280324,14.133790254592896
-13.778351728427843,5.010961086280324,14.133790254592896
-13.778351728427843,5.010961086280324,14.133790254592896
-13.778351728427843,5.010961086280324,14.133790254592896
-13.778351728427843,5.010961086280324,14.133790254592896
-13.778351728427843,5.010961086280324,14.133790254592896
-13.778351728427843,5.010961086280324,14.133790254592896
-13.778351728427843,5.010961086280324,14.133790254592896
-13.792046517026566,4.7810132459563395,14.133790254592896
-13.792046517026566,4.7810132459563395,14.133790254592896
-13.792046517026566,4.7810132459563395,14.133790254592896
-13.792046517026566,4.7810132459563395,14.133790254592896
-13.792046517026566,4.7810132459563395,14.133790254592896
-13.792046517026566,4.7810132459563395,14.133790254592896
-13.792046517026566,4.7810132459563395,14.133790254592896
-13.792046517026566,4.7810132459563395,14.133790254592896
-13.792046517026566,4.7810132459563395,14.133790254592896
-13.786984745717232,4.40888830955962,14.133790254592896
-13.786984745717232,4.40888830955962,14.133790254592896
-13.786984745717232,4.40888830955962,14.133790254592896
-13.786984745717232,4.40888830955962,14.133790254592896
-13.786984745717232,4.40888830955962,14.133790254592896
-13.786984745717232,4.40888830955962,14.133790254592896
-13.786984745717232,4.40888830955962,14.133790254592896
-13.786984745717232,4.40888830955962,14.133790254592896
-13.786984745717232,4.40888830955962,14.133790254592896
-13.786984745717232,4.40888830955962,14.133790254592896
-13.796920645221752,4.219841160116598,14.133790254592896
-13.796920645221752,4.219841160116598,14.133790254592896
-13.796920645221752,4.219841160116598,14.133790254592896
-13.796920645221752,4.219841160116598,14.133790254592896
-13.796920645221752,4.219841160116598,14.133790254592896
-13.796920645221752,4.219841160116598,14.133790254592896
-13.796920645221752,4.219841160116598,14.133790254592896
-13.796920645221752,4.219841160116598,14.133790254592896
-13.796920645221752,4.219841160116598,14.133790254592896
-13.796920645221752,4.219841160116598,14.133790254592896
-13.812151486060223,3.961232304938129,14.133790254592896
-13.812151486060223,3.961232304938129,14.133790254592896
-13.812151486060223,3.961232304938129,14.133790254592896
-13.812151486060223,3.961232304938129,14.133790254592896
-13.812151486060223,3.961232304938129,14.133790254592896
-13.812151486060223,3.961232304938129,14.133790254592896
-13.812151486060223,3.961232304938129,14.133790254592896
-13.812151486060223,3.961232304938129,14.133790254592896
-13.812151486060223,3.961232304938129,14.133790254592896
-13.812151486060223,3.961232304938129,14.133790254592896
-13.812151486060223,3.961232304938129,14.133790254592896
-13.792636854180616,3.6938395148565255,14.133790254592896
-13.792636854180616,3.6938395148565255,14.133790254592896
-13.792636854180616,3.6938395148565255,14.133790254592896
-13.792636854180616,3.6938395148565255,14.133790254592896
-13.792636854180616,3.6938395148565255,14.133790254592896
-13.792636854180616,3.6938395148565255,14.133790254592896
-13.792636854180616,3.6938395148565255,14.133790254592896
-13.792636854180616,3.6938395148565255,14.133790254592896
-13.784148823209124,3.357955433862731,14.133790254592896
-13.784148823209124,3.357955433862731,14.133790254592896
-13.784148823209124,3.357955433862731,14.133790254592896
-13.784148823209124,3.357955433862731,14.133790254592896
-13.784148823209124,3.357955433862731,14.133790254592896
-13.784148823209124,3.357955433862731,14.133790254592896
-13.784148823209124,3.357955433862731,14.133790254592896
-13.784148823209124,3.357955433862731,14.133790254592896
-13.793207200206309,3.156090384421583,14.133790254592896
-13.793207200206309,3.156090384421583,14.133790254592896
-13.793207200206309,3.156090384421583,14.133790254592896
-13.793207200206309,3.156090384421583,14.133790254592896
-13.793207200206309,3.156090384421583,14.133790254592896
-13.793207200206309,3.156090384421583,14.133790254592896
-13.793207200206309,3.156090384421583,14.133790254592896
-13.793207200206309,3.156090384421583,14.133790254592896
-13.811405324785694,2.9232941702527495,14.133790254592896
-13.811405324785694,2.9232941702527495,14.133790254592896
-13.811405324785694,2.9232941702527495,14.133790254592896
-13.811405324785694,2.9232941702527495,14.133790254592896
-13.811405324785694,2.9232941702527495,14.133790254592896
-13.811405324785694,2.9232941702527495,14.133790254592896
-13.811405324785694,2.9232941702527495,14.133790254592896
-13.811405324785694,2.9232941702527495,14.133790254592896
-13.811822935155861,2.682837473084164,14.133790254592896
-13.811822935155861,2.682837473084164,14.133790254592896
-13.811822935155861,2.682837473084164,14.133790254592896
-13.811822935155861,2.682837473084164,14.133790254592896
-13.811822935155861,2.682837473084164,14.133790254592896
-13.811822935155861,2.682837473084164,14.133790254592896
-13.811822935155861,2.682837473084164,14.133790254592896
-13.811822935155861,2.682837473084164,14.133790254592896
-13.811822935155861,2.682837473084164,14.133790254592896
-13.811822935155861,2.682837473084164,14.133790254592896
-13.811822935155861,2.682837473084164,14.133790254592896
-13.831045402397637,2.44217306382546,14.133790254592896
-13.831045402397637,2.44217306382546,14.133790254592896
-13.831045402397637,2.44217306382546,14.133790254592896
-13.831045402397637,2.44217306382546,14.133790254592896
-13.831045402397637,2.44217306382546,14.133790254592896
-13.831045402397637,2.44217306382546,14.133790254592896
-13.831045402397637,2.44217306382546,14.133790254592896
-13.831045402397637,2.44217306382546,14.133790254592896
-13.831045402397637,2.44217306382546,14.133790254592896
-13.831045402397637,2.44217306382546,14.133790254592896
-13.831045402397637,2.44217306382546,14.133790254592896
-13.831045402397637,2.44217306382546,14.133790254592896
-13.831045402397637,2.44217306382546,14.133790254592896
-13.831045402397637,2.44217306382546,14.133790254592896
-13.831045402397637,2.44217306382546,14.133790254592896
-13.819852426060912,2.0423485916104203,14.133790254592896
-13.819852426060912,2.0423485916104203,14.133790254592896
-13.819852426060912,2.0423485916104203,14.133790254592896
-13.819852426060912,2.0423485916104203,14.133790254592896
-13.819852426060912,2.0423485916104203,14.133790254592896
-13.819852426060912,2.0423485916104203,14.133790254592896
-13.819852426060912,2.0423485916104203,14.133790254592896
-13.819852426060912,2.0423485916104203,14.133790254592896
-13.819852426060912,2.0423485916104203,14.133790254592896
-13.819852426060912,2.0423485916104203,14.133790254592896
-13.819852426060912,2.0423485916104203,14.133790254592896
-13.819852426060912,2.0423485916104203,14.133790254592896
-13.819852426060912,2.0423485916104203,14.133790254592896
-13.819852426060912,2.0423485916104203,14.133790254592896
-13.857867467328559,1.5621392899621929,14.133790254592896
-13.857867467328559,1.5621392899621929,14.133790254592896
-13.857867467328559,1.5621392899621929,14.133790254592896
-13.857867467328559,1.5621392899621929,14.133790254592896
-13.857867467328559,1.5621392899621929,14.133790254592896
-13.857867467328559,1.5621392899621929,14.133790254592896
-13.857867467328559,1.5621392899621929,14.133790254592896
-13.857867467328559,1.5621392899621929,14.133790254592896
-13.857867467328559,1.5621392899621929,14.133790254592896
-13.857867467328559,1.5621392899621929,14.133790254592896
-13.836656301605938,1.170317697297001,14.133790254592896
-13.836656301605938,1.170317697297001,14.133790254592896
-13.836656301605938,1.170317697297001,14.133790254592896
-13.836656301605938,1.170317697297001,14.133790254592896
-13.836656301605938,1.170317697297001,14.133790254592896
-13.836656301605938,1.170317697297001,14.133790254592896
-13.836656301605938,1.170317697297001,14.133790254592896
-13.836656301605938,1.170317697297001,14.133790254592896
-13.836656301605938,1.170317697297001,14.133790254592896
-13.838156656632917,0.8614452995435453,14.133790254592896
-13.838156656632917,0.8614452995435453,14.133790254592896
-13.838156656632917,0.8614452995435453,14.133790254592896
-13.838156656632917,0.8614452995435453,14.133790254592896
-13.838156656632917,0.8614452995435453,14.133790254592896
-13.838156656632917,0.8614452995435453,14.133790254592896
-13.838156656632917,0.8614452995435453,14.133790254592896
-13.838156656632917,0.8614452995435453,14.133790254592896
-13.838156656632917,0.8614452995435453,14.133790254592896
-13.838156656632917,0.8614452995435453,14.133790254592896
-13.838156656632917,0.8614452995435453,14.133790254592896
-13.814423471392512,0.6183359435187062,14.133790254592896
-13.814423471392512,0.6183359435187062,14.133790254592896
-13.814423471392512,0.6183359435187062,14.133790254592896
-13.814423471392512,0.6183359435187062,14.133790254592896
-13.814423471392512,0.6183359435187062,14.133790254592896
-13.814423471392512,0.6183359435187062,14.133790254592896
-13.814423471392512,0.6183359435187062,14.133790254592896
-13.814423471392512,0.6183359435187062,14.133790254592896
-13.814423471392512,0.6183359435187062,14.133790254592896
-13.814423471392512,0.6183359435187062,14.133790254592896
-13.814423471392512,0.6183359435187062,14.133790254592896
-13.814423471392512,0.6183359435187062,14.133790254592896
-13.814423471392512,0.6183359435187062,14.133790254592896
-13.814423471392512,0.6183359435187062,14.133790254592896
-13.814423471392512,0.6183359435187062,14.133790254592896
-13.72878062725887,0.36793875862579867,14.133790254592896
-13.72878062725887,0.36793875862579867,14.133790254592896
-13.72878062725887,0.36793875862579867,14.133790254592896
-13.72878062725887,0.36793875862579867,14.133790254592896
-13.72878062725887,0.36793875862579867,14.133790254592896
-13.72878062725887,0.36793875862579867,14.133790254592896
-13.72878062725887,0.36793875862579867,14.133790254592896
-13.72878062725887,0.36793875862579867,14.133790254592896
-13.72878062725887,0.36793875862579867,14.133790254592896
-13.72878062725887,0.36793875862579867,14.133790254592896
-13.72878062725887,0.36793875862579867,14.133790254592896
-13.72878062725887,0.36793875862579867,14.133790254592896
-13.72878062725887,0.36793875862579867,14.133790254592896
-13.629831857043824,0.04359728732442988,14.133790254592896
-13.629831857043824,0.04359728732442988,14.133790254592896
-13.629831857043824,0.04359728732442988,14.133790254592896
-13.629831857043824,0.04359728732442988,14.133790254592896
-13.629831857043824,0.04359728732442988,14.133790254592896
-13.629831857043824,0.04359728732442988,14.133790254592896
-13.629831857043824,0.04359728732442988,14.133790254592896
-13.629831857043824,0.04359728732442988,14.133790254592896
-13.629831857043824,0.04359728732442988,14.133790254592896
-13.629831857043824,0.04359728732442988,14.133790254592896
-13.629831857043824,0.04359728732442988,14.133790254592896
-13.629831857043824,0.04359728732442988,14.133790254592896
-13.629831857043824,0.04359728732442988,14.133790254592896
-13.629831857043824,0.04359728732442988,14.133790254592896
-13.629831857043824,0.04359728732442988,14.133790254592896
-13.629831857043824,0.04359728732442988,14.133790254592896
-13.629831857043824,0.04359728732442988,14.133790254592896
-13.629831857043824,0.04359728732442988,14.133790254592896
-13.452104687621219,-0.20284180707883853,14.133790254592896
-13.452104687621219,-0.20284180707883853,14.133790254592896
-13.452104687621219,-0.20284180707883853,14.133790254592896
-13.452104687621219,-0.20284180707883853,14.133790254592896
-13.452104687621219,-0.20284180707883853,14.133790254592896
-13.452104687621219,-0.20284180707883853,14.133790254592896
-13.452104687621219,-0.20284180707883853,14.133790254592896
-13.452104687621219,-0.20284180707883853,14.133790254592896
-13.452104687621219,-0.20284180707883853,14.133790254592896
-13.452104687621219,-0.20284180707883853,14.133790254592896
-13.452104687621219,-0.20284180707883853,14.133790254592896
-13.452104687621219,-0.20284180707883853,14.133790254592896
-13.452104687621219,-0.20284180707883853,14.133790254592896
-13.452104687621219,-0.20284180707883853,14.133790254592896
-13.452104687621219,-0.20284180707883853,14.133790254592896
-13.452104687621219,-0.20284180707883853,14.133790254592896
-13.452104687621219,-0.20284180707883853,14.133790254592896
-13.452104687621219,-0.20284180707883853,14.133790254592896
-13.452104687621219,-0.20284180707883853,14.133790254592896
-13.203885465784838,-0.36583308364437905,14.133790254592896
-13.203885465784838,-0.36583308364437905,14.133790254592896
-13.203885465784838,-0.36583308364437905,14.133790254592896
-13.203885465784838,-0.36583308364437905,14.133790254592896
-13.203885465784838,-0.36583308364437905,14.133790254592896
-13.203885465784838,-0.36583308364437905,14.133790254592896
-13.203885465784838,-0.36583308364437905,14.133790254592896
-13.203885465784838,-0.36583308364437905,14.133790254592896
-13.203885465784838,-0.36583308364437905,14.133790254592896
-13.203885465784838,-0.36583308364437905,14.133790254592896
-13.203885465784838,-0.36583308364437905,14.133790254592896
-13.203885465784838,-0.36583308364437905,14.133790254592896
-12.895352591310454,-0.3572000705942322,14.133790254592896
-12.895352591310454,-0.3572000705942322,14.133790254592896
-12.895352591310454,-0.3572000705942322,14.133790254592896
-12.895352591310454,-0.3572000705942322,14.133790254592896
-12.895352591310454,-0.3572000705942322,14.133790254592896
-12.895352591310454,-0.3572000705942322,14.133790254592896
-12.895352591310454,-0.3572000705942322,14.133790254592896
-12.895352591310454,-0.3572000705942322,14.133790254592896
-12.895352591310454,-0.3572000705942322,14.133790254592896
-12.895352591310454,-0.3572000705942322,14.133790254592896
-12.895352591310454,-0.3572000705942322,14.133790254592896
-12.895352591310454,-0.3572000705942322,14.133790254592896
-12.895352591310454,-0.3572000705942322,14.133790254592896
-12.895352591310454,-0.3572000705942322,14.133790254592896
-12.76872288778354,-0.20547873734978422,14.133790254592896
-12.76872288778354,-0.20547873734978422,14.133790254592896
-12.76872288778354,-0.20547873734978422,14.133790254592896
-12.76872288778354,-0.20547873734978422,14.133790254592896
-12.76872288778354,-0.20547873734978422,14.133790254592896
-12.76872288778354,-0.20547873734978422,14.133790254592896
-12.76872288778354,-0.20547873734978422,14.133790254592896
-12.76872288778354,-0.20547873734978422,14.133790254592896
-12.76872288778354,-0.20547873734978422,14.133790254592896
-12.76872288778354,-0.20547873734978422,14.133790254592896
-12.76872288778354,-0.20547873734978422,14.133790254592896
-12.714085917305662,-0.00985510892268,14.133790254592896
-12.714085917305662,-0.00985510892268,14.133790254592896
-12.714085917305662,-0.00985510892268,14.133790254592896
-12.714085917305662,-0.00985510892268,14.133790254592896
-12.714085917305662,-0.00985510892268,14.133790254592896
-12.714085917305662,-0.00985510892268,14.133790254592896
-12.714085917305662,-0.00985510892268,14.133790254592896
-12.714085917305662,-0.00985510892268,14.133790254592896
-12.714085917305662,-0.00985510892268,14.133790254592896
-12.714085917305662,-0.00985510892268,14.133790254592896
-12.741286023628062,0.1272336083406998,14.133790254592896
-12.741286023628062,0.1272336083406998,14.133790254592896
-12.741286023628062,0.1272336083406998,14.133790254592896
-12.741286023628062,0.1272336083406998,14.133790254592896
-12.741286023628062,0.1272336083406998,14.133790254592896
-12.741286023628062,0.1272336083406998,14.133790254592896
-12.741286023628062,0.1272336083406998,14.133790254592896
-12.741286023628062,0.1272336083406998,14.133790254592896
-12.741286023628062,0.1272336083406998,14.133790254592896
-12.741286023628062,0.1272336083406998,14.133790254592896
-12.624892851197899,0.18558207870849483,14.133790254592896
-12.624892851197899,0.18558207870849483,14.133790254592896
-12.624892851197899,0.18558207870849483,14.133790254592896
-12.624892851197899,0.18558207870849483,14.133790254592896
-12.624892851197899,0.18558207870849483,14.133790254592896
-12.624892851197899,0.18558207870849483,14.133790254592896
-12.624892851197899,0.18558207870849483,14.133790254592896
-12.624892851197899,0.18558207870849483,14.133790254592896
-12.556568979282172,0.18583798897637716,14.133790254592896
-12.556568979282172,0.18583798897637716,14.133790254592896
-12.556568979282172,0.18583798897637716,14.133790254592896
-12.556568979282172,0.18583798897637716,14.133790254592896
-12.556568979282172,0.18583798897637716,14.133790254592896
-12.556568979282172,0.18583798897637716,14.133790254592896
-12.556568979282172,0.18583798897637716,14.133790254592896
-12.556568979282172,0.18583798897637716,14.133790254592896
-12.556568979282172,0.18583798897637716,14.133790254592896
-12.556568979282172,0.18583798897637716,14.133790254592896
-12.556568979282172,0.18583798897637716,14.133790254592896
-12.556568979282172,0.18583798897637716,14.133790254592896
-12.556568979282172,0.18583798897637716,14.133790254592896
-12.556568979282172,0.18583798897637716,14.133790254592896
-12.556568979282172,0.18583798897637716,14.133790254592896
-12.525226246706199,0.16681657521951124,14.133790254592896
-12.525226246706199,0.16681657521951124,14.133790254592896
-12.525226246706199,0.16681657521951124,14.133790254592896
-12.525226246706199,0.16681657521951124,14.133790254592896
-12.525226246706199,0.16681657521951124,14.133790254592896
-12.525226246706199,0.16681657521951124,14.133790254592896
-12.525226246706199,0.16681657521951124,14.133790254592896
-12.525226246706199,0.16681657521951124,14.133790254592896
-12.525226246706199,0.16681657521951124,14.133790254592896
-12.525226246706199,0.16681657521951124,14.133790254592896
-12.525226246706199,0.16681657521951124,14.133790254592896
-12.525226246706199,0.16681657521951124,14.133790254592896
-12.525226246706199,0.16681657521951124,14.133790254592896
-12.525226246706199,0.16681657521951124,14.133790254592896
-12.525226246706199,0.16681657521951124,14.133790254592896
-12.475370714293009,0.1420810449159651,14.133790254592896
-12.475370714293009,0.1420810449159651,14.133790254592896
-12.475370714293009,0.1420810449159651,14.133790254592896
-12.475370714293009,0.1420810449159651,14.133790254592896
-12.475370714293009,0.1420810449159651,14.133790254592896
-12.475370714293009,0.1420810449159651,14.133790254592896
-12.475370714293009,0.1420810449159651,14.133790254592896
-12.475370714293009,0.1420810449159651,14.133790254592896
-12.475370714293009,0.1420810449159651,14.133790254592896
-12.475370714293009,0.1420810449159651,14.133790254592896
-12.475370714293009,0.1420810449159651,14.133790254592896
-12.475370714293009,0.1420810449159651,14.133790254592896
-12.475370714293009,0.1420810449159651,14.133790254592896
-12.475370714293009,0.1420810449159651,14.133790254592896
-12.475370714293009,0.1420810449159651,14.133790254592896
-12.475370714293009,0.1420810449159651,14.133790254592896
-12.475370714293009,0.1420810449159651,14.133790254592896
-12.475370714293009,0.1420810449159651,14.133790254592896
-12.475370714293009,0.1420810449159651,14.133790254592896
-12.41221437156814,0.13120572578781564,14.133790254592896
-12.41221437156814,0.13120572578781564,14.133790254592896
-12.41221437156814,0.13120572578781564,14.133790254592896
-12.41221437156814,0.13120572578781564,14.133790254592896
-12.41221437156814,0.13120572578781564,14.133790254592896
-12.41221437156814,0.13120572578781564,14.133790254592896
-12.239550236504282,0.08455920483060538,14.133790254592896
-12.239550236504282,0.08455920483060538,14.133790254592896
-12.239550236504282,0.08455920483060538,14.133790254592896
-12.239550236504282,0.08455920483060538,14.133790254592896
-12.239550236504282,0.08455920483060538,14.133790254592896
-12.239550236504282,0.08455920483060538,14.133790254592896
-12.200478504611402,0.05027700207411158,14.133790254592896
-12.200478504611402,0.05027700207411158,14.133790254592896
-12.200478504611402,0.05027700207411158,14.133790254592896
-12.200478504611402,0.05027700207411158,14.133790254592896
-12.200478504611402,0.05027700207411158,14.133790254592896
-12.200478504611402,0.05027700207411158,14.133790254592896
-12.200478504611402,0.05027700207411158,14.133790254592896
-12.200478504611402,0.05027700207411158,14.133790254592896
-12.200478504611402,0.05027700207411158,14.133790254592896
-12.151346692721859,0.027318258900844876,14.133790254592896
-12.151346692721859,0.027318258900844876,14.133790254592896
-12.151346692721859,0.027318258900844876,14.133790254592896
-12.151346692721859,0.027318258900844876,14.133790254592896
-12.151346692721859,0.027318258900844876,14.133790254592896
-12.151346692721859,0.027318258900844876,14.133790254592896
-12.151346692721859,0.027318258900844876,14.133790254592896
-12.151346692721859,0.027318258900844876,14.133790254592896
-12.151346692721859,0.027318258900844876,14.133790254592896
-12.151346692721859,0.027318258900844876,14.133790254592896
-12.151346692721859,0.027318258900844876,14.133790254592896
-12.151346692721859,0.027318258900844876,14.133790254592896
-12.151346692721859,0.027318258900844876,14.133790254592896
-12.061968693636477,-0.03635265017563526,14.133790254592896
-12.061968693636477,-0.03635265017563526,14.133790254592896
-12.061968693636477,-0.03635265017563526,14.133790254592896
-12.061968693636477,-0.03635265017563526,14.133790254592896
-12.061968693636477,-0.03635265017563526,14.133790254592896
-12.061968693636477,-0.03635265017563526,14.133790254592896
-12.061968693636477,-0.03635265017563526,14.133790254592896
-12.061968693636477,-0.03635265017563526,14.133790254592896
-12.061968693636477,-0.03635265017563526,14.133790254592896
-12.061968693636477,-0.03635265017563526,14.133790254592896
-12.061968693636477,-0.03635265017563526,14.133790254592896
-12.061968693636477,-0.03635265017563526,14.133790254592896
-12.061968693636477,-0.03635265017563526,14.133790254592896
-12.061968693636477,-0.03635265017563526,14.133790254592896
-12.061968693636477,-0.03635265017563526,14.133790254592896
-12.061968693636477,-0.03635265017563526,14.133790254592896
-12.061968693636477,-0.03635265017563526,14.133790254592896
-12.061968693636477,-0.03635265017563526,14.133790254592896
-12.061968693636477,-0.03635265017563526,14.133790254592896
-12.061968693636477,-0.03635265017563526,14.133790254592896
-12.061968693636477,-0.03635265017563526,14.133790254592896
-11.922509099173396,-0.09359647249145829,14.133790254592896
-11.922509099173396,-0.09359647249145829,14.133790254592896
-11.922509099173396,-0.09359647249145829,14.133790254592896
-11.922509099173396,-0.09359647249145829,14.133790254592896
-11.922509099173396,-0.09359647249145829,14.133790254592896
-11.62351618497331,-0.16276806427808133,14.133790254592896
-11.62351618497331,-0.16276806427808133,14.133790254592896
-11.62351618497331,-0.16276806427808133,14.133790254592896
-11.62351618497331,-0.16276806427808133,14.133790254592896
-11.515709052015655,-0.17576329171075789,14.133790254592896
-11.406913050754955,-0.22177056097833933,14.133790254592896
-11.406913050754955,-0.22177056097833933,14.133790254592896
-11.406913050754955,-0.22177056097833933,14.133790254592896
-11.406913050754955,-0.22177056097833933,14.133790254592896
-11.406913050754955,-0.22177056097833933,14.133790254592896
-11.406913050754955,-0.22177056097833933,14.133790254592896
-11.406913050754955,-0.22177056097833933,14.133790254592896
-11.406913050754955,-0.22177056097833933,14.133790254592896
-11.406913050754955,-0.22177056097833933,14.133790254592896
-11.406913050754955,-0.22177056097833933,14.133790254592896
-11.406913050754955,-0.22177056097833933,14.133790254592896
-11.406913050754955,-0.22177056097833933,14.133790254592896
-11.406913050754955,-0.22177056097833933,14.133790254592896
-11.406913050754955,-0.22177056097833933,14.133790254592896
-11.406913050754955,-0.22177056097833933,14.133790254592896
-11.406913050754955,-0.22177056097833933,14.133790254592896
-11.406913050754955,-0.22177056097833933,14.133790254592896
-11.406913050754955,-0.22177056097833933,14.133790254592896
-11.406913050754955,-0.22177056097833933,14.133790254592896
-11.406913050754955,-0.22177056097833933,14.133790254592896
-11.321374126941674,-0.23468618421775264,14.133790254592896
-11.321374126941674,-0.23468618421775264,14.133790254592896
-11.321374126941674,-0.23468618421775264,14.133790254592896
-11.321374126941674,-0.23468618421775264,14.133790254592896
-11.321374126941674,-0.23468618421775264,14.133790254592896
-11.321374126941674,-0.23468618421775264,14.133790254592896
-11.321374126941674,-0.23468618421775264,14.133790254592896
-11.321374126941674,-0.23468618421775264,14.133790254592896
-11.321374126941674,-0.23468618421775264,14.133790254592896
-11.321374126941674,-0.23468618421775264,14.133790254592896
-11.321374126941674,-0.23468618421775264,14.133790254592896
-11.321374126941674,-0.23468618421775264,14.133790254592896
-11.321374126941674,-0.23468618421775264,14.133790254592896
-11.321374126941674,-0.23468618421775264,14.133790254592896
-11.101404708493774,-0.29873498937365534,14.133790254592896
-11.101404708493774,-0.29873498937365534,14.133790254592896
-11.101404708493774,-0.29873498937365534,14.133790254592896
-11.101404708493774,-0.29873498937365534,14.133790254592896
-11.101404708493774,-0.29873498937365534,14.133790254592896
-11.101404708493774,-0.29873498937365534,14.133790254592896
-11.101404708493774,-0.29873498937365534,14.133790254592896
-11.101404708493774,-0.29873498937365534,14.133790254592896
-11.101404708493774,-0.29873498937365534,14.133790254592896
-11.101404708493774,-0.29873498937365534,14.133790254592896
-11.101404708493774,-0.29873498937365534,14.133790254592896
-11.101404708493774,-0.29873498937365534,14.133790254592896
-11.101404708493774,-0.29873498937365534,14.133790254592896
-10.813312665498682,-0.3524177650072561,14.133790254592896
-10.813312665498682,-0.3524177650072561,14.133790254592896
-10.813312665498682,-0.3524177650072561,14.133790254592896
-10.813312665498682,-0.3524177650072561,14.133790254592896
-10.813312665498682,-0.3524177650072561,14.133790254592896
-10.813312665498682,-0.3524177650072561,14.133790254592896
-10.813312665498682,-0.3524177650072561,14.133790254592896
-10.813312665498682,-0.3524177650072561,14.133790254592896
-10.813312665498682,-0.3524177650072561,14.133790254592896
-10.813312665498682,-0.3524177650072561,14.133790254592896
-10.813312665498682,-0.3524177650072561,14.133790254592896
-10.813312665498682,-0.3524177650072561,14.133790254592896
-10.813312665498682,-0.3524177650072561,14.133790254592896
-10.813312665498682,-0.3524177650072561,14.133790254592896
-10.526250602948442,-0.42039834449501523,14.133790254592896
-10.526250602948442,-0.42039834449501523,14.133790254592896
-10.526250602948442,-0.42039834449501523,14.133790254592896
-10.526250602948442,-0.42039834449501523,14.133790254592896
-10.526250602948442,-0.42039834449501523,14.133790254592896
-10.526250602948442,-0.42039834449501523,14.133790254592896
-10.526250602948442,-0.42039834449501523,14.133790254592896
-10.526250602948442,-0.42039834449501523,14.133790254592896
-10.526250602948442,-0.42039834449501523,14.133790254592896
-10.297039341658037,-0.509660452382263,14.133790254592896
-10.297039341658037,-0.509660452382263,14.133790254592896
-10.297039341658037,-0.509660452382263,14.133790254592896
-10.297039341658037,-0.509660452382263,14.133790254592896
-10.297039341658037,-0.509660452382263,14.133790254592896
-10.297039341658037,-0.509660452382263,14.133790254592896
-10.157720094185287,-0.5407503913560924,14.133790254592896
-10.157720094185287,-0.5407503913560924,14.133790254592896
-10.157720094185287,-0.5407503913560924,14.133790254592896
-10.157720094185287,-0.5407503913560924,14.133790254592896
-10.157720094185287,-0.5407503913560924,14.133790254592896
-10.157720094185287,-0.5407503913560924,14.133790254592896
-10.157720094185287,-0.5407503913560924,14.133790254592896
-10.157720094185287,-0.5407503913560924,14.133790254592896
-10.157720094185287,-0.5407503913560924,14.133790254592896
-10.016995394962535,-0.571279548531985,14.133790254592896
-10.016995394962535,-0.571279548531985,14.133790254592896
-10.016995394962535,-0.571279548531985,14.133790254592896
-10.016995394962535,-0.571279548531985,14.133790254592896
-10.016995394962535,-0.571279548531985,14.133790254592896
-10.016995394962535,-0.571279548531985,14.133790254592896
-10.016995394962535,-0.571279548531985,14.133790254592896
-9.895623645630819,-0.5761988978157172,14.133790254592896
-9.895623645630819,-0.5761988978157172,14.133790254592896
-9.895623645630819,-0.5761988978157172,14.133790254592896
-9.895623645630819,-0.5761988978157172,14.133790254592896
-9.895623645630819,-0.5761988978157172,14.133790254592896
-9.895623645630819,-0.5761988978157172,14.133790254592896
-9.776011431813691,-0.6003016845953418,14.133790254592896
-9.776011431813691,-0.6003016845953418,14.133790254592896
-9.776011431813691,-0.6003016845953418,14.133790254592896
-9.776011431813691,-0.6003016845953418,14.133790254592896
-9.667234605362056,-0.5822322391897233,14.133790254592896
-9.667234605362056,-0.5822322391897233,14.133790254592896
-9.667234605362056,-0.5822322391897233,14.133790254592896
-9.667234605362056,-0.5822322391897233,14.133790254592896
-9.667234605362056,-0.5822322391897233,14.133790254592896
-9.667234605362056,-0.5822322391897233,14.133790254592896
-9.667234605362056,-0.5822322391897233,14.133790254592896
-9.667234605362056,-0.5822322391897233,14.133790254592896
-9.667234605362056,-0.5822322391897233,14.133790254592896
-9.603340289810617,-0.5355230568942755,14.133790254592896
-9.603340289810617,-0.5355230568942755,14.133790254592896
-9.603340289810617,-0.5355230568942755,14.133790254592896
-9.603340289810617,-0.5355230568942755,14.133790254592896
-9.603340289810617,-0.5355230568942755,14.133790254592896
-9.603340289810617,-0.5355230568942755,14.133790254592896
-9.603340289810617,-0.5355230568942755,14.133790254592896
-9.435891473220973,-0.5075081843574064,14.133790254592896
-9.435891473220973,-0.5075081843574064,14.133790254592896
-9.435891473220973,-0.5075081843574064,14.133790254592896
-9.435891473220973,-0.5075081843574064,14.133790254592896
-9.435891473220973,-0.5075081843574064,14.133790254592896
-9.435891473220973,-0.5075081843574064,14.133790254592896
-9.435891473220973,-0.5075081843574064,14.133790254592896
-9.31208465931562,-0.46217585322888804,14.133790254592896
-9.31208465931562,-0.46217585322888804,14.133790254592896
-9.31208465931562,-0.46217585322888804,14.133790254592896
-9.31208465931562,-0.46217585322888804,14.133790254592896
-9.31208465931562,-0.46217585322888804,14.133790254592896
-9.212043633865225,-0.42913793313808507,14.133790254592896
-9.212043633865225,-0.42913793313808507,14.133790254592896
-9.212043633865225,-0.42913793313808507,14.133790254592896
-9.212043633865225,-0.42913793313808507,14.133790254592896
-9.212043633865225,-0.42913793313808507,14.133790254592896
-9.136347008618584,-0.3901747113469116,14.133790254592896
-9.136347008618584,-0.3901747113469116,14.133790254592896
-9.136347008618584,-0.3901747113469116,14.133790254592896
-9.136347008618584,-0.3901747113469116,14.133790254592896
-9.136347008618584,-0.3901747113469116,14.133790254592896
-9.136347008618584,-0.3901747113469116,14.133790254592896
-9.136347008618584,-0.3901747113469116,14.133790254592896
-9.039366787102528,-0.3663403048595719,14.133790254592896
-9.039366787102528,-0.3663403048595719,14.133790254592896
-9.039366787102528,-0.3663403048595719,14.133790254592896
-9.039366787102528,-0.3663403048595719,14.133790254592896
-9.039366787102528,-0.3663403048595719,14.133790254592896
-9.039366787102528,-0.3663403048595719,14.133790254592896
-9.039366787102528,-0.3663403048595719,14.133790254592896
-8.891977722632737,-0.33991578159466806,14.133790254592896
-8.891977722632737,-0.33991578159466806,14.133790254592896
-8.891977722632737,-0.33991578159466806,14.133790254592896
-8.891977722632737,-0.33991578159466806,14.133790254592896
-8.891977722632737,-0.33991578159466806,14.133790254592896
-8.891977722632737,-0.33991578159466806,14.133790254592896
-8.724918897227516,-0.3088671324042972,14.133790254592896
-8.724918897227516,-0.3088671324042972,14.133790254592896
-8.724918897227516,-0.3088671324042972,14.133790254592896
-8.724918897227516,-0.3088671324042972,14.133790254592896
-8.724918897227516,-0.3088671324042972,14.133790254592896
-8.724918897227516,-0.3088671324042972,14.133790254592896
-8.611836322671408,-0.28245597397193317,14.133790254592896
-8.611836322671408,-0.28245597397193317,14.133790254592896
-8.611836322671408,-0.28245597397193317,14.133790254592896
-8.611836322671408,-0.28245597397193317,14.133790254592896
-8.611836322671408,-0.28245597397193317,14.133790254592896
-8.611836322671408,-0.28245597397193317,14.133790254592896
-8.611836322671408,-0.28245597397193317,14.133790254592896
-8.611836322671408,-0.28245597397193317,14.133790254592896
-8.611836322671408,-0.28245597397193317,14.133790254592896
-8.611836322671408,-0.28245597397193317,14.133790254592896
-8.611836322671408,-0.28245597397193317,14.133790254592896
-8.611836322671408,-0.28245597397193317,14.133790254592896
-8.611836322671408,-0.28245597397193317,14.133790254592896
-8.611836322671408,-0.28245597397193317,14.133790254592896
-8.611836322671408,-0.28245597397193317,14.133790254592896
-8.4283277256797,-0.23588235923509426,14.133790254592896
-8.4283277256797,-0.23588235923509426,14.133790254592896
-8.4283277256797,-0.23588235923509426,14.133790254592896
-8.4283277256797,-0.23588235923509426,14.133790254592896
-8.4283277256797,-0.23588235923509426,14.133790254592896
-8.4283277256797,-0.23588235923509426,14.133790254592896
-8.4283277256797,-0.23588235923509426,14.133790254592896
-8.4283277256797,-0.23588235923509426,14.133790254592896
-8.4283277256797,-0.23588235923509426,14.133790254592896
-8.4283277256797,-0.23588235923509426,14.133790254592896
-8.4283277256797,-0.23588235923509426,14.133790254592896
-8.4283277256797,-0.23588235923509426,14.133790254592896
-8.4283277256797,-0.23588235923509426,14.133790254592896
-8.4283277256797,-0.23588235923509426,14.133790254592896
-8.083007347406376,-0.151772027400663,14.133790254592896
-8.083007347406376,-0.151772027400663,14.133790254592896
-8.083007347406376,-0.151772027400663,14.133790254592896
-8.083007347406376,-0.151772027400663,14.133790254592896
-8.083007347406376,-0.151772027400663,14.133790254592896
-8.083007347406376,-0.151772027400663,14.133790254592896
-8.083007347406376,-0.151772027400663,14.133790254592896
-8.083007347406376,-0.151772027400663,14.133790254592896
-8.083007347406376,-0.151772027400663,14.133790254592896
-8.083007347406376,-0.151772027400663,14.133790254592896
-8.083007347406376,-0.151772027400663,14.133790254592896
-8.083007347406376,-0.151772027400663,14.133790254592896
-7.700511689002848,-0.0670580244161038,14.133790254592896
-7.700511689002848,-0.0670580244161038,14.133790254592896
-7.700511689002848,-0.0670580244161038,14.133790254592896
-7.700511689002848,-0.0670580244161038,14.133790254592896
-7.700511689002848,-0.0670580244161038,14.133790254592896
-7.700511689002848,-0.0670580244161038,14.133790254592896
-7.700511689002848,-0.0670580244161038,14.133790254592896
-7.700511689002848,-0.0670580244161038,14.133790254592896
-7.700511689002848,-0.0670580244161038,14.133790254592896
-7.700511689002848,-0.0670580244161038,14.133790254592896
-7.700511689002848,-0.0670580244161038,14.133790254592896
-7.409277261751951,-0.013369755291480878,14.133790254592896
-7.409277261751951,-0.013369755291480878,14.133790254592896
-7.409277261751951,-0.013369755291480878,14.133790254592896
-7.409277261751951,-0.013369755291480878,14.133790254592896
-7.409277261751951,-0.013369755291480878,14.133790254592896
-7.409277261751951,-0.013369755291480878,14.133790254592896
-7.409277261751951,-0.013369755291480878,14.133790254592896
-7.409277261751951,-0.013369755291480878,14.133790254592896
-7.105843723994464,0.04986674170854581,14.133790254592896
-7.105843723994464,0.04986674170854581,14.133790254592896
-7.105843723994464,0.04986674170854581,14.133790254592896
-7.105843723994464,0.04986674170854581,14.133790254592896
-7.105843723994464,0.04986674170854581,14.133790254592896
-7.105843723994464,0.04986674170854581,14.133790254592896
-7.105843723994464,0.04986674170854581,14.133790254592896
-7.105843723994464,0.04986674170854581,14.133790254592896
-7.105843723994464,0.04986674170854581,14.133790254592896
-7.105843723994464,0.04986674170854581,14.133790254592896
-7.105843723994464,0.04986674170854581,14.133790254592896
-6.919116715760589,0.10033830066232584,14.133790254592896
-6.919116715760589,0.10033830066232584,14.133790254592896
-6.919116715760589,0.10033830066232584,14.133790254592896
-6.919116715760589,0.10033830066232584,14.133790254592896
-6.919116715760589,0.10033830066232584,14.133790254592896
-6.919116715760589,0.10033830066232584,14.133790254592896
-6.919116715760589,0.10033830066232584,14.133790254592896
-6.919116715760589,0.10033830066232584,14.133790254592896
-6.919116715760589,0.10033830066232584,14.133790254592896
-6.919116715760589,0.10033830066232584,14.133790254592896
-6.919116715760589,0.10033830066232584,14.133790254592896
-6.919116715760589,0.10033830066232584,14.133790254592896
-6.919116715760589,0.10033830066232584,14.133790254592896
-6.6377396264055815,0.13284063596322654,14.133790254592896
-6.6377396264055815,0.13284063596322654,14.133790254592896
-6.6377396264055815,0.13284063596322654,14.133790254592896
-6.6377396264055815,0.13284063596322654,14.133790254592896
-6.6377396264055815,0.13284063596322654,14.133790254592896
-6.6377396264055815,0.13284063596322654,14.133790254592896
-6.6377396264055815,0.13284063596322654,14.133790254592896
-6.6377396264055815,0.13284063596322654,14.133790254592896
-6.6377396264055815,0.13284063596322654,14.133790254592896
-6.6377396264055815,0.13284063596322654,14.133790254592896
-6.6377396264055815,0.13284063596322654,14.133790254592896
-6.311454919475741,0.17140575369367808,14.133790254592896
-6.311454919475741,0.17140575369367808,14.133790254592896
-6.311454919475741,0.17140575369367808,14.133790254592896
-6.311454919475741,0.17140575369367808,14.133790254592896
-6.311454919475741,0.17140575369367808,14.133790254592896
-6.311454919475741,0.17140575369367808,14.133790254592896
-6.311454919475741,0.17140575369367808,14.133790254592896
-6.311454919475741,0.17140575369367808,14.133790254592896
-6.311454919475741,0.17140575369367808,14.133790254592896
-6.311454919475741,0.17140575369367808,14.133790254592896
-6.311454919475741,0.17140575369367808,14.133790254592896
-6.311454919475741,0.17140575369367808,14.133790254592896
-6.311454919475741,0.17140575369367808,14.133790254592896
-6.311454919475741,0.17140575369367808,14.133790254592896
-5.958618321752172,0.20769039221579633,14.133790254592896
-5.958618321752172,0.20769039221579633,14.133790254592896
-5.958618321752172,0.20769039221579633,14.133790254592896
-5.958618321752172,0.20769039221579633,14.133790254592896
-5.958618321752172,0.20769039221579633,14.133790254592896
-5.958618321752172,0.20769039221579633,14.133790254592896
-5.958618321752172,0.20769039221579633,14.133790254592896
-5.958618321752172,0.20769039221579633,14.133790254592896
-5.635443841431287,0.16774362514506228,14.133790254592896
-5.635443841431287,0.16774362514506228,14.133790254592896
-5.635443841431287,0.16774362514506228,14.133790254592896
-5.635443841431287,0.16774362514506228,14.133790254592896
-5.635443841431287,0.16774362514506228,14.133790254592896
-5.635443841431287,0.16774362514506228,14.133790254592896
-5.635443841431287,0.16774362514506228,14.133790254592896
-5.635443841431287,0.16774362514506228,14.133790254592896
-5.635443841431287,0.16774362514506228,14.133790254592896
-5.635443841431287,0.16774362514506228,14.133790254592896
-5.635443841431287,0.16774362514506228,14.133790254592896
-5.635443841431287,0.16774362514506228,14.133790254592896
-5.635443841431287,0.16774362514506228,14.133790254592896
-5.635443841431287,0.16774362514506228,14.133790254592896
-5.372522565462227,0.14980060814195598,14.133790254592896
-5.372522565462227,0.14980060814195598,14.133790254592896
-5.372522565462227,0.14980060814195598,14.133790254592896
-5.372522565462227,0.14980060814195598,14.133790254592896
-5.372522565462227,0.14980060814195598,14.133790254592896
-5.372522565462227,0.14980060814195598,14.133790254592896
-5.372522565462227,0.14980060814195598,14.133790254592896
-5.372522565462227,0.14980060814195598,14.133790254592896
-5.372522565462227,0.14980060814195598,14.133790254592896
-5.372522565462227,0.14980060814195598,14.133790254592896
-5.372522565462227,0.14980060814195598,14.133790254592896
-5.372522565462227,0.14980060814195598,14.133790254592896
-5.372522565462227,0.14980060814195598,14.133790254592896
-5.372522565462227,0.14980060814195598,14.133790254592896
-4.952322070098974,0.0935358968263527,14.133790254592896
-4.952322070098974,0.0935358968263527,14.133790254592896
-4.952322070098974,0.0935358968263527,14.133790254592896
-4.952322070098974,0.0935358968263527,14.133790254592896
-4.952322070098974,0.0935358968263527,14.133790254592896
-4.952322070098974,0.0935358968263527,14.133790254592896
-4.952322070098974,0.0935358968263527,14.133790254592896
-4.952322070098974,0.0935358968263527,14.133790254592896
-4.952322070098974,0.0935358968263527,14.133790254592896
-4.572676955500329,0.04467894764863067,14.133790254592896
-4.572676955500329,0.04467894764863067,14.133790254592896
-4.572676955500329,0.04467894764863067,14.133790254592896
-4.572676955500329,0.04467894764863067,14.133790254592896
-4.572676955500329,0.04467894764863067,14.133790254592896
-4.572676955500329,0.04467894764863067,14.133790254592896
-4.572676955500329,0.04467894764863067,14.133790254592896
-4.572676955500329,0.04467894764863067,14.133790254592896
-4.572676955500329,0.04467894764863067,14.133790254592896
-4.572676955500329,0.04467894764863067,14.133790254592896
-4.3472420361643795,-0.007965864034483667,14.133790254592896
-4.3472420361643795,-0.007965864034483667,14.133790254592896
-4.3472420361643795,-0.007965864034483667,14.133790254592896
-4.3472420361643795,-0.007965864034483667,14.133790254592896
-4.3472420361643795,-0.007965864034483667,14.133790254592896
-4.3472420361643795,-0.007965864034483667,14.133790254592896
-4.3472420361643795,-0.007965864034483667,14.133790254592896
-4.3472420361643795,-0.007965864034483667,14.133790254592896
-4.3472420361643795,-0.007965864034483667,14.133790254592896
-4.3472420361643795,-0.007965864034483667,14.133790254592896
-4.3472420361643795,-0.007965864034483667,14.133790254592896
-4.3472420361643795,-0.007965864034483667,14.133790254592896
-3.9563433599151536,-0.06863009681531958,14.133790254592896
-3.9563433599151536,-0.06863009681531958,14.133790254592896
-3.9563433599151536,-0.06863009681531958,14.133790254592896
-3.9563433599151536,-0.06863009681531958,14.133790254592896
-3.9563433599151536,-0.06863009681531958,14.133790254592896
-3.9563433599151536,-0.06863009681531958,14.133790254592896
-3.9563433599151536,-0.06863009681531958,14.133790254592896
-3.635447602294228,-0.11008503581047438,14.133790254592896
-3.635447602294228,-0.11008503581047438,14.133790254592896
-3.635447602294228,-0.11008503581047438,14.133790254592896
-3.635447602294228,-0.11008503581047438,14.133790254592896
-3.635447602294228,-0.11008503581047438,14.133790254592896
-3.635447602294228,-0.11008503581047438,14.133790254592896
-3.635447602294228,-0.11008503581047438,14.133790254592896
-3.635447602294228,-0.11008503581047438,14.133790254592896
-3.635447602294228,-0.11008503581047438,14.133790254592896
-3.394371569377378,-0.13243932356079974,14.133790254592896
-3.394371569377378,-0.13243932356079974,14.133790254592896
-3.394371569377378,-0.13243932356079974,14.133790254592896
-3.394371569377378,-0.13243932356079974,14.133790254592896
-3.394371569377378,-0.13243932356079974,14.133790254592896
-3.394371569377378,-0.13243932356079974,14.133790254592896
-3.394371569377378,-0.13243932356079974,14.133790254592896
-3.394371569377378,-0.13243932356079974,14.133790254592896
-3.394371569377378,-0.13243932356079974,14.133790254592896
-3.394371569377378,-0.13243932356079974,14.133790254592896
-3.394371569377378,-0.13243932356079974,14.133790254592896
-3.394371569377378,-0.13243932356079974,14.133790254592896
-3.075507027833136,-0.15923690742431193,14.133790254592896
-3.075507027833136,-0.15923690742431193,14.133790254592896
-3.075507027833136,-0.15923690742431193,14.133790254592896
-3.075507027833136,-0.15923690742431193,14.133790254592896
-3.075507027833136,-0.15923690742431193,14.133790254592896
-3.075507027833136,-0.15923690742431193,14.133790254592896
-3.075507027833136,-0.15923690742431193,14.133790254592896
-3.075507027833136,-0.15923690742431193,14.133790254592896
-3.075507027833136,-0.15923690742431193,14.133790254592896
-3.075507027833136,-0.15923690742431193,14.133790254592896
-3.075507027833136,-0.15923690742431193,14.133790254592896
-3.075507027833136,-0.15923690742431193,14.133790254592896
-2.6587706223017595,-0.21147911551221146,14.133790254592896
-2.6587706223017595,-0.21147911551221146,14.133790254592896
-2.6587706223017595,-0.21147911551221146,14.133790254592896
-2.6587706223017595,-0.21147911551221146,14.133790254592896
-2.6587706223017595,-0.21147911551221146,14.133790254592896
-2.6587706223017595,-0.21147911551221146,14.133790254592896
-2.6587706223017595,-0.21147911551221146,14.133790254592896
-2.6587706223017595,-0.21147911551221146,14.133790254592896
-2.6587706223017595,-0.21147911551221146,14.133790254592896
-2.6587706223017595,-0.21147911551221146,14.133790254592896
-2.6587706223017595,-0.21147911551221146,14.133790254592896
-2.6587706223017595,-0.21147911551221146,14.133790254592896
-2.340321628836233,-0.26259462755672974,14.133790254592896
-2.340321628836233,-0.26259462755672974,14.133790254592896
-2.340321628836233,-0.26259462755672974,14.133790254592896
-2.340321628836233,-0.26259462755672974,14.133790254592896
-2.340321628836233,-0.26259462755672974,14.133790254592896
-2.340321628836233,-0.26259462755672974,14.133790254592896
-2.340321628836233,-0.26259462755672974,14.133790254592896
-2.340321628836233,-0.26259462755672974,14.133790254592896
-2.340321628836233,-0.26259462755672974,14.133790254592896
-2.340321628836233,-0.26259462755672974,14.133790254592896
-2.340321628836233,-0.26259462755672974,14.133790254592896
-2.340321628836233,-0.26259462755672974,14.133790254592896
-1.975391241164269,-0.2902254633111715,14.133790254592896
-1.975391241164269,-0.2902254633111715,14.133790254592896
-1.975391241164269,-0.2902254633111715,14.133790254592896
-1.975391241164269,-0.2902254633111715,14.133790254592896
-1.975391241164269,-0.2902254633111715,14.133790254592896
-1.975391241164269,-0.2902254633111715,14.133790254592896
-1.579674337691853,-0.300312210154844,14.133790254592896
-1.579674337691853,-0.300312210154844,14.133790254592896
-1.579674337691853,-0.300312210154844,14.133790254592896
-1.579674337691853,-0.300312210154844,14.133790254592896
-1.579674337691853,-0.300312210154844,14.133790254592896
-1.579674337691853,-0.300312210154844,14.133790254592896
-1.579674337691853,-0.300312210154844,14.133790254592896
-1.579674337691853,-0.300312210154844,14.133790254592896
-1.579674337691853,-0.300312210154844,14.133790254592896
-1.579674337691853,-0.300312210154844,14.133790254592896
-1.4214690953554505,-0.28433309682598973,14.133790254592896
-1.4214690953554505,-0.28433309682598973,14.133790254592896
-1.4214690953554505,-0.28433309682598973,14.133790254592896
-1.4214690953554505,-0.28433309682598973,14.133790254592896
-1.4214690953554505,-0.28433309682598973,14.133790254592896
-1.4214690953554505,-0.28433309682598973,14.133790254592896
-1.4214690953554505,-0.28433309682598973,14.133790254592896
-1.4214690953554505,-0.28433309682598973,14.133790254592896
-1.4214690953554505,-0.28433309682598973,14.133790254592896
-1.093710578303,-0.2869747777448475,14.133790254592896
-1.093710578303,-0.2869747777448475,14.133790254592896
-1.093710578303,-0.2869747777448475,14.133790254592896
-1.093710578303,-0.2869747777448475,14.133790254592896
-1.093710578303,-0.2869747777448475,14.133790254592896
-1.093710578303,-0.2869747777448475,14.133790254592896
-1.093710578303,-0.2869747777448475,14.133790254592896
