x,y,lap_time_s
0.0,0.0,68.2376561164856
-42.99283943155645,50.63091545445355,68.2376561164856
-42.99475134876737,50.63554015057839,68.2376561164856
-42.98337470975065,50.631573464542356,68.2376561164856
-42.96001693483305,50.62916251226385,68.2376561164856
-42.97063800387637,50.62866779148938,68.2376561164856
-42.97063800387637,50.62866779148938,68.2376561164856
-42.97063800387637,50.62866779148938,68.2376561164856
-42.97063800387637,50.62866779148938,68.2376561164856
-42.97063800387637,50.62866779148938,68.2376561164856
-42.97063800387637,50.62866779148938,68.2376561164856
-42.97063800387637,50.62866779148938,68.2376561164856
-42.97063800387637,50.62866779148938,68.2376561164856
-42.97732171294431,50.63253470378489,68.2376561164856
-42.97732171294431,50.63253470378489,68.2376561164856
-42.97732171294431,50.63253470378489,68.2376561164856
-42.97732171294431,50.63253470378489,68.2376561164856
-42.97732171294431,50.63253470378489,68.2376561164856
-42.97732171294431,50.63253470378489,68.2376561164856
-42.97732171294431,50.63253470378489,68.2376561164856
-42.996643073508714,50.63534678222436,68.2376561164856
-42.996643073508714,50.63534678222436,68.2376561164856
-42.996643073508714,50.63534678222436,68.2376561164856
-42.996643073508714,50.63534678222436,68.2376561164856
-42.996643073508714,50.63534678222436,68.2376561164856
-42.996643073508714,50.63534678222436,68.2376561164856
-42.98077126648508,50.631437615989014,68.2376561164856
-42.98077126648508,50.631437615989014,68.2376561164856
-42.98077126648508,50.631437615989014,68.2376561164856
-42.98077126648508,50.631437615989014,68.2376561164856
-42.98077126648508,50.631437615989014,68.2376561164856
-42.98077126648508,50.631437615989014,68.2376561164856
-42.96050910804741,50.62694697977132,68.2376561164856
-42.96050910804741,50.62694697977132,68.2376561164856
-42.96050910804741,50.62694697977132,68.2376561164856
-42.96050910804741,50.62694697977132,68.2376561164856
-42.96050910804741,50.62694697977132,68.2376561164856
-42.92500746499096,50.624456688651854,68.2376561164856
-42.92500746499096,50.624456688651854,68.2376561164856
-42.92500746499096,50.624456688651854,68.2376561164856
-42.92500746499096,50.624456688651854,68.2376561164856
-42.92500746499096,50.624456688651854,68.2376561164856
-42.92500746499096,50.624456688651854,68.2376561164856
-42.88673992937744,50.618047534876425,68.2376561164856
-42.88673992937744,50.618047534876425,68.2376561164856
-42.88673992937744,50.618047534876425,68.2376561164856
-42.88673992937744,50.618047534876425,68.2376561164856
-42.88673992937744,50.618047534876425,68.2376561164856
-42.88207979987686,50.616521678348356,68.2376561164856
-42.88207979987686,50.616521678348356,68.2376561164856
-42.88207979987686,50.616521678348356,68.2376561164856
-42.88207979987686,50.616521678348356,68.2376561164856
-42.88207979987686,50.616521678348356,68.2376561164856
-42.88207979987686,50.616521678348356,68.2376561164856
-42.88207979987686,50.616521678348356,68.2376561164856
-42.85798235323861,50.60579761749143,68.2376561164856
-42.85798235323861,50.60579761749143,68.2376561164856
-42.85798235323861,50.60579761749143,68.2376561164856
-42.85798235323861,50.60579761749143,68.2376561164856
-42.85798235323861,50.60579761749143,68.2376561164856
-42.85798235323861,50.60579761749143,68.2376561164856
-42.846521814571496,50.59126394726489,68.2376561164856
-42.846521814571496,50.59126394726489,68.2376561164856
-42.846521814571496,50.59126394726489,68.2376561164856
-42.846521814571496,50.59126394726489,68.2376561164856
-42.846521814571496,50.59126394726489,68.2376561164856
-42.846521814571496,50.59126394726489,68.2376561164856
-42.81146943250574,50.584126800599186,68.2376561164856
-42.81146943250574,50.584126800599186,68.2376561164856
-42.81146943250574,50.584126800599186,68.2376561164856
-42.81146943250574,50.584126800599186,68.2376561164856
-42.81146943250574,50.584126800599186,68.2376561164856
-42.81146943250574,50.584126800599186,68.2376561164856
-42.81146943250574,50.584126800599186,68.2376561164856
-42.76164583769214,50.58201205402741,68.2376561164856
-42.76164583769214,50.58201205402741,68.2376561164856
-42.76164583769214,50.58201205402741,68.2376561164856
-42.76164583769214,50.58201205402741,68.2376561164856
-42.76164583769214,50.58201205402741,68.2376561164856
-42.69749822282356,50.56453441503223,68.2376561164856
-42.69749822282356,50.56453441503223,68.2376561164856
-42.69749822282356,50.56453441503223,68.2376561164856
-42.69749822282356,50.56453441503223,68.2376561164856
-42.69749822282356,50.56453441503223,68.2376561164856
-42.69749822282356,50.56453441503223,68.2376561164856
-42.69749822282356,50.56453441503223,68.2376561164856
-42.63804554554465,50.56138903897249,68.2376561164856
-42.63804554554465,50.56138903897249,68.2376561164856
-42.63804554554465,50.56138903897249,68.2376561164856
-42.63804554554465,50.56138903897249,68.2376561164856
-42.63804554554465,50.56138903897249,68.2376561164856
-42.63804554554465,50.56138903897249,68.2376561164856
-42.571893603563396,50.544596944616195,68.2376561164856
-42.571893603563396,50.544596944616195,68.2376561164856
-42.571893603563396,50.544596944616195,68.2376561164856
-42.571893603563396,50.544596944616195,68.2376561164856
-42.571893603563396,50.544596944616195,68.2376561164856
-42.571893603563396,50.544596944616195,68.2376561164856
-42.49223505735154,50.52597496013642,68.2376561164856
-42.49223505735154,50.52597496013642,68.2376561164856
-42.49223505735154,50.52597496013642,68.2376561164856
-42.49223505735154,50.52597496013642,68.2376561164856
-42.49223505735154,50.52597496013642,68.2376561164856
-42.49223505735154,50.52597496013642,68.2376561164856
-42.433544643375726,50.526217136758056,68.2376561164856
-42.433544643375726,50.526217136758056,68.2376561164856
-42.433544643375726,50.526217136758056,68.2376561164856
-42.433544643375726,50.526217136758056,68.2376561164856
-42.433544643375726,50.526217136758056,68.2376561164856
-42.433544643375726,50.526217136758056,68.2376561164856
-42.33464525984209,50.523130750524174,68.2376561164856
-42.33464525984209,50.523130750524174,68.2376561164856
-42.33464525984209,50.523130750524174,68.2376561164856
-42.33464525984209,50.523130750524174,68.2376561164856
-42.33464525984209,50.523130750524174,68.2376561164856
-42.33464525984209,50.523130750524174,68.2376561164856
-42.33464525984209,50.523130750524174,68.2376561164856
-42.23083791359567,50.499816896870136,68.2376561164856
-42.23083791359567,50.499816896870136,68.2376561164856
-42.23083791359567,50.499816896870136,68.2376561164856
-42.23083791359567,50.499816896870136,68.2376561164856
-42.134100840814625,50.490111133180065,68.2376561164856
-42.134100840814625,50.490111133180065,68.2376561164856
-42.134100840814625,50.490111133180065,68.2376561164856
-42.134100840814625,50.490111133180065,68.2376561164856
-42.134100840814625,50.490111133180065,68.2376561164856
-42.134100840814625,50.490111133180065,68.2376561164856
-42.111605341339086,50.50207063022902,68.2376561164856
-42.111605341339086,50.50207063022902,68.2376561164856
-42.111605341339086,50.50207063022902,68.2376561164856
-42.111605341339086,50.50207063022902,68.2376561164856
-42.111605341339086,50.50207063022902,68.2376561164856
-42.111605341339086,50.50207063022902,68.2376561164856
-42.111605341339086,50.50207063022902,68.2376561164856
-41.959139581528056,50.49220856021466,68.2376561164856
-41.959139581528056,50.49220856021466,68.2376561164856
-41.959139581528056,50.49220856021466,68.2376561164856
-41.959139581528056,50.49220856021466,68.2376561164856
-41.959139581528056,50.49220856021466,68.2376561164856
-41.84747789705467,50.47701499535913,68.2376561164856
-41.84747789705467,50.47701499535913,68.2376561164856
-41.84747789705467,50.47701499535913,68.2376561164856
-41.84747789705467,50.47701499535913,68.2376561164856
-41.84747789705467,50.47701499535913,68.2376561164856
-41.84747789705467,50.47701499535913,68.2376561164856
-41.84747789705467,50.47701499535913,68.2376561164856
-41.73341915348034,50.44927435095122,68.2376561164856
-41.73341915348034,50.44927435095122,68.2376561164856
-41.73341915348034,50.44927435095122,68.2376561164856
-41.73341915348034,50.44927435095122,68.2376561164856
-41.73341915348034,50.44927435095122,68.2376561164856
-41.73341915348034,50.44927435095122,68.2376561164856
-41.5840037786029,50.415284570377224,68.2376561164856
-41.5840037786029,50.415284570377224,68.2376561164856
-41.5840037786029,50.415284570377224,68.2376561164856
-41.5840037786029,50.415284570377224,68.2376561164856
-41.5840037786029,50.415284570377224,68.2376561164856
-41.437251657888226,50.39639016611987,68.2376561164856
-41.437251657888226,50.39639016611987,68.2376561164856
-41.437251657888226,50.39639016611987,68.2376561164856
-41.437251657888226,50.39639016611987,68.2376561164856
-41.437251657888226,50.39639016611987,68.2376561164856
-41.437251657888226,50.39639016611987,68.2376561164856
-41.437251657888226,50.39639016611987,68.2376561164856
-41.33831319024935,50.38053184904459,68.2376561164856
-41.33831319024935,50.38053184904459,68.2376561164856
-41.33831319024935,50.38053184904459,68.2376561164856
-41.33831319024935,50.38053184904459,68.2376561164856
-41.33831319024935,50.38053184904459,68.2376561164856
-41.33831319024935,50.38053184904459,68.2376561164856
-41.17893143061205,50.35410373946762,68.2376561164856
-41.17893143061205,50.35410373946762,68.2376561164856
-41.17893143061205,50.35410373946762,68.2376561164856
-41.17893143061205,50.35410373946762,68.2376561164856
-41.17893143061205,50.35410373946762,68.2376561164856
-41.059022158602794,50.33250957844182,68.2376561164856
-41.059022158602794,50.33250957844182,68.2376561164856
-41.059022158602794,50.33250957844182,68.2376561164856
-41.059022158602794,50.33250957844182,68.2376561164856
-41.059022158602794,50.33250957844182,68.2376561164856
-41.059022158602794,50.33250957844182,68.2376561164856
-40.9413401225345,50.3102036046087,68.2376561164856
-40.9413401225345,50.3102036046087,68.2376561164856
-40.9413401225345,50.3102036046087,68.2376561164856
-40.9413401225345,50.3102036046087,68.2376561164856
-40.9413401225345,50.3102036046087,68.2376561164856
-40.823211337940755,50.28332880845632,68.2376561164856
-40.823211337940755,50.28332880845632,68.2376561164856
-40.823211337940755,50.28332880845632,68.2376561164856
-40.823211337940755,50.28332880845632,68.2376561164856
-40.823211337940755,50.28332880845632,68.2376561164856
-40.70155924870499,50.258432197303335,68.2376561164856
-40.70155924870499,50.258432197303335,68.2376561164856
-40.70155924870499,50.258432197303335,68.2376561164856
-40.70155924870499,50.258432197303335,68.2376561164856
-40.70155924870499,50.258432197303335,68.2376561164856
-40.70155924870499,50.258432197303335,68.2376561164856
-40.51605659293819,50.2227525567,68.2376561164856
-40.51605659293819,50.2227525567,68.2376561164856
-40.51605659293819,50.2227525567,68.2376561164856
-40.51605659293819,50.2227525567,68.2376561164856
-40.51605659293819,50.2227525567,68.2376561164856
-40.51605659293819,50.2227525567,68.2376561164856
-40.51605659293819,50.2227525567,68.2376561164856
-40.38118222441694,50.18906275059744,68.2376561164856
-40.38118222441694,50.18906275059744,68.2376561164856
-40.38118222441694,50.18906275059744,68.2376561164856
-40.38118222441694,50.18906275059744,68.2376561164856
-40.38118222441694,50.18906275059744,68.2376561164856
-40.38118222441694,50.18906275059744,68.2376561164856
-40.38118222441694,50.18906275059744,68.2376561164856
-40.17523338726994,50.14167121302522,68.2376561164856
-40.17523338726994,50.14167121302522,68.2376561164856
-40.17523338726994,50.14167121302522,68.2376561164856
-40.17523338726994,50.14167121302522,68.2376561164856
-40.17523338726994,50.14167121302522,68.2376561164856
-40.17523338726994,50.14167121302522,68.2376561164856
-39.97505777880251,50.09793606233291,68.2376561164856
-39.97505777880251,50.09793606233291,68.2376561164856
-39.97505777880251,50.09793606233291,68.2376561164856
-39.97505777880251,50.09793606233291,68.2376561164856
-39.97505777880251,50.09793606233291,68.2376561164856
-39.85739275603322,50.06036007082012,68.2376561164856
-39.85739275603322,50.06036007082012,68.2376561164856
-39.85739275603322,50.06036007082012,68.2376561164856
-39.85739275603322,50.06036007082012,68.2376561164856
-39.85739275603322,50.06036007082012,68.2376561164856
-39.85739275603322,50.06036007082012,68.2376561164856
-39.557273601489136,49.987858941706996,68.2376561164856
-39.40946378603313,49.95655664041931,68.2376561164856
-39.27676236968274,49.92817022782502,68.2376561164856
-39.27676236968274,49.92817022782502,68.2376561164856
-39.27676236968274,49.92817022782502,68.2376561164856
-39.27676236968274,49.92817022782502,68.2376561164856
-39.27676236968274,49.92817022782502,68.2376561164856
-39.27676236968274,49.92817022782502,68.2376561164856
-39.07691393498631,49.87158433162616,68.2376561164856
-39.07691393498631,49.87158433162616,68.2376561164856
-39.07691393498631,49.87158433162616,68.2376561164856
-39.07691393498631,49.87158433162616,68.2376561164856
-39.07691393498631,49.87158433162616,68.2376561164856
-39.07691393498631,49.87158433162616,68.2376561164856
-39.07691393498631,49.87158433162616,68.2376561164856
-39.07691393498631,49.87158433162616,68.2376561164856
-39.07691393498631,49.87158433162616,68.2376561164856
-39.07691393498631,49.87158433162616,68.2376561164856
-39.07691393498631,49.87158433162616,68.2376561164856
-39.07691393498631,49.87158433162616,68.2376561164856
-38.853401583517254,49.83215897607024,68.2376561164856
-38.853401583517254,49.83215897607024,68.2376561164856
-38.853401583517254,49.83215897607024,68.2376561164856
-38.853401583517254,49.83215897607024,68.2376561164856
-38.853401583517254,49.83215897607024,68.2376561164856
-38.853401583517254,49.83215897607024,68.2376561164856
-38.853401583517254,49.83215897607024,68.2376561164856
-38.66197521955198,49.81714517139496,68.2376561164856
-38.66197521955198,49.81714517139496,68.2376561164856
-38.66197521955198,49.81714517139496,68.2376561164856
-38.66197521955198,49.81714517139496,68.2376561164856
-38.66197521955198,49.81714517139496,68.2376561164856
-38.66197521955198,49.81714517139496,68.2376561164856
-38.66197521955198,49.81714517139496,68.2376561164856
-38.440258484333384,49.776500456223545,68.2376561164856
-38.440258484333384,49.776500456223545,68.2376561164856
-38.440258484333384,49.776500456223545,68.2376561164856
-38.440258484333384,49.776500456223545,68.2376561164856
-38.440258484333384,49.776500456223545,68.2376561164856
-38.440258484333384,49.776500456223545,68.2376561164856
-38.440258484333384,49.776500456223545,68.2376561164856
-38.440258484333384,49.776500456223545,68.2376561164856
-38.440258484333384,49.776500456223545,68.2376561164856
-38.440258484333384,49.776500456223545,68.2376561164856
-38.272895831104286,49.74941146756498,68.2376561164856
-38.272895831104286,49.74941146756498,68.2376561164856
-38.272895831104286,49.74941146756498,68.2376561164856
-38.272895831104286,49.74941146756498,68.2376561164856
-38.272895831104286,49.74941146756498,68.2376561164856
-38.272895831104286,49.74941146756498,68.2376561164856
-38.272895831104286,49.74941146756498,68.2376561164856
-37.98935222384577,49.66269161810502,68.2376561164856
-37.98935222384577,49.66269161810502,68.2376561164856
-37.98935222384577,49.66269161810502,68.2376561164856
-37.98935222384577,49.66269161810502,68.2376561164856
-37.98935222384577,49.66269161810502,68.2376561164856
-37.98935222384577,49.66269161810502,68.2376561164856
-37.98935222384577,49.66269161810502,68.2376561164856
-37.86486781447122,49.605803117852794,68.2376561164856
-37.86486781447122,49.605803117852794,68.2376561164856
-37.86486781447122,49.605803117852794,68.2376561164856
-37.86486781447122,49.605803117852794,68.2376561164856
-37.86486781447122,49.605803117852794,68.2376561164856
-37.86486781447122,49.605803117852794,68.2376561164856
-37.86486781447122,49.605803117852794,68.2376561164856
-37.62731123848356,49.539553804388035,68.2376561164856
-37.62731123848356,49.539553804388035,68.2376561164856
-37.62731123848356,49.539553804388035,68.2376561164856
-37.62731123848356,49.539553804388035,68.2376561164856
-37.62731123848356,49.539553804388035,68.2376561164856
-37.62731123848356,49.539553804388035,68.2376561164856
-37.62731123848356,49.539553804388035,68.2376561164856
-37.62731123848356,49.539553804388035,68.2376561164856
-37.4162041716655,49.4789884533048,68.2376561164856
-37.4162041716655,49.4789884533048,68.2376561164856
-37.4162041716655,49.4789884533048,68.2376561164856
-37.4162041716655,49.4789884533048,68.2376561164856
-37.4162041716655,49.4789884533048,68.2376561164856
-37.4162041716655,49.4789884533048,68.2376561164856
-37.4162041716655,49.4789884533048,68.2376561164856
-37.21075652787012,49.4300219545511,68.2376561164856
-37.21075652787012,49.4300219545511,68.2376561164856
-37.21075652787012,49.4300219545511,68.2376561164856
-37.21075652787012,49.4300219545511,68.2376561164856
-37.21075652787012,49.4300219545511,68.2376561164856
-37.21075652787012,49.4300219545511,68.2376561164856
-37.21075652787012,49.4300219545511,68.2376561164856
-37.008273440783626,49.38857504114208,68.2376561164856
-37.008273440783626,49.38857504114208,68.2376561164856
-37.008273440783626,49.38857504114208,68.2376561164856
-37.008273440783626,49.38857504114208,68.2376561164856
-37.008273440783626,49.38857504114208,68.2376561164856
-37.008273440783626,49.38857504114208,68.2376561164856
-37.008273440783626,49.38857504114208,68.2376561164856
-36.80690096267567,49.32514636757552,68.2376561164856
-36.80690096267567,49.32514636757552,68.2376561164856
-36.80690096267567,49.32514636757552,68.2376561164856
-36.80690096267567,49.32514636757552,68.2376561164856
-36.80690096267567,49.32514636757552,68.2376561164856
-36.80690096267567,49.32514636757552,68.2376561164856
-36.80690096267567,49.32514636757552,68.2376561164856
-36.555277638121204,49.264205656139005,68.2376561164856
-36.555277638121204,49.264205656139005,68.2376561164856
-36.555277638121204,49.264205656139005,68.2376561164856
-36.555277638121204,49.264205656139005,68.2376561164856
-36.555277638121204,49.264205656139005,68.2376561164856
-36.555277638121204,49.264205656139005,68.2376561164856
-36.555277638121204,49.264205656139005,68.2376561164856
-36.38070664000966,49.238560830110764,68.2376561164856
-36.38070664000966,49.238560830110764,68.2376561164856
-36.38070664000966,49.238560830110764,68.2376561164856
-36.38070664000966,49.238560830110764,68.2376561164856
-36.38070664000966,49.238560830110764,68.2376561164856
-36.38070664000966,49.238560830110764,68.2376561164856
-36.38070664000966,49.238560830110764,68.2376561164856
-36.38070664000966,49.238560830110764,68.2376561164856
-36.19898568378557,49.19102408261265,68.2376561164856
-36.19898568378557,49.19102408261265,68.2376561164856
-36.19898568378557,49.19102408261265,68.2376561164856
-36.19898568378557,49.19102408261265,68.2376561164856
-36.19898568378557,49.19102408261265,68.2376561164856
-36.19898568378557,49.19102408261265,68.2376561164856
-36.19898568378557,49.19102408261265,68.2376561164856
-35.97392455620858,49.14846605153648,68.2376561164856
-35.97392455620858,49.14846605153648,68.2376561164856
-35.97392455620858,49.14846605153648,68.2376561164856
-35.97392455620858,49.14846605153648,68.2376561164856
-35.97392455620858,49.14846605153648,68.2376561164856
-35.97392455620858,49.14846605153648,68.2376561164856
-35.97392455620858,49.14846605153648,68.2376561164856
-35.97392455620858,49.14846605153648,68.2376561164856
-35.80569430945464,49.121509236123956,68.2376561164856
-35.80569430945464,49.121509236123956,68.2376561164856
-35.80569430945464,49.121509236123956,68.2376561164856
-35.80569430945464,49.121509236123956,68.2376561164856
-35.80569430945464,49.121509236123956,68.2376561164856
-35.80569430945464,49.121509236123956,68.2376561164856
-35.80569430945464,49.121509236123956,68.2376561164856
-35.56640708668692,49.0734799239133,68.2376561164856
-35.56640708668692,49.0734799239133,68.2376561164856
-35.56640708668692,49.0734799239133,68.2376561164856
-35.56640708668692,49.0734799239133,68.2376561164856
-35.56640708668692,49.0734799239133,68.2376561164856
-35.56640708668692,49.0734799239133,68.2376561164856
-35.56640708668692,49.0734799239133,68.2376561164856
-35.56640708668692,49.0734799239133,68.2376561164856
-35.358878153988776,49.061102564832126,68.2376561164856
-35.358878153988776,49.061102564832126,68.2376561164856
-35.358878153988776,49.061102564832126,68.2376561164856
-35.358878153988776,49.061102564832126,68.2376561164856
-35.358878153988776,49.061102564832126,68.2376561164856
-35.358878153988776,49.061102564832126,68.2376561164856
-35.358878153988776,49.061102564832126,68.2376561164856
-35.358878153988776,49.061102564832126,68.2376561164856
-35.17765309346184,49.039677749230755,68.2376561164856
-35.17765309346184,49.039677749230755,68.2376561164856
-35.17765309346184,49.039677749230755,68.2376561164856
-35.17765309346184,49.039677749230755,68.2376561164856
-35.17765309346184,49.039677749230755,68.2376561164856
-35.17765309346184,49.039677749230755,68.2376561164856
-35.17765309346184,49.039677749230755,68.2376561164856
-34.91656371796545,49.01322768802512,68.2376561164856
-34.91656371796545,49.01322768802512,68.2376561164856
-34.91656371796545,49.01322768802512,68.2376561164856
-34.91656371796545,49.01322768802512,68.2376561164856
-34.91656371796545,49.01322768802512,68.2376561164856
-34.91656371796545,49.01322768802512,68.2376561164856
-34.91656371796545,49.01322768802512,68.2376561164856
-34.91656371796545,49.01322768802512,68.2376561164856
-34.80151273911722,49.00667640453157,68.2376561164856
-34.80151273911722,49.00667640453157,68.2376561164856
-34.80151273911722,49.00667640453157,68.2376561164856
-34.80151273911722,49.00667640453157,68.2376561164856
-34.80151273911722,49.00667640453157,68.2376561164856
-34.80151273911722,49.00667640453157,68.2376561164856
-34.80151273911722,49.00667640453157,68.2376561164856
-34.80151273911722,49.00667640453157,68.2376561164856
-34.80151273911722,49.00667640453157,68.2376561164856
-34.52125453677499,48.98302526289493,68.2376561164856
-34.52125453677499,48.98302526289493,68.2376561164856
-34.52125453677499,48.98302526289493,68.2376561164856
-34.52125453677499,48.98302526289493,68.2376561164856
-34.52125453677499,48.98302526289493,68.2376561164856
-34.52125453677499,48.98302526289493,68.2376561164856
-34.52125453677499,48.98302526289493,68.2376561164856
-34.52125453677499,48.98302526289493,68.2376561164856
-34.410520592680015,48.9987387460097,68.2376561164856
-34.410520592680015,48.9987387460097,68.2376561164856
-34.410520592680015,48.9987387460097,68.2376561164856
-34.410520592680015,48.9987387460097,68.2376561164856
-34.410520592680015,48.9987387460097,68.2376561164856
-34.410520592680015,48.9987387460097,68.2376561164856
-34.410520592680015,48.9987387460097,68.2376561164856
-34.410520592680015,48.9987387460097,68.2376561164856
-34.206063969724404,48.97857234028768,68.2376561164856
-34.206063969724404,48.97857234028768,68.2376561164856
-34.206063969724404,48.97857234028768,68.2376561164856
-34.206063969724404,48.97857234028768,68.2376561164856
-34.206063969724404,48.97857234028768,68.2376561164856
-34.206063969724404,48.97857234028768,68.2376561164856
-34.206063969724404,48.97857234028768,68.2376561164856
-34.206063969724404,48.97857234028768,68.2376561164856
-33.82053491968536,48.926171214676266,68.2376561164856
-33.82053491968536,48.926171214676266,68.2376561164856
-33.82053491968536,48.926171214676266,68.2376561164856
-33.82053491968536,48.926171214676266,68.2376561164856
-33.82053491968536,48.926171214676266,68.2376561164856
-33.82053491968536,48.926171214676266,68.2376561164856
-33.585498933656616,48.89640091296962,68.2376561164856
-33.585498933656616,48.89640091296962,68.2376561164856
-33.585498933656616,48.89640091296962,68.2376561164856
-33.585498933656616,48.89640091296962,68.2376561164856
-33.585498933656616,48.89640091296962,68.2376561164856
-33.41509789289853,48.867022200415576,68.2376561164856
-33.41509789289853,48.867022200415576,68.2376561164856
-33.41509789289853,48.867022200415576,68.2376561164856
-33.41509789289853,48.867022200415576,68.2376561164856
-33.41509789289853,48.867022200415576,68.2376561164856
-33.41509789289853,48.867022200415576,68.2376561164856
-33.25216507130314,48.84961861895204,68.2376561164856
-33.25216507130314,48.84961861895204,68.2376561164856
-33.25216507130314,48.84961861895204,68.2376561164856
-33.25216507130314,48.84961861895204,68.2376561164856
-33.25216507130314,48.84961861895204,68.2376561164856
-33.25216507130314,48.84961861895204,68.2376561164856
-33.037690198969194,48.82277640507624,68.2376561164856
-33.037690198969194,48.82277640507624,68.2376561164856
-33.037690198969194,48.82277640507624,68.2376561164856
-33.037690198969194,48.82277640507624,68.2376561164856
-33.037690198969194,48.82277640507624,68.2376561164856
-33.037690198969194,48.82277640507624,68.2376561164856
-32.94793186409196,48.820967087407304,68.2376561164856
-32.94793186409196,48.820967087407304,68.2376561164856
-32.94793186409196,48.820967087407304,68.2376561164856
-32.94793186409196,48.820967087407304,68.2376561164856
-32.94793186409196,48.820967087407304,68.2376561164856
-32.77381935363313,48.81442049799338,68.2376561164856
-32.77381935363313,48.81442049799338,68.2376561164856
-32.77381935363313,48.81442049799338,68.2376561164856
-32.77381935363313,48.81442049799338,68.2376561164856
-32.77381935363313,48.81442049799338,68.2376561164856
-32.77381935363313,48.81442049799338,68.2376561164856
-32.77381935363313,48.81442049799338,68.2376561164856
-32.74387931620429,48.81571763681109,68.2376561164856
-32.74387931620429,48.81571763681109,68.2376561164856
-32.74387931620429,48.81571763681109,68.2376561164856
-32.74387931620429,48.81571763681109,68.2376561164856
-32.74387931620429,48.81571763681109,68.2376561164856
-32.74387931620429,48.81571763681109,68.2376561164856
-32.74387931620429,48.81571763681109,68.2376561164856
-32.64689496300179,48.82541480303195,68.2376561164856
-32.64689496300179,48.82541480303195,68.2376561164856
-32.64689496300179,48.82541480303195,68.2376561164856
-32.64689496300179,48.82541480303195,68.2376561164856
-32.64689496300179,48.82541480303195,68.2376561164856
-32.64689496300179,48.82541480303195,68.2376561164856
-32.48947790513985,48.79614900317846,68.2376561164856
-32.48947790513985,48.79614900317846,68.2376561164856
-32.48947790513985,48.79614900317846,68.2376561164856
-32.48947790513985,48.79614900317846,68.2376561164856
-32.48947790513985,48.79614900317846,68.2376561164856
-32.48947790513985,48.79614900317846,68.2376561164856
-32.255378329600404,48.75268669409278,68.2376561164856
-32.255378329600404,48.75268669409278,68.2376561164856
-32.255378329600404,48.75268669409278,68.2376561164856
-32.255378329600404,48.75268669409278,68.2376561164856
-32.255378329600404,48.75268669409278,68.2376561164856
-32.255378329600404,48.75268669409278,68.2376561164856
-32.116685371478184,48.72920175400666,68.2376561164856
-32.116685371478184,48.72920175400666,68.2376561164856
-32.116685371478184,48.72920175400666,68.2376561164856
-32.116685371478184,48.72920175400666,68.2376561164856
-32.116685371478184,48.72920175400666,68.2376561164856
-32.00468836967989,48.704445931993334,68.2376561164856
-32.00468836967989,48.704445931993334,68.2376561164856
-32.00468836967989,48.704445931993334,68.2376561164856
-32.00468836967989,48.704445931993334,68.2376561164856
-32.00468836967989,48.704445931993334,68.2376561164856
-31.906194184268454,48.68965860704172,68.2376561164856
-31.906194184268454,48.68965860704172,68.2376561164856
-31.906194184268454,48.68965860704172,68.2376561164856
-31.906194184268454,48.68965860704172,68.2376561164856
-31.906194184268454,48.68965860704172,68.2376561164856
-31.798089685557358,48.67578564852075,68.2376561164856
-31.798089685557358,48.67578564852075,68.2376561164856
-31.798089685557358,48.67578564852075,68.2376561164856
-31.798089685557358,48.67578564852075,68.2376561164856
-31.798089685557358,48.67578564852075,68.2376561164856
-31.68531471298981,48.649840071815966,68.2376561164856
-31.68531471298981,48.649840071815966,68.2376561164856
-31.68531471298981,48.649840071815966,68.2376561164856
-31.68531471298981,48.649840071815966,68.2376561164856
-31.68531471298981,48.649840071815966,68.2376561164856
-31.566502049013593,48.627846958256974,68.2376561164856
-31.566502049013593,48.627846958256974,68.2376561164856
-31.566502049013593,48.627846958256974,68.2376561164856
-31.566502049013593,48.627846958256974,68.2376561164856
-31.566502049013593,48.627846958256974,68.2376561164856
-31.566502049013593,48.627846958256974,68.2376561164856
-31.43356908557712,48.60756395430914,68.2376561164856
-31.43356908557712,48.60756395430914,68.2376561164856
-31.43356908557712,48.60756395430914,68.2376561164856
-31.43356908557712,48.60756395430914,68.2376561164856
-31.43356908557712,48.60756395430914,68.2376561164856
-31.43356908557712,48.60756395430914,68.2376561164856
-31.43356908557712,48.60756395430914,68.2376561164856
-31.43356908557712,48.60756395430914,68.2376561164856
-31.16836225280385,48.57492127654451,68.2376561164856
-31.16836225280385,48.57492127654451,68.2376561164856
-31.16836225280385,48.57492127654451,68.2376561164856
-31.16836225280385,48.57492127654451,68.2376561164856
-31.16836225280385,48.57492127654451,68.2376561164856
-31.16836225280385,48.57492127654451,68.2376561164856
-31.16836225280385,48.57492127654451,68.2376561164856
-31.16836225280385,48.57492127654451,68.2376561164856
-31.16836225280385,48.57492127654451,68.2376561164856
-31.16836225280385,48.57492127654451,68.2376561164856
-31.16836225280385,48.57492127654451,68.2376561164856
-31.16836225280385,48.57492127654451,68.2376561164856
-31.16836225280385,48.57492127654451,68.2376561164856
-31.16836225280385,48.57492127654451,68.2376561164856
-31.00310417824223,48.564762301708456,68.2376561164856
-31.00310417824223,48.564762301708456,68.2376561164856
-31.00310417824223,48.564762301708456,68.2376561164856
-31.00310417824223,48.564762301708456,68.2376561164856
-31.00310417824223,48.564762301708456,68.2376561164856
-31.00310417824223,48.564762301708456,68.2376561164856
-31.00310417824223,48.564762301708456,68.2376561164856
-31.00310417824223,48.564762301708456,68.2376561164856
-31.00310417824223,48.564762301708456,68.2376561164856
-31.00310417824223,48.564762301708456,68.2376561164856
-31.00310417824223,48.564762301708456,68.2376561164856
-31.00310417824223,48.564762301708456,68.2376561164856
-31.00310417824223,48.564762301708456,68.2376561164856
-31.00310417824223,48.564762301708456,68.2376561164856
-30.623812660726784,48.51471098569528,68.2376561164856
-30.623812660726784,48.51471098569528,68.2376561164856
-30.623812660726784,48.51471098569528,68.2376561164856
-30.623812660726784,48.51471098569528,68.2376561164856
-30.623812660726784,48.51471098569528,68.2376561164856
-30.623812660726784,48.51471098569528,68.2376561164856
-30.623812660726784,48.51471098569528,68.2376561164856
-30.623812660726784,48.51471098569528,68.2376561164856
-30.623812660726784,48.51471098569528,68.2376561164856
-30.623812660726784,48.51471098569528,68.2376561164856
-30.623812660726784,48.51471098569528,68.2376561164856
-30.623812660726784,48.51471098569528,68.2376561164856
-30.623812660726784,48.51471098569528,68.2376561164856
-30.193799412897953,48.47530073748267,68.2376561164856
-30.193799412897953,48.47530073748267,68.2376561164856
-30.193799412897953,48.47530073748267,68.2376561164856
-30.193799412897953,48.47530073748267,68.2376561164856
-30.193799412897953,48.47530073748267,68.2376561164856
-30.193799412897953,48.47530073748267,68.2376561164856
-30.193799412897953,48.47530073748267,68.2376561164856
-30.193799412897953,48.47530073748267,68.2376561164856
-30.193799412897953,48.47530073748267,68.2376561164856
-30.193799412897953,48.47530073748267,68.2376561164856
-30.193799412897953,48.47530073748267,68.2376561164856
-30.193799412897953,48.47530073748267,68.2376561164856
-30.193799412897953,48.47530073748267,68.2376561164856
-30.193799412897953,48.47530073748267,68.2376561164856
-29.789429820494927,48.44205076785972,68.2376561164856
-29.789429820494927,48.44205076785972,68.2376561164856
-29.789429820494927,48.44205076785972,68.2376561164856
-29.789429820494927,48.44205076785972,68.2376561164856
-29.789429820494927,48.44205076785972,68.2376561164856
-29.789429820494927,48.44205076785972,68.2376561164856
-29.789429820494927,48.44205076785972,68.2376561164856
-29.789429820494927,48.44205076785972,68.2376561164856
-29.789429820494927,48.44205076785972,68.2376561164856
-29.789429820494927,48.44205076785972,68.2376561164856
-29.789429820494927,48.44205076785972,68.2376561164856
-29.789429820494927,48.44205076785972,68.2376561164856
-29.789429820494927,48.44205076785972,68.2376561164856
-29.34009314535481,48.4248826570446,68.2376561164856
-29.34009314535481,48.4248826570446,68.2376561164856
-29.34009314535481,48.4248826570446,68.2376561164856
-29.34009314535481,48.4248826570446,68.2376561164856
-29.34009314535481,48.4248826570446,68.2376561164856
-29.34009314535481,48.4248826570446,68.2376561164856
-29.34009314535481,48.4248826570446,68.2376561164856
-29.34009314535481,48.4248826570446,68.2376561164856
-29.34009314535481,48.4248826570446,68.2376561164856
-29.34009314535481,48.4248826570446,68.2376561164856
-29.34009314535481,48.4248826570446,68.2376561164856
-29.34009314535481,48.4248826570446,68.2376561164856
-29.34009314535481,48.4248826570446,68.2376561164856
-29.34009314535481,48.4248826570446,68.2376561164856
-29.025248630654378,48.4232934915697,68.2376561164856
-29.025248630654378,48.4232934915697,68.2376561164856
-29.025248630654378,48.4232934915697,68.2376561164856
-29.025248630654378,48.4232934915697,68.2376561164856
-29.025248630654378,48.4232934915697,68.2376561164856
-29.025248630654378,48.4232934915697,68.2376561164856
-29.025248630654378,48.4232934915697,68.2376561164856
-29.025248630654378,48.4232934915697,68.2376561164856
-29.025248630654378,48.4232934915697,68.2376561164856
-29.025248630654378,48.4232934915697,68.2376561164856
-29.025248630654378,48.4232934915697,68.2376561164856
-29.025248630654378,48.4232934915697,68.2376561164856
-29.025248630654378,48.4232934915697,68.2376561164856
-29.025248630654378,48.4232934915697,68.2376561164856
-28.547104963175013,48.41407989038837,68.2376561164856
-28.547104963175013,48.41407989038837,68.2376561164856
-28.547104963175013,48.41407989038837,68.2376561164856
-28.547104963175013,48.41407989038837,68.2376561164856
-28.547104963175013,48.41407989038837,68.2376561164856
-28.547104963175013,48.41407989038837,68.2376561164856
-28.547104963175013,48.41407989038837,68.2376561164856
-28.547104963175013,48.41407989038837,68.2376561164856
-28.547104963175013,48.41407989038837,68.2376561164856
-28.547104963175013,48.41407989038837,68.2376561164856
-28.547104963175013,48.41407989038837,68.2376561164856
-28.547104963175013,48.41407989038837,68.2376561164856
-28.547104963175013,48.41407989038837,68.2376561164856
-28.547104963175013,48.41407989038837,68.2376561164856
-28.18856648836946,48.41756270837989,68.2376561164856
-28.18856648836946,48.41756270837989,68.2376561164856
-28.18856648836946,48.41756270837989,68.2376561164856
-28.18856648836946,48.41756270837989,68.2376561164856
-28.18856648836946,48.41756270837989,68.2376561164856
-28.18856648836946,48.41756270837989,68.2376561164856
-28.18856648836946,48.41756270837989,68.2376561164856
-28.18856648836946,48.41756270837989,68.2376561164856
-28.18856648836946,48.41756270837989,68.2376561164856
-27.684114361692128,48.40138479127583,68.2376561164856
-27.684114361692128,48.40138479127583,68.2376561164856
-27.684114361692128,48.40138479127583,68.2376561164856
-27.684114361692128,48.40138479127583,68.2376561164856
-27.684114361692128,48.40138479127583,68.2376561164856
-27.684114361692128,48.40138479127583,68.2376561164856
-27.684114361692128,48.40138479127583,68.2376561164856
-27.418972058832825,48.385357290278336,68.2376561164856
-27.418972058832825,48.385357290278336,68.2376561164856
-27.418972058832825,48.385357290278336,68.2376561164856
-27.418972058832825,48.385357290278336,68.2376561164856
-27.418972058832825,48.385357290278336,68.2376561164856
-27.418972058832825,48.385357290278336,68.2376561164856
-27.418972058832825,48.385357290278336,68.2376561164856
-27.418972058832825,48.385357290278336,68.2376561164856
-27.20003552883978,48.37467058553578,68.2376561164856
-27.20003552883978,48.37467058553578,68.2376561164856
-27.20003552883978,48.37467058553578,68.2376561164856
-27.20003552883978,48.37467058553578,68.2376561164856
-27.20003552883978,48.37467058553578,68.2376561164856
-27.20003552883978,48.37467058553578,68.2376561164856
-27.20003552883978,48.37467058553578,68.2376561164856
-26.931688020686373,48.378863446891174,68.2376561164856
-26.931688020686373,48.378863446891174,68.2376561164856
-26.931688020686373,48.378863446891174,68.2376561164856
-26.931688020686373,48.378863446891174,68.2376561164856
-26.931688020686373,48.378863446891174,68.2376561164856
-26.931688020686373,48.378863446891174,68.2376561164856
-26.931688020686373,48.378863446891174,68.2376561164856
-26.931688020686373,48.378863446891174,68.2376561164856
-26.658489309692133,48.369931695817975,68.2376561164856
-26.658489309692133,48.369931695817975,68.2376561164856
-26.658489309692133,48.369931695817975,68.2376561164856
-26.658489309692133,48.369931695817975,68.2376561164856
-26.658489309692133,48.369931695817975,68.2376561164856
-26.658489309692133,48.369931695817975,68.2376561164856
-26.658489309692133,48.369931695817975,68.2376561164856
-26.43274680604488,48.34871325824132,68.2376561164856
-26.43274680604488,48.34871325824132,68.2376561164856
-26.43274680604488,48.34871325824132,68.2376561164856
-26.43274680604488,48.34871325824132,68.2376561164856
-26.43274680604488,48.34871325824132,68.2376561164856
-26.43274680604488,48.34871325824132,68.2376561164856
-26.43274680604488,48.34871325824132,68.2376561164856
-26.43274680604488,48.34871325824132,68.2376561164856
-26.17723285678283,48.349232598421494,68.2376561164856
-26.17723285678283,48.349232598421494,68.2376561164856
-26.17723285678283,48.349232598421494,68.2376561164856
-26.17723285678283,48.349232598421494,68.2376561164856
-26.17723285678283,48.349232598421494,68.2376561164856
-26.17723285678283,48.349232598421494,68.2376561164856
-26.17723285678283,48.349232598421494,68.2376561164856
-26.17723285678283,48.349232598421494,68.2376561164856
-26.17723285678283,48.349232598421494,68.2376561164856
-25.94255922107399,48.34726326880625,68.2376561164856
-25.94255922107399,48.34726326880625,68.2376561164856
-25.94255922107399,48.34726326880625,68.2376561164856
-25.94255922107399,48.34726326880625,68.2376561164856
-25.94255922107399,48.34726326880625,68.2376561164856
-25.94255922107399,48.34726326880625,68.2376561164856
-25.94255922107399,48.34726326880625,68.2376561164856
-25.94255922107399,48.34726326880625,68.2376561164856
-25.94255922107399,48.34726326880625,68.2376561164856
-25.94255922107399,48.34726326880625,68.2376561164856
-25.94255922107399,48.34726326880625,68.2376561164856
-25.94255922107399,48.34726326880625,68.2376561164856
-25.94255922107399,48.34726326880625,68.2376561164856
-25.94255922107399,48.34726326880625,68.2376561164856
-25.94255922107399,48.34726326880625,68.2376561164856
-25.630866790688955,48.316649189005965,68.2376561164856
-25.630866790688955,48.316649189005965,68.2376561164856
-25.630866790688955,48.316649189005965,68.2376561164856
-25.630866790688955,48.316649189005965,68.2376561164856
-25.630866790688955,48.316649189005965,68.2376561164856
-25.630866790688955,48.316649189005965,68.2376561164856
-25.630866790688955,48.316649189005965,68.2376561164856
-25.630866790688955,48.316649189005965,68.2376561164856
-25.630866790688955,48.316649189005965,68.2376561164856
-25.630866790688955,48.316649189005965,68.2376561164856
-25.136073138144937,48.27876543914935,68.2376561164856
-25.136073138144937,48.27876543914935,68.2376561164856
-25.136073138144937,48.27876543914935,68.2376561164856
-25.136073138144937,48.27876543914935,68.2376561164856
-25.136073138144937,48.27876543914935,68.2376561164856
-25.136073138144937,48.27876543914935,68.2376561164856
-25.136073138144937,48.27876543914935,68.2376561164856
-25.136073138144937,48.27876543914935,68.2376561164856
-24.82599687734947,48.24363123897083,68.2376561164856
-24.82599687734947,48.24363123897083,68.2376561164856
-24.82599687734947,48.24363123897083,68.2376561164856
-24.82599687734947,48.24363123897083,68.2376561164856
-24.82599687734947,48.24363123897083,68.2376561164856
-24.82599687734947,48.24363123897083,68.2376561164856
-24.82599687734947,48.24363123897083,68.2376561164856
-24.82599687734947,48.24363123897083,68.2376561164856
-24.82599687734947,48.24363123897083,68.2376561164856
-24.59359667130052,48.21800905206178,68.2376561164856
-24.59359667130052,48.21800905206178,68.2376561164856
-24.59359667130052,48.21800905206178,68.2376561164856
-24.59359667130052,48.21800905206178,68.2376561164856
-24.59359667130052,48.21800905206178,68.2376561164856
-24.59359667130052,48.21800905206178,68.2376561164856
-24.59359667130052,48.21800905206178,68.2376561164856
-24.59359667130052,48.21800905206178,68.2376561164856
-24.272616788470078,48.184462838862316,68.2376561164856
-24.272616788470078,48.184462838862316,68.2376561164856
-24.272616788470078,48.184462838862316,68.2376561164856
-24.272616788470078,48.184462838862316,68.2376561164856
-24.272616788470078,48.184462838862316,68.2376561164856
-24.272616788470078,48.184462838862316,68.2376561164856
-24.272616788470078,48.184462838862316,68.2376561164856
-24.272616788470078,48.184462838862316,68.2376561164856
-24.0176191761356,48.16141697883654,68.2376561164856
-24.0176191761356,48.16141697883654,68.2376561164856
-24.0176191761356,48.16141697883654,68.2376561164856
-24.0176191761356,48.16141697883654,68.2376561164856
-24.0176191761356,48.16141697883654,68.2376561164856
-24.0176191761356,48.16141697883654,68.2376561164856
-24.0176191761356,48.16141697883654,68.2376561164856
-24.0176191761356,48.16141697883654,68.2376561164856
-23.737612441651617,48.144937916694055,68.2376561164856
-23.737612441651617,48.144937916694055,68.2376561164856
-23.737612441651617,48.144937916694055,68.2376561164856
-23.737612441651617,48.144937916694055,68.2376561164856
-23.737612441651617,48.144937916694055,68.2376561164856
-23.737612441651617,48.144937916694055,68.2376561164856
-23.737612441651617,48.144937916694055,68.2376561164856
-23.737612441651617,48.144937916694055,68.2376561164856
-23.50107136826343,48.14367167862222,68.2376561164856
-23.50107136826343,48.14367167862222,68.2376561164856
-23.50107136826343,48.14367167862222,68.2376561164856
-23.50107136826343,48.14367167862222,68.2376561164856
-23.50107136826343,48.14367167862222,68.2376561164856
-23.50107136826343,48.14367167862222,68.2376561164856
-23.50107136826343,48.14367167862222,68.2376561164856
-23.50107136826343,48.14367167862222,68.2376561164856
-23.127552212515955,48.107487611750734,68.2376561164856
-23.127552212515955,48.107487611750734,68.2376561164856
-23.127552212515955,48.107487611750734,68.2376561164856
-23.127552212515955,48.107487611750734,68.2376561164856
-23.127552212515955,48.107487611750734,68.2376561164856
-23.127552212515955,48.107487611750734,68.2376561164856
-23.127552212515955,48.107487611750734,68.2376561164856
-22.86026105382616,48.09374492523321,68.2376561164856
-22.86026105382616,48.09374492523321,68.2376561164856
-22.86026105382616,48.09374492523321,68.2376561164856
-22.86026105382616,48.09374492523321,68.2376561164856
-22.86026105382616,48.09374492523321,68.2376561164856
-22.86026105382616,48.09374492523321,68.2376561164856
-22.86026105382616,48.09374492523321,68.2376561164856
-22.86026105382616,48.09374492523321,68.2376561164856
-22.619110804740792,48.079618153418224,68.2376561164856
-22.619110804740792,48.079618153418224,68.2376561164856
-22.619110804740792,48.079618153418224,68.2376561164856
-22.619110804740792,48.079618153418224,68.2376561164856
-22.619110804740792,48.079618153418224,68.2376561164856
-22.619110804740792,48.079618153418224,68.2376561164856
-22.619110804740792,48.079618153418224,68.2376561164856
-22.619110804740792,48.079618153418224,68.2376561164856
-22.399617753097136,48.07211448489619,68.2376561164856
-22.399617753097136,48.07211448489619,68.2376561164856
-22.399617753097136,48.07211448489619,68.2376561164856
-22.399617753097136,48.07211448489619,68.2376561164856
-22.399617753097136,48.07211448489619,68.2376561164856
-22.399617753097136,48.07211448489619,68.2376561164856
-22.399617753097136,48.07211448489619,68.2376561164856
-22.17248925661286,48.05759432449364,68.2376561164856
-22.17248925661286,48.05759432449364,68.2376561164856
-22.17248925661286,48.05759432449364,68.2376561164856
-22.17248925661286,48.05759432449364,68.2376561164856
-22.17248925661286,48.05759432449364,68.2376561164856
-22.17248925661286,48.05759432449364,68.2376561164856
-22.17248925661286,48.05759432449364,68.2376561164856
-22.17248925661286,48.05759432449364,68.2376561164856
-21.94037951870225,48.0438882448373,68.2376561164856
-21.94037951870225,48.0438882448373,68.2376561164856
-21.94037951870225,48.0438882448373,68.2376561164856
-21.94037951870225,48.0438882448373,68.2376561164856
-21.94037951870225,48.0438882448373,68.2376561164856
-21.94037951870225,48.0438882448373,68.2376561164856
-21.94037951870225,48.0438882448373,68.2376561164856
-21.94037951870225,48.0438882448373,68.2376561164856
-21.94037951870225,48.0438882448373,68.2376561164856
-21.94037951870225,48.0438882448373,68.2376561164856
-21.94037951870225,48.0438882448373,68.2376561164856
-21.94037951870225,48.0438882448373,68.2376561164856
-21.80958477217633,48.02731019316104,68.2376561164856
-21.80958477217633,48.02731019316104,68.2376561164856
-21.80958477217633,48.02731019316104,68.2376561164856
-21.80958477217633,48.02731019316104,68.2376561164856
-21.80958477217633,48.02731019316104,68.2376561164856
-21.80958477217633,48.02731019316104,68.2376561164856
-21.80958477217633,48.02731019316104,68.2376561164856
-21.80958477217633,48.02731019316104,68.2376561164856
-21.80958477217633,48.02731019316104,68.2376561164856
-21.80958477217633,48.02731019316104,68.2376561164856
-21.80958477217633,48.02731019316104,68.2376561164856
-21.80958477217633,48.02731019316104,68.2376561164856
-21.80958477217633,48.02731019316104,68.2376561164856
-21.80958477217633,48.02731019316104,68.2376561164856
-21.51707712897717,48.03252102478687,68.2376561164856
-21.51707712897717,48.03252102478687,68.2376561164856
-21.51707712897717,48.03252102478687,68.2376561164856
-21.51707712897717,48.03252102478687,68.2376561164856
-21.51707712897717,48.03252102478687,68.2376561164856
-21.23401632165962,48.03028333372917,68.2376561164856
-21.23401632165962,48.03028333372917,68.2376561164856
-21.23401632165962,48.03028333372917,68.2376561164856
-21.23401632165962,48.03028333372917,68.2376561164856
-21.23401632165962,48.03028333372917,68.2376561164856
-21.23401632165962,48.03028333372917,68.2376561164856
-21.23401632165962,48.03028333372917,68.2376561164856
-21.11060554517325,48.02142432494148,68.2376561164856
-21.11060554517325,48.02142432494148,68.2376561164856
-21.11060554517325,48.02142432494148,68.2376561164856
-21.11060554517325,48.02142432494148,68.2376561164856
-21.11060554517325,48.02142432494148,68.2376561164856
-21.02588421617539,48.03649710222738,68.2376561164856
-21.02588421617539,48.03649710222738,68.2376561164856
-21.02588421617539,48.03649710222738,68.2376561164856
-21.02588421617539,48.03649710222738,68.2376561164856
-21.02588421617539,48.03649710222738,68.2376561164856
-21.02588421617539,48.03649710222738,68.2376561164856
-20.982909757576426,48.05285045273783,68.2376561164856
-20.982909757576426,48.05285045273783,68.2376561164856
-20.982909757576426,48.05285045273783,68.2376561164856
-20.982909757576426,48.05285045273783,68.2376561164856
-20.982909757576426,48.05285045273783,68.2376561164856
-20.970424149172622,48.058809467861614,68.2376561164856
-20.970424149172622,48.058809467861614,68.2376561164856
-20.970424149172622,48.058809467861614,68.2376561164856
-20.970424149172622,48.058809467861614,68.2376561164856
-20.970424149172622,48.058809467861614,68.2376561164856
-20.970424149172622,48.058809467861614,68.2376561164856
-20.840280547252917,48.05655152825121,68.2376561164856
-20.840280547252917,48.05655152825121,68.2376561164856
-20.840280547252917,48.05655152825121,68.2376561164856
-20.840280547252917,48.05655152825121,68.2376561164856
-20.840280547252917,48.05655152825121,68.2376561164856
-20.70811742410171,48.05780742011039,68.2376561164856
-20.70811742410171,48.05780742011039,68.2376561164856
-20.70811742410171,48.05780742011039,68.2376561164856
-20.70811742410171,48.05780742011039,68.2376561164856
-20.70811742410171,48.05780742011039,68.2376561164856
-20.641198862773543,48.07232395182723,68.2376561164856
-20.641198862773543,48.07232395182723,68.2376561164856
-20.641198862773543,48.07232395182723,68.2376561164856
-20.641198862773543,48.07232395182723,68.2376561164856
-20.641198862773543,48.07232395182723,68.2376561164856
-20.641198862773543,48.07232395182723,68.2376561164856
-20.57849241088067,48.082899725553276,68.2376561164856
-20.57849241088067,48.082899725553276,68.2376561164856
-20.57849241088067,48.082899725553276,68.2376561164856
-20.57849241088067,48.082899725553276,68.2376561164856
-20.57849241088067,48.082899725553276,68.2376561164856
-20.410870553818707,48.0692867347785,68.2376561164856
-20.410870553818707,48.0692867347785,68.2376561164856
-20.410870553818707,48.0692867347785,68.2376561164856
-20.410870553818707,48.0692867347785,68.2376561164856
-20.410870553818707,48.0692867347785,68.2376561164856
-20.263993823219856,48.07549037259083,68.2376561164856
-20.263993823219856,48.07549037259083,68.2376561164856
-20.263993823219856,48.07549037259083,68.2376561164856
-20.263993823219856,48.07549037259083,68.2376561164856
-20.263993823219856,48.07549037259083,68.2376561164856
-20.263993823219856,48.07549037259083,68.2376561164856
-20.186780807061755,48.08254358623643,68.2376561164856
-20.186780807061755,48.08254358623643,68.2376561164856
-20.186780807061755,48.08254358623643,68.2376561164856
-20.186780807061755,48.08254358623643,68.2376561164856
-20.186780807061755,48.08254358623643,68.2376561164856
-20.15652422711681,48.079488727069865,68.2376561164856
-20.15652422711681,48.079488727069865,68.2376561164856
-20.15652422711681,48.079488727069865,68.2376561164856
-20.15652422711681,48.079488727069865,68.2376561164856
-20.15652422711681,48.079488727069865,68.2376561164856
-20.074060356964733,48.06896595633577,68.2376561164856
-20.074060356964733,48.06896595633577,68.2376561164856
-20.074060356964733,48.06896595633577,68.2376561164856
-20.074060356964733,48.06896595633577,68.2376561164856
-20.074060356964733,48.06896595633577,68.2376561164856
-20.074060356964733,48.06896595633577,68.2376561164856
-20.01288332001684,48.057634233961146,68.2376561164856
-20.01288332001684,48.057634233961146,68.2376561164856
-20.01288332001684,48.057634233961146,68.2376561164856
-20.01288332001684,48.057634233961146,68.2376561164856
-20.01288332001684,48.057634233961146,68.2376561164856
-20.01288332001684,48.057634233961146,68.2376561164856
-19.900672627170696,48.0478188307835,68.2376561164856
-19.900672627170696,48.0478188307835,68.2376561164856
-19.900672627170696,48.0478188307835,68.2376561164856
-19.900672627170696,48.0478188307835,68.2376561164856
-19.900672627170696,48.0478188307835,68.2376561164856
-19.739833135925693,48.039524774747626,68.2376561164856
-19.739833135925693,48.039524774747626,68.2376561164856
-19.739833135925693,48.039524774747626,68.2376561164856
-19.739833135925693,48.039524774747626,68.2376561164856
-19.739833135925693,48.039524774747626,68.2376561164856
-19.739833135925693,48.039524774747626,68.2376561164856
-19.65439275618016,48.02894039475327,68.2376561164856
-19.65439275618016,48.02894039475327,68.2376561164856
-19.65439275618016,48.02894039475327,68.2376561164856
-19.65439275618016,48.02894039475327,68.2376561164856
-19.65439275618016,48.02894039475327,68.2376561164856
-19.650844851484457,48.01842679635448,68.2376561164856
-19.650844851484457,48.01842679635448,68.2376561164856
-19.650844851484457,48.01842679635448,68.2376561164856
-19.650844851484457,48.01842679635448,68.2376561164856
-19.650844851484457,48.01842679635448,68.2376561164856
-19.571535064477732,48.01288880462376,68.2376561164856
-19.571535064477732,48.01288880462376,68.2376561164856
-19.571535064477732,48.01288880462376,68.2376561164856
-19.571535064477732,48.01288880462376,68.2376561164856
-19.571535064477732,48.01288880462376,68.2376561164856
-19.490147432134865,48.007676887512886,68.2376561164856
-19.490147432134865,48.007676887512886,68.2376561164856
-19.490147432134865,48.007676887512886,68.2376561164856
-19.490147432134865,48.007676887512886,68.2376561164856
-19.490147432134865,48.007676887512886,68.2376561164856
-19.490147432134865,48.007676887512886,68.2376561164856
-19.413573176085823,48.006494200653655,68.2376561164856
-19.413573176085823,48.006494200653655,68.2376561164856
-19.413573176085823,48.006494200653655,68.2376561164856
-19.413573176085823,48.006494200653655,68.2376561164856
-19.413573176085823,48.006494200653655,68.2376561164856
-19.29715748096556,48.00916080370408,68.2376561164856
-19.29715748096556,48.00916080370408,68.2376561164856
-19.29715748096556,48.00916080370408,68.2376561164856
-19.29715748096556,48.00916080370408,68.2376561164856
-19.29715748096556,48.00916080370408,68.2376561164856
-19.1933984965262,48.010805018007986,68.2376561164856
-19.1933984965262,48.010805018007986,68.2376561164856
-19.1933984965262,48.010805018007986,68.2376561164856
-19.1933984965262,48.010805018007986,68.2376561164856
-19.1933984965262,48.010805018007986,68.2376561164856
-19.08361568674229,48.0116377561049,68.2376561164856
-19.08361568674229,48.0116377561049,68.2376561164856
-19.08361568674229,48.0116377561049,68.2376561164856
-19.08361568674229,48.0116377561049,68.2376561164856
-19.08361568674229,48.0116377561049,68.2376561164856
-19.08361568674229,48.0116377561049,68.2376561164856
-19.08361568674229,48.0116377561049,68.2376561164856
-18.99318994776283,48.01491322608691,68.2376561164856
-18.99318994776283,48.01491322608691,68.2376561164856
-18.99318994776283,48.01491322608691,68.2376561164856
-18.99318994776283,48.01491322608691,68.2376561164856
-18.99318994776283,48.01491322608691,68.2376561164856
-18.86846656311814,48.0166534086542,68.2376561164856
-18.86846656311814,48.0166534086542,68.2376561164856
-18.86846656311814,48.0166534086542,68.2376561164856
-18.86846656311814,48.0166534086542,68.2376561164856
-18.86846656311814,48.0166534086542,68.2376561164856
-18.741031253958244,48.01911770258914,68.2376561164856
-18.741031253958244,48.01911770258914,68.2376561164856
-18.741031253958244,48.01911770258914,68.2376561164856
-18.741031253958244,48.01911770258914,68.2376561164856
-18.741031253958244,48.01911770258914,68.2376561164856
-18.741031253958244,48.01911770258914,68.2376561164856
-18.741031253958244,48.01911770258914,68.2376561164856
-18.61018557111846,48.01610596475371,68.2376561164856
-18.61018557111846,48.01610596475371,68.2376561164856
-18.61018557111846,48.01610596475371,68.2376561164856
-18.61018557111846,48.01610596475371,68.2376561164856
-18.61018557111846,48.01610596475371,68.2376561164856
-18.61018557111846,48.01610596475371,68.2376561164856
-18.430153274255744,48.01021145950257,68.2376561164856
-18.430153274255744,48.01021145950257,68.2376561164856
-18.430153274255744,48.01021145950257,68.2376561164856
-18.430153274255744,48.01021145950257,68.2376561164856
-18.430153274255744,48.01021145950257,68.2376561164856
-18.430153274255744,48.01021145950257,68.2376561164856
-18.331121034735865,48.0018601724658,68.2376561164856
-18.331121034735865,48.0018601724658,68.2376561164856
-18.331121034735865,48.0018601724658,68.2376561164856
-18.331121034735865,48.0018601724658,68.2376561164856
-18.331121034735865,48.0018601724658,68.2376561164856
-18.331121034735865,48.0018601724658,68.2376561164856
-18.331121034735865,48.0018601724658,68.2376561164856
-18.331121034735865,48.0018601724658,68.2376561164856
-18.1517142218444,47.99695597930064,68.2376561164856
-18.1517142218444,47.99695597930064,68.2376561164856
-18.1517142218444,47.99695597930064,68.2376561164856
-18.1517142218444,47.99695597930064,68.2376561164856
-18.1517142218444,47.99695597930064,68.2376561164856
-17.993389418751537,47.98589217872896,68.2376561164856
-17.993389418751537,47.98589217872896,68.2376561164856
-17.993389418751537,47.98589217872896,68.2376561164856
-17.993389418751537,47.98589217872896,68.2376561164856
-17.993389418751537,47.98589217872896,68.2376561164856
-17.876862708241674,47.98410801835699,68.2376561164856
-17.876862708241674,47.98410801835699,68.2376561164856
-17.876862708241674,47.98410801835699,68.2376561164856
-17.876862708241674,47.98410801835699,68.2376561164856
-17.876862708241674,47.98410801835699,68.2376561164856
-17.876862708241674,47.98410801835699,68.2376561164856
-17.752819109481628,47.97831731218212,68.2376561164856
-17.752819109481628,47.97831731218212,68.2376561164856
-17.752819109481628,47.97831731218212,68.2376561164856
-17.752819109481628,47.97831731218212,68.2376561164856
-17.752819109481628,47.97831731218212,68.2376561164856
-17.752819109481628,47.97831731218212,68.2376561164856
-17.752819109481628,47.97831731218212,68.2376561164856
-17.752819109481628,47.97831731218212,68.2376561164856
-17.655714608269022,47.97703911948113,68.2376561164856
-17.655714608269022,47.97703911948113,68.2376561164856
-17.655714608269022,47.97703911948113,68.2376561164856
-17.655714608269022,47.97703911948113,68.2376561164856
-17.655714608269022,47.97703911948113,68.2376561164856
-17.655714608269022,47.97703911948113,68.2376561164856
-17.422754818538117,47.965222258628515,68.2376561164856
-17.422754818538117,47.965222258628515,68.2376561164856
-17.422754818538117,47.965222258628515,68.2376561164856
-17.422754818538117,47.965222258628515,68.2376561164856
-17.422754818538117,47.965222258628515,68.2376561164856
-17.305584677776164,47.962448027787644,68.2376561164856
-17.305584677776164,47.962448027787644,68.2376561164856
-17.305584677776164,47.962448027787644,68.2376561164856
-17.305584677776164,47.962448027787644,68.2376561164856
-17.305584677776164,47.962448027787644,68.2376561164856
-17.173824216551857,47.95566958058487,68.2376561164856
-17.173824216551857,47.95566958058487,68.2376561164856
-17.173824216551857,47.95566958058487,68.2376561164856
-17.173824216551857,47.95566958058487,68.2376561164856
-17.173824216551857,47.95566958058487,68.2376561164856
-17.068322097096804,47.94752571516427,68.2376561164856
-17.068322097096804,47.94752571516427,68.2376561164856
-17.068322097096804,47.94752571516427,68.2376561164856
-17.068322097096804,47.94752571516427,68.2376561164856
-17.068322097096804,47.94752571516427,68.2376561164856
-16.95531665668065,47.93946167103869,68.2376561164856
-16.95531665668065,47.93946167103869,68.2376561164856
-16.95531665668065,47.93946167103869,68.2376561164856
-16.95531665668065,47.93946167103869,68.2376561164856
-16.95531665668065,47.93946167103869,68.2376561164856
-16.850264070954573,47.931651944003946,68.2376561164856
-16.850264070954573,47.931651944003946,68.2376561164856
-16.850264070954573,47.931651944003946,68.2376561164856
-16.850264070954573,47.931651944003946,68.2376561164856
-16.850264070954573,47.931651944003946,68.2376561164856
-16.75381896946976,47.92347589409105,68.2376561164856
-16.75381896946976,47.92347589409105,68.2376561164856
-16.75381896946976,47.92347589409105,68.2376561164856
-16.75381896946976,47.92347589409105,68.2376561164856
-16.75381896946976,47.92347589409105,68.2376561164856
-16.668399627707103,47.91698307088486,68.2376561164856
-16.668399627707103,47.91698307088486,68.2376561164856
-16.668399627707103,47.91698307088486,68.2376561164856
-16.668399627707103,47.91698307088486,68.2376561164856
-16.668399627707103,47.91698307088486,68.2376561164856
-16.668399627707103,47.91698307088486,68.2376561164856
-16.592809619505893,47.90959474526392,68.2376561164856
-16.592809619505893,47.90959474526392,68.2376561164856
-16.592809619505893,47.90959474526392,68.2376561164856
-16.592809619505893,47.90959474526392,68.2376561164856
-16.592809619505893,47.90959474526392,68.2376561164856
-16.505236909030756,47.90584042789467,68.2376561164856
-16.505236909030756,47.90584042789467,68.2376561164856
-16.505236909030756,47.90584042789467,68.2376561164856
-16.505236909030756,47.90584042789467,68.2376561164856
-16.505236909030756,47.90584042789467,68.2376561164856
-16.505236909030756,47.90584042789467,68.2376561164856
-16.39903665654453,47.897673064202436,68.2376561164856
-16.39903665654453,47.897673064202436,68.2376561164856
-16.39903665654453,47.897673064202436,68.2376561164856
-16.39903665654453,47.897673064202436,68.2376561164856
-16.39903665654453,47.897673064202436,68.2376561164856
-16.237620791797934,47.88785936261493,68.2376561164856
-16.237620791797934,47.88785936261493,68.2376561164856
-16.237620791797934,47.88785936261493,68.2376561164856
-16.237620791797934,47.88785936261493,68.2376561164856
-16.237620791797934,47.88785936261493,68.2376561164856
-16.237620791797934,47.88785936261493,68.2376561164856
-16.176931046545977,47.887218021250945,68.2376561164856
-16.176931046545977,47.887218021250945,68.2376561164856
-16.176931046545977,47.887218021250945,68.2376561164856
-16.176931046545977,47.887218021250945,68.2376561164856
-16.176931046545977,47.887218021250945,68.2376561164856
-16.176931046545977,47.887218021250945,68.2376561164856
-16.096867152535562,47.88739284364905,68.2376561164856
-16.096867152535562,47.88739284364905,68.2376561164856
-16.096867152535562,47.88739284364905,68.2376561164856
-16.096867152535562,47.88739284364905,68.2376561164856
-16.096867152535562,47.88739284364905,68.2376561164856
-15.934845908194209,47.87648678185083,68.2376561164856
-15.934845908194209,47.87648678185083,68.2376561164856
-15.934845908194209,47.87648678185083,68.2376561164856
-15.934845908194209,47.87648678185083,68.2376561164856
-15.934845908194209,47.87648678185083,68.2376561164856
-15.934845908194209,47.87648678185083,68.2376561164856
-15.861475262589279,47.877062889500614,68.2376561164856
-15.861475262589279,47.877062889500614,68.2376561164856
-15.861475262589279,47.877062889500614,68.2376561164856
-15.861475262589279,47.877062889500614,68.2376561164856
-15.861475262589279,47.877062889500614,68.2376561164856
-15.801356745559769,47.87906891358706,68.2376561164856
-15.801356745559769,47.87906891358706,68.2376561164856
-15.801356745559769,47.87906891358706,68.2376561164856
-15.801356745559769,47.87906891358706,68.2376561164856
-15.801356745559769,47.87906891358706,68.2376561164856
-15.801356745559769,47.87906891358706,68.2376561164856
-15.80168012830294,47.88828833506001,68.2376561164856
-15.80168012830294,47.88828833506001,68.2376561164856
-15.80168012830294,47.88828833506001,68.2376561164856
-15.80168012830294,47.88828833506001,68.2376561164856
-15.80168012830294,47.88828833506001,68.2376561164856
-15.80168012830294,47.88828833506001,68.2376561164856
-15.820779699949064,47.90155948900505,68.2376561164856
-15.820779699949064,47.90155948900505,68.2376561164856
-15.820779699949064,47.90155948900505,68.2376561164856
-15.820779699949064,47.90155948900505,68.2376561164856
-15.820779699949064,47.90155948900505,68.2376561164856
-15.820779699949064,47.90155948900505,68.2376561164856
-15.763901106346367,47.90478626871393,68.2376561164856
-15.763901106346367,47.90478626871393,68.2376561164856
-15.763901106346367,47.90478626871393,68.2376561164856
-15.763901106346367,47.90478626871393,68.2376561164856
-15.763901106346367,47.90478626871393,68.2376561164856
-15.739126268779678,47.911623973952004,68.2376561164856
-15.739126268779678,47.911623973952004,68.2376561164856
-15.739126268779678,47.911623973952004,68.2376561164856
-15.739126268779678,47.911623973952004,68.2376561164856
-15.739126268779678,47.911623973952004,68.2376561164856
-15.739126268779678,47.911623973952004,68.2376561164856
-15.739126268779678,47.911623973952004,68.2376561164856
-15.69857748815433,47.91614540548521,68.2376561164856
-15.69857748815433,47.91614540548521,68.2376561164856
-15.69857748815433,47.91614540548521,68.2376561164856
-15.69857748815433,47.91614540548521,68.2376561164856
-15.69857748815433,47.91614540548521,68.2376561164856
-15.69857748815433,47.91614540548521,68.2376561164856
-15.61511702945489,47.92016994713992,68.2376561164856
-15.61511702945489,47.92016994713992,68.2376561164856
-15.61511702945489,47.92016994713992,68.2376561164856
-15.61511702945489,47.92016994713992,68.2376561164856
-15.61511702945489,47.92016994713992,68.2376561164856
-15.584239499058922,47.927099839660904,68.2376561164856
-15.584239499058922,47.927099839660904,68.2376561164856
-15.584239499058922,47.927099839660904,68.2376561164856
-15.584239499058922,47.927099839660904,68.2376561164856
-15.584239499058922,47.927099839660904,68.2376561164856
-15.556374031879887,47.93377572755693,68.2376561164856
-15.556374031879887,47.93377572755693,68.2376561164856
-15.556374031879887,47.93377572755693,68.2376561164856
-15.556374031879887,47.93377572755693,68.2376561164856
-15.556374031879887,47.93377572755693,68.2376561164856
-15.556374031879887,47.93377572755693,68.2376561164856
-15.535840099979518,47.93903915589224,68.2376561164856
-15.535840099979518,47.93903915589224,68.2376561164856
-15.535840099979518,47.93903915589224,68.2376561164856
-15.535840099979518,47.93903915589224,68.2376561164856
-15.535840099979518,47.93903915589224,68.2376561164856
-15.535840099979518,47.93903915589224,68.2376561164856
-15.535840099979518,47.93903915589224,68.2376561164856
-15.535840099979518,47.93903915589224,68.2376561164856
-15.460850866938289,47.94573151638696,68.2376561164856
-15.460850866938289,47.94573151638696,68.2376561164856
-15.460850866938289,47.94573151638696,68.2376561164856
-15.460850866938289,47.94573151638696,68.2376561164856
-15.460850866938289,47.94573151638696,68.2376561164856
-15.460850866938289,47.94573151638696,68.2376561164856
-15.38169688937766,47.95748766604906,68.2376561164856
-15.38169688937766,47.95748766604906,68.2376561164856
-15.38169688937766,47.95748766604906,68.2376561164856
-15.38169688937766,47.95748766604906,68.2376561164856
-15.38169688937766,47.95748766604906,68.2376561164856
-15.361541977867615,47.96975680991074,68.2376561164856
-15.361541977867615,47.96975680991074,68.2376561164856
-15.361541977867615,47.96975680991074,68.2376561164856
-15.361541977867615,47.96975680991074,68.2376561164856
-15.361541977867615,47.96975680991074,68.2376561164856
-15.361541977867615,47.96975680991074,68.2376561164856
-15.3425687856777,47.978811888983465,68.2376561164856
-15.3425687856777,47.978811888983465,68.2376561164856
-15.3425687856777,47.978811888983465,68.2376561164856
-15.3425687856777,47.978811888983465,68.2376561164856
-15.3425687856777,47.978811888983465,68.2376561164856
-15.3425687856777,47.978811888983465,68.2376561164856
-15.262186059189522,47.98768505150549,68.2376561164856
-15.262186059189522,47.98768505150549,68.2376561164856
-15.262186059189522,47.98768505150549,68.2376561164856
-15.262186059189522,47.98768505150549,68.2376561164856
-15.262186059189522,47.98768505150549,68.2376561164856
-15.229483377938445,48.0008688695438,68.2376561164856
-15.229483377938445,48.0008688695438,68.2376561164856
-15.229483377938445,48.0008688695438,68.2376561164856
-15.229483377938445,48.0008688695438,68.2376561164856
-15.229483377938445,48.0008688695438,68.2376561164856
-15.206943983721542,48.01548696443092,68.2376561164856
-15.206943983721542,48.01548696443092,68.2376561164856
-15.206943983721542,48.01548696443092,68.2376561164856
-15.206943983721542,48.01548696443092,68.2376561164856
-15.206943983721542,48.01548696443092,68.2376561164856
-15.189383947509976,48.022923267671885,68.2376561164856
-15.189383947509976,48.022923267671885,68.2376561164856
-15.189383947509976,48.022923267671885,68.2376561164856
-15.189383947509976,48.022923267671885,68.2376561164856
-15.189383947509976,48.022923267671885,68.2376561164856
-15.15835644278256,48.02224367936334,68.2376561164856
-15.15835644278256,48.02224367936334,68.2376561164856
-15.15835644278256,48.02224367936334,68.2376561164856
-15.15835644278256,48.02224367936334,68.2376561164856
-15.15835644278256,48.02224367936334,68.2376561164856
-15.15835644278256,48.02224367936334,68.2376561164856
-15.12557747328433,48.01535981873435,68.2376561164856
-15.12557747328433,48.01535981873435,68.2376561164856
-15.12557747328433,48.01535981873435,68.2376561164856
-15.12557747328433,48.01535981873435,68.2376561164856
-15.12557747328433,48.01535981873435,68.2376561164856
-15.12557747328433,48.01535981873435,68.2376561164856
-15.055279884758315,48.0021040729128,68.2376561164856
-15.055279884758315,48.0021040729128,68.2376561164856
-15.055279884758315,48.0021040729128,68.2376561164856
-15.055279884758315,48.0021040729128,68.2376561164856
-15.055279884758315,48.0021040729128,68.2376561164856
-15.031423015606778,47.98798602125899,68.2376561164856
-15.031423015606778,47.98798602125899,68.2376561164856
-15.031423015606778,47.98798602125899,68.2376561164856
-15.031423015606778,47.98798602125899,68.2376561164856
-15.031423015606778,47.98798602125899,68.2376561164856
-15.031423015606778,47.98798602125899,68.2376561164856
-14.991545058978714,47.97446489433254,68.2376561164856
-14.991545058978714,47.97446489433254,68.2376561164856
-14.991545058978714,47.97446489433254,68.2376561164856
-14.991545058978714,47.97446489433254,68.2376561164856
-14.991545058978714,47.97446489433254,68.2376561164856
-14.945088580004384,47.96214806592547,68.2376561164856
-14.945088580004384,47.96214806592547,68.2376561164856
-14.945088580004384,47.96214806592547,68.2376561164856
-14.945088580004384,47.96214806592547,68.2376561164856
-14.945088580004384,47.96214806592547,68.2376561164856
-14.945088580004384,47.96214806592547,68.2376561164856
-14.870256005322448,47.93999762112932,68.2376561164856
-14.870256005322448,47.93999762112932,68.2376561164856
-14.870256005322448,47.93999762112932,68.2376561164856
-14.870256005322448,47.93999762112932,68.2376561164856
-14.870256005322448,47.93999762112932,68.2376561164856
-14.870256005322448,47.93999762112932,68.2376561164856
-14.827179964596196,47.92837007599011,68.2376561164856
-14.827179964596196,47.92837007599011,68.2376561164856
-14.827179964596196,47.92837007599011,68.2376561164856
-14.827179964596196,47.92837007599011,68.2376561164856
-14.827179964596196,47.92837007599011,68.2376561164856
-14.789618948977125,47.920217234648426,68.2376561164856
-14.789618948977125,47.920217234648426,68.2376561164856
-14.789618948977125,47.920217234648426,68.2376561164856
-14.789618948977125,47.920217234648426,68.2376561164856
-14.789618948977125,47.920217234648426,68.2376561164856
-14.746263947697798,47.90801567126589,68.2376561164856
-14.746263947697798,47.90801567126589,68.2376561164856
-14.746263947697798,47.90801567126589,68.2376561164856
-14.746263947697798,47.90801567126589,68.2376561164856
-14.746263947697798,47.90801567126589,68.2376561164856
-14.746263947697798,47.90801567126589,68.2376561164856
-14.661482833016777,47.886214111668764,68.2376561164856
-14.661482833016777,47.886214111668764,68.2376561164856
-14.661482833016777,47.886214111668764,68.2376561164856
-14.661482833016777,47.886214111668764,68.2376561164856
-14.661482833016777,47.886214111668764,68.2376561164856
-14.661482833016777,47.886214111668764,68.2376561164856
-14.614318631076689,47.876641091751466,68.2376561164856
-14.614318631076689,47.876641091751466,68.2376561164856
-14.614318631076689,47.876641091751466,68.2376561164856
-14.614318631076689,47.876641091751466,68.2376561164856
-14.614318631076689,47.876641091751466,68.2376561164856
-14.571511696470182,47.867287445280354,68.2376561164856
-14.571511696470182,47.867287445280354,68.2376561164856
-14.571511696470182,47.867287445280354,68.2376561164856
-14.571511696470182,47.867287445280354,68.2376561164856
-14.571511696470182,47.867287445280354,68.2376561164856
-14.534662819519035,47.85700338097912,68.2376561164856
-14.534662819519035,47.85700338097912,68.2376561164856
-14.534662819519035,47.85700338097912,68.2376561164856
-14.534662819519035,47.85700338097912,68.2376561164856
-14.534662819519035,47.85700338097912,68.2376561164856
-14.486177840438637,47.84459971740169,68.2376561164856
-14.486177840438637,47.84459971740169,68.2376561164856
-14.486177840438637,47.84459971740169,68.2376561164856
-14.486177840438637,47.84459971740169,68.2376561164856
-14.486177840438637,47.84459971740169,68.2376561164856
-14.486177840438637,47.84459971740169,68.2376561164856
-14.439109380214243,47.83214776134244,68.2376561164856
-14.439109380214243,47.83214776134244,68.2376561164856
-14.439109380214243,47.83214776134244,68.2376561164856
-14.439109380214243,47.83214776134244,68.2376561164856
-14.439109380214243,47.83214776134244,68.2376561164856
-14.439109380214243,47.83214776134244,68.2376561164856
-14.387378783212846,47.81867020810009,68.2376561164856
-14.387378783212846,47.81867020810009,68.2376561164856
-14.387378783212846,47.81867020810009,68.2376561164856
-14.387378783212846,47.81867020810009,68.2376561164856
-14.387378783212846,47.81867020810009,68.2376561164856
-14.300960961106226,47.79399264483409,68.2376561164856
-14.300960961106226,47.79399264483409,68.2376561164856
-14.300960961106226,47.79399264483409,68.2376561164856
-14.300960961106226,47.79399264483409,68.2376561164856
-14.300960961106226,47.79399264483409,68.2376561164856
-14.300960961106226,47.79399264483409,68.2376561164856
-14.248851880067509,47.777684285016335,68.2376561164856
-14.248851880067509,47.777684285016335,68.2376561164856
-14.248851880067509,47.777684285016335,68.2376561164856
-14.248851880067509,47.777684285016335,68.2376561164856
-14.248851880067509,47.777684285016335,68.2376561164856
-14.248851880067509,47.777684285016335,68.2376561164856
-14.197215493988017,47.76108931071592,68.2376561164856
-14.197215493988017,47.76108931071592,68.2376561164856
-14.197215493988017,47.76108931071592,68.2376561164856
-14.197215493988017,47.76108931071592,68.2376561164856
-14.197215493988017,47.76108931071592,68.2376561164856
-14.110901183841657,47.72972802772958,68.2376561164856
-14.110901183841657,47.72972802772958,68.2376561164856
-14.110901183841657,47.72972802772958,68.2376561164856
-14.110901183841657,47.72972802772958,68.2376561164856
-14.110901183841657,47.72972802772958,68.2376561164856
-14.056644940894168,47.705948890172856,68.2376561164856
-14.056644940894168,47.705948890172856,68.2376561164856
-14.056644940894168,47.705948890172856,68.2376561164856
-14.056644940894168,47.705948890172856,68.2376561164856
-14.056644940894168,47.705948890172856,68.2376561164856
-14.014479157119295,47.68649378313376,68.2376561164856
-14.014479157119295,47.68649378313376,68.2376561164856
-14.014479157119295,47.68649378313376,68.2376561164856
-14.014479157119295,47.68649378313376,68.2376561164856
-14.014479157119295,47.68649378313376,68.2376561164856
-14.014479157119295,47.68649378313376,68.2376561164856
-13.967561694000285,47.66156720926794,68.2376561164856
-13.967561694000285,47.66156720926794,68.2376561164856
-13.967561694000285,47.66156720926794,68.2376561164856
-13.967561694000285,47.66156720926794,68.2376561164856
-13.967561694000285,47.66156720926794,68.2376561164856
-13.967561694000285,47.66156720926794,68.2376561164856
-13.967561694000285,47.66156720926794,68.2376561164856
-13.967561694000285,47.66156720926794,68.2376561164856
-13.967561694000285,47.66156720926794,68.2376561164856
-13.934093297454744,47.640602078875894,68.2376561164856
-13.934093297454744,47.640602078875894,68.2376561164856
-13.934093297454744,47.640602078875894,68.2376561164856
-13.934093297454744,47.640602078875894,68.2376561164856
-13.934093297454744,47.640602078875894,68.2376561164856
-13.934093297454744,47.640602078875894,68.2376561164856
-13.934093297454744,47.640602078875894,68.2376561164856
-13.934093297454744,47.640602078875894,68.2376561164856
-13.934093297454744,47.640602078875894,68.2376561164856
-13.934093297454744,47.640602078875894,68.2376561164856
-13.852674159954534,47.59335579982884,68.2376561164856
-13.852674159954534,47.59335579982884,68.2376561164856
-13.852674159954534,47.59335579982884,68.2376561164856
-13.852674159954534,47.59335579982884,68.2376561164856
-13.852674159954534,47.59335579982884,68.2376561164856
-13.852674159954534,47.59335579982884,68.2376561164856
-13.775852322813835,47.55275475641408,68.2376561164856
-13.775852322813835,47.55275475641408,68.2376561164856
-13.775852322813835,47.55275475641408,68.2376561164856
-13.775852322813835,47.55275475641408,68.2376561164856
-13.775852322813835,47.55275475641408,68.2376561164856
-13.775852322813835,47.55275475641408,68.2376561164856
-13.747420521612502,47.532981428498196,68.2376561164856
-13.747420521612502,47.532981428498196,68.2376561164856
-13.747420521612502,47.532981428498196,68.2376561164856
-13.747420521612502,47.532981428498196,68.2376561164856
-13.747420521612502,47.532981428498196,68.2376561164856
-13.747420521612502,47.532981428498196,68.2376561164856
-13.71112384693615,47.5129885814689,68.2376561164856
-13.71112384693615,47.5129885814689,68.2376561164856
-13.71112384693615,47.5129885814689,68.2376561164856
-13.71112384693615,47.5129885814689,68.2376561164856
-13.71112384693615,47.5129885814689,68.2376561164856
-13.68196964445584,47.49629533174313,68.2376561164856
-13.68196964445584,47.49629533174313,68.2376561164856
-13.68196964445584,47.49629533174313,68.2376561164856
-13.68196964445584,47.49629533174313,68.2376561164856
-13.68196964445584,47.49629533174313,68.2376561164856
-13.631708686089405,47.47196979559918,68.2376561164856
-13.631708686089405,47.47196979559918,68.2376561164856
-13.631708686089405,47.47196979559918,68.2376561164856
-13.631708686089405,47.47196979559918,68.2376561164856
-13.631708686089405,47.47196979559918,68.2376561164856
-13.586797216740287,47.45442283326978,68.2376561164856
-13.586797216740287,47.45442283326978,68.2376561164856
-13.586797216740287,47.45442283326978,68.2376561164856
-13.586797216740287,47.45442283326978,68.2376561164856
-13.586797216740287,47.45442283326978,68.2376561164856
-13.555827441203986,47.4442817945771,68.2376561164856
-13.555827441203986,47.4442817945771,68.2376561164856
-13.555827441203986,47.4442817945771,68.2376561164856
-13.555827441203986,47.4442817945771,68.2376561164856
-13.555827441203986,47.4442817945771,68.2376561164856
-13.555827441203986,47.4442817945771,68.2376561164856
-13.555827441203986,47.4442817945771,68.2376561164856
-13.535992108508374,47.43119708911966,68.2376561164856
-13.535992108508374,47.43119708911966,68.2376561164856
-13.535992108508374,47.43119708911966,68.2376561164856
-13.535992108508374,47.43119708911966,68.2376561164856
-13.535992108508374,47.43119708911966,68.2376561164856
-13.535992108508374,47.43119708911966,68.2376561164856
-13.535992108508374,47.43119708911966,68.2376561164856
-13.535992108508374,47.43119708911966,68.2376561164856
-13.459784520551395,47.388546006081626,68.2376561164856
-13.459784520551395,47.388546006081626,68.2376561164856
-13.459784520551395,47.388546006081626,68.2376561164856
-13.459784520551395,47.388546006081626,68.2376561164856
-13.459784520551395,47.388546006081626,68.2376561164856
-13.459784520551395,47.388546006081626,68.2376561164856
-13.459784520551395,47.388546006081626,68.2376561164856
-13.421730086960581,47.3621447321099,68.2376561164856
-13.421730086960581,47.3621447321099,68.2376561164856
-13.421730086960581,47.3621447321099,68.2376561164856
-13.421730086960581,47.3621447321099,68.2376561164856
-13.421730086960581,47.3621447321099,68.2376561164856
-13.421730086960581,47.3621447321099,68.2376561164856
-13.374050215433568,47.32489525910651,68.2376561164856
-13.374050215433568,47.32489525910651,68.2376561164856
-13.374050215433568,47.32489525910651,68.2376561164856
-13.374050215433568,47.32489525910651,68.2376561164856
-13.31926888405153,47.28818125198965,68.2376561164856
-13.31926888405153,47.28818125198965,68.2376561164856
-13.31926888405153,47.28818125198965,68.2376561164856
-13.31926888405153,47.28818125198965,68.2376561164856
-13.31926888405153,47.28818125198965,68.2376561164856
-13.31926888405153,47.28818125198965,68.2376561164856
-13.31926888405153,47.28818125198965,68.2376561164856
-13.28317502467861,47.26009135462522,68.2376561164856
-13.28317502467861,47.26009135462522,68.2376561164856
-13.28317502467861,47.26009135462522,68.2376561164856
-13.28317502467861,47.26009135462522,68.2376561164856
-13.28317502467861,47.26009135462522,68.2376561164856
-13.28317502467861,47.26009135462522,68.2376561164856
-13.255747167060715,47.230103059208844,68.2376561164856
-13.255747167060715,47.230103059208844,68.2376561164856
-13.255747167060715,47.230103059208844,68.2376561164856
-13.255747167060715,47.230103059208844,68.2376561164856
-13.255747167060715,47.230103059208844,68.2376561164856
-13.255747167060715,47.230103059208844,68.2376561164856
-13.213926143057353,47.18864414547424,68.2376561164856
-13.213926143057353,47.18864414547424,68.2376561164856
-13.213926143057353,47.18864414547424,68.2376561164856
-13.213926143057353,47.18864414547424,68.2376561164856
-13.213926143057353,47.18864414547424,68.2376561164856
-13.213926143057353,47.18864414547424,68.2376561164856
-13.213926143057353,47.18864414547424,68.2376561164856
-13.213926143057353,47.18864414547424,68.2376561164856
-13.18096632190209,47.15265988556532,68.2376561164856
-13.18096632190209,47.15265988556532,68.2376561164856
-13.18096632190209,47.15265988556532,68.2376561164856
-13.18096632190209,47.15265988556532,68.2376561164856
-13.18096632190209,47.15265988556532,68.2376561164856
-13.149416442739874,47.10480821089402,68.2376561164856
-13.149416442739874,47.10480821089402,68.2376561164856
-13.149416442739874,47.10480821089402,68.2376561164856
-13.149416442739874,47.10480821089402,68.2376561164856
-13.149416442739874,47.10480821089402,68.2376561164856
-13.137831329507192,47.08117196980529,68.2376561164856
-13.137831329507192,47.08117196980529,68.2376561164856
-13.137831329507192,47.08117196980529,68.2376561164856
-13.137831329507192,47.08117196980529,68.2376561164856
-13.137831329507192,47.08117196980529,68.2376561164856
-13.137831329507192,47.08117196980529,68.2376561164856
-13.102065336064449,47.03192278223849,68.2376561164856
-13.102065336064449,47.03192278223849,68.2376561164856
-13.102065336064449,47.03192278223849,68.2376561164856
-13.102065336064449,47.03192278223849,68.2376561164856
-13.102065336064449,47.03192278223849,68.2376561164856
-13.102065336064449,47.03192278223849,68.2376561164856
-13.102065336064449,47.03192278223849,68.2376561164856
-13.08920884121727,46.986911429340026,68.2376561164856
-13.08920884121727,46.986911429340026,68.2376561164856
-13.08920884121727,46.986911429340026,68.2376561164856
-13.08920884121727,46.986911429340026,68.2376561164856
-13.08920884121727,46.986911429340026,68.2376561164856
-13.051379927278667,46.92453654509185,68.2376561164856
-13.051379927278667,46.92453654509185,68.2376561164856
-13.051379927278667,46.92453654509185,68.2376561164856
-13.051379927278667,46.92453654509185,68.2376561164856
-13.051379927278667,46.92453654509185,68.2376561164856
-13.040585807015002,46.8830233491883,68.2376561164856
-13.040585807015002,46.8830233491883,68.2376561164856
-13.040585807015002,46.8830233491883,68.2376561164856
-13.040585807015002,46.8830233491883,68.2376561164856
-13.035745737255654,46.85249034501579,68.2376561164856
-13.035745737255654,46.85249034501579,68.2376561164856
-13.035745737255654,46.85249034501579,68.2376561164856
-13.035745737255654,46.85249034501579,68.2376561164856
-13.035745737255654,46.85249034501579,68.2376561164856
-13.035745737255654,46.85249034501579,68.2376561164856
-13.045382344978131,46.84006635218017,68.2376561164856
-13.045382344978131,46.84006635218017,68.2376561164856
-13.045382344978131,46.84006635218017,68.2376561164856
-13.045382344978131,46.84006635218017,68.2376561164856
-13.045382344978131,46.84006635218017,68.2376561164856
-13.022432420580174,46.78209071941158,68.2376561164856
-13.022432420580174,46.78209071941158,68.2376561164856
-13.022432420580174,46.78209071941158,68.2376561164856
-13.022432420580174,46.78209071941158,68.2376561164856
-13.022432420580174,46.78209071941158,68.2376561164856
-13.002762175450947,46.72600956145492,68.2376561164856
-13.002762175450947,46.72600956145492,68.2376561164856
-13.002762175450947,46.72600956145492,68.2376561164856
-13.002762175450947,46.72600956145492,68.2376561164856
-13.002762175450947,46.72600956145492,68.2376561164856
-12.969799504086728,46.66453582971051,68.2376561164856
-12.969799504086728,46.66453582971051,68.2376561164856
-12.969799504086728,46.66453582971051,68.2376561164856
-12.969799504086728,46.66453582971051,68.2376561164856
-12.969799504086728,46.66453582971051,68.2376561164856
-12.931332931923352,46.580001407455704,68.2376561164856
-12.931332931923352,46.580001407455704,68.2376561164856
-12.931332931923352,46.580001407455704,68.2376561164856
-12.931332931923352,46.580001407455704,68.2376561164856
-12.931332931923352,46.580001407455704,68.2376561164856
-12.931332931923352,46.580001407455704,68.2376561164856
-12.873313991240487,46.45592680802522,68.2376561164856
-12.873313991240487,46.45592680802522,68.2376561164856
-12.873313991240487,46.45592680802522,68.2376561164856
-12.873313991240487,46.45592680802522,68.2376561164856
-12.873313991240487,46.45592680802522,68.2376561164856
-12.873313991240487,46.45592680802522,68.2376561164856
-12.775729409849262,46.260863430872085,68.2376561164856
-12.775729409849262,46.260863430872085,68.2376561164856
-12.775729409849262,46.260863430872085,68.2376561164856
-12.775729409849262,46.260863430872085,68.2376561164856
-12.775729409849262,46.260863430872085,68.2376561164856
-12.714407692244148,46.07563476205548,68.2376561164856
-12.714407692244148,46.07563476205548,68.2376561164856
-12.714407692244148,46.07563476205548,68.2376561164856
-12.714407692244148,46.07563476205548,68.2376561164856
-12.714407692244148,46.07563476205548,68.2376561164856
-12.696697438259491,45.95866220762447,68.2376561164856
-12.696697438259491,45.95866220762447,68.2376561164856
-12.696697438259491,45.95866220762447,68.2376561164856
-12.696697438259491,45.95866220762447,68.2376561164856
-12.696697438259491,45.95866220762447,68.2376561164856
-12.675763945775198,45.84675045339716,68.2376561164856
-12.675763945775198,45.84675045339716,68.2376561164856
-12.675763945775198,45.84675045339716,68.2376561164856
-12.675763945775198,45.84675045339716,68.2376561164856
-12.659307251217728,45.72921255318903,68.2376561164856
-12.659307251217728,45.72921255318903,68.2376561164856
-12.659307251217728,45.72921255318903,68.2376561164856
-12.659307251217728,45.72921255318903,68.2376561164856
-12.659307251217728,45.72921255318903,68.2376561164856
-12.669192334375017,45.61484294798776,68.2376561164856
-12.669192334375017,45.61484294798776,68.2376561164856
-12.669192334375017,45.61484294798776,68.2376561164856
-12.669192334375017,45.61484294798776,68.2376561164856
-12.669192334375017,45.61484294798776,68.2376561164856
-12.68037455633943,45.50394912359252,68.2376561164856
-12.68037455633943,45.50394912359252,68.2376561164856
-12.68037455633943,45.50394912359252,68.2376561164856
-12.68037455633943,45.50394912359252,68.2376561164856
-12.68037455633943,45.50394912359252,68.2376561164856
-12.684953095149098,45.40033304511482,68.2376561164856
-12.684953095149098,45.40033304511482,68.2376561164856
-12.684953095149098,45.40033304511482,68.2376561164856
-12.684953095149098,45.40033304511482,68.2376561164856
-12.684953095149098,45.40033304511482,68.2376561164856
-12.691617728717212,45.293094133939555,68.2376561164856
-12.691617728717212,45.293094133939555,68.2376561164856
-12.691617728717212,45.293094133939555,68.2376561164856
-12.691617728717212,45.293094133939555,68.2376561164856
-12.691617728717212,45.293094133939555,68.2376561164856
-12.691617728717212,45.293094133939555,68.2376561164856
-12.696126440176153,45.182450303968274,68.2376561164856
-12.696126440176153,45.182450303968274,68.2376561164856
-12.696126440176153,45.182450303968274,68.2376561164856
-12.696126440176153,45.182450303968274,68.2376561164856
-12.696126440176153,45.182450303968274,68.2376561164856
-12.696126440176153,45.182450303968274,68.2376561164856
-12.702338151977388,45.06882004433119,68.2376561164856
-12.702338151977388,45.06882004433119,68.2376561164856
-12.702338151977388,45.06882004433119,68.2376561164856
-12.702338151977388,45.06882004433119,68.2376561164856
-12.702338151977388,45.06882004433119,68.2376561164856
-12.723205212502638,44.89649874252732,68.2376561164856
-12.723205212502638,44.89649874252732,68.2376561164856
-12.723205212502638,44.89649874252732,68.2376561164856
-12.723205212502638,44.89649874252732,68.2376561164856
-12.723205212502638,44.89649874252732,68.2376561164856
-12.739918302463044,44.779180514685265,68.2376561164856
-12.739918302463044,44.779180514685265,68.2376561164856
-12.739918302463044,44.779180514685265,68.2376561164856
-12.739918302463044,44.779180514685265,68.2376561164856
-12.739918302463044,44.779180514685265,68.2376561164856
-12.756528227321166,44.65353695960945,68.2376561164856
-12.756528227321166,44.65353695960945,68.2376561164856
-12.756528227321166,44.65353695960945,68.2376561164856
-12.756528227321166,44.65353695960945,68.2376561164856
-12.756528227321166,44.65353695960945,68.2376561164856
-12.756528227321166,44.65353695960945,68.2376561164856
-12.776863905800154,44.529763486188884,68.2376561164856
-12.776863905800154,44.529763486188884,68.2376561164856
-12.776863905800154,44.529763486188884,68.2376561164856
-12.776863905800154,44.529763486188884,68.2376561164856
-12.776863905800154,44.529763486188884,68.2376561164856
-12.796350858966788,44.40505113923635,68.2376561164856
-12.796350858966788,44.40505113923635,68.2376561164856
-12.796350858966788,44.40505113923635,68.2376561164856
-12.796350858966788,44.40505113923635,68.2376561164856
-12.796350858966788,44.40505113923635,68.2376561164856
-12.828117843519387,44.29003625156082,68.2376561164856
-12.828117843519387,44.29003625156082,68.2376561164856
-12.828117843519387,44.29003625156082,68.2376561164856
-12.828117843519387,44.29003625156082,68.2376561164856
-12.828117843519387,44.29003625156082,68.2376561164856
-12.828117843519387,44.29003625156082,68.2376561164856
-12.828117843519387,44.29003625156082,68.2376561164856
-12.868292051965295,44.165061469614955,68.2376561164856
-12.868292051965295,44.165061469614955,68.2376561164856
-12.868292051965295,44.165061469614955,68.2376561164856
-12.868292051965295,44.165061469614955,68.2376561164856
-12.868292051965295,44.165061469614955,68.2376561164856
-12.93260281478057,43.97853576102001,68.2376561164856
-12.93260281478057,43.97853576102001,68.2376561164856
-12.93260281478057,43.97853576102001,68.2376561164856
-12.93260281478057,43.97853576102001,68.2376561164856
-12.93260281478057,43.97853576102001,68.2376561164856
-12.93260281478057,43.97853576102001,68.2376561164856
-12.969865606104332,43.860730106418224,68.2376561164856
-12.969865606104332,43.860730106418224,68.2376561164856
-12.969865606104332,43.860730106418224,68.2376561164856
-12.969865606104332,43.860730106418224,68.2376561164856
-12.969865606104332,43.860730106418224,68.2376561164856
-12.969865606104332,43.860730106418224,68.2376561164856
-13.005768114806164,43.740976444352924,68.2376561164856
-13.005768114806164,43.740976444352924,68.2376561164856
-13.005768114806164,43.740976444352924,68.2376561164856
-13.005768114806164,43.740976444352924,68.2376561164856
-13.005768114806164,43.740976444352924,68.2376561164856
-13.049788031792154,43.6188877944978,68.2376561164856
-13.049788031792154,43.6188877944978,68.2376561164856
-13.049788031792154,43.6188877944978,68.2376561164856
-13.049788031792154,43.6188877944978,68.2376561164856
-13.049788031792154,43.6188877944978,68.2376561164856
-13.049788031792154,43.6188877944978,68.2376561164856
-13.121103305137948,43.43990366562848,68.2376561164856
-13.121103305137948,43.43990366562848,68.2376561164856
-13.121103305137948,43.43990366562848,68.2376561164856
-13.121103305137948,43.43990366562848,68.2376561164856
-13.121103305137948,43.43990366562848,68.2376561164856
-13.169354214525407,43.31328126776953,68.2376561164856
-13.169354214525407,43.31328126776953,68.2376561164856
-13.169354214525407,43.31328126776953,68.2376561164856
-13.169354214525407,43.31328126776953,68.2376561164856
-13.169354214525407,43.31328126776953,68.2376561164856
-13.169354214525407,43.31328126776953,68.2376561164856
-13.220703904624019,43.19978376597443,68.2376561164856
-13.220703904624019,43.19978376597443,68.2376561164856
-13.220703904624019,43.19978376597443,68.2376561164856
-13.220703904624019,43.19978376597443,68.2376561164856
-13.220703904624019,43.19978376597443,68.2376561164856
-13.319901586902636,43.026731517790566,68.2376561164856
-13.319901586902636,43.026731517790566,68.2376561164856
-13.319901586902636,43.026731517790566,68.2376561164856
-13.319901586902636,43.026731517790566,68.2376561164856
-13.319901586902636,43.026731517790566,68.2376561164856
-13.319901586902636,43.026731517790566,68.2376561164856
-13.319901586902636,43.026731517790566,68.2376561164856
-13.377182425401418,42.91242284856522,68.2376561164856
-13.377182425401418,42.91242284856522,68.2376561164856
-13.377182425401418,42.91242284856522,68.2376561164856
-13.377182425401418,42.91242284856522,68.2376561164856
-13.377182425401418,42.91242284856522,68.2376561164856
-13.443962575774368,42.802426676584545,68.2376561164856
-13.443962575774368,42.802426676584545,68.2376561164856
-13.443962575774368,42.802426676584545,68.2376561164856
-13.443962575774368,42.802426676584545,68.2376561164856
-13.443962575774368,42.802426676584545,68.2376561164856
-13.443962575774368,42.802426676584545,68.2376561164856
-13.518127094105452,42.682889648833836,68.2376561164856
-13.518127094105452,42.682889648833836,68.2376561164856
-13.518127094105452,42.682889648833836,68.2376561164856
-13.518127094105452,42.682889648833836,68.2376561164856
-13.518127094105452,42.682889648833836,68.2376561164856
-13.518127094105452,42.682889648833836,68.2376561164856
-13.627426486161186,42.50250632672772,68.2376561164856
-13.627426486161186,42.50250632672772,68.2376561164856
-13.627426486161186,42.50250632672772,68.2376561164856
-13.627426486161186,42.50250632672772,68.2376561164856
-13.627426486161186,42.50250632672772,68.2376561164856
-13.627426486161186,42.50250632672772,68.2376561164856
-13.689529239188769,42.38944598932388,68.2376561164856
-13.689529239188769,42.38944598932388,68.2376561164856
-13.689529239188769,42.38944598932388,68.2376561164856
-13.689529239188769,42.38944598932388,68.2376561164856
-13.689529239188769,42.38944598932388,68.2376561164856
-13.689529239188769,42.38944598932388,68.2376561164856
-13.813936681994893,42.229897981670604,68.2376561164856
-13.813936681994893,42.229897981670604,68.2376561164856
-13.813936681994893,42.229897981670604,68.2376561164856
-13.813936681994893,42.229897981670604,68.2376561164856
-13.813936681994893,42.229897981670604,68.2376561164856
-13.813936681994893,42.229897981670604,68.2376561164856
-13.813936681994893,42.229897981670604,68.2376561164856
-13.891627678316647,42.12690401188787,68.2376561164856
-13.891627678316647,42.12690401188787,68.2376561164856
-13.891627678316647,42.12690401188787,68.2376561164856
-13.891627678316647,42.12690401188787,68.2376561164856
-13.891627678316647,42.12690401188787,68.2376561164856
-13.891627678316647,42.12690401188787,68.2376561164856
-14.021071476173866,41.95680789452126,68.2376561164856
-14.021071476173866,41.95680789452126,68.2376561164856
-14.021071476173866,41.95680789452126,68.2376561164856
-14.021071476173866,41.95680789452126,68.2376561164856
-14.021071476173866,41.95680789452126,68.2376561164856
-14.021071476173866,41.95680789452126,68.2376561164856
-14.103181960114284,41.84374120342669,68.2376561164856
-14.103181960114284,41.84374120342669,68.2376561164856
-14.103181960114284,41.84374120342669,68.2376561164856
-14.103181960114284,41.84374120342669,68.2376561164856
-14.103181960114284,41.84374120342669,68.2376561164856
-14.23993076759466,41.684510152676786,68.2376561164856
-14.23993076759466,41.684510152676786,68.2376561164856
-14.23993076759466,41.684510152676786,68.2376561164856
-14.23993076759466,41.684510152676786,68.2376561164856
-14.23993076759466,41.684510152676786,68.2376561164856
-14.336161203274582,41.57520909402803,68.2376561164856
-14.336161203274582,41.57520909402803,68.2376561164856
-14.336161203274582,41.57520909402803,68.2376561164856
-14.336161203274582,41.57520909402803,68.2376561164856
-14.336161203274582,41.57520909402803,68.2376561164856
-14.336161203274582,41.57520909402803,68.2376561164856
-14.42290874783412,41.47988263770142,68.2376561164856
-14.42290874783412,41.47988263770142,68.2376561164856
-14.42290874783412,41.47988263770142,68.2376561164856
-14.42290874783412,41.47988263770142,68.2376561164856
-14.42290874783412,41.47988263770142,68.2376561164856
-14.42290874783412,41.47988263770142,68.2376561164856
-14.515833314394731,41.38219670724752,68.2376561164856
-14.515833314394731,41.38219670724752,68.2376561164856
-14.515833314394731,41.38219670724752,68.2376561164856
-14.515833314394731,41.38219670724752,68.2376561164856
-14.515833314394731,41.38219670724752,68.2376561164856
-14.515833314394731,41.38219670724752,68.2376561164856
-14.610651202410539,41.28151541367157,68.2376561164856
-14.610651202410539,41.28151541367157,68.2376561164856
-14.610651202410539,41.28151541367157,68.2376561164856
-14.610651202410539,41.28151541367157,68.2376561164856
-14.610651202410539,41.28151541367157,68.2376561164856
-14.610651202410539,41.28151541367157,68.2376561164856
-14.759968742852777,41.11556290565253,68.2376561164856
-14.759968742852777,41.11556290565253,68.2376561164856
-14.759968742852777,41.11556290565253,68.2376561164856
-14.759968742852777,41.11556290565253,68.2376561164856
-14.759968742852777,41.11556290565253,68.2376561164856
-14.854412275865503,41.024350892838044,68.2376561164856
-14.854412275865503,41.024350892838044,68.2376561164856
-14.854412275865503,41.024350892838044,68.2376561164856
-14.854412275865503,41.024350892838044,68.2376561164856
-14.854412275865503,41.024350892838044,68.2376561164856
-14.854412275865503,41.024350892838044,68.2376561164856
-14.950246264238702,40.92937066920763,68.2376561164856
-14.950246264238702,40.92937066920763,68.2376561164856
-14.950246264238702,40.92937066920763,68.2376561164856
-14.950246264238702,40.92937066920763,68.2376561164856
-14.950246264238702,40.92937066920763,68.2376561164856
-15.111026314455932,40.77827381911697,68.2376561164856
-15.111026314455932,40.77827381911697,68.2376561164856
-15.111026314455932,40.77827381911697,68.2376561164856
-15.111026314455932,40.77827381911697,68.2376561164856
-15.111026314455932,40.77827381911697,68.2376561164856
-15.217369066709974,40.67834441279301,68.2376561164856
-15.217369066709974,40.67834441279301,68.2376561164856
-15.217369066709974,40.67834441279301,68.2376561164856
-15.217369066709974,40.67834441279301,68.2376561164856
-15.217369066709974,40.67834441279301,68.2376561164856
-15.217369066709974,40.67834441279301,68.2376561164856
-15.325219165351665,40.573281841314916,68.2376561164856
-15.325219165351665,40.573281841314916,68.2376561164856
-15.325219165351665,40.573281841314916,68.2376561164856
-15.325219165351665,40.573281841314916,68.2376561164856
-15.325219165351665,40.573281841314916,68.2376561164856
-15.43288096114303,40.46996782449086,68.2376561164856
-15.43288096114303,40.46996782449086,68.2376561164856
-15.43288096114303,40.46996782449086,68.2376561164856
-15.43288096114303,40.46996782449086,68.2376561164856
-15.43288096114303,40.46996782449086,68.2376561164856
-15.54992371371039,40.36077550216,68.2376561164856
-15.54992371371039,40.36077550216,68.2376561164856
-15.54992371371039,40.36077550216,68.2376561164856
-15.54992371371039,40.36077550216,68.2376561164856
-15.54992371371039,40.36077550216,68.2376561164856
-15.54992371371039,40.36077550216,68.2376561164856
-15.65642881913752,40.263345765848555,68.2376561164856
-15.65642881913752,40.263345765848555,68.2376561164856
-15.65642881913752,40.263345765848555,68.2376561164856
-15.65642881913752,40.263345765848555,68.2376561164856
-15.65642881913752,40.263345765848555,68.2376561164856
-15.65642881913752,40.263345765848555,68.2376561164856
-15.824127885982374,40.1181970149313,68.2376561164856
-15.824127885982374,40.1181970149313,68.2376561164856
-15.824127885982374,40.1181970149313,68.2376561164856
-15.824127885982374,40.1181970149313,68.2376561164856
-15.824127885982374,40.1181970149313,68.2376561164856
-15.824127885982374,40.1181970149313,68.2376561164856
-15.937663712544822,40.0169551404989,68.2376561164856
-15.937663712544822,40.0169551404989,68.2376561164856
-15.937663712544822,40.0169551404989,68.2376561164856
-15.937663712544822,40.0169551404989,68.2376561164856
-15.937663712544822,40.0169551404989,68.2376561164856
-15.937663712544822,40.0169551404989,68.2376561164856
-16.040902178231025,39.93238010117877,68.2376561164856
-16.040902178231025,39.93238010117877,68.2376561164856
-16.040902178231025,39.93238010117877,68.2376561164856
-16.040902178231025,39.93238010117877,68.2376561164856
-16.040902178231025,39.93238010117877,68.2376561164856
-16.218631579946837,39.775066557584566,68.2376561164856
-16.218631579946837,39.775066557584566,68.2376561164856
-16.218631579946837,39.775066557584566,68.2376561164856
-16.218631579946837,39.775066557584566,68.2376561164856
-16.218631579946837,39.775066557584566,68.2376561164856
-16.218631579946837,39.775066557584566,68.2376561164856
-16.322878636706264,39.67688313184504,68.2376561164856
-16.322878636706264,39.67688313184504,68.2376561164856
-16.322878636706264,39.67688313184504,68.2376561164856
-16.322878636706264,39.67688313184504,68.2376561164856
-16.322878636706264,39.67688313184504,68.2376561164856
-16.322878636706264,39.67688313184504,68.2376561164856
-16.426094421360027,39.58649427478512,68.2376561164856
-16.426094421360027,39.58649427478512,68.2376561164856
-16.426094421360027,39.58649427478512,68.2376561164856
-16.426094421360027,39.58649427478512,68.2376561164856
-16.426094421360027,39.58649427478512,68.2376561164856
-16.53804785193736,39.493439371431315,68.2376561164856
-16.53804785193736,39.493439371431315,68.2376561164856
-16.53804785193736,39.493439371431315,68.2376561164856
-16.53804785193736,39.493439371431315,68.2376561164856
-16.53804785193736,39.493439371431315,68.2376561164856
-16.53804785193736,39.493439371431315,68.2376561164856
-16.706645473678954,39.35993036257717,68.2376561164856
-16.706645473678954,39.35993036257717,68.2376561164856
-16.706645473678954,39.35993036257717,68.2376561164856
-16.706645473678954,39.35993036257717,68.2376561164856
-16.706645473678954,39.35993036257717,68.2376561164856
-16.706645473678954,39.35993036257717,68.2376561164856
-16.80637871292618,39.27637784959912,68.2376561164856
-16.80637871292618,39.27637784959912,68.2376561164856
-16.80637871292618,39.27637784959912,68.2376561164856
-16.80637871292618,39.27637784959912,68.2376561164856
-16.80637871292618,39.27637784959912,68.2376561164856
-16.80637871292618,39.27637784959912,68.2376561164856
-16.927521953318642,39.167544963876644,68.2376561164856
-16.927521953318642,39.167544963876644,68.2376561164856
-16.927521953318642,39.167544963876644,68.2376561164856
-16.927521953318642,39.167544963876644,68.2376561164856
-16.927521953318642,39.167544963876644,68.2376561164856
-16.927521953318642,39.167544963876644,68.2376561164856
-17.101666180715878,39.03711263697348,68.2376561164856
-17.101666180715878,39.03711263697348,68.2376561164856
-17.101666180715878,39.03711263697348,68.2376561164856
-17.101666180715878,39.03711263697348,68.2376561164856
-17.101666180715878,39.03711263697348,68.2376561164856
-17.101666180715878,39.03711263697348,68.2376561164856
-17.101666180715878,39.03711263697348,68.2376561164856
-17.206268595739868,38.947171202005165,68.2376561164856
-17.206268595739868,38.947171202005165,68.2376561164856
-17.206268595739868,38.947171202005165,68.2376561164856
-17.206268595739868,38.947171202005165,68.2376561164856
-17.206268595739868,38.947171202005165,68.2376561164856
-17.394045956667032,38.805586837826475,68.2376561164856
-17.394045956667032,38.805586837826475,68.2376561164856
-17.394045956667032,38.805586837826475,68.2376561164856
-17.394045956667032,38.805586837826475,68.2376561164856
-17.394045956667032,38.805586837826475,68.2376561164856
-17.50020180191253,38.72154982124411,68.2376561164856
-17.50020180191253,38.72154982124411,68.2376561164856
-17.50020180191253,38.72154982124411,68.2376561164856
-17.50020180191253,38.72154982124411,68.2376561164856
-17.50020180191253,38.72154982124411,68.2376561164856
-17.542867309118744,38.675037670268736,68.2376561164856
-17.542867309118744,38.675037670268736,68.2376561164856
-17.542867309118744,38.675037670268736,68.2376561164856
-17.542867309118744,38.675037670268736,68.2376561164856
-17.542867309118744,38.675037670268736,68.2376561164856
-17.69449142692986,38.56942838484244,68.2376561164856
-17.69449142692986,38.56942838484244,68.2376561164856
-17.69449142692986,38.56942838484244,68.2376561164856
-17.69449142692986,38.56942838484244,68.2376561164856
-17.69449142692986,38.56942838484244,68.2376561164856
-17.69449142692986,38.56942838484244,68.2376561164856
-17.800590591157253,38.48294843080283,68.2376561164856
-17.800590591157253,38.48294843080283,68.2376561164856
-17.800590591157253,38.48294843080283,68.2376561164856
-17.800590591157253,38.48294843080283,68.2376561164856
-17.800590591157253,38.48294843080283,68.2376561164856
-17.917604805657884,38.39908447371805,68.2376561164856
-17.917604805657884,38.39908447371805,68.2376561164856
-17.917604805657884,38.39908447371805,68.2376561164856
-17.917604805657884,38.39908447371805,68.2376561164856
-17.917604805657884,38.39908447371805,68.2376561164856
-18.04436831086195,38.309340234939874,68.2376561164856
-18.04436831086195,38.309340234939874,68.2376561164856
-18.04436831086195,38.309340234939874,68.2376561164856
-18.04436831086195,38.309340234939874,68.2376561164856
-18.04436831086195,38.309340234939874,68.2376561164856
-18.04436831086195,38.309340234939874,68.2376561164856
-18.16870583955858,38.22452630535931,68.2376561164856
-18.16870583955858,38.22452630535931,68.2376561164856
-18.16870583955858,38.22452630535931,68.2376561164856
-18.16870583955858,38.22452630535931,68.2376561164856
-18.16870583955858,38.22452630535931,68.2376561164856
-18.329727023887102,38.12235378371019,68.2376561164856
-18.329727023887102,38.12235378371019,68.2376561164856
-18.329727023887102,38.12235378371019,68.2376561164856
-18.329727023887102,38.12235378371019,68.2376561164856
-18.329727023887102,38.12235378371019,68.2376561164856
-18.329727023887102,38.12235378371019,68.2376561164856
-18.443702696460868,38.05514693073066,68.2376561164856
-18.443702696460868,38.05514693073066,68.2376561164856
-18.443702696460868,38.05514693073066,68.2376561164856
-18.443702696460868,38.05514693073066,68.2376561164856
-18.443702696460868,38.05514693073066,68.2376561164856
-18.54553467695328,37.99180282273168,68.2376561164856
-18.54553467695328,37.99180282273168,68.2376561164856
-18.54553467695328,37.99180282273168,68.2376561164856
-18.54553467695328,37.99180282273168,68.2376561164856
-18.54553467695328,37.99180282273168,68.2376561164856
-18.657446597133035,37.92396791894425,68.2376561164856
-18.657446597133035,37.92396791894425,68.2376561164856
-18.657446597133035,37.92396791894425,68.2376561164856
-18.657446597133035,37.92396791894425,68.2376561164856
-18.657446597133035,37.92396791894425,68.2376561164856
-18.657446597133035,37.92396791894425,68.2376561164856
-18.7984728419997,37.8436505805632,68.2376561164856
-18.7984728419997,37.8436505805632,68.2376561164856
-18.7984728419997,37.8436505805632,68.2376561164856
-18.7984728419997,37.8436505805632,68.2376561164856
-18.7984728419997,37.8436505805632,68.2376561164856
-18.902369711943056,37.78088514812176,68.2376561164856
-18.902369711943056,37.78088514812176,68.2376561164856
-18.902369711943056,37.78088514812176,68.2376561164856
-18.902369711943056,37.78088514812176,68.2376561164856
-18.902369711943056,37.78088514812176,68.2376561164856
-18.902369711943056,37.78088514812176,68.2376561164856
-19.07313858248209,37.68517839148596,68.2376561164856
-19.07313858248209,37.68517839148596,68.2376561164856
-19.07313858248209,37.68517839148596,68.2376561164856
-19.07313858248209,37.68517839148596,68.2376561164856
-19.07313858248209,37.68517839148596,68.2376561164856
-19.07313858248209,37.68517839148596,68.2376561164856
-19.1811931317689,37.63130166902994,68.2376561164856
-19.1811931317689,37.63130166902994,68.2376561164856
-19.1811931317689,37.63130166902994,68.2376561164856
-19.1811931317689,37.63130166902994,68.2376561164856
-19.1811931317689,37.63130166902994,68.2376561164856
-19.294324476720405,37.56806752515494,68.2376561164856
-19.294324476720405,37.56806752515494,68.2376561164856
-19.294324476720405,37.56806752515494,68.2376561164856
-19.294324476720405,37.56806752515494,68.2376561164856
-19.294324476720405,37.56806752515494,68.2376561164856
-19.41552407083792,37.50234134777584,68.2376561164856
-19.41552407083792,37.50234134777584,68.2376561164856
-19.41552407083792,37.50234134777584,68.2376561164856
-19.41552407083792,37.50234134777584,68.2376561164856
-19.41552407083792,37.50234134777584,68.2376561164856
-19.41552407083792,37.50234134777584,68.2376561164856
-19.534135446543957,37.437350656252164,68.2376561164856
-19.534135446543957,37.437350656252164,68.2376561164856
-19.534135446543957,37.437350656252164,68.2376561164856
-19.534135446543957,37.437350656252164,68.2376561164856
-19.534135446543957,37.437350656252164,68.2376561164856
-19.534135446543957,37.437350656252164,68.2376561164856
-19.721259418076453,37.345743969109385,68.2376561164856
-19.721259418076453,37.345743969109385,68.2376561164856
-19.721259418076453,37.345743969109385,68.2376561164856
-19.721259418076453,37.345743969109385,68.2376561164856
-19.721259418076453,37.345743969109385,68.2376561164856
-19.721259418076453,37.345743969109385,68.2376561164856
-19.83606536758393,37.28580157869701,68.2376561164856
-19.83606536758393,37.28580157869701,68.2376561164856
-19.83606536758393,37.28580157869701,68.2376561164856
-19.83606536758393,37.28580157869701,68.2376561164856
-19.83606536758393,37.28580157869701,68.2376561164856
-19.931189270437205,37.23107701139157,68.2376561164856
-19.931189270437205,37.23107701139157,68.2376561164856
-19.931189270437205,37.23107701139157,68.2376561164856
-19.931189270437205,37.23107701139157,68.2376561164856
-19.931189270437205,37.23107701139157,68.2376561164856
-19.931189270437205,37.23107701139157,68.2376561164856
-20.031524909171857,37.18110018949125,68.2376561164856
-20.031524909171857,37.18110018949125,68.2376561164856
-20.031524909171857,37.18110018949125,68.2376561164856
-20.031524909171857,37.18110018949125,68.2376561164856
-20.031524909171857,37.18110018949125,68.2376561164856
-20.20388285377632,37.10352105686036,68.2376561164856
-20.20388285377632,37.10352105686036,68.2376561164856
-20.20388285377632,37.10352105686036,68.2376561164856
-20.20388285377632,37.10352105686036,68.2376561164856
-20.20388285377632,37.10352105686036,68.2376561164856
-20.20388285377632,37.10352105686036,68.2376561164856
-20.29719408920087,37.05499439472105,68.2376561164856
-20.29719408920087,37.05499439472105,68.2376561164856
-20.29719408920087,37.05499439472105,68.2376561164856
-20.29719408920087,37.05499439472105,68.2376561164856
-20.29719408920087,37.05499439472105,68.2376561164856
-20.407800073215743,37.00047161735863,68.2376561164856
-20.407800073215743,37.00047161735863,68.2376561164856
-20.407800073215743,37.00047161735863,68.2376561164856
-20.407800073215743,37.00047161735863,68.2376561164856
-20.407800073215743,37.00047161735863,68.2376561164856
-20.526876011247133,36.94302170836103,68.2376561164856
-20.526876011247133,36.94302170836103,68.2376561164856
-20.526876011247133,36.94302170836103,68.2376561164856
-20.526876011247133,36.94302170836103,68.2376561164856
-20.526876011247133,36.94302170836103,68.2376561164856
-20.526876011247133,36.94302170836103,68.2376561164856
-20.651192691541453,36.886460218212896,68.2376561164856
-20.651192691541453,36.886460218212896,68.2376561164856
-20.651192691541453,36.886460218212896,68.2376561164856
-20.651192691541453,36.886460218212896,68.2376561164856
-20.651192691541453,36.886460218212896,68.2376561164856
-20.651192691541453,36.886460218212896,68.2376561164856
-20.851158548762207,36.801721653290905,68.2376561164856
-20.851158548762207,36.801721653290905,68.2376561164856
-20.851158548762207,36.801721653290905,68.2376561164856
-20.851158548762207,36.801721653290905,68.2376561164856
-20.851158548762207,36.801721653290905,68.2376561164856
-21.011921474238502,36.73272521328661,68.2376561164856
-21.011921474238502,36.73272521328661,68.2376561164856
-21.011921474238502,36.73272521328661,68.2376561164856
-21.011921474238502,36.73272521328661,68.2376561164856
-21.011921474238502,36.73272521328661,68.2376561164856
-21.011921474238502,36.73272521328661,68.2376561164856
-21.17077023971325,36.667617218104056,68.2376561164856
-21.17077023971325,36.667617218104056,68.2376561164856
-21.17077023971325,36.667617218104056,68.2376561164856
-21.17077023971325,36.667617218104056,68.2376561164856
-21.17077023971325,36.667617218104056,68.2376561164856
-21.17077023971325,36.667617218104056,68.2376561164856
-21.30343450506069,36.61194181778883,68.2376561164856
-21.30343450506069,36.61194181778883,68.2376561164856
-21.30343450506069,36.61194181778883,68.2376561164856
-21.30343450506069,36.61194181778883,68.2376561164856
-21.30343450506069,36.61194181778883,68.2376561164856
-21.30343450506069,36.61194181778883,68.2376561164856
-21.537437523238854,36.53149735955585,68.2376561164856
-21.537437523238854,36.53149735955585,68.2376561164856
-21.537437523238854,36.53149735955585,68.2376561164856
-21.537437523238854,36.53149735955585,68.2376561164856
-21.537437523238854,36.53149735955585,68.2376561164856
-21.537437523238854,36.53149735955585,68.2376561164856
-21.537437523238854,36.53149735955585,68.2376561164856
-21.69886841907299,36.472565676306445,68.2376561164856
-21.69886841907299,36.472565676306445,68.2376561164856
-21.69886841907299,36.472565676306445,68.2376561164856
-21.69886841907299,36.472565676306445,68.2376561164856
-21.69886841907299,36.472565676306445,68.2376561164856
-21.69886841907299,36.472565676306445,68.2376561164856
-21.69886841907299,36.472565676306445,68.2376561164856
-21.69886841907299,36.472565676306445,68.2376561164856
-21.93760338270664,36.392233117759986,68.2376561164856
-21.93760338270664,36.392233117759986,68.2376561164856
-21.93760338270664,36.392233117759986,68.2376561164856
-21.93760338270664,36.392233117759986,68.2376561164856
-21.93760338270664,36.392233117759986,68.2376561164856
-21.93760338270664,36.392233117759986,68.2376561164856
-22.177198469003358,36.31810196186934,68.2376561164856
-22.177198469003358,36.31810196186934,68.2376561164856
-22.177198469003358,36.31810196186934,68.2376561164856
-22.177198469003358,36.31810196186934,68.2376561164856
-22.177198469003358,36.31810196186934,68.2376561164856
-22.177198469003358,36.31810196186934,68.2376561164856
-22.177198469003358,36.31810196186934,68.2376561164856
-22.390518876544693,36.25969285044844,68.2376561164856
-22.390518876544693,36.25969285044844,68.2376561164856
-22.390518876544693,36.25969285044844,68.2376561164856
-22.390518876544693,36.25969285044844,68.2376561164856
-22.390518876544693,36.25969285044844,68.2376561164856
-22.390518876544693,36.25969285044844,68.2376561164856
-22.53014175297838,36.22360981198676,68.2376561164856
-22.53014175297838,36.22360981198676,68.2376561164856
-22.53014175297838,36.22360981198676,68.2376561164856
-22.53014175297838,36.22360981198676,68.2376561164856
-22.53014175297838,36.22360981198676,68.2376561164856
-22.53014175297838,36.22360981198676,68.2376561164856
-22.75419459885491,36.17295386579797,68.2376561164856
-22.75419459885491,36.17295386579797,68.2376561164856
-22.75419459885491,36.17295386579797,68.2376561164856
-22.75419459885491,36.17295386579797,68.2376561164856
-22.75419459885491,36.17295386579797,68.2376561164856
-22.75419459885491,36.17295386579797,68.2376561164856
-22.75419459885491,36.17295386579797,68.2376561164856
-22.75419459885491,36.17295386579797,68.2376561164856
-22.95581312142239,36.12335634601918,68.2376561164856
-22.95581312142239,36.12335634601918,68.2376561164856
-22.95581312142239,36.12335634601918,68.2376561164856
-22.95581312142239,36.12335634601918,68.2376561164856
-22.95581312142239,36.12335634601918,68.2376561164856
-22.95581312142239,36.12335634601918,68.2376561164856
-22.95581312142239,36.12335634601918,68.2376561164856
-22.95581312142239,36.12335634601918,68.2376561164856
-23.086060600126373,36.09046528373362,68.2376561164856
-23.086060600126373,36.09046528373362,68.2376561164856
-23.086060600126373,36.09046528373362,68.2376561164856
-23.086060600126373,36.09046528373362,68.2376561164856
-23.086060600126373,36.09046528373362,68.2376561164856
-23.086060600126373,36.09046528373362,68.2376561164856
-23.086060600126373,36.09046528373362,68.2376561164856
-23.375012000357803,36.03972916811034,68.2376561164856
-23.375012000357803,36.03972916811034,68.2376561164856
-23.375012000357803,36.03972916811034,68.2376561164856
-23.375012000357803,36.03972916811034,68.2376561164856
-23.375012000357803,36.03972916811034,68.2376561164856
-23.375012000357803,36.03972916811034,68.2376561164856
-23.520056588706034,36.00920802899379,68.2376561164856
-23.520056588706034,36.00920802899379,68.2376561164856
-23.520056588706034,36.00920802899379,68.2376561164856
-23.520056588706034,36.00920802899379,68.2376561164856
-23.520056588706034,36.00920802899379,68.2376561164856
-23.520056588706034,36.00920802899379,68.2376561164856
-23.70559285883415,35.97566785333961,68.2376561164856
-23.70559285883415,35.97566785333961,68.2376561164856
-23.70559285883415,35.97566785333961,68.2376561164856
-23.70559285883415,35.97566785333961,68.2376561164856
-23.70559285883415,35.97566785333961,68.2376561164856
-23.70559285883415,35.97566785333961,68.2376561164856
-23.70559285883415,35.97566785333961,68.2376561164856
-23.806184203820465,35.95696514193714,68.2376561164856
-23.806184203820465,35.95696514193714,68.2376561164856
-23.806184203820465,35.95696514193714,68.2376561164856
-23.806184203820465,35.95696514193714,68.2376561164856
-23.806184203820465,35.95696514193714,68.2376561164856
-24.003560812618254,35.92756727741604,68.2376561164856
-24.003560812618254,35.92756727741604,68.2376561164856
-24.003560812618254,35.92756727741604,68.2376561164856
-24.003560812618254,35.92756727741604,68.2376561164856
-24.003560812618254,35.92756727741604,68.2376561164856
-24.003560812618254,35.92756727741604,68.2376561164856
-24.003560812618254,35.92756727741604,68.2376561164856
-24.11311089871083,35.90779851384926,68.2376561164856
-24.11311089871083,35.90779851384926,68.2376561164856
-24.11311089871083,35.90779851384926,68.2376561164856
-24.11311089871083,35.90779851384926,68.2376561164856
-24.11311089871083,35.90779851384926,68.2376561164856
-24.11311089871083,35.90779851384926,68.2376561164856
-24.32403508712733,35.87382703492283,68.2376561164856
-24.32403508712733,35.87382703492283,68.2376561164856
-24.32403508712733,35.87382703492283,68.2376561164856
-24.32403508712733,35.87382703492283,68.2376561164856
-24.32403508712733,35.87382703492283,68.2376561164856
-24.44042326568934,35.8503496388988,68.2376561164856
-24.44042326568934,35.8503496388988,68.2376561164856
-24.44042326568934,35.8503496388988,68.2376561164856
-24.44042326568934,35.8503496388988,68.2376561164856
-24.44042326568934,35.8503496388988,68.2376561164856
-24.44042326568934,35.8503496388988,68.2376561164856
-24.5435083134387,35.83396354286442,68.2376561164856
-24.5435083134387,35.83396354286442,68.2376561164856
-24.5435083134387,35.83396354286442,68.2376561164856
-24.5435083134387,35.83396354286442,68.2376561164856
-24.5435083134387,35.83396354286442,68.2376561164856
-24.5435083134387,35.83396354286442,68.2376561164856
-24.726234528048405,35.817305583508634,68.2376561164856
-24.726234528048405,35.817305583508634,68.2376561164856
-24.726234528048405,35.817305583508634,68.2376561164856
-24.726234528048405,35.817305583508634,68.2376561164856
-24.726234528048405,35.817305583508634,68.2376561164856
-24.83863472957848,35.80534764647175,68.2376561164856
-24.83863472957848,35.80534764647175,68.2376561164856
-24.83863472957848,35.80534764647175,68.2376561164856
-24.83863472957848,35.80534764647175,68.2376561164856
-24.83863472957848,35.80534764647175,68.2376561164856
-24.962344179219897,35.787572261781264,68.2376561164856
-24.962344179219897,35.787572261781264,68.2376561164856
-24.962344179219897,35.787572261781264,68.2376561164856
-24.962344179219897,35.787572261781264,68.2376561164856
-24.962344179219897,35.787572261781264,68.2376561164856
-25.13643135218143,35.7683433681912,68.2376561164856
-25.13643135218143,35.7683433681912,68.2376561164856
-25.13643135218143,35.7683433681912,68.2376561164856
-25.13643135218143,35.7683433681912,68.2376561164856
-25.13643135218143,35.7683433681912,68.2376561164856
-25.13643135218143,35.7683433681912,68.2376561164856
-25.37062203683127,35.74119335438483,68.2376561164856
-25.37062203683127,35.74119335438483,68.2376561164856
-25.37062203683127,35.74119335438483,68.2376561164856
-25.37062203683127,35.74119335438483,68.2376561164856
-25.37062203683127,35.74119335438483,68.2376561164856
-25.37062203683127,35.74119335438483,68.2376561164856
-25.625182197871943,35.7116274566311,68.2376561164856
-25.625182197871943,35.7116274566311,68.2376561164856
-25.625182197871943,35.7116274566311,68.2376561164856
-25.625182197871943,35.7116274566311,68.2376561164856
-25.625182197871943,35.7116274566311,68.2376561164856
-25.625182197871943,35.7116274566311,68.2376561164856
-25.89901480746642,35.69714282618376,68.2376561164856
-25.89901480746642,35.69714282618376,68.2376561164856
-25.89901480746642,35.69714282618376,68.2376561164856
-25.89901480746642,35.69714282618376,68.2376561164856
-25.89901480746642,35.69714282618376,68.2376561164856
-25.89901480746642,35.69714282618376,68.2376561164856
-26.070291552729966,35.681675248190494,68.2376561164856
-26.070291552729966,35.681675248190494,68.2376561164856
-26.070291552729966,35.681675248190494,68.2376561164856
-26.070291552729966,35.681675248190494,68.2376561164856
-26.070291552729966,35.681675248190494,68.2376561164856
-26.070291552729966,35.681675248190494,68.2376561164856
-26.345802786203226,35.667133996573604,68.2376561164856
-26.345802786203226,35.667133996573604,68.2376561164856
-26.345802786203226,35.667133996573604,68.2376561164856
-26.345802786203226,35.667133996573604,68.2376561164856
-26.345802786203226,35.667133996573604,68.2376561164856
-26.345802786203226,35.667133996573604,68.2376561164856
-26.528961395993505,35.65657240825534,68.2376561164856
-26.528961395993505,35.65657240825534,68.2376561164856
-26.528961395993505,35.65657240825534,68.2376561164856
-26.528961395993505,35.65657240825534,68.2376561164856
-26.528961395993505,35.65657240825534,68.2376561164856
-26.69890890592062,35.658444093556,68.2376561164856
-26.69890890592062,35.658444093556,68.2376561164856
-26.69890890592062,35.658444093556,68.2376561164856
-26.69890890592062,35.658444093556,68.2376561164856
-26.69890890592062,35.658444093556,68.2376561164856
-26.69890890592062,35.658444093556,68.2376561164856
-26.87099606969751,35.65762941349735,68.2376561164856
-26.87099606969751,35.65762941349735,68.2376561164856
-26.87099606969751,35.65762941349735,68.2376561164856
-26.87099606969751,35.65762941349735,68.2376561164856
-26.87099606969751,35.65762941349735,68.2376561164856
-26.87099606969751,35.65762941349735,68.2376561164856
-26.87099606969751,35.65762941349735,68.2376561164856
-27.115925892304947,35.668471695113524,68.2376561164856
-27.115925892304947,35.668471695113524,68.2376561164856
-27.115925892304947,35.668471695113524,68.2376561164856
-27.115925892304947,35.668471695113524,68.2376561164856
-27.115925892304947,35.668471695113524,68.2376561164856
-27.115925892304947,35.668471695113524,68.2376561164856
-27.33385662132339,35.67845671058098,68.2376561164856
-27.33385662132339,35.67845671058098,68.2376561164856
-27.33385662132339,35.67845671058098,68.2376561164856
-27.33385662132339,35.67845671058098,68.2376561164856
-27.33385662132339,35.67845671058098,68.2376561164856
-27.33385662132339,35.67845671058098,68.2376561164856
-27.4572685938104,35.686336834539524,68.2376561164856
-27.4572685938104,35.686336834539524,68.2376561164856
-27.4572685938104,35.686336834539524,68.2376561164856
-27.4572685938104,35.686336834539524,68.2376561164856
-27.4572685938104,35.686336834539524,68.2376561164856
-27.4572685938104,35.686336834539524,68.2376561164856
-27.58852425069922,35.690864374339434,68.2376561164856
-27.58852425069922,35.690864374339434,68.2376561164856
-27.58852425069922,35.690864374339434,68.2376561164856
-27.58852425069922,35.690864374339434,68.2376561164856
-27.58852425069922,35.690864374339434,68.2376561164856
-27.58852425069922,35.690864374339434,68.2376561164856
-27.750886945750857,35.70848764127499,68.2376561164856
-27.750886945750857,35.70848764127499,68.2376561164856
-27.750886945750857,35.70848764127499,68.2376561164856
-27.750886945750857,35.70848764127499,68.2376561164856
-27.750886945750857,35.70848764127499,68.2376561164856
-27.85912094064363,35.71381449927068,68.2376561164856
-27.85912094064363,35.71381449927068,68.2376561164856
-27.85912094064363,35.71381449927068,68.2376561164856
-27.85912094064363,35.71381449927068,68.2376561164856
-27.85912094064363,35.71381449927068,68.2376561164856
-27.85912094064363,35.71381449927068,68.2376561164856
-28.06192961813702,35.72197118764835,68.2376561164856
-28.06192961813702,35.72197118764835,68.2376561164856
-28.06192961813702,35.72197118764835,68.2376561164856
-28.06192961813702,35.72197118764835,68.2376561164856
-28.06192961813702,35.72197118764835,68.2376561164856
-28.06192961813702,35.72197118764835,68.2376561164856
-28.06192961813702,35.72197118764835,68.2376561164856
-28.163678699540124,35.72749437905685,68.2376561164856
-28.163678699540124,35.72749437905685,68.2376561164856
-28.163678699540124,35.72749437905685,68.2376561164856
-28.163678699540124,35.72749437905685,68.2376561164856
-28.163678699540124,35.72749437905685,68.2376561164856
-28.163678699540124,35.72749437905685,68.2376561164856
-28.314458286305324,35.73613805514516,68.2376561164856
-28.314458286305324,35.73613805514516,68.2376561164856
-28.314458286305324,35.73613805514516,68.2376561164856
-28.314458286305324,35.73613805514516,68.2376561164856
-28.314458286305324,35.73613805514516,68.2376561164856
-28.522330098906508,35.75473163054099,68.2376561164856
-28.522330098906508,35.75473163054099,68.2376561164856
-28.522330098906508,35.75473163054099,68.2376561164856
-28.522330098906508,35.75473163054099,68.2376561164856
-28.522330098906508,35.75473163054099,68.2376561164856
-28.522330098906508,35.75473163054099,68.2376561164856
-28.66916149406837,35.7636439754543,68.2376561164856
-28.66916149406837,35.7636439754543,68.2376561164856
-28.66916149406837,35.7636439754543,68.2376561164856
-28.66916149406837,35.7636439754543,68.2376561164856
-28.66916149406837,35.7636439754543,68.2376561164856
-28.888545294597325,35.774201166658045,68.2376561164856
-28.888545294597325,35.774201166658045,68.2376561164856
-28.888545294597325,35.774201166658045,68.2376561164856
-28.888545294597325,35.774201166658045,68.2376561164856
-28.888545294597325,35.774201166658045,68.2376561164856
-28.888545294597325,35.774201166658045,68.2376561164856
-29.069670737363225,35.796658770625,68.2376561164856
-29.069670737363225,35.796658770625,68.2376561164856
-29.069670737363225,35.796658770625,68.2376561164856
-29.069670737363225,35.796658770625,68.2376561164856
-29.069670737363225,35.796658770625,68.2376561164856
-29.069670737363225,35.796658770625,68.2376561164856
-29.375739183769028,35.82951134886642,68.2376561164856
-29.375739183769028,35.82951134886642,68.2376561164856
-29.375739183769028,35.82951134886642,68.2376561164856
-29.375739183769028,35.82951134886642,68.2376561164856
-29.375739183769028,35.82951134886642,68.2376561164856
-29.375739183769028,35.82951134886642,68.2376561164856
-29.646957388152778,35.859053596019436,68.2376561164856
-29.646957388152778,35.859053596019436,68.2376561164856
-29.646957388152778,35.859053596019436,68.2376561164856
-29.646957388152778,35.859053596019436,68.2376561164856
-29.646957388152778,35.859053596019436,68.2376561164856
-29.852815984108954,35.8816600591579,68.2376561164856
-29.852815984108954,35.8816600591579,68.2376561164856
-29.852815984108954,35.8816600591579,68.2376561164856
-29.852815984108954,35.8816600591579,68.2376561164856
-29.852815984108954,35.8816600591579,68.2376561164856
-30.121763193623316,35.91608276459214,68.2376561164856
-30.121763193623316,35.91608276459214,68.2376561164856
-30.121763193623316,35.91608276459214,68.2376561164856
-30.121763193623316,35.91608276459214,68.2376561164856
-30.121763193623316,35.91608276459214,68.2376561164856
-30.121763193623316,35.91608276459214,68.2376561164856
-30.121763193623316,35.91608276459214,68.2376561164856
-30.32708250451435,35.94012984000243,68.2376561164856
-30.32708250451435,35.94012984000243,68.2376561164856
-30.32708250451435,35.94012984000243,68.2376561164856
-30.32708250451435,35.94012984000243,68.2376561164856
-30.32708250451435,35.94012984000243,68.2376561164856
-30.32708250451435,35.94012984000243,68.2376561164856
-30.509760449761192,35.98010523332644,68.2376561164856
-30.509760449761192,35.98010523332644,68.2376561164856
-30.509760449761192,35.98010523332644,68.2376561164856
-30.509760449761192,35.98010523332644,68.2376561164856
-30.509760449761192,35.98010523332644,68.2376561164856
-30.509760449761192,35.98010523332644,68.2376561164856
-30.67153134815509,36.010761925619384,68.2376561164856
-30.67153134815509,36.010761925619384,68.2376561164856
-30.67153134815509,36.010761925619384,68.2376561164856
-30.67153134815509,36.010761925619384,68.2376561164856
-30.67153134815509,36.010761925619384,68.2376561164856
-30.67153134815509,36.010761925619384,68.2376561164856
-30.67153134815509,36.010761925619384,68.2376561164856
-30.92401691617974,36.04046049246444,68.2376561164856
-30.92401691617974,36.04046049246444,68.2376561164856
-30.92401691617974,36.04046049246444,68.2376561164856
-30.92401691617974,36.04046049246444,68.2376561164856
-30.92401691617974,36.04046049246444,68.2376561164856
-30.92401691617974,36.04046049246444,68.2376561164856
-31.180650575698337,36.072638279002334,68.2376561164856
-31.180650575698337,36.072638279002334,68.2376561164856
-31.180650575698337,36.072638279002334,68.2376561164856
-31.180650575698337,36.072638279002334,68.2376561164856
-31.180650575698337,36.072638279002334,68.2376561164856
-31.180650575698337,36.072638279002334,68.2376561164856
-31.346281110172946,36.096559545252376,68.2376561164856
-31.346281110172946,36.096559545252376,68.2376561164856
-31.346281110172946,36.096559545252376,68.2376561164856
-31.346281110172946,36.096559545252376,68.2376561164856
-31.346281110172946,36.096559545252376,68.2376561164856
-31.346281110172946,36.096559545252376,68.2376561164856
-31.346281110172946,36.096559545252376,68.2376561164856
-31.642443570825534,36.13602885585683,68.2376561164856
-31.642443570825534,36.13602885585683,68.2376561164856
-31.642443570825534,36.13602885585683,68.2376561164856
-31.642443570825534,36.13602885585683,68.2376561164856
-31.642443570825534,36.13602885585683,68.2376561164856
-31.818063106818354,36.16077776088008,68.2376561164856
-31.818063106818354,36.16077776088008,68.2376561164856
-31.818063106818354,36.16077776088008,68.2376561164856
-31.818063106818354,36.16077776088008,68.2376561164856
-31.818063106818354,36.16077776088008,68.2376561164856
-31.818063106818354,36.16077776088008,68.2376561164856
-31.818063106818354,36.16077776088008,68.2376561164856
-31.818063106818354,36.16077776088008,68.2376561164856
-31.818063106818354,36.16077776088008,68.2376561164856
-31.818063106818354,36.16077776088008,68.2376561164856
-32.00874345022309,36.18382886382516,68.2376561164856
-32.00874345022309,36.18382886382516,68.2376561164856
-32.00874345022309,36.18382886382516,68.2376561164856
-32.00874345022309,36.18382886382516,68.2376561164856
-32.00874345022309,36.18382886382516,68.2376561164856
-32.00874345022309,36.18382886382516,68.2376561164856
-32.383562227390506,36.236927186039054,68.2376561164856
-32.383562227390506,36.236927186039054,68.2376561164856
-32.383562227390506,36.236927186039054,68.2376561164856
-32.383562227390506,36.236927186039054,68.2376561164856
-32.383562227390506,36.236927186039054,68.2376561164856
-32.383562227390506,36.236927186039054,68.2376561164856
-32.383562227390506,36.236927186039054,68.2376561164856
-32.383562227390506,36.236927186039054,68.2376561164856
-32.6152049917816,36.26709185662592,68.2376561164856
-32.6152049917816,36.26709185662592,68.2376561164856
-32.6152049917816,36.26709185662592,68.2376561164856
-32.6152049917816,36.26709185662592,68.2376561164856
-32.6152049917816,36.26709185662592,68.2376561164856
-32.6152049917816,36.26709185662592,68.2376561164856
-32.6152049917816,36.26709185662592,68.2376561164856
-32.6152049917816,36.26709185662592,68.2376561164856
-32.6152049917816,36.26709185662592,68.2376561164856
-32.84137289777063,36.30177756894164,68.2376561164856
-32.84137289777063,36.30177756894164,68.2376561164856
-32.84137289777063,36.30177756894164,68.2376561164856
-32.84137289777063,36.30177756894164,68.2376561164856
-32.84137289777063,36.30177756894164,68.2376561164856
-32.84137289777063,36.30177756894164,68.2376561164856
-32.84137289777063,36.30177756894164,68.2376561164856
-32.84137289777063,36.30177756894164,68.2376561164856
-32.84137289777063,36.30177756894164,68.2376561164856
-32.84137289777063,36.30177756894164,68.2376561164856
-33.10331912961414,36.35504432971881,68.2376561164856
-33.10331912961414,36.35504432971881,68.2376561164856
-33.10331912961414,36.35504432971881,68.2376561164856
-33.10331912961414,36.35504432971881,68.2376561164856
-33.10331912961414,36.35504432971881,68.2376561164856
-33.10331912961414,36.35504432971881,68.2376561164856
-33.10331912961414,36.35504432971881,68.2376561164856
-33.10331912961414,36.35504432971881,68.2376561164856
-33.10331912961414,36.35504432971881,68.2376561164856
-33.37792658782101,36.40285363351417,68.2376561164856
-33.37792658782101,36.40285363351417,68.2376561164856
-33.37792658782101,36.40285363351417,68.2376561164856
-33.37792658782101,36.40285363351417,68.2376561164856
-33.37792658782101,36.40285363351417,68.2376561164856
-33.37792658782101,36.40285363351417,68.2376561164856
-33.37792658782101,36.40285363351417,68.2376561164856
-33.67978410673492,36.471292340803984,68.2376561164856
-33.67978410673492,36.471292340803984,68.2376561164856
-33.67978410673492,36.471292340803984,68.2376561164856
-33.67978410673492,36.471292340803984,68.2376561164856
-33.67978410673492,36.471292340803984,68.2376561164856
-33.67978410673492,36.471292340803984,68.2376561164856
-33.67978410673492,36.471292340803984,68.2376561164856
-33.83497300443352,36.50033088843045,68.2376561164856
-33.83497300443352,36.50033088843045,68.2376561164856
-33.83497300443352,36.50033088843045,68.2376561164856
-33.83497300443352,36.50033088843045,68.2376561164856
-33.83497300443352,36.50033088843045,68.2376561164856
-33.83497300443352,36.50033088843045,68.2376561164856
-34.07585819939345,36.52833346047677,68.2376561164856
-34.07585819939345,36.52833346047677,68.2376561164856
-34.07585819939345,36.52833346047677,68.2376561164856
-34.07585819939345,36.52833346047677,68.2376561164856
-34.07585819939345,36.52833346047677,68.2376561164856
-34.07585819939345,36.52833346047677,68.2376561164856
-34.21323964040218,36.540865909278175,68.2376561164856
-34.21323964040218,36.540865909278175,68.2376561164856
-34.21323964040218,36.540865909278175,68.2376561164856
-34.21323964040218,36.540865909278175,68.2376561164856
-34.21323964040218,36.540865909278175,68.2376561164856
-34.21323964040218,36.540865909278175,68.2376561164856
-34.4381089180797,36.57224330621289,68.2376561164856
-34.4381089180797,36.57224330621289,68.2376561164856
-34.4381089180797,36.57224330621289,68.2376561164856
-34.4381089180797,36.57224330621289,68.2376561164856
-34.4381089180797,36.57224330621289,68.2376561164856
-34.4381089180797,36.57224330621289,68.2376561164856
-34.59921344633996,36.59518017838977,68.2376561164856
-34.59921344633996,36.59518017838977,68.2376561164856
-34.59921344633996,36.59518017838977,68.2376561164856
-34.59921344633996,36.59518017838977,68.2376561164856
-34.59921344633996,36.59518017838977,68.2376561164856
-34.59921344633996,36.59518017838977,68.2376561164856
-34.59921344633996,36.59518017838977,68.2376561164856
-34.748702420749616,36.61978673284826,68.2376561164856
-34.748702420749616,36.61978673284826,68.2376561164856
-34.748702420749616,36.61978673284826,68.2376561164856
-34.748702420749616,36.61978673284826,68.2376561164856
-34.748702420749616,36.61978673284826,68.2376561164856
-34.748702420749616,36.61978673284826,68.2376561164856
-34.999117483953746,36.657847514960366,68.2376561164856
-34.999117483953746,36.657847514960366,68.2376561164856
-34.999117483953746,36.657847514960366,68.2376561164856
-34.999117483953746,36.657847514960366,68.2376561164856
-34.999117483953746,36.657847514960366,68.2376561164856
-34.999117483953746,36.657847514960366,68.2376561164856
-35.17763210637948,36.683594258327894,68.2376561164856
-35.17763210637948,36.683594258327894,68.2376561164856
-35.17763210637948,36.683594258327894,68.2376561164856
-35.17763210637948,36.683594258327894,68.2376561164856
-35.17763210637948,36.683594258327894,68.2376561164856
-35.17763210637948,36.683594258327894,68.2376561164856
-35.29919636795238,36.702296450643345,68.2376561164856
-35.29919636795238,36.702296450643345,68.2376561164856
-35.29919636795238,36.702296450643345,68.2376561164856
-35.29919636795238,36.702296450643345,68.2376561164856
-35.29919636795238,36.702296450643345,68.2376561164856
-35.29919636795238,36.702296450643345,68.2376561164856
-35.29919636795238,36.702296450643345,68.2376561164856
-35.47592745251517,36.72964358109346,68.2376561164856
-35.47592745251517,36.72964358109346,68.2376561164856
-35.47592745251517,36.72964358109346,68.2376561164856
-35.47592745251517,36.72964358109346,68.2376561164856
-35.47592745251517,36.72964358109346,68.2376561164856
-35.61475233108353,36.75012763317691,68.2376561164856
-35.61475233108353,36.75012763317691,68.2376561164856
-35.61475233108353,36.75012763317691,68.2376561164856
-35.61475233108353,36.75012763317691,68.2376561164856
-35.61475233108353,36.75012763317691,68.2376561164856
-35.61475233108353,36.75012763317691,68.2376561164856
-35.755886841152375,36.775346396154504,68.2376561164856
-35.755886841152375,36.775346396154504,68.2376561164856
-35.755886841152375,36.775346396154504,68.2376561164856
-35.755886841152375,36.775346396154504,68.2376561164856
-35.755886841152375,36.775346396154504,68.2376561164856
-35.755886841152375,36.775346396154504,68.2376561164856
-35.9241461048156,36.80991237930496,68.2376561164856
-35.9241461048156,36.80991237930496,68.2376561164856
-35.9241461048156,36.80991237930496,68.2376561164856
-35.9241461048156,36.80991237930496,68.2376561164856
-35.9241461048156,36.80991237930496,68.2376561164856
-35.9241461048156,36.80991237930496,68.2376561164856
-36.033098987203786,36.831017838755194,68.2376561164856
-36.033098987203786,36.831017838755194,68.2376561164856
-36.033098987203786,36.831017838755194,68.2376561164856
-36.033098987203786,36.831017838755194,68.2376561164856
-36.033098987203786,36.831017838755194,68.2376561164856
-36.033098987203786,36.831017838755194,68.2376561164856
-36.182120936498414,36.85946575611285,68.2376561164856
-36.182120936498414,36.85946575611285,68.2376561164856
-36.182120936498414,36.85946575611285,68.2376561164856
-36.182120936498414,36.85946575611285,68.2376561164856
-36.182120936498414,36.85946575611285,68.2376561164856
-36.182120936498414,36.85946575611285,68.2376561164856
-36.211661531616876,36.873113453051694,68.2376561164856
-36.211661531616876,36.873113453051694,68.2376561164856
-36.211661531616876,36.873113453051694,68.2376561164856
-36.211661531616876,36.873113453051694,68.2376561164856
-36.211661531616876,36.873113453051694,68.2376561164856
-36.211661531616876,36.873113453051694,68.2376561164856
-36.23241406046114,36.888024900240715,68.2376561164856
-36.23241406046114,36.888024900240715,68.2376561164856
-36.23241406046114,36.888024900240715,68.2376561164856
-36.23241406046114,36.888024900240715,68.2376561164856
-36.23241406046114,36.888024900240715,68.2376561164856
-36.23241406046114,36.888024900240715,68.2376561164856
-36.36272160418042,36.92186162515027,68.2376561164856
-36.36272160418042,36.92186162515027,68.2376561164856
-36.36272160418042,36.92186162515027,68.2376561164856
-36.36272160418042,36.92186162515027,68.2376561164856
-36.36272160418042,36.92186162515027,68.2376561164856
-36.36272160418042,36.92186162515027,68.2376561164856
-36.425579851155746,36.93953254444861,68.2376561164856
-36.425579851155746,36.93953254444861,68.2376561164856
-36.425579851155746,36.93953254444861,68.2376561164856
-36.425579851155746,36.93953254444861,68.2376561164856
-36.425579851155746,36.93953254444861,68.2376561164856
-36.425579851155746,36.93953254444861,68.2376561164856
-36.51342029014225,36.96443800138953,68.2376561164856
-36.51342029014225,36.96443800138953,68.2376561164856
-36.51342029014225,36.96443800138953,68.2376561164856
-36.51342029014225,36.96443800138953,68.2376561164856
-36.51342029014225,36.96443800138953,68.2376561164856
-36.51342029014225,36.96443800138953,68.2376561164856
-36.67208629147254,37.000387772355054,68.2376561164856
-36.67208629147254,37.000387772355054,68.2376561164856
-36.67208629147254,37.000387772355054,68.2376561164856
-36.67208629147254,37.000387772355054,68.2376561164856
-36.67208629147254,37.000387772355054,68.2376561164856
-36.67208629147254,37.000387772355054,68.2376561164856
-36.79693583776666,37.02923117655906,68.2376561164856
-36.79693583776666,37.02923117655906,68.2376561164856
-36.79693583776666,37.02923117655906,68.2376561164856
-36.79693583776666,37.02923117655906,68.2376561164856
-36.79693583776666,37.02923117655906,68.2376561164856
-36.79693583776666,37.02923117655906,68.2376561164856
-36.99106397027998,37.075057491067334,68.2376561164856
-36.99106397027998,37.075057491067334,68.2376561164856
-36.99106397027998,37.075057491067334,68.2376561164856
-36.99106397027998,37.075057491067334,68.2376561164856
-36.99106397027998,37.075057491067334,68.2376561164856
-36.99106397027998,37.075057491067334,68.2376561164856
-37.1248445727088,37.10785953917407,68.2376561164856
-37.1248445727088,37.10785953917407,68.2376561164856
-37.1248445727088,37.10785953917407,68.2376561164856
-37.1248445727088,37.10785953917407,68.2376561164856
-37.1248445727088,37.10785953917407,68.2376561164856
-37.1248445727088,37.10785953917407,68.2376561164856
-37.22576220841371,37.132121655076105,68.2376561164856
-37.22576220841371,37.132121655076105,68.2376561164856
-37.22576220841371,37.132121655076105,68.2376561164856
-37.22576220841371,37.132121655076105,68.2376561164856
-37.22576220841371,37.132121655076105,68.2376561164856
-37.22576220841371,37.132121655076105,68.2376561164856
-37.38449302170773,37.162740187361095,68.2376561164856
-37.38449302170773,37.162740187361095,68.2376561164856
-37.38449302170773,37.162740187361095,68.2376561164856
-37.38449302170773,37.162740187361095,68.2376561164856
-37.38449302170773,37.162740187361095,68.2376561164856
-37.49668419196328,37.18134360453143,68.2376561164856
-37.49668419196328,37.18134360453143,68.2376561164856
-37.49668419196328,37.18134360453143,68.2376561164856
-37.49668419196328,37.18134360453143,68.2376561164856
-37.49668419196328,37.18134360453143,68.2376561164856
-37.49668419196328,37.18134360453143,68.2376561164856
-37.608074042335566,37.202117305283124,68.2376561164856
-37.608074042335566,37.202117305283124,68.2376561164856
-37.608074042335566,37.202117305283124,68.2376561164856
-37.608074042335566,37.202117305283124,68.2376561164856
-37.608074042335566,37.202117305283124,68.2376561164856
-37.608074042335566,37.202117305283124,68.2376561164856
-37.79425938146582,37.237257771507544,68.2376561164856
-37.79425938146582,37.237257771507544,68.2376561164856
-37.79425938146582,37.237257771507544,68.2376561164856
-37.79425938146582,37.237257771507544,68.2376561164856
-37.79425938146582,37.237257771507544,68.2376561164856
-37.79425938146582,37.237257771507544,68.2376561164856
-37.91780678755823,37.26311841476218,68.2376561164856
-37.91780678755823,37.26311841476218,68.2376561164856
-37.91780678755823,37.26311841476218,68.2376561164856
-37.91780678755823,37.26311841476218,68.2376561164856
-37.91780678755823,37.26311841476218,68.2376561164856
-37.91780678755823,37.26311841476218,68.2376561164856
-38.02529296753717,37.28910121644248,68.2376561164856
-38.02529296753717,37.28910121644248,68.2376561164856
-38.02529296753717,37.28910121644248,68.2376561164856
-38.02529296753717,37.28910121644248,68.2376561164856
-38.02529296753717,37.28910121644248,68.2376561164856
-38.02529296753717,37.28910121644248,68.2376561164856
-38.21419947505455,37.32155946236993,68.2376561164856
-38.21419947505455,37.32155946236993,68.2376561164856
-38.21419947505455,37.32155946236993,68.2376561164856
-38.21419947505455,37.32155946236993,68.2376561164856
-38.21419947505455,37.32155946236993,68.2376561164856
-38.324482141828994,37.34246440431316,68.2376561164856
-38.324482141828994,37.34246440431316,68.2376561164856
-38.324482141828994,37.34246440431316,68.2376561164856
-38.324482141828994,37.34246440431316,68.2376561164856
-38.324482141828994,37.34246440431316,68.2376561164856
-38.324482141828994,37.34246440431316,68.2376561164856
-38.324482141828994,37.34246440431316,68.2376561164856
-38.4194196736596,37.35874931186159,68.2376561164856
-38.4194196736596,37.35874931186159,68.2376561164856
-38.4194196736596,37.35874931186159,68.2376561164856
-38.4194196736596,37.35874931186159,68.2376561164856
-38.4194196736596,37.35874931186159,68.2376561164856
-38.4194196736596,37.35874931186159,68.2376561164856
-38.4194196736596,37.35874931186159,68.2376561164856
-38.577006410629046,37.38628048560128,68.2376561164856
-38.577006410629046,37.38628048560128,68.2376561164856
-38.577006410629046,37.38628048560128,68.2376561164856
-38.577006410629046,37.38628048560128,68.2376561164856
-38.577006410629046,37.38628048560128,68.2376561164856
-38.577006410629046,37.38628048560128,68.2376561164856
-38.743292176510366,37.4190238650558,68.2376561164856
-38.743292176510366,37.4190238650558,68.2376561164856
-38.743292176510366,37.4190238650558,68.2376561164856
-38.743292176510366,37.4190238650558,68.2376561164856
-38.743292176510366,37.4190238650558,68.2376561164856
-38.743292176510366,37.4190238650558,68.2376561164856
-38.850440118157174,37.44077230618775,68.2376561164856
-38.850440118157174,37.44077230618775,68.2376561164856
-38.850440118157174,37.44077230618775,68.2376561164856
-38.850440118157174,37.44077230618775,68.2376561164856
-38.850440118157174,37.44077230618775,68.2376561164856
-38.850440118157174,37.44077230618775,68.2376561164856
-39.02947424391168,37.47343143266659,68.2376561164856
-39.02947424391168,37.47343143266659,68.2376561164856
-39.02947424391168,37.47343143266659,68.2376561164856
-39.02947424391168,37.47343143266659,68.2376561164856
-39.02947424391168,37.47343143266659,68.2376561164856
-39.02947424391168,37.47343143266659,68.2376561164856
-39.02947424391168,37.47343143266659,68.2376561164856
-39.16715767451943,37.494875285332185,68.2376561164856
-39.16715767451943,37.494875285332185,68.2376561164856
-39.16715767451943,37.494875285332185,68.2376561164856
-39.16715767451943,37.494875285332185,68.2376561164856
-39.16715767451943,37.494875285332185,68.2376561164856
-39.16715767451943,37.494875285332185,68.2376561164856
-39.34846079587014,37.52909039947928,68.2376561164856
-39.34846079587014,37.52909039947928,68.2376561164856
-39.34846079587014,37.52909039947928,68.2376561164856
-39.34846079587014,37.52909039947928,68.2376561164856
-39.34846079587014,37.52909039947928,68.2376561164856
-39.34846079587014,37.52909039947928,68.2376561164856
-39.34846079587014,37.52909039947928,68.2376561164856
-39.34846079587014,37.52909039947928,68.2376561164856
-39.34846079587014,37.52909039947928,68.2376561164856
-39.509476872193105,37.56365106069011,68.2376561164856
-39.509476872193105,37.56365106069011,68.2376561164856
-39.509476872193105,37.56365106069011,68.2376561164856
-39.509476872193105,37.56365106069011,68.2376561164856
-39.509476872193105,37.56365106069011,68.2376561164856
-39.509476872193105,37.56365106069011,68.2376561164856
-39.57440088506093,37.58303684955417,68.2376561164856
-39.57440088506093,37.58303684955417,68.2376561164856
-39.57440088506093,37.58303684955417,68.2376561164856
-39.57440088506093,37.58303684955417,68.2376561164856
-39.57440088506093,37.58303684955417,68.2376561164856
-39.57440088506093,37.58303684955417,68.2376561164856
-39.57440088506093,37.58303684955417,68.2376561164856
-39.69960494684846,37.61308074073959,68.2376561164856
-39.69960494684846,37.61308074073959,68.2376561164856
-39.69960494684846,37.61308074073959,68.2376561164856
-39.69960494684846,37.61308074073959,68.2376561164856
-39.69960494684846,37.61308074073959,68.2376561164856
-39.69960494684846,37.61308074073959,68.2376561164856
-39.834708797046986,37.63873754123678,68.2376561164856
-39.834708797046986,37.63873754123678,68.2376561164856
-39.834708797046986,37.63873754123678,68.2376561164856
-39.834708797046986,37.63873754123678,68.2376561164856
-39.834708797046986,37.63873754123678,68.2376561164856
-39.91173016476584,37.65954586230387,68.2376561164856
-39.91173016476584,37.65954586230387,68.2376561164856
-39.91173016476584,37.65954586230387,68.2376561164856
-39.91173016476584,37.65954586230387,68.2376561164856
-39.91173016476584,37.65954586230387,68.2376561164856
-39.91173016476584,37.65954586230387,68.2376561164856
-39.98596934503151,37.67306031212249,68.2376561164856
-39.98596934503151,37.67306031212249,68.2376561164856
-39.98596934503151,37.67306031212249,68.2376561164856
-39.98596934503151,37.67306031212249,68.2376561164856
-39.98596934503151,37.67306031212249,68.2376561164856
-40.16783883850157,37.70201301506269,68.2376561164856
-40.16783883850157,37.70201301506269,68.2376561164856
-40.16783883850157,37.70201301506269,68.2376561164856
-40.16783883850157,37.70201301506269,68.2376561164856
-40.16783883850157,37.70201301506269,68.2376561164856
-40.16783883850157,37.70201301506269,68.2376561164856
-40.281078348816564,37.7291316898922,68.2376561164856
-40.281078348816564,37.7291316898922,68.2376561164856
-40.281078348816564,37.7291316898922,68.2376561164856
-40.281078348816564,37.7291316898922,68.2376561164856
-40.281078348816564,37.7291316898922,68.2376561164856
-40.281078348816564,37.7291316898922,68.2376561164856
-40.37445757252788,37.7486610742076,68.2376561164856
-40.37445757252788,37.7486610742076,68.2376561164856
-40.37445757252788,37.7486610742076,68.2376561164856
-40.37445757252788,37.7486610742076,68.2376561164856
-40.37445757252788,37.7486610742076,68.2376561164856
-40.37445757252788,37.7486610742076,68.2376561164856
-40.37445757252788,37.7486610742076,68.2376561164856
-40.37445757252788,37.7486610742076,68.2376561164856
-40.37445757252788,37.7486610742076,68.2376561164856
-40.48961179206775,37.77272628748616,68.2376561164856
-40.48961179206775,37.77272628748616,68.2376561164856
-40.48961179206775,37.77272628748616,68.2376561164856
-40.48961179206775,37.77272628748616,68.2376561164856
-40.48961179206775,37.77272628748616,68.2376561164856
-40.48961179206775,37.77272628748616,68.2376561164856
-40.80083154812743,37.82277274598823,68.2376561164856
-40.80083154812743,37.82277274598823,68.2376561164856
-40.80083154812743,37.82277274598823,68.2376561164856
-40.80083154812743,37.82277274598823,68.2376561164856
-40.80083154812743,37.82277274598823,68.2376561164856
-40.80083154812743,37.82277274598823,68.2376561164856
-40.88483135155729,37.84263752769368,68.2376561164856
-40.88483135155729,37.84263752769368,68.2376561164856
-40.88483135155729,37.84263752769368,68.2376561164856
-40.88483135155729,37.84263752769368,68.2376561164856
-40.88483135155729,37.84263752769368,68.2376561164856
-40.88483135155729,37.84263752769368,68.2376561164856
-40.88483135155729,37.84263752769368,68.2376561164856
-40.9551320747764,37.85854113979071,68.2376561164856
-40.9551320747764,37.85854113979071,68.2376561164856
-40.9551320747764,37.85854113979071,68.2376561164856
-40.9551320747764,37.85854113979071,68.2376561164856
-40.9551320747764,37.85854113979071,68.2376561164856
-41.072052248734444,37.87981683288444,68.2376561164856
-41.072052248734444,37.87981683288444,68.2376561164856
-41.072052248734444,37.87981683288444,68.2376561164856
-41.072052248734444,37.87981683288444,68.2376561164856
-41.072052248734444,37.87981683288444,68.2376561164856
-41.072052248734444,37.87981683288444,68.2376561164856
-41.072052248734444,37.87981683288444,68.2376561164856
-41.114665697614484,37.8945815661943,68.2376561164856
-41.114665697614484,37.8945815661943,68.2376561164856
-41.114665697614484,37.8945815661943,68.2376561164856
-41.114665697614484,37.8945815661943,68.2376561164856
-41.114665697614484,37.8945815661943,68.2376561164856
-41.25318561570622,37.90322142642688,68.2376561164856
-41.25318561570622,37.90322142642688,68.2376561164856
-41.25318561570622,37.90322142642688,68.2376561164856
-41.25318561570622,37.90322142642688,68.2376561164856
-41.25318561570622,37.90322142642688,68.2376561164856
-41.25318561570622,37.90322142642688,68.2376561164856
-41.31114673937738,37.911578420454276,68.2376561164856
-41.31114673937738,37.911578420454276,68.2376561164856
-41.31114673937738,37.911578420454276,68.2376561164856
-41.31114673937738,37.911578420454276,68.2376561164856
-41.31114673937738,37.911578420454276,68.2376561164856
-41.34691657051282,37.91776601601298,68.2376561164856
-41.34691657051282,37.91776601601298,68.2376561164856
-41.34691657051282,37.91776601601298,68.2376561164856
-41.34691657051282,37.91776601601298,68.2376561164856
-41.34691657051282,37.91776601601298,68.2376561164856
-41.34691657051282,37.91776601601298,68.2376561164856
-41.3997431348603,37.92591353529059,68.2376561164856
-41.3997431348603,37.92591353529059,68.2376561164856
-41.3997431348603,37.92591353529059,68.2376561164856
-41.3997431348603,37.92591353529059,68.2376561164856
-41.3997431348603,37.92591353529059,68.2376561164856
-41.3997431348603,37.92591353529059,68.2376561164856
-41.504782300924106,37.93488797452224,68.2376561164856
-41.504782300924106,37.93488797452224,68.2376561164856
-41.504782300924106,37.93488797452224,68.2376561164856
-41.504782300924106,37.93488797452224,68.2376561164856
-41.504782300924106,37.93488797452224,68.2376561164856
-41.5740515769867,37.93926662885814,68.2376561164856
-41.5740515769867,37.93926662885814,68.2376561164856
-41.5740515769867,37.93926662885814,68.2376561164856
-41.5740515769867,37.93926662885814,68.2376561164856
-41.5740515769867,37.93926662885814,68.2376561164856
-41.659728577688774,37.9425623887898,68.2376561164856
-41.659728577688774,37.9425623887898,68.2376561164856
-41.659728577688774,37.9425623887898,68.2376561164856
-41.659728577688774,37.9425623887898,68.2376561164856
-41.659728577688774,37.9425623887898,68.2376561164856
-41.659728577688774,37.9425623887898,68.2376561164856
-41.659728577688774,37.9425623887898,68.2376561164856
-41.75276956800131,37.952370983153266,68.2376561164856
-41.75276956800131,37.952370983153266,68.2376561164856
-41.75276956800131,37.952370983153266,68.2376561164856
-41.75276956800131,37.952370983153266,68.2376561164856
-41.75276956800131,37.952370983153266,68.2376561164856
-41.89295230341202,37.96632885013209,68.2376561164856
-41.89295230341202,37.96632885013209,68.2376561164856
-41.89295230341202,37.96632885013209,68.2376561164856
-41.89295230341202,37.96632885013209,68.2376561164856
-41.89295230341202,37.96632885013209,68.2376561164856
-41.89295230341202,37.96632885013209,68.2376561164856
-41.97075929670916,37.97721604127204,68.2376561164856
-41.97075929670916,37.97721604127204,68.2376561164856
-41.97075929670916,37.97721604127204,68.2376561164856
-41.97075929670916,37.97721604127204,68.2376561164856
-41.97075929670916,37.97721604127204,68.2376561164856
-41.97075929670916,37.97721604127204,68.2376561164856
-42.06960583143525,37.982999284118705,68.2376561164856
-42.06960583143525,37.982999284118705,68.2376561164856
-42.06960583143525,37.982999284118705,68.2376561164856
-42.06960583143525,37.982999284118705,68.2376561164856
-42.06960583143525,37.982999284118705,68.2376561164856
-42.23502639323466,37.98690601769816,68.2376561164856
-42.23502639323466,37.98690601769816,68.2376561164856
-42.23502639323466,37.98690601769816,68.2376561164856
-42.23502639323466,37.98690601769816,68.2376561164856
-42.23502639323466,37.98690601769816,68.2376561164856
-42.23502639323466,37.98690601769816,68.2376561164856
-42.3446957684453,37.99002349902358,68.2376561164856
-42.3446957684453,37.99002349902358,68.2376561164856
-42.3446957684453,37.99002349902358,68.2376561164856
-42.3446957684453,37.99002349902358,68.2376561164856
-42.3446957684453,37.99002349902358,68.2376561164856
-42.45826845267394,37.99127676847495,68.2376561164856
-42.45826845267394,37.99127676847495,68.2376561164856
-42.45826845267394,37.99127676847495,68.2376561164856
-42.45826845267394,37.99127676847495,68.2376561164856
-42.45826845267394,37.99127676847495,68.2376561164856
-42.45826845267394,37.99127676847495,68.2376561164856
-42.58492545423477,37.99016626050506,68.2376561164856
-42.58492545423477,37.99016626050506,68.2376561164856
-42.58492545423477,37.99016626050506,68.2376561164856
-42.58492545423477,37.99016626050506,68.2376561164856
-42.58492545423477,37.99016626050506,68.2376561164856
-42.58492545423477,37.99016626050506,68.2376561164856
-42.77964174529336,37.98149254952901,68.2376561164856
-42.77964174529336,37.98149254952901,68.2376561164856
-42.77964174529336,37.98149254952901,68.2376561164856
-42.77964174529336,37.98149254952901,68.2376561164856
-42.77964174529336,37.98149254952901,68.2376561164856
-42.77964174529336,37.98149254952901,68.2376561164856
-42.90394209574747,37.973919654150826,68.2376561164856
-42.90394209574747,37.973919654150826,68.2376561164856
-42.90394209574747,37.973919654150826,68.2376561164856
-42.90394209574747,37.973919654150826,68.2376561164856
-42.90394209574747,37.973919654150826,68.2376561164856
-42.90394209574747,37.973919654150826,68.2376561164856
-42.90394209574747,37.973919654150826,68.2376561164856
-42.90394209574747,37.973919654150826,68.2376561164856
-42.90394209574747,37.973919654150826,68.2376561164856
-42.90394209574747,37.973919654150826,68.2376561164856
-43.02755923545384,37.96711510681212,68.2376561164856
-43.02755923545384,37.96711510681212,68.2376561164856
-43.02755923545384,37.96711510681212,68.2376561164856
-43.02755923545384,37.96711510681212,68.2376561164856
-43.02755923545384,37.96711510681212,68.2376561164856
-43.02755923545384,37.96711510681212,68.2376561164856
-43.02755923545384,37.96711510681212,68.2376561164856
-43.02755923545384,37.96711510681212,68.2376561164856
-43.30232930533483,37.933216992205296,68.2376561164856
-43.30232930533483,37.933216992205296,68.2376561164856
-43.30232930533483,37.933216992205296,68.2376561164856
-43.30232930533483,37.933216992205296,68.2376561164856
-43.30232930533483,37.933216992205296,68.2376561164856
-43.30232930533483,37.933216992205296,68.2376561164856
-43.57106689044733,37.87562215152185,68.2376561164856
-43.57106689044733,37.87562215152185,68.2376561164856
-43.57106689044733,37.87562215152185,68.2376561164856
-43.57106689044733,37.87562215152185,68.2376561164856
-43.57106689044733,37.87562215152185,68.2376561164856
-43.57106689044733,37.87562215152185,68.2376561164856
-43.71163527655449,37.84339575048314,68.2376561164856
-43.71163527655449,37.84339575048314,68.2376561164856
-43.71163527655449,37.84339575048314,68.2376561164856
-43.71163527655449,37.84339575048314,68.2376561164856
-43.71163527655449,37.84339575048314,68.2376561164856
-43.71163527655449,37.84339575048314,68.2376561164856
-43.83503288570975,37.81411258141671,68.2376561164856
-43.83503288570975,37.81411258141671,68.2376561164856
-43.83503288570975,37.81411258141671,68.2376561164856
-43.83503288570975,37.81411258141671,68.2376561164856
-43.83503288570975,37.81411258141671,68.2376561164856
-43.83503288570975,37.81411258141671,68.2376561164856
-43.83503288570975,37.81411258141671,68.2376561164856
-44.03484110573388,37.759848950516165,68.2376561164856
-44.03484110573388,37.759848950516165,68.2376561164856
-44.03484110573388,37.759848950516165,68.2376561164856
-44.03484110573388,37.759848950516165,68.2376561164856
-44.03484110573388,37.759848950516165,68.2376561164856
-44.03484110573388,37.759848950516165,68.2376561164856
-44.03484110573388,37.759848950516165,68.2376561164856
-44.241582596755705,37.69221834374365,68.2376561164856
-44.241582596755705,37.69221834374365,68.2376561164856
-44.241582596755705,37.69221834374365,68.2376561164856
-44.241582596755705,37.69221834374365,68.2376561164856
-44.241582596755705,37.69221834374365,68.2376561164856
-44.36631812195753,37.65479506328201,68.2376561164856
-44.36631812195753,37.65479506328201,68.2376561164856
-44.36631812195753,37.65479506328201,68.2376561164856
-44.36631812195753,37.65479506328201,68.2376561164856
-44.36631812195753,37.65479506328201,68.2376561164856
-44.36631812195753,37.65479506328201,68.2376561164856
-44.49836953769225,37.606347342827036,68.2376561164856
-44.49836953769225,37.606347342827036,68.2376561164856
-44.49836953769225,37.606347342827036,68.2376561164856
-44.49836953769225,37.606347342827036,68.2376561164856
-44.49836953769225,37.606347342827036,68.2376561164856
-44.49836953769225,37.606347342827036,68.2376561164856
-44.49836953769225,37.606347342827036,68.2376561164856
-44.49836953769225,37.606347342827036,68.2376561164856
-44.49836953769225,37.606347342827036,68.2376561164856
-44.7118872304193,37.52454095876527,68.2376561164856
-44.7118872304193,37.52454095876527,68.2376561164856
-44.7118872304193,37.52454095876527,68.2376561164856
-44.7118872304193,37.52454095876527,68.2376561164856
-44.7118872304193,37.52454095876527,68.2376561164856
-44.7118872304193,37.52454095876527,68.2376561164856
-44.7118872304193,37.52454095876527,68.2376561164856
-44.7118872304193,37.52454095876527,68.2376561164856
-44.7118872304193,37.52454095876527,68.2376561164856
-44.966065878090305,37.41015575399412,68.2376561164856
-44.966065878090305,37.41015575399412,68.2376561164856
-44.966065878090305,37.41015575399412,68.2376561164856
-44.966065878090305,37.41015575399412,68.2376561164856
-44.966065878090305,37.41015575399412,68.2376561164856
-44.966065878090305,37.41015575399412,68.2376561164856
-44.966065878090305,37.41015575399412,68.2376561164856
-44.966065878090305,37.41015575399412,68.2376561164856
-45.155187458736634,37.31836709998496,68.2376561164856
-45.155187458736634,37.31836709998496,68.2376561164856
-45.155187458736634,37.31836709998496,68.2376561164856
-45.155187458736634,37.31836709998496,68.2376561164856
-45.155187458736634,37.31836709998496,68.2376561164856
-45.155187458736634,37.31836709998496,68.2376561164856
-45.155187458736634,37.31836709998496,68.2376561164856
-45.155187458736634,37.31836709998496,68.2376561164856
-45.155187458736634,37.31836709998496,68.2376561164856
-45.330754696267235,37.22814417957867,68.2376561164856
-45.330754696267235,37.22814417957867,68.2376561164856
-45.330754696267235,37.22814417957867,68.2376561164856
-45.330754696267235,37.22814417957867,68.2376561164856
-45.330754696267235,37.22814417957867,68.2376561164856
-45.330754696267235,37.22814417957867,68.2376561164856
-45.330754696267235,37.22814417957867,68.2376561164856
-45.330754696267235,37.22814417957867,68.2376561164856
-45.330754696267235,37.22814417957867,68.2376561164856
-45.593221116265106,37.07290625574627,68.2376561164856
-45.593221116265106,37.07290625574627,68.2376561164856
-45.593221116265106,37.07290625574627,68.2376561164856
-45.593221116265106,37.07290625574627,68.2376561164856
-45.593221116265106,37.07290625574627,68.2376561164856
-45.593221116265106,37.07290625574627,68.2376561164856
-45.593221116265106,37.07290625574627,68.2376561164856
-45.593221116265106,37.07290625574627,68.2376561164856
-45.78364124104322,36.95680155621413,68.2376561164856
-45.78364124104322,36.95680155621413,68.2376561164856
-45.78364124104322,36.95680155621413,68.2376561164856
-45.78364124104322,36.95680155621413,68.2376561164856
-45.78364124104322,36.95680155621413,68.2376561164856
-45.78364124104322,36.95680155621413,68.2376561164856
-45.78364124104322,36.95680155621413,68.2376561164856
-45.78364124104322,36.95680155621413,68.2376561164856
-45.78364124104322,36.95680155621413,68.2376561164856
-46.04666168790231,36.76867489115424,68.2376561164856
-46.04666168790231,36.76867489115424,68.2376561164856
-46.04666168790231,36.76867489115424,68.2376561164856
-46.04666168790231,36.76867489115424,68.2376561164856
-46.04666168790231,36.76867489115424,68.2376561164856
-46.04666168790231,36.76867489115424,68.2376561164856
-46.04666168790231,36.76867489115424,68.2376561164856
-46.04666168790231,36.76867489115424,68.2376561164856
-46.04666168790231,36.76867489115424,68.2376561164856
-46.23040358336341,36.634975465432014,68.2376561164856
-46.23040358336341,36.634975465432014,68.2376561164856
-46.23040358336341,36.634975465432014,68.2376561164856
-46.23040358336341,36.634975465432014,68.2376561164856
-46.23040358336341,36.634975465432014,68.2376561164856
-46.23040358336341,36.634975465432014,68.2376561164856
-46.23040358336341,36.634975465432014,68.2376561164856
-46.23040358336341,36.634975465432014,68.2376561164856
-46.23040358336341,36.634975465432014,68.2376561164856
-46.477261003463106,36.43517464248424,68.2376561164856
-46.477261003463106,36.43517464248424,68.2376561164856
-46.477261003463106,36.43517464248424,68.2376561164856
-46.477261003463106,36.43517464248424,68.2376561164856
-46.477261003463106,36.43517464248424,68.2376561164856
-46.477261003463106,36.43517464248424,68.2376561164856
-46.477261003463106,36.43517464248424,68.2376561164856
-46.65668366861603,36.280075532160105,68.2376561164856
-46.65668366861603,36.280075532160105,68.2376561164856
-46.65668366861603,36.280075532160105,68.2376561164856
-46.65668366861603,36.280075532160105,68.2376561164856
-46.65668366861603,36.280075532160105,68.2376561164856
-46.65668366861603,36.280075532160105,68.2376561164856
-46.82801383810418,36.123390876510676,68.2376561164856
-46.82801383810418,36.123390876510676,68.2376561164856
-46.82801383810418,36.123390876510676,68.2376561164856
-46.82801383810418,36.123390876510676,68.2376561164856
-46.82801383810418,36.123390876510676,68.2376561164856
-47.00985025901788,35.94005392895735,68.2376561164856
-47.00985025901788,35.94005392895735,68.2376561164856
-47.00985025901788,35.94005392895735,68.2376561164856
-47.00985025901788,35.94005392895735,68.2376561164856
-47.00985025901788,35.94005392895735,68.2376561164856
-47.00985025901788,35.94005392895735,68.2376561164856
-47.12470866285282,35.83665605768995,68.2376561164856
-47.12470866285282,35.83665605768995,68.2376561164856
-47.12470866285282,35.83665605768995,68.2376561164856
-47.12470866285282,35.83665605768995,68.2376561164856
-47.12470866285282,35.83665605768995,68.2376561164856
-47.12470866285282,35.83665605768995,68.2376561164856
-47.25622777964547,35.696127850620655,68.2376561164856
-47.25622777964547,35.696127850620655,68.2376561164856
-47.25622777964547,35.696127850620655,68.2376561164856
-47.25622777964547,35.696127850620655,68.2376561164856
-47.25622777964547,35.696127850620655,68.2376561164856
-47.25622777964547,35.696127850620655,68.2376561164856
-47.25622777964547,35.696127850620655,68.2376561164856
-47.367488357718386,35.556105324062045,68.2376561164856
-47.367488357718386,35.556105324062045,68.2376561164856
-47.367488357718386,35.556105324062045,68.2376561164856
-47.367488357718386,35.556105324062045,68.2376561164856
-47.367488357718386,35.556105324062045,68.2376561164856
-47.367488357718386,35.556105324062045,68.2376561164856
-47.367488357718386,35.556105324062045,68.2376561164856
-47.51380628634129,35.358692017103486,68.2376561164856
-47.51380628634129,35.358692017103486,68.2376561164856
-47.51380628634129,35.358692017103486,68.2376561164856
-47.51380628634129,35.358692017103486,68.2376561164856
-47.51380628634129,35.358692017103486,68.2376561164856
-47.67182762024591,35.12972031560204,68.2376561164856
-47.67182762024591,35.12972031560204,68.2376561164856
-47.67182762024591,35.12972031560204,68.2376561164856
-47.67182762024591,35.12972031560204,68.2376561164856
-47.67182762024591,35.12972031560204,68.2376561164856
-47.67182762024591,35.12972031560204,68.2376561164856
-47.78589535752903,34.968623550823324,68.2376561164856
-47.78589535752903,34.968623550823324,68.2376561164856
-47.78589535752903,34.968623550823324,68.2376561164856
-47.78589535752903,34.968623550823324,68.2376561164856
-47.78589535752903,34.968623550823324,68.2376561164856
-47.78589535752903,34.968623550823324,68.2376561164856
-47.78589535752903,34.968623550823324,68.2376561164856
-47.78589535752903,34.968623550823324,68.2376561164856
-47.87781949286058,34.81945169578279,68.2376561164856
-47.87781949286058,34.81945169578279,68.2376561164856
-47.87781949286058,34.81945169578279,68.2376561164856
-47.87781949286058,34.81945169578279,68.2376561164856
-47.87781949286058,34.81945169578279,68.2376561164856
-47.87781949286058,34.81945169578279,68.2376561164856
-48.05037733422252,34.502914490937584,68.2376561164856
-48.05037733422252,34.502914490937584,68.2376561164856
-48.05037733422252,34.502914490937584,68.2376561164856
-48.05037733422252,34.502914490937584,68.2376561164856
-48.05037733422252,34.502914490937584,68.2376561164856
-48.05037733422252,34.502914490937584,68.2376561164856
-48.14605964992039,34.3202356068369,68.2376561164856
-48.14605964992039,34.3202356068369,68.2376561164856
-48.14605964992039,34.3202356068369,68.2376561164856
-48.14605964992039,34.3202356068369,68.2376561164856
-48.14605964992039,34.3202356068369,68.2376561164856
-48.14605964992039,34.3202356068369,68.2376561164856
-48.14605964992039,34.3202356068369,68.2376561164856
-48.14605964992039,34.3202356068369,68.2376561164856
-48.234460390012444,34.14575671249712,68.2376561164856
-48.234460390012444,34.14575671249712,68.2376561164856
-48.234460390012444,34.14575671249712,68.2376561164856
-48.234460390012444,34.14575671249712,68.2376561164856
-48.234460390012444,34.14575671249712,68.2376561164856
-48.234460390012444,34.14575671249712,68.2376561164856
-48.234460390012444,34.14575671249712,68.2376561164856
-48.3571331060093,33.80747443025782,68.2376561164856
-48.3571331060093,33.80747443025782,68.2376561164856
-48.3571331060093,33.80747443025782,68.2376561164856
-48.3571331060093,33.80747443025782,68.2376561164856
-48.3571331060093,33.80747443025782,68.2376561164856
-48.3571331060093,33.80747443025782,68.2376561164856
-48.42744604609074,33.6263575190385,68.2376561164856
-48.42744604609074,33.6263575190385,68.2376561164856
-48.42744604609074,33.6263575190385,68.2376561164856
-48.42744604609074,33.6263575190385,68.2376561164856
-48.42744604609074,33.6263575190385,68.2376561164856
-48.42744604609074,33.6263575190385,68.2376561164856
-48.50920094043168,33.38135373562689,68.2376561164856
-48.50920094043168,33.38135373562689,68.2376561164856
-48.50920094043168,33.38135373562689,68.2376561164856
-48.50920094043168,33.38135373562689,68.2376561164856
-48.50920094043168,33.38135373562689,68.2376561164856
-48.50920094043168,33.38135373562689,68.2376561164856
-48.563697318065074,33.22339408931225,68.2376561164856
-48.563697318065074,33.22339408931225,68.2376561164856
-48.563697318065074,33.22339408931225,68.2376561164856
-48.563697318065074,33.22339408931225,68.2376561164856
-48.563697318065074,33.22339408931225,68.2376561164856
-48.563697318065074,33.22339408931225,68.2376561164856
-48.62499989910323,32.96520309236224,68.2376561164856
-48.62499989910323,32.96520309236224,68.2376561164856
-48.62499989910323,32.96520309236224,68.2376561164856
-48.62499989910323,32.96520309236224,68.2376561164856
-48.62499989910323,32.96520309236224,68.2376561164856
-48.62499989910323,32.96520309236224,68.2376561164856
-48.67136950312152,32.788875065132316,68.2376561164856
-48.67136950312152,32.788875065132316,68.2376561164856
-48.67136950312152,32.788875065132316,68.2376561164856
-48.67136950312152,32.788875065132316,68.2376561164856
-48.67136950312152,32.788875065132316,68.2376561164856
-48.67136950312152,32.788875065132316,68.2376561164856
-48.70181388149255,32.632205358649394,68.2376561164856
-48.70181388149255,32.632205358649394,68.2376561164856
-48.70181388149255,32.632205358649394,68.2376561164856
-48.70181388149255,32.632205358649394,68.2376561164856
-48.70181388149255,32.632205358649394,68.2376561164856
-48.74239883433251,32.34211728309989,68.2376561164856
-48.74239883433251,32.34211728309989,68.2376561164856
-48.74239883433251,32.34211728309989,68.2376561164856
-48.74239883433251,32.34211728309989,68.2376561164856
-48.74239883433251,32.34211728309989,68.2376561164856
-48.74239883433251,32.34211728309989,68.2376561164856
-48.77641126296121,32.07935148737065,68.2376561164856
-48.77641126296121,32.07935148737065,68.2376561164856
-48.77641126296121,32.07935148737065,68.2376561164856
-48.77641126296121,32.07935148737065,68.2376561164856
-48.77641126296121,32.07935148737065,68.2376561164856
-48.77641126296121,32.07935148737065,68.2376561164856
-48.77641126296121,32.07935148737065,68.2376561164856
-48.79854467078239,31.68084200676174,68.2376561164856
-48.79854467078239,31.68084200676174,68.2376561164856
-48.79854467078239,31.68084200676174,68.2376561164856
-48.79854467078239,31.68084200676174,68.2376561164856
-48.79854467078239,31.68084200676174,68.2376561164856
-48.79854467078239,31.68084200676174,68.2376561164856
-48.81539502258798,31.299348047259603,68.2376561164856
-48.81539502258798,31.299348047259603,68.2376561164856
-48.81539502258798,31.299348047259603,68.2376561164856
-48.81539502258798,31.299348047259603,68.2376561164856
-48.81539502258798,31.299348047259603,68.2376561164856
-48.81539502258798,31.299348047259603,68.2376561164856
-48.81772610976755,31.01024109580357,68.2376561164856
-48.81772610976755,31.01024109580357,68.2376561164856
-48.81772610976755,31.01024109580357,68.2376561164856
-48.81772610976755,31.01024109580357,68.2376561164856
-48.81772610976755,31.01024109580357,68.2376561164856
-48.81772610976755,31.01024109580357,68.2376561164856
-48.801213222472484,30.727309153412516,68.2376561164856
-48.801213222472484,30.727309153412516,68.2376561164856
-48.801213222472484,30.727309153412516,68.2376561164856
-48.801213222472484,30.727309153412516,68.2376561164856
-48.801213222472484,30.727309153412516,68.2376561164856
-48.78833051493081,30.54093144337245,68.2376561164856
-48.78833051493081,30.54093144337245,68.2376561164856
-48.78833051493081,30.54093144337245,68.2376561164856
-48.78833051493081,30.54093144337245,68.2376561164856
-48.78833051493081,30.54093144337245,68.2376561164856
-48.78833051493081,30.54093144337245,68.2376561164856
-48.776796741366184,30.360866204503072,68.2376561164856
-48.776796741366184,30.360866204503072,68.2376561164856
-48.776796741366184,30.360866204503072,68.2376561164856
-48.776796741366184,30.360866204503072,68.2376561164856
-48.776796741366184,30.360866204503072,68.2376561164856
-48.72570319886763,30.109466878592073,68.2376561164856
-48.72570319886763,30.109466878592073,68.2376561164856
-48.72570319886763,30.109466878592073,68.2376561164856
-48.72570319886763,30.109466878592073,68.2376561164856
-48.72570319886763,30.109466878592073,68.2376561164856
-48.72570319886763,30.109466878592073,68.2376561164856
-48.72254161109602,29.937085629332408,68.2376561164856
-48.72254161109602,29.937085629332408,68.2376561164856
-48.72254161109602,29.937085629332408,68.2376561164856
-48.72254161109602,29.937085629332408,68.2376561164856
-48.72254161109602,29.937085629332408,68.2376561164856
-48.72254161109602,29.937085629332408,68.2376561164856
-48.690604383534094,29.772558206961783,68.2376561164856
-48.690604383534094,29.772558206961783,68.2376561164856
-48.690604383534094,29.772558206961783,68.2376561164856
-48.690604383534094,29.772558206961783,68.2376561164856
-48.690604383534094,29.772558206961783,68.2376561164856
-48.68465071426289,29.61555536096958,68.2376561164856
-48.68465071426289,29.61555536096958,68.2376561164856
-48.68465071426289,29.61555536096958,68.2376561164856
-48.68465071426289,29.61555536096958,68.2376561164856
-48.68465071426289,29.61555536096958,68.2376561164856
-48.68465071426289,29.61555536096958,68.2376561164856
-48.68465071426289,29.61555536096958,68.2376561164856
-48.64351933836836,29.454640043424735,68.2376561164856
-48.64351933836836,29.454640043424735,68.2376561164856
-48.64351933836836,29.454640043424735,68.2376561164856
-48.64351933836836,29.454640043424735,68.2376561164856
-48.64351933836836,29.454640043424735,68.2376561164856
-48.64351933836836,29.454640043424735,68.2376561164856
-48.64351933836836,29.454640043424735,68.2376561164856
-48.56976437731362,29.16365922249889,68.2376561164856
-48.56976437731362,29.16365922249889,68.2376561164856
-48.56976437731362,29.16365922249889,68.2376561164856
-48.56976437731362,29.16365922249889,68.2376561164856
-48.56976437731362,29.16365922249889,68.2376561164856
-48.56976437731362,29.16365922249889,68.2376561164856
-48.56976437731362,29.16365922249889,68.2376561164856
-48.50829369015194,29.027226412681706,68.2376561164856
-48.50829369015194,29.027226412681706,68.2376561164856
-48.50829369015194,29.027226412681706,68.2376561164856
-48.50829369015194,29.027226412681706,68.2376561164856
-48.50829369015194,29.027226412681706,68.2376561164856
-48.50829369015194,29.027226412681706,68.2376561164856
-48.40186050371291,28.82353581425015,68.2376561164856
-48.40186050371291,28.82353581425015,68.2376561164856
-48.40186050371291,28.82353581425015,68.2376561164856
-48.40186050371291,28.82353581425015,68.2376561164856
-48.40186050371291,28.82353581425015,68.2376561164856
-48.40186050371291,28.82353581425015,68.2376561164856
-48.296936444956955,28.703525642224356,68.2376561164856
-48.296936444956955,28.703525642224356,68.2376561164856
-48.296936444956955,28.703525642224356,68.2376561164856
-48.296936444956955,28.703525642224356,68.2376561164856
-48.296936444956955,28.703525642224356,68.2376561164856
-48.296936444956955,28.703525642224356,68.2376561164856
-48.296936444956955,28.703525642224356,68.2376561164856
-48.14333995940001,28.528951864753253,68.2376561164856
-48.14333995940001,28.528951864753253,68.2376561164856
-48.14333995940001,28.528951864753253,68.2376561164856
-48.14333995940001,28.528951864753253,68.2376561164856
-48.14333995940001,28.528951864753253,68.2376561164856
-48.14333995940001,28.528951864753253,68.2376561164856
-48.14333995940001,28.528951864753253,68.2376561164856
-47.9836183290871,28.350573020225198,68.2376561164856
-47.9836183290871,28.350573020225198,68.2376561164856
-47.9836183290871,28.350573020225198,68.2376561164856
-47.9836183290871,28.350573020225198,68.2376561164856
-47.9836183290871,28.350573020225198,68.2376561164856
-47.9836183290871,28.350573020225198,68.2376561164856
-47.88265567057498,28.24631418788365,68.2376561164856
-47.88265567057498,28.24631418788365,68.2376561164856
-47.88265567057498,28.24631418788365,68.2376561164856
-47.88265567057498,28.24631418788365,68.2376561164856
-47.88265567057498,28.24631418788365,68.2376561164856
-47.88265567057498,28.24631418788365,68.2376561164856
-47.88265567057498,28.24631418788365,68.2376561164856
-47.88265567057498,28.24631418788365,68.2376561164856
-47.770913095638015,28.085679635225794,68.2376561164856
-47.770913095638015,28.085679635225794,68.2376561164856
-47.770913095638015,28.085679635225794,68.2376561164856
-47.770913095638015,28.085679635225794,68.2376561164856
-47.770913095638015,28.085679635225794,68.2376561164856
-47.770913095638015,28.085679635225794,68.2376561164856
-47.770913095638015,28.085679635225794,68.2376561164856
-47.770913095638015,28.085679635225794,68.2376561164856
-47.770913095638015,28.085679635225794,68.2376561164856
-47.770913095638015,28.085679635225794,68.2376561164856
-47.770913095638015,28.085679635225794,68.2376561164856
-47.60213213780463,27.92553267331973,68.2376561164856
-47.60213213780463,27.92553267331973,68.2376561164856
-47.60213213780463,27.92553267331973,68.2376561164856
-47.60213213780463,27.92553267331973,68.2376561164856
-47.60213213780463,27.92553267331973,68.2376561164856
-47.446247065143204,27.72355686599141,68.2376561164856
-47.446247065143204,27.72355686599141,68.2376561164856
-47.446247065143204,27.72355686599141,68.2376561164856
-47.446247065143204,27.72355686599141,68.2376561164856
-47.446247065143204,27.72355686599141,68.2376561164856
-47.446247065143204,27.72355686599141,68.2376561164856
-47.3573655523055,27.645187034565136,68.2376561164856
-47.3573655523055,27.645187034565136,68.2376561164856
-47.3573655523055,27.645187034565136,68.2376561164856
-47.3573655523055,27.645187034565136,68.2376561164856
-47.3573655523055,27.645187034565136,68.2376561164856
-47.3573655523055,27.645187034565136,68.2376561164856
-47.3573655523055,27.645187034565136,68.2376561164856
-47.21913217657218,27.536028844599393,68.2376561164856
-47.21913217657218,27.536028844599393,68.2376561164856
-47.21913217657218,27.536028844599393,68.2376561164856
-47.21913217657218,27.536028844599393,68.2376561164856
-47.21913217657218,27.536028844599393,68.2376561164856
-47.21913217657218,27.536028844599393,68.2376561164856
-47.16649863254212,27.454794185211842,68.2376561164856
-47.16649863254212,27.454794185211842,68.2376561164856
-47.16649863254212,27.454794185211842,68.2376561164856
-47.16649863254212,27.454794185211842,68.2376561164856
-47.16649863254212,27.454794185211842,68.2376561164856
-47.16649863254212,27.454794185211842,68.2376561164856
-47.046650938462214,27.3566368045398,68.2376561164856
-47.046650938462214,27.3566368045398,68.2376561164856
-47.046650938462214,27.3566368045398,68.2376561164856
-47.046650938462214,27.3566368045398,68.2376561164856
-47.046650938462214,27.3566368045398,68.2376561164856
-47.046650938462214,27.3566368045398,68.2376561164856
-46.99682298887619,27.286016794046652,68.2376561164856
-46.99682298887619,27.286016794046652,68.2376561164856
-46.99682298887619,27.286016794046652,68.2376561164856
-46.99682298887619,27.286016794046652,68.2376561164856
-46.99682298887619,27.286016794046652,68.2376561164856
-46.99682298887619,27.286016794046652,68.2376561164856
-46.90619085099958,27.183289308767698,68.2376561164856
-46.90619085099958,27.183289308767698,68.2376561164856
-46.90619085099958,27.183289308767698,68.2376561164856
-46.90619085099958,27.183289308767698,68.2376561164856
-46.90619085099958,27.183289308767698,68.2376561164856
-46.86196176092449,27.097315969577853,68.2376561164856
-46.86196176092449,27.097315969577853,68.2376561164856
-46.86196176092449,27.097315969577853,68.2376561164856
-46.86196176092449,27.097315969577853,68.2376561164856
-46.86196176092449,27.097315969577853,68.2376561164856
-46.86196176092449,27.097315969577853,68.2376561164856
-46.83536895752135,27.007274563844202,68.2376561164856
-46.83536895752135,27.007274563844202,68.2376561164856
-46.83536895752135,27.007274563844202,68.2376561164856
-46.83536895752135,27.007274563844202,68.2376561164856
-46.83536895752135,27.007274563844202,68.2376561164856
-46.83536895752135,27.007274563844202,68.2376561164856
-46.76306280502341,26.943012787386248,68.2376561164856
-46.76306280502341,26.943012787386248,68.2376561164856
-46.76306280502341,26.943012787386248,68.2376561164856
-46.76306280502341,26.943012787386248,68.2376561164856
-46.76306280502341,26.943012787386248,68.2376561164856
-46.68456955696368,26.80860791790811,68.2376561164856
-46.68456955696368,26.80860791790811,68.2376561164856
-46.68456955696368,26.80860791790811,68.2376561164856
-46.68456955696368,26.80860791790811,68.2376561164856
-46.68456955696368,26.80860791790811,68.2376561164856
-46.68456955696368,26.80860791790811,68.2376561164856
-46.68456955696368,26.80860791790811,68.2376561164856
-46.68456955696368,26.80860791790811,68.2376561164856
-46.68456955696368,26.80860791790811,68.2376561164856
-46.68456955696368,26.80860791790811,68.2376561164856
-46.68456955696368,26.80860791790811,68.2376561164856
-46.68456955696368,26.80860791790811,68.2376561164856
-46.68456955696368,26.80860791790811,68.2376561164856
-46.61953756012329,26.702304341076836,68.2376561164856
-46.61953756012329,26.702304341076836,68.2376561164856
-46.61953756012329,26.702304341076836,68.2376561164856
-46.61953756012329,26.702304341076836,68.2376561164856
-46.61953756012329,26.702304341076836,68.2376561164856
-46.61953756012329,26.702304341076836,68.2376561164856
-46.61953756012329,26.702304341076836,68.2376561164856
-46.61953756012329,26.702304341076836,68.2376561164856
-46.61953756012329,26.702304341076836,68.2376561164856
-46.61953756012329,26.702304341076836,68.2376561164856
-46.61953756012329,26.702304341076836,68.2376561164856
-46.61953756012329,26.702304341076836,68.2376561164856
-46.61953756012329,26.702304341076836,68.2376561164856
-46.61953756012329,26.702304341076836,68.2376561164856
-46.47082746389463,26.450641890509097,68.2376561164856
-46.47082746389463,26.450641890509097,68.2376561164856
-46.47082746389463,26.450641890509097,68.2376561164856
-46.47082746389463,26.450641890509097,68.2376561164856
-46.47082746389463,26.450641890509097,68.2376561164856
-46.47082746389463,26.450641890509097,68.2376561164856
-46.47082746389463,26.450641890509097,68.2376561164856
-46.47082746389463,26.450641890509097,68.2376561164856
-46.47082746389463,26.450641890509097,68.2376561164856
-46.47082746389463,26.450641890509097,68.2376561164856
-46.47082746389463,26.450641890509097,68.2376561164856
-46.47082746389463,26.450641890509097,68.2376561164856
-46.47082746389463,26.450641890509097,68.2376561164856
-46.47082746389463,26.450641890509097,68.2376561164856
-46.30066460573037,26.123521188342494,68.2376561164856
-46.30066460573037,26.123521188342494,68.2376561164856
-46.30066460573037,26.123521188342494,68.2376561164856
-46.30066460573037,26.123521188342494,68.2376561164856
-46.30066460573037,26.123521188342494,68.2376561164856
-46.30066460573037,26.123521188342494,68.2376561164856
-46.30066460573037,26.123521188342494,68.2376561164856
-46.13786670841158,25.84392682598141,68.2376561164856
-46.13786670841158,25.84392682598141,68.2376561164856
-46.13786670841158,25.84392682598141,68.2376561164856
-46.13786670841158,25.84392682598141,68.2376561164856
-46.13786670841158,25.84392682598141,68.2376561164856
-46.13786670841158,25.84392682598141,68.2376561164856
-46.13786670841158,25.84392682598141,68.2376561164856
-46.02736066202681,25.664616668215142,68.2376561164856
-46.02736066202681,25.664616668215142,68.2376561164856
-46.02736066202681,25.664616668215142,68.2376561164856
-46.02736066202681,25.664616668215142,68.2376561164856
-46.02736066202681,25.664616668215142,68.2376561164856
-46.02736066202681,25.664616668215142,68.2376561164856
-46.02736066202681,25.664616668215142,68.2376561164856
-46.02736066202681,25.664616668215142,68.2376561164856
-45.91810836479989,25.477337108406186,68.2376561164856
-45.91810836479989,25.477337108406186,68.2376561164856
-45.91810836479989,25.477337108406186,68.2376561164856
-45.91810836479989,25.477337108406186,68.2376561164856
-45.91810836479989,25.477337108406186,68.2376561164856
-45.91810836479989,25.477337108406186,68.2376561164856
-45.91810836479989,25.477337108406186,68.2376561164856
-45.81108804869332,25.28680884883441,68.2376561164856
-45.81108804869332,25.28680884883441,68.2376561164856
-45.81108804869332,25.28680884883441,68.2376561164856
-45.81108804869332,25.28680884883441,68.2376561164856
-45.81108804869332,25.28680884883441,68.2376561164856
-45.81108804869332,25.28680884883441,68.2376561164856
-45.81108804869332,25.28680884883441,68.2376561164856
-45.81108804869332,25.28680884883441,68.2376561164856
-45.691777056317164,25.090511735677712,68.2376561164856
-45.691777056317164,25.090511735677712,68.2376561164856
-45.691777056317164,25.090511735677712,68.2376561164856
-45.691777056317164,25.090511735677712,68.2376561164856
-45.691777056317164,25.090511735677712,68.2376561164856
-45.691777056317164,25.090511735677712,68.2376561164856
-45.691777056317164,25.090511735677712,68.2376561164856
-45.5702596929776,24.893044799955067,68.2376561164856
-45.5702596929776,24.893044799955067,68.2376561164856
-45.5702596929776,24.893044799955067,68.2376561164856
-45.5702596929776,24.893044799955067,68.2376561164856
-45.5702596929776,24.893044799955067,68.2376561164856
-45.5702596929776,24.893044799955067,68.2376561164856
-45.5702596929776,24.893044799955067,68.2376561164856
-45.5702596929776,24.893044799955067,68.2376561164856
-45.5702596929776,24.893044799955067,68.2376561164856
-45.5702596929776,24.893044799955067,68.2376561164856
-45.5702596929776,24.893044799955067,68.2376561164856
-45.5702596929776,24.893044799955067,68.2376561164856
-45.5702596929776,24.893044799955067,68.2376561164856
-45.47173169853843,24.705701891733245,68.2376561164856
-45.47173169853843,24.705701891733245,68.2376561164856
-45.47173169853843,24.705701891733245,68.2376561164856
-45.47173169853843,24.705701891733245,68.2376561164856
-45.47173169853843,24.705701891733245,68.2376561164856
-45.47173169853843,24.705701891733245,68.2376561164856
-45.47173169853843,24.705701891733245,68.2376561164856
-45.47173169853843,24.705701891733245,68.2376561164856
-45.305136493206696,24.354517813607035,68.2376561164856
-45.305136493206696,24.354517813607035,68.2376561164856
-45.305136493206696,24.354517813607035,68.2376561164856
-45.305136493206696,24.354517813607035,68.2376561164856
-45.305136493206696,24.354517813607035,68.2376561164856
-45.305136493206696,24.354517813607035,68.2376561164856
-45.305136493206696,24.354517813607035,68.2376561164856
-45.305136493206696,24.354517813607035,68.2376561164856
-45.22011058760784,24.160193412904604,68.2376561164856
-45.22011058760784,24.160193412904604,68.2376561164856
-45.22011058760784,24.160193412904604,68.2376561164856
-45.22011058760784,24.160193412904604,68.2376561164856
-45.22011058760784,24.160193412904604,68.2376561164856
-45.22011058760784,24.160193412904604,68.2376561164856
-45.22011058760784,24.160193412904604,68.2376561164856
-45.22011058760784,24.160193412904604,68.2376561164856
-45.141798257889725,23.963179809470905,68.2376561164856
-45.141798257889725,23.963179809470905,68.2376561164856
-45.141798257889725,23.963179809470905,68.2376561164856
-45.141798257889725,23.963179809470905,68.2376561164856
-45.141798257889725,23.963179809470905,68.2376561164856
-45.141798257889725,23.963179809470905,68.2376561164856
-45.141798257889725,23.963179809470905,68.2376561164856
-45.141798257889725,23.963179809470905,68.2376561164856
-45.02834411748421,23.699405334821197,68.2376561164856
-45.02834411748421,23.699405334821197,68.2376561164856
-45.02834411748421,23.699405334821197,68.2376561164856
-45.02834411748421,23.699405334821197,68.2376561164856
-45.02834411748421,23.699405334821197,68.2376561164856
-45.02834411748421,23.699405334821197,68.2376561164856
-45.02834411748421,23.699405334821197,68.2376561164856
-45.02834411748421,23.699405334821197,68.2376561164856
-45.02834411748421,23.699405334821197,68.2376561164856
-45.02834411748421,23.699405334821197,68.2376561164856
-45.02834411748421,23.699405334821197,68.2376561164856
-44.94082014340908,23.511324884399198,68.2376561164856
-44.94082014340908,23.511324884399198,68.2376561164856
-44.94082014340908,23.511324884399198,68.2376561164856
-44.94082014340908,23.511324884399198,68.2376561164856
-44.94082014340908,23.511324884399198,68.2376561164856
-44.94082014340908,23.511324884399198,68.2376561164856
-44.94082014340908,23.511324884399198,68.2376561164856
-44.94082014340908,23.511324884399198,68.2376561164856
-44.94082014340908,23.511324884399198,68.2376561164856
-44.800963960921244,23.243999929655594,68.2376561164856
-44.800963960921244,23.243999929655594,68.2376561164856
-44.800963960921244,23.243999929655594,68.2376561164856
-44.800963960921244,23.243999929655594,68.2376561164856
-44.800963960921244,23.243999929655594,68.2376561164856
-44.800963960921244,23.243999929655594,68.2376561164856
-44.800963960921244,23.243999929655594,68.2376561164856
-44.800963960921244,23.243999929655594,68.2376561164856
-44.65676484244932,22.970281532318403,68.2376561164856
-44.65676484244932,22.970281532318403,68.2376561164856
-44.65676484244932,22.970281532318403,68.2376561164856
-44.65676484244932,22.970281532318403,68.2376561164856
-44.65676484244932,22.970281532318403,68.2376561164856
-44.572611565098775,22.776009838089145,68.2376561164856
-44.572611565098775,22.776009838089145,68.2376561164856
-44.572611565098775,22.776009838089145,68.2376561164856
-44.572611565098775,22.776009838089145,68.2376561164856
-44.572611565098775,22.776009838089145,68.2376561164856
-44.572611565098775,22.776009838089145,68.2376561164856
-44.513808204399275,22.644448497054956,68.2376561164856
-44.513808204399275,22.644448497054956,68.2376561164856
-44.513808204399275,22.644448497054956,68.2376561164856
-44.513808204399275,22.644448497054956,68.2376561164856
-44.513808204399275,22.644448497054956,68.2376561164856
-44.453159712968144,22.516271832770453,68.2376561164856
-44.453159712968144,22.516271832770453,68.2376561164856
-44.453159712968144,22.516271832770453,68.2376561164856
-44.453159712968144,22.516271832770453,68.2376561164856
-44.453159712968144,22.516271832770453,68.2376561164856
-44.453159712968144,22.516271832770453,68.2376561164856
-44.39787901973703,22.399138389636445,68.2376561164856
-44.39787901973703,22.399138389636445,68.2376561164856
-44.39787901973703,22.399138389636445,68.2376561164856
-44.39787901973703,22.399138389636445,68.2376561164856
-44.39787901973703,22.399138389636445,68.2376561164856
-44.291951728267435,22.202101910308393,68.2376561164856
-44.291951728267435,22.202101910308393,68.2376561164856
-44.291951728267435,22.202101910308393,68.2376561164856
-44.291951728267435,22.202101910308393,68.2376561164856
-44.291951728267435,22.202101910308393,68.2376561164856
-44.291951728267435,22.202101910308393,68.2376561164856
-44.23250161078473,22.086630969290105,68.2376561164856
-44.23250161078473,22.086630969290105,68.2376561164856
-44.23250161078473,22.086630969290105,68.2376561164856
-44.23250161078473,22.086630969290105,68.2376561164856
-44.23250161078473,22.086630969290105,68.2376561164856
-44.14723031291464,21.94094040389873,68.2376561164856
-44.14723031291464,21.94094040389873,68.2376561164856
-44.14723031291464,21.94094040389873,68.2376561164856
-44.14723031291464,21.94094040389873,68.2376561164856
-44.14723031291464,21.94094040389873,68.2376561164856
-44.14723031291464,21.94094040389873,68.2376561164856
-44.07680913500535,21.80420742850731,68.2376561164856
-44.07680913500535,21.80420742850731,68.2376561164856
-44.07680913500535,21.80420742850731,68.2376561164856
-44.07680913500535,21.80420742850731,68.2376561164856
-44.07680913500535,21.80420742850731,68.2376561164856
-44.07680913500535,21.80420742850731,68.2376561164856
-43.98274116675494,21.6133295684837,68.2376561164856
-43.98274116675494,21.6133295684837,68.2376561164856
-43.98274116675494,21.6133295684837,68.2376561164856
-43.98274116675494,21.6133295684837,68.2376561164856
-43.98274116675494,21.6133295684837,68.2376561164856
-43.91491776437972,21.48859759427656,68.2376561164856
-43.91491776437972,21.48859759427656,68.2376561164856
-43.91491776437972,21.48859759427656,68.2376561164856
-43.91491776437972,21.48859759427656,68.2376561164856
-43.91491776437972,21.48859759427656,68.2376561164856
-43.91491776437972,21.48859759427656,68.2376561164856
-43.85347460214071,21.385547030417133,68.2376561164856
-43.85347460214071,21.385547030417133,68.2376561164856
-43.85347460214071,21.385547030417133,68.2376561164856
-43.85347460214071,21.385547030417133,68.2376561164856
-43.85347460214071,21.385547030417133,68.2376561164856
-43.85347460214071,21.385547030417133,68.2376561164856
-43.81601190492233,21.298212492945662,68.2376561164856
-43.81601190492233,21.298212492945662,68.2376561164856
-43.81601190492233,21.298212492945662,68.2376561164856
-43.81601190492233,21.298212492945662,68.2376561164856
-43.81601190492233,21.298212492945662,68.2376561164856
-43.725882066794256,21.141986910907736,68.2376561164856
-43.725882066794256,21.141986910907736,68.2376561164856
-43.725882066794256,21.141986910907736,68.2376561164856
-43.725882066794256,21.141986910907736,68.2376561164856
-43.725882066794256,21.141986910907736,68.2376561164856
-43.725882066794256,21.141986910907736,68.2376561164856
-43.67453879179695,21.047177164357155,68.2376561164856
-43.67453879179695,21.047177164357155,68.2376561164856
-43.67453879179695,21.047177164357155,68.2376561164856
-43.67453879179695,21.047177164357155,68.2376561164856
-43.67453879179695,21.047177164357155,68.2376561164856
-43.67453879179695,21.047177164357155,68.2376561164856
-43.62000553534255,20.95863231539917,68.2376561164856
-43.62000553534255,20.95863231539917,68.2376561164856
-43.62000553534255,20.95863231539917,68.2376561164856
-43.62000553534255,20.95863231539917,68.2376561164856
-43.62000553534255,20.95863231539917,68.2376561164856
-43.62000553534255,20.95863231539917,68.2376561164856
-43.52994541523377,20.797607388506176,68.2376561164856
-43.52994541523377,20.797607388506176,68.2376561164856
-43.52994541523377,20.797607388506176,68.2376561164856
-43.52994541523377,20.797607388506176,68.2376561164856
-43.52994541523377,20.797607388506176,68.2376561164856
-43.475343097004554,20.708799106834814,68.2376561164856
-43.475343097004554,20.708799106834814,68.2376561164856
-43.475343097004554,20.708799106834814,68.2376561164856
-43.475343097004554,20.708799106834814,68.2376561164856
-43.475343097004554,20.708799106834814,68.2376561164856
-43.475343097004554,20.708799106834814,68.2376561164856
-43.41038672033409,20.61293361402194,68.2376561164856
-43.41038672033409,20.61293361402194,68.2376561164856
-43.41038672033409,20.61293361402194,68.2376561164856
-43.41038672033409,20.61293361402194,68.2376561164856
-43.41038672033409,20.61293361402194,68.2376561164856
-43.41038672033409,20.61293361402194,68.2376561164856
-43.3380460177701,20.51203169475424,68.2376561164856
-43.3380460177701,20.51203169475424,68.2376561164856
-43.3380460177701,20.51203169475424,68.2376561164856
-43.3380460177701,20.51203169475424,68.2376561164856
-43.3380460177701,20.51203169475424,68.2376561164856
-43.3380460177701,20.51203169475424,68.2376561164856
-43.22380922561663,20.339989358517528,68.2376561164856
-43.22380922561663,20.339989358517528,68.2376561164856
-43.22380922561663,20.339989358517528,68.2376561164856
-43.22380922561663,20.339989358517528,68.2376561164856
-43.22380922561663,20.339989358517528,68.2376561164856
-43.22380922561663,20.339989358517528,68.2376561164856
-43.14133548725341,20.22160090313238,68.2376561164856
-43.14133548725341,20.22160090313238,68.2376561164856
-43.14133548725341,20.22160090313238,68.2376561164856
-43.14133548725341,20.22160090313238,68.2376561164856
-43.14133548725341,20.22160090313238,68.2376561164856
-43.14133548725341,20.22160090313238,68.2376561164856
-43.04412205343221,20.058512299149243,68.2376561164856
-43.04412205343221,20.058512299149243,68.2376561164856
-43.04412205343221,20.058512299149243,68.2376561164856
-43.04412205343221,20.058512299149243,68.2376561164856
-43.04412205343221,20.058512299149243,68.2376561164856
-43.04412205343221,20.058512299149243,68.2376561164856
-42.98754089258997,19.95800363987595,68.2376561164856
-42.98754089258997,19.95800363987595,68.2376561164856
-42.98754089258997,19.95800363987595,68.2376561164856
-42.98754089258997,19.95800363987595,68.2376561164856
-42.98754089258997,19.95800363987595,68.2376561164856
-42.98754089258997,19.95800363987595,68.2376561164856
-42.93466056092804,19.855243370648438,68.2376561164856
-42.93466056092804,19.855243370648438,68.2376561164856
-42.93466056092804,19.855243370648438,68.2376561164856
-42.93466056092804,19.855243370648438,68.2376561164856
-42.93466056092804,19.855243370648438,68.2376561164856
-42.93466056092804,19.855243370648438,68.2376561164856
-42.84245544194565,19.69588134055515,68.2376561164856
-42.84245544194565,19.69588134055515,68.2376561164856
-42.84245544194565,19.69588134055515,68.2376561164856
-42.84245544194565,19.69588134055515,68.2376561164856
-42.84245544194565,19.69588134055515,68.2376561164856
-42.84245544194565,19.69588134055515,68.2376561164856
-42.78902439197762,19.604680884468547,68.2376561164856
-42.78902439197762,19.604680884468547,68.2376561164856
-42.78902439197762,19.604680884468547,68.2376561164856
-42.78902439197762,19.604680884468547,68.2376561164856
-42.78902439197762,19.604680884468547,68.2376561164856
-42.78902439197762,19.604680884468547,68.2376561164856
-42.673457664227726,19.441224258458966,68.2376561164856
-42.673457664227726,19.441224258458966,68.2376561164856
-42.673457664227726,19.441224258458966,68.2376561164856
-42.673457664227726,19.441224258458966,68.2376561164856
-42.673457664227726,19.441224258458966,68.2376561164856
-42.60129179287077,19.327706564463654,68.2376561164856
-42.60129179287077,19.327706564463654,68.2376561164856
-42.60129179287077,19.327706564463654,68.2376561164856
-42.60129179287077,19.327706564463654,68.2376561164856
-42.60129179287077,19.327706564463654,68.2376561164856
-42.60129179287077,19.327706564463654,68.2376561164856
-42.52919407232827,19.21079680851518,68.2376561164856
-42.52919407232827,19.21079680851518,68.2376561164856
-42.52919407232827,19.21079680851518,68.2376561164856
-42.52919407232827,19.21079680851518,68.2376561164856
-42.52919407232827,19.21079680851518,68.2376561164856
-42.52919407232827,19.21079680851518,68.2376561164856
-42.45610262826025,19.094361879530368,68.2376561164856
-42.45610262826025,19.094361879530368,68.2376561164856
-42.45610262826025,19.094361879530368,68.2376561164856
-42.45610262826025,19.094361879530368,68.2376561164856
-42.45610262826025,19.094361879530368,68.2376561164856
-42.45610262826025,19.094361879530368,68.2376561164856
-42.45610262826025,19.094361879530368,68.2376561164856
-42.45610262826025,19.094361879530368,68.2376561164856
-42.341254352340975,18.922489416850706,68.2376561164856
-42.341254352340975,18.922489416850706,68.2376561164856
-42.341254352340975,18.922489416850706,68.2376561164856
-42.341254352340975,18.922489416850706,68.2376561164856
-42.341254352340975,18.922489416850706,68.2376561164856
-42.341254352340975,18.922489416850706,68.2376561164856
-42.341254352340975,18.922489416850706,68.2376561164856
-42.341254352340975,18.922489416850706,68.2376561164856
-42.22412249146896,18.74545202536367,68.2376561164856
-42.22412249146896,18.74545202536367,68.2376561164856
-42.22412249146896,18.74545202536367,68.2376561164856
-42.22412249146896,18.74545202536367,68.2376561164856
-42.22412249146896,18.74545202536367,68.2376561164856
-42.22412249146896,18.74545202536367,68.2376561164856
-42.22412249146896,18.74545202536367,68.2376561164856
-42.22412249146896,18.74545202536367,68.2376561164856
-42.22412249146896,18.74545202536367,68.2376561164856
-42.06329446455371,18.51626198011821,68.2376561164856
-42.06329446455371,18.51626198011821,68.2376561164856
-42.06329446455371,18.51626198011821,68.2376561164856
-42.06329446455371,18.51626198011821,68.2376561164856
-42.06329446455371,18.51626198011821,68.2376561164856
-42.06329446455371,18.51626198011821,68.2376561164856
-42.06329446455371,18.51626198011821,68.2376561164856
-42.06329446455371,18.51626198011821,68.2376561164856
-41.934706488115104,18.340697667606197,68.2376561164856
-41.934706488115104,18.340697667606197,68.2376561164856
-41.934706488115104,18.340697667606197,68.2376561164856
-41.934706488115104,18.340697667606197,68.2376561164856
-41.934706488115104,18.340697667606197,68.2376561164856
-41.934706488115104,18.340697667606197,68.2376561164856
-41.934706488115104,18.340697667606197,68.2376561164856
-41.934706488115104,18.340697667606197,68.2376561164856
-41.81125117894493,18.17532168171795,68.2376561164856
-41.81125117894493,18.17532168171795,68.2376561164856
-41.81125117894493,18.17532168171795,68.2376561164856
-41.81125117894493,18.17532168171795,68.2376561164856
-41.81125117894493,18.17532168171795,68.2376561164856
-41.81125117894493,18.17532168171795,68.2376561164856
-41.81125117894493,18.17532168171795,68.2376561164856
-41.81125117894493,18.17532168171795,68.2376561164856
-41.81125117894493,18.17532168171795,68.2376561164856
-41.686213465585276,18.016376138480307,68.2376561164856
-41.686213465585276,18.016376138480307,68.2376561164856
-41.686213465585276,18.016376138480307,68.2376561164856
-41.686213465585276,18.016376138480307,68.2376561164856
-41.686213465585276,18.016376138480307,68.2376561164856
-41.50016149501386,17.806218907694024,68.2376561164856
-41.50016149501386,17.806218907694024,68.2376561164856
-41.50016149501386,17.806218907694024,68.2376561164856
-41.50016149501386,17.806218907694024,68.2376561164856
-41.50016149501386,17.806218907694024,68.2376561164856
-41.50016149501386,17.806218907694024,68.2376561164856
-41.422095629970634,17.71493297533101,68.2376561164856
-41.422095629970634,17.71493297533101,68.2376561164856
-41.422095629970634,17.71493297533101,68.2376561164856
-41.422095629970634,17.71493297533101,68.2376561164856
-41.422095629970634,17.71493297533101,68.2376561164856
-41.422095629970634,17.71493297533101,68.2376561164856
-41.34254105022462,17.624249608750013,68.2376561164856
-41.34254105022462,17.624249608750013,68.2376561164856
-41.34254105022462,17.624249608750013,68.2376561164856
-41.34254105022462,17.624249608750013,68.2376561164856
-41.34254105022462,17.624249608750013,68.2376561164856
-41.34254105022462,17.624249608750013,68.2376561164856
-41.20360647036638,17.47690210912786,68.2376561164856
-41.20360647036638,17.47690210912786,68.2376561164856
-41.20360647036638,17.47690210912786,68.2376561164856
-41.20360647036638,17.47690210912786,68.2376561164856
-41.20360647036638,17.47690210912786,68.2376561164856
-41.20360647036638,17.47690210912786,68.2376561164856
-41.13768914004464,17.38923424906761,68.2376561164856
-41.13768914004464,17.38923424906761,68.2376561164856
-41.13768914004464,17.38923424906761,68.2376561164856
-41.13768914004464,17.38923424906761,68.2376561164856
-41.13768914004464,17.38923424906761,68.2376561164856
-41.13768914004464,17.38923424906761,68.2376561164856
-41.070425260539885,17.309890452348828,68.2376561164856
-41.070425260539885,17.309890452348828,68.2376561164856
-41.070425260539885,17.309890452348828,68.2376561164856
-41.070425260539885,17.309890452348828,68.2376561164856
-41.070425260539885,17.309890452348828,68.2376561164856
-41.070425260539885,17.309890452348828,68.2376561164856
-40.9477828869981,17.1853153216078,68.2376561164856
-40.9477828869981,17.1853153216078,68.2376561164856
-40.9477828869981,17.1853153216078,68.2376561164856
-40.9477828869981,17.1853153216078,68.2376561164856
-40.9477828869981,17.1853153216078,68.2376561164856
-40.8775801881936,17.11288547396327,68.2376561164856
-40.8775801881936,17.11288547396327,68.2376561164856
-40.8775801881936,17.11288547396327,68.2376561164856
-40.8775801881936,17.11288547396327,68.2376561164856
-40.8775801881936,17.11288547396327,68.2376561164856
-40.8775801881936,17.11288547396327,68.2376561164856
-40.79831006128478,17.03622450431022,68.2376561164856
-40.79831006128478,17.03622450431022,68.2376561164856
-40.79831006128478,17.03622450431022,68.2376561164856
-40.79831006128478,17.03622450431022,68.2376561164856
-40.79831006128478,17.03622450431022,68.2376561164856
-40.65981923887066,16.919868477980682,68.2376561164856
-40.65981923887066,16.919868477980682,68.2376561164856
-40.65981923887066,16.919868477980682,68.2376561164856
-40.65981923887066,16.919868477980682,68.2376561164856
-40.65981923887066,16.919868477980682,68.2376561164856
-40.57807457044804,16.84446890112545,68.2376561164856
-40.57807457044804,16.84446890112545,68.2376561164856
-40.57807457044804,16.84446890112545,68.2376561164856
-40.57807457044804,16.84446890112545,68.2376561164856
-40.57807457044804,16.84446890112545,68.2376561164856
-40.48745232425736,16.77061220445536,68.2376561164856
-40.48745232425736,16.77061220445536,68.2376561164856
-40.48745232425736,16.77061220445536,68.2376561164856
-40.48745232425736,16.77061220445536,68.2376561164856
-40.48745232425736,16.77061220445536,68.2376561164856
-40.383115512778964,16.690255708434076,68.2376561164856
-40.383115512778964,16.690255708434076,68.2376561164856
-40.383115512778964,16.690255708434076,68.2376561164856
-40.383115512778964,16.690255708434076,68.2376561164856
-40.383115512778964,16.690255708434076,68.2376561164856
-40.280689937010905,16.61584619313127,68.2376561164856
-40.280689937010905,16.61584619313127,68.2376561164856
-40.280689937010905,16.61584619313127,68.2376561164856
-40.280689937010905,16.61584619313127,68.2376561164856
-40.280689937010905,16.61584619313127,68.2376561164856
-40.280689937010905,16.61584619313127,68.2376561164856
-40.17609541550273,16.541695319993682,68.2376561164856
-40.17609541550273,16.541695319993682,68.2376561164856
-40.17609541550273,16.541695319993682,68.2376561164856
-40.17609541550273,16.541695319993682,68.2376561164856
-40.17609541550273,16.541695319993682,68.2376561164856
-40.06802374081118,16.471121885635903,68.2376561164856
-40.06802374081118,16.471121885635903,68.2376561164856
-40.06802374081118,16.471121885635903,68.2376561164856
-40.06802374081118,16.471121885635903,68.2376561164856
-40.06802374081118,16.471121885635903,68.2376561164856
-39.9703094477815,16.409829605590485,68.2376561164856
-39.9703094477815,16.409829605590485,68.2376561164856
-39.9703094477815,16.409829605590485,68.2376561164856
-39.9703094477815,16.409829605590485,68.2376561164856
-39.9703094477815,16.409829605590485,68.2376561164856
-39.9703094477815,16.409829605590485,68.2376561164856
-39.86187903896029,16.34309324263811,68.2376561164856
-39.86187903896029,16.34309324263811,68.2376561164856
-39.86187903896029,16.34309324263811,68.2376561164856
-39.86187903896029,16.34309324263811,68.2376561164856
-39.86187903896029,16.34309324263811,68.2376561164856
-39.767472458940105,16.288738198582518,68.2376561164856
-39.767472458940105,16.288738198582518,68.2376561164856
-39.767472458940105,16.288738198582518,68.2376561164856
-39.767472458940105,16.288738198582518,68.2376561164856
-39.767472458940105,16.288738198582518,68.2376561164856
-39.654308663708214,16.226139513120536,68.2376561164856
-39.654308663708214,16.226139513120536,68.2376561164856
-39.654308663708214,16.226139513120536,68.2376561164856
-39.654308663708214,16.226139513120536,68.2376561164856
-39.654308663708214,16.226139513120536,68.2376561164856
-39.654308663708214,16.226139513120536,68.2376561164856
-39.479195894402366,16.143764791304577,68.2376561164856
-39.479195894402366,16.143764791304577,68.2376561164856
-39.479195894402366,16.143764791304577,68.2376561164856
-39.479195894402366,16.143764791304577,68.2376561164856
-39.479195894402366,16.143764791304577,68.2376561164856
-39.37854334587222,16.095727624406848,68.2376561164856
-39.37854334587222,16.095727624406848,68.2376561164856
-39.37854334587222,16.095727624406848,68.2376561164856
-39.37854334587222,16.095727624406848,68.2376561164856
-39.37854334587222,16.095727624406848,68.2376561164856
-39.37854334587222,16.095727624406848,68.2376561164856
-39.268995890943636,16.05156241027616,68.2376561164856
-39.268995890943636,16.05156241027616,68.2376561164856
-39.268995890943636,16.05156241027616,68.2376561164856
-39.268995890943636,16.05156241027616,68.2376561164856
-39.268995890943636,16.05156241027616,68.2376561164856
-39.14372953155046,16.00370982178077,68.2376561164856
-39.14372953155046,16.00370982178077,68.2376561164856
-39.14372953155046,16.00370982178077,68.2376561164856
-39.14372953155046,16.00370982178077,68.2376561164856
-39.14372953155046,16.00370982178077,68.2376561164856
-39.14372953155046,16.00370982178077,68.2376561164856
-39.14372953155046,16.00370982178077,68.2376561164856
-39.14372953155046,16.00370982178077,68.2376561164856
-38.96175006492387,15.949819201196853,68.2376561164856
-38.96175006492387,15.949819201196853,68.2376561164856
-38.96175006492387,15.949819201196853,68.2376561164856
-38.96175006492387,15.949819201196853,68.2376561164856
-38.96175006492387,15.949819201196853,68.2376561164856
-38.96175006492387,15.949819201196853,68.2376561164856
-38.83986665904049,15.907756277382845,68.2376561164856
-38.83986665904049,15.907756277382845,68.2376561164856
-38.83986665904049,15.907756277382845,68.2376561164856
-38.83986665904049,15.907756277382845,68.2376561164856
-38.83986665904049,15.907756277382845,68.2376561164856
-38.83986665904049,15.907756277382845,68.2376561164856
-38.648809047592835,15.851927621179271,68.2376561164856
-38.648809047592835,15.851927621179271,68.2376561164856
-38.648809047592835,15.851927621179271,68.2376561164856
-38.648809047592835,15.851927621179271,68.2376561164856
-38.648809047592835,15.851927621179271,68.2376561164856
-38.648809047592835,15.851927621179271,68.2376561164856
-38.51732201970425,15.814736187385517,68.2376561164856
-38.51732201970425,15.814736187385517,68.2376561164856
-38.51732201970425,15.814736187385517,68.2376561164856
-38.51732201970425,15.814736187385517,68.2376561164856
-38.51732201970425,15.814736187385517,68.2376561164856
-38.51732201970425,15.814736187385517,68.2376561164856
-38.3223148704605,15.7718020477012,68.2376561164856
-38.3223148704605,15.7718020477012,68.2376561164856
-38.3223148704605,15.7718020477012,68.2376561164856
-38.3223148704605,15.7718020477012,68.2376561164856
-38.3223148704605,15.7718020477012,68.2376561164856
-38.3223148704605,15.7718020477012,68.2376561164856
-38.17929351523039,15.740061371681481,68.2376561164856
-38.17929351523039,15.740061371681481,68.2376561164856
-38.17929351523039,15.740061371681481,68.2376561164856
-38.17929351523039,15.740061371681481,68.2376561164856
-38.17929351523039,15.740061371681481,68.2376561164856
-38.17929351523039,15.740061371681481,68.2376561164856
-38.05152106548157,15.711395487694443,68.2376561164856
-38.05152106548157,15.711395487694443,68.2376561164856
-38.05152106548157,15.711395487694443,68.2376561164856
-38.05152106548157,15.711395487694443,68.2376561164856
-38.05152106548157,15.711395487694443,68.2376561164856
-38.05152106548157,15.711395487694443,68.2376561164856
-37.817539468917765,15.67821450048207,68.2376561164856
-37.817539468917765,15.67821450048207,68.2376561164856
-37.817539468917765,15.67821450048207,68.2376561164856
-37.817539468917765,15.67821450048207,68.2376561164856
-37.817539468917765,15.67821450048207,68.2376561164856
-37.817539468917765,15.67821450048207,68.2376561164856
-37.64500459763709,15.653712950426614,68.2376561164856
-37.64500459763709,15.653712950426614,68.2376561164856
-37.64500459763709,15.653712950426614,68.2376561164856
-37.64500459763709,15.653712950426614,68.2376561164856
-37.64500459763709,15.653712950426614,68.2376561164856
-37.64500459763709,15.653712950426614,68.2376561164856
-37.64500459763709,15.653712950426614,68.2376561164856
-37.39909425136921,15.63502037185475,68.2376561164856
-37.39909425136921,15.63502037185475,68.2376561164856
-37.39909425136921,15.63502037185475,68.2376561164856
-37.39909425136921,15.63502037185475,68.2376561164856
-37.39909425136921,15.63502037185475,68.2376561164856
-37.39909425136921,15.63502037185475,68.2376561164856
-37.182198925737794,15.617806450589374,68.2376561164856
-37.182198925737794,15.617806450589374,68.2376561164856
-37.182198925737794,15.617806450589374,68.2376561164856
-37.182198925737794,15.617806450589374,68.2376561164856
-37.182198925737794,15.617806450589374,68.2376561164856
-36.92387280746208,15.617066887650473,68.2376561164856
-36.92387280746208,15.617066887650473,68.2376561164856
-36.92387280746208,15.617066887650473,68.2376561164856
-36.92387280746208,15.617066887650473,68.2376561164856
-36.92387280746208,15.617066887650473,68.2376561164856
-36.92387280746208,15.617066887650473,68.2376561164856
-36.92387280746208,15.617066887650473,68.2376561164856
-36.92387280746208,15.617066887650473,68.2376561164856
-36.92387280746208,15.617066887650473,68.2376561164856
-36.92387280746208,15.617066887650473,68.2376561164856
-36.75347044398843,15.617812105580093,68.2376561164856
-36.75347044398843,15.617812105580093,68.2376561164856
-36.75347044398843,15.617812105580093,68.2376561164856
-36.75347044398843,15.617812105580093,68.2376561164856
-36.75347044398843,15.617812105580093,68.2376561164856
-36.75347044398843,15.617812105580093,68.2376561164856
-36.75347044398843,15.617812105580093,68.2376561164856
-36.75347044398843,15.617812105580093,68.2376561164856
-36.75347044398843,15.617812105580093,68.2376561164856
-36.45612230918897,15.64491041498734,68.2376561164856
-36.45612230918897,15.64491041498734,68.2376561164856
-36.45612230918897,15.64491041498734,68.2376561164856
-36.45612230918897,15.64491041498734,68.2376561164856
-36.45612230918897,15.64491041498734,68.2376561164856
-36.45612230918897,15.64491041498734,68.2376561164856
-36.24919843330148,15.663931564950921,68.2376561164856
-36.24919843330148,15.663931564950921,68.2376561164856
-36.24919843330148,15.663931564950921,68.2376561164856
-36.24919843330148,15.663931564950921,68.2376561164856
-36.24919843330148,15.663931564950921,68.2376561164856
-36.24919843330148,15.663931564950921,68.2376561164856
-36.048450776356916,15.683613289568651,68.2376561164856
-36.048450776356916,15.683613289568651,68.2376561164856
-36.048450776356916,15.683613289568651,68.2376561164856
-36.048450776356916,15.683613289568651,68.2376561164856
-36.048450776356916,15.683613289568651,68.2376561164856
-36.048450776356916,15.683613289568651,68.2376561164856
-35.92289237476447,15.693128306971944,68.2376561164856
-35.92289237476447,15.693128306971944,68.2376561164856
-35.92289237476447,15.693128306971944,68.2376561164856
-35.92289237476447,15.693128306971944,68.2376561164856
-35.92289237476447,15.693128306971944,68.2376561164856
-35.92289237476447,15.693128306971944,68.2376561164856
-35.74623023134616,15.726073905612594,68.2376561164856
-35.74623023134616,15.726073905612594,68.2376561164856
-35.74623023134616,15.726073905612594,68.2376561164856
-35.74623023134616,15.726073905612594,68.2376561164856
-35.74623023134616,15.726073905612594,68.2376561164856
-35.63907194563519,15.742293638566553,68.2376561164856
-35.63907194563519,15.742293638566553,68.2376561164856
-35.63907194563519,15.742293638566553,68.2376561164856
-35.63907194563519,15.742293638566553,68.2376561164856
-35.63907194563519,15.742293638566553,68.2376561164856
-35.63907194563519,15.742293638566553,68.2376561164856
-35.63907194563519,15.742293638566553,68.2376561164856
-35.55192471283932,15.75657067496375,68.2376561164856
-35.55192471283932,15.75657067496375,68.2376561164856
-35.55192471283932,15.75657067496375,68.2376561164856
-35.55192471283932,15.75657067496375,68.2376561164856
-35.55192471283932,15.75657067496375,68.2376561164856
-35.55192471283932,15.75657067496375,68.2376561164856
-35.46453936702761,15.775495264887436,68.2376561164856
-35.46453936702761,15.775495264887436,68.2376561164856
-35.46453936702761,15.775495264887436,68.2376561164856
-35.46453936702761,15.775495264887436,68.2376561164856
-35.46453936702761,15.775495264887436,68.2376561164856
-35.46453936702761,15.775495264887436,68.2376561164856
-35.3020515251779,15.81949697547719,68.2376561164856
-35.3020515251779,15.81949697547719,68.2376561164856
-35.3020515251779,15.81949697547719,68.2376561164856
-35.3020515251779,15.81949697547719,68.2376561164856
-35.3020515251779,15.81949697547719,68.2376561164856
-35.3020515251779,15.81949697547719,68.2376561164856
-35.15691650897485,15.864824965337332,68.2376561164856
-35.15691650897485,15.864824965337332,68.2376561164856
-35.15691650897485,15.864824965337332,68.2376561164856
-35.15691650897485,15.864824965337332,68.2376561164856
-35.15691650897485,15.864824965337332,68.2376561164856
-35.15691650897485,15.864824965337332,68.2376561164856
-35.05762672387277,15.89595148413308,68.2376561164856
-35.05762672387277,15.89595148413308,68.2376561164856
-35.05762672387277,15.89595148413308,68.2376561164856
-35.05762672387277,15.89595148413308,68.2376561164856
-35.05762672387277,15.89595148413308,68.2376561164856
-35.05762672387277,15.89595148413308,68.2376561164856
-34.96480872220184,15.930041943500054,68.2376561164856
-34.96480872220184,15.930041943500054,68.2376561164856
-34.96480872220184,15.930041943500054,68.2376561164856
-34.96480872220184,15.930041943500054,68.2376561164856
-34.96480872220184,15.930041943500054,68.2376561164856
-34.96480872220184,15.930041943500054,68.2376561164856
-34.873125424090006,15.96470986479865,68.2376561164856
-34.873125424090006,15.96470986479865,68.2376561164856
-34.873125424090006,15.96470986479865,68.2376561164856
-34.873125424090006,15.96470986479865,68.2376561164856
-34.873125424090006,15.96470986479865,68.2376561164856
-34.873125424090006,15.96470986479865,68.2376561164856
-34.873125424090006,15.96470986479865,68.2376561164856
-34.72244480797482,16.032713403077125,68.2376561164856
-34.72244480797482,16.032713403077125,68.2376561164856
-34.72244480797482,16.032713403077125,68.2376561164856
-34.72244480797482,16.032713403077125,68.2376561164856
-34.72244480797482,16.032713403077125,68.2376561164856
-34.72244480797482,16.032713403077125,68.2376561164856
-34.72244480797482,16.032713403077125,68.2376561164856
-34.72244480797482,16.032713403077125,68.2376561164856
-34.572006452916455,16.106069013431753,68.2376561164856
-34.572006452916455,16.106069013431753,68.2376561164856
-34.572006452916455,16.106069013431753,68.2376561164856
-34.572006452916455,16.106069013431753,68.2376561164856
-34.572006452916455,16.106069013431753,68.2376561164856
-34.572006452916455,16.106069013431753,68.2376561164856
-34.572006452916455,16.106069013431753,68.2376561164856
-34.572006452916455,16.106069013431753,68.2376561164856
-34.4432097344373,16.175695689757685,68.2376561164856
-34.4432097344373,16.175695689757685,68.2376561164856
-34.4432097344373,16.175695689757685,68.2376561164856
-34.4432097344373,16.175695689757685,68.2376561164856
-34.4432097344373,16.175695689757685,68.2376561164856
-34.4432097344373,16.175695689757685,68.2376561164856
-34.32199961266091,16.255579727627364,68.2376561164856
-34.32199961266091,16.255579727627364,68.2376561164856
-34.32199961266091,16.255579727627364,68.2376561164856
-34.32199961266091,16.255579727627364,68.2376561164856
-34.32199961266091,16.255579727627364,68.2376561164856
-34.196278327881856,16.340893941518523,68.2376561164856
-34.196278327881856,16.340893941518523,68.2376561164856
-34.196278327881856,16.340893941518523,68.2376561164856
-34.196278327881856,16.340893941518523,68.2376561164856
-34.196278327881856,16.340893941518523,68.2376561164856
-34.196278327881856,16.340893941518523,68.2376561164856
-34.1335940558644,16.38781640800672,68.2376561164856
-34.1335940558644,16.38781640800672,68.2376561164856
-34.1335940558644,16.38781640800672,68.2376561164856
-34.1335940558644,16.38781640800672,68.2376561164856
-34.1335940558644,16.38781640800672,68.2376561164856
-34.05834327424731,16.442722306105164,68.2376561164856
-34.05834327424731,16.442722306105164,68.2376561164856
-34.05834327424731,16.442722306105164,68.2376561164856
-34.05834327424731,16.442722306105164,68.2376561164856
-34.05834327424731,16.442722306105164,68.2376561164856
-34.05834327424731,16.442722306105164,68.2376561164856
-34.05834327424731,16.442722306105164,68.2376561164856
-34.05834327424731,16.442722306105164,68.2376561164856
-33.98735021792054,16.506235406937815,68.2376561164856
-33.98735021792054,16.506235406937815,68.2376561164856
-33.98735021792054,16.506235406937815,68.2376561164856
-33.98735021792054,16.506235406937815,68.2376561164856
-33.98735021792054,16.506235406937815,68.2376561164856
-33.98735021792054,16.506235406937815,68.2376561164856
-33.98735021792054,16.506235406937815,68.2376561164856
-33.98735021792054,16.506235406937815,68.2376561164856
-33.98735021792054,16.506235406937815,68.2376561164856
-33.85984256995761,16.611033220546435,68.2376561164856
-33.85984256995761,16.611033220546435,68.2376561164856
-33.85984256995761,16.611033220546435,68.2376561164856
-33.85984256995761,16.611033220546435,68.2376561164856
-33.85984256995761,16.611033220546435,68.2376561164856
-33.85984256995761,16.611033220546435,68.2376561164856
-33.85984256995761,16.611033220546435,68.2376561164856
-33.85984256995761,16.611033220546435,68.2376561164856
-33.69292807144211,16.756404165887872,68.2376561164856
-33.69292807144211,16.756404165887872,68.2376561164856
-33.69292807144211,16.756404165887872,68.2376561164856
-33.69292807144211,16.756404165887872,68.2376561164856
-33.69292807144211,16.756404165887872,68.2376561164856
-33.69292807144211,16.756404165887872,68.2376561164856
-33.69292807144211,16.756404165887872,68.2376561164856
-33.69292807144211,16.756404165887872,68.2376561164856
-33.56460962960487,16.85830002780703,68.2376561164856
-33.56460962960487,16.85830002780703,68.2376561164856
-33.56460962960487,16.85830002780703,68.2376561164856
-33.56460962960487,16.85830002780703,68.2376561164856
-33.56460962960487,16.85830002780703,68.2376561164856
-33.56460962960487,16.85830002780703,68.2376561164856
-33.42920957817017,16.958837176476276,68.2376561164856
-33.42920957817017,16.958837176476276,68.2376561164856
-33.42920957817017,16.958837176476276,68.2376561164856
-33.42920957817017,16.958837176476276,68.2376561164856
-33.42920957817017,16.958837176476276,68.2376561164856
-33.42920957817017,16.958837176476276,68.2376561164856
-33.42920957817017,16.958837176476276,68.2376561164856
-33.42920957817017,16.958837176476276,68.2376561164856
-33.42920957817017,16.958837176476276,68.2376561164856
-33.28487354749666,17.07288824204461,68.2376561164856
-33.28487354749666,17.07288824204461,68.2376561164856
-33.28487354749666,17.07288824204461,68.2376561164856
-33.28487354749666,17.07288824204461,68.2376561164856
-33.28487354749666,17.07288824204461,68.2376561164856
-33.28487354749666,17.07288824204461,68.2376561164856
-33.149954672671164,17.19605120657577,68.2376561164856
-33.149954672671164,17.19605120657577,68.2376561164856
-33.149954672671164,17.19605120657577,68.2376561164856
-33.149954672671164,17.19605120657577,68.2376561164856
-33.149954672671164,17.19605120657577,68.2376561164856
-33.149954672671164,17.19605120657577,68.2376561164856
-33.04974401342893,17.295748617358154,68.2376561164856
-33.04974401342893,17.295748617358154,68.2376561164856
-33.04974401342893,17.295748617358154,68.2376561164856
-33.04974401342893,17.295748617358154,68.2376561164856
-33.04974401342893,17.295748617358154,68.2376561164856
-32.918066080064186,17.447479806552067,68.2376561164856
-32.918066080064186,17.447479806552067,68.2376561164856
-32.918066080064186,17.447479806552067,68.2376561164856
-32.918066080064186,17.447479806552067,68.2376561164856
-32.918066080064186,17.447479806552067,68.2376561164856
-32.918066080064186,17.447479806552067,68.2376561164856
-32.810339720168194,17.571478927789702,68.2376561164856
-32.810339720168194,17.571478927789702,68.2376561164856
-32.810339720168194,17.571478927789702,68.2376561164856
-32.810339720168194,17.571478927789702,68.2376561164856
-32.810339720168194,17.571478927789702,68.2376561164856
-32.810339720168194,17.571478927789702,68.2376561164856
-32.69495454555922,17.749602810792,68.2376561164856
-32.69495454555922,17.749602810792,68.2376561164856
-32.69495454555922,17.749602810792,68.2376561164856
-32.69495454555922,17.749602810792,68.2376561164856
-32.69495454555922,17.749602810792,68.2376561164856
-32.60628708975198,17.88995769634905,68.2376561164856
-32.60628708975198,17.88995769634905,68.2376561164856
-32.60628708975198,17.88995769634905,68.2376561164856
-32.60628708975198,17.88995769634905,68.2376561164856
-32.60628708975198,17.88995769634905,68.2376561164856
-32.60628708975198,17.88995769634905,68.2376561164856
-32.52136594773826,18.036183424777967,68.2376561164856
-32.52136594773826,18.036183424777967,68.2376561164856
-32.52136594773826,18.036183424777967,68.2376561164856
-32.52136594773826,18.036183424777967,68.2376561164856
-32.52136594773826,18.036183424777967,68.2376561164856
-32.52136594773826,18.036183424777967,68.2376561164856
-32.45834159901774,18.15447185091846,68.2376561164856
-32.45834159901774,18.15447185091846,68.2376561164856
-32.45834159901774,18.15447185091846,68.2376561164856
-32.45834159901774,18.15447185091846,68.2376561164856
-32.45834159901774,18.15447185091846,68.2376561164856
-32.45834159901774,18.15447185091846,68.2376561164856
-32.412347591127904,18.296339384350894,68.2376561164856
-32.412347591127904,18.296339384350894,68.2376561164856
-32.412347591127904,18.296339384350894,68.2376561164856
-32.412347591127904,18.296339384350894,68.2376561164856
-32.412347591127904,18.296339384350894,68.2376561164856
-32.318770281486046,18.377028565410964,68.2376561164856
-32.318770281486046,18.377028565410964,68.2376561164856
-32.318770281486046,18.377028565410964,68.2376561164856
-32.318770281486046,18.377028565410964,68.2376561164856
-32.318770281486046,18.377028565410964,68.2376561164856
-32.312321793876066,18.4536009973111,68.2376561164856
-32.312321793876066,18.4536009973111,68.2376561164856
-32.312321793876066,18.4536009973111,68.2376561164856
-32.312321793876066,18.4536009973111,68.2376561164856
-32.312321793876066,18.4536009973111,68.2376561164856
-32.312321793876066,18.4536009973111,68.2376561164856
-32.33048892343149,18.52243086352624,68.2376561164856
-32.33048892343149,18.52243086352624,68.2376561164856
-32.33048892343149,18.52243086352624,68.2376561164856
-32.33048892343149,18.52243086352624,68.2376561164856
-32.33048892343149,18.52243086352624,68.2376561164856
-32.34929616349013,18.635106097024977,68.2376561164856
-32.34929616349013,18.635106097024977,68.2376561164856
-32.34929616349013,18.635106097024977,68.2376561164856
-32.34929616349013,18.635106097024977,68.2376561164856
-32.34929616349013,18.635106097024977,68.2376561164856
-32.34929616349013,18.635106097024977,68.2376561164856
-32.32554381019267,18.69426907249283,68.2376561164856
-32.32554381019267,18.69426907249283,68.2376561164856
-32.32554381019267,18.69426907249283,68.2376561164856
-32.32554381019267,18.69426907249283,68.2376561164856
-32.32554381019267,18.69426907249283,68.2376561164856
-32.29389955571471,18.759117173502382,68.2376561164856
-32.29389955571471,18.759117173502382,68.2376561164856
-32.29389955571471,18.759117173502382,68.2376561164856
-32.29389955571471,18.759117173502382,68.2376561164856
-32.29389955571471,18.759117173502382,68.2376561164856
-32.26008354454586,18.82777476429155,68.2376561164856
-32.26008354454586,18.82777476429155,68.2376561164856
-32.26008354454586,18.82777476429155,68.2376561164856
-32.26008354454586,18.82777476429155,68.2376561164856
-32.26008354454586,18.82777476429155,68.2376561164856
-32.26008354454586,18.82777476429155,68.2376561164856
-32.20800508263004,18.901826256485283,68.2376561164856
-32.20800508263004,18.901826256485283,68.2376561164856
-32.20800508263004,18.901826256485283,68.2376561164856
-32.20800508263004,18.901826256485283,68.2376561164856
-32.20800508263004,18.901826256485283,68.2376561164856
-32.20800508263004,18.901826256485283,68.2376561164856
-32.165128422309245,18.97346126333909,68.2376561164856
-32.165128422309245,18.97346126333909,68.2376561164856
-32.165128422309245,18.97346126333909,68.2376561164856
-32.165128422309245,18.97346126333909,68.2376561164856
-32.165128422309245,18.97346126333909,68.2376561164856
-32.09924950512393,19.066241607430285,68.2376561164856
-32.09924950512393,19.066241607430285,68.2376561164856
-32.09924950512393,19.066241607430285,68.2376561164856
-32.09924950512393,19.066241607430285,68.2376561164856
-32.09924950512393,19.066241607430285,68.2376561164856
-32.09924950512393,19.066241607430285,68.2376561164856
-32.02040872386638,19.101995732904584,68.2376561164856
-32.02040872386638,19.101995732904584,68.2376561164856
-32.02040872386638,19.101995732904584,68.2376561164856
-32.02040872386638,19.101995732904584,68.2376561164856
-32.02040872386638,19.101995732904584,68.2376561164856
-32.02040872386638,19.101995732904584,68.2376561164856
-32.02040872386638,19.101995732904584,68.2376561164856
-31.972063889119653,19.14602424101646,68.2376561164856
-31.972063889119653,19.14602424101646,68.2376561164856
-31.972063889119653,19.14602424101646,68.2376561164856
-31.972063889119653,19.14602424101646,68.2376561164856
-31.972063889119653,19.14602424101646,68.2376561164856
-31.972063889119653,19.14602424101646,68.2376561164856
-31.972063889119653,19.14602424101646,68.2376561164856
-31.972063889119653,19.14602424101646,68.2376561164856
-31.880380348611244,19.204168359169483,68.2376561164856
-31.880380348611244,19.204168359169483,68.2376561164856
-31.880380348611244,19.204168359169483,68.2376561164856
-31.880380348611244,19.204168359169483,68.2376561164856
-31.880380348611244,19.204168359169483,68.2376561164856
-31.880380348611244,19.204168359169483,68.2376561164856
-31.880380348611244,19.204168359169483,68.2376561164856
-31.880380348611244,19.204168359169483,68.2376561164856
-31.79048621813367,19.260517453887534,68.2376561164856
-31.79048621813367,19.260517453887534,68.2376561164856
-31.79048621813367,19.260517453887534,68.2376561164856
-31.79048621813367,19.260517453887534,68.2376561164856
-31.79048621813367,19.260517453887534,68.2376561164856
-31.79048621813367,19.260517453887534,68.2376561164856
-31.79048621813367,19.260517453887534,68.2376561164856
-31.79048621813367,19.260517453887534,68.2376561164856
-31.79048621813367,19.260517453887534,68.2376561164856
-31.67006900853487,19.347426786388652,68.2376561164856
-31.67006900853487,19.347426786388652,68.2376561164856
-31.67006900853487,19.347426786388652,68.2376561164856
-31.67006900853487,19.347426786388652,68.2376561164856
-31.67006900853487,19.347426786388652,68.2376561164856
-31.67006900853487,19.347426786388652,68.2376561164856
-31.67006900853487,19.347426786388652,68.2376561164856
-31.67006900853487,19.347426786388652,68.2376561164856
-31.67006900853487,19.347426786388652,68.2376561164856
-31.578848265164506,19.40688561990794,68.2376561164856
-31.578848265164506,19.40688561990794,68.2376561164856
-31.578848265164506,19.40688561990794,68.2376561164856
-31.578848265164506,19.40688561990794,68.2376561164856
-31.578848265164506,19.40688561990794,68.2376561164856
-31.578848265164506,19.40688561990794,68.2376561164856
-31.578848265164506,19.40688561990794,68.2376561164856
-31.578848265164506,19.40688561990794,68.2376561164856
-31.578848265164506,19.40688561990794,68.2376561164856
-31.451590033494735,19.506608706885437,68.2376561164856
-31.451590033494735,19.506608706885437,68.2376561164856
-31.451590033494735,19.506608706885437,68.2376561164856
-31.451590033494735,19.506608706885437,68.2376561164856
-31.451590033494735,19.506608706885437,68.2376561164856
-31.451590033494735,19.506608706885437,68.2376561164856
-31.451590033494735,19.506608706885437,68.2376561164856
-31.451590033494735,19.506608706885437,68.2376561164856
-31.451590033494735,19.506608706885437,68.2376561164856
-31.367535130962032,19.590554256276377,68.2376561164856
-31.367535130962032,19.590554256276377,68.2376561164856
-31.367535130962032,19.590554256276377,68.2376561164856
-31.367535130962032,19.590554256276377,68.2376561164856
-31.367535130962032,19.590554256276377,68.2376561164856
-31.367535130962032,19.590554256276377,68.2376561164856
-31.22484426492391,19.70773163258806,68.2376561164856
-31.22484426492391,19.70773163258806,68.2376561164856
-31.22484426492391,19.70773163258806,68.2376561164856
-31.22484426492391,19.70773163258806,68.2376561164856
-31.22484426492391,19.70773163258806,68.2376561164856
-31.22484426492391,19.70773163258806,68.2376561164856
-31.149241707637273,19.78434096214312,68.2376561164856
-31.149241707637273,19.78434096214312,68.2376561164856
-31.149241707637273,19.78434096214312,68.2376561164856
-31.149241707637273,19.78434096214312,68.2376561164856
-31.149241707637273,19.78434096214312,68.2376561164856
-31.149241707637273,19.78434096214312,68.2376561164856
-31.020367590944776,19.892094010169192,68.2376561164856
-31.020367590944776,19.892094010169192,68.2376561164856
-31.020367590944776,19.892094010169192,68.2376561164856
-31.020367590944776,19.892094010169192,68.2376561164856
-31.020367590944776,19.892094010169192,68.2376561164856
-31.020367590944776,19.892094010169192,68.2376561164856
-30.93053218933576,19.96905005887701,68.2376561164856
-30.93053218933576,19.96905005887701,68.2376561164856
-30.93053218933576,19.96905005887701,68.2376561164856
-30.93053218933576,19.96905005887701,68.2376561164856
-30.93053218933576,19.96905005887701,68.2376561164856
-30.93053218933576,19.96905005887701,68.2376561164856
-30.93053218933576,19.96905005887701,68.2376561164856
-30.93053218933576,19.96905005887701,68.2376561164856
-30.838933930615454,20.039703654601944,68.2376561164856
-30.838933930615454,20.039703654601944,68.2376561164856
-30.838933930615454,20.039703654601944,68.2376561164856
-30.838933930615454,20.039703654601944,68.2376561164856
-30.838933930615454,20.039703654601944,68.2376561164856
-30.838933930615454,20.039703654601944,68.2376561164856
-30.838933930615454,20.039703654601944,68.2376561164856
-30.838933930615454,20.039703654601944,68.2376561164856
-30.625596935821815,20.18251358129063,68.2376561164856
-30.625596935821815,20.18251358129063,68.2376561164856
-30.625596935821815,20.18251358129063,68.2376561164856
-30.625596935821815,20.18251358129063,68.2376561164856
-30.625596935821815,20.18251358129063,68.2376561164856
-30.625596935821815,20.18251358129063,68.2376561164856
-30.44516897887003,20.28057726778933,68.2376561164856
-30.44516897887003,20.28057726778933,68.2376561164856
-30.44516897887003,20.28057726778933,68.2376561164856
-30.44516897887003,20.28057726778933,68.2376561164856
-30.44516897887003,20.28057726778933,68.2376561164856
-30.44516897887003,20.28057726778933,68.2376561164856
-30.310140273233493,20.343753905287414,68.2376561164856
-30.310140273233493,20.343753905287414,68.2376561164856
-30.310140273233493,20.343753905287414,68.2376561164856
-30.310140273233493,20.343753905287414,68.2376561164856
-30.310140273233493,20.343753905287414,68.2376561164856
-30.310140273233493,20.343753905287414,68.2376561164856
-30.310140273233493,20.343753905287414,68.2376561164856
-30.144353552372127,20.454673601429747,68.2376561164856
-30.144353552372127,20.454673601429747,68.2376561164856
-30.144353552372127,20.454673601429747,68.2376561164856
-30.144353552372127,20.454673601429747,68.2376561164856
-30.144353552372127,20.454673601429747,68.2376561164856
-30.03325070736898,20.53974035706308,68.2376561164856
-30.03325070736898,20.53974035706308,68.2376561164856
-30.03325070736898,20.53974035706308,68.2376561164856
-30.03325070736898,20.53974035706308,68.2376561164856
-30.03325070736898,20.53974035706308,68.2376561164856
-30.03325070736898,20.53974035706308,68.2376561164856
-29.92574413586134,20.621358837330263,68.2376561164856
-29.92574413586134,20.621358837330263,68.2376561164856
-29.92574413586134,20.621358837330263,68.2376561164856
-29.92574413586134,20.621358837330263,68.2376561164856
-29.92574413586134,20.621358837330263,68.2376561164856
-29.92574413586134,20.621358837330263,68.2376561164856
-29.92574413586134,20.621358837330263,68.2376561164856
-29.760715878131176,20.7490404679834,68.2376561164856
-29.760715878131176,20.7490404679834,68.2376561164856
-29.760715878131176,20.7490404679834,68.2376561164856
-29.760715878131176,20.7490404679834,68.2376561164856
-29.760715878131176,20.7490404679834,68.2376561164856
-29.760715878131176,20.7490404679834,68.2376561164856
-29.61522920860009,20.86891038143619,68.2376561164856
-29.61522920860009,20.86891038143619,68.2376561164856
-29.61522920860009,20.86891038143619,68.2376561164856
-29.61522920860009,20.86891038143619,68.2376561164856
-29.61522920860009,20.86891038143619,68.2376561164856
-29.61522920860009,20.86891038143619,68.2376561164856
-29.514414701894708,20.957437001818416,68.2376561164856
-29.514414701894708,20.957437001818416,68.2376561164856
-29.514414701894708,20.957437001818416,68.2376561164856
-29.514414701894708,20.957437001818416,68.2376561164856
-29.514414701894708,20.957437001818416,68.2376561164856
-29.514414701894708,20.957437001818416,68.2376561164856
-29.424420908032932,21.034648153952233,68.2376561164856
-29.424420908032932,21.034648153952233,68.2376561164856
-29.424420908032932,21.034648153952233,68.2376561164856
-29.424420908032932,21.034648153952233,68.2376561164856
-29.424420908032932,21.034648153952233,68.2376561164856
-29.424420908032932,21.034648153952233,68.2376561164856
-29.269457053371156,21.156750886128396,68.2376561164856
-29.269457053371156,21.156750886128396,68.2376561164856
-29.269457053371156,21.156750886128396,68.2376561164856
-29.269457053371156,21.156750886128396,68.2376561164856
-29.269457053371156,21.156750886128396,68.2376561164856
-29.269457053371156,21.156750886128396,68.2376561164856
-29.175531156591493,21.23446832923713,68.2376561164856
-29.175531156591493,21.23446832923713,68.2376561164856
-29.175531156591493,21.23446832923713,68.2376561164856
-29.175531156591493,21.23446832923713,68.2376561164856
-29.175531156591493,21.23446832923713,68.2376561164856
-29.175531156591493,21.23446832923713,68.2376561164856
-29.175531156591493,21.23446832923713,68.2376561164856
-29.175531156591493,21.23446832923713,68.2376561164856
-29.022929757241723,21.352102148483407,68.2376561164856
-29.022929757241723,21.352102148483407,68.2376561164856
-29.022929757241723,21.352102148483407,68.2376561164856
-29.022929757241723,21.352102148483407,68.2376561164856
-29.022929757241723,21.352102148483407,68.2376561164856
-29.022929757241723,21.352102148483407,68.2376561164856
-29.022929757241723,21.352102148483407,68.2376561164856
-28.88592471141112,21.459936258148076,68.2376561164856
-28.88592471141112,21.459936258148076,68.2376561164856
-28.88592471141112,21.459936258148076,68.2376561164856
-28.88592471141112,21.459936258148076,68.2376561164856
-28.88592471141112,21.459936258148076,68.2376561164856
-28.88592471141112,21.459936258148076,68.2376561164856
-28.88592471141112,21.459936258148076,68.2376561164856
-28.88592471141112,21.459936258148076,68.2376561164856
-28.742534945979198,21.57896559984281,68.2376561164856
-28.742534945979198,21.57896559984281,68.2376561164856
-28.742534945979198,21.57896559984281,68.2376561164856
-28.742534945979198,21.57896559984281,68.2376561164856
-28.742534945979198,21.57896559984281,68.2376561164856
-28.742534945979198,21.57896559984281,68.2376561164856
-28.57678051932235,21.70835779034519,68.2376561164856
-28.57678051932235,21.70835779034519,68.2376561164856
-28.57678051932235,21.70835779034519,68.2376561164856
-28.57678051932235,21.70835779034519,68.2376561164856
-28.57678051932235,21.70835779034519,68.2376561164856
-28.57678051932235,21.70835779034519,68.2376561164856
-28.47782084990924,21.790977364063618,68.2376561164856
-28.47782084990924,21.790977364063618,68.2376561164856
-28.47782084990924,21.790977364063618,68.2376561164856
-28.47782084990924,21.790977364063618,68.2376561164856
-28.47782084990924,21.790977364063618,68.2376561164856
-28.47782084990924,21.790977364063618,68.2376561164856
-28.338114987899555,21.912382596370097,68.2376561164856
-28.338114987899555,21.912382596370097,68.2376561164856
-28.338114987899555,21.912382596370097,68.2376561164856
-28.338114987899555,21.912382596370097,68.2376561164856
-28.338114987899555,21.912382596370097,68.2376561164856
-28.240504889575863,21.997526830748818,68.2376561164856
-28.240504889575863,21.997526830748818,68.2376561164856
-28.240504889575863,21.997526830748818,68.2376561164856
-28.240504889575863,21.997526830748818,68.2376561164856
-28.240504889575863,21.997526830748818,68.2376561164856
-28.129624440084882,22.084195869038865,68.2376561164856
-28.129624440084882,22.084195869038865,68.2376561164856
-28.129624440084882,22.084195869038865,68.2376561164856
-28.129624440084882,22.084195869038865,68.2376561164856
-28.129624440084882,22.084195869038865,68.2376561164856
-28.129624440084882,22.084195869038865,68.2376561164856
-28.129624440084882,22.084195869038865,68.2376561164856
-28.036546642269272,22.16143951637785,68.2376561164856
-28.036546642269272,22.16143951637785,68.2376561164856
-28.036546642269272,22.16143951637785,68.2376561164856
-28.036546642269272,22.16143951637785,68.2376561164856
-28.036546642269272,22.16143951637785,68.2376561164856
-28.036546642269272,22.16143951637785,68.2376561164856
-27.879840768299363,22.287249552480233,68.2376561164856
-27.879840768299363,22.287249552480233,68.2376561164856
-27.879840768299363,22.287249552480233,68.2376561164856
-27.879840768299363,22.287249552480233,68.2376561164856
-27.879840768299363,22.287249552480233,68.2376561164856
-27.78237022606013,22.368626309026446,68.2376561164856
-27.78237022606013,22.368626309026446,68.2376561164856
-27.78237022606013,22.368626309026446,68.2376561164856
-27.78237022606013,22.368626309026446,68.2376561164856
-27.78237022606013,22.368626309026446,68.2376561164856
-27.78237022606013,22.368626309026446,68.2376561164856
-27.78237022606013,22.368626309026446,68.2376561164856
-27.62706358484434,22.488937323497044,68.2376561164856
-27.62706358484434,22.488937323497044,68.2376561164856
-27.62706358484434,22.488937323497044,68.2376561164856
-27.62706358484434,22.488937323497044,68.2376561164856
-27.62706358484434,22.488937323497044,68.2376561164856
-27.514969257771288,22.56403440564754,68.2376561164856
-27.514969257771288,22.56403440564754,68.2376561164856
-27.514969257771288,22.56403440564754,68.2376561164856
-27.514969257771288,22.56403440564754,68.2376561164856
-27.514969257771288,22.56403440564754,68.2376561164856
-27.514969257771288,22.56403440564754,68.2376561164856
-27.416772260831898,22.632515950477035,68.2376561164856
-27.416772260831898,22.632515950477035,68.2376561164856
-27.416772260831898,22.632515950477035,68.2376561164856
-27.416772260831898,22.632515950477035,68.2376561164856
-27.416772260831898,22.632515950477035,68.2376561164856
-27.416772260831898,22.632515950477035,68.2376561164856
-27.30333657975729,22.713084961781863,68.2376561164856
-27.30333657975729,22.713084961781863,68.2376561164856
-27.30333657975729,22.713084961781863,68.2376561164856
-27.30333657975729,22.713084961781863,68.2376561164856
-27.30333657975729,22.713084961781863,68.2376561164856
-27.141238478870545,22.827956004506404,68.2376561164856
-27.141238478870545,22.827956004506404,68.2376561164856
-27.141238478870545,22.827956004506404,68.2376561164856
-27.141238478870545,22.827956004506404,68.2376561164856
-27.141238478870545,22.827956004506404,68.2376561164856
-27.032289929138138,22.90868098493448,68.2376561164856
-27.032289929138138,22.90868098493448,68.2376561164856
-27.032289929138138,22.90868098493448,68.2376561164856
-27.032289929138138,22.90868098493448,68.2376561164856
-27.032289929138138,22.90868098493448,68.2376561164856
-27.032289929138138,22.90868098493448,68.2376561164856
-27.032289929138138,22.90868098493448,68.2376561164856
-26.921790142021297,22.984734776656442,68.2376561164856
-26.921790142021297,22.984734776656442,68.2376561164856
-26.921790142021297,22.984734776656442,68.2376561164856
-26.921790142021297,22.984734776656442,68.2376561164856
-26.921790142021297,22.984734776656442,68.2376561164856
-26.921790142021297,22.984734776656442,68.2376561164856
-26.921790142021297,22.984734776656442,68.2376561164856
-26.921790142021297,22.984734776656442,68.2376561164856
-26.733136749835445,23.105228847072343,68.2376561164856
-26.733136749835445,23.105228847072343,68.2376561164856
-26.733136749835445,23.105228847072343,68.2376561164856
-26.733136749835445,23.105228847072343,68.2376561164856
-26.733136749835445,23.105228847072343,68.2376561164856
-26.733136749835445,23.105228847072343,68.2376561164856
-26.733136749835445,23.105228847072343,68.2376561164856
-26.551621504934378,23.213806657247552,68.2376561164856
-26.551621504934378,23.213806657247552,68.2376561164856
-26.551621504934378,23.213806657247552,68.2376561164856
-26.551621504934378,23.213806657247552,68.2376561164856
-26.551621504934378,23.213806657247552,68.2376561164856
-26.551621504934378,23.213806657247552,68.2376561164856
-26.551621504934378,23.213806657247552,68.2376561164856
-26.372787659938847,23.3201129310576,68.2376561164856
-26.372787659938847,23.3201129310576,68.2376561164856
-26.372787659938847,23.3201129310576,68.2376561164856
-26.372787659938847,23.3201129310576,68.2376561164856
-26.372787659938847,23.3201129310576,68.2376561164856
-26.372787659938847,23.3201129310576,68.2376561164856
-26.25361946198652,23.397165726637954,68.2376561164856
-26.25361946198652,23.397165726637954,68.2376561164856
-26.25361946198652,23.397165726637954,68.2376561164856
-26.25361946198652,23.397165726637954,68.2376561164856
-26.25361946198652,23.397165726637954,68.2376561164856
-26.25361946198652,23.397165726637954,68.2376561164856
-26.033148489113064,23.512484941045695,68.2376561164856
-26.033148489113064,23.512484941045695,68.2376561164856
-26.033148489113064,23.512484941045695,68.2376561164856
-26.033148489113064,23.512484941045695,68.2376561164856
-26.033148489113064,23.512484941045695,68.2376561164856
-26.033148489113064,23.512484941045695,68.2376561164856
-26.033148489113064,23.512484941045695,68.2376561164856
-25.886060676344925,23.593328656938315,68.2376561164856
-25.886060676344925,23.593328656938315,68.2376561164856
-25.886060676344925,23.593328656938315,68.2376561164856
-25.886060676344925,23.593328656938315,68.2376561164856
-25.886060676344925,23.593328656938315,68.2376561164856
-25.886060676344925,23.593328656938315,68.2376561164856
-25.66342290969195,23.694779674895972,68.2376561164856
-25.66342290969195,23.694779674895972,68.2376561164856
-25.66342290969195,23.694779674895972,68.2376561164856
-25.66342290969195,23.694779674895972,68.2376561164856
-25.66342290969195,23.694779674895972,68.2376561164856
-25.66342290969195,23.694779674895972,68.2376561164856
-25.66342290969195,23.694779674895972,68.2376561164856
-25.50604749235391,23.769476548667654,68.2376561164856
-25.50604749235391,23.769476548667654,68.2376561164856
-25.50604749235391,23.769476548667654,68.2376561164856
-25.50604749235391,23.769476548667654,68.2376561164856
-25.50604749235391,23.769476548667654,68.2376561164856
-25.50604749235391,23.769476548667654,68.2376561164856
-25.29593061785446,23.85332692052032,68.2376561164856
-25.29593061785446,23.85332692052032,68.2376561164856
-25.29593061785446,23.85332692052032,68.2376561164856
-25.29593061785446,23.85332692052032,68.2376561164856
-25.29593061785446,23.85332692052032,68.2376561164856
-25.29593061785446,23.85332692052032,68.2376561164856
-25.041236986282765,23.953631132711852,68.2376561164856
-25.041236986282765,23.953631132711852,68.2376561164856
-25.041236986282765,23.953631132711852,68.2376561164856
-25.041236986282765,23.953631132711852,68.2376561164856
-25.041236986282765,23.953631132711852,68.2376561164856
-25.041236986282765,23.953631132711852,68.2376561164856
-25.041236986282765,23.953631132711852,68.2376561164856
-24.84580486004352,24.028951645502286,68.2376561164856
-24.84580486004352,24.028951645502286,68.2376561164856
-24.84580486004352,24.028951645502286,68.2376561164856
-24.84580486004352,24.028951645502286,68.2376561164856
-24.84580486004352,24.028951645502286,68.2376561164856
-24.84580486004352,24.028951645502286,68.2376561164856
-24.604597057494644,24.11135038076918,68.2376561164856
-24.604597057494644,24.11135038076918,68.2376561164856
-24.604597057494644,24.11135038076918,68.2376561164856
-24.604597057494644,24.11135038076918,68.2376561164856
-24.604597057494644,24.11135038076918,68.2376561164856
-24.604597057494644,24.11135038076918,68.2376561164856
-24.604597057494644,24.11135038076918,68.2376561164856
-24.604597057494644,24.11135038076918,68.2376561164856
-24.604597057494644,24.11135038076918,68.2376561164856
-24.41754040389111,24.173870955953348,68.2376561164856
-24.41754040389111,24.173870955953348,68.2376561164856
-24.41754040389111,24.173870955953348,68.2376561164856
-24.41754040389111,24.173870955953348,68.2376561164856
-24.41754040389111,24.173870955953348,68.2376561164856
-24.41754040389111,24.173870955953348,68.2376561164856
-24.116372596176262,24.250565507628547,68.2376561164856
-24.116372596176262,24.250565507628547,68.2376561164856
-24.116372596176262,24.250565507628547,68.2376561164856
-24.116372596176262,24.250565507628547,68.2376561164856
-24.116372596176262,24.250565507628547,68.2376561164856
-24.116372596176262,24.250565507628547,68.2376561164856
-23.948301841651002,24.296208989997517,68.2376561164856
-23.948301841651002,24.296208989997517,68.2376561164856
-23.948301841651002,24.296208989997517,68.2376561164856
-23.948301841651002,24.296208989997517,68.2376561164856
-23.948301841651002,24.296208989997517,68.2376561164856
-23.948301841651002,24.296208989997517,68.2376561164856
-23.948301841651002,24.296208989997517,68.2376561164856
-23.948301841651002,24.296208989997517,68.2376561164856
-23.68703841805206,24.37568479519464,68.2376561164856
-23.68703841805206,24.37568479519464,68.2376561164856
-23.68703841805206,24.37568479519464,68.2376561164856
-23.68703841805206,24.37568479519464,68.2376561164856
-23.68703841805206,24.37568479519464,68.2376561164856
-23.68703841805206,24.37568479519464,68.2376561164856
-23.68703841805206,24.37568479519464,68.2376561164856
-23.426321237024748,24.43669078179515,68.2376561164856
-23.426321237024748,24.43669078179515,68.2376561164856
-23.426321237024748,24.43669078179515,68.2376561164856
-23.426321237024748,24.43669078179515,68.2376561164856
-23.426321237024748,24.43669078179515,68.2376561164856
-23.426321237024748,24.43669078179515,68.2376561164856
-23.18438339576259,24.47476763541716,68.2376561164856
-23.18438339576259,24.47476763541716,68.2376561164856
-23.18438339576259,24.47476763541716,68.2376561164856
-23.18438339576259,24.47476763541716,68.2376561164856
-23.18438339576259,24.47476763541716,68.2376561164856
-23.18438339576259,24.47476763541716,68.2376561164856
-23.02595741264423,24.501375091973113,68.2376561164856
-23.02595741264423,24.501375091973113,68.2376561164856
-23.02595741264423,24.501375091973113,68.2376561164856
-23.02595741264423,24.501375091973113,68.2376561164856
-23.02595741264423,24.501375091973113,68.2376561164856
-23.02595741264423,24.501375091973113,68.2376561164856
-22.86194152663181,24.52726991467911,68.2376561164856
-22.86194152663181,24.52726991467911,68.2376561164856
-22.86194152663181,24.52726991467911,68.2376561164856
-22.86194152663181,24.52726991467911,68.2376561164856
-22.86194152663181,24.52726991467911,68.2376561164856
-22.86194152663181,24.52726991467911,68.2376561164856
-22.601581215069267,24.564879123010023,68.2376561164856
-22.601581215069267,24.564879123010023,68.2376561164856
-22.601581215069267,24.564879123010023,68.2376561164856
-22.601581215069267,24.564879123010023,68.2376561164856
-22.601581215069267,24.564879123010023,68.2376561164856
-22.601581215069267,24.564879123010023,68.2376561164856
-22.367370345413324,24.585720724091633,68.2376561164856
-22.367370345413324,24.585720724091633,68.2376561164856
-22.367370345413324,24.585720724091633,68.2376561164856
-22.367370345413324,24.585720724091633,68.2376561164856
-22.367370345413324,24.585720724091633,68.2376561164856
-22.367370345413324,24.585720724091633,68.2376561164856
-22.367370345413324,24.585720724091633,68.2376561164856
-22.213389183080164,24.59744081522539,68.2376561164856
-22.213389183080164,24.59744081522539,68.2376561164856
-22.213389183080164,24.59744081522539,68.2376561164856
-22.213389183080164,24.59744081522539,68.2376561164856
-22.213389183080164,24.59744081522539,68.2376561164856
-22.213389183080164,24.59744081522539,68.2376561164856
-22.08080771768043,24.610568696163,68.2376561164856
-22.08080771768043,24.610568696163,68.2376561164856
-22.08080771768043,24.610568696163,68.2376561164856
-22.08080771768043,24.610568696163,68.2376561164856
-22.08080771768043,24.610568696163,68.2376561164856
-22.08080771768043,24.610568696163,68.2376561164856
-21.862066062035844,24.624002415721716,68.2376561164856
-21.862066062035844,24.624002415721716,68.2376561164856
-21.862066062035844,24.624002415721716,68.2376561164856
-21.862066062035844,24.624002415721716,68.2376561164856
-21.862066062035844,24.624002415721716,68.2376561164856
-21.73799326835727,24.62870051394588,68.2376561164856
-21.73799326835727,24.62870051394588,68.2376561164856
-21.73799326835727,24.62870051394588,68.2376561164856
-21.73799326835727,24.62870051394588,68.2376561164856
-21.73799326835727,24.62870051394588,68.2376561164856
-21.73799326835727,24.62870051394588,68.2376561164856
-21.620417546047953,24.63334282429011,68.2376561164856
-21.620417546047953,24.63334282429011,68.2376561164856
-21.620417546047953,24.63334282429011,68.2376561164856
-21.620417546047953,24.63334282429011,68.2376561164856
-21.620417546047953,24.63334282429011,68.2376561164856
-21.620417546047953,24.63334282429011,68.2376561164856
-21.385265343890225,24.644943244764445,68.2376561164856
-21.385265343890225,24.644943244764445,68.2376561164856
-21.385265343890225,24.644943244764445,68.2376561164856
-21.385265343890225,24.644943244764445,68.2376561164856
-21.385265343890225,24.644943244764445,68.2376561164856
-21.23826274279236,24.655062948460557,68.2376561164856
-21.23826274279236,24.655062948460557,68.2376561164856
-21.23826274279236,24.655062948460557,68.2376561164856
-21.23826274279236,24.655062948460557,68.2376561164856
-21.23826274279236,24.655062948460557,68.2376561164856
-21.23826274279236,24.655062948460557,68.2376561164856
-21.105133702303426,24.664044575706505,68.2376561164856
-21.105133702303426,24.664044575706505,68.2376561164856
-21.105133702303426,24.664044575706505,68.2376561164856
-21.105133702303426,24.664044575706505,68.2376561164856
-21.105133702303426,24.664044575706505,68.2376561164856
-21.105133702303426,24.664044575706505,68.2376561164856
-20.987809884940418,24.660114394262052,68.2376561164856
-20.987809884940418,24.660114394262052,68.2376561164856
-20.987809884940418,24.660114394262052,68.2376561164856
-20.987809884940418,24.660114394262052,68.2376561164856
-20.987809884940418,24.660114394262052,68.2376561164856
-20.987809884940418,24.660114394262052,68.2376561164856
-20.796848742593454,24.666456309900582,68.2376561164856
-20.796848742593454,24.666456309900582,68.2376561164856
-20.796848742593454,24.666456309900582,68.2376561164856
-20.796848742593454,24.666456309900582,68.2376561164856
-20.796848742593454,24.666456309900582,68.2376561164856
-20.796848742593454,24.666456309900582,68.2376561164856
-20.66767488352,24.672689416665385,68.2376561164856
-20.66767488352,24.672689416665385,68.2376561164856
-20.66767488352,24.672689416665385,68.2376561164856
-20.66767488352,24.672689416665385,68.2376561164856
-20.66767488352,24.672689416665385,68.2376561164856
-20.66767488352,24.672689416665385,68.2376561164856
-20.487147810616815,24.68724029178445,68.2376561164856
-20.487147810616815,24.68724029178445,68.2376561164856
-20.487147810616815,24.68724029178445,68.2376561164856
-20.487147810616815,24.68724029178445,68.2376561164856
-20.487147810616815,24.68724029178445,68.2376561164856
-20.487147810616815,24.68724029178445,68.2376561164856
-20.349995802986573,24.702439529299465,68.2376561164856
-20.349995802986573,24.702439529299465,68.2376561164856
-20.349995802986573,24.702439529299465,68.2376561164856
-20.349995802986573,24.702439529299465,68.2376561164856
-20.349995802986573,24.702439529299465,68.2376561164856
-20.349995802986573,24.702439529299465,68.2376561164856
-20.201350800465676,24.721079790590128,68.2376561164856
-20.201350800465676,24.721079790590128,68.2376561164856
-20.201350800465676,24.721079790590128,68.2376561164856
-20.201350800465676,24.721079790590128,68.2376561164856
-20.201350800465676,24.721079790590128,68.2376561164856
-20.201350800465676,24.721079790590128,68.2376561164856
-19.97709323964163,24.741435652507917,68.2376561164856
-19.97709323964163,24.741435652507917,68.2376561164856
-19.97709323964163,24.741435652507917,68.2376561164856
-19.97709323964163,24.741435652507917,68.2376561164856
-19.97709323964163,24.741435652507917,68.2376561164856
-19.828369138360973,24.7544387378872,68.2376561164856
-19.828369138360973,24.7544387378872,68.2376561164856
-19.828369138360973,24.7544387378872,68.2376561164856
-19.828369138360973,24.7544387378872,68.2376561164856
-19.828369138360973,24.7544387378872,68.2376561164856
-19.828369138360973,24.7544387378872,68.2376561164856
-19.588750836904577,24.775690288587757,68.2376561164856
-19.588750836904577,24.775690288587757,68.2376561164856
-19.588750836904577,24.775690288587757,68.2376561164856
-19.588750836904577,24.775690288587757,68.2376561164856
-19.588750836904577,24.775690288587757,68.2376561164856
-19.588750836904577,24.775690288587757,68.2376561164856
-19.46149511341093,24.78216643241992,68.2376561164856
-19.46149511341093,24.78216643241992,68.2376561164856
-19.46149511341093,24.78216643241992,68.2376561164856
-19.46149511341093,24.78216643241992,68.2376561164856
-19.46149511341093,24.78216643241992,68.2376561164856
-19.46149511341093,24.78216643241992,68.2376561164856
-19.336699475090274,24.7915967923235,68.2376561164856
-19.336699475090274,24.7915967923235,68.2376561164856
-19.336699475090274,24.7915967923235,68.2376561164856
-19.336699475090274,24.7915967923235,68.2376561164856
-19.336699475090274,24.7915967923235,68.2376561164856
-19.175380427830422,24.79797268839539,68.2376561164856
-19.175380427830422,24.79797268839539,68.2376561164856
-19.175380427830422,24.79797268839539,68.2376561164856
-19.175380427830422,24.79797268839539,68.2376561164856
-19.175380427830422,24.79797268839539,68.2376561164856
-19.175380427830422,24.79797268839539,68.2376561164856
-18.995915848085353,24.799797396645772,68.2376561164856
-18.995915848085353,24.799797396645772,68.2376561164856
-18.995915848085353,24.799797396645772,68.2376561164856
-18.995915848085353,24.799797396645772,68.2376561164856
-18.995915848085353,24.799797396645772,68.2376561164856
-18.995915848085353,24.799797396645772,68.2376561164856
-18.9003717211789,24.79078695335116,68.2376561164856
-18.9003717211789,24.79078695335116,68.2376561164856
-18.9003717211789,24.79078695335116,68.2376561164856
-18.9003717211789,24.79078695335116,68.2376561164856
-18.9003717211789,24.79078695335116,68.2376561164856
-18.9003717211789,24.79078695335116,68.2376561164856
-18.9003717211789,24.79078695335116,68.2376561164856
-18.715596939021534,24.78610409236839,68.2376561164856
-18.715596939021534,24.78610409236839,68.2376561164856
-18.715596939021534,24.78610409236839,68.2376561164856
-18.715596939021534,24.78610409236839,68.2376561164856
-18.715596939021534,24.78610409236839,68.2376561164856
-18.715596939021534,24.78610409236839,68.2376561164856
-18.6042188048402,24.775481018262546,68.2376561164856
-18.6042188048402,24.775481018262546,68.2376561164856
-18.6042188048402,24.775481018262546,68.2376561164856
-18.6042188048402,24.775481018262546,68.2376561164856
-18.6042188048402,24.775481018262546,68.2376561164856
-18.6042188048402,24.775481018262546,68.2376561164856
-18.42884965088998,24.785455465187766,68.2376561164856
-18.42884965088998,24.785455465187766,68.2376561164856
-18.42884965088998,24.785455465187766,68.2376561164856
-18.42884965088998,24.785455465187766,68.2376561164856
-18.42884965088998,24.785455465187766,68.2376561164856
-18.42884965088998,24.785455465187766,68.2376561164856
-18.247176761884454,24.789408780226783,68.2376561164856
-18.247176761884454,24.789408780226783,68.2376561164856
-18.247176761884454,24.789408780226783,68.2376561164856
-18.247176761884454,24.789408780226783,68.2376561164856
-18.247176761884454,24.789408780226783,68.2376561164856
-18.247176761884454,24.789408780226783,68.2376561164856
-18.112880478238907,24.78761349925173,68.2376561164856
-18.112880478238907,24.78761349925173,68.2376561164856
-18.112880478238907,24.78761349925173,68.2376561164856
-18.112880478238907,24.78761349925173,68.2376561164856
-18.112880478238907,24.78761349925173,68.2376561164856
-18.112880478238907,24.78761349925173,68.2376561164856
-18.112880478238907,24.78761349925173,68.2376561164856
-17.969257785510198,24.78785891430305,68.2376561164856
-17.969257785510198,24.78785891430305,68.2376561164856
-17.969257785510198,24.78785891430305,68.2376561164856
-17.969257785510198,24.78785891430305,68.2376561164856
-17.969257785510198,24.78785891430305,68.2376561164856
-17.969257785510198,24.78785891430305,68.2376561164856
-17.85424002119958,24.79507960385173,68.2376561164856
-17.85424002119958,24.79507960385173,68.2376561164856
-17.85424002119958,24.79507960385173,68.2376561164856
-17.85424002119958,24.79507960385173,68.2376561164856
-17.85424002119958,24.79507960385173,68.2376561164856
-17.85424002119958,24.79507960385173,68.2376561164856
-17.85424002119958,24.79507960385173,68.2376561164856
-17.651410019431633,24.818804139994267,68.2376561164856
-17.651410019431633,24.818804139994267,68.2376561164856
-17.651410019431633,24.818804139994267,68.2376561164856
-17.651410019431633,24.818804139994267,68.2376561164856
-17.651410019431633,24.818804139994267,68.2376561164856
-17.445021157002614,24.83246536160749,68.2376561164856
-17.445021157002614,24.83246536160749,68.2376561164856
-17.445021157002614,24.83246536160749,68.2376561164856
-17.445021157002614,24.83246536160749,68.2376561164856
-17.445021157002614,24.83246536160749,68.2376561164856
-17.445021157002614,24.83246536160749,68.2376561164856
-17.445021157002614,24.83246536160749,68.2376561164856
-17.31650100659398,24.831261160218762,68.2376561164856
-17.31650100659398,24.831261160218762,68.2376561164856
-17.31650100659398,24.831261160218762,68.2376561164856
-17.31650100659398,24.831261160218762,68.2376561164856
-17.31650100659398,24.831261160218762,68.2376561164856
-17.31650100659398,24.831261160218762,68.2376561164856
-17.100100681390174,24.83791730726985,68.2376561164856
-17.100100681390174,24.83791730726985,68.2376561164856
-17.100100681390174,24.83791730726985,68.2376561164856
-17.100100681390174,24.83791730726985,68.2376561164856
-17.100100681390174,24.83791730726985,68.2376561164856
-17.100100681390174,24.83791730726985,68.2376561164856
-16.9726886256174,24.840516412900268,68.2376561164856
-16.9726886256174,24.840516412900268,68.2376561164856
-16.9726886256174,24.840516412900268,68.2376561164856
-16.9726886256174,24.840516412900268,68.2376561164856
-16.9726886256174,24.840516412900268,68.2376561164856
-16.9726886256174,24.840516412900268,68.2376561164856
-16.9726886256174,24.840516412900268,68.2376561164856
-16.828160278273128,24.848451948830657,68.2376561164856
-16.828160278273128,24.848451948830657,68.2376561164856
-16.828160278273128,24.848451948830657,68.2376561164856
-16.828160278273128,24.848451948830657,68.2376561164856
-16.828160278273128,24.848451948830657,68.2376561164856
-16.828160278273128,24.848451948830657,68.2376561164856
-16.639070979476113,24.861625260356902,68.2376561164856
-16.639070979476113,24.861625260356902,68.2376561164856
-16.639070979476113,24.861625260356902,68.2376561164856
-16.639070979476113,24.861625260356902,68.2376561164856
-16.639070979476113,24.861625260356902,68.2376561164856
-16.639070979476113,24.861625260356902,68.2376561164856
-16.50071524268577,24.871430184742092,68.2376561164856
-16.50071524268577,24.871430184742092,68.2376561164856
-16.50071524268577,24.871430184742092,68.2376561164856
-16.50071524268577,24.871430184742092,68.2376561164856
-16.50071524268577,24.871430184742092,68.2376561164856
-16.50071524268577,24.871430184742092,68.2376561164856
-16.50071524268577,24.871430184742092,68.2376561164856
-16.50071524268577,24.871430184742092,68.2376561164856
-16.292509299487417,24.89666305147339,68.2376561164856
-16.292509299487417,24.89666305147339,68.2376561164856
-16.292509299487417,24.89666305147339,68.2376561164856
-16.292509299487417,24.89666305147339,68.2376561164856
-16.292509299487417,24.89666305147339,68.2376561164856
-16.292509299487417,24.89666305147339,68.2376561164856
-16.292509299487417,24.89666305147339,68.2376561164856
-16.054997853128267,24.927652132903134,68.2376561164856
-16.054997853128267,24.927652132903134,68.2376561164856
-16.054997853128267,24.927652132903134,68.2376561164856
-16.054997853128267,24.927652132903134,68.2376561164856
-16.054997853128267,24.927652132903134,68.2376561164856
-16.054997853128267,24.927652132903134,68.2376561164856
-16.054997853128267,24.927652132903134,68.2376561164856
-15.822565311065375,24.943500738925,68.2376561164856
-15.822565311065375,24.943500738925,68.2376561164856
-15.822565311065375,24.943500738925,68.2376561164856
-15.822565311065375,24.943500738925,68.2376561164856
-15.822565311065375,24.943500738925,68.2376561164856
-15.822565311065375,24.943500738925,68.2376561164856
-15.822565311065375,24.943500738925,68.2376561164856
-15.666645428050595,24.945889623546222,68.2376561164856
-15.666645428050595,24.945889623546222,68.2376561164856
-15.666645428050595,24.945889623546222,68.2376561164856
-15.666645428050595,24.945889623546222,68.2376561164856
-15.666645428050595,24.945889623546222,68.2376561164856
-15.666645428050595,24.945889623546222,68.2376561164856
-15.666645428050595,24.945889623546222,68.2376561164856
-15.47209336461248,24.954043732751565,68.2376561164856
-15.47209336461248,24.954043732751565,68.2376561164856
-15.47209336461248,24.954043732751565,68.2376561164856
-15.47209336461248,24.954043732751565,68.2376561164856
-15.47209336461248,24.954043732751565,68.2376561164856
-15.47209336461248,24.954043732751565,68.2376561164856
-15.47209336461248,24.954043732751565,68.2376561164856
-15.284195758974402,24.96933335919527,68.2376561164856
-15.284195758974402,24.96933335919527,68.2376561164856
-15.284195758974402,24.96933335919527,68.2376561164856
-15.284195758974402,24.96933335919527,68.2376561164856
-15.284195758974402,24.96933335919527,68.2376561164856
-15.284195758974402,24.96933335919527,68.2376561164856
-15.284195758974402,24.96933335919527,68.2376561164856
-15.055766350749423,24.979330208209323,68.2376561164856
-15.055766350749423,24.979330208209323,68.2376561164856
-15.055766350749423,24.979330208209323,68.2376561164856
-15.055766350749423,24.979330208209323,68.2376561164856
-15.055766350749423,24.979330208209323,68.2376561164856
-15.055766350749423,24.979330208209323,68.2376561164856
-15.055766350749423,24.979330208209323,68.2376561164856
-15.055766350749423,24.979330208209323,68.2376561164856
-14.822935835787012,24.99371328224769,68.2376561164856
-14.822935835787012,24.99371328224769,68.2376561164856
-14.822935835787012,24.99371328224769,68.2376561164856
-14.822935835787012,24.99371328224769,68.2376561164856
-14.822935835787012,24.99371328224769,68.2376561164856
-14.822935835787012,24.99371328224769,68.2376561164856
-14.822935835787012,24.99371328224769,68.2376561164856
-14.594354883008304,25.01234767450822,68.2376561164856
-14.594354883008304,25.01234767450822,68.2376561164856
-14.594354883008304,25.01234767450822,68.2376561164856
-14.594354883008304,25.01234767450822,68.2376561164856
-14.594354883008304,25.01234767450822,68.2376561164856
-14.594354883008304,25.01234767450822,68.2376561164856
-14.594354883008304,25.01234767450822,68.2376561164856
-14.32679948523327,25.045660804003926,68.2376561164856
-14.32679948523327,25.045660804003926,68.2376561164856
-14.32679948523327,25.045660804003926,68.2376561164856
-14.32679948523327,25.045660804003926,68.2376561164856
-14.32679948523327,25.045660804003926,68.2376561164856
-14.32679948523327,25.045660804003926,68.2376561164856
-14.32679948523327,25.045660804003926,68.2376561164856
-14.078616288282808,25.066898279414215,68.2376561164856
-14.078616288282808,25.066898279414215,68.2376561164856
-14.078616288282808,25.066898279414215,68.2376561164856
-14.078616288282808,25.066898279414215,68.2376561164856
-14.078616288282808,25.066898279414215,68.2376561164856
-14.078616288282808,25.066898279414215,68.2376561164856
-14.078616288282808,25.066898279414215,68.2376561164856
-13.918311806340729,25.076551104090026,68.2376561164856
-13.918311806340729,25.076551104090026,68.2376561164856
-13.918311806340729,25.076551104090026,68.2376561164856
-13.918311806340729,25.076551104090026,68.2376561164856
-13.918311806340729,25.076551104090026,68.2376561164856
-13.918311806340729,25.076551104090026,68.2376561164856
-13.918311806340729,25.076551104090026,68.2376561164856
-13.918311806340729,25.076551104090026,68.2376561164856
-13.685571879825373,25.08371592410755,68.2376561164856
-13.685571879825373,25.08371592410755,68.2376561164856
-13.685571879825373,25.08371592410755,68.2376561164856
-13.685571879825373,25.08371592410755,68.2376561164856
-13.685571879825373,25.08371592410755,68.2376561164856
-13.685571879825373,25.08371592410755,68.2376561164856
-13.685571879825373,25.08371592410755,68.2376561164856
-13.685571879825373,25.08371592410755,68.2376561164856
-13.491193511910957,25.0819579164541,68.2376561164856
-13.491193511910957,25.0819579164541,68.2376561164856
-13.491193511910957,25.0819579164541,68.2376561164856
-13.491193511910957,25.0819579164541,68.2376561164856
-13.491193511910957,25.0819579164541,68.2376561164856
-13.491193511910957,25.0819579164541,68.2376561164856
-13.491193511910957,25.0819579164541,68.2376561164856
-13.491193511910957,25.0819579164541,68.2376561164856
-13.20291810501258,25.087245873136947,68.2376561164856
-13.20291810501258,25.087245873136947,68.2376561164856
-13.20291810501258,25.087245873136947,68.2376561164856
-13.20291810501258,25.087245873136947,68.2376561164856
-13.20291810501258,25.087245873136947,68.2376561164856
-13.20291810501258,25.087245873136947,68.2376561164856
-13.20291810501258,25.087245873136947,68.2376561164856
-13.20291810501258,25.087245873136947,68.2376561164856
-13.20291810501258,25.087245873136947,68.2376561164856
-12.955313922606264,25.094848563953658,68.2376561164856
-12.955313922606264,25.094848563953658,68.2376561164856
-12.955313922606264,25.094848563953658,68.2376561164856
-12.955313922606264,25.094848563953658,68.2376561164856
-12.955313922606264,25.094848563953658,68.2376561164856
-12.955313922606264,25.094848563953658,68.2376561164856
-12.955313922606264,25.094848563953658,68.2376561164856
-12.955313922606264,25.094848563953658,68.2376561164856
-12.702852249865757,25.088237043082163,68.2376561164856
-12.702852249865757,25.088237043082163,68.2376561164856
-12.702852249865757,25.088237043082163,68.2376561164856
-12.702852249865757,25.088237043082163,68.2376561164856
-12.702852249865757,25.088237043082163,68.2376561164856
-12.702852249865757,25.088237043082163,68.2376561164856
-12.702852249865757,25.088237043082163,68.2376561164856
-12.702852249865757,25.088237043082163,68.2376561164856
-12.390005608272693,25.077759836104093,68.2376561164856
-12.390005608272693,25.077759836104093,68.2376561164856
-12.390005608272693,25.077759836104093,68.2376561164856
-12.390005608272693,25.077759836104093,68.2376561164856
-12.390005608272693,25.077759836104093,68.2376561164856
-12.390005608272693,25.077759836104093,68.2376561164856
-12.390005608272693,25.077759836104093,68.2376561164856
-12.390005608272693,25.077759836104093,68.2376561164856
-12.152836011659327,25.069002033328644,68.2376561164856
-12.152836011659327,25.069002033328644,68.2376561164856
-12.152836011659327,25.069002033328644,68.2376561164856
-12.152836011659327,25.069002033328644,68.2376561164856
-12.152836011659327,25.069002033328644,68.2376561164856
-12.152836011659327,25.069002033328644,68.2376561164856
-12.152836011659327,25.069002033328644,68.2376561164856
-12.152836011659327,25.069002033328644,68.2376561164856
-11.955119050888507,25.061097690735146,68.2376561164856
-11.955119050888507,25.061097690735146,68.2376561164856
-11.955119050888507,25.061097690735146,68.2376561164856
-11.955119050888507,25.061097690735146,68.2376561164856
-11.955119050888507,25.061097690735146,68.2376561164856
-11.955119050888507,25.061097690735146,68.2376561164856
-11.955119050888507,25.061097690735146,68.2376561164856
-11.691528743289496,25.057603905893036,68.2376561164856
-11.691528743289496,25.057603905893036,68.2376561164856
-11.691528743289496,25.057603905893036,68.2376561164856
-11.691528743289496,25.057603905893036,68.2376561164856
-11.691528743289496,25.057603905893036,68.2376561164856
-11.691528743289496,25.057603905893036,68.2376561164856
-11.691528743289496,25.057603905893036,68.2376561164856
-11.447537894848864,25.04927680651799,68.2376561164856
-11.447537894848864,25.04927680651799,68.2376561164856
-11.447537894848864,25.04927680651799,68.2376561164856
-11.447537894848864,25.04927680651799,68.2376561164856
-11.447537894848864,25.04927680651799,68.2376561164856
-11.447537894848864,25.04927680651799,68.2376561164856
-11.447537894848864,25.04927680651799,68.2376561164856
-11.447537894848864,25.04927680651799,68.2376561164856
-11.205453372336825,25.052079931709358,68.2376561164856
-11.205453372336825,25.052079931709358,68.2376561164856
-11.205453372336825,25.052079931709358,68.2376561164856
-11.205453372336825,25.052079931709358,68.2376561164856
-11.205453372336825,25.052079931709358,68.2376561164856
-11.205453372336825,25.052079931709358,68.2376561164856
-11.205453372336825,25.052079931709358,68.2376561164856
-10.9962950303107,25.058827301252162,68.2376561164856
-10.9962950303107,25.058827301252162,68.2376561164856
-10.9962950303107,25.058827301252162,68.2376561164856
-10.9962950303107,25.058827301252162,68.2376561164856
-10.9962950303107,25.058827301252162,68.2376561164856
-10.9962950303107,25.058827301252162,68.2376561164856
-10.9962950303107,25.058827301252162,68.2376561164856
-10.758253872488018,25.049147422101502,68.2376561164856
-10.758253872488018,25.049147422101502,68.2376561164856
-10.758253872488018,25.049147422101502,68.2376561164856
-10.758253872488018,25.049147422101502,68.2376561164856
-10.758253872488018,25.049147422101502,68.2376561164856
-10.758253872488018,25.049147422101502,68.2376561164856
-10.758253872488018,25.049147422101502,68.2376561164856
-10.52888242148379,25.028111112288535,68.2376561164856
-10.52888242148379,25.028111112288535,68.2376561164856
-10.52888242148379,25.028111112288535,68.2376561164856
-10.52888242148379,25.028111112288535,68.2376561164856
-10.52888242148379,25.028111112288535,68.2376561164856
-10.52888242148379,25.028111112288535,68.2376561164856
-10.52888242148379,25.028111112288535,68.2376561164856
-10.385933723238795,25.014587612277868,68.2376561164856
-10.385933723238795,25.014587612277868,68.2376561164856
-10.385933723238795,25.014587612277868,68.2376561164856
-10.385933723238795,25.014587612277868,68.2376561164856
-10.385933723238795,25.014587612277868,68.2376561164856
-10.385933723238795,25.014587612277868,68.2376561164856
-10.385933723238795,25.014587612277868,68.2376561164856
-10.188762563504572,25.000620614712624,68.2376561164856
-10.188762563504572,25.000620614712624,68.2376561164856
-10.188762563504572,25.000620614712624,68.2376561164856
-10.188762563504572,25.000620614712624,68.2376561164856
-10.188762563504572,25.000620614712624,68.2376561164856
-10.188762563504572,25.000620614712624,68.2376561164856
-10.188762563504572,25.000620614712624,68.2376561164856
-9.972676616022166,24.991736637977922,68.2376561164856
-9.972676616022166,24.991736637977922,68.2376561164856
-9.972676616022166,24.991736637977922,68.2376561164856
-9.972676616022166,24.991736637977922,68.2376561164856
-9.972676616022166,24.991736637977922,68.2376561164856
-9.972676616022166,24.991736637977922,68.2376561164856
-9.972676616022166,24.991736637977922,68.2376561164856
-9.707516861836949,24.98023437997621,68.2376561164856
-9.707516861836949,24.98023437997621,68.2376561164856
-9.707516861836949,24.98023437997621,68.2376561164856
-9.707516861836949,24.98023437997621,68.2376561164856
-9.707516861836949,24.98023437997621,68.2376561164856
-9.707516861836949,24.98023437997621,68.2376561164856
-9.707516861836949,24.98023437997621,68.2376561164856
-9.459660167452306,24.97057058980248,68.2376561164856
-9.459660167452306,24.97057058980248,68.2376561164856
-9.459660167452306,24.97057058980248,68.2376561164856
-9.459660167452306,24.97057058980248,68.2376561164856
-9.459660167452306,24.97057058980248,68.2376561164856
-9.459660167452306,24.97057058980248,68.2376561164856
-9.459660167452306,24.97057058980248,68.2376561164856
-9.264065340892685,24.953283804924574,68.2376561164856
-9.264065340892685,24.953283804924574,68.2376561164856
-9.264065340892685,24.953283804924574,68.2376561164856
-9.264065340892685,24.953283804924574,68.2376561164856
-9.264065340892685,24.953283804924574,68.2376561164856
-9.264065340892685,24.953283804924574,68.2376561164856
-9.264065340892685,24.953283804924574,68.2376561164856
-9.008899869418071,24.942492758914412,68.2376561164856
-9.008899869418071,24.942492758914412,68.2376561164856
-9.008899869418071,24.942492758914412,68.2376561164856
-9.008899869418071,24.942492758914412,68.2376561164856
-9.008899869418071,24.942492758914412,68.2376561164856
-9.008899869418071,24.942492758914412,68.2376561164856
-9.008899869418071,24.942492758914412,68.2376561164856
-8.765264809017753,24.941540317727068,68.2376561164856
-8.765264809017753,24.941540317727068,68.2376561164856
-8.765264809017753,24.941540317727068,68.2376561164856
-8.765264809017753,24.941540317727068,68.2376561164856
-8.765264809017753,24.941540317727068,68.2376561164856
-8.765264809017753,24.941540317727068,68.2376561164856
-8.765264809017753,24.941540317727068,68.2376561164856
-8.497121612365817,24.91984178678175,68.2376561164856
-8.497121612365817,24.91984178678175,68.2376561164856
-8.497121612365817,24.91984178678175,68.2376561164856
-8.497121612365817,24.91984178678175,68.2376561164856
-8.497121612365817,24.91984178678175,68.2376561164856
-8.497121612365817,24.91984178678175,68.2376561164856
-8.497121612365817,24.91984178678175,68.2376561164856
-8.254377682166822,24.914827095706762,68.2376561164856
-8.254377682166822,24.914827095706762,68.2376561164856
-8.254377682166822,24.914827095706762,68.2376561164856
-8.254377682166822,24.914827095706762,68.2376561164856
-8.254377682166822,24.914827095706762,68.2376561164856
-8.254377682166822,24.914827095706762,68.2376561164856
-8.254377682166822,24.914827095706762,68.2376561164856
-8.075740351961988,24.918890914768117,68.2376561164856
-8.075740351961988,24.918890914768117,68.2376561164856
-8.075740351961988,24.918890914768117,68.2376561164856
-8.075740351961988,24.918890914768117,68.2376561164856
-8.075740351961988,24.918890914768117,68.2376561164856
-8.075740351961988,24.918890914768117,68.2376561164856
-8.075740351961988,24.918890914768117,68.2376561164856
-7.832975257983645,24.92329654294692,68.2376561164856
-7.832975257983645,24.92329654294692,68.2376561164856
-7.832975257983645,24.92329654294692,68.2376561164856
-7.832975257983645,24.92329654294692,68.2376561164856
-7.832975257983645,24.92329654294692,68.2376561164856
-7.832975257983645,24.92329654294692,68.2376561164856
-7.832975257983645,24.92329654294692,68.2376561164856
-7.577334604877787,24.924476257913543,68.2376561164856
-7.577334604877787,24.924476257913543,68.2376561164856
-7.577334604877787,24.924476257913543,68.2376561164856
-7.577334604877787,24.924476257913543,68.2376561164856
-7.577334604877787,24.924476257913543,68.2376561164856
-7.577334604877787,24.924476257913543,68.2376561164856
-7.577334604877787,24.924476257913543,68.2376561164856
-7.355400391074469,24.92351836824625,68.2376561164856
-7.355400391074469,24.92351836824625,68.2376561164856
-7.355400391074469,24.92351836824625,68.2376561164856
-7.355400391074469,24.92351836824625,68.2376561164856
-7.355400391074469,24.92351836824625,68.2376561164856
-7.355400391074469,24.92351836824625,68.2376561164856
-7.355400391074469,24.92351836824625,68.2376561164856
-7.125813181112314,24.92078571271271,68.2376561164856
-7.125813181112314,24.92078571271271,68.2376561164856
-7.125813181112314,24.92078571271271,68.2376561164856
-7.125813181112314,24.92078571271271,68.2376561164856
-7.125813181112314,24.92078571271271,68.2376561164856
-7.125813181112314,24.92078571271271,68.2376561164856
-7.125813181112314,24.92078571271271,68.2376561164856
-6.9427468232678615,24.92507997388432,68.2376561164856
-6.9427468232678615,24.92507997388432,68.2376561164856
-6.9427468232678615,24.92507997388432,68.2376561164856
-6.9427468232678615,24.92507997388432,68.2376561164856
-6.9427468232678615,24.92507997388432,68.2376561164856
-6.9427468232678615,24.92507997388432,68.2376561164856
-6.9427468232678615,24.92507997388432,68.2376561164856
-6.666340191487812,24.940478702610374,68.2376561164856
-6.666340191487812,24.940478702610374,68.2376561164856
-6.666340191487812,24.940478702610374,68.2376561164856
-6.666340191487812,24.940478702610374,68.2376561164856
-6.666340191487812,24.940478702610374,68.2376561164856
-6.666340191487812,24.940478702610374,68.2376561164856
-6.666340191487812,24.940478702610374,68.2376561164856
-6.400470831545144,24.953597173058686,68.2376561164856
-6.400470831545144,24.953597173058686,68.2376561164856
-6.400470831545144,24.953597173058686,68.2376561164856
-6.400470831545144,24.953597173058686,68.2376561164856
-6.400470831545144,24.953597173058686,68.2376561164856
-6.400470831545144,24.953597173058686,68.2376561164856
-6.400470831545144,24.953597173058686,68.2376561164856
-6.143212695395569,24.960353544786248,68.2376561164856
-6.143212695395569,24.960353544786248,68.2376561164856
-6.143212695395569,24.960353544786248,68.2376561164856
-6.143212695395569,24.960353544786248,68.2376561164856
-6.143212695395569,24.960353544786248,68.2376561164856
-6.143212695395569,24.960353544786248,68.2376561164856
-6.143212695395569,24.960353544786248,68.2376561164856
-5.913403312528046,24.959567217032976,68.2376561164856
-5.913403312528046,24.959567217032976,68.2376561164856
-5.913403312528046,24.959567217032976,68.2376561164856
-5.913403312528046,24.959567217032976,68.2376561164856
-5.913403312528046,24.959567217032976,68.2376561164856
-5.913403312528046,24.959567217032976,68.2376561164856
-5.913403312528046,24.959567217032976,68.2376561164856
-5.727478828376635,24.957823888853454,68.2376561164856
-5.727478828376635,24.957823888853454,68.2376561164856
-5.727478828376635,24.957823888853454,68.2376561164856
-5.727478828376635,24.957823888853454,68.2376561164856
-5.727478828376635,24.957823888853454,68.2376561164856
-5.727478828376635,24.957823888853454,68.2376561164856
-5.727478828376635,24.957823888853454,68.2376561164856
-5.420574796596624,24.960844348078336,68.2376561164856
-5.420574796596624,24.960844348078336,68.2376561164856
-5.420574796596624,24.960844348078336,68.2376561164856
-5.420574796596624,24.960844348078336,68.2376561164856
-5.420574796596624,24.960844348078336,68.2376561164856
-5.420574796596624,24.960844348078336,68.2376561164856
-5.420574796596624,24.960844348078336,68.2376561164856
-5.148876476222727,24.971904983263798,68.2376561164856
-5.148876476222727,24.971904983263798,68.2376561164856
-5.148876476222727,24.971904983263798,68.2376561164856
-5.148876476222727,24.971904983263798,68.2376561164856
-5.148876476222727,24.971904983263798,68.2376561164856
-5.148876476222727,24.971904983263798,68.2376561164856
-5.148876476222727,24.971904983263798,68.2376561164856
-4.8930160080364,24.97029714716706,68.2376561164856
-4.8930160080364,24.97029714716706,68.2376561164856
-4.8930160080364,24.97029714716706,68.2376561164856
-4.8930160080364,24.97029714716706,68.2376561164856
-4.8930160080364,24.97029714716706,68.2376561164856
-4.8930160080364,24.97029714716706,68.2376561164856
-4.8930160080364,24.97029714716706,68.2376561164856
-4.6019696770551235,24.960322288470742,68.2376561164856
-4.6019696770551235,24.960322288470742,68.2376561164856
-4.6019696770551235,24.960322288470742,68.2376561164856
-4.6019696770551235,24.960322288470742,68.2376561164856
-4.6019696770551235,24.960322288470742,68.2376561164856
-4.6019696770551235,24.960322288470742,68.2376561164856
-4.6019696770551235,24.960322288470742,68.2376561164856
-4.39362904969421,24.960882361969173,68.2376561164856
-4.39362904969421,24.960882361969173,68.2376561164856
-4.39362904969421,24.960882361969173,68.2376561164856
-4.39362904969421,24.960882361969173,68.2376561164856
-4.39362904969421,24.960882361969173,68.2376561164856
-4.39362904969421,24.960882361969173,68.2376561164856
-4.39362904969421,24.960882361969173,68.2376561164856
-4.0953370947398575,24.96559226846769,68.2376561164856
-4.0953370947398575,24.96559226846769,68.2376561164856
-4.0953370947398575,24.96559226846769,68.2376561164856
-4.0953370947398575,24.96559226846769,68.2376561164856
-4.0953370947398575,24.96559226846769,68.2376561164856
-4.0953370947398575,24.96559226846769,68.2376561164856
-4.0953370947398575,24.96559226846769,68.2376561164856
-3.791066031884169,24.972961294437834,68.2376561164856
-3.791066031884169,24.972961294437834,68.2376561164856
-3.791066031884169,24.972961294437834,68.2376561164856
-3.791066031884169,24.972961294437834,68.2376561164856
-3.791066031884169,24.972961294437834,68.2376561164856
-3.791066031884169,24.972961294437834,68.2376561164856
-3.791066031884169,24.972961294437834,68.2376561164856
-3.58598796289532,24.97814444223952,68.2376561164856
-3.58598796289532,24.97814444223952,68.2376561164856
-3.58598796289532,24.97814444223952,68.2376561164856
-3.58598796289532,24.97814444223952,68.2376561164856
-3.58598796289532,24.97814444223952,68.2376561164856
-3.58598796289532,24.97814444223952,68.2376561164856
-3.58598796289532,24.97814444223952,68.2376561164856
-3.3545616018110533,24.98139615628277,68.2376561164856
-3.3545616018110533,24.98139615628277,68.2376561164856
-3.3545616018110533,24.98139615628277,68.2376561164856
-3.3545616018110533,24.98139615628277,68.2376561164856
-3.3545616018110533,24.98139615628277,68.2376561164856
-3.3545616018110533,24.98139615628277,68.2376561164856
-3.3545616018110533,24.98139615628277,68.2376561164856
-3.170435734171179,24.978885240146035,68.2376561164856
-3.170435734171179,24.978885240146035,68.2376561164856
-3.170435734171179,24.978885240146035,68.2376561164856
-3.170435734171179,24.978885240146035,68.2376561164856
-3.170435734171179,24.978885240146035,68.2376561164856
-3.170435734171179,24.978885240146035,68.2376561164856
-3.170435734171179,24.978885240146035,68.2376561164856
-2.94804565635938,24.97290721742732,68.2376561164856
-2.94804565635938,24.97290721742732,68.2376561164856
-2.94804565635938,24.97290721742732,68.2376561164856
-2.94804565635938,24.97290721742732,68.2376561164856
-2.94804565635938,24.97290721742732,68.2376561164856
-2.94804565635938,24.97290721742732,68.2376561164856
-2.94804565635938,24.97290721742732,68.2376561164856
-2.94804565635938,24.97290721742732,68.2376561164856
-2.773953345250483,24.97114733429155,68.2376561164856
-2.773953345250483,24.97114733429155,68.2376561164856
-2.773953345250483,24.97114733429155,68.2376561164856
-2.773953345250483,24.97114733429155,68.2376561164856
-2.773953345250483,24.97114733429155,68.2376561164856
-2.773953345250483,24.97114733429155,68.2376561164856
-2.773953345250483,24.97114733429155,68.2376561164856
-2.773953345250483,24.97114733429155,68.2376561164856
-2.773953345250483,24.97114733429155,68.2376561164856
-2.773953345250483,24.97114733429155,68.2376561164856
-2.4834715202125293,24.98399071863023,68.2376561164856
-2.4834715202125293,24.98399071863023,68.2376561164856
-2.4834715202125293,24.98399071863023,68.2376561164856
-2.4834715202125293,24.98399071863023,68.2376561164856
-2.4834715202125293,24.98399071863023,68.2376561164856
-2.4834715202125293,24.98399071863023,68.2376561164856
-2.4834715202125293,24.98399071863023,68.2376561164856
-2.4834715202125293,24.98399071863023,68.2376561164856
-2.1836703612723043,24.99819983033026,68.2376561164856
-2.1836703612723043,24.99819983033026,68.2376561164856
-2.1836703612723043,24.99819983033026,68.2376561164856
-2.1836703612723043,24.99819983033026,68.2376561164856
-2.1836703612723043,24.99819983033026,68.2376561164856
-2.008355102618684,24.991463189063936,68.2376561164856
-2.008355102618684,24.991463189063936,68.2376561164856
-2.008355102618684,24.991463189063936,68.2376561164856
-2.008355102618684,24.991463189063936,68.2376561164856
-2.008355102618684,24.991463189063936,68.2376561164856
-2.008355102618684,24.991463189063936,68.2376561164856
-1.855920644587413,25.00546010214775,68.2376561164856
-1.855920644587413,25.00546010214775,68.2376561164856
-1.855920644587413,25.00546010214775,68.2376561164856
-1.855920644587413,25.00546010214775,68.2376561164856
-1.855920644587413,25.00546010214775,68.2376561164856
-1.855920644587413,25.00546010214775,68.2376561164856
-1.571861390396168,25.02873080247605,68.2376561164856
-1.571861390396168,25.02873080247605,68.2376561164856
-1.571861390396168,25.02873080247605,68.2376561164856
-1.571861390396168,25.02873080247605,68.2376561164856
-1.571861390396168,25.02873080247605,68.2376561164856
-1.3864032067416732,25.026929705173306,68.2376561164856
-1.3864032067416732,25.026929705173306,68.2376561164856
-1.3864032067416732,25.026929705173306,68.2376561164856
-1.3864032067416732,25.026929705173306,68.2376561164856
-1.3864032067416732,25.026929705173306,68.2376561164856
-1.3864032067416732,25.026929705173306,68.2376561164856
-1.3864032067416732,25.026929705173306,68.2376561164856
-1.1857593718526884,25.044017671471167,68.2376561164856
-1.1857593718526884,25.044017671471167,68.2376561164856
-1.1857593718526884,25.044017671471167,68.2376561164856
-1.1857593718526884,25.044017671471167,68.2376561164856
-1.1857593718526884,25.044017671471167,68.2376561164856
-1.1857593718526884,25.044017671471167,68.2376561164856
-1.1123825684658333,25.051639243993346,68.2376561164856
-1.1123825684658333,25.051639243993346,68.2376561164856
-1.1123825684658333,25.051639243993346,68.2376561164856
-1.1123825684658333,25.051639243993346,68.2376561164856
-1.1123825684658333,25.051639243993346,68.2376561164856
-1.1123825684658333,25.051639243993346,68.2376561164856
-0.9715864510261158,25.0639901102882,68.2376561164856
-0.9715864510261158,25.0639901102882,68.2376561164856
-0.9715864510261158,25.0639901102882,68.2376561164856
-0.9715864510261158,25.0639901102882,68.2376561164856
-0.9715864510261158,25.0639901102882,68.2376561164856
-0.9715864510261158,25.0639901102882,68.2376561164856
-0.7147833926284032,25.074420356428714,68.2376561164856
-0.7147833926284032,25.074420356428714,68.2376561164856
-0.7147833926284032,25.074420356428714,68.2376561164856
-0.7147833926284032,25.074420356428714,68.2376561164856
-0.7147833926284032,25.074420356428714,68.2376561164856
-0.7147833926284032,25.074420356428714,68.2376561164856
-0.5088289181404015,25.080424630376786,68.2376561164856
-0.5088289181404015,25.080424630376786,68.2376561164856
-0.5088289181404015,25.080424630376786,68.2376561164856
-0.5088289181404015,25.080424630376786,68.2376561164856
-0.5088289181404015,25.080424630376786,68.2376561164856
-0.5088289181404015,25.080424630376786,68.2376561164856
-0.2793636257900955,25.08688902088139,68.2376561164856
-0.2793636257900955,25.08688902088139,68.2376561164856
-0.2793636257900955,25.08688902088139,68.2376561164856
-0.2793636257900955,25.08688902088139,68.2376561164856
-0.2793636257900955,25.08688902088139,68.2376561164856
-0.2793636257900955,25.08688902088139,68.2376561164856
-0.15541673565258626,25.10807911250088,68.2376561164856
-0.15541673565258626,25.10807911250088,68.2376561164856
-0.15541673565258626,25.10807911250088,68.2376561164856
-0.15541673565258626,25.10807911250088,68.2376561164856
-0.15541673565258626,25.10807911250088,68.2376561164856
-0.15541673565258626,25.10807911250088,68.2376561164856
-0.07363973766038562,25.125036835425593,68.2376561164856
-0.07363973766038562,25.125036835425593,68.2376561164856
-0.07363973766038562,25.125036835425593,68.2376561164856
-0.07363973766038562,25.125036835425593,68.2376561164856
-0.07363973766038562,25.125036835425593,68.2376561164856
-0.07363973766038562,25.125036835425593,68.2376561164856
0.17514347376586767,25.148604308862904,68.2376561164856
0.17514347376586767,25.148604308862904,68.2376561164856
0.17514347376586767,25.148604308862904,68.2376561164856
0.17514347376586767,25.148604308862904,68.2376561164856
0.17514347376586767,25.148604308862904,68.2376561164856
0.17514347376586767,25.148604308862904,68.2376561164856
0.33621860346975363,25.15474974233104,68.2376561164856
0.33621860346975363,25.15474974233104,68.2376561164856
0.33621860346975363,25.15474974233104,68.2376561164856
0.33621860346975363,25.15474974233104,68.2376561164856
0.33621860346975363,25.15474974233104,68.2376561164856
0.33621860346975363,25.15474974233104,68.2376561164856
0.5454629245950258,25.16064058430303,68.2376561164856
0.5454629245950258,25.16064058430303,68.2376561164856
0.5454629245950258,25.16064058430303,68.2376561164856
0.5454629245950258,25.16064058430303,68.2376561164856
0.5454629245950258,25.16064058430303,68.2376561164856
0.5454629245950258,25.16064058430303,68.2376561164856
0.6615374247361524,25.16563673244212,68.2376561164856
0.6615374247361524,25.16563673244212,68.2376561164856
0.6615374247361524,25.16563673244212,68.2376561164856
0.6615374247361524,25.16563673244212,68.2376561164856
0.6615374247361524,25.16563673244212,68.2376561164856
0.6615374247361524,25.16563673244212,68.2376561164856
0.766113170738412,25.169833277261542,68.2376561164856
0.766113170738412,25.169833277261542,68.2376561164856
0.766113170738412,25.169833277261542,68.2376561164856
0.766113170738412,25.169833277261542,68.2376561164856
0.766113170738412,25.169833277261542,68.2376561164856
0.9951851543588411,25.177484078941944,68.2376561164856
0.9951851543588411,25.177484078941944,68.2376561164856
0.9951851543588411,25.177484078941944,68.2376561164856
0.9951851543588411,25.177484078941944,68.2376561164856
0.9951851543588411,25.177484078941944,68.2376561164856
0.9951851543588411,25.177484078941944,68.2376561164856
1.1199805403989278,25.206866121345957,68.2376561164856
1.1199805403989278,25.206866121345957,68.2376561164856
1.1199805403989278,25.206866121345957,68.2376561164856
1.1199805403989278,25.206866121345957,68.2376561164856
1.1199805403989278,25.206866121345957,68.2376561164856
1.2340063473756395,25.221087142525693,68.2376561164856
1.2340063473756395,25.221087142525693,68.2376561164856
1.2340063473756395,25.221087142525693,68.2376561164856
1.2340063473756395,25.221087142525693,68.2376561164856
1.2340063473756395,25.221087142525693,68.2376561164856
1.2340063473756395,25.221087142525693,68.2376561164856
1.3630036800483711,25.225921966080783,68.2376561164856
1.3630036800483711,25.225921966080783,68.2376561164856
1.3630036800483711,25.225921966080783,68.2376561164856
1.3630036800483711,25.225921966080783,68.2376561164856
1.3630036800483711,25.225921966080783,68.2376561164856
1.5581853954070661,25.246143277189194,68.2376561164856
1.5581853954070661,25.246143277189194,68.2376561164856
1.5581853954070661,25.246143277189194,68.2376561164856
1.5581853954070661,25.246143277189194,68.2376561164856
1.5581853954070661,25.246143277189194,68.2376561164856
1.5581853954070661,25.246143277189194,68.2376561164856
1.7227523193989829,25.248419622019064,68.2376561164856
1.7227523193989829,25.248419622019064,68.2376561164856
1.7227523193989829,25.248419622019064,68.2376561164856
1.7227523193989829,25.248419622019064,68.2376561164856
1.7227523193989829,25.248419622019064,68.2376561164856
1.7227523193989829,25.248419622019064,68.2376561164856
1.909332271400923,25.25653624424374,68.2376561164856
1.909332271400923,25.25653624424374,68.2376561164856
1.909332271400923,25.25653624424374,68.2376561164856
1.909332271400923,25.25653624424374,68.2376561164856
1.909332271400923,25.25653624424374,68.2376561164856
1.909332271400923,25.25653624424374,68.2376561164856
2.095157291248626,25.24068403707731,68.2376561164856
2.095157291248626,25.24068403707731,68.2376561164856
2.095157291248626,25.24068403707731,68.2376561164856
2.095157291248626,25.24068403707731,68.2376561164856
2.095157291248626,25.24068403707731,68.2376561164856
2.095157291248626,25.24068403707731,68.2376561164856
2.3144982559199936,25.23471637686951,68.2376561164856
2.3144982559199936,25.23471637686951,68.2376561164856
2.3144982559199936,25.23471637686951,68.2376561164856
2.3144982559199936,25.23471637686951,68.2376561164856
2.3144982559199936,25.23471637686951,68.2376561164856
2.3144982559199936,25.23471637686951,68.2376561164856
2.4417428143741358,25.22873988817356,68.2376561164856
2.4417428143741358,25.22873988817356,68.2376561164856
2.4417428143741358,25.22873988817356,68.2376561164856
2.4417428143741358,25.22873988817356,68.2376561164856
2.4417428143741358,25.22873988817356,68.2376561164856
2.4417428143741358,25.22873988817356,68.2376561164856
2.6566660445715207,25.233634975066,68.2376561164856
2.6566660445715207,25.233634975066,68.2376561164856
2.6566660445715207,25.233634975066,68.2376561164856
2.6566660445715207,25.233634975066,68.2376561164856
2.6566660445715207,25.233634975066,68.2376561164856
2.8119676075340716,25.233167281267065,68.2376561164856
2.8119676075340716,25.233167281267065,68.2376561164856
2.8119676075340716,25.233167281267065,68.2376561164856
2.8119676075340716,25.233167281267065,68.2376561164856
2.8119676075340716,25.233167281267065,68.2376561164856
2.8119676075340716,25.233167281267065,68.2376561164856
2.9099188241344556,25.23609161837018,68.2376561164856
2.9099188241344556,25.23609161837018,68.2376561164856
2.9099188241344556,25.23609161837018,68.2376561164856
2.9099188241344556,25.23609161837018,68.2376561164856
2.9099188241344556,25.23609161837018,68.2376561164856
2.9099188241344556,25.23609161837018,68.2376561164856
3.0596040089465713,25.244860893795487,68.2376561164856
3.0596040089465713,25.244860893795487,68.2376561164856
3.0596040089465713,25.244860893795487,68.2376561164856
3.0596040089465713,25.244860893795487,68.2376561164856
3.0596040089465713,25.244860893795487,68.2376561164856
3.2894285209891163,25.25459317646503,68.2376561164856
3.2894285209891163,25.25459317646503,68.2376561164856
3.2894285209891163,25.25459317646503,68.2376561164856
3.2894285209891163,25.25459317646503,68.2376561164856
3.2894285209891163,25.25459317646503,68.2376561164856
3.2894285209891163,25.25459317646503,68.2376561164856
3.4892185416525985,25.260075340199798,68.2376561164856
3.4892185416525985,25.260075340199798,68.2376561164856
3.4892185416525985,25.260075340199798,68.2376561164856
3.4892185416525985,25.260075340199798,68.2376561164856
3.4892185416525985,25.260075340199798,68.2376561164856
3.690231200714121,25.26162871844164,68.2376561164856
3.690231200714121,25.26162871844164,68.2376561164856
3.690231200714121,25.26162871844164,68.2376561164856
3.690231200714121,25.26162871844164,68.2376561164856
3.690231200714121,25.26162871844164,68.2376561164856
3.690231200714121,25.26162871844164,68.2376561164856
3.8430143791493943,25.26663086265393,68.2376561164856
3.8430143791493943,25.26663086265393,68.2376561164856
3.8430143791493943,25.26663086265393,68.2376561164856
3.8430143791493943,25.26663086265393,68.2376561164856
3.8430143791493943,25.26663086265393,68.2376561164856
3.8430143791493943,25.26663086265393,68.2376561164856
4.1253033037933,25.280641926202883,68.2376561164856
4.1253033037933,25.280641926202883,68.2376561164856
4.1253033037933,25.280641926202883,68.2376561164856
4.1253033037933,25.280641926202883,68.2376561164856
4.1253033037933,25.280641926202883,68.2376561164856
4.410679835449259,25.28927198963726,68.2376561164856
4.410679835449259,25.28927198963726,68.2376561164856
4.410679835449259,25.28927198963726,68.2376561164856
4.410679835449259,25.28927198963726,68.2376561164856
4.410679835449259,25.28927198963726,68.2376561164856
4.410679835449259,25.28927198963726,68.2376561164856
4.622799441302328,25.29325742889873,68.2376561164856
4.622799441302328,25.29325742889873,68.2376561164856
4.622799441302328,25.29325742889873,68.2376561164856
4.622799441302328,25.29325742889873,68.2376561164856
4.622799441302328,25.29325742889873,68.2376561164856
4.815288980768552,25.31775798473742,68.2376561164856
4.815288980768552,25.31775798473742,68.2376561164856
4.815288980768552,25.31775798473742,68.2376561164856
4.815288980768552,25.31775798473742,68.2376561164856
4.815288980768552,25.31775798473742,68.2376561164856
4.815288980768552,25.31775798473742,68.2376561164856
5.017803491494996,25.34106102932483,68.2376561164856
5.017803491494996,25.34106102932483,68.2376561164856
5.017803491494996,25.34106102932483,68.2376561164856
5.017803491494996,25.34106102932483,68.2376561164856
5.017803491494996,25.34106102932483,68.2376561164856
5.017803491494996,25.34106102932483,68.2376561164856
5.287463947297649,25.34007811819554,68.2376561164856
5.287463947297649,25.34007811819554,68.2376561164856
5.287463947297649,25.34007811819554,68.2376561164856
5.287463947297649,25.34007811819554,68.2376561164856
5.287463947297649,25.34007811819554,68.2376561164856
5.448273648282909,25.33149054414563,68.2376561164856
5.448273648282909,25.33149054414563,68.2376561164856
5.448273648282909,25.33149054414563,68.2376561164856
5.448273648282909,25.33149054414563,68.2376561164856
5.448273648282909,25.33149054414563,68.2376561164856
5.619577527677507,25.32282474000265,68.2376561164856
5.619577527677507,25.32282474000265,68.2376561164856
5.619577527677507,25.32282474000265,68.2376561164856
5.619577527677507,25.32282474000265,68.2376561164856
5.619577527677507,25.32282474000265,68.2376561164856
5.8537313356276535,25.318474820915814,68.2376561164856
5.8537313356276535,25.318474820915814,68.2376561164856
5.8537313356276535,25.318474820915814,68.2376561164856
5.8537313356276535,25.318474820915814,68.2376561164856
5.8537313356276535,25.318474820915814,68.2376561164856
6.072461428697681,25.317027358247497,68.2376561164856
6.072461428697681,25.317027358247497,68.2376561164856
6.072461428697681,25.317027358247497,68.2376561164856
6.072461428697681,25.317027358247497,68.2376561164856
6.072461428697681,25.317027358247497,68.2376561164856
6.30286132776245,25.31188307718716,68.2376561164856
6.30286132776245,25.31188307718716,68.2376561164856
6.30286132776245,25.31188307718716,68.2376561164856
6.30286132776245,25.31188307718716,68.2376561164856
6.30286132776245,25.31188307718716,68.2376561164856
6.30286132776245,25.31188307718716,68.2376561164856
6.498637647069048,25.315088363251487,68.2376561164856
6.498637647069048,25.315088363251487,68.2376561164856
6.498637647069048,25.315088363251487,68.2376561164856
6.498637647069048,25.315088363251487,68.2376561164856
6.498637647069048,25.315088363251487,68.2376561164856
6.745511857884002,25.309585070178578,68.2376561164856
6.745511857884002,25.309585070178578,68.2376561164856
6.745511857884002,25.309585070178578,68.2376561164856
6.745511857884002,25.309585070178578,68.2376561164856
6.745511857884002,25.309585070178578,68.2376561164856
6.90223103961964,25.310717310675773,68.2376561164856
6.90223103961964,25.310717310675773,68.2376561164856
6.90223103961964,25.310717310675773,68.2376561164856
6.90223103961964,25.310717310675773,68.2376561164856
6.90223103961964,25.310717310675773,68.2376561164856
7.050274673925112,25.3196907904376,68.2376561164856
7.050274673925112,25.3196907904376,68.2376561164856
7.050274673925112,25.3196907904376,68.2376561164856
7.050274673925112,25.3196907904376,68.2376561164856
7.050274673925112,25.3196907904376,68.2376561164856
7.050274673925112,25.3196907904376,68.2376561164856
7.201490918826246,25.322495054806097,68.2376561164856
7.201490918826246,25.322495054806097,68.2376561164856
7.201490918826246,25.322495054806097,68.2376561164856
7.201490918826246,25.322495054806097,68.2376561164856
7.201490918826246,25.322495054806097,68.2376561164856
7.372166680012716,25.323948156975735,68.2376561164856
7.372166680012716,25.323948156975735,68.2376561164856
7.372166680012716,25.323948156975735,68.2376561164856
7.372166680012716,25.323948156975735,68.2376561164856
7.372166680012716,25.323948156975735,68.2376561164856
7.372166680012716,25.323948156975735,68.2376561164856
7.493390529633815,25.33133289994429,68.2376561164856
7.493390529633815,25.33133289994429,68.2376561164856
7.493390529633815,25.33133289994429,68.2376561164856
7.493390529633815,25.33133289994429,68.2376561164856
7.493390529633815,25.33133289994429,68.2376561164856
7.605984739786575,25.335577086879468,68.2376561164856
7.605984739786575,25.335577086879468,68.2376561164856
7.605984739786575,25.335577086879468,68.2376561164856
7.605984739786575,25.335577086879468,68.2376561164856
7.605984739786575,25.335577086879468,68.2376561164856
7.656545745876333,25.338421825698,68.2376561164856
7.656545745876333,25.338421825698,68.2376561164856
7.656545745876333,25.338421825698,68.2376561164856
7.656545745876333,25.338421825698,68.2376561164856
7.656545745876333,25.338421825698,68.2376561164856
7.736081343638118,25.330581455669634,68.2376561164856
7.736081343638118,25.330581455669634,68.2376561164856
7.736081343638118,25.330581455669634,68.2376561164856
7.736081343638118,25.330581455669634,68.2376561164856
7.736081343638118,25.330581455669634,68.2376561164856
7.713572174354289,25.316388286136174,68.2376561164856
7.713572174354289,25.316388286136174,68.2376561164856
7.713572174354289,25.316388286136174,68.2376561164856
7.713572174354289,25.316388286136174,68.2376561164856
7.713572174354289,25.316388286136174,68.2376561164856
7.713572174354289,25.316388286136174,68.2376561164856
7.73949443166469,25.317106758455456,68.2376561164856
7.73949443166469,25.317106758455456,68.2376561164856
7.73949443166469,25.317106758455456,68.2376561164856
7.73949443166469,25.317106758455456,68.2376561164856
7.73949443166469,25.317106758455456,68.2376561164856
7.9475592870527825,25.328098505806096,68.2376561164856
7.9475592870527825,25.328098505806096,68.2376561164856
7.9475592870527825,25.328098505806096,68.2376561164856
7.9475592870527825,25.328098505806096,68.2376561164856
7.9475592870527825,25.328098505806096,68.2376561164856
7.9475592870527825,25.328098505806096,68.2376561164856
8.00321509074313,25.342265893453217,68.2376561164856
8.00321509074313,25.342265893453217,68.2376561164856
8.00321509074313,25.342265893453217,68.2376561164856
8.00321509074313,25.342265893453217,68.2376561164856
8.00321509074313,25.342265893453217,68.2376561164856
7.972250959724013,25.342581493045493,68.2376561164856
7.972250959724013,25.342581493045493,68.2376561164856
7.972250959724013,25.342581493045493,68.2376561164856
7.972250959724013,25.342581493045493,68.2376561164856
7.972250959724013,25.342581493045493,68.2376561164856
7.972250959724013,25.342581493045493,68.2376561164856
8.092072140439777,25.33533332013624,68.2376561164856
8.092072140439777,25.33533332013624,68.2376561164856
8.092072140439777,25.33533332013624,68.2376561164856
8.092072140439777,25.33533332013624,68.2376561164856
8.092072140439777,25.33533332013624,68.2376561164856
8.092072140439777,25.33533332013624,68.2376561164856
8.305361113689175,25.348046010205717,68.2376561164856
8.305361113689175,25.348046010205717,68.2376561164856
8.305361113689175,25.348046010205717,68.2376561164856
8.305361113689175,25.348046010205717,68.2376561164856
8.305361113689175,25.348046010205717,68.2376561164856
8.305361113689175,25.348046010205717,68.2376561164856
8.430890243307447,25.369452924046747,68.2376561164856
8.430890243307447,25.369452924046747,68.2376561164856
8.430890243307447,25.369452924046747,68.2376561164856
8.430890243307447,25.369452924046747,68.2376561164856
8.430890243307447,25.369452924046747,68.2376561164856
8.430890243307447,25.369452924046747,68.2376561164856
8.542212406617592,25.38108457242096,68.2376561164856
8.542212406617592,25.38108457242096,68.2376561164856
8.542212406617592,25.38108457242096,68.2376561164856
8.542212406617592,25.38108457242096,68.2376561164856
8.542212406617592,25.38108457242096,68.2376561164856
8.542212406617592,25.38108457242096,68.2376561164856
8.720699665152868,25.386427019518866,68.2376561164856
8.720699665152868,25.386427019518866,68.2376561164856
8.720699665152868,25.386427019518866,68.2376561164856
8.720699665152868,25.386427019518866,68.2376561164856
8.720699665152868,25.386427019518866,68.2376561164856
8.720699665152868,25.386427019518866,68.2376561164856
8.814599601716736,25.38648320491489,68.2376561164856
8.814599601716736,25.38648320491489,68.2376561164856
8.814599601716736,25.38648320491489,68.2376561164856
8.814599601716736,25.38648320491489,68.2376561164856
8.814599601716736,25.38648320491489,68.2376561164856
8.814599601716736,25.38648320491489,68.2376561164856
9.001280676369321,25.402299041758397,68.2376561164856
9.001280676369321,25.402299041758397,68.2376561164856
9.001280676369321,25.402299041758397,68.2376561164856
9.001280676369321,25.402299041758397,68.2376561164856
9.001280676369321,25.402299041758397,68.2376561164856
9.128707403136568,25.416140189693593,68.2376561164856
9.128707403136568,25.416140189693593,68.2376561164856
9.128707403136568,25.416140189693593,68.2376561164856
9.128707403136568,25.416140189693593,68.2376561164856
9.128707403136568,25.416140189693593,68.2376561164856
9.128707403136568,25.416140189693593,68.2376561164856
9.230725106833493,25.429849143396442,68.2376561164856
9.230725106833493,25.429849143396442,68.2376561164856
9.230725106833493,25.429849143396442,68.2376561164856
9.230725106833493,25.429849143396442,68.2376561164856
9.230725106833493,25.429849143396442,68.2376561164856
9.355483698304058,25.439536914058625,68.2376561164856
9.355483698304058,25.439536914058625,68.2376561164856
9.355483698304058,25.439536914058625,68.2376561164856
9.355483698304058,25.439536914058625,68.2376561164856
9.355483698304058,25.439536914058625,68.2376561164856
9.355483698304058,25.439536914058625,68.2376561164856
9.456865934232047,25.438849777595788,68.2376561164856
9.456865934232047,25.438849777595788,68.2376561164856
9.456865934232047,25.438849777595788,68.2376561164856
9.456865934232047,25.438849777595788,68.2376561164856
9.456865934232047,25.438849777595788,68.2376561164856
9.656069406758524,25.43091141055942,68.2376561164856
9.656069406758524,25.43091141055942,68.2376561164856
9.656069406758524,25.43091141055942,68.2376561164856
9.656069406758524,25.43091141055942,68.2376561164856
9.656069406758524,25.43091141055942,68.2376561164856
9.656069406758524,25.43091141055942,68.2376561164856
9.806959608689793,25.429949539942296,68.2376561164856
9.806959608689793,25.429949539942296,68.2376561164856
9.806959608689793,25.429949539942296,68.2376561164856
9.806959608689793,25.429949539942296,68.2376561164856
9.806959608689793,25.429949539942296,68.2376561164856
9.915752987633406,25.434005798579797,68.2376561164856
9.915752987633406,25.434005798579797,68.2376561164856
9.915752987633406,25.434005798579797,68.2376561164856
9.915752987633406,25.434005798579797,68.2376561164856
9.915752987633406,25.434005798579797,68.2376561164856
9.915752987633406,25.434005798579797,68.2376561164856
10.033670388405756,25.438380849124083,68.2376561164856
10.033670388405756,25.438380849124083,68.2376561164856
10.033670388405756,25.438380849124083,68.2376561164856
10.033670388405756,25.438380849124083,68.2376561164856
10.033670388405756,25.438380849124083,68.2376561164856
10.033670388405756,25.438380849124083,68.2376561164856
10.213267057860907,25.44053928072334,68.2376561164856
10.213267057860907,25.44053928072334,68.2376561164856
10.213267057860907,25.44053928072334,68.2376561164856
10.213267057860907,25.44053928072334,68.2376561164856
10.213267057860907,25.44053928072334,68.2376561164856
10.213267057860907,25.44053928072334,68.2376561164856
10.321919261004842,25.443210006532983,68.2376561164856
10.321919261004842,25.443210006532983,68.2376561164856
10.321919261004842,25.443210006532983,68.2376561164856
10.321919261004842,25.443210006532983,68.2376561164856
10.321919261004842,25.443210006532983,68.2376561164856
10.432148126586394,25.443220173759574,68.2376561164856
10.432148126586394,25.443220173759574,68.2376561164856
10.432148126586394,25.443220173759574,68.2376561164856
10.432148126586394,25.443220173759574,68.2376561164856
10.432148126586394,25.443220173759574,68.2376561164856
10.432148126586394,25.443220173759574,68.2376561164856
10.54834153095819,25.441631710209425,68.2376561164856
10.54834153095819,25.441631710209425,68.2376561164856
10.54834153095819,25.441631710209425,68.2376561164856
10.54834153095819,25.441631710209425,68.2376561164856
10.54834153095819,25.441631710209425,68.2376561164856
10.54834153095819,25.441631710209425,68.2376561164856
10.756960855363124,25.439679393509174,68.2376561164856
10.756960855363124,25.439679393509174,68.2376561164856
10.756960855363124,25.439679393509174,68.2376561164856
10.756960855363124,25.439679393509174,68.2376561164856
10.756960855363124,25.439679393509174,68.2376561164856
10.884060177687862,25.441417604496287,68.2376561164856
10.884060177687862,25.441417604496287,68.2376561164856
10.884060177687862,25.441417604496287,68.2376561164856
10.884060177687862,25.441417604496287,68.2376561164856
10.884060177687862,25.441417604496287,68.2376561164856
10.884060177687862,25.441417604496287,68.2376561164856
11.033469375862689,25.4408692989148,68.2376561164856
11.033469375862689,25.4408692989148,68.2376561164856
11.033469375862689,25.4408692989148,68.2376561164856
11.033469375862689,25.4408692989148,68.2376561164856
11.033469375862689,25.4408692989148,68.2376561164856
11.033469375862689,25.4408692989148,68.2376561164856
11.271223842428501,25.432995276145316,68.2376561164856
11.271223842428501,25.432995276145316,68.2376561164856
11.271223842428501,25.432995276145316,68.2376561164856
11.271223842428501,25.432995276145316,68.2376561164856
11.271223842428501,25.432995276145316,68.2376561164856
11.271223842428501,25.432995276145316,68.2376561164856
11.38981577185469,25.433241840503374,68.2376561164856
11.38981577185469,25.433241840503374,68.2376561164856
11.38981577185469,25.433241840503374,68.2376561164856
11.38981577185469,25.433241840503374,68.2376561164856
11.38981577185469,25.433241840503374,68.2376561164856
11.38981577185469,25.433241840503374,68.2376561164856
11.500580472834903,25.434540192268052,68.2376561164856
11.500580472834903,25.434540192268052,68.2376561164856
11.500580472834903,25.434540192268052,68.2376561164856
11.500580472834903,25.434540192268052,68.2376561164856
11.500580472834903,25.434540192268052,68.2376561164856
11.500580472834903,25.434540192268052,68.2376561164856
11.630688754223694,25.434054652679446,68.2376561164856
11.630688754223694,25.434054652679446,68.2376561164856
11.630688754223694,25.434054652679446,68.2376561164856
11.630688754223694,25.434054652679446,68.2376561164856
11.630688754223694,25.434054652679446,68.2376561164856
11.757853062377169,25.432960348927722,68.2376561164856
11.757853062377169,25.432960348927722,68.2376561164856
11.757853062377169,25.432960348927722,68.2376561164856
11.757853062377169,25.432960348927722,68.2376561164856
11.757853062377169,25.432960348927722,68.2376561164856
11.757853062377169,25.432960348927722,68.2376561164856
11.868366499398714,25.43136402237981,68.2376561164856
11.868366499398714,25.43136402237981,68.2376561164856
11.868366499398714,25.43136402237981,68.2376561164856
11.868366499398714,25.43136402237981,68.2376561164856
11.868366499398714,25.43136402237981,68.2376561164856
11.868366499398714,25.43136402237981,68.2376561164856
12.057369641086721,25.42826809622769,68.2376561164856
12.057369641086721,25.42826809622769,68.2376561164856
12.057369641086721,25.42826809622769,68.2376561164856
12.057369641086721,25.42826809622769,68.2376561164856
12.057369641086721,25.42826809622769,68.2376561164856
12.057369641086721,25.42826809622769,68.2376561164856
12.211615963703276,25.42507771133672,68.2376561164856
12.211615963703276,25.42507771133672,68.2376561164856
12.211615963703276,25.42507771133672,68.2376561164856
12.211615963703276,25.42507771133672,68.2376561164856
12.211615963703276,25.42507771133672,68.2376561164856
12.34426593936571,25.430311999682836,68.2376561164856
12.34426593936571,25.430311999682836,68.2376561164856
12.34426593936571,25.430311999682836,68.2376561164856
12.34426593936571,25.430311999682836,68.2376561164856
12.34426593936571,25.430311999682836,68.2376561164856
12.462281020649566,25.43715625875557,68.2376561164856
12.462281020649566,25.43715625875557,68.2376561164856
12.462281020649566,25.43715625875557,68.2376561164856
12.462281020649566,25.43715625875557,68.2376561164856
12.462281020649566,25.43715625875557,68.2376561164856
12.462281020649566,25.43715625875557,68.2376561164856
12.612625453798794,25.441747308335167,68.2376561164856
12.612625453798794,25.441747308335167,68.2376561164856
12.612625453798794,25.441747308335167,68.2376561164856
12.612625453798794,25.441747308335167,68.2376561164856
12.612625453798794,25.441747308335167,68.2376561164856
12.612625453798794,25.441747308335167,68.2376561164856
12.719243425842938,25.446338180185506,68.2376561164856
12.719243425842938,25.446338180185506,68.2376561164856
12.719243425842938,25.446338180185506,68.2376561164856
12.719243425842938,25.446338180185506,68.2376561164856
12.719243425842938,25.446338180185506,68.2376561164856
12.83923105788201,25.449612570176544,68.2376561164856
12.83923105788201,25.449612570176544,68.2376561164856
12.83923105788201,25.449612570176544,68.2376561164856
12.83923105788201,25.449612570176544,68.2376561164856
12.83923105788201,25.449612570176544,68.2376561164856
12.83923105788201,25.449612570176544,68.2376561164856
12.962021924569314,25.450543865619938,68.2376561164856
12.962021924569314,25.450543865619938,68.2376561164856
12.962021924569314,25.450543865619938,68.2376561164856
12.962021924569314,25.450543865619938,68.2376561164856
12.962021924569314,25.450543865619938,68.2376561164856
12.962021924569314,25.450543865619938,68.2376561164856
13.167199079170329,25.449635692418813,68.2376561164856
13.167199079170329,25.449635692418813,68.2376561164856
13.167199079170329,25.449635692418813,68.2376561164856
13.167199079170329,25.449635692418813,68.2376561164856
13.167199079170329,25.449635692418813,68.2376561164856
13.262197229519609,25.44913248357091,68.2376561164856
13.262197229519609,25.44913248357091,68.2376561164856
13.262197229519609,25.44913248357091,68.2376561164856
13.262197229519609,25.44913248357091,68.2376561164856
13.262197229519609,25.44913248357091,68.2376561164856
13.354369418156777,25.45316399830177,68.2376561164856
13.354369418156777,25.45316399830177,68.2376561164856
13.354369418156777,25.45316399830177,68.2376561164856
13.354369418156777,25.45316399830177,68.2376561164856
13.354369418156777,25.45316399830177,68.2376561164856
13.4608983824474,25.45705332213702,68.2376561164856
13.4608983824474,25.45705332213702,68.2376561164856
13.4608983824474,25.45705332213702,68.2376561164856
13.4608983824474,25.45705332213702,68.2376561164856
13.4608983824474,25.45705332213702,68.2376561164856
13.4608983824474,25.45705332213702,68.2376561164856
13.52093417713726,25.460961464605397,68.2376561164856
13.52093417713726,25.460961464605397,68.2376561164856
13.52093417713726,25.460961464605397,68.2376561164856
13.52093417713726,25.460961464605397,68.2376561164856
13.52093417713726,25.460961464605397,68.2376561164856
13.52093417713726,25.460961464605397,68.2376561164856
13.567297997968465,25.464440654537267,68.2376561164856
13.567297997968465,25.464440654537267,68.2376561164856
13.567297997968465,25.464440654537267,68.2376561164856
13.567297997968465,25.464440654537267,68.2376561164856
13.567297997968465,25.464440654537267,68.2376561164856
13.567297997968465,25.464440654537267,68.2376561164856
13.7123885074964,25.46295043588598,68.2376561164856
13.7123885074964,25.46295043588598,68.2376561164856
13.7123885074964,25.46295043588598,68.2376561164856
13.7123885074964,25.46295043588598,68.2376561164856
13.7123885074964,25.46295043588598,68.2376561164856
13.7123885074964,25.46295043588598,68.2376561164856
13.820605410487664,25.46607175265009,68.2376561164856
13.820605410487664,25.46607175265009,68.2376561164856
13.820605410487664,25.46607175265009,68.2376561164856
13.820605410487664,25.46607175265009,68.2376561164856
13.820605410487664,25.46607175265009,68.2376561164856
13.981606952073982,25.472464097249173,68.2376561164856
13.981606952073982,25.472464097249173,68.2376561164856
13.981606952073982,25.472464097249173,68.2376561164856
13.981606952073982,25.472464097249173,68.2376561164856
13.981606952073982,25.472464097249173,68.2376561164856
13.981606952073982,25.472464097249173,68.2376561164856
13.981606952073982,25.472464097249173,68.2376561164856
13.981606952073982,25.472464097249173,68.2376561164856
14.090717524102743,25.483203782659338,68.2376561164856
14.090717524102743,25.483203782659338,68.2376561164856
14.090717524102743,25.483203782659338,68.2376561164856
14.090717524102743,25.483203782659338,68.2376561164856
14.090717524102743,25.483203782659338,68.2376561164856
14.090717524102743,25.483203782659338,68.2376561164856
14.090717524102743,25.483203782659338,68.2376561164856
14.090717524102743,25.483203782659338,68.2376561164856
14.090717524102743,25.483203782659338,68.2376561164856
14.090717524102743,25.483203782659338,68.2376561164856
14.227011652749821,25.498413828590547,68.2376561164856
14.227011652749821,25.498413828590547,68.2376561164856
14.227011652749821,25.498413828590547,68.2376561164856
14.227011652749821,25.498413828590547,68.2376561164856
14.227011652749821,25.498413828590547,68.2376561164856
14.227011652749821,25.498413828590547,68.2376561164856
14.448299607687133,25.505554551704364,68.2376561164856
14.448299607687133,25.505554551704364,68.2376561164856
14.448299607687133,25.505554551704364,68.2376561164856
14.448299607687133,25.505554551704364,68.2376561164856
14.448299607687133,25.505554551704364,68.2376561164856
14.537160679645766,25.517067105038677,68.2376561164856
14.537160679645766,25.517067105038677,68.2376561164856
14.537160679645766,25.517067105038677,68.2376561164856
14.537160679645766,25.517067105038677,68.2376561164856
14.537160679645766,25.517067105038677,68.2376561164856
14.537160679645766,25.517067105038677,68.2376561164856
14.629107896767202,25.52683115923816,68.2376561164856
14.629107896767202,25.52683115923816,68.2376561164856
14.629107896767202,25.52683115923816,68.2376561164856
14.629107896767202,25.52683115923816,68.2376561164856
14.629107896767202,25.52683115923816,68.2376561164856
14.72705945600202,25.537952580057997,68.2376561164856
14.72705945600202,25.537952580057997,68.2376561164856
14.72705945600202,25.537952580057997,68.2376561164856
14.72705945600202,25.537952580057997,68.2376561164856
14.72705945600202,25.537952580057997,68.2376561164856
14.72705945600202,25.537952580057997,68.2376561164856
14.880744479836595,25.543033654602432,68.2376561164856
14.880744479836595,25.543033654602432,68.2376561164856
14.880744479836595,25.543033654602432,68.2376561164856
14.880744479836595,25.543033654602432,68.2376561164856
14.880744479836595,25.543033654602432,68.2376561164856
14.963977570370716,25.548298025601323,68.2376561164856
14.963977570370716,25.548298025601323,68.2376561164856
14.963977570370716,25.548298025601323,68.2376561164856
14.963977570370716,25.548298025601323,68.2376561164856
14.963977570370716,25.548298025601323,68.2376561164856
15.051500657865748,25.5569844309736,68.2376561164856
15.051500657865748,25.5569844309736,68.2376561164856
15.051500657865748,25.5569844309736,68.2376561164856
15.051500657865748,25.5569844309736,68.2376561164856
15.051500657865748,25.5569844309736,68.2376561164856
15.051500657865748,25.5569844309736,68.2376561164856
15.051500657865748,25.5569844309736,68.2376561164856
15.151604623935942,25.558948898406953,68.2376561164856
15.151604623935942,25.558948898406953,68.2376561164856
15.151604623935942,25.558948898406953,68.2376561164856
15.151604623935942,25.558948898406953,68.2376561164856
15.151604623935942,25.558948898406953,68.2376561164856
15.263782659833184,25.554627546336633,68.2376561164856
15.263782659833184,25.554627546336633,68.2376561164856
15.263782659833184,25.554627546336633,68.2376561164856
15.263782659833184,25.554627546336633,68.2376561164856
15.263782659833184,25.554627546336633,68.2376561164856
15.263782659833184,25.554627546336633,68.2376561164856
15.263782659833184,25.554627546336633,68.2376561164856
15.441332702520606,25.537123817998168,68.2376561164856
15.441332702520606,25.537123817998168,68.2376561164856
15.441332702520606,25.537123817998168,68.2376561164856
15.441332702520606,25.537123817998168,68.2376561164856
15.441332702520606,25.537123817998168,68.2376561164856
15.441332702520606,25.537123817998168,68.2376561164856
15.441332702520606,25.537123817998168,68.2376561164856
15.441332702520606,25.537123817998168,68.2376561164856
15.441332702520606,25.537123817998168,68.2376561164856
15.629215801211046,25.516281415706654,68.2376561164856
15.629215801211046,25.516281415706654,68.2376561164856
15.629215801211046,25.516281415706654,68.2376561164856
15.629215801211046,25.516281415706654,68.2376561164856
15.629215801211046,25.516281415706654,68.2376561164856
15.629215801211046,25.516281415706654,68.2376561164856
15.629215801211046,25.516281415706654,68.2376561164856
15.629215801211046,25.516281415706654,68.2376561164856
15.629215801211046,25.516281415706654,68.2376561164856
15.818956514493312,25.495657765668412,68.2376561164856
15.818956514493312,25.495657765668412,68.2376561164856
15.818956514493312,25.495657765668412,68.2376561164856
15.818956514493312,25.495657765668412,68.2376561164856
15.818956514493312,25.495657765668412,68.2376561164856
15.818956514493312,25.495657765668412,68.2376561164856
15.818956514493312,25.495657765668412,68.2376561164856
15.818956514493312,25.495657765668412,68.2376561164856
16.07453355530001,25.452899430069447,68.2376561164856
16.07453355530001,25.452899430069447,68.2376561164856
16.07453355530001,25.452899430069447,68.2376561164856
16.07453355530001,25.452899430069447,68.2376561164856
16.07453355530001,25.452899430069447,68.2376561164856
16.263853567076495,25.416812596596383,68.2376561164856
16.263853567076495,25.416812596596383,68.2376561164856
16.263853567076495,25.416812596596383,68.2376561164856
16.263853567076495,25.416812596596383,68.2376561164856
16.263853567076495,25.416812596596383,68.2376561164856
16.263853567076495,25.416812596596383,68.2376561164856
16.3870221784779,25.396985265991795,68.2376561164856
16.3870221784779,25.396985265991795,68.2376561164856
16.3870221784779,25.396985265991795,68.2376561164856
16.3870221784779,25.396985265991795,68.2376561164856
16.3870221784779,25.396985265991795,68.2376561164856
16.3870221784779,25.396985265991795,68.2376561164856
16.3870221784779,25.396985265991795,68.2376561164856
16.504913309923964,25.37220430925353,68.2376561164856
16.504913309923964,25.37220430925353,68.2376561164856
16.504913309923964,25.37220430925353,68.2376561164856
16.504913309923964,25.37220430925353,68.2376561164856
16.504913309923964,25.37220430925353,68.2376561164856
16.504913309923964,25.37220430925353,68.2376561164856
16.702673909777918,25.323356643846882,68.2376561164856
16.702673909777918,25.323356643846882,68.2376561164856
16.702673909777918,25.323356643846882,68.2376561164856
16.702673909777918,25.323356643846882,68.2376561164856
16.702673909777918,25.323356643846882,68.2376561164856
16.843243822531953,25.286686403728446,68.2376561164856
16.843243822531953,25.286686403728446,68.2376561164856
16.843243822531953,25.286686403728446,68.2376561164856
16.843243822531953,25.286686403728446,68.2376561164856
16.843243822531953,25.286686403728446,68.2376561164856
16.843243822531953,25.286686403728446,68.2376561164856
17.046325642902534,25.220837739525884,68.2376561164856
17.046325642902534,25.220837739525884,68.2376561164856
17.046325642902534,25.220837739525884,68.2376561164856
17.046325642902534,25.220837739525884,68.2376561164856
17.046325642902534,25.220837739525884,68.2376561164856
17.173466916151366,25.180975054453892,68.2376561164856
17.173466916151366,25.180975054453892,68.2376561164856
17.173466916151366,25.180975054453892,68.2376561164856
17.173466916151366,25.180975054453892,68.2376561164856
17.173466916151366,25.180975054453892,68.2376561164856
17.30603840272889,25.127617959142146,68.2376561164856
17.30603840272889,25.127617959142146,68.2376561164856
17.30603840272889,25.127617959142146,68.2376561164856
17.30603840272889,25.127617959142146,68.2376561164856
17.30603840272889,25.127617959142146,68.2376561164856
17.455210568879647,25.06242526233605,68.2376561164856
17.455210568879647,25.06242526233605,68.2376561164856
17.455210568879647,25.06242526233605,68.2376561164856
17.455210568879647,25.06242526233605,68.2376561164856
17.455210568879647,25.06242526233605,68.2376561164856
17.455210568879647,25.06242526233605,68.2376561164856
17.587810677840462,24.998982025765223,68.2376561164856
17.587810677840462,24.998982025765223,68.2376561164856
17.587810677840462,24.998982025765223,68.2376561164856
17.587810677840462,24.998982025765223,68.2376561164856
17.587810677840462,24.998982025765223,68.2376561164856
17.587810677840462,24.998982025765223,68.2376561164856
17.719972596726738,24.928353818620103,68.2376561164856
17.719972596726738,24.928353818620103,68.2376561164856
17.719972596726738,24.928353818620103,68.2376561164856
17.719972596726738,24.928353818620103,68.2376561164856
17.719972596726738,24.928353818620103,68.2376561164856
17.719972596726738,24.928353818620103,68.2376561164856
17.909201890196695,24.814636411282507,68.2376561164856
17.909201890196695,24.814636411282507,68.2376561164856
17.909201890196695,24.814636411282507,68.2376561164856
17.909201890196695,24.814636411282507,68.2376561164856
17.909201890196695,24.814636411282507,68.2376561164856
18.03827601937771,24.735501180316845,68.2376561164856
18.03827601937771,24.735501180316845,68.2376561164856
18.03827601937771,24.735501180316845,68.2376561164856
18.03827601937771,24.735501180316845,68.2376561164856
18.03827601937771,24.735501180316845,68.2376561164856
18.03827601937771,24.735501180316845,68.2376561164856
18.1560501527531,24.659131537272955,68.2376561164856
18.1560501527531,24.659131537272955,68.2376561164856
18.1560501527531,24.659131537272955,68.2376561164856
18.1560501527531,24.659131537272955,68.2376561164856
18.1560501527531,24.659131537272955,68.2376561164856
18.338753098892674,24.5329982584189,68.2376561164856
18.338753098892674,24.5329982584189,68.2376561164856
18.338753098892674,24.5329982584189,68.2376561164856
18.338753098892674,24.5329982584189,68.2376561164856
18.338753098892674,24.5329982584189,68.2376561164856
18.463151737223576,24.43772615547393,68.2376561164856
18.463151737223576,24.43772615547393,68.2376561164856
18.463151737223576,24.43772615547393,68.2376561164856
18.463151737223576,24.43772615547393,68.2376561164856
18.463151737223576,24.43772615547393,68.2376561164856
18.463151737223576,24.43772615547393,68.2376561164856
18.596871857875463,24.325193191525297,68.2376561164856
18.596871857875463,24.325193191525297,68.2376561164856
18.596871857875463,24.325193191525297,68.2376561164856
18.596871857875463,24.325193191525297,68.2376561164856
18.596871857875463,24.325193191525297,68.2376561164856
18.596871857875463,24.325193191525297,68.2376561164856
18.866792993114146,24.11335229049512,68.2376561164856
18.866792993114146,24.11335229049512,68.2376561164856
18.866792993114146,24.11335229049512,68.2376561164856
18.866792993114146,24.11335229049512,68.2376561164856
18.866792993114146,24.11335229049512,68.2376561164856
18.866792993114146,24.11335229049512,68.2376561164856
19.157051503588228,23.845542502979008,68.2376561164856
19.157051503588228,23.845542502979008,68.2376561164856
19.157051503588228,23.845542502979008,68.2376561164856
19.157051503588228,23.845542502979008,68.2376561164856
19.157051503588228,23.845542502979008,68.2376561164856
19.157051503588228,23.845542502979008,68.2376561164856
19.157051503588228,23.845542502979008,68.2376561164856
19.391825550659856,23.55332711264194,68.2376561164856
19.391825550659856,23.55332711264194,68.2376561164856
19.391825550659856,23.55332711264194,68.2376561164856
19.391825550659856,23.55332711264194,68.2376561164856
19.391825550659856,23.55332711264194,68.2376561164856
19.391825550659856,23.55332711264194,68.2376561164856
19.58129109053978,23.284204907926778,68.2376561164856
19.58129109053978,23.284204907926778,68.2376561164856
19.58129109053978,23.284204907926778,68.2376561164856
19.58129109053978,23.284204907926778,68.2376561164856
19.58129109053978,23.284204907926778,68.2376561164856
19.58129109053978,23.284204907926778,68.2376561164856
19.703771436181906,23.10829824005574,68.2376561164856
19.703771436181906,23.10829824005574,68.2376561164856
19.703771436181906,23.10829824005574,68.2376561164856
19.703771436181906,23.10829824005574,68.2376561164856
19.703771436181906,23.10829824005574,68.2376561164856
19.79528923100816,22.942341302264925,68.2376561164856
19.79528923100816,22.942341302264925,68.2376561164856
19.79528923100816,22.942341302264925,68.2376561164856
19.79528923100816,22.942341302264925,68.2376561164856
19.79528923100816,22.942341302264925,68.2376561164856
19.79528923100816,22.942341302264925,68.2376561164856
19.87770558233525,22.76043894063791,68.2376561164856
19.87770558233525,22.76043894063791,68.2376561164856
19.87770558233525,22.76043894063791,68.2376561164856
19.87770558233525,22.76043894063791,68.2376561164856
19.87770558233525,22.76043894063791,68.2376561164856
19.87770558233525,22.76043894063791,68.2376561164856
20.001982874465625,22.495398495410985,68.2376561164856
20.001982874465625,22.495398495410985,68.2376561164856
20.001982874465625,22.495398495410985,68.2376561164856
20.001982874465625,22.495398495410985,68.2376561164856
20.001982874465625,22.495398495410985,68.2376561164856
20.001982874465625,22.495398495410985,68.2376561164856
20.091442102253946,22.304238800191484,68.2376561164856
20.091442102253946,22.304238800191484,68.2376561164856
20.091442102253946,22.304238800191484,68.2376561164856
20.091442102253946,22.304238800191484,68.2376561164856
20.091442102253946,22.304238800191484,68.2376561164856
20.091442102253946,22.304238800191484,68.2376561164856
20.169979725796917,22.060668110160226,68.2376561164856
20.169979725796917,22.060668110160226,68.2376561164856
20.169979725796917,22.060668110160226,68.2376561164856
20.169979725796917,22.060668110160226,68.2376561164856
20.169979725796917,22.060668110160226,68.2376561164856
20.169979725796917,22.060668110160226,68.2376561164856
20.169979725796917,22.060668110160226,68.2376561164856
20.235214171636724,21.880602305999947,68.2376561164856
20.235214171636724,21.880602305999947,68.2376561164856
20.235214171636724,21.880602305999947,68.2376561164856
20.235214171636724,21.880602305999947,68.2376561164856
20.235214171636724,21.880602305999947,68.2376561164856
20.305115032092317,21.64901925083583,68.2376561164856
20.305115032092317,21.64901925083583,68.2376561164856
20.305115032092317,21.64901925083583,68.2376561164856
20.305115032092317,21.64901925083583,68.2376561164856
20.305115032092317,21.64901925083583,68.2376561164856
20.305115032092317,21.64901925083583,68.2376561164856
20.348533657374034,21.50180456759677,68.2376561164856
20.348533657374034,21.50180456759677,68.2376561164856
20.348533657374034,21.50180456759677,68.2376561164856
20.348533657374034,21.50180456759677,68.2376561164856
20.348533657374034,21.50180456759677,68.2376561164856
20.38269625523842,21.349813568220128,68.2376561164856
20.38269625523842,21.349813568220128,68.2376561164856
20.38269625523842,21.349813568220128,68.2376561164856
20.38269625523842,21.349813568220128,68.2376561164856
20.38269625523842,21.349813568220128,68.2376561164856
20.411754389803075,21.209159206375315,68.2376561164856
20.411754389803075,21.209159206375315,68.2376561164856
20.411754389803075,21.209159206375315,68.2376561164856
20.411754389803075,21.209159206375315,68.2376561164856
20.411754389803075,21.209159206375315,68.2376561164856
20.411754389803075,21.209159206375315,68.2376561164856
20.451174932252947,21.056082859916067,68.2376561164856
20.451174932252947,21.056082859916067,68.2376561164856
20.451174932252947,21.056082859916067,68.2376561164856
20.451174932252947,21.056082859916067,68.2376561164856
20.451174932252947,21.056082859916067,68.2376561164856
20.451174932252947,21.056082859916067,68.2376561164856
20.451174932252947,21.056082859916067,68.2376561164856
20.451174932252947,21.056082859916067,68.2376561164856
20.451174932252947,21.056082859916067,68.2376561164856
20.478609701765098,20.906175816403465,68.2376561164856
20.478609701765098,20.906175816403465,68.2376561164856
20.478609701765098,20.906175816403465,68.2376561164856
20.478609701765098,20.906175816403465,68.2376561164856
20.478609701765098,20.906175816403465,68.2376561164856
20.478609701765098,20.906175816403465,68.2376561164856
20.478609701765098,20.906175816403465,68.2376561164856
20.53836247871305,20.63039539200031,68.2376561164856
20.53836247871305,20.63039539200031,68.2376561164856
20.53836247871305,20.63039539200031,68.2376561164856
20.53836247871305,20.63039539200031,68.2376561164856
20.53836247871305,20.63039539200031,68.2376561164856
20.53836247871305,20.63039539200031,68.2376561164856
20.53836247871305,20.63039539200031,68.2376561164856
20.53836247871305,20.63039539200031,68.2376561164856
20.59033475609077,20.43151377700293,68.2376561164856
20.59033475609077,20.43151377700293,68.2376561164856
20.59033475609077,20.43151377700293,68.2376561164856
20.59033475609077,20.43151377700293,68.2376561164856
20.59033475609077,20.43151377700293,68.2376561164856
20.59033475609077,20.43151377700293,68.2376561164856
20.64697136135542,20.219623870821586,68.2376561164856
20.64697136135542,20.219623870821586,68.2376561164856
20.64697136135542,20.219623870821586,68.2376561164856
20.64697136135542,20.219623870821586,68.2376561164856
20.64697136135542,20.219623870821586,68.2376561164856
20.64697136135542,20.219623870821586,68.2376561164856
20.64697136135542,20.219623870821586,68.2376561164856
20.704388340540284,20.02357535489533,68.2376561164856
20.704388340540284,20.02357535489533,68.2376561164856
20.704388340540284,20.02357535489533,68.2376561164856
20.704388340540284,20.02357535489533,68.2376561164856
20.704388340540284,20.02357535489533,68.2376561164856
20.704388340540284,20.02357535489533,68.2376561164856
20.704388340540284,20.02357535489533,68.2376561164856
20.704388340540284,20.02357535489533,68.2376561164856
20.747880251383123,19.8879985140138,68.2376561164856
20.747880251383123,19.8879985140138,68.2376561164856
20.747880251383123,19.8879985140138,68.2376561164856
20.747880251383123,19.8879985140138,68.2376561164856
20.747880251383123,19.8879985140138,68.2376561164856
20.747880251383123,19.8879985140138,68.2376561164856
20.747880251383123,19.8879985140138,68.2376561164856
20.747880251383123,19.8879985140138,68.2376561164856
20.85341085745098,19.62248416830852,68.2376561164856
20.85341085745098,19.62248416830852,68.2376561164856
20.85341085745098,19.62248416830852,68.2376561164856
20.85341085745098,19.62248416830852,68.2376561164856
20.85341085745098,19.62248416830852,68.2376561164856
20.85341085745098,19.62248416830852,68.2376561164856
20.85341085745098,19.62248416830852,68.2376561164856
20.94115574927412,19.41898504401757,68.2376561164856
20.94115574927412,19.41898504401757,68.2376561164856
20.94115574927412,19.41898504401757,68.2376561164856
20.94115574927412,19.41898504401757,68.2376561164856
20.94115574927412,19.41898504401757,68.2376561164856
20.94115574927412,19.41898504401757,68.2376561164856
21.029918421127686,19.217122543084276,68.2376561164856
21.029918421127686,19.217122543084276,68.2376561164856
21.029918421127686,19.217122543084276,68.2376561164856
21.029918421127686,19.217122543084276,68.2376561164856
21.029918421127686,19.217122543084276,68.2376561164856
21.029918421127686,19.217122543084276,68.2376561164856
21.029918421127686,19.217122543084276,68.2376561164856
21.087430015395636,19.077161309571117,68.2376561164856
21.087430015395636,19.077161309571117,68.2376561164856
21.087430015395636,19.077161309571117,68.2376561164856
21.087430015395636,19.077161309571117,68.2376561164856
21.087430015395636,19.077161309571117,68.2376561164856
21.087430015395636,19.077161309571117,68.2376561164856
21.172098719280157,18.86444944348053,68.2376561164856
21.172098719280157,18.86444944348053,68.2376561164856
21.172098719280157,18.86444944348053,68.2376561164856
21.172098719280157,18.86444944348053,68.2376561164856
21.172098719280157,18.86444944348053,68.2376561164856
21.220231624869857,18.732435982582107,68.2376561164856
21.220231624869857,18.732435982582107,68.2376561164856
21.220231624869857,18.732435982582107,68.2376561164856
21.220231624869857,18.732435982582107,68.2376561164856
21.220231624869857,18.732435982582107,68.2376561164856
21.220231624869857,18.732435982582107,68.2376561164856
21.220231624869857,18.732435982582107,68.2376561164856
21.297832751182995,18.540604662275673,68.2376561164856
21.297832751182995,18.540604662275673,68.2376561164856
21.297832751182995,18.540604662275673,68.2376561164856
21.297832751182995,18.540604662275673,68.2376561164856
21.297832751182995,18.540604662275673,68.2376561164856
21.297832751182995,18.540604662275673,68.2376561164856
21.354401075454497,18.406508978509457,68.2376561164856
21.354401075454497,18.406508978509457,68.2376561164856
21.354401075454497,18.406508978509457,68.2376561164856
21.354401075454497,18.406508978509457,68.2376561164856
21.354401075454497,18.406508978509457,68.2376561164856
21.40683572676571,18.277961804659334,68.2376561164856
21.40683572676571,18.277961804659334,68.2376561164856
21.40683572676571,18.277961804659334,68.2376561164856
21.40683572676571,18.277961804659334,68.2376561164856
21.40683572676571,18.277961804659334,68.2376561164856
21.40683572676571,18.277961804659334,68.2376561164856
21.46732851587451,18.144105895946534,68.2376561164856
21.46732851587451,18.144105895946534,68.2376561164856
21.46732851587451,18.144105895946534,68.2376561164856
21.46732851587451,18.144105895946534,68.2376561164856
21.46732851587451,18.144105895946534,68.2376561164856
21.46732851587451,18.144105895946534,68.2376561164856
21.555089328901005,17.961634060905656,68.2376561164856
21.555089328901005,17.961634060905656,68.2376561164856
21.555089328901005,17.961634060905656,68.2376561164856
21.555089328901005,17.961634060905656,68.2376561164856
21.555089328901005,17.961634060905656,68.2376561164856
21.555089328901005,17.961634060905656,68.2376561164856
21.603836504476615,17.844096950862173,68.2376561164856
21.603836504476615,17.844096950862173,68.2376561164856
21.603836504476615,17.844096950862173,68.2376561164856
21.603836504476615,17.844096950862173,68.2376561164856
21.603836504476615,17.844096950862173,68.2376561164856
21.685907102004265,17.681798709399626,68.2376561164856
21.685907102004265,17.681798709399626,68.2376561164856
21.685907102004265,17.681798709399626,68.2376561164856
21.685907102004265,17.681798709399626,68.2376561164856
21.685907102004265,17.681798709399626,68.2376561164856
21.685907102004265,17.681798709399626,68.2376561164856
21.73334061031719,17.580889682725694,68.2376561164856
21.73334061031719,17.580889682725694,68.2376561164856
21.73334061031719,17.580889682725694,68.2376561164856
21.73334061031719,17.580889682725694,68.2376561164856
21.73334061031719,17.580889682725694,68.2376561164856
21.73334061031719,17.580889682725694,68.2376561164856
21.73334061031719,17.580889682725694,68.2376561164856
21.782580576292233,17.478432704104414,68.2376561164856
21.782580576292233,17.478432704104414,68.2376561164856
21.782580576292233,17.478432704104414,68.2376561164856
21.782580576292233,17.478432704104414,68.2376561164856
21.782580576292233,17.478432704104414,68.2376561164856
21.782580576292233,17.478432704104414,68.2376561164856
21.868383185624836,17.315821860576264,68.2376561164856
21.868383185624836,17.315821860576264,68.2376561164856
21.868383185624836,17.315821860576264,68.2376561164856
21.868383185624836,17.315821860576264,68.2376561164856
21.868383185624836,17.315821860576264,68.2376561164856
21.868383185624836,17.315821860576264,68.2376561164856
21.914811163983902,17.203691099152895,68.2376561164856
21.914811163983902,17.203691099152895,68.2376561164856
21.914811163983902,17.203691099152895,68.2376561164856
21.914811163983902,17.203691099152895,68.2376561164856
21.914811163983902,17.203691099152895,68.2376561164856
21.914811163983902,17.203691099152895,68.2376561164856
21.99161747078018,17.047791779118782,68.2376561164856
21.99161747078018,17.047791779118782,68.2376561164856
21.99161747078018,17.047791779118782,68.2376561164856
21.99161747078018,17.047791779118782,68.2376561164856
21.99161747078018,17.047791779118782,68.2376561164856
21.99161747078018,17.047791779118782,68.2376561164856
22.025847736939305,16.940832088424184,68.2376561164856
22.025847736939305,16.940832088424184,68.2376561164856
22.025847736939305,16.940832088424184,68.2376561164856
22.025847736939305,16.940832088424184,68.2376561164856
22.025847736939305,16.940832088424184,68.2376561164856
22.025847736939305,16.940832088424184,68.2376561164856
22.04501016596531,16.845050591048313,68.2376561164856
22.04501016596531,16.845050591048313,68.2376561164856
22.04501016596531,16.845050591048313,68.2376561164856
22.04501016596531,16.845050591048313,68.2376561164856
22.04501016596531,16.845050591048313,68.2376561164856
22.04501016596531,16.845050591048313,68.2376561164856
22.062746706163825,16.73476473302369,68.2376561164856
22.062746706163825,16.73476473302369,68.2376561164856
22.062746706163825,16.73476473302369,68.2376561164856
22.062746706163825,16.73476473302369,68.2376561164856
22.062746706163825,16.73476473302369,68.2376561164856
22.062746706163825,16.73476473302369,68.2376561164856
22.03427707186687,16.694557226230504,68.2376561164856
22.03427707186687,16.694557226230504,68.2376561164856
22.03427707186687,16.694557226230504,68.2376561164856
22.03427707186687,16.694557226230504,68.2376561164856
22.03427707186687,16.694557226230504,68.2376561164856
22.03427707186687,16.694557226230504,68.2376561164856
22.024858711295003,16.6439189189162,68.2376561164856
22.024858711295003,16.6439189189162,68.2376561164856
22.024858711295003,16.6439189189162,68.2376561164856
22.024858711295003,16.6439189189162,68.2376561164856
22.024858711295003,16.6439189189162,68.2376561164856
22.024858711295003,16.6439189189162,68.2376561164856
21.984965836162097,16.62212090132825,68.2376561164856
21.984965836162097,16.62212090132825,68.2376561164856
21.984965836162097,16.62212090132825,68.2376561164856
21.984965836162097,16.62212090132825,68.2376561164856
21.984965836162097,16.62212090132825,68.2376561164856
21.984965836162097,16.62212090132825,68.2376561164856
21.94331818107456,16.569399510576527,68.2376561164856
21.94331818107456,16.569399510576527,68.2376561164856
21.94331818107456,16.569399510576527,68.2376561164856
21.94331818107456,16.569399510576527,68.2376561164856
21.94331818107456,16.569399510576527,68.2376561164856
21.94331818107456,16.569399510576527,68.2376561164856
21.90607998494055,16.53519130952649,68.2376561164856
21.90607998494055,16.53519130952649,68.2376561164856
21.90607998494055,16.53519130952649,68.2376561164856
21.90607998494055,16.53519130952649,68.2376561164856
21.90607998494055,16.53519130952649,68.2376561164856
21.90607998494055,16.53519130952649,68.2376561164856
21.843373404252628,16.57086355060744,68.2376561164856
21.843373404252628,16.57086355060744,68.2376561164856
21.843373404252628,16.57086355060744,68.2376561164856
21.843373404252628,16.57086355060744,68.2376561164856
21.843373404252628,16.57086355060744,68.2376561164856
21.843373404252628,16.57086355060744,68.2376561164856
21.843373404252628,16.57086355060744,68.2376561164856
21.85630015422727,16.52560064834064,68.2376561164856
21.85630015422727,16.52560064834064,68.2376561164856
21.85630015422727,16.52560064834064,68.2376561164856
21.85630015422727,16.52560064834064,68.2376561164856
21.85630015422727,16.52560064834064,68.2376561164856
21.852155478418236,16.48635065258903,68.2376561164856
21.852155478418236,16.48635065258903,68.2376561164856
21.852155478418236,16.48635065258903,68.2376561164856
21.852155478418236,16.48635065258903,68.2376561164856
21.852155478418236,16.48635065258903,68.2376561164856
21.852155478418236,16.48635065258903,68.2376561164856
21.852155478418236,16.48635065258903,68.2376561164856
21.866562777148847,16.438292311442158,68.2376561164856
21.866562777148847,16.438292311442158,68.2376561164856
21.866562777148847,16.438292311442158,68.2376561164856
21.866562777148847,16.438292311442158,68.2376561164856
21.866562777148847,16.438292311442158,68.2376561164856
21.866562777148847,16.438292311442158,68.2376561164856
21.897978075243785,16.36411556847187,68.2376561164856
21.897978075243785,16.36411556847187,68.2376561164856
21.897978075243785,16.36411556847187,68.2376561164856
21.897978075243785,16.36411556847187,68.2376561164856
21.897978075243785,16.36411556847187,68.2376561164856
21.91068193548209,16.285466627618167,68.2376561164856
21.91068193548209,16.285466627618167,68.2376561164856
21.91068193548209,16.285466627618167,68.2376561164856
21.91068193548209,16.285466627618167,68.2376561164856
21.91068193548209,16.285466627618167,68.2376561164856
21.910860610424553,16.241419179713514,68.2376561164856
21.910860610424553,16.241419179713514,68.2376561164856
21.910860610424553,16.241419179713514,68.2376561164856
21.910860610424553,16.241419179713514,68.2376561164856
21.910860610424553,16.241419179713514,68.2376561164856
21.910860610424553,16.241419179713514,68.2376561164856
21.891837132915192,16.200127344234623,68.2376561164856
21.891837132915192,16.200127344234623,68.2376561164856
21.891837132915192,16.200127344234623,68.2376561164856
21.891837132915192,16.200127344234623,68.2376561164856
21.891837132915192,16.200127344234623,68.2376561164856
21.897329133299795,16.144168856078615,68.2376561164856
21.897329133299795,16.144168856078615,68.2376561164856
21.897329133299795,16.144168856078615,68.2376561164856
21.897329133299795,16.144168856078615,68.2376561164856
21.897329133299795,16.144168856078615,68.2376561164856
21.897329133299795,16.144168856078615,68.2376561164856
21.89399205380022,16.09684800286054,68.2376561164856
21.89399205380022,16.09684800286054,68.2376561164856
21.89399205380022,16.09684800286054,68.2376561164856
21.89399205380022,16.09684800286054,68.2376561164856
21.89399205380022,16.09684800286054,68.2376561164856
21.895805248309962,16.036859474283354,68.2376561164856
21.895805248309962,16.036859474283354,68.2376561164856
21.895805248309962,16.036859474283354,68.2376561164856
21.895805248309962,16.036859474283354,68.2376561164856
21.895805248309962,16.036859474283354,68.2376561164856
21.892336107605484,15.984553347084686,68.2376561164856
21.892336107605484,15.984553347084686,68.2376561164856
21.892336107605484,15.984553347084686,68.2376561164856
21.892336107605484,15.984553347084686,68.2376561164856
21.892336107605484,15.984553347084686,68.2376561164856
21.892336107605484,15.984553347084686,68.2376561164856
21.91892081095313,15.891359777240911,68.2376561164856
21.91892081095313,15.891359777240911,68.2376561164856
21.91892081095313,15.891359777240911,68.2376561164856
21.91892081095313,15.891359777240911,68.2376561164856
21.91892081095313,15.891359777240911,68.2376561164856
21.91892081095313,15.891359777240911,68.2376561164856
21.9290023159439,15.822220531720333,68.2376561164856
21.9290023159439,15.822220531720333,68.2376561164856
21.9290023159439,15.822220531720333,68.2376561164856
21.9290023159439,15.822220531720333,68.2376561164856
21.9290023159439,15.822220531720333,68.2376561164856
21.943292817428368,15.752629214325273,68.2376561164856
21.943292817428368,15.752629214325273,68.2376561164856
21.943292817428368,15.752629214325273,68.2376561164856
21.943292817428368,15.752629214325273,68.2376561164856
21.943292817428368,15.752629214325273,68.2376561164856
21.965826366622316,15.679996580860603,68.2376561164856
21.965826366622316,15.679996580860603,68.2376561164856
21.965826366622316,15.679996580860603,68.2376561164856
21.965826366622316,15.679996580860603,68.2376561164856
21.965826366622316,15.679996580860603,68.2376561164856
21.99408726625564,15.60720162133511,68.2376561164856
21.99408726625564,15.60720162133511,68.2376561164856
21.99408726625564,15.60720162133511,68.2376561164856
21.99408726625564,15.60720162133511,68.2376561164856
21.99408726625564,15.60720162133511,68.2376561164856
22.022115798397085,15.530021069015561,68.2376561164856
22.022115798397085,15.530021069015561,68.2376561164856
22.022115798397085,15.530021069015561,68.2376561164856
22.022115798397085,15.530021069015561,68.2376561164856
22.022115798397085,15.530021069015561,68.2376561164856
22.022115798397085,15.530021069015561,68.2376561164856
22.08603124895311,15.405784773414947,68.2376561164856
22.08603124895311,15.405784773414947,68.2376561164856
22.08603124895311,15.405784773414947,68.2376561164856
22.08603124895311,15.405784773414947,68.2376561164856
22.08603124895311,15.405784773414947,68.2376561164856
22.08603124895311,15.405784773414947,68.2376561164856
22.12123486270001,15.326043247032807,68.2376561164856
22.12123486270001,15.326043247032807,68.2376561164856
22.12123486270001,15.326043247032807,68.2376561164856
22.12123486270001,15.326043247032807,68.2376561164856
22.12123486270001,15.326043247032807,68.2376561164856
22.157101324894523,15.245503006015026,68.2376561164856
22.157101324894523,15.245503006015026,68.2376561164856
22.157101324894523,15.245503006015026,68.2376561164856
22.157101324894523,15.245503006015026,68.2376561164856
22.157101324894523,15.245503006015026,68.2376561164856
22.157101324894523,15.245503006015026,68.2376561164856
22.189100183580855,15.169403193231163,68.2376561164856
22.189100183580855,15.169403193231163,68.2376561164856
22.189100183580855,15.169403193231163,68.2376561164856
22.189100183580855,15.169403193231163,68.2376561164856
22.189100183580855,15.169403193231163,68.2376561164856
22.23445098315507,15.080673882269723,68.2376561164856
22.23445098315507,15.080673882269723,68.2376561164856
22.23445098315507,15.080673882269723,68.2376561164856
22.23445098315507,15.080673882269723,68.2376561164856
22.23445098315507,15.080673882269723,68.2376561164856
22.23445098315507,15.080673882269723,68.2376561164856
22.276830907655036,14.99536942439266,68.2376561164856
22.276830907655036,14.99536942439266,68.2376561164856
22.276830907655036,14.99536942439266,68.2376561164856
22.276830907655036,14.99536942439266,68.2376561164856
22.276830907655036,14.99536942439266,68.2376561164856
22.276830907655036,14.99536942439266,68.2376561164856
22.3429570878633,14.863524803787843,68.2376561164856
22.3429570878633,14.863524803787843,68.2376561164856
22.3429570878633,14.863524803787843,68.2376561164856
22.3429570878633,14.863524803787843,68.2376561164856
22.3429570878633,14.863524803787843,68.2376561164856
22.3429570878633,14.863524803787843,68.2376561164856
22.408803093960227,14.729367948472339,68.2376561164856
22.408803093960227,14.729367948472339,68.2376561164856
22.408803093960227,14.729367948472339,68.2376561164856
22.408803093960227,14.729367948472339,68.2376561164856
22.408803093960227,14.729367948472339,68.2376561164856
22.408803093960227,14.729367948472339,68.2376561164856
22.448214273620184,14.642817331864121,68.2376561164856
22.448214273620184,14.642817331864121,68.2376561164856
22.448214273620184,14.642817331864121,68.2376561164856
22.448214273620184,14.642817331864121,68.2376561164856
22.448214273620184,14.642817331864121,68.2376561164856
22.448214273620184,14.642817331864121,68.2376561164856
22.448214273620184,14.642817331864121,68.2376561164856
22.483252343766917,14.559572213848217,68.2376561164856
22.483252343766917,14.559572213848217,68.2376561164856
22.483252343766917,14.559572213848217,68.2376561164856
22.483252343766917,14.559572213848217,68.2376561164856
22.483252343766917,14.559572213848217,68.2376561164856
22.483252343766917,14.559572213848217,68.2376561164856
22.54985414249373,14.424437118888399,68.2376561164856
22.54985414249373,14.424437118888399,68.2376561164856
22.54985414249373,14.424437118888399,68.2376561164856
22.54985414249373,14.424437118888399,68.2376561164856
22.54985414249373,14.424437118888399,68.2376561164856
22.54985414249373,14.424437118888399,68.2376561164856
22.54985414249373,14.424437118888399,68.2376561164856
22.61576082661081,14.293650550278146,68.2376561164856
22.61576082661081,14.293650550278146,68.2376561164856
22.61576082661081,14.293650550278146,68.2376561164856
22.61576082661081,14.293650550278146,68.2376561164856
22.61576082661081,14.293650550278146,68.2376561164856
22.649478411192455,14.218434288337725,68.2376561164856
22.649478411192455,14.218434288337725,68.2376561164856
22.649478411192455,14.218434288337725,68.2376561164856
22.649478411192455,14.218434288337725,68.2376561164856
22.649478411192455,14.218434288337725,68.2376561164856
22.649478411192455,14.218434288337725,68.2376561164856
22.689698345051685,14.131718110703108,68.2376561164856
22.689698345051685,14.131718110703108,68.2376561164856
22.689698345051685,14.131718110703108,68.2376561164856
22.689698345051685,14.131718110703108,68.2376561164856
22.689698345051685,14.131718110703108,68.2376561164856
22.689698345051685,14.131718110703108,68.2376561164856
22.689698345051685,14.131718110703108,68.2376561164856
22.75077340111622,13.992007023439733,68.2376561164856
22.75077340111622,13.992007023439733,68.2376561164856
22.75077340111622,13.992007023439733,68.2376561164856
22.75077340111622,13.992007023439733,68.2376561164856
22.75077340111622,13.992007023439733,68.2376561164856
22.75077340111622,13.992007023439733,68.2376561164856
22.75077340111622,13.992007023439733,68.2376561164856
22.779057553385485,13.903785901350066,68.2376561164856
22.779057553385485,13.903785901350066,68.2376561164856
22.779057553385485,13.903785901350066,68.2376561164856
22.779057553385485,13.903785901350066,68.2376561164856
22.779057553385485,13.903785901350066,68.2376561164856
22.779057553385485,13.903785901350066,68.2376561164856
22.835570765382474,13.768278909939442,68.2376561164856
22.835570765382474,13.768278909939442,68.2376561164856
22.835570765382474,13.768278909939442,68.2376561164856
22.835570765382474,13.768278909939442,68.2376561164856
22.835570765382474,13.768278909939442,68.2376561164856
22.835570765382474,13.768278909939442,68.2376561164856
22.890981952525106,13.618665789279031,68.2376561164856
22.890981952525106,13.618665789279031,68.2376561164856
22.890981952525106,13.618665789279031,68.2376561164856
22.890981952525106,13.618665789279031,68.2376561164856
22.890981952525106,13.618665789279031,68.2376561164856
22.890981952525106,13.618665789279031,68.2376561164856
22.890981952525106,13.618665789279031,68.2376561164856
22.924404949008732,13.528407595223275,68.2376561164856
22.924404949008732,13.528407595223275,68.2376561164856
22.924404949008732,13.528407595223275,68.2376561164856
22.924404949008732,13.528407595223275,68.2376561164856
22.924404949008732,13.528407595223275,68.2376561164856
22.924404949008732,13.528407595223275,68.2376561164856
22.924404949008732,13.528407595223275,68.2376561164856
22.924404949008732,13.528407595223275,68.2376561164856
22.982955295631108,13.373767086631675,68.2376561164856
22.982955295631108,13.373767086631675,68.2376561164856
22.982955295631108,13.373767086631675,68.2376561164856
22.982955295631108,13.373767086631675,68.2376561164856
22.982955295631108,13.373767086631675,68.2376561164856
22.982955295631108,13.373767086631675,68.2376561164856
22.982955295631108,13.373767086631675,68.2376561164856
22.982955295631108,13.373767086631675,68.2376561164856
23.03646172757557,13.220498210879244,68.2376561164856
23.03646172757557,13.220498210879244,68.2376561164856
23.03646172757557,13.220498210879244,68.2376561164856
23.03646172757557,13.220498210879244,68.2376561164856
23.03646172757557,13.220498210879244,68.2376561164856
23.03646172757557,13.220498210879244,68.2376561164856
23.03646172757557,13.220498210879244,68.2376561164856
23.03646172757557,13.220498210879244,68.2376561164856
23.091899240548205,13.0638146914069,68.2376561164856
23.091899240548205,13.0638146914069,68.2376561164856
23.091899240548205,13.0638146914069,68.2376561164856
23.091899240548205,13.0638146914069,68.2376561164856
23.091899240548205,13.0638146914069,68.2376561164856
23.091899240548205,13.0638146914069,68.2376561164856
23.15036242092944,12.903020527890066,68.2376561164856
23.15036242092944,12.903020527890066,68.2376561164856
23.15036242092944,12.903020527890066,68.2376561164856
23.15036242092944,12.903020527890066,68.2376561164856
23.15036242092944,12.903020527890066,68.2376561164856
23.15036242092944,12.903020527890066,68.2376561164856
23.199359315834872,12.740084094291891,68.2376561164856
23.199359315834872,12.740084094291891,68.2376561164856
23.199359315834872,12.740084094291891,68.2376561164856
23.199359315834872,12.740084094291891,68.2376561164856
23.199359315834872,12.740084094291891,68.2376561164856
23.238581582914783,12.641526495723408,68.2376561164856
23.238581582914783,12.641526495723408,68.2376561164856
23.238581582914783,12.641526495723408,68.2376561164856
23.238581582914783,12.641526495723408,68.2376561164856
23.238581582914783,12.641526495723408,68.2376561164856
23.276925332754693,12.544979980387579,68.2376561164856
23.276925332754693,12.544979980387579,68.2376561164856
23.276925332754693,12.544979980387579,68.2376561164856
23.276925332754693,12.544979980387579,68.2376561164856
23.276925332754693,12.544979980387579,68.2376561164856
23.315618754492444,12.444680597388237,68.2376561164856
23.315618754492444,12.444680597388237,68.2376561164856
23.315618754492444,12.444680597388237,68.2376561164856
23.315618754492444,12.444680597388237,68.2376561164856
23.315618754492444,12.444680597388237,68.2376561164856
23.35570901600433,12.338417395398364,68.2376561164856
23.35570901600433,12.338417395398364,68.2376561164856
23.35570901600433,12.338417395398364,68.2376561164856
23.35570901600433,12.338417395398364,68.2376561164856
23.35570901600433,12.338417395398364,68.2376561164856
23.388742354915045,12.241966868553696,68.2376561164856
23.388742354915045,12.241966868553696,68.2376561164856
23.388742354915045,12.241966868553696,68.2376561164856
23.388742354915045,12.241966868553696,68.2376561164856
23.388742354915045,12.241966868553696,68.2376561164856
23.42832240557757,12.137006135921887,68.2376561164856
23.42832240557757,12.137006135921887,68.2376561164856
23.42832240557757,12.137006135921887,68.2376561164856
23.42832240557757,12.137006135921887,68.2376561164856
23.42832240557757,12.137006135921887,68.2376561164856
23.42832240557757,12.137006135921887,68.2376561164856
23.463579117415108,12.033920127230475,68.2376561164856
23.463579117415108,12.033920127230475,68.2376561164856
23.463579117415108,12.033920127230475,68.2376561164856
23.463579117415108,12.033920127230475,68.2376561164856
23.463579117415108,12.033920127230475,68.2376561164856
23.49806887633996,11.936986638349072,68.2376561164856
23.49806887633996,11.936986638349072,68.2376561164856
23.49806887633996,11.936986638349072,68.2376561164856
23.49806887633996,11.936986638349072,68.2376561164856
23.49806887633996,11.936986638349072,68.2376561164856
23.529971964347453,11.83978354099675,68.2376561164856
23.529971964347453,11.83978354099675,68.2376561164856
23.529971964347453,11.83978354099675,68.2376561164856
23.529971964347453,11.83978354099675,68.2376561164856
23.529971964347453,11.83978354099675,68.2376561164856
23.529971964347453,11.83978354099675,68.2376561164856
23.5588223312447,11.736879548876589,68.2376561164856
23.5588223312447,11.736879548876589,68.2376561164856
23.5588223312447,11.736879548876589,68.2376561164856
23.5588223312447,11.736879548876589,68.2376561164856
23.5588223312447,11.736879548876589,68.2376561164856
23.605962416774275,11.574804896047038,68.2376561164856
23.605962416774275,11.574804896047038,68.2376561164856
23.605962416774275,11.574804896047038,68.2376561164856
23.605962416774275,11.574804896047038,68.2376561164856
23.605962416774275,11.574804896047038,68.2376561164856
23.63242391337408,11.478080147498018,68.2376561164856
23.63242391337408,11.478080147498018,68.2376561164856
23.63242391337408,11.478080147498018,68.2376561164856
23.63242391337408,11.478080147498018,68.2376561164856
23.63242391337408,11.478080147498018,68.2376561164856
23.662631161516348,11.37766852032706,68.2376561164856
23.662631161516348,11.37766852032706,68.2376561164856
23.662631161516348,11.37766852032706,68.2376561164856
23.662631161516348,11.37766852032706,68.2376561164856
23.662631161516348,11.37766852032706,68.2376561164856
23.662631161516348,11.37766852032706,68.2376561164856
23.693291366264788,11.275138309809678,68.2376561164856
23.693291366264788,11.275138309809678,68.2376561164856
23.693291366264788,11.275138309809678,68.2376561164856
23.693291366264788,11.275138309809678,68.2376561164856
23.693291366264788,11.275138309809678,68.2376561164856
23.71868518309871,11.16701683779544,68.2376561164856
23.71868518309871,11.16701683779544,68.2376561164856
23.71868518309871,11.16701683779544,68.2376561164856
23.71868518309871,11.16701683779544,68.2376561164856
23.71868518309871,11.16701683779544,68.2376561164856
23.743413680754095,11.058369184135932,68.2376561164856
23.743413680754095,11.058369184135932,68.2376561164856
23.743413680754095,11.058369184135932,68.2376561164856
23.743413680754095,11.058369184135932,68.2376561164856
23.743413680754095,11.058369184135932,68.2376561164856
23.760029328868416,10.95001700517319,68.2376561164856
23.760029328868416,10.95001700517319,68.2376561164856
23.760029328868416,10.95001700517319,68.2376561164856
23.760029328868416,10.95001700517319,68.2376561164856
23.760029328868416,10.95001700517319,68.2376561164856
23.760029328868416,10.95001700517319,68.2376561164856
23.77462798307299,10.841534591390955,68.2376561164856
23.77462798307299,10.841534591390955,68.2376561164856
23.77462798307299,10.841534591390955,68.2376561164856
23.77462798307299,10.841534591390955,68.2376561164856
23.77462798307299,10.841534591390955,68.2376561164856
23.77462798307299,10.841534591390955,68.2376561164856
23.796523950488115,10.66485213549078,68.2376561164856
23.796523950488115,10.66485213549078,68.2376561164856
23.796523950488115,10.66485213549078,68.2376561164856
23.796523950488115,10.66485213549078,68.2376561164856
23.796523950488115,10.66485213549078,68.2376561164856
23.808685084268692,10.563861010851102,68.2376561164856
23.808685084268692,10.563861010851102,68.2376561164856
23.808685084268692,10.563861010851102,68.2376561164856
23.808685084268692,10.563861010851102,68.2376561164856
23.808685084268692,10.563861010851102,68.2376561164856
23.808685084268692,10.563861010851102,68.2376561164856
23.80772172686601,10.461125968657138,68.2376561164856
23.80772172686601,10.461125968657138,68.2376561164856
23.80772172686601,10.461125968657138,68.2376561164856
23.80772172686601,10.461125968657138,68.2376561164856
23.80772172686601,10.461125968657138,68.2376561164856
23.80772172686601,10.461125968657138,68.2376561164856
23.806040871394696,10.356891531794032,68.2376561164856
23.806040871394696,10.356891531794032,68.2376561164856
23.806040871394696,10.356891531794032,68.2376561164856
23.806040871394696,10.356891531794032,68.2376561164856
23.806040871394696,10.356891531794032,68.2376561164856
23.80067971045229,10.188393865249788,68.2376561164856
23.80067971045229,10.188393865249788,68.2376561164856
23.80067971045229,10.188393865249788,68.2376561164856
23.80067971045229,10.188393865249788,68.2376561164856
23.80067971045229,10.188393865249788,68.2376561164856
23.785667506374693,10.078447596480867,68.2376561164856
23.785667506374693,10.078447596480867,68.2376561164856
23.785667506374693,10.078447596480867,68.2376561164856
23.785667506374693,10.078447596480867,68.2376561164856
23.785667506374693,10.078447596480867,68.2376561164856
23.78376231756102,9.934088606741364,68.2376561164856
23.78376231756102,9.934088606741364,68.2376561164856
23.78376231756102,9.934088606741364,68.2376561164856
23.78376231756102,9.934088606741364,68.2376561164856
23.78376231756102,9.934088606741364,68.2376561164856
23.83858080494346,9.633511357309573,68.2376561164856
23.83858080494346,9.633511357309573,68.2376561164856
23.83858080494346,9.633511357309573,68.2376561164856
23.83858080494346,9.633511357309573,68.2376561164856
23.83858080494346,9.633511357309573,68.2376561164856
23.83858080494346,9.633511357309573,68.2376561164856
23.77642011772735,9.413709924893732,68.2376561164856
23.77642011772735,9.413709924893732,68.2376561164856
23.77642011772735,9.413709924893732,68.2376561164856
23.77642011772735,9.413709924893732,68.2376561164856
23.77642011772735,9.413709924893732,68.2376561164856
23.69470418858698,9.270671514808106,68.2376561164856
23.69470418858698,9.270671514808106,68.2376561164856
23.69470418858698,9.270671514808106,68.2376561164856
23.69470418858698,9.270671514808106,68.2376561164856
23.69470418858698,9.270671514808106,68.2376561164856
23.69470418858698,9.270671514808106,68.2376561164856
23.602014565652606,9.16049014680182,68.2376561164856
23.602014565652606,9.16049014680182,68.2376561164856
23.602014565652606,9.16049014680182,68.2376561164856
23.602014565652606,9.16049014680182,68.2376561164856
23.602014565652606,9.16049014680182,68.2376561164856
23.602014565652606,9.16049014680182,68.2376561164856
23.463528591013976,8.9941139730157,68.2376561164856
23.463528591013976,8.9941139730157,68.2376561164856
23.463528591013976,8.9941139730157,68.2376561164856
23.463528591013976,8.9941139730157,68.2376561164856
23.379143240803923,8.873263715853675,68.2376561164856
23.379143240803923,8.873263715853675,68.2376561164856
23.379143240803923,8.873263715853675,68.2376561164856
23.379143240803923,8.873263715853675,68.2376561164856
23.379143240803923,8.873263715853675,68.2376561164856
23.281126966371225,8.749601480369062,68.2376561164856
23.281126966371225,8.749601480369062,68.2376561164856
23.281126966371225,8.749601480369062,68.2376561164856
23.281126966371225,8.749601480369062,68.2376561164856
23.281126966371225,8.749601480369062,68.2376561164856
23.281126966371225,8.749601480369062,68.2376561164856
23.171628093087232,8.623930156540352,68.2376561164856
23.171628093087232,8.623930156540352,68.2376561164856
23.171628093087232,8.623930156540352,68.2376561164856
23.171628093087232,8.623930156540352,68.2376561164856
23.171628093087232,8.623930156540352,68.2376561164856
23.171628093087232,8.623930156540352,68.2376561164856
23.046928570041693,8.50305966525071,68.2376561164856
23.046928570041693,8.50305966525071,68.2376561164856
23.046928570041693,8.50305966525071,68.2376561164856
23.046928570041693,8.50305966525071,68.2376561164856
23.046928570041693,8.50305966525071,68.2376561164856
22.92838900928672,8.384772352313218,68.2376561164856
22.92838900928672,8.384772352313218,68.2376561164856
22.92838900928672,8.384772352313218,68.2376561164856
22.92838900928672,8.384772352313218,68.2376561164856
22.92838900928672,8.384772352313218,68.2376561164856
22.80596957417245,8.269380045644978,68.2376561164856
22.80596957417245,8.269380045644978,68.2376561164856
22.80596957417245,8.269380045644978,68.2376561164856
22.80596957417245,8.269380045644978,68.2376561164856
22.80596957417245,8.269380045644978,68.2376561164856
22.67964636523359,8.155891812443151,68.2376561164856
22.67964636523359,8.155891812443151,68.2376561164856
22.67964636523359,8.155891812443151,68.2376561164856
22.67964636523359,8.155891812443151,68.2376561164856
22.67964636523359,8.155891812443151,68.2376561164856
22.570447698365577,8.056769948040614,68.2376561164856
22.570447698365577,8.056769948040614,68.2376561164856
22.570447698365577,8.056769948040614,68.2376561164856
22.570447698365577,8.056769948040614,68.2376561164856
22.570447698365577,8.056769948040614,68.2376561164856
22.467628332006033,7.960379403033418,68.2376561164856
22.467628332006033,7.960379403033418,68.2376561164856
22.467628332006033,7.960379403033418,68.2376561164856
22.467628332006033,7.960379403033418,68.2376561164856
22.467628332006033,7.960379403033418,68.2376561164856
22.467628332006033,7.960379403033418,68.2376561164856
22.359485246688727,7.868565311591942,68.2376561164856
22.359485246688727,7.868565311591942,68.2376561164856
22.359485246688727,7.868565311591942,68.2376561164856
22.359485246688727,7.868565311591942,68.2376561164856
22.359485246688727,7.868565311591942,68.2376561164856
22.359485246688727,7.868565311591942,68.2376561164856
22.20035832734336,7.727434998513673,68.2376561164856
22.20035832734336,7.727434998513673,68.2376561164856
22.20035832734336,7.727434998513673,68.2376561164856
22.20035832734336,7.727434998513673,68.2376561164856
22.20035832734336,7.727434998513673,68.2376561164856
22.07805025083244,7.630070934271807,68.2376561164856
22.07805025083244,7.630070934271807,68.2376561164856
22.07805025083244,7.630070934271807,68.2376561164856
22.07805025083244,7.630070934271807,68.2376561164856
22.07805025083244,7.630070934271807,68.2376561164856
21.967496771337977,7.538530056586977,68.2376561164856
21.967496771337977,7.538530056586977,68.2376561164856
21.967496771337977,7.538530056586977,68.2376561164856
21.967496771337977,7.538530056586977,68.2376561164856
21.967496771337977,7.538530056586977,68.2376561164856
21.801812252580476,7.415725895780595,68.2376561164856
21.801812252580476,7.415725895780595,68.2376561164856
21.801812252580476,7.415725895780595,68.2376561164856
21.801812252580476,7.415725895780595,68.2376561164856
21.801812252580476,7.415725895780595,68.2376561164856
21.739907779121108,7.383857160580324,68.2376561164856
21.739907779121108,7.383857160580324,68.2376561164856
21.739907779121108,7.383857160580324,68.2376561164856
21.739907779121108,7.383857160580324,68.2376561164856
21.739907779121108,7.383857160580324,68.2376561164856
21.739907779121108,7.383857160580324,68.2376561164856
21.635664332666202,7.308952937102669,68.2376561164856
21.635664332666202,7.308952937102669,68.2376561164856
21.635664332666202,7.308952937102669,68.2376561164856
21.635664332666202,7.308952937102669,68.2376561164856
21.635664332666202,7.308952937102669,68.2376561164856
21.469831391184083,7.177876164803912,68.2376561164856
21.469831391184083,7.177876164803912,68.2376561164856
21.469831391184083,7.177876164803912,68.2376561164856
21.469831391184083,7.177876164803912,68.2376561164856
21.469831391184083,7.177876164803912,68.2376561164856
21.35434388692311,7.089413226655768,68.2376561164856
21.35434388692311,7.089413226655768,68.2376561164856
21.35434388692311,7.089413226655768,68.2376561164856
21.35434388692311,7.089413226655768,68.2376561164856
21.35434388692311,7.089413226655768,68.2376561164856
21.240273151032437,7.007302170234745,68.2376561164856
21.240273151032437,7.007302170234745,68.2376561164856
21.240273151032437,7.007302170234745,68.2376561164856
21.240273151032437,7.007302170234745,68.2376561164856
21.240273151032437,7.007302170234745,68.2376561164856
21.12083068126652,6.926934053012819,68.2376561164856
21.12083068126652,6.926934053012819,68.2376561164856
21.12083068126652,6.926934053012819,68.2376561164856
21.12083068126652,6.926934053012819,68.2376561164856
21.12083068126652,6.926934053012819,68.2376561164856
20.996893460240617,6.847495325591704,68.2376561164856
20.996893460240617,6.847495325591704,68.2376561164856
20.996893460240617,6.847495325591704,68.2376561164856
20.996893460240617,6.847495325591704,68.2376561164856
20.996893460240617,6.847495325591704,68.2376561164856
20.88925832258893,6.775820634131078,68.2376561164856
20.88925832258893,6.775820634131078,68.2376561164856
20.88925832258893,6.775820634131078,68.2376561164856
20.88925832258893,6.775820634131078,68.2376561164856
20.88925832258893,6.775820634131078,68.2376561164856
20.76391092344509,6.696227989245774,68.2376561164856
20.76391092344509,6.696227989245774,68.2376561164856
20.76391092344509,6.696227989245774,68.2376561164856
20.76391092344509,6.696227989245774,68.2376561164856
20.76391092344509,6.696227989245774,68.2376561164856
20.635016692678985,6.608982341942778,68.2376561164856
20.635016692678985,6.608982341942778,68.2376561164856
20.635016692678985,6.608982341942778,68.2376561164856
20.635016692678985,6.608982341942778,68.2376561164856
20.635016692678985,6.608982341942778,68.2376561164856
20.514406312688692,6.522040070713209,68.2376561164856
20.514406312688692,6.522040070713209,68.2376561164856
20.514406312688692,6.522040070713209,68.2376561164856
20.514406312688692,6.522040070713209,68.2376561164856
20.514406312688692,6.522040070713209,68.2376561164856
20.514406312688692,6.522040070713209,68.2376561164856
20.3802850205466,6.435731441073517,68.2376561164856
20.3802850205466,6.435731441073517,68.2376561164856
20.3802850205466,6.435731441073517,68.2376561164856
20.3802850205466,6.435731441073517,68.2376561164856
20.3802850205466,6.435731441073517,68.2376561164856
20.251791007120453,6.356930649662971,68.2376561164856
20.251791007120453,6.356930649662971,68.2376561164856
20.251791007120453,6.356930649662971,68.2376561164856
20.251791007120453,6.356930649662971,68.2376561164856
20.251791007120453,6.356930649662971,68.2376561164856
20.108489692468634,6.2711445880451,68.2376561164856
20.108489692468634,6.2711445880451,68.2376561164856
20.108489692468634,6.2711445880451,68.2376561164856
20.108489692468634,6.2711445880451,68.2376561164856
20.108489692468634,6.2711445880451,68.2376561164856
19.974661538290945,6.187366561212631,68.2376561164856
19.974661538290945,6.187366561212631,68.2376561164856
19.974661538290945,6.187366561212631,68.2376561164856
19.974661538290945,6.187366561212631,68.2376561164856
19.974661538290945,6.187366561212631,68.2376561164856
19.81929265149478,6.086110074195923,68.2376561164856
19.81929265149478,6.086110074195923,68.2376561164856
19.81929265149478,6.086110074195923,68.2376561164856
19.81929265149478,6.086110074195923,68.2376561164856
19.81929265149478,6.086110074195923,68.2376561164856
19.672614325917262,5.9969628168514415,68.2376561164856
19.672614325917262,5.9969628168514415,68.2376561164856
19.672614325917262,5.9969628168514415,68.2376561164856
19.672614325917262,5.9969628168514415,68.2376561164856
19.672614325917262,5.9969628168514415,68.2376561164856
19.561323379965753,5.9325957245027,68.2376561164856
19.561323379965753,5.9325957245027,68.2376561164856
19.561323379965753,5.9325957245027,68.2376561164856
19.561323379965753,5.9325957245027,68.2376561164856
19.561323379965753,5.9325957245027,68.2376561164856
19.45341069513643,5.874824047687237,68.2376561164856
19.45341069513643,5.874824047687237,68.2376561164856
19.45341069513643,5.874824047687237,68.2376561164856
19.45341069513643,5.874824047687237,68.2376561164856
19.45341069513643,5.874824047687237,68.2376561164856
19.372253377661135,5.833579841668357,68.2376561164856
19.372253377661135,5.833579841668357,68.2376561164856
19.372253377661135,5.833579841668357,68.2376561164856
19.372253377661135,5.833579841668357,68.2376561164856
19.372253377661135,5.833579841668357,68.2376561164856
19.372253377661135,5.833579841668357,68.2376561164856
19.246005832393774,5.764325289514898,68.2376561164856
19.246005832393774,5.764325289514898,68.2376561164856
19.246005832393774,5.764325289514898,68.2376561164856
19.246005832393774,5.764325289514898,68.2376561164856
19.246005832393774,5.764325289514898,68.2376561164856
19.10683582843502,5.668450750717413,68.2376561164856
19.10683582843502,5.668450750717413,68.2376561164856
19.10683582843502,5.668450750717413,68.2376561164856
19.10683582843502,5.668450750717413,68.2376561164856
19.10683582843502,5.668450750717413,68.2376561164856
18.98092820086163,5.601610499023775,68.2376561164856
18.98092820086163,5.601610499023775,68.2376561164856
18.98092820086163,5.601610499023775,68.2376561164856
18.98092820086163,5.601610499023775,68.2376561164856
18.98092820086163,5.601610499023775,68.2376561164856
18.89756663460485,5.564825795720851,68.2376561164856
18.89756663460485,5.564825795720851,68.2376561164856
18.89756663460485,5.564825795720851,68.2376561164856
18.89756663460485,5.564825795720851,68.2376561164856
18.89756663460485,5.564825795720851,68.2376561164856
18.8125895199588,5.5310140767489235,68.2376561164856
18.8125895199588,5.5310140767489235,68.2376561164856
18.8125895199588,5.5310140767489235,68.2376561164856
18.8125895199588,5.5310140767489235,68.2376561164856
18.8125895199588,5.5310140767489235,68.2376561164856
18.722666554353815,5.493172061877257,68.2376561164856
18.722666554353815,5.493172061877257,68.2376561164856
18.722666554353815,5.493172061877257,68.2376561164856
18.722666554353815,5.493172061877257,68.2376561164856
18.722666554353815,5.493172061877257,68.2376561164856
18.613175425072107,5.434247129538736,68.2376561164856
18.613175425072107,5.434247129538736,68.2376561164856
18.613175425072107,5.434247129538736,68.2376561164856
18.613175425072107,5.434247129538736,68.2376561164856
18.497376825266603,5.364625666835408,68.2376561164856
18.497376825266603,5.364625666835408,68.2376561164856
18.497376825266603,5.364625666835408,68.2376561164856
18.497376825266603,5.364625666835408,68.2376561164856
18.497376825266603,5.364625666835408,68.2376561164856
18.33459685849212,5.263412071712635,68.2376561164856
18.33459685849212,5.263412071712635,68.2376561164856
18.33459685849212,5.263412071712635,68.2376561164856
18.33459685849212,5.263412071712635,68.2376561164856
18.33459685849212,5.263412071712635,68.2376561164856
18.203723373258942,5.194455144362306,68.2376561164856
18.203723373258942,5.194455144362306,68.2376561164856
18.203723373258942,5.194455144362306,68.2376561164856
18.203723373258942,5.194455144362306,68.2376561164856
18.203723373258942,5.194455144362306,68.2376561164856
18.102360554530215,5.150757766280887,68.2376561164856
18.102360554530215,5.150757766280887,68.2376561164856
18.102360554530215,5.150757766280887,68.2376561164856
18.102360554530215,5.150757766280887,68.2376561164856
18.102360554530215,5.150757766280887,68.2376561164856
17.973976241675974,5.090478057781154,68.2376561164856
17.973976241675974,5.090478057781154,68.2376561164856
17.973976241675974,5.090478057781154,68.2376561164856
17.973976241675974,5.090478057781154,68.2376561164856
17.973976241675974,5.090478057781154,68.2376561164856
17.843403453350252,5.03152623527107,68.2376561164856
17.843403453350252,5.03152623527107,68.2376561164856
17.843403453350252,5.03152623527107,68.2376561164856
17.843403453350252,5.03152623527107,68.2376561164856
17.843403453350252,5.03152623527107,68.2376561164856
17.843403453350252,5.03152623527107,68.2376561164856
17.713086894930132,4.970305361103415,68.2376561164856
17.713086894930132,4.970305361103415,68.2376561164856
17.713086894930132,4.970305361103415,68.2376561164856
17.713086894930132,4.970305361103415,68.2376561164856
17.713086894930132,4.970305361103415,68.2376561164856
17.58727856477371,4.910818166670887,68.2376561164856
17.58727856477371,4.910818166670887,68.2376561164856
17.58727856477371,4.910818166670887,68.2376561164856
17.58727856477371,4.910818166670887,68.2376561164856
17.58727856477371,4.910818166670887,68.2376561164856
17.58727856477371,4.910818166670887,68.2376561164856
17.455430366058145,4.8500009066721965,68.2376561164856
17.455430366058145,4.8500009066721965,68.2376561164856
17.455430366058145,4.8500009066721965,68.2376561164856
17.455430366058145,4.8500009066721965,68.2376561164856
17.455430366058145,4.8500009066721965,68.2376561164856
17.272622850660653,4.767395285949099,68.2376561164856
17.272622850660653,4.767395285949099,68.2376561164856
17.272622850660653,4.767395285949099,68.2376561164856
17.272622850660653,4.767395285949099,68.2376561164856
17.272622850660653,4.767395285949099,68.2376561164856
17.152484032476924,4.717625603783272,68.2376561164856
17.152484032476924,4.717625603783272,68.2376561164856
17.152484032476924,4.717625603783272,68.2376561164856
17.152484032476924,4.717625603783272,68.2376561164856
17.152484032476924,4.717625603783272,68.2376561164856
17.03609779362154,4.667681752415176,68.2376561164856
17.03609779362154,4.667681752415176,68.2376561164856
17.03609779362154,4.667681752415176,68.2376561164856
17.03609779362154,4.667681752415176,68.2376561164856
17.03609779362154,4.667681752415176,68.2376561164856
17.03609779362154,4.667681752415176,68.2376561164856
16.901882488218188,4.609016234795702,68.2376561164856
16.901882488218188,4.609016234795702,68.2376561164856
16.901882488218188,4.609016234795702,68.2376561164856
16.901882488218188,4.609016234795702,68.2376561164856
16.901882488218188,4.609016234795702,68.2376561164856
16.786450442800547,4.5595587944293445,68.2376561164856
16.786450442800547,4.5595587944293445,68.2376561164856
16.786450442800547,4.5595587944293445,68.2376561164856
16.786450442800547,4.5595587944293445,68.2376561164856
16.786450442800547,4.5595587944293445,68.2376561164856
16.786450442800547,4.5595587944293445,68.2376561164856
16.786450442800547,4.5595587944293445,68.2376561164856
16.66264214297111,4.511175420177466,68.2376561164856
16.66264214297111,4.511175420177466,68.2376561164856
16.66264214297111,4.511175420177466,68.2376561164856
16.66264214297111,4.511175420177466,68.2376561164856
16.66264214297111,4.511175420177466,68.2376561164856
16.66264214297111,4.511175420177466,68.2376561164856
16.512997374313592,4.446545436622452,68.2376561164856
16.512997374313592,4.446545436622452,68.2376561164856
16.512997374313592,4.446545436622452,68.2376561164856
16.512997374313592,4.446545436622452,68.2376561164856
16.512997374313592,4.446545436622452,68.2376561164856
16.41927475617377,4.405100076120697,68.2376561164856
16.41927475617377,4.405100076120697,68.2376561164856
16.41927475617377,4.405100076120697,68.2376561164856
16.41927475617377,4.405100076120697,68.2376561164856
16.41927475617377,4.405100076120697,68.2376561164856
16.41927475617377,4.405100076120697,68.2376561164856
16.41927475617377,4.405100076120697,68.2376561164856
16.315361896377834,4.357439361985346,68.2376561164856
16.315361896377834,4.357439361985346,68.2376561164856
16.315361896377834,4.357439361985346,68.2376561164856
16.315361896377834,4.357439361985346,68.2376561164856
16.315361896377834,4.357439361985346,68.2376561164856
16.315361896377834,4.357439361985346,68.2376561164856
16.153137383569398,4.296345990727249,68.2376561164856
16.153137383569398,4.296345990727249,68.2376561164856
16.153137383569398,4.296345990727249,68.2376561164856
16.153137383569398,4.296345990727249,68.2376561164856
16.153137383569398,4.296345990727249,68.2376561164856
16.00382386677524,4.248566655012741,68.2376561164856
16.00382386677524,4.248566655012741,68.2376561164856
16.00382386677524,4.248566655012741,68.2376561164856
16.00382386677524,4.248566655012741,68.2376561164856
16.00382386677524,4.248566655012741,68.2376561164856
15.927974450632636,4.232887713712622,68.2376561164856
15.927974450632636,4.232887713712622,68.2376561164856
15.927974450632636,4.232887713712622,68.2376561164856
15.927974450632636,4.232887713712622,68.2376561164856
15.927974450632636,4.232887713712622,68.2376561164856
15.927974450632636,4.232887713712622,68.2376561164856
15.848639283154778,4.216704345642737,68.2376561164856
15.848639283154778,4.216704345642737,68.2376561164856
15.848639283154778,4.216704345642737,68.2376561164856
15.848639283154778,4.216704345642737,68.2376561164856
15.759969091316654,4.198047549173207,68.2376561164856
15.759969091316654,4.198047549173207,68.2376561164856
15.759969091316654,4.198047549173207,68.2376561164856
15.759969091316654,4.198047549173207,68.2376561164856
15.68013690338335,4.160392942016066,68.2376561164856
15.68013690338335,4.160392942016066,68.2376561164856
15.68013690338335,4.160392942016066,68.2376561164856
15.68013690338335,4.160392942016066,68.2376561164856
15.68013690338335,4.160392942016066,68.2376561164856
15.558496727958884,4.130960900763132,68.2376561164856
15.558496727958884,4.130960900763132,68.2376561164856
15.558496727958884,4.130960900763132,68.2376561164856
15.558496727958884,4.130960900763132,68.2376561164856
15.558496727958884,4.130960900763132,68.2376561164856
15.527469155541112,4.126113972024626,68.2376561164856
15.527469155541112,4.126113972024626,68.2376561164856
15.527469155541112,4.126113972024626,68.2376561164856
15.527469155541112,4.126113972024626,68.2376561164856
15.527469155541112,4.126113972024626,68.2376561164856
15.407706429333494,4.082496759805959,68.2376561164856
15.407706429333494,4.082496759805959,68.2376561164856
15.407706429333494,4.082496759805959,68.2376561164856
15.407706429333494,4.082496759805959,68.2376561164856
15.407706429333494,4.082496759805959,68.2376561164856
15.407706429333494,4.082496759805959,68.2376561164856
15.315396251434436,4.058263947519989,68.2376561164856
15.315396251434436,4.058263947519989,68.2376561164856
15.315396251434436,4.058263947519989,68.2376561164856
15.315396251434436,4.058263947519989,68.2376561164856
15.315396251434436,4.058263947519989,68.2376561164856
15.315396251434436,4.058263947519989,68.2376561164856
15.125184239413853,4.002460243684954,68.2376561164856
15.125184239413853,4.002460243684954,68.2376561164856
15.125184239413853,4.002460243684954,68.2376561164856
15.125184239413853,4.002460243684954,68.2376561164856
15.125184239413853,4.002460243684954,68.2376561164856
15.125184239413853,4.002460243684954,68.2376561164856
15.010572059554413,3.9777978343455342,68.2376561164856
15.010572059554413,3.9777978343455342,68.2376561164856
15.010572059554413,3.9777978343455342,68.2376561164856
15.010572059554413,3.9777978343455342,68.2376561164856
15.010572059554413,3.9777978343455342,68.2376561164856
14.89873402886139,3.9530751142642226,68.2376561164856
14.89873402886139,3.9530751142642226,68.2376561164856
14.89873402886139,3.9530751142642226,68.2376561164856
14.89873402886139,3.9530751142642226,68.2376561164856
14.89873402886139,3.9530751142642226,68.2376561164856
14.89873402886139,3.9530751142642226,68.2376561164856
14.779570027705118,3.918794251291838,68.2376561164856
14.779570027705118,3.918794251291838,68.2376561164856
14.779570027705118,3.918794251291838,68.2376561164856
14.779570027705118,3.918794251291838,68.2376561164856
14.779570027705118,3.918794251291838,68.2376561164856
14.779570027705118,3.918794251291838,68.2376561164856
14.574350707652785,3.8526302436733904,68.2376561164856
14.574350707652785,3.8526302436733904,68.2376561164856
14.574350707652785,3.8526302436733904,68.2376561164856
14.574350707652785,3.8526302436733904,68.2376561164856
14.574350707652785,3.8526302436733904,68.2376561164856
14.453262996379735,3.8160308007780777,68.2376561164856
14.453262996379735,3.8160308007780777,68.2376561164856
14.453262996379735,3.8160308007780777,68.2376561164856
14.453262996379735,3.8160308007780777,68.2376561164856
14.453262996379735,3.8160308007780777,68.2376561164856
14.313352179849536,3.7762821078712414,68.2376561164856
14.313352179849536,3.7762821078712414,68.2376561164856
14.313352179849536,3.7762821078712414,68.2376561164856
14.313352179849536,3.7762821078712414,68.2376561164856
14.313352179849536,3.7762821078712414,68.2376561164856
14.313352179849536,3.7762821078712414,68.2376561164856
14.200745884188583,3.740404599462655,68.2376561164856
14.200745884188583,3.740404599462655,68.2376561164856
14.200745884188583,3.740404599462655,68.2376561164856
14.200745884188583,3.740404599462655,68.2376561164856
14.200745884188583,3.740404599462655,68.2376561164856
13.981479675506472,3.674016501388939,68.2376561164856
13.981479675506472,3.674016501388939,68.2376561164856
13.981479675506472,3.674016501388939,68.2376561164856
13.981479675506472,3.674016501388939,68.2376561164856
13.981479675506472,3.674016501388939,68.2376561164856
13.833201359093886,3.631693663207568,68.2376561164856
13.833201359093886,3.631693663207568,68.2376561164856
13.833201359093886,3.631693663207568,68.2376561164856
13.833201359093886,3.631693663207568,68.2376561164856
13.833201359093886,3.631693663207568,68.2376561164856
13.833201359093886,3.631693663207568,68.2376561164856
13.68568950871786,3.5891800841646244,68.2376561164856
13.68568950871786,3.5891800841646244,68.2376561164856
13.68568950871786,3.5891800841646244,68.2376561164856
13.68568950871786,3.5891800841646244,68.2376561164856
13.68568950871786,3.5891800841646244,68.2376561164856
13.68568950871786,3.5891800841646244,68.2376561164856
13.5260473543432,3.5444233073711904,68.2376561164856
13.5260473543432,3.5444233073711904,68.2376561164856
13.5260473543432,3.5444233073711904,68.2376561164856
13.5260473543432,3.5444233073711904,68.2376561164856
13.5260473543432,3.5444233073711904,68.2376561164856
13.395966113025743,3.505207315123553,68.2376561164856
13.395966113025743,3.505207315123553,68.2376561164856
13.395966113025743,3.505207315123553,68.2376561164856
13.395966113025743,3.505207315123553,68.2376561164856
13.395966113025743,3.505207315123553,68.2376561164856
13.395966113025743,3.505207315123553,68.2376561164856
13.395966113025743,3.505207315123553,68.2376561164856
13.254591493591542,3.467907214889281,68.2376561164856
13.254591493591542,3.467907214889281,68.2376561164856
13.254591493591542,3.467907214889281,68.2376561164856
13.254591493591542,3.467907214889281,68.2376561164856
13.254591493591542,3.467907214889281,68.2376561164856
13.254591493591542,3.467907214889281,68.2376561164856
13.064694868626773,3.4129857787297015,68.2376561164856
13.064694868626773,3.4129857787297015,68.2376561164856
13.064694868626773,3.4129857787297015,68.2376561164856
13.064694868626773,3.4129857787297015,68.2376561164856
13.064694868626773,3.4129857787297015,68.2376561164856
13.064694868626773,3.4129857787297015,68.2376561164856
13.064694868626773,3.4129857787297015,68.2376561164856
13.064694868626773,3.4129857787297015,68.2376561164856
12.836513565514132,3.35210407984392,68.2376561164856
12.836513565514132,3.35210407984392,68.2376561164856
12.836513565514132,3.35210407984392,68.2376561164856
12.836513565514132,3.35210407984392,68.2376561164856
12.836513565514132,3.35210407984392,68.2376561164856
12.599862649393781,3.292707351088914,68.2376561164856
12.599862649393781,3.292707351088914,68.2376561164856
12.599862649393781,3.292707351088914,68.2376561164856
12.599862649393781,3.292707351088914,68.2376561164856
12.599862649393781,3.292707351088914,68.2376561164856
12.461855123471,3.263402984641772,68.2376561164856
12.461855123471,3.263402984641772,68.2376561164856
12.461855123471,3.263402984641772,68.2376561164856
12.461855123471,3.263402984641772,68.2376561164856
12.461855123471,3.263402984641772,68.2376561164856
12.278481256314976,3.216099995375779,68.2376561164856
12.278481256314976,3.216099995375779,68.2376561164856
12.278481256314976,3.216099995375779,68.2376561164856
12.278481256314976,3.216099995375779,68.2376561164856
12.278481256314976,3.216099995375779,68.2376561164856
12.113457292845954,3.1811098939220646,68.2376561164856
12.113457292845954,3.1811098939220646,68.2376561164856
12.113457292845954,3.1811098939220646,68.2376561164856
12.113457292845954,3.1811098939220646,68.2376561164856
12.113457292845954,3.1811098939220646,68.2376561164856
11.988255835786516,3.152975126565274,68.2376561164856
11.988255835786516,3.152975126565274,68.2376561164856
11.988255835786516,3.152975126565274,68.2376561164856
11.988255835786516,3.152975126565274,68.2376561164856
11.988255835786516,3.152975126565274,68.2376561164856
11.988255835786516,3.152975126565274,68.2376561164856
11.819584720684139,3.112992311054876,68.2376561164856
11.819584720684139,3.112992311054876,68.2376561164856
11.819584720684139,3.112992311054876,68.2376561164856
11.819584720684139,3.112992311054876,68.2376561164856
11.819584720684139,3.112992311054876,68.2376561164856
11.648914263205628,3.0686783879845483,68.2376561164856
11.648914263205628,3.0686783879845483,68.2376561164856
11.648914263205628,3.0686783879845483,68.2376561164856
11.648914263205628,3.0686783879845483,68.2376561164856
11.648914263205628,3.0686783879845483,68.2376561164856
11.512907188801409,3.034543963563763,68.2376561164856
11.512907188801409,3.034543963563763,68.2376561164856
11.512907188801409,3.034543963563763,68.2376561164856
11.512907188801409,3.034543963563763,68.2376561164856
11.512907188801409,3.034543963563763,68.2376561164856
11.512907188801409,3.034543963563763,68.2376561164856
11.373423955558657,3.0042349228606886,68.2376561164856
11.373423955558657,3.0042349228606886,68.2376561164856
11.373423955558657,3.0042349228606886,68.2376561164856
11.373423955558657,3.0042349228606886,68.2376561164856
11.373423955558657,3.0042349228606886,68.2376561164856
11.373423955558657,3.0042349228606886,68.2376561164856
11.148712903360394,2.947741316494249,68.2376561164856
11.148712903360394,2.947741316494249,68.2376561164856
11.148712903360394,2.947741316494249,68.2376561164856
11.148712903360394,2.947741316494249,68.2376561164856
11.148712903360394,2.947741316494249,68.2376561164856
10.973997315832555,2.9103499162614086,68.2376561164856
10.973997315832555,2.9103499162614086,68.2376561164856
10.973997315832555,2.9103499162614086,68.2376561164856
10.973997315832555,2.9103499162614086,68.2376561164856
10.973997315832555,2.9103499162614086,68.2376561164856
10.973997315832555,2.9103499162614086,68.2376561164856
10.805387312748872,2.872563166433471,68.2376561164856
10.805387312748872,2.872563166433471,68.2376561164856
10.805387312748872,2.872563166433471,68.2376561164856
10.805387312748872,2.872563166433471,68.2376561164856
10.805387312748872,2.872563166433471,68.2376561164856
10.805387312748872,2.872563166433471,68.2376561164856
10.630844744619946,2.828531215350038,68.2376561164856
10.630844744619946,2.828531215350038,68.2376561164856
10.630844744619946,2.828531215350038,68.2376561164856
10.630844744619946,2.828531215350038,68.2376561164856
10.630844744619946,2.828531215350038,68.2376561164856
10.630844744619946,2.828531215350038,68.2376561164856
10.44633579934906,2.76744366832503,68.2376561164856
10.44633579934906,2.76744366832503,68.2376561164856
10.44633579934906,2.76744366832503,68.2376561164856
10.44633579934906,2.76744366832503,68.2376561164856
10.44633579934906,2.76744366832503,68.2376561164856
10.324110144133291,2.7303388030776587,68.2376561164856
10.324110144133291,2.7303388030776587,68.2376561164856
10.324110144133291,2.7303388030776587,68.2376561164856
10.324110144133291,2.7303388030776587,68.2376561164856
10.324110144133291,2.7303388030776587,68.2376561164856
10.201324470216887,2.6871735154954774,68.2376561164856
10.201324470216887,2.6871735154954774,68.2376561164856
10.201324470216887,2.6871735154954774,68.2376561164856
10.201324470216887,2.6871735154954774,68.2376561164856
10.201324470216887,2.6871735154954774,68.2376561164856
10.201324470216887,2.6871735154954774,68.2376561164856
10.201324470216887,2.6871735154954774,68.2376561164856
9.99136145217333,2.6312251487336367,68.2376561164856
9.99136145217333,2.6312251487336367,68.2376561164856
9.99136145217333,2.6312251487336367,68.2376561164856
9.99136145217333,2.6312251487336367,68.2376561164856
9.99136145217333,2.6312251487336367,68.2376561164856
9.99136145217333,2.6312251487336367,68.2376561164856
9.845974089342732,2.598717865946943,68.2376561164856
9.845974089342732,2.598717865946943,68.2376561164856
9.845974089342732,2.598717865946943,68.2376561164856
9.845974089342732,2.598717865946943,68.2376561164856
9.845974089342732,2.598717865946943,68.2376561164856
9.845974089342732,2.598717865946943,68.2376561164856
9.707332330573172,2.569446926553148,68.2376561164856
9.707332330573172,2.569446926553148,68.2376561164856
9.707332330573172,2.569446926553148,68.2376561164856
9.707332330573172,2.569446926553148,68.2376561164856
9.707332330573172,2.569446926553148,68.2376561164856
9.707332330573172,2.569446926553148,68.2376561164856
9.707332330573172,2.569446926553148,68.2376561164856
9.476631915177062,2.511541144252742,68.2376561164856
9.476631915177062,2.511541144252742,68.2376561164856
9.476631915177062,2.511541144252742,68.2376561164856
9.476631915177062,2.511541144252742,68.2376561164856
9.476631915177062,2.511541144252742,68.2376561164856
9.217467497799518,2.4638634110373907,68.2376561164856
9.217467497799518,2.4638634110373907,68.2376561164856
9.217467497799518,2.4638634110373907,68.2376561164856
9.217467497799518,2.4638634110373907,68.2376561164856
9.217467497799518,2.4638634110373907,68.2376561164856
9.217467497799518,2.4638634110373907,68.2376561164856
9.024194203571772,2.4297667426103287,68.2376561164856
9.024194203571772,2.4297667426103287,68.2376561164856
9.024194203571772,2.4297667426103287,68.2376561164856
9.024194203571772,2.4297667426103287,68.2376561164856
9.024194203571772,2.4297667426103287,68.2376561164856
9.024194203571772,2.4297667426103287,68.2376561164856
9.024194203571772,2.4297667426103287,68.2376561164856
8.868921784401824,2.3999857857540583,68.2376561164856
8.868921784401824,2.3999857857540583,68.2376561164856
8.868921784401824,2.3999857857540583,68.2376561164856
8.868921784401824,2.3999857857540583,68.2376561164856
8.868921784401824,2.3999857857540583,68.2376561164856
8.624893628684994,2.3418184829413398,68.2376561164856
8.624893628684994,2.3418184829413398,68.2376561164856
8.624893628684994,2.3418184829413398,68.2376561164856
8.624893628684994,2.3418184829413398,68.2376561164856
8.624893628684994,2.3418184829413398,68.2376561164856
8.45252012974374,2.306061201487801,68.2376561164856
8.45252012974374,2.306061201487801,68.2376561164856
8.45252012974374,2.306061201487801,68.2376561164856
8.45252012974374,2.306061201487801,68.2376561164856
8.45252012974374,2.306061201487801,68.2376561164856
8.258482632633232,2.266966499189198,68.2376561164856
8.258482632633232,2.266966499189198,68.2376561164856
8.258482632633232,2.266966499189198,68.2376561164856
8.258482632633232,2.266966499189198,68.2376561164856
8.258482632633232,2.266966499189198,68.2376561164856
8.07742815677723,2.235128041048252,68.2376561164856
8.07742815677723,2.235128041048252,68.2376561164856
8.07742815677723,2.235128041048252,68.2376561164856
8.07742815677723,2.235128041048252,68.2376561164856
8.07742815677723,2.235128041048252,68.2376561164856
7.891286114972996,2.2011985290042815,68.2376561164856
7.891286114972996,2.2011985290042815,68.2376561164856
7.891286114972996,2.2011985290042815,68.2376561164856
7.891286114972996,2.2011985290042815,68.2376561164856
7.891286114972996,2.2011985290042815,68.2376561164856
7.891286114972996,2.2011985290042815,68.2376561164856
7.725216941482364,2.171203455286173,68.2376561164856
7.725216941482364,2.171203455286173,68.2376561164856
7.725216941482364,2.171203455286173,68.2376561164856
7.725216941482364,2.171203455286173,68.2376561164856
7.725216941482364,2.171203455286173,68.2376561164856
7.555701123948725,2.1298150017991624,68.2376561164856
7.555701123948725,2.1298150017991624,68.2376561164856
7.555701123948725,2.1298150017991624,68.2376561164856
7.555701123948725,2.1298150017991624,68.2376561164856
7.555701123948725,2.1298150017991624,68.2376561164856
7.395799827817599,2.085691727849723,68.2376561164856
7.395799827817599,2.085691727849723,68.2376561164856
7.395799827817599,2.085691727849723,68.2376561164856
7.395799827817599,2.085691727849723,68.2376561164856
7.395799827817599,2.085691727849723,68.2376561164856
7.395799827817599,2.085691727849723,68.2376561164856
7.234440591652533,2.0366788100966993,68.2376561164856
7.234440591652533,2.0366788100966993,68.2376561164856
7.234440591652533,2.0366788100966993,68.2376561164856
7.234440591652533,2.0366788100966993,68.2376561164856
7.234440591652533,2.0366788100966993,68.2376561164856
6.991618391706125,1.9602152428526136,68.2376561164856
6.991618391706125,1.9602152428526136,68.2376561164856
6.991618391706125,1.9602152428526136,68.2376561164856
6.991618391706125,1.9602152428526136,68.2376561164856
6.991618391706125,1.9602152428526136,68.2376561164856
6.890349203603543,1.9234782917692357,68.2376561164856
6.890349203603543,1.9234782917692357,68.2376561164856
6.890349203603543,1.9234782917692357,68.2376561164856
6.890349203603543,1.9234782917692357,68.2376561164856
6.890349203603543,1.9234782917692357,68.2376561164856
6.741983976245928,1.8718196806781284,68.2376561164856
6.741983976245928,1.8718196806781284,68.2376561164856
6.741983976245928,1.8718196806781284,68.2376561164856
6.741983976245928,1.8718196806781284,68.2376561164856
6.741983976245928,1.8718196806781284,68.2376561164856
6.741983976245928,1.8718196806781284,68.2376561164856
6.567705029074263,1.8177552908109709,68.2376561164856
6.567705029074263,1.8177552908109709,68.2376561164856
6.567705029074263,1.8177552908109709,68.2376561164856
6.567705029074263,1.8177552908109709,68.2376561164856
6.567705029074263,1.8177552908109709,68.2376561164856
6.567705029074263,1.8177552908109709,68.2376561164856
6.40657994125773,1.7691619977672473,68.2376561164856
6.40657994125773,1.7691619977672473,68.2376561164856
6.40657994125773,1.7691619977672473,68.2376561164856
6.40657994125773,1.7691619977672473,68.2376561164856
6.40657994125773,1.7691619977672473,68.2376561164856
6.256140359871373,1.7268091909592513,68.2376561164856
6.256140359871373,1.7268091909592513,68.2376561164856
6.256140359871373,1.7268091909592513,68.2376561164856
6.256140359871373,1.7268091909592513,68.2376561164856
6.256140359871373,1.7268091909592513,68.2376561164856
6.12300395972225,1.6812424597508107,68.2376561164856
6.12300395972225,1.6812424597508107,68.2376561164856
6.12300395972225,1.6812424597508107,68.2376561164856
6.12300395972225,1.6812424597508107,68.2376561164856
6.12300395972225,1.6812424597508107,68.2376561164856
6.12300395972225,1.6812424597508107,68.2376561164856
5.9863426416817465,1.6382603675416416,68.2376561164856
5.9863426416817465,1.6382603675416416,68.2376561164856
5.9863426416817465,1.6382603675416416,68.2376561164856
5.9863426416817465,1.6382603675416416,68.2376561164856
5.9863426416817465,1.6382603675416416,68.2376561164856
5.9863426416817465,1.6382603675416416,68.2376561164856
5.822529384820354,1.595844985249322,68.2376561164856
5.822529384820354,1.595844985249322,68.2376561164856
5.822529384820354,1.595844985249322,68.2376561164856
5.822529384820354,1.595844985249322,68.2376561164856
5.822529384820354,1.595844985249322,68.2376561164856
5.596640345995614,1.5379552013785827,68.2376561164856
5.596640345995614,1.5379552013785827,68.2376561164856
5.596640345995614,1.5379552013785827,68.2376561164856
5.596640345995614,1.5379552013785827,68.2376561164856
5.596640345995614,1.5379552013785827,68.2376561164856
5.596640345995614,1.5379552013785827,68.2376561164856
5.393139569827849,1.4895474454050084,68.2376561164856
5.393139569827849,1.4895474454050084,68.2376561164856
5.393139569827849,1.4895474454050084,68.2376561164856
5.393139569827849,1.4895474454050084,68.2376561164856
5.393139569827849,1.4895474454050084,68.2376561164856
5.220225022503268,1.4416478210071322,68.2376561164856
5.220225022503268,1.4416478210071322,68.2376561164856
5.220225022503268,1.4416478210071322,68.2376561164856
5.220225022503268,1.4416478210071322,68.2376561164856
5.220225022503268,1.4416478210071322,68.2376561164856
5.220225022503268,1.4416478210071322,68.2376561164856
5.220225022503268,1.4416478210071322,68.2376561164856
5.084410826429666,1.3912783752924025,68.2376561164856
5.084410826429666,1.3912783752924025,68.2376561164856
5.084410826429666,1.3912783752924025,68.2376561164856
5.084410826429666,1.3912783752924025,68.2376561164856
5.084410826429666,1.3912783752924025,68.2376561164856
5.084410826429666,1.3912783752924025,68.2376561164856
5.084410826429666,1.3912783752924025,68.2376561164856
5.084410826429666,1.3912783752924025,68.2376561164856
4.917514128123571,1.3323643416395536,68.2376561164856
4.917514128123571,1.3323643416395536,68.2376561164856
4.917514128123571,1.3323643416395536,68.2376561164856
4.917514128123571,1.3323643416395536,68.2376561164856
4.917514128123571,1.3323643416395536,68.2376561164856
4.648853885440195,1.250439823159306,68.2376561164856
4.648853885440195,1.250439823159306,68.2376561164856
4.648853885440195,1.250439823159306,68.2376561164856
4.648853885440195,1.250439823159306,68.2376561164856
4.648853885440195,1.250439823159306,68.2376561164856
4.592298526720788,1.2297023485615752,68.2376561164856
4.592298526720788,1.2297023485615752,68.2376561164856
4.592298526720788,1.2297023485615752,68.2376561164856
4.592298526720788,1.2297023485615752,68.2376561164856
4.592298526720788,1.2297023485615752,68.2376561164856
4.592298526720788,1.2297023485615752,68.2376561164856
4.385001529614899,1.1839570247862283,68.2376561164856
4.385001529614899,1.1839570247862283,68.2376561164856
4.385001529614899,1.1839570247862283,68.2376561164856
4.385001529614899,1.1839570247862283,68.2376561164856
4.385001529614899,1.1839570247862283,68.2376561164856
4.385001529614899,1.1839570247862283,68.2376561164856
4.223072617715664,1.155695175470467,68.2376561164856
4.223072617715664,1.155695175470467,68.2376561164856
4.223072617715664,1.155695175470467,68.2376561164856
4.223072617715664,1.155695175470467,68.2376561164856
4.223072617715664,1.155695175470467,68.2376561164856
4.073892811507419,1.1256218329872916,68.2376561164856
4.073892811507419,1.1256218329872916,68.2376561164856
4.073892811507419,1.1256218329872916,68.2376561164856
4.073892811507419,1.1256218329872916,68.2376561164856
4.073892811507419,1.1256218329872916,68.2376561164856
3.9238218712543453,1.095994205565087,68.2376561164856
3.9238218712543453,1.095994205565087,68.2376561164856
3.9238218712543453,1.095994205565087,68.2376561164856
3.9238218712543453,1.095994205565087,68.2376561164856
3.9238218712543453,1.095994205565087,68.2376561164856
3.7967649320499572,1.065615905343624,68.2376561164856
3.7967649320499572,1.065615905343624,68.2376561164856
3.7967649320499572,1.065615905343624,68.2376561164856
3.7967649320499572,1.065615905343624,68.2376561164856
3.7967649320499572,1.065615905343624,68.2376561164856
3.658937840424939,1.0288434900693342,68.2376561164856
3.658937840424939,1.0288434900693342,68.2376561164856
3.658937840424939,1.0288434900693342,68.2376561164856
3.658937840424939,1.0288434900693342,68.2376561164856
3.658937840424939,1.0288434900693342,68.2376561164856
3.658937840424939,1.0288434900693342,68.2376561164856
3.4280153747667788,0.9630469592689714,68.2376561164856
3.4280153747667788,0.9630469592689714,68.2376561164856
3.4280153747667788,0.9630469592689714,68.2376561164856
3.4280153747667788,0.9630469592689714,68.2376561164856
3.4280153747667788,0.9630469592689714,68.2376561164856
3.3174504878366986,0.9289419653386791,68.2376561164856
3.3174504878366986,0.9289419653386791,68.2376561164856
3.3174504878366986,0.9289419653386791,68.2376561164856
3.3174504878366986,0.9289419653386791,68.2376561164856
3.3174504878366986,0.9289419653386791,68.2376561164856
3.1965518428101114,0.888410731425886,68.2376561164856
3.1965518428101114,0.888410731425886,68.2376561164856
3.1965518428101114,0.888410731425886,68.2376561164856
3.1965518428101114,0.888410731425886,68.2376561164856
3.1965518428101114,0.888410731425886,68.2376561164856
3.149856949464374,0.870654004513061,68.2376561164856
3.149856949464374,0.870654004513061,68.2376561164856
3.149856949464374,0.870654004513061,68.2376561164856
3.149856949464374,0.870654004513061,68.2376561164856
3.149856949464374,0.870654004513061,68.2376561164856
2.9606462420862023,0.818087318518515,68.2376561164856
2.9606462420862023,0.818087318518515,68.2376561164856
2.9606462420862023,0.818087318518515,68.2376561164856
2.9606462420862023,0.818087318518515,68.2376561164856
2.9606462420862023,0.818087318518515,68.2376561164856
2.849494840658508,0.7798726636838399,68.2376561164856
2.849494840658508,0.7798726636838399,68.2376561164856
2.849494840658508,0.7798726636838399,68.2376561164856
2.849494840658508,0.7798726636838399,68.2376561164856
2.849494840658508,0.7798726636838399,68.2376561164856
2.7281134897169816,0.7388489301953167,68.2376561164856
2.7281134897169816,0.7388489301953167,68.2376561164856
2.7281134897169816,0.7388489301953167,68.2376561164856
2.7281134897169816,0.7388489301953167,68.2376561164856
2.7281134897169816,0.7388489301953167,68.2376561164856
2.7281134897169816,0.7388489301953167,68.2376561164856
2.7281134897169816,0.7388489301953167,68.2376561164856
2.5996025634755013,0.6928053764913942,68.2376561164856
2.5996025634755013,0.6928053764913942,68.2376561164856
2.5996025634755013,0.6928053764913942,68.2376561164856
2.5996025634755013,0.6928053764913942,68.2376561164856
2.5996025634755013,0.6928053764913942,68.2376561164856
2.5996025634755013,0.6928053764913942,68.2376561164856
2.384859462701356,0.6303573576561544,68.2376561164856
2.384859462701356,0.6303573576561544,68.2376561164856
2.384859462701356,0.6303573576561544,68.2376561164856
2.384859462701356,0.6303573576561544,68.2376561164856
2.384859462701356,0.6303573576561544,68.2376561164856
2.384859462701356,0.6303573576561544,68.2376561164856
2.384859462701356,0.6303573576561544,68.2376561164856
2.23216895394276,0.5797551946145918,68.2376561164856
2.23216895394276,0.5797551946145918,68.2376561164856
2.23216895394276,0.5797551946145918,68.2376561164856
2.23216895394276,0.5797551946145918,68.2376561164856
2.23216895394276,0.5797551946145918,68.2376561164856
2.23216895394276,0.5797551946145918,68.2376561164856
2.0010132185270613,0.5138868715015507,68.2376561164856
2.0010132185270613,0.5138868715015507,68.2376561164856
2.0010132185270613,0.5138868715015507,68.2376561164856
2.0010132185270613,0.5138868715015507,68.2376561164856
2.0010132185270613,0.5138868715015507,68.2376561164856
1.9055131073655336,0.4833733299392456,68.2376561164856
1.9055131073655336,0.4833733299392456,68.2376561164856
1.9055131073655336,0.4833733299392456,68.2376561164856
1.9055131073655336,0.4833733299392456,68.2376561164856
1.9055131073655336,0.4833733299392456,68.2376561164856
1.9055131073655336,0.4833733299392456,68.2376561164856
1.792804107938026,0.44897690524393685,68.2376561164856
1.792804107938026,0.44897690524393685,68.2376561164856
1.792804107938026,0.44897690524393685,68.2376561164856
1.792804107938026,0.44897690524393685,68.2376561164856
1.792804107938026,0.44897690524393685,68.2376561164856
1.5859045561945804,0.38862561092429054,68.2376561164856
1.5859045561945804,0.38862561092429054,68.2376561164856
1.5859045561945804,0.38862561092429054,68.2376561164856
1.5859045561945804,0.38862561092429054,68.2376561164856
1.5859045561945804,0.38862561092429054,68.2376561164856
1.4420687418840863,0.34647034545100286,68.2376561164856
1.4420687418840863,0.34647034545100286,68.2376561164856
1.4420687418840863,0.34647034545100286,68.2376561164856
1.4420687418840863,0.34647034545100286,68.2376561164856
1.4420687418840863,0.34647034545100286,68.2376561164856
1.2894653518113615,0.30099269592341876,68.2376561164856
1.2894653518113615,0.30099269592341876,68.2376561164856
1.2894653518113615,0.30099269592341876,68.2376561164856
1.2894653518113615,0.30099269592341876,68.2376561164856
1.2894653518113615,0.30099269592341876,68.2376561164856
1.2894653518113615,0.30099269592341876,68.2376561164856
1.145889211128575,0.2564014674519446,68.2376561164856
1.145889211128575,0.2564014674519446,68.2376561164856
1.145889211128575,0.2564014674519446,68.2376561164856
1.145889211128575,0.2564014674519446,68.2376561164856
1.145889211128575,0.2564014674519446,68.2376561164856
1.0326982873515316,0.2266515463542706,68.2376561164856
1.0326982873515316,0.2266515463542706,68.2376561164856
1.0326982873515316,0.2266515463542706,68.2376561164856
1.0326982873515316,0.2266515463542706,68.2376561164856
1.0326982873515316,0.2266515463542706,68.2376561164856
0.8956441877774688,0.1891036483817782,68.2376561164856
0.8956441877774688,0.1891036483817782,68.2376561164856
0.8956441877774688,0.1891036483817782,68.2376561164856
0.8956441877774688,0.1891036483817782,68.2376561164856
0.8956441877774688,0.1891036483817782,68.2376561164856
0.7509905916560091,0.15366138329896262,68.2376561164856
0.7509905916560091,0.15366138329896262,68.2376561164856
0.7509905916560091,0.15366138329896262,68.2376561164856
0.7509905916560091,0.15366138329896262,68.2376561164856
0.7509905916560091,0.15366138329896262,68.2376561164856
0.7509905916560091,0.15366138329896262,68.2376561164856
0.6205880807700881,0.12430952138374989,68.2376561164856
0.6205880807700881,0.12430952138374989,68.2376561164856
0.6205880807700881,0.12430952138374989,68.2376561164856
0.6205880807700881,0.12430952138374989,68.2376561164856
0.6205880807700881,0.12430952138374989,68.2376561164856
0.5229735451435623,0.09956887226167802,68.2376561164856
0.5229735451435623,0.09956887226167802,68.2376561164856
0.5229735451435623,0.09956887226167802,68.2376561164856
0.5229735451435623,0.09956887226167802,68.2376561164856
0.5229735451435623,0.09956887226167802,68.2376561164856
0.42876460489944895,0.07556290996587278,68.2376561164856
0.42876460489944895,0.07556290996587278,68.2376561164856
0.42876460489944895,0.07556290996587278,68.2376561164856
0.42876460489944895,0.07556290996587278,68.2376561164856
0.42876460489944895,0.07556290996587278,68.2376561164856
0.42876460489944895,0.07556290996587278,68.2376561164856
0.34287147988742744,0.05334531856996131,68.2376561164856
0.34287147988742744,0.05334531856996131,68.2376561164856
0.34287147988742744,0.05334531856996131,68.2376561164856
0.34287147988742744,0.05334531856996131,68.2376561164856
0.34287147988742744,0.05334531856996131,68.2376561164856
0.1745165881092244,0.018423784238439364,68.2376561164856
0.1745165881092244,0.018423784238439364,68.2376561164856
0.1745165881092244,0.018423784238439364,68.2376561164856
0.1745165881092244,0.018423784238439364,68.2376561164856
0.1745165881092244,0.018423784238439364,68.2376561164856
0.07860644115870007,-0.015739687512715126,68.2376561164856
0.07860644115870007,-0.015739687512715126,68.2376561164856
0.07860644115870007,-0.015739687512715126,68.2376561164856
0.07860644115870007,-0.015739687512715126,68.2376561164856
0.07860644115870007,-0.015739687512715126,68.2376561164856
0.020107714776036012,-0.03771949876319127,68.2376561164856
0.020107714776036012,-0.03771949876319127,68.2376561164856
0.020107714776036012,-0.03771949876319127,68.2376561164856
0.020107714776036012,-0.03771949876319127,68.2376561164856
0.020107714776036012,-0.03771949876319127,68.2376561164856
-0.05499497988329622,-0.06767580361745208,68.2376561164856
-0.05499497988329622,-0.06767580361745208,68.2376561164856
-0.05499497988329622,-0.06767580361745208,68.2376561164856
-0.05499497988329622,-0.06767580361745208,68.2376561164856
-0.05499497988329622,-0.06767580361745208,68.2376561164856
-0.14778838837590066,-0.09913519851827364,68.2376561164856
-0.14778838837590066,-0.09913519851827364,68.2376561164856
-0.14778838837590066,-0.09913519851827364,68.2376561164856
-0.14778838837590066,-0.09913519851827364,68.2376561164856
-0.14778838837590066,-0.09913519851827364,68.2376561164856
-0.14778838837590066,-0.09913519851827364,68.2376561164856
-0.2587935451192994,-0.13688119417525216,68.2376561164856
-0.2587935451192994,-0.13688119417525216,68.2376561164856
-0.2587935451192994,-0.13688119417525216,68.2376561164856
-0.2587935451192994,-0.13688119417525216,68.2376561164856
-0.2587935451192994,-0.13688119417525216,68.2376561164856
-0.35475670601678166,-0.1698203847242887,68.2376561164856
-0.35475670601678166,-0.1698203847242887,68.2376561164856
-0.35475670601678166,-0.1698203847242887,68.2376561164856
-0.35475670601678166,-0.1698203847242887,68.2376561164856
-0.35475670601678166,-0.1698203847242887,68.2376561164856
-0.47492240400976726,-0.20956040420170988,68.2376561164856
-0.47492240400976726,-0.20956040420170988,68.2376561164856
-0.47492240400976726,-0.20956040420170988,68.2376561164856
-0.47492240400976726,-0.20956040420170988,68.2376561164856
-0.47492240400976726,-0.20956040420170988,68.2376561164856
-0.5917355772102052,-0.24561505771886272,68.2376561164856
-0.5917355772102052,-0.24561505771886272,68.2376561164856
-0.5917355772102052,-0.24561505771886272,68.2376561164856
-0.5917355772102052,-0.24561505771886272,68.2376561164856
-0.5917355772102052,-0.24561505771886272,68.2376561164856
-0.7080338564910825,-0.27796221884452865,68.2376561164856
-0.7080338564910825,-0.27796221884452865,68.2376561164856
-0.7080338564910825,-0.27796221884452865,68.2376561164856
-0.7080338564910825,-0.27796221884452865,68.2376561164856
-0.7080338564910825,-0.27796221884452865,68.2376561164856
-0.8174911899907686,-0.3088750785441374,68.2376561164856
-0.8174911899907686,-0.3088750785441374,68.2376561164856
-0.8174911899907686,-0.3088750785441374,68.2376561164856
-0.8174911899907686,-0.3088750785441374,68.2376561164856
-0.8174911899907686,-0.3088750785441374,68.2376561164856
-0.9330866214073711,-0.3369954648550086,68.2376561164856
-0.9330866214073711,-0.3369954648550086,68.2376561164856
-0.9330866214073711,-0.3369954648550086,68.2376561164856
-0.9330866214073711,-0.3369954648550086,68.2376561164856
-0.9330866214073711,-0.3369954648550086,68.2376561164856
-1.0389823039052013,-0.3615041843941748,68.2376561164856
-1.0389823039052013,-0.3615041843941748,68.2376561164856
-1.0389823039052013,-0.3615041843941748,68.2376561164856
-1.0389823039052013,-0.3615041843941748,68.2376561164856
-1.0389823039052013,-0.3615041843941748,68.2376561164856
-1.0389823039052013,-0.3615041843941748,68.2376561164856
-1.1233343941262917,-0.37790726250996026,68.2376561164856
-1.1233343941262917,-0.37790726250996026,68.2376561164856
-1.1233343941262917,-0.37790726250996026,68.2376561164856
-1.1233343941262917,-0.37790726250996026,68.2376561164856
-1.1233343941262917,-0.37790726250996026,68.2376561164856
-1.2791037656547106,-0.4011879652596752,68.2376561164856
-1.2791037656547106,-0.4011879652596752,68.2376561164856
-1.2791037656547106,-0.4011879652596752,68.2376561164856
-1.2791037656547106,-0.4011879652596752,68.2376561164856
-1.2791037656547106,-0.4011879652596752,68.2376561164856
-1.3225126555544024,-0.4190048339224252,68.2376561164856
-1.3225126555544024,-0.4190048339224252,68.2376561164856
-1.3225126555544024,-0.4190048339224252,68.2376561164856
-1.3225126555544024,-0.4190048339224252,68.2376561164856
-1.3225126555544024,-0.4190048339224252,68.2376561164856
-1.4453278670193492,-0.4347267100850955,68.2376561164856
-1.4453278670193492,-0.4347267100850955,68.2376561164856
-1.4453278670193492,-0.4347267100850955,68.2376561164856
-1.4453278670193492,-0.4347267100850955,68.2376561164856
-1.4453278670193492,-0.4347267100850955,68.2376561164856
-1.5106596595974053,-0.4460379196746419,68.2376561164856
-1.5106596595974053,-0.4460379196746419,68.2376561164856
-1.5106596595974053,-0.4460379196746419,68.2376561164856
-1.5106596595974053,-0.4460379196746419,68.2376561164856
-1.5106596595974053,-0.4460379196746419,68.2376561164856
-1.5950226394679374,-0.46537767716338235,68.2376561164856
-1.5950226394679374,-0.46537767716338235,68.2376561164856
-1.5950226394679374,-0.46537767716338235,68.2376561164856
-1.5950226394679374,-0.46537767716338235,68.2376561164856
-1.5950226394679374,-0.46537767716338235,68.2376561164856
-1.673998174145574,-0.4902394220105546,68.2376561164856
-1.673998174145574,-0.4902394220105546,68.2376561164856
-1.673998174145574,-0.4902394220105546,68.2376561164856
-1.673998174145574,-0.4902394220105546,68.2376561164856
-1.673998174145574,-0.4902394220105546,68.2376561164856
-1.7818068427257043,-0.5253686264334387,68.2376561164856
-1.7818068427257043,-0.5253686264334387,68.2376561164856
-1.7818068427257043,-0.5253686264334387,68.2376561164856
-1.7818068427257043,-0.5253686264334387,68.2376561164856
-1.7818068427257043,-0.5253686264334387,68.2376561164856
-1.8891858791261145,-0.5611726047688679,68.2376561164856
-1.8891858791261145,-0.5611726047688679,68.2376561164856
-1.8891858791261145,-0.5611726047688679,68.2376561164856
-1.8891858791261145,-0.5611726047688679,68.2376561164856
-1.8891858791261145,-0.5611726047688679,68.2376561164856
-1.9874675180847756,-0.593427830146805,68.2376561164856
-1.9874675180847756,-0.593427830146805,68.2376561164856
-1.9874675180847756,-0.593427830146805,68.2376561164856
-1.9874675180847756,-0.593427830146805,68.2376561164856
-1.9874675180847756,-0.593427830146805,68.2376561164856
-2.1164133749214784,-0.6376493810236289,68.2376561164856
-2.1164133749214784,-0.6376493810236289,68.2376561164856
-2.1164133749214784,-0.6376493810236289,68.2376561164856
-2.1164133749214784,-0.6376493810236289,68.2376561164856
-2.1164133749214784,-0.6376493810236289,68.2376561164856
-2.2466923977966355,-0.6765053046637562,68.2376561164856
-2.2466923977966355,-0.6765053046637562,68.2376561164856
-2.2466923977966355,-0.6765053046637562,68.2376561164856
-2.2466923977966355,-0.6765053046637562,68.2376561164856
-2.2466923977966355,-0.6765053046637562,68.2376561164856
-2.3541804476236723,-0.7079031761423795,68.2376561164856
-2.3541804476236723,-0.7079031761423795,68.2376561164856
-2.3541804476236723,-0.7079031761423795,68.2376561164856
-2.3541804476236723,-0.7079031761423795,68.2376561164856
-2.3541804476236723,-0.7079031761423795,68.2376561164856
-2.4794629691779813,-0.7364005471723392,68.2376561164856
-2.4794629691779813,-0.7364005471723392,68.2376561164856
-2.4794629691779813,-0.7364005471723392,68.2376561164856
-2.4794629691779813,-0.7364005471723392,68.2376561164856
-2.4794629691779813,-0.7364005471723392,68.2376561164856
-2.5985545166703994,-0.7662096175235094,68.2376561164856
-2.5985545166703994,-0.7662096175235094,68.2376561164856
-2.5985545166703994,-0.7662096175235094,68.2376561164856
-2.5985545166703994,-0.7662096175235094,68.2376561164856
-2.5985545166703994,-0.7662096175235094,68.2376561164856
-2.7237060569291343,-0.7906284535851658,68.2376561164856
-2.7237060569291343,-0.7906284535851658,68.2376561164856
-2.7237060569291343,-0.7906284535851658,68.2376561164856
-2.7237060569291343,-0.7906284535851658,68.2376561164856
-2.7237060569291343,-0.7906284535851658,68.2376561164856
-2.8439971808378037,-0.8092411548754445,68.2376561164856
-2.8439971808378037,-0.8092411548754445,68.2376561164856
-2.8439971808378037,-0.8092411548754445,68.2376561164856
-2.8439971808378037,-0.8092411548754445,68.2376561164856
-2.8439971808378037,-0.8092411548754445,68.2376561164856
-2.9522602435584964,-0.8286596517603774,68.2376561164856
-2.9522602435584964,-0.8286596517603774,68.2376561164856
-2.9522602435584964,-0.8286596517603774,68.2376561164856
-2.9522602435584964,-0.8286596517603774,68.2376561164856
-2.9522602435584964,-0.8286596517603774,68.2376561164856
-3.0333320638945493,-0.8398328009837635,68.2376561164856
-3.0333320638945493,-0.8398328009837635,68.2376561164856
-3.0333320638945493,-0.8398328009837635,68.2376561164856
-3.0333320638945493,-0.8398328009837635,68.2376561164856
-3.0333320638945493,-0.8398328009837635,68.2376561164856
-3.1352961919303874,-0.851683830096883,68.2376561164856
-3.1352961919303874,-0.851683830096883,68.2376561164856
-3.1352961919303874,-0.851683830096883,68.2376561164856
-3.1352961919303874,-0.851683830096883,68.2376561164856
-3.1352961919303874,-0.851683830096883,68.2376561164856
-3.1352961919303874,-0.851683830096883,68.2376561164856
-3.2379461071602904,-0.8749211147873712,68.2376561164856
-3.2379461071602904,-0.8749211147873712,68.2376561164856
-3.2379461071602904,-0.8749211147873712,68.2376561164856
-3.2379461071602904,-0.8749211147873712,68.2376561164856
-3.2379461071602904,-0.8749211147873712,68.2376561164856
-3.3344111209371183,-0.9002192666554572,68.2376561164856
-3.3344111209371183,-0.9002192666554572,68.2376561164856
-3.3344111209371183,-0.9002192666554572,68.2376561164856
-3.3344111209371183,-0.9002192666554572,68.2376561164856
-3.3344111209371183,-0.9002192666554572,68.2376561164856
-3.391274377071845,-0.9155349408136672,68.2376561164856
-3.391274377071845,-0.9155349408136672,68.2376561164856
-3.391274377071845,-0.9155349408136672,68.2376561164856
-3.391274377071845,-0.9155349408136672,68.2376561164856
-3.391274377071845,-0.9155349408136672,68.2376561164856
-3.4761367195989163,-0.9367550578295522,68.2376561164856
-3.4761367195989163,-0.9367550578295522,68.2376561164856
-3.4761367195989163,-0.9367550578295522,68.2376561164856
-3.4761367195989163,-0.9367550578295522,68.2376561164856
-3.4761367195989163,-0.9367550578295522,68.2376561164856
-3.5303242555758128,-0.9567396305543102,68.2376561164856
-3.5303242555758128,-0.9567396305543102,68.2376561164856
-3.5303242555758128,-0.9567396305543102,68.2376561164856
-3.5303242555758128,-0.9567396305543102,68.2376561164856
-3.5303242555758128,-0.9567396305543102,68.2376561164856
-3.610275880453281,-0.9852969453224516,68.2376561164856
-3.610275880453281,-0.9852969453224516,68.2376561164856
-3.610275880453281,-0.9852969453224516,68.2376561164856
-3.610275880453281,-0.9852969453224516,68.2376561164856
-3.610275880453281,-0.9852969453224516,68.2376561164856
-3.663534714496426,-1.007430259432051,68.2376561164856
-3.663534714496426,-1.007430259432051,68.2376561164856
-3.663534714496426,-1.007430259432051,68.2376561164856
-3.663534714496426,-1.007430259432051,68.2376561164856
-3.663534714496426,-1.007430259432051,68.2376561164856
-3.716181080254442,-1.0287995680237707,68.2376561164856
-3.716181080254442,-1.0287995680237707,68.2376561164856
-3.716181080254442,-1.0287995680237707,68.2376561164856
-3.716181080254442,-1.0287995680237707,68.2376561164856
-3.716181080254442,-1.0287995680237707,68.2376561164856
-3.7618243942925838,-1.049549823456212,68.2376561164856
-3.7618243942925838,-1.049549823456212,68.2376561164856
-3.7618243942925838,-1.049549823456212,68.2376561164856
-3.7618243942925838,-1.049549823456212,68.2376561164856
-3.7618243942925838,-1.049549823456212,68.2376561164856
-3.8087832303736566,-1.0691473749099303,68.2376561164856
-3.8087832303736566,-1.0691473749099303,68.2376561164856
-3.8087832303736566,-1.0691473749099303,68.2376561164856
-3.8087832303736566,-1.0691473749099303,68.2376561164856
-3.8087832303736566,-1.0691473749099303,68.2376561164856
-3.8087832303736566,-1.0691473749099303,68.2376561164856
-3.8913262984054033,-1.0951278925371242,68.2376561164856
-3.8913262984054033,-1.0951278925371242,68.2376561164856
-3.8913262984054033,-1.0951278925371242,68.2376561164856
-3.8913262984054033,-1.0951278925371242,68.2376561164856
-3.8913262984054033,-1.0951278925371242,68.2376561164856
-3.957062393825342,-1.1161172988411545,68.2376561164856
-3.957062393825342,-1.1161172988411545,68.2376561164856
-3.957062393825342,-1.1161172988411545,68.2376561164856
-3.957062393825342,-1.1161172988411545,68.2376561164856
-3.957062393825342,-1.1161172988411545,68.2376561164856
-4.041382891256465,-1.1526320751405943,68.2376561164856
-4.041382891256465,-1.1526320751405943,68.2376561164856
-4.041382891256465,-1.1526320751405943,68.2376561164856
-4.041382891256465,-1.1526320751405943,68.2376561164856
-4.041382891256465,-1.1526320751405943,68.2376561164856
-4.140669924553072,-1.1828639383557804,68.2376561164856
-4.140669924553072,-1.1828639383557804,68.2376561164856
-4.140669924553072,-1.1828639383557804,68.2376561164856
-4.140669924553072,-1.1828639383557804,68.2376561164856
-4.140669924553072,-1.1828639383557804,68.2376561164856
-4.210869997961963,-1.2118351885617793,68.2376561164856
-4.210869997961963,-1.2118351885617793,68.2376561164856
-4.210869997961963,-1.2118351885617793,68.2376561164856
-4.210869997961963,-1.2118351885617793,68.2376561164856
-4.210869997961963,-1.2118351885617793,68.2376561164856
-4.305887812878144,-1.2489184711918988,68.2376561164856
-4.305887812878144,-1.2489184711918988,68.2376561164856
-4.305887812878144,-1.2489184711918988,68.2376561164856
-4.305887812878144,-1.2489184711918988,68.2376561164856
-4.305887812878144,-1.2489184711918988,68.2376561164856
-4.305887812878144,-1.2489184711918988,68.2376561164856
-4.449042330700864,-1.2900971016461589,68.2376561164856
-4.449042330700864,-1.2900971016461589,68.2376561164856
-4.449042330700864,-1.2900971016461589,68.2376561164856
-4.449042330700864,-1.2900971016461589,68.2376561164856
-4.449042330700864,-1.2900971016461589,68.2376561164856
-4.608805848556305,-1.3258299854694917,68.2376561164856
-4.608805848556305,-1.3258299854694917,68.2376561164856
-4.608805848556305,-1.3258299854694917,68.2376561164856
-4.608805848556305,-1.3258299854694917,68.2376561164856
-4.608805848556305,-1.3258299854694917,68.2376561164856
-4.725518968621487,-1.3579737322312653,68.2376561164856
-4.725518968621487,-1.3579737322312653,68.2376561164856
-4.725518968621487,-1.3579737322312653,68.2376561164856
-4.725518968621487,-1.3579737322312653,68.2376561164856
-4.725518968621487,-1.3579737322312653,68.2376561164856
-4.821422578252582,-1.3822428241889186,68.2376561164856
-4.821422578252582,-1.3822428241889186,68.2376561164856
-4.821422578252582,-1.3822428241889186,68.2376561164856
-4.821422578252582,-1.3822428241889186,68.2376561164856
-4.821422578252582,-1.3822428241889186,68.2376561164856
-4.949810494207494,-1.4082256859078293,68.2376561164856
-4.949810494207494,-1.4082256859078293,68.2376561164856
-4.949810494207494,-1.4082256859078293,68.2376561164856
-4.949810494207494,-1.4082256859078293,68.2376561164856
-4.949810494207494,-1.4082256859078293,68.2376561164856
-5.042627212704691,-1.4300995083247479,68.2376561164856
-5.042627212704691,-1.4300995083247479,68.2376561164856
-5.042627212704691,-1.4300995083247479,68.2376561164856
-5.042627212704691,-1.4300995083247479,68.2376561164856
-5.042627212704691,-1.4300995083247479,68.2376561164856
-5.099910455020209,-1.44563319992731,68.2376561164856
-5.099910455020209,-1.44563319992731,68.2376561164856
-5.099910455020209,-1.44563319992731,68.2376561164856
-5.099910455020209,-1.44563319992731,68.2376561164856
-5.099910455020209,-1.44563319992731,68.2376561164856
-5.154614878211476,-1.4562545631349604,68.2376561164856
-5.154614878211476,-1.4562545631349604,68.2376561164856
-5.154614878211476,-1.4562545631349604,68.2376561164856
-5.154614878211476,-1.4562545631349604,68.2376561164856
-5.154614878211476,-1.4562545631349604,68.2376561164856
-5.19085591332505,-1.4652544056608086,68.2376561164856
-5.19085591332505,-1.4652544056608086,68.2376561164856
-5.19085591332505,-1.4652544056608086,68.2376561164856
-5.19085591332505,-1.4652544056608086,68.2376561164856
-5.19085591332505,-1.4652544056608086,68.2376561164856
-5.301979469598791,-1.4976916046844462,68.2376561164856
-5.301979469598791,-1.4976916046844462,68.2376561164856
-5.301979469598791,-1.4976916046844462,68.2376561164856
-5.301979469598791,-1.4976916046844462,68.2376561164856
-5.301979469598791,-1.4976916046844462,68.2376561164856
-5.382933892391145,-1.5235405217583748,68.2376561164856
-5.382933892391145,-1.5235405217583748,68.2376561164856
-5.382933892391145,-1.5235405217583748,68.2376561164856
-5.382933892391145,-1.5235405217583748,68.2376561164856
-5.382933892391145,-1.5235405217583748,68.2376561164856
-5.382933892391145,-1.5235405217583748,68.2376561164856
-5.442972709653123,-1.5488101888880863,68.2376561164856
-5.442972709653123,-1.5488101888880863,68.2376561164856
-5.442972709653123,-1.5488101888880863,68.2376561164856
-5.442972709653123,-1.5488101888880863,68.2376561164856
-5.512011816320923,-1.582908942907477,68.2376561164856
-5.512011816320923,-1.582908942907477,68.2376561164856
-5.512011816320923,-1.582908942907477,68.2376561164856
-5.512011816320923,-1.582908942907477,68.2376561164856
-5.512011816320923,-1.582908942907477,68.2376561164856
-5.512011816320923,-1.582908942907477,68.2376561164856
-5.573479750053317,-1.6076836521110895,68.2376561164856
-5.573479750053317,-1.6076836521110895,68.2376561164856
-5.573479750053317,-1.6076836521110895,68.2376561164856
-5.573479750053317,-1.6076836521110895,68.2376561164856
-5.573479750053317,-1.6076836521110895,68.2376561164856
-5.659815855808905,-1.645031197556136,68.2376561164856
-5.659815855808905,-1.645031197556136,68.2376561164856
-5.659815855808905,-1.645031197556136,68.2376561164856
-5.659815855808905,-1.645031197556136,68.2376561164856
-5.659815855808905,-1.645031197556136,68.2376561164856
-5.793412719555595,-1.6840061939747377,68.2376561164856
-5.793412719555595,-1.6840061939747377,68.2376561164856
-5.793412719555595,-1.6840061939747377,68.2376561164856
-5.793412719555595,-1.6840061939747377,68.2376561164856
-5.793412719555595,-1.6840061939747377,68.2376561164856
-5.793412719555595,-1.6840061939747377,68.2376561164856
-5.793412719555595,-1.6840061939747377,68.2376561164856
-5.8050302917935594,-1.7030648215066884,68.2376561164856
-5.8050302917935594,-1.7030648215066884,68.2376561164856
-5.8050302917935594,-1.7030648215066884,68.2376561164856
-5.8050302917935594,-1.7030648215066884,68.2376561164856
-5.8050302917935594,-1.7030648215066884,68.2376561164856
-5.8050302917935594,-1.7030648215066884,68.2376561164856
-5.926928692700623,-1.7313379586487847,68.2376561164856
-5.926928692700623,-1.7313379586487847,68.2376561164856
-5.926928692700623,-1.7313379586487847,68.2376561164856
-5.926928692700623,-1.7313379586487847,68.2376561164856
-5.926928692700623,-1.7313379586487847,68.2376561164856
-5.926928692700623,-1.7313379586487847,68.2376561164856
-6.022565629260192,-1.7564102421450778,68.2376561164856
-6.022565629260192,-1.7564102421450778,68.2376561164856
-6.022565629260192,-1.7564102421450778,68.2376561164856
-6.022565629260192,-1.7564102421450778,68.2376561164856
-6.022565629260192,-1.7564102421450778,68.2376561164856
-6.188816896023365,-1.7880589713712527,68.2376561164856
-6.188816896023365,-1.7880589713712527,68.2376561164856
-6.188816896023365,-1.7880589713712527,68.2376561164856
-6.188816896023365,-1.7880589713712527,68.2376561164856
-6.188816896023365,-1.7880589713712527,68.2376561164856
-6.277457742590761,-1.8058209436488495,68.2376561164856
-6.277457742590761,-1.8058209436488495,68.2376561164856
-6.277457742590761,-1.8058209436488495,68.2376561164856
-6.277457742590761,-1.8058209436488495,68.2376561164856
-6.277457742590761,-1.8058209436488495,68.2376561164856
-6.348860272555294,-1.8156461446605954,68.2376561164856
-6.348860272555294,-1.8156461446605954,68.2376561164856
-6.348860272555294,-1.8156461446605954,68.2376561164856
-6.348860272555294,-1.8156461446605954,68.2376561164856
-6.348860272555294,-1.8156461446605954,68.2376561164856
-6.442446043593282,-1.8321332324261232,68.2376561164856
-6.442446043593282,-1.8321332324261232,68.2376561164856
-6.442446043593282,-1.8321332324261232,68.2376561164856
-6.442446043593282,-1.8321332324261232,68.2376561164856
-6.442446043593282,-1.8321332324261232,68.2376561164856
-6.442446043593282,-1.8321332324261232,68.2376561164856
-6.59220628391294,-1.864783808151028,68.2376561164856
-6.59220628391294,-1.864783808151028,68.2376561164856
-6.59220628391294,-1.864783808151028,68.2376561164856
-6.59220628391294,-1.864783808151028,68.2376561164856
-6.59220628391294,-1.864783808151028,68.2376561164856
-6.687350129284437,-1.884376041507978,68.2376561164856
-6.687350129284437,-1.884376041507978,68.2376561164856
-6.687350129284437,-1.884376041507978,68.2376561164856
-6.687350129284437,-1.884376041507978,68.2376561164856
-6.687350129284437,-1.884376041507978,68.2376561164856
-6.687350129284437,-1.884376041507978,68.2376561164856
-6.787876517006584,-1.9021529132922959,68.2376561164856
-6.787876517006584,-1.9021529132922959,68.2376561164856
-6.787876517006584,-1.9021529132922959,68.2376561164856
-6.787876517006584,-1.9021529132922959,68.2376561164856
-6.787876517006584,-1.9021529132922959,68.2376561164856
-6.933755532033386,-1.9231255292029668,68.2376561164856
-6.933755532033386,-1.9231255292029668,68.2376561164856
-6.933755532033386,-1.9231255292029668,68.2376561164856
-6.933755532033386,-1.9231255292029668,68.2376561164856
-6.933755532033386,-1.9231255292029668,68.2376561164856
-7.001440333553174,-1.9421445660472347,68.2376561164856
-7.001440333553174,-1.9421445660472347,68.2376561164856
-7.001440333553174,-1.9421445660472347,68.2376561164856
-7.001440333553174,-1.9421445660472347,68.2376561164856
-7.001440333553174,-1.9421445660472347,68.2376561164856
-7.076882349243827,-1.966932172068264,68.2376561164856
-7.076882349243827,-1.966932172068264,68.2376561164856
-7.076882349243827,-1.966932172068264,68.2376561164856
-7.076882349243827,-1.966932172068264,68.2376561164856
-7.076882349243827,-1.966932172068264,68.2376561164856
-7.146019950608743,-1.9800048421486622,68.2376561164856
-7.146019950608743,-1.9800048421486622,68.2376561164856
-7.146019950608743,-1.9800048421486622,68.2376561164856
-7.146019950608743,-1.9800048421486622,68.2376561164856
-7.146019950608743,-1.9800048421486622,68.2376561164856
-7.204082670844728,-1.9902370876975422,68.2376561164856
-7.204082670844728,-1.9902370876975422,68.2376561164856
-7.204082670844728,-1.9902370876975422,68.2376561164856
-7.204082670844728,-1.9902370876975422,68.2376561164856
-7.204082670844728,-1.9902370876975422,68.2376561164856
-7.290232175079305,-2.003445004919446,68.2376561164856
-7.290232175079305,-2.003445004919446,68.2376561164856
-7.290232175079305,-2.003445004919446,68.2376561164856
-7.290232175079305,-2.003445004919446,68.2376561164856
-7.290232175079305,-2.003445004919446,68.2376561164856
-7.290232175079305,-2.003445004919446,68.2376561164856
-7.374988922334715,-2.0301555246404015,68.2376561164856
-7.374988922334715,-2.0301555246404015,68.2376561164856
-7.374988922334715,-2.0301555246404015,68.2376561164856
-7.374988922334715,-2.0301555246404015,68.2376561164856
-7.374988922334715,-2.0301555246404015,68.2376561164856
-7.429965431427041,-2.042954141481845,68.2376561164856
-7.429965431427041,-2.042954141481845,68.2376561164856
-7.429965431427041,-2.042954141481845,68.2376561164856
-7.429965431427041,-2.042954141481845,68.2376561164856
-7.429965431427041,-2.042954141481845,68.2376561164856
-7.429965431427041,-2.042954141481845,68.2376561164856
-7.494930481446127,-2.057846239417064,68.2376561164856
-7.494930481446127,-2.057846239417064,68.2376561164856
-7.494930481446127,-2.057846239417064,68.2376561164856
-7.494930481446127,-2.057846239417064,68.2376561164856
-7.494930481446127,-2.057846239417064,68.2376561164856
-7.560588783023889,-2.082358185566839,68.2376561164856
-7.560588783023889,-2.082358185566839,68.2376561164856
-7.560588783023889,-2.082358185566839,68.2376561164856
-7.560588783023889,-2.082358185566839,68.2376561164856
-7.560588783023889,-2.082358185566839,68.2376561164856
-7.560588783023889,-2.082358185566839,68.2376561164856
-7.617151181259333,-2.1058033606910165,68.2376561164856
-7.617151181259333,-2.1058033606910165,68.2376561164856
-7.617151181259333,-2.1058033606910165,68.2376561164856
-7.617151181259333,-2.1058033606910165,68.2376561164856
-7.617151181259333,-2.1058033606910165,68.2376561164856
-7.617151181259333,-2.1058033606910165,68.2376561164856
-7.751347946217209,-2.1342098544552752,68.2376561164856
-7.751347946217209,-2.1342098544552752,68.2376561164856
-7.751347946217209,-2.1342098544552752,68.2376561164856
-7.751347946217209,-2.1342098544552752,68.2376561164856
-7.751347946217209,-2.1342098544552752,68.2376561164856
-7.831677919803962,-2.164502930687911,68.2376561164856
-7.831677919803962,-2.164502930687911,68.2376561164856
-7.831677919803962,-2.164502930687911,68.2376561164856
-7.831677919803962,-2.164502930687911,68.2376561164856
-7.831677919803962,-2.164502930687911,68.2376561164856
-7.831677919803962,-2.164502930687911,68.2376561164856
-7.907450377080483,-2.204649660141077,68.2376561164856
-7.907450377080483,-2.204649660141077,68.2376561164856
-7.907450377080483,-2.204649660141077,68.2376561164856
-7.907450377080483,-2.204649660141077,68.2376561164856
-7.907450377080483,-2.204649660141077,68.2376561164856
-7.907450377080483,-2.204649660141077,68.2376561164856
-8.041664202043231,-2.2425338632446374,68.2376561164856
-8.041664202043231,-2.2425338632446374,68.2376561164856
-8.041664202043231,-2.2425338632446374,68.2376561164856
-8.041664202043231,-2.2425338632446374,68.2376561164856
-8.041664202043231,-2.2425338632446374,68.2376561164856
-8.15957922191981,-2.2819913444054984,68.2376561164856
-8.15957922191981,-2.2819913444054984,68.2376561164856
-8.15957922191981,-2.2819913444054984,68.2376561164856
-8.15957922191981,-2.2819913444054984,68.2376561164856
-8.15957922191981,-2.2819913444054984,68.2376561164856
-8.15957922191981,-2.2819913444054984,68.2376561164856
-8.238056733482546,-2.3076079856164253,68.2376561164856
-8.238056733482546,-2.3076079856164253,68.2376561164856
-8.238056733482546,-2.3076079856164253,68.2376561164856
-8.238056733482546,-2.3076079856164253,68.2376561164856
-8.238056733482546,-2.3076079856164253,68.2376561164856
-8.318170608516196,-2.3335273024067726,68.2376561164856
-8.318170608516196,-2.3335273024067726,68.2376561164856
-8.318170608516196,-2.3335273024067726,68.2376561164856
-8.318170608516196,-2.3335273024067726,68.2376561164856
-8.318170608516196,-2.3335273024067726,68.2376561164856
-8.318170608516196,-2.3335273024067726,68.2376561164856
-8.424014798285253,-2.357750745618338,68.2376561164856
-8.424014798285253,-2.357750745618338,68.2376561164856
-8.424014798285253,-2.357750745618338,68.2376561164856
-8.424014798285253,-2.357750745618338,68.2376561164856
-8.424014798285253,-2.357750745618338,68.2376561164856
-8.580199290557868,-2.384510525528105,68.2376561164856
-8.580199290557868,-2.384510525528105,68.2376561164856
-8.580199290557868,-2.384510525528105,68.2376561164856
-8.580199290557868,-2.384510525528105,68.2376561164856
-8.580199290557868,-2.384510525528105,68.2376561164856
-8.684523862897153,-2.4053142544791952,68.2376561164856
-8.684523862897153,-2.4053142544791952,68.2376561164856
-8.684523862897153,-2.4053142544791952,68.2376561164856
-8.684523862897153,-2.4053142544791952,68.2376561164856
-8.684523862897153,-2.4053142544791952,68.2376561164856
-8.80049803663956,-2.436993831054809,68.2376561164856
-8.80049803663956,-2.436993831054809,68.2376561164856
-8.80049803663956,-2.436993831054809,68.2376561164856
-8.80049803663956,-2.436993831054809,68.2376561164856
-8.80049803663956,-2.436993831054809,68.2376561164856
-8.80049803663956,-2.436993831054809,68.2376561164856
-8.87746037644646,-2.4576277064625565,68.2376561164856
-8.87746037644646,-2.4576277064625565,68.2376561164856
-8.87746037644646,-2.4576277064625565,68.2376561164856
-8.87746037644646,-2.4576277064625565,68.2376561164856
-8.87746037644646,-2.4576277064625565,68.2376561164856
-8.963100003671798,-2.4755639696898992,68.2376561164856
-8.963100003671798,-2.4755639696898992,68.2376561164856
-8.963100003671798,-2.4755639696898992,68.2376561164856
-8.963100003671798,-2.4755639696898992,68.2376561164856
-8.963100003671798,-2.4755639696898992,68.2376561164856
-8.963100003671798,-2.4755639696898992,68.2376561164856
-9.118153351694147,-2.5012156838462722,68.2376561164856
-9.118153351694147,-2.5012156838462722,68.2376561164856
-9.118153351694147,-2.5012156838462722,68.2376561164856
-9.118153351694147,-2.5012156838462722,68.2376561164856
-9.118153351694147,-2.5012156838462722,68.2376561164856
-9.211606896175802,-2.5368212334185056,68.2376561164856
-9.211606896175802,-2.5368212334185056,68.2376561164856
-9.211606896175802,-2.5368212334185056,68.2376561164856
-9.211606896175802,-2.5368212334185056,68.2376561164856
-9.211606896175802,-2.5368212334185056,68.2376561164856
-9.31707770479215,-2.563884777969853,68.2376561164856
-9.31707770479215,-2.563884777969853,68.2376561164856
-9.31707770479215,-2.563884777969853,68.2376561164856
-9.31707770479215,-2.563884777969853,68.2376561164856
-9.31707770479215,-2.563884777969853,68.2376561164856
-9.403093376717754,-2.5936237499266754,68.2376561164856
-9.403093376717754,-2.5936237499266754,68.2376561164856
-9.403093376717754,-2.5936237499266754,68.2376561164856
-9.403093376717754,-2.5936237499266754,68.2376561164856
-9.403093376717754,-2.5936237499266754,68.2376561164856
-9.403093376717754,-2.5936237499266754,68.2376561164856
-9.519974658816947,-2.619597336996402,68.2376561164856
-9.519974658816947,-2.619597336996402,68.2376561164856
-9.519974658816947,-2.619597336996402,68.2376561164856
-9.519974658816947,-2.619597336996402,68.2376561164856
-9.519974658816947,-2.619597336996402,68.2376561164856
-9.620435406160226,-2.636689836004558,68.2376561164856
-9.620435406160226,-2.636689836004558,68.2376561164856
-9.620435406160226,-2.636689836004558,68.2376561164856
-9.620435406160226,-2.636689836004558,68.2376561164856
-9.620435406160226,-2.636689836004558,68.2376561164856
-9.69827025175982,-2.65598782576243,68.2376561164856
-9.69827025175982,-2.65598782576243,68.2376561164856
-9.69827025175982,-2.65598782576243,68.2376561164856
-9.69827025175982,-2.65598782576243,68.2376561164856
-9.69827025175982,-2.65598782576243,68.2376561164856
-9.804797788848752,-2.675982675687759,68.2376561164856
-9.804797788848752,-2.675982675687759,68.2376561164856
-9.804797788848752,-2.675982675687759,68.2376561164856
-9.804797788848752,-2.675982675687759,68.2376561164856
-9.804797788848752,-2.675982675687759,68.2376561164856
-9.858296291127571,-2.6828644156109336,68.2376561164856
-9.858296291127571,-2.6828644156109336,68.2376561164856
-9.858296291127571,-2.6828644156109336,68.2376561164856
-9.858296291127571,-2.6828644156109336,68.2376561164856
-9.858296291127571,-2.6828644156109336,68.2376561164856
-10.031350828574684,-2.7220289352522773,68.2376561164856
-10.031350828574684,-2.7220289352522773,68.2376561164856
-10.031350828574684,-2.7220289352522773,68.2376561164856
-10.031350828574684,-2.7220289352522773,68.2376561164856
-10.031350828574684,-2.7220289352522773,68.2376561164856
-10.031350828574684,-2.7220289352522773,68.2376561164856
-10.130744176937283,-2.7498559352762246,68.2376561164856
-10.130744176937283,-2.7498559352762246,68.2376561164856
-10.130744176937283,-2.7498559352762246,68.2376561164856
-10.130744176937283,-2.7498559352762246,68.2376561164856
-10.130744176937283,-2.7498559352762246,68.2376561164856
-10.276167990346343,-2.7792814389373532,68.2376561164856
-10.276167990346343,-2.7792814389373532,68.2376561164856
-10.276167990346343,-2.7792814389373532,68.2376561164856
-10.276167990346343,-2.7792814389373532,68.2376561164856
-10.276167990346343,-2.7792814389373532,68.2376561164856
-10.276167990346343,-2.7792814389373532,68.2376561164856
-10.411727949849064,-2.805251938239548,68.2376561164856
-10.411727949849064,-2.805251938239548,68.2376561164856
-10.411727949849064,-2.805251938239548,68.2376561164856
-10.411727949849064,-2.805251938239548,68.2376561164856
-10.411727949849064,-2.805251938239548,68.2376561164856
-10.602303850910253,-2.853574258402073,68.2376561164856
-10.602303850910253,-2.853574258402073,68.2376561164856
-10.602303850910253,-2.853574258402073,68.2376561164856
-10.602303850910253,-2.853574258402073,68.2376561164856
-10.602303850910253,-2.853574258402073,68.2376561164856
-10.602303850910253,-2.853574258402073,68.2376561164856
-10.689323089203887,-2.877842204105829,68.2376561164856
-10.689323089203887,-2.877842204105829,68.2376561164856
-10.689323089203887,-2.877842204105829,68.2376561164856
-10.689323089203887,-2.877842204105829,68.2376561164856
-10.689323089203887,-2.877842204105829,68.2376561164856
-10.810339085161761,-2.9138783932652625,68.2376561164856
-10.810339085161761,-2.9138783932652625,68.2376561164856
-10.810339085161761,-2.9138783932652625,68.2376561164856
-10.810339085161761,-2.9138783932652625,68.2376561164856
-10.810339085161761,-2.9138783932652625,68.2376561164856
-10.916023931040401,-2.9399166203970224,68.2376561164856
-10.916023931040401,-2.9399166203970224,68.2376561164856
-10.916023931040401,-2.9399166203970224,68.2376561164856
-10.916023931040401,-2.9399166203970224,68.2376561164856
-10.916023931040401,-2.9399166203970224,68.2376561164856
-11.05806377790005,-2.9736537817583066,68.2376561164856
-11.05806377790005,-2.9736537817583066,68.2376561164856
-11.05806377790005,-2.9736537817583066,68.2376561164856
-11.05806377790005,-2.9736537817583066,68.2376561164856
-11.05806377790005,-2.9736537817583066,68.2376561164856
-11.05806377790005,-2.9736537817583066,68.2376561164856
-11.322545476344127,-3.0377086728103695,68.2376561164856
-11.322545476344127,-3.0377086728103695,68.2376561164856
-11.322545476344127,-3.0377086728103695,68.2376561164856
-11.322545476344127,-3.0377086728103695,68.2376561164856
-11.322545476344127,-3.0377086728103695,68.2376561164856
-11.322545476344127,-3.0377086728103695,68.2376561164856
-11.486512096439128,-3.076526848697211,68.2376561164856
-11.486512096439128,-3.076526848697211,68.2376561164856
-11.486512096439128,-3.076526848697211,68.2376561164856
-11.486512096439128,-3.076526848697211,68.2376561164856
-11.486512096439128,-3.076526848697211,68.2376561164856
-11.63987070780021,-3.1091015241288753,68.2376561164856
-11.63987070780021,-3.1091015241288753,68.2376561164856
-11.63987070780021,-3.1091015241288753,68.2376561164856
-11.63987070780021,-3.1091015241288753,68.2376561164856
-11.63987070780021,-3.1091015241288753,68.2376561164856
-11.63987070780021,-3.1091015241288753,68.2376561164856
-11.795854231524075,-3.1488715506738267,68.2376561164856
-11.795854231524075,-3.1488715506738267,68.2376561164856
-11.795854231524075,-3.1488715506738267,68.2376561164856
-11.795854231524075,-3.1488715506738267,68.2376561164856
-11.795854231524075,-3.1488715506738267,68.2376561164856
-11.795854231524075,-3.1488715506738267,68.2376561164856
-11.955954521257807,-3.184921917862163,68.2376561164856
-11.955954521257807,-3.184921917862163,68.2376561164856
-11.955954521257807,-3.184921917862163,68.2376561164856
-11.955954521257807,-3.184921917862163,68.2376561164856
-11.955954521257807,-3.184921917862163,68.2376561164856
-11.955954521257807,-3.184921917862163,68.2376561164856
-11.955954521257807,-3.184921917862163,68.2376561164856
-12.186017089687752,-3.232758857902045,68.2376561164856
-12.186017089687752,-3.232758857902045,68.2376561164856
-12.186017089687752,-3.232758857902045,68.2376561164856
-12.186017089687752,-3.232758857902045,68.2376561164856
-12.186017089687752,-3.232758857902045,68.2376561164856
-12.411594089618733,-3.2809050396379074,68.2376561164856
-12.411594089618733,-3.2809050396379074,68.2376561164856
-12.411594089618733,-3.2809050396379074,68.2376561164856
-12.411594089618733,-3.2809050396379074,68.2376561164856
-12.411594089618733,-3.2809050396379074,68.2376561164856
-12.411594089618733,-3.2809050396379074,68.2376561164856
-12.558428779615767,-3.3166196664147467,68.2376561164856
-12.558428779615767,-3.3166196664147467,68.2376561164856
-12.558428779615767,-3.3166196664147467,68.2376561164856
-12.558428779615767,-3.3166196664147467,68.2376561164856
-12.558428779615767,-3.3166196664147467,68.2376561164856
-12.558428779615767,-3.3166196664147467,68.2376561164856
-12.558428779615767,-3.3166196664147467,68.2376561164856
-12.558428779615767,-3.3166196664147467,68.2376561164856
-12.669503440662327,-3.3395313525832915,68.2376561164856
-12.669503440662327,-3.3395313525832915,68.2376561164856
-12.669503440662327,-3.3395313525832915,68.2376561164856
-12.669503440662327,-3.3395313525832915,68.2376561164856
-12.669503440662327,-3.3395313525832915,68.2376561164856
-12.669503440662327,-3.3395313525832915,68.2376561164856
-12.910644306157494,-3.39015156848043,68.2376561164856
-12.910644306157494,-3.39015156848043,68.2376561164856
-12.910644306157494,-3.39015156848043,68.2376561164856
-12.910644306157494,-3.39015156848043,68.2376561164856
-12.910644306157494,-3.39015156848043,68.2376561164856
-13.116403823424067,-3.434089065416875,68.2376561164856
-13.116403823424067,-3.434089065416875,68.2376561164856
-13.116403823424067,-3.434089065416875,68.2376561164856
-13.116403823424067,-3.434089065416875,68.2376561164856
-13.116403823424067,-3.434089065416875,68.2376561164856
-13.116403823424067,-3.434089065416875,68.2376561164856
-13.272786485532167,-3.4596167977073558,68.2376561164856
-13.272786485532167,-3.4596167977073558,68.2376561164856
-13.272786485532167,-3.4596167977073558,68.2376561164856
-13.272786485532167,-3.4596167977073558,68.2376561164856
-13.272786485532167,-3.4596167977073558,68.2376561164856
-13.476359750382958,-3.4846180691147914,68.2376561164856
-13.476359750382958,-3.4846180691147914,68.2376561164856
-13.476359750382958,-3.4846180691147914,68.2376561164856
-13.476359750382958,-3.4846180691147914,68.2376561164856
-13.476359750382958,-3.4846180691147914,68.2376561164856
-13.640425018154879,-3.510912106834632,68.2376561164856
-13.640425018154879,-3.510912106834632,68.2376561164856
-13.640425018154879,-3.510912106834632,68.2376561164856
-13.640425018154879,-3.510912106834632,68.2376561164856
-13.640425018154879,-3.510912106834632,68.2376561164856
-13.640425018154879,-3.510912106834632,68.2376561164856
-13.82366556008754,-3.5500702561018764,68.2376561164856
-13.82366556008754,-3.5500702561018764,68.2376561164856
-13.82366556008754,-3.5500702561018764,68.2376561164856
-13.82366556008754,-3.5500702561018764,68.2376561164856
-13.82366556008754,-3.5500702561018764,68.2376561164856
-13.82366556008754,-3.5500702561018764,68.2376561164856
-13.9548130740973,-3.5915355675788936,68.2376561164856
-13.9548130740973,-3.5915355675788936,68.2376561164856
-13.9548130740973,-3.5915355675788936,68.2376561164856
-13.9548130740973,-3.5915355675788936,68.2376561164856
-13.9548130740973,-3.5915355675788936,68.2376561164856
-14.169123697152955,-3.646462900011448,68.2376561164856
-14.169123697152955,-3.646462900011448,68.2376561164856
-14.169123697152955,-3.646462900011448,68.2376561164856
-14.169123697152955,-3.646462900011448,68.2376561164856
-14.169123697152955,-3.646462900011448,68.2376561164856
-14.169123697152955,-3.646462900011448,68.2376561164856
-14.259340067092516,-3.6752750626639443,68.2376561164856
-14.259340067092516,-3.6752750626639443,68.2376561164856
-14.259340067092516,-3.6752750626639443,68.2376561164856
-14.259340067092516,-3.6752750626639443,68.2376561164856
-14.259340067092516,-3.6752750626639443,68.2376561164856
-14.259340067092516,-3.6752750626639443,68.2376561164856
-14.40097717364454,-3.725633149205303,68.2376561164856
-14.40097717364454,-3.725633149205303,68.2376561164856
-14.40097717364454,-3.725633149205303,68.2376561164856
-14.40097717364454,-3.725633149205303,68.2376561164856
-14.40097717364454,-3.725633149205303,68.2376561164856
-14.40097717364454,-3.725633149205303,68.2376561164856
-14.58872386960011,-3.791404830976766,68.2376561164856
-14.58872386960011,-3.791404830976766,68.2376561164856
-14.58872386960011,-3.791404830976766,68.2376561164856
-14.58872386960011,-3.791404830976766,68.2376561164856
-14.58872386960011,-3.791404830976766,68.2376561164856
-14.735139332747627,-3.844676182431191,68.2376561164856
-14.735139332747627,-3.844676182431191,68.2376561164856
-14.735139332747627,-3.844676182431191,68.2376561164856
-14.735139332747627,-3.844676182431191,68.2376561164856
-14.735139332747627,-3.844676182431191,68.2376561164856
-14.735139332747627,-3.844676182431191,68.2376561164856
-14.860707983517106,-3.883132199081513,68.2376561164856
-14.860707983517106,-3.883132199081513,68.2376561164856
-14.860707983517106,-3.883132199081513,68.2376561164856
-14.860707983517106,-3.883132199081513,68.2376561164856
-14.860707983517106,-3.883132199081513,68.2376561164856
-15.021554551012017,-3.908669555653131,68.2376561164856
-15.021554551012017,-3.908669555653131,68.2376561164856
-15.021554551012017,-3.908669555653131,68.2376561164856
-15.021554551012017,-3.908669555653131,68.2376561164856
-15.021554551012017,-3.908669555653131,68.2376561164856
-15.021554551012017,-3.908669555653131,68.2376561164856
-15.021554551012017,-3.908669555653131,68.2376561164856
-15.226331711589594,-3.986503915172005,68.2376561164856
-15.226331711589594,-3.986503915172005,68.2376561164856
-15.226331711589594,-3.986503915172005,68.2376561164856
-15.226331711589594,-3.986503915172005,68.2376561164856
-15.226331711589594,-3.986503915172005,68.2376561164856
-15.226331711589594,-3.986503915172005,68.2376561164856
-15.361371539911453,-4.053214876285391,68.2376561164856
-15.361371539911453,-4.053214876285391,68.2376561164856
-15.361371539911453,-4.053214876285391,68.2376561164856
-15.361371539911453,-4.053214876285391,68.2376561164856
-15.361371539911453,-4.053214876285391,68.2376561164856
-15.485071277934185,-4.115482036500168,68.2376561164856
-15.485071277934185,-4.115482036500168,68.2376561164856
-15.485071277934185,-4.115482036500168,68.2376561164856
-15.485071277934185,-4.115482036500168,68.2376561164856
-15.485071277934185,-4.115482036500168,68.2376561164856
-15.60738302655216,-4.1767971136051,68.2376561164856
-15.60738302655216,-4.1767971136051,68.2376561164856
-15.60738302655216,-4.1767971136051,68.2376561164856
-15.60738302655216,-4.1767971136051,68.2376561164856
-15.60738302655216,-4.1767971136051,68.2376561164856
-15.755328213365766,-4.234222650198465,68.2376561164856
-15.755328213365766,-4.234222650198465,68.2376561164856
-15.755328213365766,-4.234222650198465,68.2376561164856
-15.755328213365766,-4.234222650198465,68.2376561164856
-15.755328213365766,-4.234222650198465,68.2376561164856
-15.90848241253282,-4.278652341932392,68.2376561164856
-15.90848241253282,-4.278652341932392,68.2376561164856
-15.90848241253282,-4.278652341932392,68.2376561164856
-15.90848241253282,-4.278652341932392,68.2376561164856
-15.90848241253282,-4.278652341932392,68.2376561164856
-16.053438746968816,-4.324267279908442,68.2376561164856
-16.053438746968816,-4.324267279908442,68.2376561164856
-16.053438746968816,-4.324267279908442,68.2376561164856
-16.053438746968816,-4.324267279908442,68.2376561164856
-16.053438746968816,-4.324267279908442,68.2376561164856
-16.206298016762823,-4.363877519441503,68.2376561164856
-16.206298016762823,-4.363877519441503,68.2376561164856
-16.206298016762823,-4.363877519441503,68.2376561164856
-16.206298016762823,-4.363877519441503,68.2376561164856
-16.206298016762823,-4.363877519441503,68.2376561164856
-16.37769308492511,-4.407771394416203,68.2376561164856
-16.37769308492511,-4.407771394416203,68.2376561164856
-16.37769308492511,-4.407771394416203,68.2376561164856
-16.37769308492511,-4.407771394416203,68.2376561164856
-16.37769308492511,-4.407771394416203,68.2376561164856
-16.494604714750487,-4.448812848693966,68.2376561164856
-16.494604714750487,-4.448812848693966,68.2376561164856
-16.494604714750487,-4.448812848693966,68.2376561164856
-16.494604714750487,-4.448812848693966,68.2376561164856
-16.494604714750487,-4.448812848693966,68.2376561164856
-16.494604714750487,-4.448812848693966,68.2376561164856
-16.61461424273909,-4.488188323894371,68.2376561164856
-16.61461424273909,-4.488188323894371,68.2376561164856
-16.61461424273909,-4.488188323894371,68.2376561164856
-16.61461424273909,-4.488188323894371,68.2376561164856
-16.61461424273909,-4.488188323894371,68.2376561164856
-16.61461424273909,-4.488188323894371,68.2376561164856
-16.746226497732156,-4.54166280609784,68.2376561164856
-16.746226497732156,-4.54166280609784,68.2376561164856
-16.746226497732156,-4.54166280609784,68.2376561164856
-16.746226497732156,-4.54166280609784,68.2376561164856
-16.746226497732156,-4.54166280609784,68.2376561164856
-16.87198871952608,-4.593010367110758,68.2376561164856
-16.87198871952608,-4.593010367110758,68.2376561164856
-16.87198871952608,-4.593010367110758,68.2376561164856
-16.87198871952608,-4.593010367110758,68.2376561164856
-16.87198871952608,-4.593010367110758,68.2376561164856
-16.87198871952608,-4.593010367110758,68.2376561164856
-17.06201292669123,-4.667407036259766,68.2376561164856
-17.06201292669123,-4.667407036259766,68.2376561164856
-17.06201292669123,-4.667407036259766,68.2376561164856
-17.06201292669123,-4.667407036259766,68.2376561164856
-17.06201292669123,-4.667407036259766,68.2376561164856
-17.19457921189697,-4.71180862330339,68.2376561164856
-17.19457921189697,-4.71180862330339,68.2376561164856
-17.19457921189697,-4.71180862330339,68.2376561164856
-17.19457921189697,-4.71180862330339,68.2376561164856
-17.19457921189697,-4.71180862330339,68.2376561164856
-17.338499128487268,-4.754946196860831,68.2376561164856
-17.338499128487268,-4.754946196860831,68.2376561164856
-17.338499128487268,-4.754946196860831,68.2376561164856
-17.338499128487268,-4.754946196860831,68.2376561164856
-17.338499128487268,-4.754946196860831,68.2376561164856
-17.46523756351897,-4.796230907650102,68.2376561164856
-17.46523756351897,-4.796230907650102,68.2376561164856
-17.46523756351897,-4.796230907650102,68.2376561164856
-17.46523756351897,-4.796230907650102,68.2376561164856
-17.46523756351897,-4.796230907650102,68.2376561164856
-17.606300922470723,-4.838355663707176,68.2376561164856
-17.606300922470723,-4.838355663707176,68.2376561164856
-17.606300922470723,-4.838355663707176,68.2376561164856
-17.606300922470723,-4.838355663707176,68.2376561164856
-17.606300922470723,-4.838355663707176,68.2376561164856
-17.75498917173315,-4.88017749745193,68.2376561164856
-17.75498917173315,-4.88017749745193,68.2376561164856
-17.75498917173315,-4.88017749745193,68.2376561164856
-17.75498917173315,-4.88017749745193,68.2376561164856
-17.75498917173315,-4.88017749745193,68.2376561164856
-17.89997556816508,-4.911463086438868,68.2376561164856
-17.89997556816508,-4.911463086438868,68.2376561164856
-17.89997556816508,-4.911463086438868,68.2376561164856
-17.89997556816508,-4.911463086438868,68.2376561164856
-17.89997556816508,-4.911463086438868,68.2376561164856
-17.89997556816508,-4.911463086438868,68.2376561164856
-18.07392937396755,-4.955881991041148,68.2376561164856
-18.07392937396755,-4.955881991041148,68.2376561164856
-18.07392937396755,-4.955881991041148,68.2376561164856
-18.07392937396755,-4.955881991041148,68.2376561164856
-18.07392937396755,-4.955881991041148,68.2376561164856
-18.07392937396755,-4.955881991041148,68.2376561164856
-18.296026534703415,-5.008018780429872,68.2376561164856
-18.296026534703415,-5.008018780429872,68.2376561164856
-18.296026534703415,-5.008018780429872,68.2376561164856
-18.296026534703415,-5.008018780429872,68.2376561164856
-18.296026534703415,-5.008018780429872,68.2376561164856
-18.363459569753072,-5.017460571487835,68.2376561164856
-18.363459569753072,-5.017460571487835,68.2376561164856
-18.363459569753072,-5.017460571487835,68.2376561164856
-18.363459569753072,-5.017460571487835,68.2376561164856
-18.363459569753072,-5.017460571487835,68.2376561164856
-18.613472628119954,-5.079090243746266,68.2376561164856
-18.613472628119954,-5.079090243746266,68.2376561164856
-18.613472628119954,-5.079090243746266,68.2376561164856
-18.613472628119954,-5.079090243746266,68.2376561164856
-18.613472628119954,-5.079090243746266,68.2376561164856
-18.613472628119954,-5.079090243746266,68.2376561164856
-18.613472628119954,-5.079090243746266,68.2376561164856
-18.613472628119954,-5.079090243746266,68.2376561164856
-18.613472628119954,-5.079090243746266,68.2376561164856
-18.763795353146392,-5.119113665081906,68.2376561164856
-18.763795353146392,-5.119113665081906,68.2376561164856
-18.763795353146392,-5.119113665081906,68.2376561164856
-18.763795353146392,-5.119113665081906,68.2376561164856
-18.763795353146392,-5.119113665081906,68.2376561164856
-18.763795353146392,-5.119113665081906,68.2376561164856
-18.763795353146392,-5.119113665081906,68.2376561164856
-18.763795353146392,-5.119113665081906,68.2376561164856
-18.958492812660424,-5.172671639449853,68.2376561164856
-18.958492812660424,-5.172671639449853,68.2376561164856
-18.958492812660424,-5.172671639449853,68.2376561164856
-18.958492812660424,-5.172671639449853,68.2376561164856
-18.958492812660424,-5.172671639449853,68.2376561164856
-18.958492812660424,-5.172671639449853,68.2376561164856
-18.958492812660424,-5.172671639449853,68.2376561164856
-19.241551834158237,-5.249959964102732,68.2376561164856
-19.241551834158237,-5.249959964102732,68.2376561164856
-19.241551834158237,-5.249959964102732,68.2376561164856
-19.241551834158237,-5.249959964102732,68.2376561164856
-19.241551834158237,-5.249959964102732,68.2376561164856
-19.241551834158237,-5.249959964102732,68.2376561164856
-19.372579540185942,-5.289553821198717,68.2376561164856
-19.372579540185942,-5.289553821198717,68.2376561164856
-19.372579540185942,-5.289553821198717,68.2376561164856
-19.372579540185942,-5.289553821198717,68.2376561164856
-19.372579540185942,-5.289553821198717,68.2376561164856
-19.372579540185942,-5.289553821198717,68.2376561164856
-19.372579540185942,-5.289553821198717,68.2376561164856
-19.372579540185942,-5.289553821198717,68.2376561164856
-19.575907866569228,-5.345009832438847,68.2376561164856
-19.575907866569228,-5.345009832438847,68.2376561164856
-19.575907866569228,-5.345009832438847,68.2376561164856
-19.575907866569228,-5.345009832438847,68.2376561164856
-19.575907866569228,-5.345009832438847,68.2376561164856
-19.575907866569228,-5.345009832438847,68.2376561164856
-19.575907866569228,-5.345009832438847,68.2376561164856
-19.742367142499408,-5.388176242016681,68.2376561164856
-19.742367142499408,-5.388176242016681,68.2376561164856
-19.742367142499408,-5.388176242016681,68.2376561164856
-19.742367142499408,-5.388176242016681,68.2376561164856
-19.742367142499408,-5.388176242016681,68.2376561164856
-19.742367142499408,-5.388176242016681,68.2376561164856
-19.742367142499408,-5.388176242016681,68.2376561164856
-19.933424899184615,-5.430688129359108,68.2376561164856
-19.933424899184615,-5.430688129359108,68.2376561164856
-19.933424899184615,-5.430688129359108,68.2376561164856
-19.933424899184615,-5.430688129359108,68.2376561164856
-19.933424899184615,-5.430688129359108,68.2376561164856
-20.038587195134095,-5.459340872094741,68.2376561164856
-20.038587195134095,-5.459340872094741,68.2376561164856
-20.038587195134095,-5.459340872094741,68.2376561164856
-20.038587195134095,-5.459340872094741,68.2376561164856
-20.038587195134095,-5.459340872094741,68.2376561164856
-20.038587195134095,-5.459340872094741,68.2376561164856
-20.29160910164251,-5.515436214375877,68.2376561164856
-20.29160910164251,-5.515436214375877,68.2376561164856
-20.29160910164251,-5.515436214375877,68.2376561164856
-20.29160910164251,-5.515436214375877,68.2376561164856
-20.29160910164251,-5.515436214375877,68.2376561164856
-20.29160910164251,-5.515436214375877,68.2376561164856
-20.29160910164251,-5.515436214375877,68.2376561164856
-20.41131079360014,-5.552200061421446,68.2376561164856
-20.41131079360014,-5.552200061421446,68.2376561164856
-20.41131079360014,-5.552200061421446,68.2376561164856
-20.41131079360014,-5.552200061421446,68.2376561164856
-20.41131079360014,-5.552200061421446,68.2376561164856
-20.41131079360014,-5.552200061421446,68.2376561164856
-20.588326280091266,-5.581156015835642,68.2376561164856
-20.588326280091266,-5.581156015835642,68.2376561164856
-20.588326280091266,-5.581156015835642,68.2376561164856
-20.588326280091266,-5.581156015835642,68.2376561164856
-20.588326280091266,-5.581156015835642,68.2376561164856
-20.588326280091266,-5.581156015835642,68.2376561164856
-20.666817218766493,-5.597202356438934,68.2376561164856
-20.666817218766493,-5.597202356438934,68.2376561164856
-20.666817218766493,-5.597202356438934,68.2376561164856
-20.666817218766493,-5.597202356438934,68.2376561164856
-20.666817218766493,-5.597202356438934,68.2376561164856
-20.666817218766493,-5.597202356438934,68.2376561164856
-20.790399015033326,-5.622740234650881,68.2376561164856
-20.790399015033326,-5.622740234650881,68.2376561164856
-20.790399015033326,-5.622740234650881,68.2376561164856
-20.790399015033326,-5.622740234650881,68.2376561164856
-20.790399015033326,-5.622740234650881,68.2376561164856
-20.985816674898327,-5.652948762194341,68.2376561164856
-20.985816674898327,-5.652948762194341,68.2376561164856
-20.985816674898327,-5.652948762194341,68.2376561164856
-20.985816674898327,-5.652948762194341,68.2376561164856
-20.985816674898327,-5.652948762194341,68.2376561164856
-20.985816674898327,-5.652948762194341,68.2376561164856
-21.087003911380286,-5.6788605369375285,68.2376561164856
-21.087003911380286,-5.6788605369375285,68.2376561164856
-21.087003911380286,-5.6788605369375285,68.2376561164856
-21.087003911380286,-5.6788605369375285,68.2376561164856
-21.087003911380286,-5.6788605369375285,68.2376561164856
-21.195959041898668,-5.698410061557299,68.2376561164856
-21.195959041898668,-5.698410061557299,68.2376561164856
-21.195959041898668,-5.698410061557299,68.2376561164856
-21.195959041898668,-5.698410061557299,68.2376561164856
-21.195959041898668,-5.698410061557299,68.2376561164856
-21.315000937466813,-5.723987599618255,68.2376561164856
-21.315000937466813,-5.723987599618255,68.2376561164856
-21.315000937466813,-5.723987599618255,68.2376561164856
-21.315000937466813,-5.723987599618255,68.2376561164856
-21.315000937466813,-5.723987599618255,68.2376561164856
-21.315000937466813,-5.723987599618255,68.2376561164856
-21.45814600358276,-5.747557133257215,68.2376561164856
-21.45814600358276,-5.747557133257215,68.2376561164856
-21.45814600358276,-5.747557133257215,68.2376561164856
-21.45814600358276,-5.747557133257215,68.2376561164856
-21.45814600358276,-5.747557133257215,68.2376561164856
-21.556313238691395,-5.77437578420191,68.2376561164856
-21.556313238691395,-5.77437578420191,68.2376561164856
-21.556313238691395,-5.77437578420191,68.2376561164856
-21.556313238691395,-5.77437578420191,68.2376561164856
-21.556313238691395,-5.77437578420191,68.2376561164856
-21.556313238691395,-5.77437578420191,68.2376561164856
-21.682602703238707,-5.80559046407907,68.2376561164856
-21.682602703238707,-5.80559046407907,68.2376561164856
-21.682602703238707,-5.80559046407907,68.2376561164856
-21.682602703238707,-5.80559046407907,68.2376561164856
-21.682602703238707,-5.80559046407907,68.2376561164856
-21.682602703238707,-5.80559046407907,68.2376561164856
-21.768505757153324,-5.830287170012455,68.2376561164856
-21.768505757153324,-5.830287170012455,68.2376561164856
-21.768505757153324,-5.830287170012455,68.2376561164856
-21.768505757153324,-5.830287170012455,68.2376561164856
-21.768505757153324,-5.830287170012455,68.2376561164856
-21.868767966133536,-5.8616616686916165,68.2376561164856
-21.868767966133536,-5.8616616686916165,68.2376561164856
-21.868767966133536,-5.8616616686916165,68.2376561164856
-21.868767966133536,-5.8616616686916165,68.2376561164856
-21.868767966133536,-5.8616616686916165,68.2376561164856
-21.868767966133536,-5.8616616686916165,68.2376561164856
-21.941656153868205,-5.889113576160187,68.2376561164856
-21.941656153868205,-5.889113576160187,68.2376561164856
-21.941656153868205,-5.889113576160187,68.2376561164856
-21.941656153868205,-5.889113576160187,68.2376561164856
-21.941656153868205,-5.889113576160187,68.2376561164856
-22.073426894933974,-5.921120582688555,68.2376561164856
-22.073426894933974,-5.921120582688555,68.2376561164856
-22.073426894933974,-5.921120582688555,68.2376561164856
-22.073426894933974,-5.921120582688555,68.2376561164856
-22.073426894933974,-5.921120582688555,68.2376561164856
-22.073426894933974,-5.921120582688555,68.2376561164856
-22.073426894933974,-5.921120582688555,68.2376561164856
-22.186660871430025,-5.957272348965934,68.2376561164856
-22.186660871430025,-5.957272348965934,68.2376561164856
-22.186660871430025,-5.957272348965934,68.2376561164856
-22.186660871430025,-5.957272348965934,68.2376561164856
-22.186660871430025,-5.957272348965934,68.2376561164856
-22.186660871430025,-5.957272348965934,68.2376561164856
-22.355880697497618,-6.001851060574149,68.2376561164856
-22.355880697497618,-6.001851060574149,68.2376561164856
-22.355880697497618,-6.001851060574149,68.2376561164856
-22.355880697497618,-6.001851060574149,68.2376561164856
-22.355880697497618,-6.001851060574149,68.2376561164856
-22.355880697497618,-6.001851060574149,68.2376561164856
-22.481582635186165,-6.038236333563805,68.2376561164856
-22.481582635186165,-6.038236333563805,68.2376561164856
-22.481582635186165,-6.038236333563805,68.2376561164856
-22.481582635186165,-6.038236333563805,68.2376561164856
-22.481582635186165,-6.038236333563805,68.2376561164856
-22.481582635186165,-6.038236333563805,68.2376561164856
-22.59200655074762,-6.070660962349548,68.2376561164856
-22.59200655074762,-6.070660962349548,68.2376561164856
-22.59200655074762,-6.070660962349548,68.2376561164856
-22.59200655074762,-6.070660962349548,68.2376561164856
-22.59200655074762,-6.070660962349548,68.2376561164856
-22.59200655074762,-6.070660962349548,68.2376561164856
-22.77109704532607,-6.105509845125925,68.2376561164856
-22.77109704532607,-6.105509845125925,68.2376561164856
-22.77109704532607,-6.105509845125925,68.2376561164856
-22.77109704532607,-6.105509845125925,68.2376561164856
-22.77109704532607,-6.105509845125925,68.2376561164856
-22.77109704532607,-6.105509845125925,68.2376561164856
-22.86414948327696,-6.128941451866636,68.2376561164856
-22.86414948327696,-6.128941451866636,68.2376561164856
-22.86414948327696,-6.128941451866636,68.2376561164856
-22.86414948327696,-6.128941451866636,68.2376561164856
-22.86414948327696,-6.128941451866636,68.2376561164856
-22.86414948327696,-6.128941451866636,68.2376561164856
-23.04656659478542,-6.169964358300775,68.2376561164856
-23.04656659478542,-6.169964358300775,68.2376561164856
-23.04656659478542,-6.169964358300775,68.2376561164856
-23.04656659478542,-6.169964358300775,68.2376561164856
-23.04656659478542,-6.169964358300775,68.2376561164856
-23.04656659478542,-6.169964358300775,68.2376561164856
-23.04656659478542,-6.169964358300775,68.2376561164856
-23.170076459433695,-6.20796894446306,68.2376561164856
-23.170076459433695,-6.20796894446306,68.2376561164856
-23.170076459433695,-6.20796894446306,68.2376561164856
-23.170076459433695,-6.20796894446306,68.2376561164856
-23.170076459433695,-6.20796894446306,68.2376561164856
-23.170076459433695,-6.20796894446306,68.2376561164856
-23.170076459433695,-6.20796894446306,68.2376561164856
-23.317488684066806,-6.238281010501561,68.2376561164856
-23.317488684066806,-6.238281010501561,68.2376561164856
-23.317488684066806,-6.238281010501561,68.2376561164856
-23.317488684066806,-6.238281010501561,68.2376561164856
-23.317488684066806,-6.238281010501561,68.2376561164856
-23.317488684066806,-6.238281010501561,68.2376561164856
-23.317488684066806,-6.238281010501561,68.2376561164856
-23.317488684066806,-6.238281010501561,68.2376561164856
-23.500393281147538,-6.281257549672461,68.2376561164856
-23.500393281147538,-6.281257549672461,68.2376561164856
-23.500393281147538,-6.281257549672461,68.2376561164856
-23.500393281147538,-6.281257549672461,68.2376561164856
-23.500393281147538,-6.281257549672461,68.2376561164856
-23.500393281147538,-6.281257549672461,68.2376561164856
-23.64807036857875,-6.320237407359937,68.2376561164856
-23.64807036857875,-6.320237407359937,68.2376561164856
-23.64807036857875,-6.320237407359937,68.2376561164856
-23.64807036857875,-6.320237407359937,68.2376561164856
-23.64807036857875,-6.320237407359937,68.2376561164856
-23.64807036857875,-6.320237407359937,68.2376561164856
-23.73469154410286,-6.354014848476247,68.2376561164856
-23.73469154410286,-6.354014848476247,68.2376561164856
-23.73469154410286,-6.354014848476247,68.2376561164856
-23.73469154410286,-6.354014848476247,68.2376561164856
-23.73469154410286,-6.354014848476247,68.2376561164856
-23.820114010537896,-6.384518802586206,68.2376561164856
-23.820114010537896,-6.384518802586206,68.2376561164856
-23.820114010537896,-6.384518802586206,68.2376561164856
-23.820114010537896,-6.384518802586206,68.2376561164856
-23.820114010537896,-6.384518802586206,68.2376561164856
-23.820114010537896,-6.384518802586206,68.2376561164856
-23.94768274679637,-6.420769350377763,68.2376561164856
-23.94768274679637,-6.420769350377763,68.2376561164856
-23.94768274679637,-6.420769350377763,68.2376561164856
-23.94768274679637,-6.420769350377763,68.2376561164856
-23.94768274679637,-6.420769350377763,68.2376561164856
-23.94768274679637,-6.420769350377763,68.2376561164856
-24.01223349023478,-6.4511765140429205,68.2376561164856
-24.01223349023478,-6.4511765140429205,68.2376561164856
-24.01223349023478,-6.4511765140429205,68.2376561164856
-24.01223349023478,-6.4511765140429205,68.2376561164856
-24.01223349023478,-6.4511765140429205,68.2376561164856
-24.01223349023478,-6.4511765140429205,68.2376561164856
-24.096836485669062,-6.485006535728121,68.2376561164856
-24.096836485669062,-6.485006535728121,68.2376561164856
-24.096836485669062,-6.485006535728121,68.2376561164856
-24.096836485669062,-6.485006535728121,68.2376561164856
-24.096836485669062,-6.485006535728121,68.2376561164856
-24.22596088485047,-6.524983228000232,68.2376561164856
-24.22596088485047,-6.524983228000232,68.2376561164856
-24.22596088485047,-6.524983228000232,68.2376561164856
-24.22596088485047,-6.524983228000232,68.2376561164856
-24.22596088485047,-6.524983228000232,68.2376561164856
-24.22596088485047,-6.524983228000232,68.2376561164856
-24.24196939556261,-6.538681448360646,68.2376561164856
-24.24196939556261,-6.538681448360646,68.2376561164856
-24.24196939556261,-6.538681448360646,68.2376561164856
-24.24196939556261,-6.538681448360646,68.2376561164856
-24.24196939556261,-6.538681448360646,68.2376561164856
-24.296581936497805,-6.559780967129707,68.2376561164856
-24.296581936497805,-6.559780967129707,68.2376561164856
-24.296581936497805,-6.559780967129707,68.2376561164856
-24.296581936497805,-6.559780967129707,68.2376561164856
-24.296581936497805,-6.559780967129707,68.2376561164856
-24.296581936497805,-6.559780967129707,68.2376561164856
-24.296581936497805,-6.559780967129707,68.2376561164856
-24.296581936497805,-6.559780967129707,68.2376561164856
-24.296581936497805,-6.559780967129707,68.2376561164856
-24.296581936497805,-6.559780967129707,68.2376561164856
-24.397097018528445,-6.591067860436311,68.2376561164856
-24.397097018528445,-6.591067860436311,68.2376561164856
-24.397097018528445,-6.591067860436311,68.2376561164856
-24.397097018528445,-6.591067860436311,68.2376561164856
-24.397097018528445,-6.591067860436311,68.2376561164856
-24.397097018528445,-6.591067860436311,68.2376561164856
-24.397097018528445,-6.591067860436311,68.2376561164856
-24.397097018528445,-6.591067860436311,68.2376561164856
-24.397097018528445,-6.591067860436311,68.2376561164856
-24.397097018528445,-6.591067860436311,68.2376561164856
-24.509986902567597,-6.607469434896281,68.2376561164856
-24.509986902567597,-6.607469434896281,68.2376561164856
-24.509986902567597,-6.607469434896281,68.2376561164856
-24.509986902567597,-6.607469434896281,68.2376561164856
-24.509986902567597,-6.607469434896281,68.2376561164856
-24.509986902567597,-6.607469434896281,68.2376561164856
-24.65867891310335,-6.638071589466519,68.2376561164856
-24.65867891310335,-6.638071589466519,68.2376561164856
-24.65867891310335,-6.638071589466519,68.2376561164856
-24.65867891310335,-6.638071589466519,68.2376561164856
-24.65867891310335,-6.638071589466519,68.2376561164856
-24.65867891310335,-6.638071589466519,68.2376561164856
-24.766406352857462,-6.674296408536891,68.2376561164856
-24.766406352857462,-6.674296408536891,68.2376561164856
-24.766406352857462,-6.674296408536891,68.2376561164856
-24.766406352857462,-6.674296408536891,68.2376561164856
-24.766406352857462,-6.674296408536891,68.2376561164856
-24.766406352857462,-6.674296408536891,68.2376561164856
-24.766406352857462,-6.674296408536891,68.2376561164856
-24.82398598049302,-6.7131226023892285,68.2376561164856
-24.82398598049302,-6.7131226023892285,68.2376561164856
-24.82398598049302,-6.7131226023892285,68.2376561164856
-24.82398598049302,-6.7131226023892285,68.2376561164856
-24.82398598049302,-6.7131226023892285,68.2376561164856
-24.82398598049302,-6.7131226023892285,68.2376561164856
-24.82398598049302,-6.7131226023892285,68.2376561164856
-24.916948585210733,-6.758375045031416,68.2376561164856
-24.916948585210733,-6.758375045031416,68.2376561164856
-24.916948585210733,-6.758375045031416,68.2376561164856
-24.916948585210733,-6.758375045031416,68.2376561164856
-24.916948585210733,-6.758375045031416,68.2376561164856
-24.916948585210733,-6.758375045031416,68.2376561164856
-24.916948585210733,-6.758375045031416,68.2376561164856
-25.00332574887601,-6.796357986953785,68.2376561164856
-25.00332574887601,-6.796357986953785,68.2376561164856
-25.00332574887601,-6.796357986953785,68.2376561164856
-25.00332574887601,-6.796357986953785,68.2376561164856
-25.00332574887601,-6.796357986953785,68.2376561164856
-25.00332574887601,-6.796357986953785,68.2376561164856
-25.097563500259195,-6.830912955454987,68.2376561164856
-25.097563500259195,-6.830912955454987,68.2376561164856
-25.097563500259195,-6.830912955454987,68.2376561164856
-25.097563500259195,-6.830912955454987,68.2376561164856
-25.097563500259195,-6.830912955454987,68.2376561164856
-25.097563500259195,-6.830912955454987,68.2376561164856
-25.22460227984594,-6.87026736830218,68.2376561164856
-25.22460227984594,-6.87026736830218,68.2376561164856
-25.22460227984594,-6.87026736830218,68.2376561164856
-25.22460227984594,-6.87026736830218,68.2376561164856
-25.22460227984594,-6.87026736830218,68.2376561164856
-25.22460227984594,-6.87026736830218,68.2376561164856
-25.298614139676175,-6.900840732273472,68.2376561164856
-25.298614139676175,-6.900840732273472,68.2376561164856
-25.298614139676175,-6.900840732273472,68.2376561164856
-25.298614139676175,-6.900840732273472,68.2376561164856
-25.298614139676175,-6.900840732273472,68.2376561164856
-25.298614139676175,-6.900840732273472,68.2376561164856
-25.406757952439598,-6.933126923316714,68.2376561164856
-25.406757952439598,-6.933126923316714,68.2376561164856
-25.406757952439598,-6.933126923316714,68.2376561164856
-25.406757952439598,-6.933126923316714,68.2376561164856
-25.406757952439598,-6.933126923316714,68.2376561164856
-25.406757952439598,-6.933126923316714,68.2376561164856
-25.47963426805225,-6.95751075694425,68.2376561164856
-25.47963426805225,-6.95751075694425,68.2376561164856
-25.47963426805225,-6.95751075694425,68.2376561164856
-25.47963426805225,-6.95751075694425,68.2376561164856
-25.47963426805225,-6.95751075694425,68.2376561164856
-25.47963426805225,-6.95751075694425,68.2376561164856
-25.595727982707245,-6.997685316823416,68.2376561164856
-25.595727982707245,-6.997685316823416,68.2376561164856
-25.595727982707245,-6.997685316823416,68.2376561164856
-25.595727982707245,-6.997685316823416,68.2376561164856
-25.595727982707245,-6.997685316823416,68.2376561164856
-25.595727982707245,-6.997685316823416,68.2376561164856
-25.595727982707245,-6.997685316823416,68.2376561164856
-25.74292209302702,-7.024970317106659,68.2376561164856
-25.74292209302702,-7.024970317106659,68.2376561164856
-25.74292209302702,-7.024970317106659,68.2376561164856
-25.74292209302702,-7.024970317106659,68.2376561164856
-25.74292209302702,-7.024970317106659,68.2376561164856
-25.74292209302702,-7.024970317106659,68.2376561164856
-25.88209152287218,-7.047376877121988,68.2376561164856
-25.88209152287218,-7.047376877121988,68.2376561164856
-25.88209152287218,-7.047376877121988,68.2376561164856
-25.88209152287218,-7.047376877121988,68.2376561164856
-25.88209152287218,-7.047376877121988,68.2376561164856
-25.88209152287218,-7.047376877121988,68.2376561164856
-25.95757519758894,-7.071559439418159,68.2376561164856
-25.95757519758894,-7.071559439418159,68.2376561164856
-25.95757519758894,-7.071559439418159,68.2376561164856
-25.95757519758894,-7.071559439418159,68.2376561164856
-25.95757519758894,-7.071559439418159,68.2376561164856
-25.95757519758894,-7.071559439418159,68.2376561164856
-25.95757519758894,-7.071559439418159,68.2376561164856
-25.996893480920495,-7.085503251613266,68.2376561164856
-25.996893480920495,-7.085503251613266,68.2376561164856
-25.996893480920495,-7.085503251613266,68.2376561164856
-25.996893480920495,-7.085503251613266,68.2376561164856
-25.996893480920495,-7.085503251613266,68.2376561164856
-25.996893480920495,-7.085503251613266,68.2376561164856
-26.092281096267957,-7.1074924302111055,68.2376561164856
-26.092281096267957,-7.1074924302111055,68.2376561164856
-26.092281096267957,-7.1074924302111055,68.2376561164856
-26.092281096267957,-7.1074924302111055,68.2376561164856
-26.092281096267957,-7.1074924302111055,68.2376561164856
-26.227694638360273,-7.140758356979395,68.2376561164856
-26.227694638360273,-7.140758356979395,68.2376561164856
-26.227694638360273,-7.140758356979395,68.2376561164856
-26.227694638360273,-7.140758356979395,68.2376561164856
-26.227694638360273,-7.140758356979395,68.2376561164856
-26.227694638360273,-7.140758356979395,68.2376561164856
-26.306663504117402,-7.173838723113815,68.2376561164856
-26.306663504117402,-7.173838723113815,68.2376561164856
-26.306663504117402,-7.173838723113815,68.2376561164856
-26.306663504117402,-7.173838723113815,68.2376561164856
-26.306663504117402,-7.173838723113815,68.2376561164856
-26.306663504117402,-7.173838723113815,68.2376561164856
-26.372836415122013,-7.202536138922227,68.2376561164856
-26.372836415122013,-7.202536138922227,68.2376561164856
-26.372836415122013,-7.202536138922227,68.2376561164856
-26.372836415122013,-7.202536138922227,68.2376561164856
-26.372836415122013,-7.202536138922227,68.2376561164856
-26.372836415122013,-7.202536138922227,68.2376561164856
-26.46786822832193,-7.230654505126217,68.2376561164856
-26.46786822832193,-7.230654505126217,68.2376561164856
-26.46786822832193,-7.230654505126217,68.2376561164856
-26.46786822832193,-7.230654505126217,68.2376561164856
-26.46786822832193,-7.230654505126217,68.2376561164856
-26.46786822832193,-7.230654505126217,68.2376561164856
-26.53045141203308,-7.254313192621665,68.2376561164856
-26.53045141203308,-7.254313192621665,68.2376561164856
-26.53045141203308,-7.254313192621665,68.2376561164856
-26.53045141203308,-7.254313192621665,68.2376561164856
-26.53045141203308,-7.254313192621665,68.2376561164856
-26.53045141203308,-7.254313192621665,68.2376561164856
-26.580656897813228,-7.274120928529846,68.2376561164856
-26.580656897813228,-7.274120928529846,68.2376561164856
-26.580656897813228,-7.274120928529846,68.2376561164856
-26.580656897813228,-7.274120928529846,68.2376561164856
-26.580656897813228,-7.274120928529846,68.2376561164856
-26.580656897813228,-7.274120928529846,68.2376561164856
-26.68656796802006,-7.299552698325341,68.2376561164856
-26.68656796802006,-7.299552698325341,68.2376561164856
-26.68656796802006,-7.299552698325341,68.2376561164856
-26.68656796802006,-7.299552698325341,68.2376561164856
-26.68656796802006,-7.299552698325341,68.2376561164856
-26.68656796802006,-7.299552698325341,68.2376561164856
-26.763696330603945,-7.327860806467376,68.2376561164856
-26.763696330603945,-7.327860806467376,68.2376561164856
-26.763696330603945,-7.327860806467376,68.2376561164856
-26.763696330603945,-7.327860806467376,68.2376561164856
-26.763696330603945,-7.327860806467376,68.2376561164856
-26.763696330603945,-7.327860806467376,68.2376561164856
-26.84601177678781,-7.353862016597484,68.2376561164856
-26.84601177678781,-7.353862016597484,68.2376561164856
-26.84601177678781,-7.353862016597484,68.2376561164856
-26.84601177678781,-7.353862016597484,68.2376561164856
-26.84601177678781,-7.353862016597484,68.2376561164856
-26.84601177678781,-7.353862016597484,68.2376561164856
-26.99091131482172,-7.38423258224701,68.2376561164856
-26.99091131482172,-7.38423258224701,68.2376561164856
-26.99091131482172,-7.38423258224701,68.2376561164856
-26.99091131482172,-7.38423258224701,68.2376561164856
-26.99091131482172,-7.38423258224701,68.2376561164856
-26.99091131482172,-7.38423258224701,68.2376561164856
-27.065256235292075,-7.398089496683294,68.2376561164856
-27.065256235292075,-7.398089496683294,68.2376561164856
-27.065256235292075,-7.398089496683294,68.2376561164856
-27.065256235292075,-7.398089496683294,68.2376561164856
-27.065256235292075,-7.398089496683294,68.2376561164856
-27.065256235292075,-7.398089496683294,68.2376561164856
-27.24073143988958,-7.430630221934373,68.2376561164856
-27.24073143988958,-7.430630221934373,68.2376561164856
-27.24073143988958,-7.430630221934373,68.2376561164856
-27.24073143988958,-7.430630221934373,68.2376561164856
-27.24073143988958,-7.430630221934373,68.2376561164856
-27.24073143988958,-7.430630221934373,68.2376561164856
-27.341390159737685,-7.450560728984716,68.2376561164856
-27.341390159737685,-7.450560728984716,68.2376561164856
-27.341390159737685,-7.450560728984716,68.2376561164856
-27.341390159737685,-7.450560728984716,68.2376561164856
-27.341390159737685,-7.450560728984716,68.2376561164856
-27.341390159737685,-7.450560728984716,68.2376561164856
-27.449941351087766,-7.470289941618112,68.2376561164856
-27.449941351087766,-7.470289941618112,68.2376561164856
-27.449941351087766,-7.470289941618112,68.2376561164856
-27.449941351087766,-7.470289941618112,68.2376561164856
-27.449941351087766,-7.470289941618112,68.2376561164856
-27.449941351087766,-7.470289941618112,68.2376561164856
-27.637032119343175,-7.499286936493042,68.2376561164856
-27.637032119343175,-7.499286936493042,68.2376561164856
-27.637032119343175,-7.499286936493042,68.2376561164856
-27.637032119343175,-7.499286936493042,68.2376561164856
-27.637032119343175,-7.499286936493042,68.2376561164856
-27.637032119343175,-7.499286936493042,68.2376561164856
-27.637032119343175,-7.499286936493042,68.2376561164856
-27.792469448082976,-7.53440463198575,68.2376561164856
-27.792469448082976,-7.53440463198575,68.2376561164856
-27.792469448082976,-7.53440463198575,68.2376561164856
-27.792469448082976,-7.53440463198575,68.2376561164856
-27.792469448082976,-7.53440463198575,68.2376561164856
-27.895447327482973,-7.544625447561483,68.2376561164856
-27.895447327482973,-7.544625447561483,68.2376561164856
-27.895447327482973,-7.544625447561483,68.2376561164856
-27.895447327482973,-7.544625447561483,68.2376561164856
-27.895447327482973,-7.544625447561483,68.2376561164856
-27.895447327482973,-7.544625447561483,68.2376561164856
-28.004594355099442,-7.569095399850043,68.2376561164856
-28.004594355099442,-7.569095399850043,68.2376561164856
-28.004594355099442,-7.569095399850043,68.2376561164856
-28.004594355099442,-7.569095399850043,68.2376561164856
-28.004594355099442,-7.569095399850043,68.2376561164856
-28.004594355099442,-7.569095399850043,68.2376561164856
-28.004594355099442,-7.569095399850043,68.2376561164856
-28.09185354621117,-7.588145554571482,68.2376561164856
-28.09185354621117,-7.588145554571482,68.2376561164856
-28.09185354621117,-7.588145554571482,68.2376561164856
-28.09185354621117,-7.588145554571482,68.2376561164856
-28.09185354621117,-7.588145554571482,68.2376561164856
-28.09185354621117,-7.588145554571482,68.2376561164856
-28.334851539065603,-7.637966045128395,68.2376561164856
-28.334851539065603,-7.637966045128395,68.2376561164856
-28.334851539065603,-7.637966045128395,68.2376561164856
-28.334851539065603,-7.637966045128395,68.2376561164856
-28.334851539065603,-7.637966045128395,68.2376561164856
-28.334851539065603,-7.637966045128395,68.2376561164856
-28.368024656942897,-7.632558267085822,68.2376561164856
-28.368024656942897,-7.632558267085822,68.2376561164856
-28.368024656942897,-7.632558267085822,68.2376561164856
-28.368024656942897,-7.632558267085822,68.2376561164856
-28.368024656942897,-7.632558267085822,68.2376561164856
-28.368024656942897,-7.632558267085822,68.2376561164856
-28.275551459767506,-7.613751747139332,68.2376561164856
-28.275551459767506,-7.613751747139332,68.2376561164856
-28.275551459767506,-7.613751747139332,68.2376561164856
-28.275551459767506,-7.613751747139332,68.2376561164856
-28.275551459767506,-7.613751747139332,68.2376561164856
-28.275551459767506,-7.613751747139332,68.2376561164856
-28.27962818204896,-7.6267926450118715,68.2376561164856
-28.27962818204896,-7.6267926450118715,68.2376561164856
-28.27962818204896,-7.6267926450118715,68.2376561164856
-28.27962818204896,-7.6267926450118715,68.2376561164856
-28.27962818204896,-7.6267926450118715,68.2376561164856
-28.27962818204896,-7.6267926450118715,68.2376561164856
-28.379687052232207,-7.631925244427636,68.2376561164856
-28.379687052232207,-7.631925244427636,68.2376561164856
-28.379687052232207,-7.631925244427636,68.2376561164856
-28.379687052232207,-7.631925244427636,68.2376561164856
-28.379687052232207,-7.631925244427636,68.2376561164856
-28.379687052232207,-7.631925244427636,68.2376561164856
-28.361048474840565,-7.635572461788008,68.2376561164856
-28.361048474840565,-7.635572461788008,68.2376561164856
-28.361048474840565,-7.635572461788008,68.2376561164856
-28.361048474840565,-7.635572461788008,68.2376561164856
-28.361048474840565,-7.635572461788008,68.2376561164856
-28.361048474840565,-7.635572461788008,68.2376561164856
-28.361048474840565,-7.635572461788008,68.2376561164856
-28.426865463952222,-7.650347022374166,68.2376561164856
-28.426865463952222,-7.650347022374166,68.2376561164856
-28.426865463952222,-7.650347022374166,68.2376561164856
-28.426865463952222,-7.650347022374166,68.2376561164856
-28.426865463952222,-7.650347022374166,68.2376561164856
-28.489353678740144,-7.68028900907592,68.2376561164856
-28.489353678740144,-7.68028900907592,68.2376561164856
-28.489353678740144,-7.68028900907592,68.2376561164856
-28.489353678740144,-7.68028900907592,68.2376561164856
-28.489353678740144,-7.68028900907592,68.2376561164856
-28.489353678740144,-7.68028900907592,68.2376561164856
-28.489353678740144,-7.68028900907592,68.2376561164856
-28.57764769039963,-7.719212893060947,68.2376561164856
-28.57764769039963,-7.719212893060947,68.2376561164856
-28.57764769039963,-7.719212893060947,68.2376561164856
-28.57764769039963,-7.719212893060947,68.2376561164856
-28.57764769039963,-7.719212893060947,68.2376561164856
-28.57764769039963,-7.719212893060947,68.2376561164856
-28.550083444889292,-7.7321945673907635,68.2376561164856
-28.550083444889292,-7.7321945673907635,68.2376561164856
-28.550083444889292,-7.7321945673907635,68.2376561164856
-28.550083444889292,-7.7321945673907635,68.2376561164856
-28.550083444889292,-7.7321945673907635,68.2376561164856
-28.66215363649427,-7.784862330894229,68.2376561164856
-28.66215363649427,-7.784862330894229,68.2376561164856
-28.66215363649427,-7.784862330894229,68.2376561164856
-28.66215363649427,-7.784862330894229,68.2376561164856
-28.66215363649427,-7.784862330894229,68.2376561164856
-28.66215363649427,-7.784862330894229,68.2376561164856
-28.66215363649427,-7.784862330894229,68.2376561164856
-28.718250633572882,-7.826618341173787,68.2376561164856
-28.718250633572882,-7.826618341173787,68.2376561164856
-28.718250633572882,-7.826618341173787,68.2376561164856
-28.718250633572882,-7.826618341173787,68.2376561164856
-28.718250633572882,-7.826618341173787,68.2376561164856
-28.718250633572882,-7.826618341173787,68.2376561164856
-28.76737519605732,-7.866982265551557,68.2376561164856
-28.76737519605732,-7.866982265551557,68.2376561164856
-28.76737519605732,-7.866982265551557,68.2376561164856
-28.76737519605732,-7.866982265551557,68.2376561164856
-28.76737519605732,-7.866982265551557,68.2376561164856
-28.76737519605732,-7.866982265551557,68.2376561164856
-28.837838576361342,-7.907705632208129,68.2376561164856
-28.837838576361342,-7.907705632208129,68.2376561164856
-28.837838576361342,-7.907705632208129,68.2376561164856
-28.837838576361342,-7.907705632208129,68.2376561164856
-28.837838576361342,-7.907705632208129,68.2376561164856
-28.837838576361342,-7.907705632208129,68.2376561164856
-28.942139816790977,-7.952712299374445,68.2376561164856
-28.942139816790977,-7.952712299374445,68.2376561164856
-28.942139816790977,-7.952712299374445,68.2376561164856
-28.942139816790977,-7.952712299374445,68.2376561164856
-28.942139816790977,-7.952712299374445,68.2376561164856
-28.942139816790977,-7.952712299374445,68.2376561164856
-28.942139816790977,-7.952712299374445,68.2376561164856
-28.92216340377278,-7.963017716399406,68.2376561164856
-28.92216340377278,-7.963017716399406,68.2376561164856
-28.92216340377278,-7.963017716399406,68.2376561164856
-28.92216340377278,-7.963017716399406,68.2376561164856
-28.92216340377278,-7.963017716399406,68.2376561164856
-28.918439817229633,-7.9729128796083675,68.2376561164856
-28.918439817229633,-7.9729128796083675,68.2376561164856
-28.918439817229633,-7.9729128796083675,68.2376561164856
-28.918439817229633,-7.9729128796083675,68.2376561164856
-28.918439817229633,-7.9729128796083675,68.2376561164856
-28.918439817229633,-7.9729128796083675,68.2376561164856
-29.01783983319758,-8.003004693951649,68.2376561164856
-29.01783983319758,-8.003004693951649,68.2376561164856
-29.01783983319758,-8.003004693951649,68.2376561164856
-29.01783983319758,-8.003004693951649,68.2376561164856
-29.01783983319758,-8.003004693951649,68.2376561164856
-29.01783983319758,-8.003004693951649,68.2376561164856
-29.055350683888197,-8.010960896227422,68.2376561164856
-29.055350683888197,-8.010960896227422,68.2376561164856
-29.055350683888197,-8.010960896227422,68.2376561164856
-29.055350683888197,-8.010960896227422,68.2376561164856
-29.055350683888197,-8.010960896227422,68.2376561164856
-29.055350683888197,-8.010960896227422,68.2376561164856
-29.11191533342583,-8.01559128218204,68.2376561164856
-29.11191533342583,-8.01559128218204,68.2376561164856
-29.11191533342583,-8.01559128218204,68.2376561164856
-29.11191533342583,-8.01559128218204,68.2376561164856
-29.11191533342583,-8.01559128218204,68.2376561164856
-29.11191533342583,-8.01559128218204,68.2376561164856
-29.257874117977092,-8.042226406049101,68.2376561164856
-29.257874117977092,-8.042226406049101,68.2376561164856
-29.257874117977092,-8.042226406049101,68.2376561164856
-29.257874117977092,-8.042226406049101,68.2376561164856
-29.257874117977092,-8.042226406049101,68.2376561164856
-29.365533429554052,-8.05978577033521,68.2376561164856
-29.365533429554052,-8.05978577033521,68.2376561164856
-29.365533429554052,-8.05978577033521,68.2376561164856
-29.365533429554052,-8.05978577033521,68.2376561164856
-29.365533429554052,-8.05978577033521,68.2376561164856
-29.365533429554052,-8.05978577033521,68.2376561164856
-29.365533429554052,-8.05978577033521,68.2376561164856
-29.53178908394856,-8.087370598314198,68.2376561164856
-29.53178908394856,-8.087370598314198,68.2376561164856
-29.53178908394856,-8.087370598314198,68.2376561164856
-29.53178908394856,-8.087370598314198,68.2376561164856
-29.53178908394856,-8.087370598314198,68.2376561164856
-29.53178908394856,-8.087370598314198,68.2376561164856
-29.62795293463378,-8.104440655111311,68.2376561164856
-29.62795293463378,-8.104440655111311,68.2376561164856
-29.62795293463378,-8.104440655111311,68.2376561164856
-29.62795293463378,-8.104440655111311,68.2376561164856
-29.62795293463378,-8.104440655111311,68.2376561164856
-29.71615028799806,-8.120134197012122,68.2376561164856
-29.71615028799806,-8.120134197012122,68.2376561164856
-29.71615028799806,-8.120134197012122,68.2376561164856
-29.71615028799806,-8.120134197012122,68.2376561164856
-29.71615028799806,-8.120134197012122,68.2376561164856
-29.71615028799806,-8.120134197012122,68.2376561164856
-29.840670214288462,-8.138465387493088,68.2376561164856
-29.840670214288462,-8.138465387493088,68.2376561164856
-29.840670214288462,-8.138465387493088,68.2376561164856
-29.840670214288462,-8.138465387493088,68.2376561164856
-29.840670214288462,-8.138465387493088,68.2376561164856
-29.840670214288462,-8.138465387493088,68.2376561164856
-29.981967665257397,-8.16462383498065,68.2376561164856
-29.981967665257397,-8.16462383498065,68.2376561164856
-29.981967665257397,-8.16462383498065,68.2376561164856
-29.981967665257397,-8.16462383498065,68.2376561164856
-29.981967665257397,-8.16462383498065,68.2376561164856
-29.981967665257397,-8.16462383498065,68.2376561164856
-30.05033937106076,-8.17624113302294,68.2376561164856
-30.05033937106076,-8.17624113302294,68.2376561164856
-30.05033937106076,-8.17624113302294,68.2376561164856
-30.05033937106076,-8.17624113302294,68.2376561164856
-30.05033937106076,-8.17624113302294,68.2376561164856
-30.134994427393046,-8.190780705269752,68.2376561164856
-30.134994427393046,-8.190780705269752,68.2376561164856
-30.134994427393046,-8.190780705269752,68.2376561164856
-30.134994427393046,-8.190780705269752,68.2376561164856
-30.134994427393046,-8.190780705269752,68.2376561164856
-30.134994427393046,-8.190780705269752,68.2376561164856
-30.275460156245614,-8.215631462772846,68.2376561164856
-30.275460156245614,-8.215631462772846,68.2376561164856
-30.275460156245614,-8.215631462772846,68.2376561164856
-30.275460156245614,-8.215631462772846,68.2376561164856
-30.275460156245614,-8.215631462772846,68.2376561164856
-30.275460156245614,-8.215631462772846,68.2376561164856
-30.349854804987174,-8.226386969172127,68.2376561164856
-30.349854804987174,-8.226386969172127,68.2376561164856
-30.349854804987174,-8.226386969172127,68.2376561164856
-30.349854804987174,-8.226386969172127,68.2376561164856
-30.349854804987174,-8.226386969172127,68.2376561164856
-30.349854804987174,-8.226386969172127,68.2376561164856
-30.409191932683044,-8.235718036556305,68.2376561164856
-30.409191932683044,-8.235718036556305,68.2376561164856
-30.409191932683044,-8.235718036556305,68.2376561164856
-30.409191932683044,-8.235718036556305,68.2376561164856
-30.409191932683044,-8.235718036556305,68.2376561164856
-30.483282736490573,-8.25096355638135,68.2376561164856
-30.483282736490573,-8.25096355638135,68.2376561164856
-30.483282736490573,-8.25096355638135,68.2376561164856
-30.483282736490573,-8.25096355638135,68.2376561164856
-30.483282736490573,-8.25096355638135,68.2376561164856
-30.483282736490573,-8.25096355638135,68.2376561164856
-30.529270037504805,-8.259925041444626,68.2376561164856
-30.529270037504805,-8.259925041444626,68.2376561164856
-30.529270037504805,-8.259925041444626,68.2376561164856
-30.529270037504805,-8.259925041444626,68.2376561164856
-30.529270037504805,-8.259925041444626,68.2376561164856
-30.605052159942375,-8.274833738236593,68.2376561164856
-30.605052159942375,-8.274833738236593,68.2376561164856
-30.605052159942375,-8.274833738236593,68.2376561164856
-30.605052159942375,-8.274833738236593,68.2376561164856
-30.605052159942375,-8.274833738236593,68.2376561164856
-30.605052159942375,-8.274833738236593,68.2376561164856
-30.69715165525776,-8.297029527678744,68.2376561164856
-30.69715165525776,-8.297029527678744,68.2376561164856
-30.69715165525776,-8.297029527678744,68.2376561164856
-30.69715165525776,-8.297029527678744,68.2376561164856
-30.69715165525776,-8.297029527678744,68.2376561164856
-30.69715165525776,-8.297029527678744,68.2376561164856
-30.746382563577946,-8.309067990659083,68.2376561164856
-30.746382563577946,-8.309067990659083,68.2376561164856
-30.746382563577946,-8.309067990659083,68.2376561164856
-30.746382563577946,-8.309067990659083,68.2376561164856
-30.746382563577946,-8.309067990659083,68.2376561164856
-30.84499473107735,-8.338258994442487,68.2376561164856
-30.84499473107735,-8.338258994442487,68.2376561164856
-30.84499473107735,-8.338258994442487,68.2376561164856
-30.84499473107735,-8.338258994442487,68.2376561164856
-30.84499473107735,-8.338258994442487,68.2376561164856
-30.84499473107735,-8.338258994442487,68.2376561164856
-30.84499473107735,-8.338258994442487,68.2376561164856
-30.895109414912337,-8.351240063502996,68.2376561164856
-30.895109414912337,-8.351240063502996,68.2376561164856
-30.895109414912337,-8.351240063502996,68.2376561164856
-30.895109414912337,-8.351240063502996,68.2376561164856
-30.895109414912337,-8.351240063502996,68.2376561164856
-30.895109414912337,-8.351240063502996,68.2376561164856
-30.993453358780126,-8.38036416729284,68.2376561164856
-30.993453358780126,-8.38036416729284,68.2376561164856
-30.993453358780126,-8.38036416729284,68.2376561164856
-30.993453358780126,-8.38036416729284,68.2376561164856
-30.993453358780126,-8.38036416729284,68.2376561164856
-30.993453358780126,-8.38036416729284,68.2376561164856
-31.03540098396311,-8.386408911723967,68.2376561164856
-31.03540098396311,-8.386408911723967,68.2376561164856
-31.03540098396311,-8.386408911723967,68.2376561164856
-31.03540098396311,-8.386408911723967,68.2376561164856
-31.03540098396311,-8.386408911723967,68.2376561164856
-31.117495686703183,-8.404821080903764,68.2376561164856
-31.117495686703183,-8.404821080903764,68.2376561164856
-31.117495686703183,-8.404821080903764,68.2376561164856
-31.117495686703183,-8.404821080903764,68.2376561164856
-31.117495686703183,-8.404821080903764,68.2376561164856
-31.117495686703183,-8.404821080903764,68.2376561164856
-31.264198100437493,-8.447171775645435,68.2376561164856
-31.264198100437493,-8.447171775645435,68.2376561164856
-31.264198100437493,-8.447171775645435,68.2376561164856
-31.264198100437493,-8.447171775645435,68.2376561164856
-31.264198100437493,-8.447171775645435,68.2376561164856
-31.264198100437493,-8.447171775645435,68.2376561164856
-31.340629464301276,-8.468105255149315,68.2376561164856
-31.340629464301276,-8.468105255149315,68.2376561164856
-31.340629464301276,-8.468105255149315,68.2376561164856
-31.340629464301276,-8.468105255149315,68.2376561164856
-31.340629464301276,-8.468105255149315,68.2376561164856
-31.340629464301276,-8.468105255149315,68.2376561164856
-31.417413157653034,-8.486038159702087,68.2376561164856
-31.417413157653034,-8.486038159702087,68.2376561164856
-31.417413157653034,-8.486038159702087,68.2376561164856
-31.417413157653034,-8.486038159702087,68.2376561164856
-31.417413157653034,-8.486038159702087,68.2376561164856
-31.417413157653034,-8.486038159702087,68.2376561164856
-31.526291829639494,-8.52333916971692,68.2376561164856
-31.526291829639494,-8.52333916971692,68.2376561164856
-31.526291829639494,-8.52333916971692,68.2376561164856
-31.526291829639494,-8.52333916971692,68.2376561164856
-31.526291829639494,-8.52333916971692,68.2376561164856
-31.526291829639494,-8.52333916971692,68.2376561164856
-31.582816518538245,-8.543609474477512,68.2376561164856
-31.582816518538245,-8.543609474477512,68.2376561164856
-31.582816518538245,-8.543609474477512,68.2376561164856
-31.582816518538245,-8.543609474477512,68.2376561164856
-31.582816518538245,-8.543609474477512,68.2376561164856
-31.630512810214555,-8.563198602731266,68.2376561164856
-31.630512810214555,-8.563198602731266,68.2376561164856
-31.630512810214555,-8.563198602731266,68.2376561164856
-31.630512810214555,-8.563198602731266,68.2376561164856
-31.630512810214555,-8.563198602731266,68.2376561164856
-31.630512810214555,-8.563198602731266,68.2376561164856
-31.630512810214555,-8.563198602731266,68.2376561164856
-31.68662787047165,-8.582294024039978,68.2376561164856
-31.68662787047165,-8.582294024039978,68.2376561164856
-31.68662787047165,-8.582294024039978,68.2376561164856
-31.68662787047165,-8.582294024039978,68.2376561164856
-31.68662787047165,-8.582294024039978,68.2376561164856
-31.68662787047165,-8.582294024039978,68.2376561164856
-31.68662787047165,-8.582294024039978,68.2376561164856
-31.68662787047165,-8.582294024039978,68.2376561164856
-31.853690599187416,-8.636662280212441,68.2376561164856
-31.853690599187416,-8.636662280212441,68.2376561164856
-31.853690599187416,-8.636662280212441,68.2376561164856
-31.853690599187416,-8.636662280212441,68.2376561164856
-31.853690599187416,-8.636662280212441,68.2376561164856
-31.853690599187416,-8.636662280212441,68.2376561164856
-31.895797016642653,-8.657332349194922,68.2376561164856
-31.895797016642653,-8.657332349194922,68.2376561164856
-31.895797016642653,-8.657332349194922,68.2376561164856
-31.895797016642653,-8.657332349194922,68.2376561164856
-31.895797016642653,-8.657332349194922,68.2376561164856
-31.895797016642653,-8.657332349194922,68.2376561164856
-31.99625391254436,-8.692173966578153,68.2376561164856
-31.99625391254436,-8.692173966578153,68.2376561164856
-31.99625391254436,-8.692173966578153,68.2376561164856
-31.99625391254436,-8.692173966578153,68.2376561164856
-31.99625391254436,-8.692173966578153,68.2376561164856
-31.99625391254436,-8.692173966578153,68.2376561164856
-32.05680498245833,-8.711376602533536,68.2376561164856
-32.05680498245833,-8.711376602533536,68.2376561164856
-32.05680498245833,-8.711376602533536,68.2376561164856
-32.05680498245833,-8.711376602533536,68.2376561164856
-32.05680498245833,-8.711376602533536,68.2376561164856
-32.05680498245833,-8.711376602533536,68.2376561164856
-32.16278332903895,-8.746395606890205,68.2376561164856
-32.16278332903895,-8.746395606890205,68.2376561164856
-32.16278332903895,-8.746395606890205,68.2376561164856
-32.16278332903895,-8.746395606890205,68.2376561164856
-32.16278332903895,-8.746395606890205,68.2376561164856
-32.16278332903895,-8.746395606890205,68.2376561164856
-32.22848758422218,-8.76425369275262,68.2376561164856
-32.22848758422218,-8.76425369275262,68.2376561164856
-32.22848758422218,-8.76425369275262,68.2376561164856
-32.22848758422218,-8.76425369275262,68.2376561164856
-32.22848758422218,-8.76425369275262,68.2376561164856
-32.28833853194846,-8.783628825181705,68.2376561164856
-32.28833853194846,-8.783628825181705,68.2376561164856
-32.28833853194846,-8.783628825181705,68.2376561164856
-32.28833853194846,-8.783628825181705,68.2376561164856
-32.28833853194846,-8.783628825181705,68.2376561164856
-32.39056232044898,-8.82040897883022,68.2376561164856
-32.39056232044898,-8.82040897883022,68.2376561164856
-32.39056232044898,-8.82040897883022,68.2376561164856
-32.39056232044898,-8.82040897883022,68.2376561164856
-32.39056232044898,-8.82040897883022,68.2376561164856
-32.440918360589976,-8.840973203696095,68.2376561164856
-32.440918360589976,-8.840973203696095,68.2376561164856
-32.440918360589976,-8.840973203696095,68.2376561164856
-32.440918360589976,-8.840973203696095,68.2376561164856
-32.440918360589976,-8.840973203696095,68.2376561164856
-32.4342199788741,-8.848559337762401,68.2376561164856
-32.4342199788741,-8.848559337762401,68.2376561164856
-32.4342199788741,-8.848559337762401,68.2376561164856
-32.4342199788741,-8.848559337762401,68.2376561164856
-32.4342199788741,-8.848559337762401,68.2376561164856
-32.4342199788741,-8.848559337762401,68.2376561164856
-32.49387016379762,-8.867973472893091,68.2376561164856
-32.49387016379762,-8.867973472893091,68.2376561164856
-32.49387016379762,-8.867973472893091,68.2376561164856
-32.49387016379762,-8.867973472893091,68.2376561164856
-32.49387016379762,-8.867973472893091,68.2376561164856
-32.49387016379762,-8.867973472893091,68.2376561164856
-32.49387016379762,-8.867973472893091,68.2376561164856
-32.599922077394,-8.897422936223824,68.2376561164856
-32.599922077394,-8.897422936223824,68.2376561164856
-32.599922077394,-8.897422936223824,68.2376561164856
-32.599922077394,-8.897422936223824,68.2376561164856
-32.599922077394,-8.897422936223824,68.2376561164856
-32.599922077394,-8.897422936223824,68.2376561164856
-32.599922077394,-8.897422936223824,68.2376561164856
-32.69852065181841,-8.922093073263959,68.2376561164856
-32.69852065181841,-8.922093073263959,68.2376561164856
-32.69852065181841,-8.922093073263959,68.2376561164856
-32.69852065181841,-8.922093073263959,68.2376561164856
-32.69852065181841,-8.922093073263959,68.2376561164856
-32.69852065181841,-8.922093073263959,68.2376561164856
-32.786542324999125,-8.94079095306696,68.2376561164856
-32.786542324999125,-8.94079095306696,68.2376561164856
-32.786542324999125,-8.94079095306696,68.2376561164856
-32.786542324999125,-8.94079095306696,68.2376561164856
-32.786542324999125,-8.94079095306696,68.2376561164856
-32.786542324999125,-8.94079095306696,68.2376561164856
-32.83908647390119,-8.946639372143514,68.2376561164856
-32.83908647390119,-8.946639372143514,68.2376561164856
-32.83908647390119,-8.946639372143514,68.2376561164856
-32.83908647390119,-8.946639372143514,68.2376561164856
-32.83908647390119,-8.946639372143514,68.2376561164856
-32.83908647390119,-8.946639372143514,68.2376561164856
-32.83908647390119,-8.946639372143514,68.2376561164856
-32.93398558165019,-8.961664472571586,68.2376561164856
-32.93398558165019,-8.961664472571586,68.2376561164856
-32.93398558165019,-8.961664472571586,68.2376561164856
-32.93398558165019,-8.961664472571586,68.2376561164856
-32.93398558165019,-8.961664472571586,68.2376561164856
-32.93398558165019,-8.961664472571586,68.2376561164856
-32.971357752094015,-8.968532141739507,68.2376561164856
-32.971357752094015,-8.968532141739507,68.2376561164856
-32.971357752094015,-8.968532141739507,68.2376561164856
-32.971357752094015,-8.968532141739507,68.2376561164856
-32.971357752094015,-8.968532141739507,68.2376561164856
-33.00757091546983,-8.976752321836479,68.2376561164856
-33.00757091546983,-8.976752321836479,68.2376561164856
-33.00757091546983,-8.976752321836479,68.2376561164856
-33.00757091546983,-8.976752321836479,68.2376561164856
-33.00757091546983,-8.976752321836479,68.2376561164856
-33.00757091546983,-8.976752321836479,68.2376561164856
-33.04597428734243,-8.978855342483046,68.2376561164856
-33.04597428734243,-8.978855342483046,68.2376561164856
-33.04597428734243,-8.978855342483046,68.2376561164856
-33.04597428734243,-8.978855342483046,68.2376561164856
-33.04597428734243,-8.978855342483046,68.2376561164856
-33.04597428734243,-8.978855342483046,68.2376561164856
-33.12181056409254,-8.984768155166513,68.2376561164856
-33.12181056409254,-8.984768155166513,68.2376561164856
-33.12181056409254,-8.984768155166513,68.2376561164856
-33.12181056409254,-8.984768155166513,68.2376561164856
-33.12181056409254,-8.984768155166513,68.2376561164856
-33.132352150545586,-8.978629258477914,68.2376561164856
-33.132352150545586,-8.978629258477914,68.2376561164856
-33.132352150545586,-8.978629258477914,68.2376561164856
-33.132352150545586,-8.978629258477914,68.2376561164856
-33.132352150545586,-8.978629258477914,68.2376561164856
-33.15644082876162,-8.966715672004831,68.2376561164856
-33.15644082876162,-8.966715672004831,68.2376561164856
-33.15644082876162,-8.966715672004831,68.2376561164856
-33.15644082876162,-8.966715672004831,68.2376561164856
-33.15644082876162,-8.966715672004831,68.2376561164856
-33.15644082876162,-8.966715672004831,68.2376561164856
-33.18108506197754,-8.954769664941004,68.2376561164856
-33.18108506197754,-8.954769664941004,68.2376561164856
-33.18108506197754,-8.954769664941004,68.2376561164856
-33.18108506197754,-8.954769664941004,68.2376561164856
-33.18108506197754,-8.954769664941004,68.2376561164856
-33.25754352475738,-8.933096538609192,68.2376561164856
-33.25754352475738,-8.933096538609192,68.2376561164856
-33.25754352475738,-8.933096538609192,68.2376561164856
-33.25754352475738,-8.933096538609192,68.2376561164856
-33.25754352475738,-8.933096538609192,68.2376561164856
-33.25754352475738,-8.933096538609192,68.2376561164856
-33.29156989692759,-8.908501202507784,68.2376561164856
-33.29156989692759,-8.908501202507784,68.2376561164856
-33.29156989692759,-8.908501202507784,68.2376561164856
-33.29156989692759,-8.908501202507784,68.2376561164856
-33.29156989692759,-8.908501202507784,68.2376561164856
-33.29156989692759,-8.908501202507784,68.2376561164856
-33.329489880100205,-8.884491625160905,68.2376561164856
-33.329489880100205,-8.884491625160905,68.2376561164856
-33.329489880100205,-8.884491625160905,68.2376561164856
-33.329489880100205,-8.884491625160905,68.2376561164856
-33.37435721914318,-8.864261123132039,68.2376561164856
-33.37435721914318,-8.864261123132039,68.2376561164856
-33.37435721914318,-8.864261123132039,68.2376561164856
-33.37435721914318,-8.864261123132039,68.2376561164856
-33.37435721914318,-8.864261123132039,68.2376561164856
-33.37435721914318,-8.864261123132039,68.2376561164856
-33.40886745857621,-8.842618089719155,68.2376561164856
-33.40886745857621,-8.842618089719155,68.2376561164856
-33.40886745857621,-8.842618089719155,68.2376561164856
-33.40886745857621,-8.842618089719155,68.2376561164856
-33.40886745857621,-8.842618089719155,68.2376561164856
-33.429847572811944,-8.821587797255148,68.2376561164856
-33.429847572811944,-8.821587797255148,68.2376561164856
-33.429847572811944,-8.821587797255148,68.2376561164856
-33.429847572811944,-8.821587797255148,68.2376561164856
-33.429847572811944,-8.821587797255148,68.2376561164856
-33.4561535414032,-8.797271176042594,68.2376561164856
-33.4561535414032,-8.797271176042594,68.2376561164856
-33.4561535414032,-8.797271176042594,68.2376561164856
-33.4561535414032,-8.797271176042594,68.2376561164856
-33.4561535414032,-8.797271176042594,68.2376561164856
-33.4561535414032,-8.797271176042594,68.2376561164856
-33.4869056708967,-8.773474198735862,68.2376561164856
-33.4869056708967,-8.773474198735862,68.2376561164856
-33.4869056708967,-8.773474198735862,68.2376561164856
-33.4869056708967,-8.773474198735862,68.2376561164856
-33.4869056708967,-8.773474198735862,68.2376561164856
-33.55333414605472,-8.741072534572693,68.2376561164856
-33.55333414605472,-8.741072534572693,68.2376561164856
-33.55333414605472,-8.741072534572693,68.2376561164856
-33.55333414605472,-8.741072534572693,68.2376561164856
-33.55333414605472,-8.741072534572693,68.2376561164856
-33.55333414605472,-8.741072534572693,68.2376561164856
-33.55333414605472,-8.741072534572693,68.2376561164856
-33.55333414605472,-8.741072534572693,68.2376561164856
-33.55333414605472,-8.741072534572693,68.2376561164856
-33.55333414605472,-8.741072534572693,68.2376561164856
-33.55333414605472,-8.741072534572693,68.2376561164856
-33.55333414605472,-8.741072534572693,68.2376561164856
-33.59187814797472,-8.727709260157178,68.2376561164856
-33.59187814797472,-8.727709260157178,68.2376561164856
-33.59187814797472,-8.727709260157178,68.2376561164856
-33.59187814797472,-8.727709260157178,68.2376561164856
-33.59187814797472,-8.727709260157178,68.2376561164856
-33.59187814797472,-8.727709260157178,68.2376561164856
-33.59187814797472,-8.727709260157178,68.2376561164856
-33.865667709953065,-8.695936355212266,68.2376561164856
-33.865667709953065,-8.695936355212266,68.2376561164856
-33.865667709953065,-8.695936355212266,68.2376561164856
-33.865667709953065,-8.695936355212266,68.2376561164856
-33.865667709953065,-8.695936355212266,68.2376561164856
-33.865667709953065,-8.695936355212266,68.2376561164856
-33.865667709953065,-8.695936355212266,68.2376561164856
-33.865667709953065,-8.695936355212266,68.2376561164856
-34.41381935470841,-8.55293711947037,68.2376561164856
-34.41381935470841,-8.55293711947037,68.2376561164856
-34.41381935470841,-8.55293711947037,68.2376561164856
-34.41381935470841,-8.55293711947037,68.2376561164856
-34.614671608278925,-8.441946866429438,68.2376561164856
-34.614671608278925,-8.441946866429438,68.2376561164856
-34.614671608278925,-8.441946866429438,68.2376561164856
-34.614671608278925,-8.441946866429438,68.2376561164856
-34.614671608278925,-8.441946866429438,68.2376561164856
-34.614671608278925,-8.441946866429438,68.2376561164856
-34.79532625524158,-8.333189860884524,68.2376561164856
-34.79532625524158,-8.333189860884524,68.2376561164856
-34.79532625524158,-8.333189860884524,68.2376561164856
-34.79532625524158,-8.333189860884524,68.2376561164856
-34.79532625524158,-8.333189860884524,68.2376561164856
-34.965457569203444,-8.170064357183112,68.2376561164856
-34.965457569203444,-8.170064357183112,68.2376561164856
-34.965457569203444,-8.170064357183112,68.2376561164856
-34.965457569203444,-8.170064357183112,68.2376561164856
-34.965457569203444,-8.170064357183112,68.2376561164856
-34.965457569203444,-8.170064357183112,68.2376561164856
-34.965457569203444,-8.170064357183112,68.2376561164856
-35.07708294080266,-8.064343308918492,68.2376561164856
-35.07708294080266,-8.064343308918492,68.2376561164856
-35.07708294080266,-8.064343308918492,68.2376561164856
-35.07708294080266,-8.064343308918492,68.2376561164856
-35.07708294080266,-8.064343308918492,68.2376561164856
-35.179467649905,-7.9494648635156,68.2376561164856
-35.179467649905,-7.9494648635156,68.2376561164856
-35.179467649905,-7.9494648635156,68.2376561164856
-35.179467649905,-7.9494648635156,68.2376561164856
-35.179467649905,-7.9494648635156,68.2376561164856
-35.273939034168414,-7.837237963775271,68.2376561164856
-35.273939034168414,-7.837237963775271,68.2376561164856
-35.273939034168414,-7.837237963775271,68.2376561164856
-35.273939034168414,-7.837237963775271,68.2376561164856
-35.273939034168414,-7.837237963775271,68.2376561164856
-35.36070173296109,-7.734837310636235,68.2376561164856
-35.36070173296109,-7.734837310636235,68.2376561164856
-35.36070173296109,-7.734837310636235,68.2376561164856
-35.36070173296109,-7.734837310636235,68.2376561164856
-35.36070173296109,-7.734837310636235,68.2376561164856
-35.36070173296109,-7.734837310636235,68.2376561164856
-35.43333164730866,-7.63167157369001,68.2376561164856
-35.43333164730866,-7.63167157369001,68.2376561164856
-35.43333164730866,-7.63167157369001,68.2376561164856
-35.43333164730866,-7.63167157369001,68.2376561164856
-35.43333164730866,-7.63167157369001,68.2376561164856
-35.54866038937345,-7.469834050534775,68.2376561164856
-35.54866038937345,-7.469834050534775,68.2376561164856
-35.54866038937345,-7.469834050534775,68.2376561164856
-35.54866038937345,-7.469834050534775,68.2376561164856
-35.54866038937345,-7.469834050534775,68.2376561164856
-35.54866038937345,-7.469834050534775,68.2376561164856
-35.62369522250002,-7.363512646161446,68.2376561164856
-35.62369522250002,-7.363512646161446,68.2376561164856
-35.62369522250002,-7.363512646161446,68.2376561164856
-35.62369522250002,-7.363512646161446,68.2376561164856
-35.62369522250002,-7.363512646161446,68.2376561164856
-35.62369522250002,-7.363512646161446,68.2376561164856
-35.69423382060861,-7.256349382434399,68.2376561164856
-35.69423382060861,-7.256349382434399,68.2376561164856
-35.69423382060861,-7.256349382434399,68.2376561164856
-35.69423382060861,-7.256349382434399,68.2376561164856
-35.69423382060861,-7.256349382434399,68.2376561164856
-35.69423382060861,-7.256349382434399,68.2376561164856
-35.69423382060861,-7.256349382434399,68.2376561164856
-35.80997247302257,-7.0945100672857855,68.2376561164856
-35.80997247302257,-7.0945100672857855,68.2376561164856
-35.80997247302257,-7.0945100672857855,68.2376561164856
-35.80997247302257,-7.0945100672857855,68.2376561164856
-35.80997247302257,-7.0945100672857855,68.2376561164856
-35.88149863873702,-6.986982522852054,68.2376561164856
-35.88149863873702,-6.986982522852054,68.2376561164856
-35.88149863873702,-6.986982522852054,68.2376561164856
-35.88149863873702,-6.986982522852054,68.2376561164856
-35.88149863873702,-6.986982522852054,68.2376561164856
-35.95052155641851,-6.873951685892518,68.2376561164856
-35.95052155641851,-6.873951685892518,68.2376561164856
-35.95052155641851,-6.873951685892518,68.2376561164856
-35.95052155641851,-6.873951685892518,68.2376561164856
-35.95052155641851,-6.873951685892518,68.2376561164856
-36.01519349006909,-6.759279778008589,68.2376561164856
-36.01519349006909,-6.759279778008589,68.2376561164856
-36.01519349006909,-6.759279778008589,68.2376561164856
-36.01519349006909,-6.759279778008589,68.2376561164856
-36.01519349006909,-6.759279778008589,68.2376561164856
-36.084021064461965,-6.641191704438269,68.2376561164856
-36.084021064461965,-6.641191704438269,68.2376561164856
-36.084021064461965,-6.641191704438269,68.2376561164856
-36.084021064461965,-6.641191704438269,68.2376561164856
-36.084021064461965,-6.641191704438269,68.2376561164856
-36.144334162861,-6.531513838411147,68.2376561164856
-36.144334162861,-6.531513838411147,68.2376561164856
-36.144334162861,-6.531513838411147,68.2376561164856
-36.144334162861,-6.531513838411147,68.2376561164856
-36.144334162861,-6.531513838411147,68.2376561164856
-36.21847448443068,-6.4105774960226976,68.2376561164856
-36.21847448443068,-6.4105774960226976,68.2376561164856
-36.21847448443068,-6.4105774960226976,68.2376561164856
-36.21847448443068,-6.4105774960226976,68.2376561164856
-36.21847448443068,-6.4105774960226976,68.2376561164856
-36.21847448443068,-6.4105774960226976,68.2376561164856
-36.29185377686415,-6.295744346974945,68.2376561164856
-36.29185377686415,-6.295744346974945,68.2376561164856
-36.29185377686415,-6.295744346974945,68.2376561164856
-36.29185377686415,-6.295744346974945,68.2376561164856
-36.29185377686415,-6.295744346974945,68.2376561164856
-36.415748524016934,-6.120222901961231,68.2376561164856
-36.415748524016934,-6.120222901961231,68.2376561164856
-36.415748524016934,-6.120222901961231,68.2376561164856
-36.415748524016934,-6.120222901961231,68.2376561164856
-36.415748524016934,-6.120222901961231,68.2376561164856
-36.506095247714725,-5.99132106394679,68.2376561164856
-36.506095247714725,-5.99132106394679,68.2376561164856
-36.506095247714725,-5.99132106394679,68.2376561164856
-36.506095247714725,-5.99132106394679,68.2376561164856
-36.59495643727359,-5.874572132579184,68.2376561164856
-36.59495643727359,-5.874572132579184,68.2376561164856
-36.59495643727359,-5.874572132579184,68.2376561164856
-36.59495643727359,-5.874572132579184,68.2376561164856
-36.59495643727359,-5.874572132579184,68.2376561164856
-36.649367765022475,-5.8021520536123425,68.2376561164856
-36.649367765022475,-5.8021520536123425,68.2376561164856
-36.649367765022475,-5.8021520536123425,68.2376561164856
-36.649367765022475,-5.8021520536123425,68.2376561164856
-36.649367765022475,-5.8021520536123425,68.2376561164856
-36.79946032874101,-5.6261825818014275,68.2376561164856
-36.79946032874101,-5.6261825818014275,68.2376561164856
-36.79946032874101,-5.6261825818014275,68.2376561164856
-36.79946032874101,-5.6261825818014275,68.2376561164856
-36.79946032874101,-5.6261825818014275,68.2376561164856
-36.840888790902035,-5.555950252685686,68.2376561164856
-36.840888790902035,-5.555950252685686,68.2376561164856
-36.840888790902035,-5.555950252685686,68.2376561164856
-36.840888790902035,-5.555950252685686,68.2376561164856
-36.840888790902035,-5.555950252685686,68.2376561164856
-36.92807405112082,-5.4436439941134385,68.2376561164856
-36.92807405112082,-5.4436439941134385,68.2376561164856
-36.92807405112082,-5.4436439941134385,68.2376561164856
-36.92807405112082,-5.4436439941134385,68.2376561164856
-36.92807405112082,-5.4436439941134385,68.2376561164856
-37.03078652081648,-5.346468566141394,68.2376561164856
-37.03078652081648,-5.346468566141394,68.2376561164856
-37.03078652081648,-5.346468566141394,68.2376561164856
-37.03078652081648,-5.346468566141394,68.2376561164856
-37.135639974410395,-5.220293521765518,68.2376561164856
-37.135639974410395,-5.220293521765518,68.2376561164856
-37.135639974410395,-5.220293521765518,68.2376561164856
-37.135639974410395,-5.220293521765518,68.2376561164856
-37.135639974410395,-5.220293521765518,68.2376561164856
-37.20952531015114,-5.094362690318134,68.2376561164856
-37.20952531015114,-5.094362690318134,68.2376561164856
-37.20952531015114,-5.094362690318134,68.2376561164856
-37.20952531015114,-5.094362690318134,68.2376561164856
-37.298690314167814,-4.982530628681296,68.2376561164856
-37.298690314167814,-4.982530628681296,68.2376561164856
-37.298690314167814,-4.982530628681296,68.2376561164856
-37.298690314167814,-4.982530628681296,68.2376561164856
-37.298690314167814,-4.982530628681296,68.2376561164856
-37.3812045286439,-4.877722706300854,68.2376561164856
-37.3812045286439,-4.877722706300854,68.2376561164856
-37.3812045286439,-4.877722706300854,68.2376561164856
-37.3812045286439,-4.877722706300854,68.2376561164856
-37.3812045286439,-4.877722706300854,68.2376561164856
-37.46388366908434,-4.771958666956241,68.2376561164856
-37.46388366908434,-4.771958666956241,68.2376561164856
-37.46388366908434,-4.771958666956241,68.2376561164856
-37.46388366908434,-4.771958666956241,68.2376561164856
-37.46388366908434,-4.771958666956241,68.2376561164856
-37.54978071754752,-4.658008518264691,68.2376561164856
-37.54978071754752,-4.658008518264691,68.2376561164856
-37.54978071754752,-4.658008518264691,68.2376561164856
-37.54978071754752,-4.658008518264691,68.2376561164856
-37.54978071754752,-4.658008518264691,68.2376561164856
-37.63540084917576,-4.553805226962814,68.2376561164856
-37.63540084917576,-4.553805226962814,68.2376561164856
-37.63540084917576,-4.553805226962814,68.2376561164856
-37.63540084917576,-4.553805226962814,68.2376561164856
-37.63540084917576,-4.553805226962814,68.2376561164856
-37.73297005048199,-4.431330252383293,68.2376561164856
-37.73297005048199,-4.431330252383293,68.2376561164856
-37.73297005048199,-4.431330252383293,68.2376561164856
-37.73297005048199,-4.431330252383293,68.2376561164856
-37.73297005048199,-4.431330252383293,68.2376561164856
-37.82515896920983,-4.311824184585623,68.2376561164856
-37.82515896920983,-4.311824184585623,68.2376561164856
-37.82515896920983,-4.311824184585623,68.2376561164856
-37.82515896920983,-4.311824184585623,68.2376561164856
-37.82515896920983,-4.311824184585623,68.2376561164856
-37.92930684485731,-4.185610768162774,68.2376561164856
-37.92930684485731,-4.185610768162774,68.2376561164856
-37.92930684485731,-4.185610768162774,68.2376561164856
-37.92930684485731,-4.185610768162774,68.2376561164856
-37.92930684485731,-4.185610768162774,68.2376561164856
-38.01894854313723,-4.075448220668412,68.2376561164856
-38.01894854313723,-4.075448220668412,68.2376561164856
-38.01894854313723,-4.075448220668412,68.2376561164856
-38.01894854313723,-4.075448220668412,68.2376561164856
-38.01894854313723,-4.075448220668412,68.2376561164856
-38.01894854313723,-4.075448220668412,68.2376561164856
-38.102905746804964,-3.9647892100618076,68.2376561164856
-38.102905746804964,-3.9647892100618076,68.2376561164856
-38.102905746804964,-3.9647892100618076,68.2376561164856
-38.102905746804964,-3.9647892100618076,68.2376561164856
-38.102905746804964,-3.9647892100618076,68.2376561164856
-38.19881171895677,-3.8505597174225406,68.2376561164856
-38.19881171895677,-3.8505597174225406,68.2376561164856
-38.19881171895677,-3.8505597174225406,68.2376561164856
-38.19881171895677,-3.8505597174225406,68.2376561164856
-38.19881171895677,-3.8505597174225406,68.2376561164856
-38.297813445588304,-3.735419465310813,68.2376561164856
-38.297813445588304,-3.735419465310813,68.2376561164856
-38.297813445588304,-3.735419465310813,68.2376561164856
-38.297813445588304,-3.735419465310813,68.2376561164856
-38.297813445588304,-3.735419465310813,68.2376561164856
-38.399248069507664,-3.6198057421381247,68.2376561164856
-38.399248069507664,-3.6198057421381247,68.2376561164856
-38.399248069507664,-3.6198057421381247,68.2376561164856
-38.399248069507664,-3.6198057421381247,68.2376561164856
-38.399248069507664,-3.6198057421381247,68.2376561164856
-38.50499127945377,-3.4981765882785023,68.2376561164856
-38.50499127945377,-3.4981765882785023,68.2376561164856
-38.50499127945377,-3.4981765882785023,68.2376561164856
-38.50499127945377,-3.4981765882785023,68.2376561164856
-38.50499127945377,-3.4981765882785023,68.2376561164856
-38.612703910295075,-3.364236797183547,68.2376561164856
-38.612703910295075,-3.364236797183547,68.2376561164856
-38.612703910295075,-3.364236797183547,68.2376561164856
-38.612703910295075,-3.364236797183547,68.2376561164856
-38.612703910295075,-3.364236797183547,68.2376561164856
-38.70678101864176,-3.231053453638,68.2376561164856
-38.70678101864176,-3.231053453638,68.2376561164856
-38.70678101864176,-3.231053453638,68.2376561164856
-38.70678101864176,-3.231053453638,68.2376561164856
-38.70678101864176,-3.231053453638,68.2376561164856
-38.80247050553041,-3.100507527802763,68.2376561164856
-38.80247050553041,-3.100507527802763,68.2376561164856
-38.80247050553041,-3.100507527802763,68.2376561164856
-38.80247050553041,-3.100507527802763,68.2376561164856
-38.8767343651401,-2.9915576758727505,68.2376561164856
-38.8767343651401,-2.9915576758727505,68.2376561164856
-38.8767343651401,-2.9915576758727505,68.2376561164856
-38.8767343651401,-2.9915576758727505,68.2376561164856
-38.8767343651401,-2.9915576758727505,68.2376561164856
-38.8767343651401,-2.9915576758727505,68.2376561164856
-38.95662509069682,-2.868998640261264,68.2376561164856
-38.95662509069682,-2.868998640261264,68.2376561164856
-38.95662509069682,-2.868998640261264,68.2376561164856
-38.95662509069682,-2.868998640261264,68.2376561164856
-38.95662509069682,-2.868998640261264,68.2376561164856
-39.029776087080926,-2.7565082337332925,68.2376561164856
-39.029776087080926,-2.7565082337332925,68.2376561164856
-39.029776087080926,-2.7565082337332925,68.2376561164856
-39.029776087080926,-2.7565082337332925,68.2376561164856
-39.029776087080926,-2.7565082337332925,68.2376561164856
-39.10280927429294,-2.6444410764823627,68.2376561164856
-39.10280927429294,-2.6444410764823627,68.2376561164856
-39.10280927429294,-2.6444410764823627,68.2376561164856
-39.10280927429294,-2.6444410764823627,68.2376561164856
-39.10280927429294,-2.6444410764823627,68.2376561164856
-39.18969017688069,-2.4987184333918426,68.2376561164856
-39.18969017688069,-2.4987184333918426,68.2376561164856
-39.18969017688069,-2.4987184333918426,68.2376561164856
-39.18969017688069,-2.4987184333918426,68.2376561164856
-39.18969017688069,-2.4987184333918426,68.2376561164856
-39.27391249125882,-2.367243680003732,68.2376561164856
-39.27391249125882,-2.367243680003732,68.2376561164856
-39.27391249125882,-2.367243680003732,68.2376561164856
-39.27391249125882,-2.367243680003732,68.2376561164856
-39.27391249125882,-2.367243680003732,68.2376561164856
-39.27391249125882,-2.367243680003732,68.2376561164856
-39.35237075849866,-2.2323527306420363,68.2376561164856
-39.35237075849866,-2.2323527306420363,68.2376561164856
-39.35237075849866,-2.2323527306420363,68.2376561164856
-39.35237075849866,-2.2323527306420363,68.2376561164856
-39.35237075849866,-2.2323527306420363,68.2376561164856
-39.35237075849866,-2.2323527306420363,68.2376561164856
-39.44736490800496,-2.11272478261571,68.2376561164856
-39.44736490800496,-2.11272478261571,68.2376561164856
-39.44736490800496,-2.11272478261571,68.2376561164856
-39.44736490800496,-2.11272478261571,68.2376561164856
-39.44736490800496,-2.11272478261571,68.2376561164856
-39.53946925228048,-1.9967493991881087,68.2376561164856
-39.53946925228048,-1.9967493991881087,68.2376561164856
-39.53946925228048,-1.9967493991881087,68.2376561164856
-39.53946925228048,-1.9967493991881087,68.2376561164856
-39.53946925228048,-1.9967493991881087,68.2376561164856
-39.53946925228048,-1.9967493991881087,68.2376561164856
-39.68488146277879,-1.804459398276927,68.2376561164856
-39.68488146277879,-1.804459398276927,68.2376561164856
-39.68488146277879,-1.804459398276927,68.2376561164856
-39.68488146277879,-1.804459398276927,68.2376561164856
-39.68488146277879,-1.804459398276927,68.2376561164856
-39.68488146277879,-1.804459398276927,68.2376561164856
-39.68488146277879,-1.804459398276927,68.2376561164856
-39.68488146277879,-1.804459398276927,68.2376561164856
-39.78602515646844,-1.6875001176729894,68.2376561164856
-39.78602515646844,-1.6875001176729894,68.2376561164856
-39.78602515646844,-1.6875001176729894,68.2376561164856
-39.78602515646844,-1.6875001176729894,68.2376561164856
-39.78602515646844,-1.6875001176729894,68.2376561164856
-39.78602515646844,-1.6875001176729894,68.2376561164856
-39.78602515646844,-1.6875001176729894,68.2376561164856
-39.463577735458735,-1.2455844089356485,68.2376561164856
-39.463577735458735,-1.2455844089356485,68.2376561164856
-39.463577735458735,-1.2455844089356485,68.2376561164856
-39.463577735458735,-1.2455844089356485,68.2376561164856
-39.463577735458735,-1.2455844089356485,68.2376561164856
-39.463577735458735,-1.2455844089356485,68.2376561164856
-39.463577735458735,-1.2455844089356485,68.2376561164856
-39.463577735458735,-1.2455844089356485,68.2376561164856
-17.028181579543592,24.66842249305697,68.2376561164856
-17.028181579543592,24.66842249305697,68.2376561164856
-17.028181579543592,24.66842249305697,68.2376561164856
-17.028181579543592,24.66842249305697,68.2376561164856
-17.028181579543592,24.66842249305697,68.2376561164856
-16.98750042672075,24.65849169845439,68.2376561164856
-16.98750042672075,24.65849169845439,68.2376561164856
-16.98750042672075,24.65849169845439,68.2376561164856
-16.98750042672075,24.65849169845439,68.2376561164856
-16.98750042672075,24.65849169845439,68.2376561164856
-16.98750042672075,24.65849169845439,68.2376561164856
-16.94134815418055,24.660000442011444,68.2376561164856
-16.94134815418055,24.660000442011444,68.2376561164856
-16.94134815418055,24.660000442011444,68.2376561164856
-16.94134815418055,24.660000442011444,68.2376561164856
-16.94134815418055,24.660000442011444,68.2376561164856
-16.909274690793076,24.66059437251383,68.2376561164856
-16.909274690793076,24.66059437251383,68.2376561164856
-16.909274690793076,24.66059437251383,68.2376561164856
-16.909274690793076,24.66059437251383,68.2376561164856
-16.909274690793076,24.66059437251383,68.2376561164856
-16.849604174676884,24.656515677131537,68.2376561164856
-16.849604174676884,24.656515677131537,68.2376561164856
-16.849604174676884,24.656515677131537,68.2376561164856
-16.849604174676884,24.656515677131537,68.2376561164856
-16.849604174676884,24.656515677131537,68.2376561164856
-16.849604174676884,24.656515677131537,68.2376561164856
-16.844772332299403,24.652025267652753,68.2376561164856
-16.844772332299403,24.652025267652753,68.2376561164856
-16.844772332299403,24.652025267652753,68.2376561164856
-16.844772332299403,24.652025267652753,68.2376561164856
-16.844772332299403,24.652025267652753,68.2376561164856
-16.81032158103808,24.646634698978815,68.2376561164856
-16.81032158103808,24.646634698978815,68.2376561164856
-16.81032158103808,24.646634698978815,68.2376561164856
-16.81032158103808,24.646634698978815,68.2376561164856
-16.81032158103808,24.646634698978815,68.2376561164856
-16.800628825467548,24.643794794129956,68.2376561164856
-16.800628825467548,24.643794794129956,68.2376561164856
-16.800628825467548,24.643794794129956,68.2376561164856
-16.800628825467548,24.643794794129956,68.2376561164856
-16.800628825467548,24.643794794129956,68.2376561164856
-16.76574982510413,24.64138891782464,68.2376561164856
-16.76574982510413,24.64138891782464,68.2376561164856
-16.76574982510413,24.64138891782464,68.2376561164856
-16.76574982510413,24.64138891782464,68.2376561164856
-16.76574982510413,24.64138891782464,68.2376561164856
-16.69547198204064,24.645235706837752,68.2376561164856
-16.69547198204064,24.645235706837752,68.2376561164856
-16.69547198204064,24.645235706837752,68.2376561164856
-16.69547198204064,24.645235706837752,68.2376561164856
-16.69547198204064,24.645235706837752,68.2376561164856
-16.69547198204064,24.645235706837752,68.2376561164856
-16.64592374178843,24.64138474337232,68.2376561164856
-16.64592374178843,24.64138474337232,68.2376561164856
-16.64592374178843,24.64138474337232,68.2376561164856
-16.64592374178843,24.64138474337232,68.2376561164856
-16.64592374178843,24.64138474337232,68.2376561164856
-16.598171226037614,24.647517652981563,68.2376561164856
-16.598171226037614,24.647517652981563,68.2376561164856
-16.598171226037614,24.647517652981563,68.2376561164856
-16.598171226037614,24.647517652981563,68.2376561164856
-16.598171226037614,24.647517652981563,68.2376561164856
-16.526784925160545,24.649135768283966,68.2376561164856
-16.526784925160545,24.649135768283966,68.2376561164856
-16.526784925160545,24.649135768283966,68.2376561164856
-16.526784925160545,24.649135768283966,68.2376561164856
-16.526784925160545,24.649135768283966,68.2376561164856
-16.506681602136823,24.644524378629686,68.2376561164856
-16.506681602136823,24.644524378629686,68.2376561164856
-16.506681602136823,24.644524378629686,68.2376561164856
-16.506681602136823,24.644524378629686,68.2376561164856
-16.506681602136823,24.644524378629686,68.2376561164856
-16.506681602136823,24.644524378629686,68.2376561164856
-16.46902142972852,24.653509479971273,68.2376561164856
-16.46902142972852,24.653509479971273,68.2376561164856
-16.46902142972852,24.653509479971273,68.2376561164856
-16.46902142972852,24.653509479971273,68.2376561164856
-16.46902142972852,24.653509479971273,68.2376561164856
-16.395099886964395,24.663536776413704,68.2376561164856
-16.395099886964395,24.663536776413704,68.2376561164856
-16.395099886964395,24.663536776413704,68.2376561164856
-16.395099886964395,24.663536776413704,68.2376561164856
-16.395099886964395,24.663536776413704,68.2376561164856
-16.34358640581849,24.674269625336834,68.2376561164856
-16.34358640581849,24.674269625336834,68.2376561164856
-16.34358640581849,24.674269625336834,68.2376561164856
-16.34358640581849,24.674269625336834,68.2376561164856
-16.34358640581849,24.674269625336834,68.2376561164856
-16.34358640581849,24.674269625336834,68.2376561164856
-16.28930390769148,24.689503212425365,68.2376561164856
-16.28930390769148,24.689503212425365,68.2376561164856
-16.28930390769148,24.689503212425365,68.2376561164856
-16.28930390769148,24.689503212425365,68.2376561164856
-16.28930390769148,24.689503212425365,68.2376561164856
-16.211865774737447,24.69975180481544,68.2376561164856
-16.211865774737447,24.69975180481544,68.2376561164856
-16.211865774737447,24.69975180481544,68.2376561164856
-16.211865774737447,24.69975180481544,68.2376561164856
-16.211865774737447,24.69975180481544,68.2376561164856
-16.211865774737447,24.69975180481544,68.2376561164856
-16.10251874777756,24.710175943159193,68.2376561164856
-16.10251874777756,24.710175943159193,68.2376561164856
-16.10251874777756,24.710175943159193,68.2376561164856
-16.10251874777756,24.710175943159193,68.2376561164856
-16.10251874777756,24.710175943159193,68.2376561164856
-16.0215665835746,24.723469356853624,68.2376561164856
-16.0215665835746,24.723469356853624,68.2376561164856
-16.0215665835746,24.723469356853624,68.2376561164856
-16.0215665835746,24.723469356853624,68.2376561164856
-16.0215665835746,24.723469356853624,68.2376561164856
-16.0215665835746,24.723469356853624,68.2376561164856
-15.959231059963802,24.735639124847626,68.2376561164856
-15.959231059963802,24.735639124847626,68.2376561164856
-15.959231059963802,24.735639124847626,68.2376561164856
-15.959231059963802,24.735639124847626,68.2376561164856
-15.959231059963802,24.735639124847626,68.2376561164856
-15.935737464406062,24.75217845916267,68.2376561164856
-15.935737464406062,24.75217845916267,68.2376561164856
-15.935737464406062,24.75217845916267,68.2376561164856
-15.935737464406062,24.75217845916267,68.2376561164856
-15.935737464406062,24.75217845916267,68.2376561164856
-15.935737464406062,24.75217845916267,68.2376561164856
-15.906189732119838,24.766936767355258,68.2376561164856
-15.906189732119838,24.766936767355258,68.2376561164856
-15.906189732119838,24.766936767355258,68.2376561164856
-15.906189732119838,24.766936767355258,68.2376561164856
-15.906189732119838,24.766936767355258,68.2376561164856
-15.790415622568364,24.790891463391645,68.2376561164856
-15.790415622568364,24.790891463391645,68.2376561164856
-15.790415622568364,24.790891463391645,68.2376561164856
-15.790415622568364,24.790891463391645,68.2376561164856
-15.790415622568364,24.790891463391645,68.2376561164856
-15.715073438516999,24.8089570316876,68.2376561164856
-15.715073438516999,24.8089570316876,68.2376561164856
-15.715073438516999,24.8089570316876,68.2376561164856
-15.715073438516999,24.8089570316876,68.2376561164856
-15.715073438516999,24.8089570316876,68.2376561164856
-15.597127465456252,24.841342493584644,68.2376561164856
-15.597127465456252,24.841342493584644,68.2376561164856
-15.597127465456252,24.841342493584644,68.2376561164856
-15.597127465456252,24.841342493584644,68.2376561164856
-15.597127465456252,24.841342493584644,68.2376561164856
-15.597127465456252,24.841342493584644,68.2376561164856
-15.474900661871299,24.862089539812054,68.2376561164856
-15.474900661871299,24.862089539812054,68.2376561164856
-15.474900661871299,24.862089539812054,68.2376561164856
-15.474900661871299,24.862089539812054,68.2376561164856
-15.474900661871299,24.862089539812054,68.2376561164856
-15.394371977766518,24.88430252698685,68.2376561164856
-15.394371977766518,24.88430252698685,68.2376561164856
-15.394371977766518,24.88430252698685,68.2376561164856
-15.394371977766518,24.88430252698685,68.2376561164856
-15.394371977766518,24.88430252698685,68.2376561164856
-15.394371977766518,24.88430252698685,68.2376561164856
-15.276049033006455,24.906128198586792,68.2376561164856
-15.276049033006455,24.906128198586792,68.2376561164856
-15.276049033006455,24.906128198586792,68.2376561164856
-15.276049033006455,24.906128198586792,68.2376561164856
-15.276049033006455,24.906128198586792,68.2376561164856
-15.172884905614028,24.924049861518128,68.2376561164856
-15.172884905614028,24.924049861518128,68.2376561164856
-15.172884905614028,24.924049861518128,68.2376561164856
-15.172884905614028,24.924049861518128,68.2376561164856
-15.172884905614028,24.924049861518128,68.2376561164856
-15.095190032404366,24.949591258270505,68.2376561164856
-15.095190032404366,24.949591258270505,68.2376561164856
-15.095190032404366,24.949591258270505,68.2376561164856
-15.095190032404366,24.949591258270505,68.2376561164856
-15.095190032404366,24.949591258270505,68.2376561164856
-15.095190032404366,24.949591258270505,68.2376561164856
-15.03603561844099,24.96549413226158,68.2376561164856
-15.03603561844099,24.96549413226158,68.2376561164856
-15.03603561844099,24.96549413226158,68.2376561164856
-15.03603561844099,24.96549413226158,68.2376561164856
-15.03603561844099,24.96549413226158,68.2376561164856
-14.860760295579134,24.98215425189,68.2376561164856
-14.860760295579134,24.98215425189,68.2376561164856
-14.860760295579134,24.98215425189,68.2376561164856
-14.860760295579134,24.98215425189,68.2376561164856
-14.860760295579134,24.98215425189,68.2376561164856
-14.726547003680247,24.992692401676052,68.2376561164856
-14.726547003680247,24.992692401676052,68.2376561164856
-14.726547003680247,24.992692401676052,68.2376561164856
-14.726547003680247,24.992692401676052,68.2376561164856
-14.726547003680247,24.992692401676052,68.2376561164856
-14.726547003680247,24.992692401676052,68.2376561164856
-14.592775193481732,25.000510087718784,68.2376561164856
-14.592775193481732,25.000510087718784,68.2376561164856
-14.592775193481732,25.000510087718784,68.2376561164856
-14.592775193481732,25.000510087718784,68.2376561164856
-14.592775193481732,25.000510087718784,68.2376561164856
-14.435659432636953,25.01113914676497,68.2376561164856
-14.435659432636953,25.01113914676497,68.2376561164856
-14.435659432636953,25.01113914676497,68.2376561164856
-14.435659432636953,25.01113914676497,68.2376561164856
-14.435659432636953,25.01113914676497,68.2376561164856
-14.286756843003406,25.02010858739201,68.2376561164856
-14.286756843003406,25.02010858739201,68.2376561164856
-14.286756843003406,25.02010858739201,68.2376561164856
-14.286756843003406,25.02010858739201,68.2376561164856
-14.286756843003406,25.02010858739201,68.2376561164856
-14.153843074430249,25.030305019838732,68.2376561164856
-14.153843074430249,25.030305019838732,68.2376561164856
-14.153843074430249,25.030305019838732,68.2376561164856
-14.153843074430249,25.030305019838732,68.2376561164856
-14.153843074430249,25.030305019838732,68.2376561164856
-14.01091116800955,25.047249702196865,68.2376561164856
-14.01091116800955,25.047249702196865,68.2376561164856
-14.01091116800955,25.047249702196865,68.2376561164856
-14.01091116800955,25.047249702196865,68.2376561164856
-14.01091116800955,25.047249702196865,68.2376561164856
-14.01091116800955,25.047249702196865,68.2376561164856
-13.85289987360248,25.060861153796353,68.2376561164856
-13.85289987360248,25.060861153796353,68.2376561164856
-13.85289987360248,25.060861153796353,68.2376561164856
-13.85289987360248,25.060861153796353,68.2376561164856
-13.85289987360248,25.060861153796353,68.2376561164856
-13.85289987360248,25.060861153796353,68.2376561164856
-13.85289987360248,25.060861153796353,68.2376561164856
-13.85289987360248,25.060861153796353,68.2376561164856
-13.672341871644907,25.070847990575615,68.2376561164856
-13.672341871644907,25.070847990575615,68.2376561164856
-13.672341871644907,25.070847990575615,68.2376561164856
-13.672341871644907,25.070847990575615,68.2376561164856
-13.672341871644907,25.070847990575615,68.2376561164856
-13.672341871644907,25.070847990575615,68.2376561164856
-13.45879090171108,25.080722910258245,68.2376561164856
-13.45879090171108,25.080722910258245,68.2376561164856
-13.45879090171108,25.080722910258245,68.2376561164856
-13.45879090171108,25.080722910258245,68.2376561164856
-13.45879090171108,25.080722910258245,68.2376561164856
-13.25069773525278,25.09253773886201,68.2376561164856
-13.25069773525278,25.09253773886201,68.2376561164856
-13.25069773525278,25.09253773886201,68.2376561164856
-13.25069773525278,25.09253773886201,68.2376561164856
-13.25069773525278,25.09253773886201,68.2376561164856
-13.25069773525278,25.09253773886201,68.2376561164856
-13.25069773525278,25.09253773886201,68.2376561164856
-13.04611078903889,25.11700954950388,68.2376561164856
-13.04611078903889,25.11700954950388,68.2376561164856
-13.04611078903889,25.11700954950388,68.2376561164856
-13.04611078903889,25.11700954950388,68.2376561164856
-13.04611078903889,25.11700954950388,68.2376561164856
-13.04611078903889,25.11700954950388,68.2376561164856
-12.915823683735915,25.143330202860348,68.2376561164856
-12.915823683735915,25.143330202860348,68.2376561164856
-12.915823683735915,25.143330202860348,68.2376561164856
-12.915823683735915,25.143330202860348,68.2376561164856
-12.915823683735915,25.143330202860348,68.2376561164856
-12.769952276196575,25.160262283060312,68.2376561164856
-12.769952276196575,25.160262283060312,68.2376561164856
-12.769952276196575,25.160262283060312,68.2376561164856
-12.769952276196575,25.160262283060312,68.2376561164856
-12.769952276196575,25.160262283060312,68.2376561164856
-12.630198078650722,25.15658467197395,68.2376561164856
-12.630198078650722,25.15658467197395,68.2376561164856
-12.630198078650722,25.15658467197395,68.2376561164856
-12.630198078650722,25.15658467197395,68.2376561164856
-12.630198078650722,25.15658467197395,68.2376561164856
-12.630198078650722,25.15658467197395,68.2376561164856
-12.340389078145456,25.159001940688682,68.2376561164856
-12.340389078145456,25.159001940688682,68.2376561164856
-12.340389078145456,25.159001940688682,68.2376561164856
-12.340389078145456,25.159001940688682,68.2376561164856
-12.340389078145456,25.159001940688682,68.2376561164856
-12.169747818629574,25.164029712035834,68.2376561164856
-12.169747818629574,25.164029712035834,68.2376561164856
-12.169747818629574,25.164029712035834,68.2376561164856
-12.169747818629574,25.164029712035834,68.2376561164856
-12.169747818629574,25.164029712035834,68.2376561164856
-12.169747818629574,25.164029712035834,68.2376561164856
-11.997626132468056,25.157641674726367,68.2376561164856
-11.997626132468056,25.157641674726367,68.2376561164856
-11.997626132468056,25.157641674726367,68.2376561164856
-11.997626132468056,25.157641674726367,68.2376561164856
-11.997626132468056,25.157641674726367,68.2376561164856
-11.865410433815207,25.1628328292997,68.2376561164856
-11.865410433815207,25.1628328292997,68.2376561164856
-11.865410433815207,25.1628328292997,68.2376561164856
-11.865410433815207,25.1628328292997,68.2376561164856
-11.865410433815207,25.1628328292997,68.2376561164856
-11.736562881995992,25.165832066617572,68.2376561164856
-11.736562881995992,25.165832066617572,68.2376561164856
-11.736562881995992,25.165832066617572,68.2376561164856
-11.736562881995992,25.165832066617572,68.2376561164856
-11.736562881995992,25.165832066617572,68.2376561164856
-11.736562881995992,25.165832066617572,68.2376561164856
-11.544285495671424,25.163657145271927,68.2376561164856
-11.544285495671424,25.163657145271927,68.2376561164856
-11.544285495671424,25.163657145271927,68.2376561164856
-11.544285495671424,25.163657145271927,68.2376561164856
-11.544285495671424,25.163657145271927,68.2376561164856
-11.331127534018158,25.16011101951243,68.2376561164856
-11.331127534018158,25.16011101951243,68.2376561164856
-11.331127534018158,25.16011101951243,68.2376561164856
-11.331127534018158,25.16011101951243,68.2376561164856
-11.331127534018158,25.16011101951243,68.2376561164856
-11.331127534018158,25.16011101951243,68.2376561164856
-11.185758209139188,25.16234411930479,68.2376561164856
-11.185758209139188,25.16234411930479,68.2376561164856
-11.185758209139188,25.16234411930479,68.2376561164856
-11.185758209139188,25.16234411930479,68.2376561164856
-11.185758209139188,25.16234411930479,68.2376561164856
-11.185758209139188,25.16234411930479,68.2376561164856
-11.035627677570133,25.170405194038473,68.2376561164856
-11.035627677570133,25.170405194038473,68.2376561164856
-11.035627677570133,25.170405194038473,68.2376561164856
-11.035627677570133,25.170405194038473,68.2376561164856
-11.035627677570133,25.170405194038473,68.2376561164856
-11.035627677570133,25.170405194038473,68.2376561164856
-10.921464672484678,25.176305182825537,68.2376561164856
-10.921464672484678,25.176305182825537,68.2376561164856
-10.921464672484678,25.176305182825537,68.2376561164856
-10.921464672484678,25.176305182825537,68.2376561164856
-10.921464672484678,25.176305182825537,68.2376561164856
-10.921464672484678,25.176305182825537,68.2376561164856
-10.921464672484678,25.176305182825537,68.2376561164856
-10.921464672484678,25.176305182825537,68.2376561164856
-10.921464672484678,25.176305182825537,68.2376561164856
-10.636167107625552,25.16216969217136,68.2376561164856
-10.636167107625552,25.16216969217136,68.2376561164856
-10.636167107625552,25.16216969217136,68.2376561164856
-10.636167107625552,25.16216969217136,68.2376561164856
-10.636167107625552,25.16216969217136,68.2376561164856
-10.636167107625552,25.16216969217136,68.2376561164856
-10.314950908618977,25.162998536962235,68.2376561164856
-10.314950908618977,25.162998536962235,68.2376561164856
-10.314950908618977,25.162998536962235,68.2376561164856
-10.314950908618977,25.162998536962235,68.2376561164856
-10.314950908618977,25.162998536962235,68.2376561164856
-10.145468938064148,25.15894995492741,68.2376561164856
-10.145468938064148,25.15894995492741,68.2376561164856
-10.145468938064148,25.15894995492741,68.2376561164856
-10.145468938064148,25.15894995492741,68.2376561164856
-10.145468938064148,25.15894995492741,68.2376561164856
-10.145468938064148,25.15894995492741,68.2376561164856
-9.973640286691515,25.145783092690575,68.2376561164856
-9.973640286691515,25.145783092690575,68.2376561164856
-9.973640286691515,25.145783092690575,68.2376561164856
-9.973640286691515,25.145783092690575,68.2376561164856
-9.973640286691515,25.145783092690575,68.2376561164856
-9.973640286691515,25.145783092690575,68.2376561164856
-9.783313268280043,25.13101678135593,68.2376561164856
-9.783313268280043,25.13101678135593,68.2376561164856
-9.783313268280043,25.13101678135593,68.2376561164856
-9.783313268280043,25.13101678135593,68.2376561164856
-9.783313268280043,25.13101678135593,68.2376561164856
-9.783313268280043,25.13101678135593,68.2376561164856
-9.483938276939336,25.107910533361313,68.2376561164856
-9.483938276939336,25.107910533361313,68.2376561164856
-9.483938276939336,25.107910533361313,68.2376561164856
-9.483938276939336,25.107910533361313,68.2376561164856
-9.483938276939336,25.107910533361313,68.2376561164856
-9.287768785277134,25.091972112134492,68.2376561164856
-9.287768785277134,25.091972112134492,68.2376561164856
-9.287768785277134,25.091972112134492,68.2376561164856
-9.287768785277134,25.091972112134492,68.2376561164856
-9.287768785277134,25.091972112134492,68.2376561164856
-9.287768785277134,25.091972112134492,68.2376561164856
-9.287768785277134,25.091972112134492,68.2376561164856
-9.139376432624578,25.082893316036994,68.2376561164856
-9.139376432624578,25.082893316036994,68.2376561164856
-9.139376432624578,25.082893316036994,68.2376561164856
-9.139376432624578,25.082893316036994,68.2376561164856
-9.139376432624578,25.082893316036994,68.2376561164856
-9.139376432624578,25.082893316036994,68.2376561164856
-8.896247882482221,25.060155205008193,68.2376561164856
-8.896247882482221,25.060155205008193,68.2376561164856
-8.896247882482221,25.060155205008193,68.2376561164856
-8.896247882482221,25.060155205008193,68.2376561164856
-8.896247882482221,25.060155205008193,68.2376561164856
-8.896247882482221,25.060155205008193,68.2376561164856
-8.896247882482221,25.060155205008193,68.2376561164856
-8.896247882482221,25.060155205008193,68.2376561164856
-8.896247882482221,25.060155205008193,68.2376561164856
-8.760128806443522,25.048396759523946,68.2376561164856
-8.760128806443522,25.048396759523946,68.2376561164856
-8.760128806443522,25.048396759523946,68.2376561164856
-8.760128806443522,25.048396759523946,68.2376561164856
-8.760128806443522,25.048396759523946,68.2376561164856
-8.45406011709037,25.02493426519244,68.2376561164856
-8.45406011709037,25.02493426519244,68.2376561164856
-8.45406011709037,25.02493426519244,68.2376561164856
-8.45406011709037,25.02493426519244,68.2376561164856
-8.45406011709037,25.02493426519244,68.2376561164856
-8.45406011709037,25.02493426519244,68.2376561164856
-8.337399400681335,25.01389953373727,68.2376561164856
-8.337399400681335,25.01389953373727,68.2376561164856
-8.337399400681335,25.01389953373727,68.2376561164856
-8.337399400681335,25.01389953373727,68.2376561164856
-8.20348110922345,25.004884395008627,68.2376561164856
-8.20348110922345,25.004884395008627,68.2376561164856
-8.20348110922345,25.004884395008627,68.2376561164856
-8.20348110922345,25.004884395008627,68.2376561164856
-8.20348110922345,25.004884395008627,68.2376561164856
-7.996345058826926,24.996503177327767,68.2376561164856
-7.996345058826926,24.996503177327767,68.2376561164856
-7.996345058826926,24.996503177327767,68.2376561164856
-7.996345058826926,24.996503177327767,68.2376561164856
-7.996345058826926,24.996503177327767,68.2376561164856
-7.778100654160138,24.98608123713283,68.2376561164856
-7.778100654160138,24.98608123713283,68.2376561164856
-7.778100654160138,24.98608123713283,68.2376561164856
-7.778100654160138,24.98608123713283,68.2376561164856
-7.778100654160138,24.98608123713283,68.2376561164856
-7.778100654160138,24.98608123713283,68.2376561164856
-7.597399430772942,24.97150411713758,68.2376561164856
-7.597399430772942,24.97150411713758,68.2376561164856
-7.597399430772942,24.97150411713758,68.2376561164856
-7.597399430772942,24.97150411713758,68.2376561164856
-7.597399430772942,24.97150411713758,68.2376561164856
-7.597399430772942,24.97150411713758,68.2376561164856
-7.380167093044762,24.96871999392452,68.2376561164856
-7.380167093044762,24.96871999392452,68.2376561164856
-7.380167093044762,24.96871999392452,68.2376561164856
-7.380167093044762,24.96871999392452,68.2376561164856
-7.380167093044762,24.96871999392452,68.2376561164856
-7.380167093044762,24.96871999392452,68.2376561164856
-7.091480669619019,24.959294065798066,68.2376561164856
-7.091480669619019,24.959294065798066,68.2376561164856
-7.091480669619019,24.959294065798066,68.2376561164856
-7.091480669619019,24.959294065798066,68.2376561164856
-7.091480669619019,24.959294065798066,68.2376561164856
-7.091480669619019,24.959294065798066,68.2376561164856
-6.915899916893627,24.94711539496913,68.2376561164856
-6.915899916893627,24.94711539496913,68.2376561164856
-6.915899916893627,24.94711539496913,68.2376561164856
-6.915899916893627,24.94711539496913,68.2376561164856
-6.915899916893627,24.94711539496913,68.2376561164856
-6.915899916893627,24.94711539496913,68.2376561164856
-6.915899916893627,24.94711539496913,68.2376561164856
-6.648828237265558,24.93227664259587,68.2376561164856
-6.648828237265558,24.93227664259587,68.2376561164856
-6.648828237265558,24.93227664259587,68.2376561164856
-6.648828237265558,24.93227664259587,68.2376561164856
-6.648828237265558,24.93227664259587,68.2376561164856
-6.434008871003897,24.92287220087498,68.2376561164856
-6.434008871003897,24.92287220087498,68.2376561164856
-6.434008871003897,24.92287220087498,68.2376561164856
-6.434008871003897,24.92287220087498,68.2376561164856
-6.434008871003897,24.92287220087498,68.2376561164856
-6.277579054989134,24.909813466092707,68.2376561164856
-6.277579054989134,24.909813466092707,68.2376561164856
-6.277579054989134,24.909813466092707,68.2376561164856
-6.277579054989134,24.909813466092707,68.2376561164856
-6.150317526948651,24.904592070806032,68.2376561164856
-6.150317526948651,24.904592070806032,68.2376561164856
-6.150317526948651,24.904592070806032,68.2376561164856
-6.150317526948651,24.904592070806032,68.2376561164856
-6.150317526948651,24.904592070806032,68.2376561164856
-5.957068354013584,24.89728182668926,68.2376561164856
-5.957068354013584,24.89728182668926,68.2376561164856
-5.957068354013584,24.89728182668926,68.2376561164856
-5.957068354013584,24.89728182668926,68.2376561164856
-5.957068354013584,24.89728182668926,68.2376561164856
-5.8224705095187765,24.895537920501653,68.2376561164856
-5.8224705095187765,24.895537920501653,68.2376561164856
-5.8224705095187765,24.895537920501653,68.2376561164856
-5.8224705095187765,24.895537920501653,68.2376561164856
-5.8224705095187765,24.895537920501653,68.2376561164856
-5.671577627077962,24.893664766611227,68.2376561164856
-5.671577627077962,24.893664766611227,68.2376561164856
-5.671577627077962,24.893664766611227,68.2376561164856
-5.671577627077962,24.893664766611227,68.2376561164856
-5.671577627077962,24.893664766611227,68.2376561164856
-5.52177913394096,24.899344766383628,68.2376561164856
-5.52177913394096,24.899344766383628,68.2376561164856
-5.52177913394096,24.899344766383628,68.2376561164856
-5.52177913394096,24.899344766383628,68.2376561164856
-5.52177913394096,24.899344766383628,68.2376561164856
-5.384347098267453,24.900382327778445,68.2376561164856
-5.384347098267453,24.900382327778445,68.2376561164856
-5.384347098267453,24.900382327778445,68.2376561164856
-5.384347098267453,24.900382327778445,68.2376561164856
-5.384347098267453,24.900382327778445,68.2376561164856
-5.384347098267453,24.900382327778445,68.2376561164856
-5.1517354615322875,24.88271510496056,68.2376561164856
-5.1517354615322875,24.88271510496056,68.2376561164856
-5.1517354615322875,24.88271510496056,68.2376561164856
-5.1517354615322875,24.88271510496056,68.2376561164856
-5.1517354615322875,24.88271510496056,68.2376561164856
-5.058564983105193,24.885035578489585,68.2376561164856
-5.058564983105193,24.885035578489585,68.2376561164856
-5.058564983105193,24.885035578489585,68.2376561164856
-5.058564983105193,24.885035578489585,68.2376561164856
-5.058564983105193,24.885035578489585,68.2376561164856
-5.058564983105193,24.885035578489585,68.2376561164856
-4.901071196298863,24.88880601864778,68.2376561164856
-4.901071196298863,24.88880601864778,68.2376561164856
-4.901071196298863,24.88880601864778,68.2376561164856
-4.901071196298863,24.88880601864778,68.2376561164856
-4.64718559296305,24.8899567776023,68.2376561164856
-4.64718559296305,24.8899567776023,68.2376561164856
-4.64718559296305,24.8899567776023,68.2376561164856
-4.64718559296305,24.8899567776023,68.2376561164856
-4.64718559296305,24.8899567776023,68.2376561164856
-4.64718559296305,24.8899567776023,68.2376561164856
-4.420368797424047,24.89515962365956,68.2376561164856
-4.420368797424047,24.89515962365956,68.2376561164856
-4.420368797424047,24.89515962365956,68.2376561164856
-4.420368797424047,24.89515962365956,68.2376561164856
-4.420368797424047,24.89515962365956,68.2376561164856
-4.299554989596214,24.911461272354224,68.2376561164856
-4.299554989596214,24.911461272354224,68.2376561164856
-4.299554989596214,24.911461272354224,68.2376561164856
-4.299554989596214,24.911461272354224,68.2376561164856
-4.299554989596214,24.911461272354224,68.2376561164856
-4.299554989596214,24.911461272354224,68.2376561164856
-4.299554989596214,24.911461272354224,68.2376561164856
-4.149081290683281,24.916877530782667,68.2376561164856
-4.149081290683281,24.916877530782667,68.2376561164856
-4.149081290683281,24.916877530782667,68.2376561164856
-4.149081290683281,24.916877530782667,68.2376561164856
-4.149081290683281,24.916877530782667,68.2376561164856
-4.149081290683281,24.916877530782667,68.2376561164856
-3.994464886668787,24.92040890547204,68.2376561164856
-3.994464886668787,24.92040890547204,68.2376561164856
-3.994464886668787,24.92040890547204,68.2376561164856
-3.994464886668787,24.92040890547204,68.2376561164856
-3.994464886668787,24.92040890547204,68.2376561164856
-3.994464886668787,24.92040890547204,68.2376561164856
-3.801809452526082,24.93614097282282,68.2376561164856
-3.801809452526082,24.93614097282282,68.2376561164856
-3.801809452526082,24.93614097282282,68.2376561164856
-3.801809452526082,24.93614097282282,68.2376561164856
-3.801809452526082,24.93614097282282,68.2376561164856
-3.801809452526082,24.93614097282282,68.2376561164856
-3.801809452526082,24.93614097282282,68.2376561164856
-3.6369131467140807,24.955970240259894,68.2376561164856
-3.6369131467140807,24.955970240259894,68.2376561164856
-3.6369131467140807,24.955970240259894,68.2376561164856
-3.6369131467140807,24.955970240259894,68.2376561164856
-3.6369131467140807,24.955970240259894,68.2376561164856
-3.4189178251309693,24.981740976421992,68.2376561164856
-3.4189178251309693,24.981740976421992,68.2376561164856
-3.4189178251309693,24.981740976421992,68.2376561164856
-3.4189178251309693,24.981740976421992,68.2376561164856
-3.4189178251309693,24.981740976421992,68.2376561164856
-3.4189178251309693,24.981740976421992,68.2376561164856
-3.2467982465515246,24.99395794700706,68.2376561164856
-3.2467982465515246,24.99395794700706,68.2376561164856
-3.2467982465515246,24.99395794700706,68.2376561164856
-3.2467982465515246,24.99395794700706,68.2376561164856
-3.2467982465515246,24.99395794700706,68.2376561164856
-3.1030369050150837,24.999498245614543,68.2376561164856
-3.1030369050150837,24.999498245614543,68.2376561164856
-3.1030369050150837,24.999498245614543,68.2376561164856
-3.1030369050150837,24.999498245614543,68.2376561164856
-2.9668745158454284,25.004828329353632,68.2376561164856
-2.9668745158454284,25.004828329353632,68.2376561164856
-2.9668745158454284,25.004828329353632,68.2376561164856
-2.9668745158454284,25.004828329353632,68.2376561164856
-2.9668745158454284,25.004828329353632,68.2376561164856
-2.9668745158454284,25.004828329353632,68.2376561164856
-2.823938577165352,25.007028587290947,68.2376561164856
-2.823938577165352,25.007028587290947,68.2376561164856
-2.823938577165352,25.007028587290947,68.2376561164856
-2.823938577165352,25.007028587290947,68.2376561164856
-2.823938577165352,25.007028587290947,68.2376561164856
-2.666890624845258,25.018892182534536,68.2376561164856
-2.666890624845258,25.018892182534536,68.2376561164856
-2.666890624845258,25.018892182534536,68.2376561164856
-2.666890624845258,25.018892182534536,68.2376561164856
-2.666890624845258,25.018892182534536,68.2376561164856
-2.529756264008376,25.02471028604708,68.2376561164856
-2.529756264008376,25.02471028604708,68.2376561164856
-2.529756264008376,25.02471028604708,68.2376561164856
-2.529756264008376,25.02471028604708,68.2376561164856
-2.529756264008376,25.02471028604708,68.2376561164856
-2.529756264008376,25.02471028604708,68.2376561164856
-2.388636936822504,25.037219765514745,68.2376561164856
-2.388636936822504,25.037219765514745,68.2376561164856
-2.388636936822504,25.037219765514745,68.2376561164856
-2.388636936822504,25.037219765514745,68.2376561164856
-2.388636936822504,25.037219765514745,68.2376561164856
-2.388636936822504,25.037219765514745,68.2376561164856
-2.170364157403171,25.043187751850667,68.2376561164856
-2.170364157403171,25.043187751850667,68.2376561164856
-2.170364157403171,25.043187751850667,68.2376561164856
-2.170364157403171,25.043187751850667,68.2376561164856
-2.170364157403171,25.043187751850667,68.2376561164856
-2.0353757672081647,25.04943494627799,68.2376561164856
-2.0353757672081647,25.04943494627799,68.2376561164856
-2.0353757672081647,25.04943494627799,68.2376561164856
-2.0353757672081647,25.04943494627799,68.2376561164856
-2.0353757672081647,25.04943494627799,68.2376561164856
-2.0353757672081647,25.04943494627799,68.2376561164856
-2.0353757672081647,25.04943494627799,68.2376561164856
-1.9175413466633648,25.03918897133205,68.2376561164856
-1.9175413466633648,25.03918897133205,68.2376561164856
-1.9175413466633648,25.03918897133205,68.2376561164856
-1.9175413466633648,25.03918897133205,68.2376561164856
-1.9175413466633648,25.03918897133205,68.2376561164856
-1.9175413466633648,25.03918897133205,68.2376561164856
-1.712108339913143,25.041546813370537,68.2376561164856
-1.712108339913143,25.041546813370537,68.2376561164856
-1.712108339913143,25.041546813370537,68.2376561164856
-1.712108339913143,25.041546813370537,68.2376561164856
-1.712108339913143,25.041546813370537,68.2376561164856
-1.5495607515448901,25.043612307645997,68.2376561164856
-1.5495607515448901,25.043612307645997,68.2376561164856
-1.5495607515448901,25.043612307645997,68.2376561164856
-1.5495607515448901,25.043612307645997,68.2376561164856
-1.5495607515448901,25.043612307645997,68.2376561164856
-1.5495607515448901,25.043612307645997,68.2376561164856
-1.3870703518929521,25.05082475295753,68.2376561164856
-1.3870703518929521,25.05082475295753,68.2376561164856
-1.3870703518929521,25.05082475295753,68.2376561164856
-1.3870703518929521,25.05082475295753,68.2376561164856
-1.3870703518929521,25.05082475295753,68.2376561164856
-1.3870703518929521,25.05082475295753,68.2376561164856
-1.3870703518929521,25.05082475295753,68.2376561164856
-1.1757381483954301,25.066574570417473,68.2376561164856
-1.1757381483954301,25.066574570417473,68.2376561164856
-1.1757381483954301,25.066574570417473,68.2376561164856
-1.1757381483954301,25.066574570417473,68.2376561164856
-1.1757381483954301,25.066574570417473,68.2376561164856
-0.9393509271660021,25.074676537471955,68.2376561164856
-0.9393509271660021,25.074676537471955,68.2376561164856
-0.9393509271660021,25.074676537471955,68.2376561164856
-0.9393509271660021,25.074676537471955,68.2376561164856
-0.9393509271660021,25.074676537471955,68.2376561164856
-0.7570483177899058,25.0843584376262,68.2376561164856
-0.7570483177899058,25.0843584376262,68.2376561164856
-0.7570483177899058,25.0843584376262,68.2376561164856
-0.7570483177899058,25.0843584376262,68.2376561164856
-0.7570483177899058,25.0843584376262,68.2376561164856
-0.5962525648202734,25.087225459514087,68.2376561164856
-0.5962525648202734,25.087225459514087,68.2376561164856
-0.5962525648202734,25.087225459514087,68.2376561164856
-0.5962525648202734,25.087225459514087,68.2376561164856
-0.5962525648202734,25.087225459514087,68.2376561164856
-0.5962525648202734,25.087225459514087,68.2376561164856
-0.42024010628703345,25.09936321763025,68.2376561164856
-0.42024010628703345,25.09936321763025,68.2376561164856
-0.42024010628703345,25.09936321763025,68.2376561164856
-0.42024010628703345,25.09936321763025,68.2376561164856
-0.42024010628703345,25.09936321763025,68.2376561164856
-0.42024010628703345,25.09936321763025,68.2376561164856
-0.21967751092177074,25.109744341298743,68.2376561164856
-0.21967751092177074,25.109744341298743,68.2376561164856
-0.21967751092177074,25.109744341298743,68.2376561164856
-0.21967751092177074,25.109744341298743,68.2376561164856
-0.21967751092177074,25.109744341298743,68.2376561164856
-0.040502820053439206,25.111922087237787,68.2376561164856
-0.040502820053439206,25.111922087237787,68.2376561164856
-0.040502820053439206,25.111922087237787,68.2376561164856
-0.040502820053439206,25.111922087237787,68.2376561164856
-0.040502820053439206,25.111922087237787,68.2376561164856
0.12669633416042086,25.116760111299666,68.2376561164856
0.12669633416042086,25.116760111299666,68.2376561164856
0.12669633416042086,25.116760111299666,68.2376561164856
0.12669633416042086,25.116760111299666,68.2376561164856
0.12669633416042086,25.116760111299666,68.2376561164856
0.12669633416042086,25.116760111299666,68.2376561164856
0.35563582149520406,25.11920486756864,68.2376561164856
0.35563582149520406,25.11920486756864,68.2376561164856
0.35563582149520406,25.11920486756864,68.2376561164856
0.35563582149520406,25.11920486756864,68.2376561164856
0.35563582149520406,25.11920486756864,68.2376561164856
0.4535136673445822,25.119668032220233,68.2376561164856
0.4535136673445822,25.119668032220233,68.2376561164856
0.4535136673445822,25.119668032220233,68.2376561164856
0.4535136673445822,25.119668032220233,68.2376561164856
0.4535136673445822,25.119668032220233,68.2376561164856
0.5844613033485692,25.121878327832654,68.2376561164856
0.5844613033485692,25.121878327832654,68.2376561164856
0.5844613033485692,25.121878327832654,68.2376561164856
0.5844613033485692,25.121878327832654,68.2376561164856
0.5844613033485692,25.121878327832654,68.2376561164856
0.5844613033485692,25.121878327832654,68.2376561164856
0.7316474300459246,25.12443875918033,68.2376561164856
0.7316474300459246,25.12443875918033,68.2376561164856
0.7316474300459246,25.12443875918033,68.2376561164856
0.7316474300459246,25.12443875918033,68.2376561164856
0.7316474300459246,25.12443875918033,68.2376561164856
0.9141121747081128,25.12611565608653,68.2376561164856
0.9141121747081128,25.12611565608653,68.2376561164856
0.9141121747081128,25.12611565608653,68.2376561164856
0.9141121747081128,25.12611565608653,68.2376561164856
0.9141121747081128,25.12611565608653,68.2376561164856
1.0745633973443312,25.126786523274273,68.2376561164856
1.0745633973443312,25.126786523274273,68.2376561164856
1.0745633973443312,25.126786523274273,68.2376561164856
1.0745633973443312,25.126786523274273,68.2376561164856
1.0745633973443312,25.126786523274273,68.2376561164856
1.0745633973443312,25.126786523274273,68.2376561164856
1.2233145447718698,25.129874258989922,68.2376561164856
1.2233145447718698,25.129874258989922,68.2376561164856
1.2233145447718698,25.129874258989922,68.2376561164856
1.2233145447718698,25.129874258989922,68.2376561164856
1.2233145447718698,25.129874258989922,68.2376561164856
1.2233145447718698,25.129874258989922,68.2376561164856
1.43132417155496,25.1319688479381,68.2376561164856
1.43132417155496,25.1319688479381,68.2376561164856
1.43132417155496,25.1319688479381,68.2376561164856
1.43132417155496,25.1319688479381,68.2376561164856
1.43132417155496,25.1319688479381,68.2376561164856
1.552246603075442,25.124678402369433,68.2376561164856
1.552246603075442,25.124678402369433,68.2376561164856
1.552246603075442,25.124678402369433,68.2376561164856
1.552246603075442,25.124678402369433,68.2376561164856
1.552246603075442,25.124678402369433,68.2376561164856
1.552246603075442,25.124678402369433,68.2376561164856
1.6724513337765885,25.125214994020183,68.2376561164856
1.6724513337765885,25.125214994020183,68.2376561164856
1.6724513337765885,25.125214994020183,68.2376561164856
1.6724513337765885,25.125214994020183,68.2376561164856
1.6724513337765885,25.125214994020183,68.2376561164856
1.8063455202683047,25.129258832748597,68.2376561164856
1.8063455202683047,25.129258832748597,68.2376561164856
1.8063455202683047,25.129258832748597,68.2376561164856
1.8063455202683047,25.129258832748597,68.2376561164856
1.8063455202683047,25.129258832748597,68.2376561164856
1.9332655266845469,25.1331599185605,68.2376561164856
1.9332655266845469,25.1331599185605,68.2376561164856
1.9332655266845469,25.1331599185605,68.2376561164856
1.9332655266845469,25.1331599185605,68.2376561164856
1.9332655266845469,25.1331599185605,68.2376561164856
2.08862550398331,25.135631817479513,68.2376561164856
2.08862550398331,25.135631817479513,68.2376561164856
2.08862550398331,25.135631817479513,68.2376561164856
2.08862550398331,25.135631817479513,68.2376561164856
2.08862550398331,25.135631817479513,68.2376561164856
2.2670177003654843,25.14158995954235,68.2376561164856
2.2670177003654843,25.14158995954235,68.2376561164856
2.2670177003654843,25.14158995954235,68.2376561164856
2.2670177003654843,25.14158995954235,68.2376561164856
2.2670177003654843,25.14158995954235,68.2376561164856
2.422640816300267,25.14723110656953,68.2376561164856
2.422640816300267,25.14723110656953,68.2376561164856
2.422640816300267,25.14723110656953,68.2376561164856
2.422640816300267,25.14723110656953,68.2376561164856
2.422640816300267,25.14723110656953,68.2376561164856
2.422640816300267,25.14723110656953,68.2376561164856
2.541893101398345,25.155635640895692,68.2376561164856
2.541893101398345,25.155635640895692,68.2376561164856
2.541893101398345,25.155635640895692,68.2376561164856
2.541893101398345,25.155635640895692,68.2376561164856
2.541893101398345,25.155635640895692,68.2376561164856
2.7736627854728995,25.161200356457876,68.2376561164856
2.7736627854728995,25.161200356457876,68.2376561164856
2.7736627854728995,25.161200356457876,68.2376561164856
2.7736627854728995,25.161200356457876,68.2376561164856
2.7736627854728995,25.161200356457876,68.2376561164856
2.9111579599915327,25.162163285508115,68.2376561164856
2.9111579599915327,25.162163285508115,68.2376561164856
2.9111579599915327,25.162163285508115,68.2376561164856
2.9111579599915327,25.162163285508115,68.2376561164856
2.9111579599915327,25.162163285508115,68.2376561164856
3.0521936221581734,25.164386540444642,68.2376561164856
3.0521936221581734,25.164386540444642,68.2376561164856
3.0521936221581734,25.164386540444642,68.2376561164856
3.0521936221581734,25.164386540444642,68.2376561164856
3.0521936221581734,25.164386540444642,68.2376561164856
3.0521936221581734,25.164386540444642,68.2376561164856
3.217757440961303,25.172518864221658,68.2376561164856
3.217757440961303,25.172518864221658,68.2376561164856
3.217757440961303,25.172518864221658,68.2376561164856
3.217757440961303,25.172518864221658,68.2376561164856
3.217757440961303,25.172518864221658,68.2376561164856
3.3813699188784265,25.179170089811848,68.2376561164856
3.3813699188784265,25.179170089811848,68.2376561164856
3.3813699188784265,25.179170089811848,68.2376561164856
3.3813699188784265,25.179170089811848,68.2376561164856
3.3813699188784265,25.179170089811848,68.2376561164856
3.510469487486959,25.18173916234529,68.2376561164856
3.510469487486959,25.18173916234529,68.2376561164856
3.510469487486959,25.18173916234529,68.2376561164856
3.510469487486959,25.18173916234529,68.2376561164856
3.510469487486959,25.18173916234529,68.2376561164856
3.616391884129375,25.18439474580414,68.2376561164856
3.616391884129375,25.18439474580414,68.2376561164856
3.616391884129375,25.18439474580414,68.2376561164856
3.616391884129375,25.18439474580414,68.2376561164856
3.616391884129375,25.18439474580414,68.2376561164856
3.757353457071368,25.19554436101398,68.2376561164856
3.757353457071368,25.19554436101398,68.2376561164856
3.757353457071368,25.19554436101398,68.2376561164856
3.757353457071368,25.19554436101398,68.2376561164856
3.757353457071368,25.19554436101398,68.2376561164856
3.891522981864047,25.204540145243296,68.2376561164856
3.891522981864047,25.204540145243296,68.2376561164856
3.891522981864047,25.204540145243296,68.2376561164856
3.891522981864047,25.204540145243296,68.2376561164856
3.891522981864047,25.204540145243296,68.2376561164856
4.141346495338968,25.20382194166669,68.2376561164856
4.141346495338968,25.20382194166669,68.2376561164856
4.141346495338968,25.20382194166669,68.2376561164856
4.141346495338968,25.20382194166669,68.2376561164856
4.141346495338968,25.20382194166669,68.2376561164856
4.141346495338968,25.20382194166669,68.2376561164856
4.28485476611602,25.203139504579664,68.2376561164856
4.28485476611602,25.203139504579664,68.2376561164856
4.28485476611602,25.203139504579664,68.2376561164856
4.28485476611602,25.203139504579664,68.2376561164856
4.3151996494657965,25.203278299143424,68.2376561164856
4.3151996494657965,25.203278299143424,68.2376561164856
4.3151996494657965,25.203278299143424,68.2376561164856
4.3151996494657965,25.203278299143424,68.2376561164856
4.3151996494657965,25.203278299143424,68.2376561164856
4.3151996494657965,25.203278299143424,68.2376561164856
4.496552237239891,25.206255447803322,68.2376561164856
4.496552237239891,25.206255447803322,68.2376561164856
4.496552237239891,25.206255447803322,68.2376561164856
4.496552237239891,25.206255447803322,68.2376561164856
4.496552237239891,25.206255447803322,68.2376561164856
4.496552237239891,25.206255447803322,68.2376561164856
4.631239963722747,25.213944302335946,68.2376561164856
4.631239963722747,25.213944302335946,68.2376561164856
4.631239963722747,25.213944302335946,68.2376561164856
4.631239963722747,25.213944302335946,68.2376561164856
4.631239963722747,25.213944302335946,68.2376561164856
4.836062951731743,25.220896073394584,68.2376561164856
4.836062951731743,25.220896073394584,68.2376561164856
4.836062951731743,25.220896073394584,68.2376561164856
4.836062951731743,25.220896073394584,68.2376561164856
4.836062951731743,25.220896073394584,68.2376561164856
4.995429362975745,25.224994471950733,68.2376561164856
4.995429362975745,25.224994471950733,68.2376561164856
4.995429362975745,25.224994471950733,68.2376561164856
4.995429362975745,25.224994471950733,68.2376561164856
4.995429362975745,25.224994471950733,68.2376561164856
5.129730185120068,25.227912708521373,68.2376561164856
5.129730185120068,25.227912708521373,68.2376561164856
5.129730185120068,25.227912708521373,68.2376561164856
5.129730185120068,25.227912708521373,68.2376561164856
5.129730185120068,25.227912708521373,68.2376561164856
5.262680129861422,25.231181701730296,68.2376561164856
5.262680129861422,25.231181701730296,68.2376561164856
5.262680129861422,25.231181701730296,68.2376561164856
5.262680129861422,25.231181701730296,68.2376561164856
5.262680129861422,25.231181701730296,68.2376561164856
5.395789254445702,25.23297411804021,68.2376561164856
5.395789254445702,25.23297411804021,68.2376561164856
5.395789254445702,25.23297411804021,68.2376561164856
5.395789254445702,25.23297411804021,68.2376561164856
5.395789254445702,25.23297411804021,68.2376561164856
5.550446350426179,25.23781337826858,68.2376561164856
5.550446350426179,25.23781337826858,68.2376561164856
5.550446350426179,25.23781337826858,68.2376561164856
5.550446350426179,25.23781337826858,68.2376561164856
5.550446350426179,25.23781337826858,68.2376561164856
5.714593313865443,25.241928049018895,68.2376561164856
5.714593313865443,25.241928049018895,68.2376561164856
5.714593313865443,25.241928049018895,68.2376561164856
5.714593313865443,25.241928049018895,68.2376561164856
5.714593313865443,25.241928049018895,68.2376561164856
5.872949554547085,25.242062405127534,68.2376561164856
5.872949554547085,25.242062405127534,68.2376561164856
5.872949554547085,25.242062405127534,68.2376561164856
5.872949554547085,25.242062405127534,68.2376561164856
5.872949554547085,25.242062405127534,68.2376561164856
5.872949554547085,25.242062405127534,68.2376561164856
6.020817523723123,25.240508256835227,68.2376561164856
6.020817523723123,25.240508256835227,68.2376561164856
6.020817523723123,25.240508256835227,68.2376561164856
6.020817523723123,25.240508256835227,68.2376561164856
6.020817523723123,25.240508256835227,68.2376561164856
6.151817691111755,25.245211762245233,68.2376561164856
6.151817691111755,25.245211762245233,68.2376561164856
6.151817691111755,25.245211762245233,68.2376561164856
6.151817691111755,25.245211762245233,68.2376561164856
6.26988837201047,25.250052261103075,68.2376561164856
6.26988837201047,25.250052261103075,68.2376561164856
6.26988837201047,25.250052261103075,68.2376561164856
6.26988837201047,25.250052261103075,68.2376561164856
6.26988837201047,25.250052261103075,68.2376561164856
6.405819229612681,25.25212431228798,68.2376561164856
6.405819229612681,25.25212431228798,68.2376561164856
6.405819229612681,25.25212431228798,68.2376561164856
6.405819229612681,25.25212431228798,68.2376561164856
6.405819229612681,25.25212431228798,68.2376561164856
6.571958304517994,25.25853797191655,68.2376561164856
6.571958304517994,25.25853797191655,68.2376561164856
6.571958304517994,25.25853797191655,68.2376561164856
6.571958304517994,25.25853797191655,68.2376561164856
6.571958304517994,25.25853797191655,68.2376561164856
6.571958304517994,25.25853797191655,68.2376561164856
6.71139133124258,25.267037395615578,68.2376561164856
6.71139133124258,25.267037395615578,68.2376561164856
6.71139133124258,25.267037395615578,68.2376561164856
6.71139133124258,25.267037395615578,68.2376561164856
6.71139133124258,25.267037395615578,68.2376561164856
6.881194201835131,25.27275056153398,68.2376561164856
6.881194201835131,25.27275056153398,68.2376561164856
6.881194201835131,25.27275056153398,68.2376561164856
6.881194201835131,25.27275056153398,68.2376561164856
6.881194201835131,25.27275056153398,68.2376561164856
7.007424025671167,25.279952909646543,68.2376561164856
7.007424025671167,25.279952909646543,68.2376561164856
7.007424025671167,25.279952909646543,68.2376561164856
7.007424025671167,25.279952909646543,68.2376561164856
7.007424025671167,25.279952909646543,68.2376561164856
7.139615060064498,25.284398584782583,68.2376561164856
7.139615060064498,25.284398584782583,68.2376561164856
7.139615060064498,25.284398584782583,68.2376561164856
7.139615060064498,25.284398584782583,68.2376561164856
7.139615060064498,25.284398584782583,68.2376561164856
7.255153874486464,25.284495359795798,68.2376561164856
7.255153874486464,25.284495359795798,68.2376561164856
7.255153874486464,25.284495359795798,68.2376561164856
7.255153874486464,25.284495359795798,68.2376561164856
7.255153874486464,25.284495359795798,68.2376561164856
7.390995442861628,25.277349742432293,68.2376561164856
7.390995442861628,25.277349742432293,68.2376561164856
7.390995442861628,25.277349742432293,68.2376561164856
7.390995442861628,25.277349742432293,68.2376561164856
7.390995442861628,25.277349742432293,68.2376561164856
7.390995442861628,25.277349742432293,68.2376561164856
7.549094446712207,25.274313614774215,68.2376561164856
7.549094446712207,25.274313614774215,68.2376561164856
7.549094446712207,25.274313614774215,68.2376561164856
7.549094446712207,25.274313614774215,68.2376561164856
7.549094446712207,25.274313614774215,68.2376561164856
7.8074831029067955,25.269279502251837,68.2376561164856
7.8074831029067955,25.269279502251837,68.2376561164856
7.8074831029067955,25.269279502251837,68.2376561164856
7.8074831029067955,25.269279502251837,68.2376561164856
7.8074831029067955,25.269279502251837,68.2376561164856
7.987504024117644,25.27065945612479,68.2376561164856
7.987504024117644,25.27065945612479,68.2376561164856
7.987504024117644,25.27065945612479,68.2376561164856
7.987504024117644,25.27065945612479,68.2376561164856
7.987504024117644,25.27065945612479,68.2376561164856
8.14143229307909,25.269327398122606,68.2376561164856
8.14143229307909,25.269327398122606,68.2376561164856
8.14143229307909,25.269327398122606,68.2376561164856
8.14143229307909,25.269327398122606,68.2376561164856
8.14143229307909,25.269327398122606,68.2376561164856
8.14143229307909,25.269327398122606,68.2376561164856
8.285885517621129,25.276707161849178,68.2376561164856
8.285885517621129,25.276707161849178,68.2376561164856
8.285885517621129,25.276707161849178,68.2376561164856
8.285885517621129,25.276707161849178,68.2376561164856
8.285885517621129,25.276707161849178,68.2376561164856
8.41010295410073,25.280847317630514,68.2376561164856
8.41010295410073,25.280847317630514,68.2376561164856
8.41010295410073,25.280847317630514,68.2376561164856
8.41010295410073,25.280847317630514,68.2376561164856
8.41010295410073,25.280847317630514,68.2376561164856
8.54525640533651,25.284807001086627,68.2376561164856
8.54525640533651,25.284807001086627,68.2376561164856
8.54525640533651,25.284807001086627,68.2376561164856
8.54525640533651,25.284807001086627,68.2376561164856
8.54525640533651,25.284807001086627,68.2376561164856
8.68429705092727,25.29367471618461,68.2376561164856
8.68429705092727,25.29367471618461,68.2376561164856
8.68429705092727,25.29367471618461,68.2376561164856
8.68429705092727,25.29367471618461,68.2376561164856
8.68429705092727,25.29367471618461,68.2376561164856
8.808000877292656,25.3012638805696,68.2376561164856
8.808000877292656,25.3012638805696,68.2376561164856
8.808000877292656,25.3012638805696,68.2376561164856
8.808000877292656,25.3012638805696,68.2376561164856
8.808000877292656,25.3012638805696,68.2376561164856
8.940022358207498,25.305839218140896,68.2376561164856
8.940022358207498,25.305839218140896,68.2376561164856
8.940022358207498,25.305839218140896,68.2376561164856
8.940022358207498,25.305839218140896,68.2376561164856
8.940022358207498,25.305839218140896,68.2376561164856
8.940022358207498,25.305839218140896,68.2376561164856
9.060797852361855,25.307189650332727,68.2376561164856
9.060797852361855,25.307189650332727,68.2376561164856
9.060797852361855,25.307189650332727,68.2376561164856
9.060797852361855,25.307189650332727,68.2376561164856
9.060797852361855,25.307189650332727,68.2376561164856
9.303220472114859,25.313863346520886,68.2376561164856
9.303220472114859,25.313863346520886,68.2376561164856
9.303220472114859,25.313863346520886,68.2376561164856
9.303220472114859,25.313863346520886,68.2376561164856
9.303220472114859,25.313863346520886,68.2376561164856
9.459569045132898,25.316971886684303,68.2376561164856
9.459569045132898,25.316971886684303,68.2376561164856
9.459569045132898,25.316971886684303,68.2376561164856
9.459569045132898,25.316971886684303,68.2376561164856
9.459569045132898,25.316971886684303,68.2376561164856
9.459569045132898,25.316971886684303,68.2376561164856
9.603108987026108,25.31555537674715,68.2376561164856
9.603108987026108,25.31555537674715,68.2376561164856
9.603108987026108,25.31555537674715,68.2376561164856
9.603108987026108,25.31555537674715,68.2376561164856
9.603108987026108,25.31555537674715,68.2376561164856
9.714729105660936,25.31435934711562,68.2376561164856
9.714729105660936,25.31435934711562,68.2376561164856
9.714729105660936,25.31435934711562,68.2376561164856
9.714729105660936,25.31435934711562,68.2376561164856
9.714729105660936,25.31435934711562,68.2376561164856
9.86831881457298,25.312833757722405,68.2376561164856
9.86831881457298,25.312833757722405,68.2376561164856
9.86831881457298,25.312833757722405,68.2376561164856
9.86831881457298,25.312833757722405,68.2376561164856
9.86831881457298,25.312833757722405,68.2376561164856
9.86831881457298,25.312833757722405,68.2376561164856
10.0039917064157,25.312071312808445,68.2376561164856
10.0039917064157,25.312071312808445,68.2376561164856
10.0039917064157,25.312071312808445,68.2376561164856
10.0039917064157,25.312071312808445,68.2376561164856
10.0039917064157,25.312071312808445,68.2376561164856
10.0039917064157,25.312071312808445,68.2376561164856
10.136210678112711,25.317274612154737,68.2376561164856
10.136210678112711,25.317274612154737,68.2376561164856
10.136210678112711,25.317274612154737,68.2376561164856
10.136210678112711,25.317274612154737,68.2376561164856
10.136210678112711,25.317274612154737,68.2376561164856
10.136210678112711,25.317274612154737,68.2376561164856
10.319607394423546,25.319874893240215,68.2376561164856
10.319607394423546,25.319874893240215,68.2376561164856
10.319607394423546,25.319874893240215,68.2376561164856
10.319607394423546,25.319874893240215,68.2376561164856
10.319607394423546,25.319874893240215,68.2376561164856
10.433926908714586,25.322057170843507,68.2376561164856
10.433926908714586,25.322057170843507,68.2376561164856
10.433926908714586,25.322057170843507,68.2376561164856
10.433926908714586,25.322057170843507,68.2376561164856
10.433926908714586,25.322057170843507,68.2376561164856
10.433926908714586,25.322057170843507,68.2376561164856
10.555843265257494,25.323980729143685,68.2376561164856
10.555843265257494,25.323980729143685,68.2376561164856
10.555843265257494,25.323980729143685,68.2376561164856
10.555843265257494,25.323980729143685,68.2376561164856
10.555843265257494,25.323980729143685,68.2376561164856
10.721867989474463,25.326722985041673,68.2376561164856
10.721867989474463,25.326722985041673,68.2376561164856
10.721867989474463,25.326722985041673,68.2376561164856
10.721867989474463,25.326722985041673,68.2376561164856
10.721867989474463,25.326722985041673,68.2376561164856
10.877152377910292,25.33404371444392,68.2376561164856
10.877152377910292,25.33404371444392,68.2376561164856
10.877152377910292,25.33404371444392,68.2376561164856
10.877152377910292,25.33404371444392,68.2376561164856
10.877152377910292,25.33404371444392,68.2376561164856
11.009665185006652,25.339891045701012,68.2376561164856
11.009665185006652,25.339891045701012,68.2376561164856
11.009665185006652,25.339891045701012,68.2376561164856
11.009665185006652,25.339891045701012,68.2376561164856
11.009665185006652,25.339891045701012,68.2376561164856
11.128021070097125,25.34200611319197,68.2376561164856
11.128021070097125,25.34200611319197,68.2376561164856
11.128021070097125,25.34200611319197,68.2376561164856
11.128021070097125,25.34200611319197,68.2376561164856
11.128021070097125,25.34200611319197,68.2376561164856
11.254081190475922,25.346770189879916,68.2376561164856
11.254081190475922,25.346770189879916,68.2376561164856
11.254081190475922,25.346770189879916,68.2376561164856
11.254081190475922,25.346770189879916,68.2376561164856
11.254081190475922,25.346770189879916,68.2376561164856
11.387942841090354,25.350118009836443,68.2376561164856
11.387942841090354,25.350118009836443,68.2376561164856
11.387942841090354,25.350118009836443,68.2376561164856
11.387942841090354,25.350118009836443,68.2376561164856
11.387942841090354,25.350118009836443,68.2376561164856
11.516249039591623,25.35458171319989,68.2376561164856
11.516249039591623,25.35458171319989,68.2376561164856
11.516249039591623,25.35458171319989,68.2376561164856
11.516249039591623,25.35458171319989,68.2376561164856
11.516249039591623,25.35458171319989,68.2376561164856
11.65510137827982,25.366413598728233,68.2376561164856
11.65510137827982,25.366413598728233,68.2376561164856
11.65510137827982,25.366413598728233,68.2376561164856
11.65510137827982,25.366413598728233,68.2376561164856
11.65510137827982,25.366413598728233,68.2376561164856
11.808456994379505,25.376654352389775,68.2376561164856
11.808456994379505,25.376654352389775,68.2376561164856
11.808456994379505,25.376654352389775,68.2376561164856
11.808456994379505,25.376654352389775,68.2376561164856
11.808456994379505,25.376654352389775,68.2376561164856
11.952552123921656,25.38614536903961,68.2376561164856
11.952552123921656,25.38614536903961,68.2376561164856
11.952552123921656,25.38614536903961,68.2376561164856
11.952552123921656,25.38614536903961,68.2376561164856
11.952552123921656,25.38614536903961,68.2376561164856
12.10726458528083,25.39396841798676,68.2376561164856
12.10726458528083,25.39396841798676,68.2376561164856
12.10726458528083,25.39396841798676,68.2376561164856
12.10726458528083,25.39396841798676,68.2376561164856
12.10726458528083,25.39396841798676,68.2376561164856
12.2550586804559,25.397540603363176,68.2376561164856
12.2550586804559,25.397540603363176,68.2376561164856
12.2550586804559,25.397540603363176,68.2376561164856
12.2550586804559,25.397540603363176,68.2376561164856
12.2550586804559,25.397540603363176,68.2376561164856
12.2550586804559,25.397540603363176,68.2376561164856
12.402651639913026,25.407472829529656,68.2376561164856
12.402651639913026,25.407472829529656,68.2376561164856
12.402651639913026,25.407472829529656,68.2376561164856
12.402651639913026,25.407472829529656,68.2376561164856
12.402651639913026,25.407472829529656,68.2376561164856
12.532655651637238,25.40622694867716,68.2376561164856
12.532655651637238,25.40622694867716,68.2376561164856
12.532655651637238,25.40622694867716,68.2376561164856
12.532655651637238,25.40622694867716,68.2376561164856
12.532655651637238,25.40622694867716,68.2376561164856
12.678438703310615,25.410404134189804,68.2376561164856
12.678438703310615,25.410404134189804,68.2376561164856
12.678438703310615,25.410404134189804,68.2376561164856
12.678438703310615,25.410404134189804,68.2376561164856
12.678438703310615,25.410404134189804,68.2376561164856
12.678438703310615,25.410404134189804,68.2376561164856
12.80938689018348,25.41620505713195,68.2376561164856
12.80938689018348,25.41620505713195,68.2376561164856
12.80938689018348,25.41620505713195,68.2376561164856
12.80938689018348,25.41620505713195,68.2376561164856
12.80938689018348,25.41620505713195,68.2376561164856
12.93992847253258,25.416357322218868,68.2376561164856
12.93992847253258,25.416357322218868,68.2376561164856
12.93992847253258,25.416357322218868,68.2376561164856
12.93992847253258,25.416357322218868,68.2376561164856
12.93992847253258,25.416357322218868,68.2376561164856
13.141069166604524,25.421940322455693,68.2376561164856
13.141069166604524,25.421940322455693,68.2376561164856
13.141069166604524,25.421940322455693,68.2376561164856
13.141069166604524,25.421940322455693,68.2376561164856
13.141069166604524,25.421940322455693,68.2376561164856
13.141069166604524,25.421940322455693,68.2376561164856
13.271801545214553,25.429539045699272,68.2376561164856
13.271801545214553,25.429539045699272,68.2376561164856
13.271801545214553,25.429539045699272,68.2376561164856
13.271801545214553,25.429539045699272,68.2376561164856
13.271801545214553,25.429539045699272,68.2376561164856
13.271801545214553,25.429539045699272,68.2376561164856
13.41287818037815,25.43381787631108,68.2376561164856
13.41287818037815,25.43381787631108,68.2376561164856
13.41287818037815,25.43381787631108,68.2376561164856
13.41287818037815,25.43381787631108,68.2376561164856
13.41287818037815,25.43381787631108,68.2376561164856
13.557992437457385,25.442885073367616,68.2376561164856
13.557992437457385,25.442885073367616,68.2376561164856
13.557992437457385,25.442885073367616,68.2376561164856
13.557992437457385,25.442885073367616,68.2376561164856
13.695153580950196,25.45126734542607,68.2376561164856
13.695153580950196,25.45126734542607,68.2376561164856
13.695153580950196,25.45126734542607,68.2376561164856
13.695153580950196,25.45126734542607,68.2376561164856
13.695153580950196,25.45126734542607,68.2376561164856
13.816079801865394,25.455908426924136,68.2376561164856
13.816079801865394,25.455908426924136,68.2376561164856
13.816079801865394,25.455908426924136,68.2376561164856
13.816079801865394,25.455908426924136,68.2376561164856
13.816079801865394,25.455908426924136,68.2376561164856
13.816079801865394,25.455908426924136,68.2376561164856
13.816079801865394,25.455908426924136,68.2376561164856
13.955985844217151,25.461473806864785,68.2376561164856
13.955985844217151,25.461473806864785,68.2376561164856
13.955985844217151,25.461473806864785,68.2376561164856
13.955985844217151,25.461473806864785,68.2376561164856
13.955985844217151,25.461473806864785,68.2376561164856
13.955985844217151,25.461473806864785,68.2376561164856
14.142867664033778,25.473306893295,68.2376561164856
14.142867664033778,25.473306893295,68.2376561164856
14.142867664033778,25.473306893295,68.2376561164856
14.142867664033778,25.473306893295,68.2376561164856
14.142867664033778,25.473306893295,68.2376561164856
14.142867664033778,25.473306893295,68.2376561164856
14.277215943368214,25.48437583764421,68.2376561164856
14.277215943368214,25.48437583764421,68.2376561164856
14.277215943368214,25.48437583764421,68.2376561164856
14.277215943368214,25.48437583764421,68.2376561164856
14.277215943368214,25.48437583764421,68.2376561164856
14.426192874367137,25.492270839519424,68.2376561164856
14.426192874367137,25.492270839519424,68.2376561164856
14.426192874367137,25.492270839519424,68.2376561164856
14.426192874367137,25.492270839519424,68.2376561164856
14.426192874367137,25.492270839519424,68.2376561164856
14.551691966868432,25.49862303329941,68.2376561164856
14.551691966868432,25.49862303329941,68.2376561164856
14.551691966868432,25.49862303329941,68.2376561164856
14.551691966868432,25.49862303329941,68.2376561164856
14.551691966868432,25.49862303329941,68.2376561164856
14.714919383768821,25.505241132187304,68.2376561164856
14.714919383768821,25.505241132187304,68.2376561164856
14.714919383768821,25.505241132187304,68.2376561164856
14.714919383768821,25.505241132187304,68.2376561164856
14.714919383768821,25.505241132187304,68.2376561164856
14.845972714312568,25.514281556422823,68.2376561164856
14.845972714312568,25.514281556422823,68.2376561164856
14.845972714312568,25.514281556422823,68.2376561164856
14.845972714312568,25.514281556422823,68.2376561164856
14.845972714312568,25.514281556422823,68.2376561164856
15.067193266204107,25.51771024016846,68.2376561164856
15.067193266204107,25.51771024016846,68.2376561164856
15.067193266204107,25.51771024016846,68.2376561164856
15.067193266204107,25.51771024016846,68.2376561164856
15.067193266204107,25.51771024016846,68.2376561164856
15.067193266204107,25.51771024016846,68.2376561164856
15.221220450483337,25.52031722750732,68.2376561164856
15.221220450483337,25.52031722750732,68.2376561164856
15.221220450483337,25.52031722750732,68.2376561164856
15.221220450483337,25.52031722750732,68.2376561164856
15.221220450483337,25.52031722750732,68.2376561164856
15.363763382792314,25.521177407659163,68.2376561164856
15.363763382792314,25.521177407659163,68.2376561164856
15.363763382792314,25.521177407659163,68.2376561164856
15.363763382792314,25.521177407659163,68.2376561164856
15.363763382792314,25.521177407659163,68.2376561164856
15.515139037433858,25.51916817581265,68.2376561164856
15.515139037433858,25.51916817581265,68.2376561164856
15.515139037433858,25.51916817581265,68.2376561164856
15.515139037433858,25.51916817581265,68.2376561164856
15.515139037433858,25.51916817581265,68.2376561164856
15.515139037433858,25.51916817581265,68.2376561164856
15.663256599311403,25.52125124218516,68.2376561164856
15.663256599311403,25.52125124218516,68.2376561164856
15.663256599311403,25.52125124218516,68.2376561164856
15.663256599311403,25.52125124218516,68.2376561164856
15.663256599311403,25.52125124218516,68.2376561164856
15.800479087015585,25.520723659910704,68.2376561164856
15.800479087015585,25.520723659910704,68.2376561164856
15.800479087015585,25.520723659910704,68.2376561164856
15.800479087015585,25.520723659910704,68.2376561164856
15.800479087015585,25.520723659910704,68.2376561164856
15.988225047007004,25.510692945096647,68.2376561164856
15.988225047007004,25.510692945096647,68.2376561164856
15.988225047007004,25.510692945096647,68.2376561164856
15.988225047007004,25.510692945096647,68.2376561164856
15.988225047007004,25.510692945096647,68.2376561164856
15.988225047007004,25.510692945096647,68.2376561164856
16.164525921862484,25.502267572940703,68.2376561164856
16.164525921862484,25.502267572940703,68.2376561164856
16.164525921862484,25.502267572940703,68.2376561164856
16.164525921862484,25.502267572940703,68.2376561164856
16.164525921862484,25.502267572940703,68.2376561164856
16.36056656893045,25.48481148397928,68.2376561164856
16.36056656893045,25.48481148397928,68.2376561164856
16.36056656893045,25.48481148397928,68.2376561164856
16.36056656893045,25.48481148397928,68.2376561164856
16.36056656893045,25.48481148397928,68.2376561164856
16.36056656893045,25.48481148397928,68.2376561164856
16.488054395658004,25.468934394298277,68.2376561164856
16.488054395658004,25.468934394298277,68.2376561164856
16.488054395658004,25.468934394298277,68.2376561164856
16.488054395658004,25.468934394298277,68.2376561164856
16.488054395658004,25.468934394298277,68.2376561164856
16.605141686741913,25.453387428524483,68.2376561164856
16.605141686741913,25.453387428524483,68.2376561164856
16.605141686741913,25.453387428524483,68.2376561164856
16.605141686741913,25.453387428524483,68.2376561164856
16.605141686741913,25.453387428524483,68.2376561164856
16.605141686741913,25.453387428524483,68.2376561164856
16.72270762308975,25.435594930908742,68.2376561164856
16.72270762308975,25.435594930908742,68.2376561164856
16.72270762308975,25.435594930908742,68.2376561164856
16.72270762308975,25.435594930908742,68.2376561164856
16.839259815086677,25.41074174809194,68.2376561164856
16.839259815086677,25.41074174809194,68.2376561164856
16.839259815086677,25.41074174809194,68.2376561164856
16.839259815086677,25.41074174809194,68.2376561164856
16.839259815086677,25.41074174809194,68.2376561164856
16.839259815086677,25.41074174809194,68.2376561164856
16.94121925312323,25.382151389722694,68.2376561164856
16.94121925312323,25.382151389722694,68.2376561164856
16.94121925312323,25.382151389722694,68.2376561164856
16.94121925312323,25.382151389722694,68.2376561164856
16.94121925312323,25.382151389722694,68.2376561164856
17.07404846264502,25.347890993501395,68.2376561164856
17.07404846264502,25.347890993501395,68.2376561164856
17.07404846264502,25.347890993501395,68.2376561164856
17.07404846264502,25.347890993501395,68.2376561164856
17.07404846264502,25.347890993501395,68.2376561164856
17.168625454051302,25.310462931163453,68.2376561164856
17.168625454051302,25.310462931163453,68.2376561164856
17.168625454051302,25.310462931163453,68.2376561164856
17.168625454051302,25.310462931163453,68.2376561164856
17.168625454051302,25.310462931163453,68.2376561164856
17.28371488866875,25.26877328966381,68.2376561164856
17.28371488866875,25.26877328966381,68.2376561164856
17.28371488866875,25.26877328966381,68.2376561164856
17.28371488866875,25.26877328966381,68.2376561164856
17.28371488866875,25.26877328966381,68.2376561164856
17.381505491092245,25.224555596331886,68.2376561164856
17.381505491092245,25.224555596331886,68.2376561164856
17.381505491092245,25.224555596331886,68.2376561164856
17.381505491092245,25.224555596331886,68.2376561164856
17.381505491092245,25.224555596331886,68.2376561164856
17.527790634171218,25.16079771658344,68.2376561164856
17.527790634171218,25.16079771658344,68.2376561164856
17.527790634171218,25.16079771658344,68.2376561164856
17.527790634171218,25.16079771658344,68.2376561164856
17.527790634171218,25.16079771658344,68.2376561164856
17.527790634171218,25.16079771658344,68.2376561164856
17.583906669153908,25.12826700133359,68.2376561164856
17.583906669153908,25.12826700133359,68.2376561164856
17.583906669153908,25.12826700133359,68.2376561164856
17.583906669153908,25.12826700133359,68.2376561164856
17.583906669153908,25.12826700133359,68.2376561164856
17.754452787706562,25.044488001740966,68.2376561164856
17.754452787706562,25.044488001740966,68.2376561164856
17.754452787706562,25.044488001740966,68.2376561164856
17.754452787706562,25.044488001740966,68.2376561164856
17.754452787706562,25.044488001740966,68.2376561164856
17.754452787706562,25.044488001740966,68.2376561164856
17.903416466156127,24.979413049165125,68.2376561164856
17.903416466156127,24.979413049165125,68.2376561164856
17.903416466156127,24.979413049165125,68.2376561164856
17.903416466156127,24.979413049165125,68.2376561164856
17.903416466156127,24.979413049165125,68.2376561164856
18.015369569508756,24.92029206029959,68.2376561164856
18.015369569508756,24.92029206029959,68.2376561164856
18.015369569508756,24.92029206029959,68.2376561164856
18.015369569508756,24.92029206029959,68.2376561164856
18.015369569508756,24.92029206029959,68.2376561164856
18.134557284018445,24.85626373106668,68.2376561164856
18.134557284018445,24.85626373106668,68.2376561164856
18.134557284018445,24.85626373106668,68.2376561164856
18.134557284018445,24.85626373106668,68.2376561164856
18.134557284018445,24.85626373106668,68.2376561164856
18.134557284018445,24.85626373106668,68.2376561164856
18.23735650777024,24.799122783545478,68.2376561164856
18.23735650777024,24.799122783545478,68.2376561164856
18.23735650777024,24.799122783545478,68.2376561164856
18.23735650777024,24.799122783545478,68.2376561164856
18.23735650777024,24.799122783545478,68.2376561164856
18.23735650777024,24.799122783545478,68.2376561164856
18.39452114664597,24.7079317043774,68.2376561164856
18.39452114664597,24.7079317043774,68.2376561164856
18.39452114664597,24.7079317043774,68.2376561164856
18.39452114664597,24.7079317043774,68.2376561164856
18.39452114664597,24.7079317043774,68.2376561164856
18.522165216607974,24.643731330023865,68.2376561164856
18.522165216607974,24.643731330023865,68.2376561164856
18.522165216607974,24.643731330023865,68.2376561164856
18.522165216607974,24.643731330023865,68.2376561164856
18.522165216607974,24.643731330023865,68.2376561164856
18.642878963821175,24.570382072509627,68.2376561164856
18.642878963821175,24.570382072509627,68.2376561164856
18.642878963821175,24.570382072509627,68.2376561164856
18.642878963821175,24.570382072509627,68.2376561164856
18.642878963821175,24.570382072509627,68.2376561164856
18.642878963821175,24.570382072509627,68.2376561164856
18.74287948055276,24.50861312969719,68.2376561164856
18.74287948055276,24.50861312969719,68.2376561164856
18.74287948055276,24.50861312969719,68.2376561164856
18.74287948055276,24.50861312969719,68.2376561164856
18.74287948055276,24.50861312969719,68.2376561164856
18.74287948055276,24.50861312969719,68.2376561164856
18.83879687553484,24.43311733957133,68.2376561164856
18.83879687553484,24.43311733957133,68.2376561164856
18.83879687553484,24.43311733957133,68.2376561164856
18.83879687553484,24.43311733957133,68.2376561164856
18.83879687553484,24.43311733957133,68.2376561164856
18.83879687553484,24.43311733957133,68.2376561164856
18.83879687553484,24.43311733957133,68.2376561164856
18.994143459588553,24.31914141682474,68.2376561164856
18.994143459588553,24.31914141682474,68.2376561164856
18.994143459588553,24.31914141682474,68.2376561164856
18.994143459588553,24.31914141682474,68.2376561164856
18.994143459588553,24.31914141682474,68.2376561164856
19.104030124624796,24.20037775687163,68.2376561164856
19.104030124624796,24.20037775687163,68.2376561164856
19.104030124624796,24.20037775687163,68.2376561164856
19.104030124624796,24.20037775687163,68.2376561164856
19.104030124624796,24.20037775687163,68.2376561164856
19.104030124624796,24.20037775687163,68.2376561164856
19.179777091629862,24.11955615207757,68.2376561164856
19.179777091629862,24.11955615207757,68.2376561164856
19.179777091629862,24.11955615207757,68.2376561164856
19.179777091629862,24.11955615207757,68.2376561164856
19.179777091629862,24.11955615207757,68.2376561164856
19.293816947138613,24.0079760578813,68.2376561164856
19.293816947138613,24.0079760578813,68.2376561164856
19.293816947138613,24.0079760578813,68.2376561164856
19.293816947138613,24.0079760578813,68.2376561164856
19.293816947138613,24.0079760578813,68.2376561164856
19.350920841626134,23.930932628127053,68.2376561164856
19.350920841626134,23.930932628127053,68.2376561164856
19.350920841626134,23.930932628127053,68.2376561164856
19.350920841626134,23.930932628127053,68.2376561164856
19.350920841626134,23.930932628127053,68.2376561164856
19.350920841626134,23.930932628127053,68.2376561164856
19.434234158573407,23.84148964743675,68.2376561164856
19.434234158573407,23.84148964743675,68.2376561164856
19.434234158573407,23.84148964743675,68.2376561164856
19.434234158573407,23.84148964743675,68.2376561164856
19.434234158573407,23.84148964743675,68.2376561164856
19.507873468305537,23.75739080262017,68.2376561164856
19.507873468305537,23.75739080262017,68.2376561164856
19.507873468305537,23.75739080262017,68.2376561164856
19.507873468305537,23.75739080262017,68.2376561164856
19.507873468305537,23.75739080262017,68.2376561164856
19.507873468305537,23.75739080262017,68.2376561164856
19.592933288270768,23.665685303459483,68.2376561164856
19.592933288270768,23.665685303459483,68.2376561164856
19.592933288270768,23.665685303459483,68.2376561164856
19.592933288270768,23.665685303459483,68.2376561164856
19.592933288270768,23.665685303459483,68.2376561164856
19.69787066647138,23.52897410904888,68.2376561164856
19.69787066647138,23.52897410904888,68.2376561164856
19.69787066647138,23.52897410904888,68.2376561164856
19.69787066647138,23.52897410904888,68.2376561164856
19.69787066647138,23.52897410904888,68.2376561164856
19.77821106194582,23.42185981575256,68.2376561164856
19.77821106194582,23.42185981575256,68.2376561164856
19.77821106194582,23.42185981575256,68.2376561164856
19.77821106194582,23.42185981575256,68.2376561164856
19.77821106194582,23.42185981575256,68.2376561164856
19.77821106194582,23.42185981575256,68.2376561164856
19.854698574603763,23.319372918459187,68.2376561164856
19.854698574603763,23.319372918459187,68.2376561164856
19.854698574603763,23.319372918459187,68.2376561164856
19.854698574603763,23.319372918459187,68.2376561164856
19.904869930476487,23.22456384070874,68.2376561164856
19.904869930476487,23.22456384070874,68.2376561164856
19.904869930476487,23.22456384070874,68.2376561164856
19.904869930476487,23.22456384070874,68.2376561164856
19.904869930476487,23.22456384070874,68.2376561164856
19.95215082679464,23.12843356448386,68.2376561164856
19.95215082679464,23.12843356448386,68.2376561164856
19.95215082679464,23.12843356448386,68.2376561164856
19.95215082679464,23.12843356448386,68.2376561164856
19.95215082679464,23.12843356448386,68.2376561164856
20.009996336720604,23.02431974335899,68.2376561164856
20.009996336720604,23.02431974335899,68.2376561164856
20.009996336720604,23.02431974335899,68.2376561164856
20.009996336720604,23.02431974335899,68.2376561164856
20.078193875647955,22.929775982250888,68.2376561164856
20.078193875647955,22.929775982250888,68.2376561164856
20.078193875647955,22.929775982250888,68.2376561164856
20.078193875647955,22.929775982250888,68.2376561164856
20.078193875647955,22.929775982250888,68.2376561164856
20.078193875647955,22.929775982250888,68.2376561164856
20.146196009104564,22.825898154019402,68.2376561164856
20.146196009104564,22.825898154019402,68.2376561164856
20.146196009104564,22.825898154019402,68.2376561164856
20.146196009104564,22.825898154019402,68.2376561164856
20.146196009104564,22.825898154019402,68.2376561164856
20.220705640051975,22.717895971466618,68.2376561164856
20.220705640051975,22.717895971466618,68.2376561164856
20.220705640051975,22.717895971466618,68.2376561164856
20.220705640051975,22.717895971466618,68.2376561164856
20.2904451918284,22.61151518322303,68.2376561164856
20.2904451918284,22.61151518322303,68.2376561164856
20.2904451918284,22.61151518322303,68.2376561164856
20.2904451918284,22.61151518322303,68.2376561164856
20.2904451918284,22.61151518322303,68.2376561164856
20.30371659791272,22.56460783063147,68.2376561164856
20.30371659791272,22.56460783063147,68.2376561164856
20.30371659791272,22.56460783063147,68.2376561164856
20.30371659791272,22.56460783063147,68.2376561164856
20.30371659791272,22.56460783063147,68.2376561164856
20.30371659791272,22.56460783063147,68.2376561164856
20.367150235736474,22.452155380334,68.2376561164856
20.367150235736474,22.452155380334,68.2376561164856
20.367150235736474,22.452155380334,68.2376561164856
20.367150235736474,22.452155380334,68.2376561164856
20.367150235736474,22.452155380334,68.2376561164856
20.450544064232446,22.28580172286662,68.2376561164856
20.450544064232446,22.28580172286662,68.2376561164856
20.450544064232446,22.28580172286662,68.2376561164856
20.450544064232446,22.28580172286662,68.2376561164856
20.450544064232446,22.28580172286662,68.2376561164856
20.481078517494765,22.1779109449198,68.2376561164856
20.481078517494765,22.1779109449198,68.2376561164856
20.481078517494765,22.1779109449198,68.2376561164856
20.481078517494765,22.1779109449198,68.2376561164856
20.481078517494765,22.1779109449198,68.2376561164856
20.481078517494765,22.1779109449198,68.2376561164856
20.481078517494765,22.1779109449198,68.2376561164856
20.533754522228875,22.06377426362242,68.2376561164856
20.533754522228875,22.06377426362242,68.2376561164856
20.533754522228875,22.06377426362242,68.2376561164856
20.533754522228875,22.06377426362242,68.2376561164856
20.533754522228875,22.06377426362242,68.2376561164856
20.533754522228875,22.06377426362242,68.2376561164856
20.533754522228875,22.06377426362242,68.2376561164856
20.624138085605537,21.89037772723887,68.2376561164856
20.624138085605537,21.89037772723887,68.2376561164856
20.624138085605537,21.89037772723887,68.2376561164856
20.624138085605537,21.89037772723887,68.2376561164856
20.624138085605537,21.89037772723887,68.2376561164856
20.640802389160214,21.774631093213884,68.2376561164856
20.640802389160214,21.774631093213884,68.2376561164856
20.640802389160214,21.774631093213884,68.2376561164856
20.640802389160214,21.774631093213884,68.2376561164856
20.640802389160214,21.774631093213884,68.2376561164856
20.640802389160214,21.774631093213884,68.2376561164856
20.640802389160214,21.774631093213884,68.2376561164856
20.700433136383452,21.649606773228125,68.2376561164856
20.700433136383452,21.649606773228125,68.2376561164856
20.700433136383452,21.649606773228125,68.2376561164856
20.700433136383452,21.649606773228125,68.2376561164856
20.700433136383452,21.649606773228125,68.2376561164856
20.766765378438308,21.460615288776197,68.2376561164856
20.766765378438308,21.460615288776197,68.2376561164856
20.766765378438308,21.460615288776197,68.2376561164856
20.766765378438308,21.460615288776197,68.2376561164856
20.766765378438308,21.460615288776197,68.2376561164856
20.766765378438308,21.460615288776197,68.2376561164856
20.798967416643556,21.34589231932578,68.2376561164856
20.798967416643556,21.34589231932578,68.2376561164856
20.798967416643556,21.34589231932578,68.2376561164856
20.798967416643556,21.34589231932578,68.2376561164856
20.798967416643556,21.34589231932578,68.2376561164856
20.798967416643556,21.34589231932578,68.2376561164856
20.84559257626371,21.224781515159066,68.2376561164856
20.84559257626371,21.224781515159066,68.2376561164856
20.84559257626371,21.224781515159066,68.2376561164856
20.84559257626371,21.224781515159066,68.2376561164856
20.84559257626371,21.224781515159066,68.2376561164856
20.84559257626371,21.224781515159066,68.2376561164856
20.913102580701526,21.03150729324255,68.2376561164856
20.913102580701526,21.03150729324255,68.2376561164856
20.913102580701526,21.03150729324255,68.2376561164856
20.913102580701526,21.03150729324255,68.2376561164856
20.913102580701526,21.03150729324255,68.2376561164856
20.913102580701526,21.03150729324255,68.2376561164856
20.950908690026772,20.90033053352382,68.2376561164856
20.950908690026772,20.90033053352382,68.2376561164856
20.950908690026772,20.90033053352382,68.2376561164856
20.950908690026772,20.90033053352382,68.2376561164856
20.950908690026772,20.90033053352382,68.2376561164856
20.950908690026772,20.90033053352382,68.2376561164856
20.950908690026772,20.90033053352382,68.2376561164856
20.950908690026772,20.90033053352382,68.2376561164856
21.022818741185976,20.688470215230463,68.2376561164856
21.022818741185976,20.688470215230463,68.2376561164856
21.022818741185976,20.688470215230463,68.2376561164856
21.022818741185976,20.688470215230463,68.2376561164856
21.022818741185976,20.688470215230463,68.2376561164856
21.022818741185976,20.688470215230463,68.2376561164856
21.022818741185976,20.688470215230463,68.2376561164856
21.081042104870473,20.485568631231455,68.2376561164856
21.081042104870473,20.485568631231455,68.2376561164856
21.081042104870473,20.485568631231455,68.2376561164856
21.081042104870473,20.485568631231455,68.2376561164856
21.081042104870473,20.485568631231455,68.2376561164856
21.081042104870473,20.485568631231455,68.2376561164856
21.101490458662525,20.279921870499848,68.2376561164856
21.101490458662525,20.279921870499848,68.2376561164856
21.101490458662525,20.279921870499848,68.2376561164856
21.101490458662525,20.279921870499848,68.2376561164856
21.101490458662525,20.279921870499848,68.2376561164856
21.101490458662525,20.279921870499848,68.2376561164856
21.13583081089462,20.06232556423386,68.2376561164856
21.13583081089462,20.06232556423386,68.2376561164856
21.13583081089462,20.06232556423386,68.2376561164856
21.13583081089462,20.06232556423386,68.2376561164856
21.13583081089462,20.06232556423386,68.2376561164856
21.159518458027055,19.9126283743535,68.2376561164856
21.159518458027055,19.9126283743535,68.2376561164856
21.159518458027055,19.9126283743535,68.2376561164856
21.159518458027055,19.9126283743535,68.2376561164856
21.159518458027055,19.9126283743535,68.2376561164856
21.201965808237208,19.776483990346627,68.2376561164856
21.201965808237208,19.776483990346627,68.2376561164856
21.201965808237208,19.776483990346627,68.2376561164856
21.201965808237208,19.776483990346627,68.2376561164856
21.201965808237208,19.776483990346627,68.2376561164856
21.258597857593394,19.639903303871186,68.2376561164856
21.258597857593394,19.639903303871186,68.2376561164856
21.258597857593394,19.639903303871186,68.2376561164856
21.258597857593394,19.639903303871186,68.2376561164856
21.258597857593394,19.639903303871186,68.2376561164856
21.300346919346755,19.510878578011255,68.2376561164856
21.300346919346755,19.510878578011255,68.2376561164856
21.300346919346755,19.510878578011255,68.2376561164856
21.300346919346755,19.510878578011255,68.2376561164856
21.300346919346755,19.510878578011255,68.2376561164856
21.300346919346755,19.510878578011255,68.2376561164856
21.3319915965938,19.371762497431014,68.2376561164856
21.3319915965938,19.371762497431014,68.2376561164856
21.3319915965938,19.371762497431014,68.2376561164856
21.3319915965938,19.371762497431014,68.2376561164856
21.3319915965938,19.371762497431014,68.2376561164856
21.377481307094513,19.146382088786275,68.2376561164856
21.377481307094513,19.146382088786275,68.2376561164856
21.377481307094513,19.146382088786275,68.2376561164856
21.377481307094513,19.146382088786275,68.2376561164856
21.377481307094513,19.146382088786275,68.2376561164856
21.39955700152547,19.009469356132605,68.2376561164856
21.39955700152547,19.009469356132605,68.2376561164856
21.39955700152547,19.009469356132605,68.2376561164856
21.39955700152547,19.009469356132605,68.2376561164856
21.39955700152547,19.009469356132605,68.2376561164856
21.43470497505392,18.845658123461718,68.2376561164856
21.43470497505392,18.845658123461718,68.2376561164856
21.43470497505392,18.845658123461718,68.2376561164856
21.43470497505392,18.845658123461718,68.2376561164856
21.43470497505392,18.845658123461718,68.2376561164856
21.47043965517888,18.687470560738554,68.2376561164856
21.47043965517888,18.687470560738554,68.2376561164856
21.47043965517888,18.687470560738554,68.2376561164856
21.47043965517888,18.687470560738554,68.2376561164856
21.47043965517888,18.687470560738554,68.2376561164856
21.47043965517888,18.687470560738554,68.2376561164856
21.500442442529682,18.534865677488455,68.2376561164856
21.500442442529682,18.534865677488455,68.2376561164856
21.500442442529682,18.534865677488455,68.2376561164856
21.500442442529682,18.534865677488455,68.2376561164856
21.500442442529682,18.534865677488455,68.2376561164856
21.543239781972694,18.360663939645654,68.2376561164856
21.543239781972694,18.360663939645654,68.2376561164856
21.543239781972694,18.360663939645654,68.2376561164856
21.543239781972694,18.360663939645654,68.2376561164856
21.543239781972694,18.360663939645654,68.2376561164856
21.58950100866452,18.174132403063993,68.2376561164856
21.58950100866452,18.174132403063993,68.2376561164856
21.58950100866452,18.174132403063993,68.2376561164856
21.58950100866452,18.174132403063993,68.2376561164856
21.58950100866452,18.174132403063993,68.2376561164856
21.58950100866452,18.174132403063993,68.2376561164856
21.624249470421557,17.998400390856634,68.2376561164856
21.624249470421557,17.998400390856634,68.2376561164856
21.624249470421557,17.998400390856634,68.2376561164856
21.624249470421557,17.998400390856634,68.2376561164856
21.624249470421557,17.998400390856634,68.2376561164856
21.664796794648083,17.765732324065556,68.2376561164856
21.664796794648083,17.765732324065556,68.2376561164856
21.664796794648083,17.765732324065556,68.2376561164856
21.664796794648083,17.765732324065556,68.2376561164856
21.664796794648083,17.765732324065556,68.2376561164856
21.703692084070727,17.595718559396612,68.2376561164856
21.703692084070727,17.595718559396612,68.2376561164856
21.703692084070727,17.595718559396612,68.2376561164856
21.703692084070727,17.595718559396612,68.2376561164856
21.703692084070727,17.595718559396612,68.2376561164856
21.73702854687654,17.432773852809525,68.2376561164856
21.73702854687654,17.432773852809525,68.2376561164856
21.73702854687654,17.432773852809525,68.2376561164856
21.73702854687654,17.432773852809525,68.2376561164856
21.73702854687654,17.432773852809525,68.2376561164856
21.74911300365298,17.361085353883656,68.2376561164856
21.74911300365298,17.361085353883656,68.2376561164856
21.74911300365298,17.361085353883656,68.2376561164856
21.74911300365298,17.361085353883656,68.2376561164856
21.74911300365298,17.361085353883656,68.2376561164856
21.807339551273568,17.113015914803352,68.2376561164856
21.807339551273568,17.113015914803352,68.2376561164856
21.807339551273568,17.113015914803352,68.2376561164856
21.807339551273568,17.113015914803352,68.2376561164856
21.807339551273568,17.113015914803352,68.2376561164856
21.818509338747955,17.040397843749595,68.2376561164856
21.818509338747955,17.040397843749595,68.2376561164856
21.818509338747955,17.040397843749595,68.2376561164856
21.818509338747955,17.040397843749595,68.2376561164856
21.818509338747955,17.040397843749595,68.2376561164856
21.863143841044327,16.82162411129241,68.2376561164856
21.863143841044327,16.82162411129241,68.2376561164856
21.863143841044327,16.82162411129241,68.2376561164856
21.863143841044327,16.82162411129241,68.2376561164856
21.863143841044327,16.82162411129241,68.2376561164856
21.895609463973358,16.67961465272662,68.2376561164856
21.895609463973358,16.67961465272662,68.2376561164856
21.895609463973358,16.67961465272662,68.2376561164856
21.895609463973358,16.67961465272662,68.2376561164856
21.944113112172555,16.533573400517554,68.2376561164856
21.944113112172555,16.533573400517554,68.2376561164856
21.944113112172555,16.533573400517554,68.2376561164856
21.944113112172555,16.533573400517554,68.2376561164856
21.944113112172555,16.533573400517554,68.2376561164856
21.93910346825384,16.458973457492554,68.2376561164856
21.93910346825384,16.458973457492554,68.2376561164856
21.93910346825384,16.458973457492554,68.2376561164856
21.93910346825384,16.458973457492554,68.2376561164856
21.95647038177877,16.31584416513953,68.2376561164856
21.95647038177877,16.31584416513953,68.2376561164856
21.95647038177877,16.31584416513953,68.2376561164856
21.95647038177877,16.31584416513953,68.2376561164856
21.95647038177877,16.31584416513953,68.2376561164856
21.98746143862413,16.186444156283528,68.2376561164856
21.98746143862413,16.186444156283528,68.2376561164856
21.98746143862413,16.186444156283528,68.2376561164856
21.98746143862413,16.186444156283528,68.2376561164856
21.98746143862413,16.186444156283528,68.2376561164856
22.010126991834802,16.06052280174722,68.2376561164856
22.010126991834802,16.06052280174722,68.2376561164856
22.010126991834802,16.06052280174722,68.2376561164856
22.010126991834802,16.06052280174722,68.2376561164856
22.05477825264898,15.913337994197494,68.2376561164856
22.05477825264898,15.913337994197494,68.2376561164856
22.05477825264898,15.913337994197494,68.2376561164856
22.05477825264898,15.913337994197494,68.2376561164856
22.05477825264898,15.913337994197494,68.2376561164856
22.08489580195728,15.83055381770696,68.2376561164856
22.08489580195728,15.83055381770696,68.2376561164856
22.08489580195728,15.83055381770696,68.2376561164856
22.08489580195728,15.83055381770696,68.2376561164856
22.127085553479105,15.69406606527629,68.2376561164856
22.127085553479105,15.69406606527629,68.2376561164856
22.127085553479105,15.69406606527629,68.2376561164856
22.127085553479105,15.69406606527629,68.2376561164856
22.127085553479105,15.69406606527629,68.2376561164856
22.161470527252508,15.550098335015342,68.2376561164856
22.161470527252508,15.550098335015342,68.2376561164856
22.161470527252508,15.550098335015342,68.2376561164856
22.161470527252508,15.550098335015342,68.2376561164856
22.161470527252508,15.550098335015342,68.2376561164856
22.190155888782996,15.419353682819184,68.2376561164856
22.190155888782996,15.419353682819184,68.2376561164856
22.190155888782996,15.419353682819184,68.2376561164856
22.190155888782996,15.419353682819184,68.2376561164856
22.22566278262856,15.28283981876438,68.2376561164856
22.22566278262856,15.28283981876438,68.2376561164856
22.22566278262856,15.28283981876438,68.2376561164856
22.22566278262856,15.28283981876438,68.2376561164856
22.22566278262856,15.28283981876438,68.2376561164856
22.22566278262856,15.28283981876438,68.2376561164856
22.22566278262856,15.28283981876438,68.2376561164856
22.28358946778797,15.12917761929842,68.2376561164856
22.28358946778797,15.12917761929842,68.2376561164856
22.28358946778797,15.12917761929842,68.2376561164856
22.28358946778797,15.12917761929842,68.2376561164856
22.28358946778797,15.12917761929842,68.2376561164856
22.33374881580324,14.99671275040903,68.2376561164856
22.33374881580324,14.99671275040903,68.2376561164856
22.33374881580324,14.99671275040903,68.2376561164856
22.33374881580324,14.99671275040903,68.2376561164856
22.33374881580324,14.99671275040903,68.2376561164856
22.33374881580324,14.99671275040903,68.2376561164856
22.378780895200542,14.86790912562827,68.2376561164856
22.378780895200542,14.86790912562827,68.2376561164856
22.378780895200542,14.86790912562827,68.2376561164856
22.378780895200542,14.86790912562827,68.2376561164856
22.378780895200542,14.86790912562827,68.2376561164856
22.378780895200542,14.86790912562827,68.2376561164856
22.43871449778305,14.66421542361824,68.2376561164856
22.43871449778305,14.66421542361824,68.2376561164856
22.43871449778305,14.66421542361824,68.2376561164856
22.43871449778305,14.66421542361824,68.2376561164856
22.43871449778305,14.66421542361824,68.2376561164856
22.48089621953804,14.530942828608627,68.2376561164856
22.48089621953804,14.530942828608627,68.2376561164856
22.48089621953804,14.530942828608627,68.2376561164856
22.48089621953804,14.530942828608627,68.2376561164856
22.48089621953804,14.530942828608627,68.2376561164856
22.51992163820357,14.409153796210227,68.2376561164856
22.51992163820357,14.409153796210227,68.2376561164856
22.51992163820357,14.409153796210227,68.2376561164856
22.51992163820357,14.409153796210227,68.2376561164856
22.51992163820357,14.409153796210227,68.2376561164856
22.51992163820357,14.409153796210227,68.2376561164856
22.56653803759543,14.27797116095145,68.2376561164856
22.56653803759543,14.27797116095145,68.2376561164856
22.56653803759543,14.27797116095145,68.2376561164856
22.56653803759543,14.27797116095145,68.2376561164856
22.56653803759543,14.27797116095145,68.2376561164856
22.56653803759543,14.27797116095145,68.2376561164856
22.628084222724805,14.085639005821701,68.2376561164856
22.628084222724805,14.085639005821701,68.2376561164856
22.628084222724805,14.085639005821701,68.2376561164856
22.628084222724805,14.085639005821701,68.2376561164856
22.628084222724805,14.085639005821701,68.2376561164856
22.66696261821933,13.96044496664686,68.2376561164856
22.66696261821933,13.96044496664686,68.2376561164856
22.66696261821933,13.96044496664686,68.2376561164856
22.66696261821933,13.96044496664686,68.2376561164856
22.66696261821933,13.96044496664686,68.2376561164856
22.70606538623025,13.832399887742339,68.2376561164856
22.70606538623025,13.832399887742339,68.2376561164856
22.70606538623025,13.832399887742339,68.2376561164856
22.70606538623025,13.832399887742339,68.2376561164856
22.70606538623025,13.832399887742339,68.2376561164856
22.743179228954794,13.700140294407717,68.2376561164856
22.743179228954794,13.700140294407717,68.2376561164856
22.743179228954794,13.700140294407717,68.2376561164856
22.743179228954794,13.700140294407717,68.2376561164856
22.743179228954794,13.700140294407717,68.2376561164856
22.78095098066686,13.567142694433382,68.2376561164856
22.78095098066686,13.567142694433382,68.2376561164856
22.78095098066686,13.567142694433382,68.2376561164856
22.78095098066686,13.567142694433382,68.2376561164856
22.78095098066686,13.567142694433382,68.2376561164856
22.8197313446122,13.42279860820932,68.2376561164856
22.8197313446122,13.42279860820932,68.2376561164856
22.8197313446122,13.42279860820932,68.2376561164856
22.8197313446122,13.42279860820932,68.2376561164856
22.8197313446122,13.42279860820932,68.2376561164856
22.865415795182244,13.288669554363558,68.2376561164856
22.865415795182244,13.288669554363558,68.2376561164856
22.865415795182244,13.288669554363558,68.2376561164856
22.865415795182244,13.288669554363558,68.2376561164856
22.865415795182244,13.288669554363558,68.2376561164856
22.91143685448067,13.153030136398394,68.2376561164856
22.91143685448067,13.153030136398394,68.2376561164856
22.91143685448067,13.153030136398394,68.2376561164856
22.91143685448067,13.153030136398394,68.2376561164856
22.91143685448067,13.153030136398394,68.2376561164856
22.95150729793617,13.020930717918931,68.2376561164856
22.95150729793617,13.020930717918931,68.2376561164856
22.95150729793617,13.020930717918931,68.2376561164856
22.95150729793617,13.020930717918931,68.2376561164856
22.95150729793617,13.020930717918931,68.2376561164856
22.999546304987295,12.884190382892086,68.2376561164856
22.999546304987295,12.884190382892086,68.2376561164856
22.999546304987295,12.884190382892086,68.2376561164856
22.999546304987295,12.884190382892086,68.2376561164856
23.046104622903083,12.748230599518736,68.2376561164856
23.046104622903083,12.748230599518736,68.2376561164856
23.046104622903083,12.748230599518736,68.2376561164856
23.046104622903083,12.748230599518736,68.2376561164856
23.046104622903083,12.748230599518736,68.2376561164856
23.085519289270678,12.613650336069496,68.2376561164856
23.085519289270678,12.613650336069496,68.2376561164856
23.085519289270678,12.613650336069496,68.2376561164856
23.085519289270678,12.613650336069496,68.2376561164856
23.085519289270678,12.613650336069496,68.2376561164856
23.131685719890303,12.47672455869037,68.2376561164856
23.131685719890303,12.47672455869037,68.2376561164856
23.131685719890303,12.47672455869037,68.2376561164856
23.131685719890303,12.47672455869037,68.2376561164856
23.17018791085052,12.340541270274333,68.2376561164856
23.17018791085052,12.340541270274333,68.2376561164856
23.17018791085052,12.340541270274333,68.2376561164856
23.17018791085052,12.340541270274333,68.2376561164856
23.17018791085052,12.340541270274333,68.2376561164856
23.17018791085052,12.340541270274333,68.2376561164856
23.211347671155643,12.200088195509196,68.2376561164856
23.211347671155643,12.200088195509196,68.2376561164856
23.211347671155643,12.200088195509196,68.2376561164856
23.211347671155643,12.200088195509196,68.2376561164856
23.211347671155643,12.200088195509196,68.2376561164856
23.257493209474333,12.061121306502757,68.2376561164856
23.257493209474333,12.061121306502757,68.2376561164856
23.257493209474333,12.061121306502757,68.2376561164856
23.257493209474333,12.061121306502757,68.2376561164856
23.257493209474333,12.061121306502757,68.2376561164856
23.257493209474333,12.061121306502757,68.2376561164856
23.302667363761213,11.926008583445785,68.2376561164856
23.302667363761213,11.926008583445785,68.2376561164856
23.302667363761213,11.926008583445785,68.2376561164856
23.302667363761213,11.926008583445785,68.2376561164856
23.302667363761213,11.926008583445785,68.2376561164856
23.351868425410185,11.786357557967342,68.2376561164856
23.351868425410185,11.786357557967342,68.2376561164856
23.351868425410185,11.786357557967342,68.2376561164856
23.351868425410185,11.786357557967342,68.2376561164856
23.351868425410185,11.786357557967342,68.2376561164856
23.390396370644236,11.654769543322328,68.2376561164856
23.390396370644236,11.654769543322328,68.2376561164856
23.390396370644236,11.654769543322328,68.2376561164856
23.390396370644236,11.654769543322328,68.2376561164856
23.390396370644236,11.654769543322328,68.2376561164856
23.44113194775624,11.508269096539095,68.2376561164856
23.44113194775624,11.508269096539095,68.2376561164856
23.44113194775624,11.508269096539095,68.2376561164856
23.44113194775624,11.508269096539095,68.2376561164856
23.44113194775624,11.508269096539095,68.2376561164856
23.49778877881492,11.351089100762122,68.2376561164856
23.49778877881492,11.351089100762122,68.2376561164856
23.49778877881492,11.351089100762122,68.2376561164856
23.49778877881492,11.351089100762122,68.2376561164856
23.49778877881492,11.351089100762122,68.2376561164856
23.49778877881492,11.351089100762122,68.2376561164856
23.5287438206663,11.216522293127781,68.2376561164856
23.5287438206663,11.216522293127781,68.2376561164856
23.5287438206663,11.216522293127781,68.2376561164856
23.5287438206663,11.216522293127781,68.2376561164856
23.5287438206663,11.216522293127781,68.2376561164856
23.5287438206663,11.216522293127781,68.2376561164856
23.56409919537751,11.076551885177803,68.2376561164856
23.56409919537751,11.076551885177803,68.2376561164856
23.56409919537751,11.076551885177803,68.2376561164856
23.56409919537751,11.076551885177803,68.2376561164856
23.56409919537751,11.076551885177803,68.2376561164856
23.625811987784992,10.86769573367933,68.2376561164856
23.625811987784992,10.86769573367933,68.2376561164856
23.625811987784992,10.86769573367933,68.2376561164856
23.625811987784992,10.86769573367933,68.2376561164856
23.625811987784992,10.86769573367933,68.2376561164856
23.625811987784992,10.86769573367933,68.2376561164856
23.66925043525891,10.723624670923714,68.2376561164856
23.66925043525891,10.723624670923714,68.2376561164856
23.66925043525891,10.723624670923714,68.2376561164856
23.66925043525891,10.723624670923714,68.2376561164856
23.66925043525891,10.723624670923714,68.2376561164856
23.709004769532402,10.566241990139208,68.2376561164856
23.709004769532402,10.566241990139208,68.2376561164856
23.709004769532402,10.566241990139208,68.2376561164856
23.709004769532402,10.566241990139208,68.2376561164856
23.709004769532402,10.566241990139208,68.2376561164856
23.709004769532402,10.566241990139208,68.2376561164856
23.709004769532402,10.566241990139208,68.2376561164856
23.709004769532402,10.566241990139208,68.2376561164856
23.738339073434066,10.430948938972152,68.2376561164856
23.738339073434066,10.430948938972152,68.2376561164856
23.738339073434066,10.430948938972152,68.2376561164856
23.738339073434066,10.430948938972152,68.2376561164856
23.738339073434066,10.430948938972152,68.2376561164856
23.738339073434066,10.430948938972152,68.2376561164856
23.77371521227295,10.245012094202794,68.2376561164856
23.77371521227295,10.245012094202794,68.2376561164856
23.77371521227295,10.245012094202794,68.2376561164856
23.77371521227295,10.245012094202794,68.2376561164856
23.77371521227295,10.245012094202794,68.2376561164856
23.77371521227295,10.245012094202794,68.2376561164856
23.797494677720795,10.068955122587301,68.2376561164856
23.797494677720795,10.068955122587301,68.2376561164856
23.797494677720795,10.068955122587301,68.2376561164856
23.797494677720795,10.068955122587301,68.2376561164856
23.797494677720795,10.068955122587301,68.2376561164856
23.812228470239734,9.953683842026738,68.2376561164856
23.812228470239734,9.953683842026738,68.2376561164856
23.812228470239734,9.953683842026738,68.2376561164856
23.812228470239734,9.953683842026738,68.2376561164856
23.812228470239734,9.953683842026738,68.2376561164856
23.816688011879283,9.829274716981075,68.2376561164856
23.816688011879283,9.829274716981075,68.2376561164856
23.816688011879283,9.829274716981075,68.2376561164856
23.816688011879283,9.829274716981075,68.2376561164856
23.816688011879283,9.829274716981075,68.2376561164856
23.807058556341058,9.709063875538343,68.2376561164856
23.807058556341058,9.709063875538343,68.2376561164856
23.807058556341058,9.709063875538343,68.2376561164856
23.807058556341058,9.709063875538343,68.2376561164856
23.776532158242087,9.590296925570033,68.2376561164856
23.776532158242087,9.590296925570033,68.2376561164856
23.776532158242087,9.590296925570033,68.2376561164856
23.776532158242087,9.590296925570033,68.2376561164856
23.776532158242087,9.590296925570033,68.2376561164856
23.749370979715184,9.49426844718401,68.2376561164856
23.749370979715184,9.49426844718401,68.2376561164856
23.749370979715184,9.49426844718401,68.2376561164856
23.749370979715184,9.49426844718401,68.2376561164856
23.749370979715184,9.49426844718401,68.2376561164856
23.698672431614924,9.396437513350016,68.2376561164856
23.698672431614924,9.396437513350016,68.2376561164856
23.698672431614924,9.396437513350016,68.2376561164856
23.698672431614924,9.396437513350016,68.2376561164856
23.637292801793244,9.31069536646451,68.2376561164856
23.637292801793244,9.31069536646451,68.2376561164856
23.637292801793244,9.31069536646451,68.2376561164856
23.637292801793244,9.31069536646451,68.2376561164856
23.637292801793244,9.31069536646451,68.2376561164856
23.578385063782473,9.22112241261718,68.2376561164856
23.578385063782473,9.22112241261718,68.2376561164856
23.578385063782473,9.22112241261718,68.2376561164856
23.578385063782473,9.22112241261718,68.2376561164856
23.55705224740911,9.184930462307658,68.2376561164856
23.55705224740911,9.184930462307658,68.2376561164856
23.55705224740911,9.184930462307658,68.2376561164856
23.55705224740911,9.184930462307658,68.2376561164856
23.55705224740911,9.184930462307658,68.2376561164856
23.4993888445095,9.089235795580876,68.2376561164856
23.4993888445095,9.089235795580876,68.2376561164856
23.4993888445095,9.089235795580876,68.2376561164856
23.4993888445095,9.089235795580876,68.2376561164856
23.4993888445095,9.089235795580876,68.2376561164856
23.446557855479913,8.986004718663168,68.2376561164856
23.446557855479913,8.986004718663168,68.2376561164856
23.446557855479913,8.986004718663168,68.2376561164856
23.446557855479913,8.986004718663168,68.2376561164856
23.417199904897213,8.892605641985488,68.2376561164856
23.417199904897213,8.892605641985488,68.2376561164856
23.417199904897213,8.892605641985488,68.2376561164856
23.417199904897213,8.892605641985488,68.2376561164856
23.417199904897213,8.892605641985488,68.2376561164856
23.341905465925745,8.791496342272774,68.2376561164856
23.341905465925745,8.791496342272774,68.2376561164856
23.341905465925745,8.791496342272774,68.2376561164856
23.341905465925745,8.791496342272774,68.2376561164856
23.266354884079007,8.69410049831043,68.2376561164856
23.266354884079007,8.69410049831043,68.2376561164856
23.266354884079007,8.69410049831043,68.2376561164856
23.266354884079007,8.69410049831043,68.2376561164856
23.266354884079007,8.69410049831043,68.2376561164856
23.266354884079007,8.69410049831043,68.2376561164856
23.19798536716113,8.578300248179922,68.2376561164856
23.19798536716113,8.578300248179922,68.2376561164856
23.19798536716113,8.578300248179922,68.2376561164856
23.19798536716113,8.578300248179922,68.2376561164856
23.19798536716113,8.578300248179922,68.2376561164856
23.12435941647102,8.47650384283833,68.2376561164856
23.12435941647102,8.47650384283833,68.2376561164856
23.12435941647102,8.47650384283833,68.2376561164856
23.12435941647102,8.47650384283833,68.2376561164856
23.12435941647102,8.47650384283833,68.2376561164856
23.12435941647102,8.47650384283833,68.2376561164856
23.12435941647102,8.47650384283833,68.2376561164856
23.062167958606228,8.38576036207045,68.2376561164856
23.062167958606228,8.38576036207045,68.2376561164856
23.062167958606228,8.38576036207045,68.2376561164856
23.062167958606228,8.38576036207045,68.2376561164856
23.062167958606228,8.38576036207045,68.2376561164856
23.001867953342675,8.29100728445069,68.2376561164856
23.001867953342675,8.29100728445069,68.2376561164856
23.001867953342675,8.29100728445069,68.2376561164856
23.001867953342675,8.29100728445069,68.2376561164856
23.001867953342675,8.29100728445069,68.2376561164856
22.9380784916167,8.178030493681554,68.2376561164856
22.9380784916167,8.178030493681554,68.2376561164856
22.9380784916167,8.178030493681554,68.2376561164856
22.9380784916167,8.178030493681554,68.2376561164856
22.9380784916167,8.178030493681554,68.2376561164856
22.87253629130507,8.084333115147361,68.2376561164856
22.87253629130507,8.084333115147361,68.2376561164856
22.87253629130507,8.084333115147361,68.2376561164856
22.87253629130507,8.084333115147361,68.2376561164856
22.87253629130507,8.084333115147361,68.2376561164856
22.87253629130507,8.084333115147361,68.2376561164856
22.798889515242177,7.980688536782399,68.2376561164856
22.798889515242177,7.980688536782399,68.2376561164856
22.798889515242177,7.980688536782399,68.2376561164856
22.798889515242177,7.980688536782399,68.2376561164856
22.798889515242177,7.980688536782399,68.2376561164856
22.67963803996549,7.851269932981222,68.2376561164856
22.67963803996549,7.851269932981222,68.2376561164856
22.67963803996549,7.851269932981222,68.2376561164856
22.67963803996549,7.851269932981222,68.2376561164856
22.67963803996549,7.851269932981222,68.2376561164856
22.580227630522444,7.773248936121756,68.2376561164856
22.580227630522444,7.773248936121756,68.2376561164856
22.580227630522444,7.773248936121756,68.2376561164856
22.580227630522444,7.773248936121756,68.2376561164856
22.580227630522444,7.773248936121756,68.2376561164856
22.49086823974569,7.701264069644241,68.2376561164856
22.49086823974569,7.701264069644241,68.2376561164856
22.49086823974569,7.701264069644241,68.2376561164856
22.49086823974569,7.701264069644241,68.2376561164856
22.49086823974569,7.701264069644241,68.2376561164856
22.38228655746264,7.614263522873526,68.2376561164856
22.38228655746264,7.614263522873526,68.2376561164856
22.38228655746264,7.614263522873526,68.2376561164856
22.38228655746264,7.614263522873526,68.2376561164856
22.38228655746264,7.614263522873526,68.2376561164856
22.292260004842106,7.542527009806489,68.2376561164856
22.292260004842106,7.542527009806489,68.2376561164856
22.292260004842106,7.542527009806489,68.2376561164856
22.292260004842106,7.542527009806489,68.2376561164856
22.292260004842106,7.542527009806489,68.2376561164856
22.292260004842106,7.542527009806489,68.2376561164856
22.206453081524767,7.470611697575749,68.2376561164856
22.206453081524767,7.470611697575749,68.2376561164856
22.206453081524767,7.470611697575749,68.2376561164856
22.206453081524767,7.470611697575749,68.2376561164856
22.206453081524767,7.470611697575749,68.2376561164856
22.12114604191027,7.407683265734928,68.2376561164856
22.12114604191027,7.407683265734928,68.2376561164856
22.12114604191027,7.407683265734928,68.2376561164856
22.12114604191027,7.407683265734928,68.2376561164856
22.12114604191027,7.407683265734928,68.2376561164856
22.044586363919073,7.354941102375732,68.2376561164856
22.044586363919073,7.354941102375732,68.2376561164856
22.044586363919073,7.354941102375732,68.2376561164856
22.044586363919073,7.354941102375732,68.2376561164856
22.044586363919073,7.354941102375732,68.2376561164856
21.95756833442915,7.294208107563938,68.2376561164856
21.95756833442915,7.294208107563938,68.2376561164856
21.95756833442915,7.294208107563938,68.2376561164856
21.95756833442915,7.294208107563938,68.2376561164856
21.95756833442915,7.294208107563938,68.2376561164856
21.88880079022177,7.241604606739284,68.2376561164856
21.88880079022177,7.241604606739284,68.2376561164856
21.88880079022177,7.241604606739284,68.2376561164856
21.88880079022177,7.241604606739284,68.2376561164856
21.88880079022177,7.241604606739284,68.2376561164856
21.787105654584202,7.167881684504722,68.2376561164856
21.787105654584202,7.167881684504722,68.2376561164856
21.787105654584202,7.167881684504722,68.2376561164856
21.787105654584202,7.167881684504722,68.2376561164856
21.67512327324865,7.08914347985096,68.2376561164856
21.67512327324865,7.08914347985096,68.2376561164856
21.67512327324865,7.08914347985096,68.2376561164856
21.67512327324865,7.08914347985096,68.2376561164856
21.67512327324865,7.08914347985096,68.2376561164856
21.573753526590977,7.009710724382835,68.2376561164856
21.573753526590977,7.009710724382835,68.2376561164856
21.573753526590977,7.009710724382835,68.2376561164856
21.573753526590977,7.009710724382835,68.2376561164856
21.573753526590977,7.009710724382835,68.2376561164856
21.469585297244823,6.947580772033316,68.2376561164856
21.469585297244823,6.947580772033316,68.2376561164856
21.469585297244823,6.947580772033316,68.2376561164856
21.469585297244823,6.947580772033316,68.2376561164856
21.369138308133245,6.8735102542916415,68.2376561164856
21.369138308133245,6.8735102542916415,68.2376561164856
21.369138308133245,6.8735102542916415,68.2376561164856
21.369138308133245,6.8735102542916415,68.2376561164856
21.369138308133245,6.8735102542916415,68.2376561164856
21.316922157361606,6.834314865126557,68.2376561164856
21.316922157361606,6.834314865126557,68.2376561164856
21.316922157361606,6.834314865126557,68.2376561164856
21.316922157361606,6.834314865126557,68.2376561164856
21.316922157361606,6.834314865126557,68.2376561164856
21.209503280109555,6.769467304759293,68.2376561164856
21.209503280109555,6.769467304759293,68.2376561164856
21.209503280109555,6.769467304759293,68.2376561164856
21.209503280109555,6.769467304759293,68.2376561164856
21.209503280109555,6.769467304759293,68.2376561164856
21.03025207146549,6.664910034640692,68.2376561164856
21.03025207146549,6.664910034640692,68.2376561164856
21.03025207146549,6.664910034640692,68.2376561164856
21.03025207146549,6.664910034640692,68.2376561164856
21.03025207146549,6.664910034640692,68.2376561164856
20.92771838464396,6.604188952301808,68.2376561164856
20.92771838464396,6.604188952301808,68.2376561164856
20.92771838464396,6.604188952301808,68.2376561164856
20.92771838464396,6.604188952301808,68.2376561164856
20.92771838464396,6.604188952301808,68.2376561164856
20.92771838464396,6.604188952301808,68.2376561164856
20.81255473718567,6.5453349068395985,68.2376561164856
20.81255473718567,6.5453349068395985,68.2376561164856
20.81255473718567,6.5453349068395985,68.2376561164856
20.81255473718567,6.5453349068395985,68.2376561164856
20.81255473718567,6.5453349068395985,68.2376561164856
20.71592929533527,6.497695412237055,68.2376561164856
20.71592929533527,6.497695412237055,68.2376561164856
20.71592929533527,6.497695412237055,68.2376561164856
20.71592929533527,6.497695412237055,68.2376561164856
20.71592929533527,6.497695412237055,68.2376561164856
20.60736727405866,6.444529305107449,68.2376561164856
20.60736727405866,6.444529305107449,68.2376561164856
20.60736727405866,6.444529305107449,68.2376561164856
20.60736727405866,6.444529305107449,68.2376561164856
20.60736727405866,6.444529305107449,68.2376561164856
20.51750357944261,6.399429176546621,68.2376561164856
20.51750357944261,6.399429176546621,68.2376561164856
20.51750357944261,6.399429176546621,68.2376561164856
20.51750357944261,6.399429176546621,68.2376561164856
20.51750357944261,6.399429176546621,68.2376561164856
20.51750357944261,6.399429176546621,68.2376561164856
20.421419376891727,6.351217814391319,68.2376561164856
20.421419376891727,6.351217814391319,68.2376561164856
20.421419376891727,6.351217814391319,68.2376561164856
20.421419376891727,6.351217814391319,68.2376561164856
20.421419376891727,6.351217814391319,68.2376561164856
20.315499460539503,6.290575380286343,68.2376561164856
20.315499460539503,6.290575380286343,68.2376561164856
20.315499460539503,6.290575380286343,68.2376561164856
20.315499460539503,6.290575380286343,68.2376561164856
20.315499460539503,6.290575380286343,68.2376561164856
20.18213006758769,6.211924111494327,68.2376561164856
20.18213006758769,6.211924111494327,68.2376561164856
20.18213006758769,6.211924111494327,68.2376561164856
20.18213006758769,6.211924111494327,68.2376561164856
20.18213006758769,6.211924111494327,68.2376561164856
20.18213006758769,6.211924111494327,68.2376561164856
20.18213006758769,6.211924111494327,68.2376561164856
19.955393026336587,6.0793365855968435,68.2376561164856
19.955393026336587,6.0793365855968435,68.2376561164856
19.955393026336587,6.0793365855968435,68.2376561164856
19.955393026336587,6.0793365855968435,68.2376561164856
19.955393026336587,6.0793365855968435,68.2376561164856
19.791807412850083,5.984924896885523,68.2376561164856
19.791807412850083,5.984924896885523,68.2376561164856
19.791807412850083,5.984924896885523,68.2376561164856
19.791807412850083,5.984924896885523,68.2376561164856
19.791807412850083,5.984924896885523,68.2376561164856
19.65188528397301,5.913447477634493,68.2376561164856
19.65188528397301,5.913447477634493,68.2376561164856
19.65188528397301,5.913447477634493,68.2376561164856
19.65188528397301,5.913447477634493,68.2376561164856
19.65188528397301,5.913447477634493,68.2376561164856
19.507505852725885,5.838213879208707,68.2376561164856
19.507505852725885,5.838213879208707,68.2376561164856
19.507505852725885,5.838213879208707,68.2376561164856
19.507505852725885,5.838213879208707,68.2376561164856
19.507505852725885,5.838213879208707,68.2376561164856
19.364016179260638,5.766783237208551,68.2376561164856
19.364016179260638,5.766783237208551,68.2376561164856
19.364016179260638,5.766783237208551,68.2376561164856
19.364016179260638,5.766783237208551,68.2376561164856
19.364016179260638,5.766783237208551,68.2376561164856
19.209826164411503,5.687487667486071,68.2376561164856
19.209826164411503,5.687487667486071,68.2376561164856
19.209826164411503,5.687487667486071,68.2376561164856
19.209826164411503,5.687487667486071,68.2376561164856
19.209826164411503,5.687487667486071,68.2376561164856
19.049308448680044,5.607405152123934,68.2376561164856
19.049308448680044,5.607405152123934,68.2376561164856
19.049308448680044,5.607405152123934,68.2376561164856
19.049308448680044,5.607405152123934,68.2376561164856
19.049308448680044,5.607405152123934,68.2376561164856
18.91384238596446,5.540694128668162,68.2376561164856
18.91384238596446,5.540694128668162,68.2376561164856
18.91384238596446,5.540694128668162,68.2376561164856
18.91384238596446,5.540694128668162,68.2376561164856
18.91384238596446,5.540694128668162,68.2376561164856
18.7658662775966,5.4722105173853866,68.2376561164856
18.7658662775966,5.4722105173853866,68.2376561164856
18.7658662775966,5.4722105173853866,68.2376561164856
18.7658662775966,5.4722105173853866,68.2376561164856
18.7658662775966,5.4722105173853866,68.2376561164856
18.593781727939405,5.387836375755286,68.2376561164856
18.593781727939405,5.387836375755286,68.2376561164856
18.593781727939405,5.387836375755286,68.2376561164856
18.593781727939405,5.387836375755286,68.2376561164856
18.593781727939405,5.387836375755286,68.2376561164856
18.42877854313472,5.311064883262789,68.2376561164856
18.42877854313472,5.311064883262789,68.2376561164856
18.42877854313472,5.311064883262789,68.2376561164856
18.42877854313472,5.311064883262789,68.2376561164856
18.42877854313472,5.311064883262789,68.2376561164856
18.280569096777214,5.249029884062742,68.2376561164856
18.280569096777214,5.249029884062742,68.2376561164856
18.280569096777214,5.249029884062742,68.2376561164856
18.280569096777214,5.249029884062742,68.2376561164856
18.280569096777214,5.249029884062742,68.2376561164856
18.133004611972556,5.185389633483435,68.2376561164856
18.133004611972556,5.185389633483435,68.2376561164856
18.133004611972556,5.185389633483435,68.2376561164856
18.133004611972556,5.185389633483435,68.2376561164856
18.133004611972556,5.185389633483435,68.2376561164856
18.133004611972556,5.185389633483435,68.2376561164856
18.133004611972556,5.185389633483435,68.2376561164856
17.99392772094934,5.121112504477123,68.2376561164856
17.99392772094934,5.121112504477123,68.2376561164856
17.99392772094934,5.121112504477123,68.2376561164856
17.99392772094934,5.121112504477123,68.2376561164856
17.99392772094934,5.121112504477123,68.2376561164856
17.806053661075463,5.038946116667752,68.2376561164856
17.806053661075463,5.038946116667752,68.2376561164856
17.806053661075463,5.038946116667752,68.2376561164856
17.806053661075463,5.038946116667752,68.2376561164856
17.806053661075463,5.038946116667752,68.2376561164856
17.69326218242305,4.982168935828581,68.2376561164856
17.69326218242305,4.982168935828581,68.2376561164856
17.69326218242305,4.982168935828581,68.2376561164856
17.69326218242305,4.982168935828581,68.2376561164856
17.69326218242305,4.982168935828581,68.2376561164856
17.53759238529709,4.896436371922405,68.2376561164856
17.53759238529709,4.896436371922405,68.2376561164856
17.53759238529709,4.896436371922405,68.2376561164856
17.53759238529709,4.896436371922405,68.2376561164856
17.53759238529709,4.896436371922405,68.2376561164856
17.366588993363763,4.808777300436334,68.2376561164856
17.366588993363763,4.808777300436334,68.2376561164856
17.366588993363763,4.808777300436334,68.2376561164856
17.366588993363763,4.808777300436334,68.2376561164856
17.366588993363763,4.808777300436334,68.2376561164856
17.233933238753423,4.754282675382257,68.2376561164856
17.233933238753423,4.754282675382257,68.2376561164856
17.233933238753423,4.754282675382257,68.2376561164856
17.233933238753423,4.754282675382257,68.2376561164856
17.233933238753423,4.754282675382257,68.2376561164856
17.233933238753423,4.754282675382257,68.2376561164856
17.079188672963113,4.705848807868479,68.2376561164856
17.079188672963113,4.705848807868479,68.2376561164856
17.079188672963113,4.705848807868479,68.2376561164856
17.079188672963113,4.705848807868479,68.2376561164856
17.079188672963113,4.705848807868479,68.2376561164856
17.079188672963113,4.705848807868479,68.2376561164856
16.94724771875849,4.66801438947416,68.2376561164856
16.94724771875849,4.66801438947416,68.2376561164856
16.94724771875849,4.66801438947416,68.2376561164856
16.94724771875849,4.66801438947416,68.2376561164856
16.94724771875849,4.66801438947416,68.2376561164856
16.760326304997722,4.587369863806857,68.2376561164856
16.760326304997722,4.587369863806857,68.2376561164856
16.760326304997722,4.587369863806857,68.2376561164856
16.760326304997722,4.587369863806857,68.2376561164856
16.760326304997722,4.587369863806857,68.2376561164856
16.760326304997722,4.587369863806857,68.2376561164856
16.60843042986059,4.514751389356989,68.2376561164856
16.60843042986059,4.514751389356989,68.2376561164856
16.60843042986059,4.514751389356989,68.2376561164856
16.60843042986059,4.514751389356989,68.2376561164856
16.60843042986059,4.514751389356989,68.2376561164856
16.60843042986059,4.514751389356989,68.2376561164856
16.47737932761851,4.457137451079114,68.2376561164856
16.47737932761851,4.457137451079114,68.2376561164856
16.47737932761851,4.457137451079114,68.2376561164856
16.47737932761851,4.457137451079114,68.2376561164856
16.47737932761851,4.457137451079114,68.2376561164856
16.32229232359868,4.395257687621948,68.2376561164856
16.32229232359868,4.395257687621948,68.2376561164856
16.32229232359868,4.395257687621948,68.2376561164856
16.32229232359868,4.395257687621948,68.2376561164856
16.32229232359868,4.395257687621948,68.2376561164856
16.32229232359868,4.395257687621948,68.2376561164856
16.160937674371233,4.334838177046689,68.2376561164856
16.160937674371233,4.334838177046689,68.2376561164856
16.160937674371233,4.334838177046689,68.2376561164856
16.160937674371233,4.334838177046689,68.2376561164856
16.160937674371233,4.334838177046689,68.2376561164856
15.973334713469612,4.2609007532483005,68.2376561164856
15.973334713469612,4.2609007532483005,68.2376561164856
15.973334713469612,4.2609007532483005,68.2376561164856
15.973334713469612,4.2609007532483005,68.2376561164856
15.973334713469612,4.2609007532483005,68.2376561164856
15.973334713469612,4.2609007532483005,68.2376561164856
15.850764272005524,4.216041524672489,68.2376561164856
15.850764272005524,4.216041524672489,68.2376561164856
15.850764272005524,4.216041524672489,68.2376561164856
15.850764272005524,4.216041524672489,68.2376561164856
15.850764272005524,4.216041524672489,68.2376561164856
15.731231553547508,4.165219276815309,68.2376561164856
15.731231553547508,4.165219276815309,68.2376561164856
15.731231553547508,4.165219276815309,68.2376561164856
15.731231553547508,4.165219276815309,68.2376561164856
15.731231553547508,4.165219276815309,68.2376561164856
15.731231553547508,4.165219276815309,68.2376561164856
15.588616156311536,4.112326868267647,68.2376561164856
15.588616156311536,4.112326868267647,68.2376561164856
15.588616156311536,4.112326868267647,68.2376561164856
15.588616156311536,4.112326868267647,68.2376561164856
15.588616156311536,4.112326868267647,68.2376561164856
15.376684464178586,4.033860187169656,68.2376561164856
15.376684464178586,4.033860187169656,68.2376561164856
15.376684464178586,4.033860187169656,68.2376561164856
15.376684464178586,4.033860187169656,68.2376561164856
15.376684464178586,4.033860187169656,68.2376561164856
15.248043760990203,3.9920738784746423,68.2376561164856
15.248043760990203,3.9920738784746423,68.2376561164856
15.248043760990203,3.9920738784746423,68.2376561164856
15.248043760990203,3.9920738784746423,68.2376561164856
15.248043760990203,3.9920738784746423,68.2376561164856
15.248043760990203,3.9920738784746423,68.2376561164856
15.095619238511114,3.9496051292975083,68.2376561164856
15.095619238511114,3.9496051292975083,68.2376561164856
15.095619238511114,3.9496051292975083,68.2376561164856
15.095619238511114,3.9496051292975083,68.2376561164856
15.095619238511114,3.9496051292975083,68.2376561164856
14.936421354291602,3.907110988460617,68.2376561164856
14.936421354291602,3.907110988460617,68.2376561164856
14.936421354291602,3.907110988460617,68.2376561164856
14.936421354291602,3.907110988460617,68.2376561164856
14.936421354291602,3.907110988460617,68.2376561164856
14.758585826200491,3.8648987125080687,68.2376561164856
14.758585826200491,3.8648987125080687,68.2376561164856
14.758585826200491,3.8648987125080687,68.2376561164856
14.758585826200491,3.8648987125080687,68.2376561164856
14.758585826200491,3.8648987125080687,68.2376561164856
14.607550921408423,3.80369846390896,68.2376561164856
14.607550921408423,3.80369846390896,68.2376561164856
14.607550921408423,3.80369846390896,68.2376561164856
14.607550921408423,3.80369846390896,68.2376561164856
14.607550921408423,3.80369846390896,68.2376561164856
14.607550921408423,3.80369846390896,68.2376561164856
14.443342234295331,3.7496166271113562,68.2376561164856
14.443342234295331,3.7496166271113562,68.2376561164856
14.443342234295331,3.7496166271113562,68.2376561164856
14.443342234295331,3.7496166271113562,68.2376561164856
14.443342234295331,3.7496166271113562,68.2376561164856
14.286795412869722,3.7074998645358868,68.2376561164856
14.286795412869722,3.7074998645358868,68.2376561164856
14.286795412869722,3.7074998645358868,68.2376561164856
14.286795412869722,3.7074998645358868,68.2376561164856
14.286795412869722,3.7074998645358868,68.2376561164856
14.286795412869722,3.7074998645358868,68.2376561164856
14.050002623372878,3.6389379723572315,68.2376561164856
14.050002623372878,3.6389379723572315,68.2376561164856
14.050002623372878,3.6389379723572315,68.2376561164856
14.050002623372878,3.6389379723572315,68.2376561164856
14.050002623372878,3.6389379723572315,68.2376561164856
13.90229877667577,3.594425821461382,68.2376561164856
13.90229877667577,3.594425821461382,68.2376561164856
13.90229877667577,3.594425821461382,68.2376561164856
13.90229877667577,3.594425821461382,68.2376561164856
13.90229877667577,3.594425821461382,68.2376561164856
13.90229877667577,3.594425821461382,68.2376561164856
13.755204918186756,3.5443443042486558,68.2376561164856
13.755204918186756,3.5443443042486558,68.2376561164856
13.755204918186756,3.5443443042486558,68.2376561164856
13.755204918186756,3.5443443042486558,68.2376561164856
13.755204918186756,3.5443443042486558,68.2376561164856
13.755204918186756,3.5443443042486558,68.2376561164856
13.519653777017549,3.4692534716862773,68.2376561164856
13.519653777017549,3.4692534716862773,68.2376561164856
13.519653777017549,3.4692534716862773,68.2376561164856
13.519653777017549,3.4692534716862773,68.2376561164856
13.519653777017549,3.4692534716862773,68.2376561164856
13.358552126488616,3.4350424857614392,68.2376561164856
13.358552126488616,3.4350424857614392,68.2376561164856
13.358552126488616,3.4350424857614392,68.2376561164856
13.358552126488616,3.4350424857614392,68.2376561164856
13.358552126488616,3.4350424857614392,68.2376561164856
13.358552126488616,3.4350424857614392,68.2376561164856
13.200365672588195,3.396974549331506,68.2376561164856
13.200365672588195,3.396974549331506,68.2376561164856
13.200365672588195,3.396974549331506,68.2376561164856
13.200365672588195,3.396974549331506,68.2376561164856
13.200365672588195,3.396974549331506,68.2376561164856
13.200365672588195,3.396974549331506,68.2376561164856
13.029823779450961,3.3580503320413637,68.2376561164856
13.029823779450961,3.3580503320413637,68.2376561164856
13.029823779450961,3.3580503320413637,68.2376561164856
13.029823779450961,3.3580503320413637,68.2376561164856
13.029823779450961,3.3580503320413637,68.2376561164856
13.029823779450961,3.3580503320413637,68.2376561164856
12.873584089426584,3.322797802790195,68.2376561164856
12.873584089426584,3.322797802790195,68.2376561164856
12.873584089426584,3.322797802790195,68.2376561164856
12.873584089426584,3.322797802790195,68.2376561164856
12.873584089426584,3.322797802790195,68.2376561164856
12.873584089426584,3.322797802790195,68.2376561164856
12.667078593226744,3.276354788482326,68.2376561164856
12.667078593226744,3.276354788482326,68.2376561164856
12.667078593226744,3.276354788482326,68.2376561164856
12.667078593226744,3.276354788482326,68.2376561164856
12.667078593226744,3.276354788482326,68.2376561164856
12.667078593226744,3.276354788482326,68.2376561164856
12.489537127114417,3.2471787201151194,68.2376561164856
12.489537127114417,3.2471787201151194,68.2376561164856
12.489537127114417,3.2471787201151194,68.2376561164856
12.489537127114417,3.2471787201151194,68.2376561164856
12.489537127114417,3.2471787201151194,68.2376561164856
12.489537127114417,3.2471787201151194,68.2376561164856
12.489537127114417,3.2471787201151194,68.2376561164856
12.24187382104955,3.174733037414568,68.2376561164856
12.24187382104955,3.174733037414568,68.2376561164856
12.24187382104955,3.174733037414568,68.2376561164856
12.24187382104955,3.174733037414568,68.2376561164856
12.24187382104955,3.174733037414568,68.2376561164856
12.24187382104955,3.174733037414568,68.2376561164856
12.24187382104955,3.174733037414568,68.2376561164856
12.086409779875881,3.1196675092768187,68.2376561164856
12.086409779875881,3.1196675092768187,68.2376561164856
12.086409779875881,3.1196675092768187,68.2376561164856
12.086409779875881,3.1196675092768187,68.2376561164856
12.086409779875881,3.1196675092768187,68.2376561164856
12.086409779875881,3.1196675092768187,68.2376561164856
12.086409779875881,3.1196675092768187,68.2376561164856
11.847899922625212,3.0667620020553508,68.2376561164856
11.847899922625212,3.0667620020553508,68.2376561164856
11.847899922625212,3.0667620020553508,68.2376561164856
11.847899922625212,3.0667620020553508,68.2376561164856
11.847899922625212,3.0667620020553508,68.2376561164856
11.604205225859992,3.0170775416216147,68.2376561164856
11.604205225859992,3.0170775416216147,68.2376561164856
11.604205225859992,3.0170775416216147,68.2376561164856
11.604205225859992,3.0170775416216147,68.2376561164856
11.604205225859992,3.0170775416216147,68.2376561164856
11.604205225859992,3.0170775416216147,68.2376561164856
11.604205225859992,3.0170775416216147,68.2376561164856
11.423906276244384,2.9868068072021856,68.2376561164856
11.423906276244384,2.9868068072021856,68.2376561164856
11.423906276244384,2.9868068072021856,68.2376561164856
11.423906276244384,2.9868068072021856,68.2376561164856
11.423906276244384,2.9868068072021856,68.2376561164856
11.423906276244384,2.9868068072021856,68.2376561164856
11.423906276244384,2.9868068072021856,68.2376561164856
11.144041916555397,2.932542467329398,68.2376561164856
11.144041916555397,2.932542467329398,68.2376561164856
11.144041916555397,2.932542467329398,68.2376561164856
11.144041916555397,2.932542467329398,68.2376561164856
11.144041916555397,2.932542467329398,68.2376561164856
11.144041916555397,2.932542467329398,68.2376561164856
11.144041916555397,2.932542467329398,68.2376561164856
11.144041916555397,2.932542467329398,68.2376561164856
10.89583920629012,2.880325225839075,68.2376561164856
10.89583920629012,2.880325225839075,68.2376561164856
10.89583920629012,2.880325225839075,68.2376561164856
10.89583920629012,2.880325225839075,68.2376561164856
10.89583920629012,2.880325225839075,68.2376561164856
10.89583920629012,2.880325225839075,68.2376561164856
10.89583920629012,2.880325225839075,68.2376561164856
10.89583920629012,2.880325225839075,68.2376561164856
10.65651350890524,2.839605292206788,68.2376561164856
10.65651350890524,2.839605292206788,68.2376561164856
10.65651350890524,2.839605292206788,68.2376561164856
10.65651350890524,2.839605292206788,68.2376561164856
10.65651350890524,2.839605292206788,68.2376561164856
10.65651350890524,2.839605292206788,68.2376561164856
10.65651350890524,2.839605292206788,68.2376561164856
10.65651350890524,2.839605292206788,68.2376561164856
10.426639948295545,2.795906613176673,68.2376561164856
10.426639948295545,2.795906613176673,68.2376561164856
10.426639948295545,2.795906613176673,68.2376561164856
10.426639948295545,2.795906613176673,68.2376561164856
10.426639948295545,2.795906613176673,68.2376561164856
10.426639948295545,2.795906613176673,68.2376561164856
10.426639948295545,2.795906613176673,68.2376561164856
10.426639948295545,2.795906613176673,68.2376561164856
10.220994470830322,2.755283548730992,68.2376561164856
10.220994470830322,2.755283548730992,68.2376561164856
10.220994470830322,2.755283548730992,68.2376561164856
10.220994470830322,2.755283548730992,68.2376561164856
10.220994470830322,2.755283548730992,68.2376561164856
10.220994470830322,2.755283548730992,68.2376561164856
10.220994470830322,2.755283548730992,68.2376561164856
10.220994470830322,2.755283548730992,68.2376561164856
9.904567672808149,2.6762971987973527,68.2376561164856
9.904567672808149,2.6762971987973527,68.2376561164856
9.904567672808149,2.6762971987973527,68.2376561164856
9.904567672808149,2.6762971987973527,68.2376561164856
9.904567672808149,2.6762971987973527,68.2376561164856
9.904567672808149,2.6762971987973527,68.2376561164856
9.66403390966091,2.624898015744329,68.2376561164856
9.66403390966091,2.624898015744329,68.2376561164856
9.66403390966091,2.624898015744329,68.2376561164856
9.66403390966091,2.624898015744329,68.2376561164856
9.66403390966091,2.624898015744329,68.2376561164856
9.66403390966091,2.624898015744329,68.2376561164856
9.66403390966091,2.624898015744329,68.2376561164856
9.66403390966091,2.624898015744329,68.2376561164856
9.66403390966091,2.624898015744329,68.2376561164856
9.51472046883397,2.5985105117233434,68.2376561164856
9.51472046883397,2.5985105117233434,68.2376561164856
9.51472046883397,2.5985105117233434,68.2376561164856
9.51472046883397,2.5985105117233434,68.2376561164856
9.51472046883397,2.5985105117233434,68.2376561164856
9.51472046883397,2.5985105117233434,68.2376561164856
9.51472046883397,2.5985105117233434,68.2376561164856
9.51472046883397,2.5985105117233434,68.2376561164856
9.51472046883397,2.5985105117233434,68.2376561164856
9.221241532835327,2.5356418834893466,68.2376561164856
9.221241532835327,2.5356418834893466,68.2376561164856
9.221241532835327,2.5356418834893466,68.2376561164856
9.221241532835327,2.5356418834893466,68.2376561164856
9.221241532835327,2.5356418834893466,68.2376561164856
9.221241532835327,2.5356418834893466,68.2376561164856
9.221241532835327,2.5356418834893466,68.2376561164856
9.221241532835327,2.5356418834893466,68.2376561164856
8.99827539262303,2.474000719282164,68.2376561164856
8.99827539262303,2.474000719282164,68.2376561164856
8.99827539262303,2.474000719282164,68.2376561164856
8.99827539262303,2.474000719282164,68.2376561164856
8.99827539262303,2.474000719282164,68.2376561164856
8.99827539262303,2.474000719282164,68.2376561164856
8.99827539262303,2.474000719282164,68.2376561164856
8.99827539262303,2.474000719282164,68.2376561164856
8.820760857986118,2.4357792880547717,68.2376561164856
8.820760857986118,2.4357792880547717,68.2376561164856
8.820760857986118,2.4357792880547717,68.2376561164856
8.820760857986118,2.4357792880547717,68.2376561164856
8.820760857986118,2.4357792880547717,68.2376561164856
8.820760857986118,2.4357792880547717,68.2376561164856
8.820760857986118,2.4357792880547717,68.2376561164856
8.541333995283637,2.3603082677647396,68.2376561164856
8.541333995283637,2.3603082677647396,68.2376561164856
8.541333995283637,2.3603082677647396,68.2376561164856
8.541333995283637,2.3603082677647396,68.2376561164856
8.541333995283637,2.3603082677647396,68.2376561164856
8.541333995283637,2.3603082677647396,68.2376561164856
8.541333995283637,2.3603082677647396,68.2376561164856
8.400544138160642,2.33333885537686,68.2376561164856
8.400544138160642,2.33333885537686,68.2376561164856
8.400544138160642,2.33333885537686,68.2376561164856
8.400544138160642,2.33333885537686,68.2376561164856
8.400544138160642,2.33333885537686,68.2376561164856
8.400544138160642,2.33333885537686,68.2376561164856
8.400544138160642,2.33333885537686,68.2376561164856
8.192684167675807,2.27464395372449,68.2376561164856
8.192684167675807,2.27464395372449,68.2376561164856
8.192684167675807,2.27464395372449,68.2376561164856
8.192684167675807,2.27464395372449,68.2376561164856
8.192684167675807,2.27464395372449,68.2376561164856
8.192684167675807,2.27464395372449,68.2376561164856
7.992898407898085,2.212523676814171,68.2376561164856
7.992898407898085,2.212523676814171,68.2376561164856
7.992898407898085,2.212523676814171,68.2376561164856
7.992898407898085,2.212523676814171,68.2376561164856
7.992898407898085,2.212523676814171,68.2376561164856
7.992898407898085,2.212523676814171,68.2376561164856
7.832314755679203,2.165802723863139,68.2376561164856
7.832314755679203,2.165802723863139,68.2376561164856
7.832314755679203,2.165802723863139,68.2376561164856
7.832314755679203,2.165802723863139,68.2376561164856
7.832314755679203,2.165802723863139,68.2376561164856
7.832314755679203,2.165802723863139,68.2376561164856
7.6258751023356846,2.095214709919117,68.2376561164856
7.6258751023356846,2.095214709919117,68.2376561164856
7.6258751023356846,2.095214709919117,68.2376561164856
7.6258751023356846,2.095214709919117,68.2376561164856
7.6258751023356846,2.095214709919117,68.2376561164856
7.6258751023356846,2.095214709919117,68.2376561164856
7.6258751023356846,2.095214709919117,68.2376561164856
7.470503557856445,2.0487790739825225,68.2376561164856
7.470503557856445,2.0487790739825225,68.2376561164856
7.470503557856445,2.0487790739825225,68.2376561164856
7.470503557856445,2.0487790739825225,68.2376561164856
7.470503557856445,2.0487790739825225,68.2376561164856
7.470503557856445,2.0487790739825225,68.2376561164856
7.470503557856445,2.0487790739825225,68.2376561164856
7.470503557856445,2.0487790739825225,68.2376561164856
7.286172914386951,1.9805355530472781,68.2376561164856
7.286172914386951,1.9805355530472781,68.2376561164856
7.286172914386951,1.9805355530472781,68.2376561164856
7.286172914386951,1.9805355530472781,68.2376561164856
7.286172914386951,1.9805355530472781,68.2376561164856
7.286172914386951,1.9805355530472781,68.2376561164856
7.286172914386951,1.9805355530472781,68.2376561164856
7.286172914386951,1.9805355530472781,68.2376561164856
7.0810512501220195,1.9136819023218705,68.2376561164856
7.0810512501220195,1.9136819023218705,68.2376561164856
7.0810512501220195,1.9136819023218705,68.2376561164856
7.0810512501220195,1.9136819023218705,68.2376561164856
7.0810512501220195,1.9136819023218705,68.2376561164856
7.0810512501220195,1.9136819023218705,68.2376561164856
7.0810512501220195,1.9136819023218705,68.2376561164856
7.0810512501220195,1.9136819023218705,68.2376561164856
7.0810512501220195,1.9136819023218705,68.2376561164856
6.836790268494879,1.8537110085531037,68.2376561164856
6.836790268494879,1.8537110085531037,68.2376561164856
6.836790268494879,1.8537110085531037,68.2376561164856
6.836790268494879,1.8537110085531037,68.2376561164856
6.836790268494879,1.8537110085531037,68.2376561164856
6.836790268494879,1.8537110085531037,68.2376561164856
6.836790268494879,1.8537110085531037,68.2376561164856
6.836790268494879,1.8537110085531037,68.2376561164856
6.56078497787984,1.7650852916541333,68.2376561164856
6.56078497787984,1.7650852916541333,68.2376561164856
6.56078497787984,1.7650852916541333,68.2376561164856
6.56078497787984,1.7650852916541333,68.2376561164856
6.56078497787984,1.7650852916541333,68.2376561164856
6.56078497787984,1.7650852916541333,68.2376561164856
6.56078497787984,1.7650852916541333,68.2376561164856
6.56078497787984,1.7650852916541333,68.2376561164856
6.56078497787984,1.7650852916541333,68.2376561164856
6.354518834746128,1.69580037173895,68.2376561164856
6.354518834746128,1.69580037173895,68.2376561164856
6.354518834746128,1.69580037173895,68.2376561164856
6.354518834746128,1.69580037173895,68.2376561164856
6.354518834746128,1.69580037173895,68.2376561164856
6.354518834746128,1.69580037173895,68.2376561164856
6.354518834746128,1.69580037173895,68.2376561164856
6.354518834746128,1.69580037173895,68.2376561164856
6.093192956486978,1.618604714306099,68.2376561164856
6.093192956486978,1.618604714306099,68.2376561164856
6.093192956486978,1.618604714306099,68.2376561164856
6.093192956486978,1.618604714306099,68.2376561164856
6.093192956486978,1.618604714306099,68.2376561164856
6.093192956486978,1.618604714306099,68.2376561164856
6.093192956486978,1.618604714306099,68.2376561164856
5.899828878503123,1.570602255422522,68.2376561164856
5.899828878503123,1.570602255422522,68.2376561164856
5.899828878503123,1.570602255422522,68.2376561164856
5.899828878503123,1.570602255422522,68.2376561164856
5.899828878503123,1.570602255422522,68.2376561164856
5.899828878503123,1.570602255422522,68.2376561164856
5.899828878503123,1.570602255422522,68.2376561164856
5.6758667491044195,1.5044349952829368,68.2376561164856
5.6758667491044195,1.5044349952829368,68.2376561164856
5.6758667491044195,1.5044349952829368,68.2376561164856
5.6758667491044195,1.5044349952829368,68.2376561164856
5.6758667491044195,1.5044349952829368,68.2376561164856
5.6758667491044195,1.5044349952829368,68.2376561164856
5.47978498711399,1.4464966032220068,68.2376561164856
5.47978498711399,1.4464966032220068,68.2376561164856
5.47978498711399,1.4464966032220068,68.2376561164856
5.47978498711399,1.4464966032220068,68.2376561164856
5.47978498711399,1.4464966032220068,68.2376561164856
5.47978498711399,1.4464966032220068,68.2376561164856
5.47978498711399,1.4464966032220068,68.2376561164856
5.321103043440829,1.398114955235188,68.2376561164856
5.321103043440829,1.398114955235188,68.2376561164856
5.321103043440829,1.398114955235188,68.2376561164856
5.321103043440829,1.398114955235188,68.2376561164856
5.321103043440829,1.398114955235188,68.2376561164856
5.321103043440829,1.398114955235188,68.2376561164856
5.065531422631337,1.3351185284493237,68.2376561164856
5.065531422631337,1.3351185284493237,68.2376561164856
5.065531422631337,1.3351185284493237,68.2376561164856
5.065531422631337,1.3351185284493237,68.2376561164856
5.065531422631337,1.3351185284493237,68.2376561164856
5.065531422631337,1.3351185284493237,68.2376561164856
5.065531422631337,1.3351185284493237,68.2376561164856
4.894359242398811,1.2973441914325274,68.2376561164856
4.894359242398811,1.2973441914325274,68.2376561164856
4.894359242398811,1.2973441914325274,68.2376561164856
4.894359242398811,1.2973441914325274,68.2376561164856
4.894359242398811,1.2973441914325274,68.2376561164856
4.894359242398811,1.2973441914325274,68.2376561164856
4.894359242398811,1.2973441914325274,68.2376561164856
4.663406230503679,1.2522263625837298,68.2376561164856
4.663406230503679,1.2522263625837298,68.2376561164856
4.663406230503679,1.2522263625837298,68.2376561164856
4.663406230503679,1.2522263625837298,68.2376561164856
4.663406230503679,1.2522263625837298,68.2376561164856
4.663406230503679,1.2522263625837298,68.2376561164856
4.455281844092376,1.1883605543027296,68.2376561164856
4.455281844092376,1.1883605543027296,68.2376561164856
4.455281844092376,1.1883605543027296,68.2376561164856
4.455281844092376,1.1883605543027296,68.2376561164856
4.455281844092376,1.1883605543027296,68.2376561164856
4.455281844092376,1.1883605543027296,68.2376561164856
4.2956458667174084,1.1495720736452486,68.2376561164856
4.2956458667174084,1.1495720736452486,68.2376561164856
4.2956458667174084,1.1495720736452486,68.2376561164856
4.2956458667174084,1.1495720736452486,68.2376561164856
4.2956458667174084,1.1495720736452486,68.2376561164856
4.2956458667174084,1.1495720736452486,68.2376561164856
4.2956458667174084,1.1495720736452486,68.2376561164856
4.068797157939231,1.1054942903703078,68.2376561164856
4.068797157939231,1.1054942903703078,68.2376561164856
4.068797157939231,1.1054942903703078,68.2376561164856
4.068797157939231,1.1054942903703078,68.2376561164856
4.068797157939231,1.1054942903703078,68.2376561164856
4.068797157939231,1.1054942903703078,68.2376561164856
4.068797157939231,1.1054942903703078,68.2376561164856
3.8620318898248867,1.067462347989951,68.2376561164856
3.8620318898248867,1.067462347989951,68.2376561164856
3.8620318898248867,1.067462347989951,68.2376561164856
3.8620318898248867,1.067462347989951,68.2376561164856
3.8620318898248867,1.067462347989951,68.2376561164856
3.8620318898248867,1.067462347989951,68.2376561164856
3.8620318898248867,1.067462347989951,68.2376561164856
3.612328625319332,1.0037263635067668,68.2376561164856
3.612328625319332,1.0037263635067668,68.2376561164856
3.612328625319332,1.0037263635067668,68.2376561164856
3.612328625319332,1.0037263635067668,68.2376561164856
3.612328625319332,1.0037263635067668,68.2376561164856
3.371223912554308,0.9361259230406889,68.2376561164856
3.371223912554308,0.9361259230406889,68.2376561164856
3.371223912554308,0.9361259230406889,68.2376561164856
3.371223912554308,0.9361259230406889,68.2376561164856
3.371223912554308,0.9361259230406889,68.2376561164856
3.371223912554308,0.9361259230406889,68.2376561164856
3.371223912554308,0.9361259230406889,68.2376561164856
3.2277998312395737,0.8916278546724837,68.2376561164856
3.2277998312395737,0.8916278546724837,68.2376561164856
3.2277998312395737,0.8916278546724837,68.2376561164856
3.2277998312395737,0.8916278546724837,68.2376561164856
3.2277998312395737,0.8916278546724837,68.2376561164856
3.2277998312395737,0.8916278546724837,68.2376561164856
3.0111075530942517,0.8312339539954376,68.2376561164856
3.0111075530942517,0.8312339539954376,68.2376561164856
3.0111075530942517,0.8312339539954376,68.2376561164856
3.0111075530942517,0.8312339539954376,68.2376561164856
3.0111075530942517,0.8312339539954376,68.2376561164856
2.875467270055525,0.7950780645054982,68.2376561164856
2.875467270055525,0.7950780645054982,68.2376561164856
2.875467270055525,0.7950780645054982,68.2376561164856
2.875467270055525,0.7950780645054982,68.2376561164856
2.875467270055525,0.7950780645054982,68.2376561164856
2.6789553412708784,0.7417355277274201,68.2376561164856
2.6789553412708784,0.7417355277274201,68.2376561164856
2.6789553412708784,0.7417355277274201,68.2376561164856
2.6789553412708784,0.7417355277274201,68.2376561164856
2.6789553412708784,0.7417355277274201,68.2376561164856
2.502894347644581,0.7026412693633801,68.2376561164856
2.502894347644581,0.7026412693633801,68.2376561164856
2.502894347644581,0.7026412693633801,68.2376561164856
2.502894347644581,0.7026412693633801,68.2376561164856
2.502894347644581,0.7026412693633801,68.2376561164856
2.3768176748720964,0.6742773464041114,68.2376561164856
2.3768176748720964,0.6742773464041114,68.2376561164856
2.3768176748720964,0.6742773464041114,68.2376561164856
2.3768176748720964,0.6742773464041114,68.2376561164856
2.3768176748720964,0.6742773464041114,68.2376561164856
2.3768176748720964,0.6742773464041114,68.2376561164856
2.2360979533755594,0.6391880919178694,68.2376561164856
2.2360979533755594,0.6391880919178694,68.2376561164856
2.2360979533755594,0.6391880919178694,68.2376561164856
2.2360979533755594,0.6391880919178694,68.2376561164856
2.2360979533755594,0.6391880919178694,68.2376561164856
1.9843843407124022,0.5761448612406352,68.2376561164856
1.9843843407124022,0.5761448612406352,68.2376561164856
1.9843843407124022,0.5761448612406352,68.2376561164856
1.9843843407124022,0.5761448612406352,68.2376561164856
1.9843843407124022,0.5761448612406352,68.2376561164856
1.9843843407124022,0.5761448612406352,68.2376561164856
1.8469437042603576,0.5432008172062933,68.2376561164856
1.8469437042603576,0.5432008172062933,68.2376561164856
1.8469437042603576,0.5432008172062933,68.2376561164856
1.8469437042603576,0.5432008172062933,68.2376561164856
1.8469437042603576,0.5432008172062933,68.2376561164856
1.8469437042603576,0.5432008172062933,68.2376561164856
1.7110618530962802,0.5037225162530093,68.2376561164856
1.7110618530962802,0.5037225162530093,68.2376561164856
1.7110618530962802,0.5037225162530093,68.2376561164856
1.7110618530962802,0.5037225162530093,68.2376561164856
1.7110618530962802,0.5037225162530093,68.2376561164856
1.7110618530962802,0.5037225162530093,68.2376561164856
1.603935796312843,0.47629039137423196,68.2376561164856
1.603935796312843,0.47629039137423196,68.2376561164856
1.603935796312843,0.47629039137423196,68.2376561164856
1.603935796312843,0.47629039137423196,68.2376561164856
1.603935796312843,0.47629039137423196,68.2376561164856
1.603935796312843,0.47629039137423196,68.2376561164856
1.4174061226658745,0.42388300343693386,68.2376561164856
1.4174061226658745,0.42388300343693386,68.2376561164856
1.4174061226658745,0.42388300343693386,68.2376561164856
1.4174061226658745,0.42388300343693386,68.2376561164856
1.4174061226658745,0.42388300343693386,68.2376561164856
1.4174061226658745,0.42388300343693386,68.2376561164856
1.272818425109595,0.38880511156038106,68.2376561164856
1.272818425109595,0.38880511156038106,68.2376561164856
1.272818425109595,0.38880511156038106,68.2376561164856
1.272818425109595,0.38880511156038106,68.2376561164856
1.272818425109595,0.38880511156038106,68.2376561164856
1.272818425109595,0.38880511156038106,68.2376561164856
1.272818425109595,0.38880511156038106,68.2376561164856
1.0522769746962986,0.3330757060306291,68.2376561164856
1.0522769746962986,0.3330757060306291,68.2376561164856
1.0522769746962986,0.3330757060306291,68.2376561164856
1.0522769746962986,0.3330757060306291,68.2376561164856
1.0522769746962986,0.3330757060306291,68.2376561164856
1.0522769746962986,0.3330757060306291,68.2376561164856
0.9642112986984992,0.30526708859892104,68.2376561164856
0.9642112986984992,0.30526708859892104,68.2376561164856
0.9642112986984992,0.30526708859892104,68.2376561164856
0.9642112986984992,0.30526708859892104,68.2376561164856
0.9642112986984992,0.30526708859892104,68.2376561164856
0.9642112986984992,0.30526708859892104,68.2376561164856
0.9642112986984992,0.30526708859892104,68.2376561164856
0.7775482524665684,0.256001046144789,68.2376561164856
0.7775482524665684,0.256001046144789,68.2376561164856
0.7775482524665684,0.256001046144789,68.2376561164856
0.7775482524665684,0.256001046144789,68.2376561164856
0.7775482524665684,0.256001046144789,68.2376561164856
0.6453255309075749,0.212928327123834,68.2376561164856
0.6453255309075749,0.212928327123834,68.2376561164856
0.6453255309075749,0.212928327123834,68.2376561164856
0.6453255309075749,0.212928327123834,68.2376561164856
0.6453255309075749,0.212928327123834,68.2376561164856
0.6453255309075749,0.212928327123834,68.2376561164856
0.4679583454192545,0.15890971519583755,68.2376561164856
0.4679583454192545,0.15890971519583755,68.2376561164856
0.4679583454192545,0.15890971519583755,68.2376561164856
0.4679583454192545,0.15890971519583755,68.2376561164856
0.4679583454192545,0.15890971519583755,68.2376561164856
0.32902524686210444,0.11361904247550501,68.2376561164856
0.32902524686210444,0.11361904247550501,68.2376561164856
0.32902524686210444,0.11361904247550501,68.2376561164856
0.32902524686210444,0.11361904247550501,68.2376561164856
0.32902524686210444,0.11361904247550501,68.2376561164856
0.1982033149037512,0.07299325336061065,68.2376561164856
0.1982033149037512,0.07299325336061065,68.2376561164856
0.1982033149037512,0.07299325336061065,68.2376561164856
0.1982033149037512,0.07299325336061065,68.2376561164856
0.1982033149037512,0.07299325336061065,68.2376561164856
0.1982033149037512,0.07299325336061065,68.2376561164856
0.1982033149037512,0.07299325336061065,68.2376561164856
0.048265392082832786,0.0308796254987444,68.2376561164856
0.048265392082832786,0.0308796254987444,68.2376561164856
0.048265392082832786,0.0308796254987444,68.2376561164856
0.048265392082832786,0.0308796254987444,68.2376561164856
0.048265392082832786,0.0308796254987444,68.2376561164856
0.048265392082832786,0.0308796254987444,68.2376561164856
-0.15502558976382882,-0.01726174547329998,68.2376561164856
-0.15502558976382882,-0.01726174547329998,68.2376561164856
-0.15502558976382882,-0.01726174547329998,68.2376561164856
-0.15502558976382882,-0.01726174547329998,68.2376561164856
-0.15502558976382882,-0.01726174547329998,68.2376561164856
-0.28570826553865236,-0.048953193841515655,68.2376561164856
-0.28570826553865236,-0.048953193841515655,68.2376561164856
-0.28570826553865236,-0.048953193841515655,68.2376561164856
-0.28570826553865236,-0.048953193841515655,68.2376561164856
-0.28570826553865236,-0.048953193841515655,68.2376561164856
-0.28570826553865236,-0.048953193841515655,68.2376561164856
-0.48652643577801086,-0.1000369277412325,68.2376561164856
-0.48652643577801086,-0.1000369277412325,68.2376561164856
-0.48652643577801086,-0.1000369277412325,68.2376561164856
-0.48652643577801086,-0.1000369277412325,68.2376561164856
-0.48652643577801086,-0.1000369277412325,68.2376561164856
-0.7439322467182841,-0.16242706588150996,68.2376561164856
-0.7439322467182841,-0.16242706588150996,68.2376561164856
-0.7439322467182841,-0.16242706588150996,68.2376561164856
-0.7439322467182841,-0.16242706588150996,68.2376561164856
-0.7439322467182841,-0.16242706588150996,68.2376561164856
-0.7439322467182841,-0.16242706588150996,68.2376561164856
-0.8234275628259294,-0.188028414394766,68.2376561164856
-0.8234275628259294,-0.188028414394766,68.2376561164856
-0.8234275628259294,-0.188028414394766,68.2376561164856
-0.8234275628259294,-0.188028414394766,68.2376561164856
-0.8234275628259294,-0.188028414394766,68.2376561164856
-1.0762796395159842,-0.2610140322902575,68.2376561164856
-1.0762796395159842,-0.2610140322902575,68.2376561164856
-1.0762796395159842,-0.2610140322902575,68.2376561164856
-1.0762796395159842,-0.2610140322902575,68.2376561164856
-1.0762796395159842,-0.2610140322902575,68.2376561164856
-1.0762796395159842,-0.2610140322902575,68.2376561164856
-1.0762796395159842,-0.2610140322902575,68.2376561164856
-1.0762796395159842,-0.2610140322902575,68.2376561164856
-1.2160217368248007,-0.3043689423311877,68.2376561164856
-1.2160217368248007,-0.3043689423311877,68.2376561164856
-1.2160217368248007,-0.3043689423311877,68.2376561164856
-1.2160217368248007,-0.3043689423311877,68.2376561164856
-1.2160217368248007,-0.3043689423311877,68.2376561164856
-1.2160217368248007,-0.3043689423311877,68.2376561164856
-1.2160217368248007,-0.3043689423311877,68.2376561164856
-1.2160217368248007,-0.3043689423311877,68.2376561164856
-1.5382034121583836,-0.3941186311543835,68.2376561164856
-1.5382034121583836,-0.3941186311543835,68.2376561164856
-1.5382034121583836,-0.3941186311543835,68.2376561164856
-1.5382034121583836,-0.3941186311543835,68.2376561164856
-1.5382034121583836,-0.3941186311543835,68.2376561164856
-1.5382034121583836,-0.3941186311543835,68.2376561164856
-1.688500053530578,-0.42968662900147125,68.2376561164856
-1.688500053530578,-0.42968662900147125,68.2376561164856
-1.688500053530578,-0.42968662900147125,68.2376561164856
-1.688500053530578,-0.42968662900147125,68.2376561164856
-1.688500053530578,-0.42968662900147125,68.2376561164856
-1.688500053530578,-0.42968662900147125,68.2376561164856
-1.9632522797667202,-0.48337745173862473,68.2376561164856
-1.9632522797667202,-0.48337745173862473,68.2376561164856
-1.9632522797667202,-0.48337745173862473,68.2376561164856
-1.9632522797667202,-0.48337745173862473,68.2376561164856
-1.9632522797667202,-0.48337745173862473,68.2376561164856
-2.072147835465246,-0.5145760387516898,68.2376561164856
-2.072147835465246,-0.5145760387516898,68.2376561164856
-2.072147835465246,-0.5145760387516898,68.2376561164856
-2.072147835465246,-0.5145760387516898,68.2376561164856
-2.072147835465246,-0.5145760387516898,68.2376561164856
-2.072147835465246,-0.5145760387516898,68.2376561164856
-2.196826945286654,-0.5408603894691458,68.2376561164856
-2.196826945286654,-0.5408603894691458,68.2376561164856
-2.196826945286654,-0.5408603894691458,68.2376561164856
-2.196826945286654,-0.5408603894691458,68.2376561164856
-2.196826945286654,-0.5408603894691458,68.2376561164856
-2.196826945286654,-0.5408603894691458,68.2376561164856
-2.4404266350427464,-0.6008235341983279,68.2376561164856
-2.4404266350427464,-0.6008235341983279,68.2376561164856
-2.4404266350427464,-0.6008235341983279,68.2376561164856
-2.4404266350427464,-0.6008235341983279,68.2376561164856
-2.4404266350427464,-0.6008235341983279,68.2376561164856
-2.5332772933376506,-0.6098845562003034,68.2376561164856
-2.5332772933376506,-0.6098845562003034,68.2376561164856
-2.5332772933376506,-0.6098845562003034,68.2376561164856
-2.5332772933376506,-0.6098845562003034,68.2376561164856
-2.5332772933376506,-0.6098845562003034,68.2376561164856
-2.5332772933376506,-0.6098845562003034,68.2376561164856
-2.638790242493567,-0.6345691010849291,68.2376561164856
-2.638790242493567,-0.6345691010849291,68.2376561164856
-2.638790242493567,-0.6345691010849291,68.2376561164856
-2.638790242493567,-0.6345691010849291,68.2376561164856
-2.638790242493567,-0.6345691010849291,68.2376561164856
-2.638790242493567,-0.6345691010849291,68.2376561164856
-2.8634113842213025,-0.6939149477155171,68.2376561164856
-2.8634113842213025,-0.6939149477155171,68.2376561164856
-2.8634113842213025,-0.6939149477155171,68.2376561164856
-2.8634113842213025,-0.6939149477155171,68.2376561164856
-2.8634113842213025,-0.6939149477155171,68.2376561164856
-3.0815765946695883,-0.7544739051756942,68.2376561164856
-3.0815765946695883,-0.7544739051756942,68.2376561164856
-3.0815765946695883,-0.7544739051756942,68.2376561164856
-3.0815765946695883,-0.7544739051756942,68.2376561164856
-3.0815765946695883,-0.7544739051756942,68.2376561164856
-3.0815765946695883,-0.7544739051756942,68.2376561164856
-3.2078837142850736,-0.7936593429582668,68.2376561164856
-3.2078837142850736,-0.7936593429582668,68.2376561164856
-3.2078837142850736,-0.7936593429582668,68.2376561164856
-3.2078837142850736,-0.7936593429582668,68.2376561164856
-3.2078837142850736,-0.7936593429582668,68.2376561164856
-3.2078837142850736,-0.7936593429582668,68.2376561164856
-3.2804504327722825,-0.815535653973635,68.2376561164856
-3.2804504327722825,-0.815535653973635,68.2376561164856
-3.2804504327722825,-0.815535653973635,68.2376561164856
-3.2804504327722825,-0.815535653973635,68.2376561164856
-3.2804504327722825,-0.815535653973635,68.2376561164856
-3.2804504327722825,-0.815535653973635,68.2376561164856
-3.5219614995085196,-0.8750453227383348,68.2376561164856
-3.5219614995085196,-0.8750453227383348,68.2376561164856
-3.5219614995085196,-0.8750453227383348,68.2376561164856
-3.5219614995085196,-0.8750453227383348,68.2376561164856
-3.5219614995085196,-0.8750453227383348,68.2376561164856
-3.6715494563512734,-0.9099515104506878,68.2376561164856
-3.6715494563512734,-0.9099515104506878,68.2376561164856
-3.6715494563512734,-0.9099515104506878,68.2376561164856
-3.6715494563512734,-0.9099515104506878,68.2376561164856
-3.6715494563512734,-0.9099515104506878,68.2376561164856
-3.6715494563512734,-0.9099515104506878,68.2376561164856
-3.7784653168305966,-0.9314043602674924,68.2376561164856
-3.7784653168305966,-0.9314043602674924,68.2376561164856
-3.7784653168305966,-0.9314043602674924,68.2376561164856
-3.7784653168305966,-0.9314043602674924,68.2376561164856
-3.7784653168305966,-0.9314043602674924,68.2376561164856
-3.9302097007974814,-0.9776742997420472,68.2376561164856
-3.9302097007974814,-0.9776742997420472,68.2376561164856
-3.9302097007974814,-0.9776742997420472,68.2376561164856
-3.9302097007974814,-0.9776742997420472,68.2376561164856
-3.9302097007974814,-0.9776742997420472,68.2376561164856
-3.9302097007974814,-0.9776742997420472,68.2376561164856
-4.063750439820668,-1.0219542157749668,68.2376561164856
-4.063750439820668,-1.0219542157749668,68.2376561164856
-4.063750439820668,-1.0219542157749668,68.2376561164856
-4.063750439820668,-1.0219542157749668,68.2376561164856
-4.063750439820668,-1.0219542157749668,68.2376561164856
-4.199957108457109,-1.0720671150336076,68.2376561164856
-4.199957108457109,-1.0720671150336076,68.2376561164856
-4.199957108457109,-1.0720671150336076,68.2376561164856
-4.199957108457109,-1.0720671150336076,68.2376561164856
-4.199957108457109,-1.0720671150336076,68.2376561164856
-4.346196548072562,-1.101371618516179,68.2376561164856
-4.346196548072562,-1.101371618516179,68.2376561164856
-4.346196548072562,-1.101371618516179,68.2376561164856
-4.346196548072562,-1.101371618516179,68.2376561164856
-4.346196548072562,-1.101371618516179,68.2376561164856
-4.451400119568359,-1.1145760944330059,68.2376561164856
-4.451400119568359,-1.1145760944330059,68.2376561164856
-4.451400119568359,-1.1145760944330059,68.2376561164856
-4.451400119568359,-1.1145760944330059,68.2376561164856
-4.451400119568359,-1.1145760944330059,68.2376561164856
-4.451400119568359,-1.1145760944330059,68.2376561164856
-4.57711817338226,-1.1422363234359116,68.2376561164856
-4.57711817338226,-1.1422363234359116,68.2376561164856
-4.57711817338226,-1.1422363234359116,68.2376561164856
-4.57711817338226,-1.1422363234359116,68.2376561164856
-4.57711817338226,-1.1422363234359116,68.2376561164856
-4.632784975091561,-1.1614838126501994,68.2376561164856
-4.632784975091561,-1.1614838126501994,68.2376561164856
-4.632784975091561,-1.1614838126501994,68.2376561164856
-4.632784975091561,-1.1614838126501994,68.2376561164856
-4.632784975091561,-1.1614838126501994,68.2376561164856
-4.632784975091561,-1.1614838126501994,68.2376561164856
-4.841505757974939,-1.2295961917389702,68.2376561164856
-4.841505757974939,-1.2295961917389702,68.2376561164856
-4.841505757974939,-1.2295961917389702,68.2376561164856
-4.841505757974939,-1.2295961917389702,68.2376561164856
-4.841505757974939,-1.2295961917389702,68.2376561164856
-5.020309503530591,-1.2969702401232261,68.2376561164856
-5.020309503530591,-1.2969702401232261,68.2376561164856
-5.020309503530591,-1.2969702401232261,68.2376561164856
-5.020309503530591,-1.2969702401232261,68.2376561164856
-5.020309503530591,-1.2969702401232261,68.2376561164856
-5.020309503530591,-1.2969702401232261,68.2376561164856
-5.147699228144992,-1.3417305607051788,68.2376561164856
-5.147699228144992,-1.3417305607051788,68.2376561164856
-5.147699228144992,-1.3417305607051788,68.2376561164856
-5.147699228144992,-1.3417305607051788,68.2376561164856
-5.147699228144992,-1.3417305607051788,68.2376561164856
-5.304636800662774,-1.38943782239569,68.2376561164856
-5.304636800662774,-1.38943782239569,68.2376561164856
-5.304636800662774,-1.38943782239569,68.2376561164856
-5.304636800662774,-1.38943782239569,68.2376561164856
-5.304636800662774,-1.38943782239569,68.2376561164856
-5.412528682127972,-1.4251127940761688,68.2376561164856
-5.412528682127972,-1.4251127940761688,68.2376561164856
-5.412528682127972,-1.4251127940761688,68.2376561164856
-5.412528682127972,-1.4251127940761688,68.2376561164856
-5.412528682127972,-1.4251127940761688,68.2376561164856
-5.412528682127972,-1.4251127940761688,68.2376561164856
-5.518232875363831,-1.4453902005086832,68.2376561164856
-5.518232875363831,-1.4453902005086832,68.2376561164856
-5.518232875363831,-1.4453902005086832,68.2376561164856
-5.518232875363831,-1.4453902005086832,68.2376561164856
-5.518232875363831,-1.4453902005086832,68.2376561164856
-5.592139739061882,-1.458401113134578,68.2376561164856
-5.592139739061882,-1.458401113134578,68.2376561164856
-5.592139739061882,-1.458401113134578,68.2376561164856
-5.592139739061882,-1.458401113134578,68.2376561164856
-5.592139739061882,-1.458401113134578,68.2376561164856
-5.592139739061882,-1.458401113134578,68.2376561164856
-5.764989888319216,-1.5236119192942978,68.2376561164856
-5.764989888319216,-1.5236119192942978,68.2376561164856
-5.764989888319216,-1.5236119192942978,68.2376561164856
-5.764989888319216,-1.5236119192942978,68.2376561164856
-5.764989888319216,-1.5236119192942978,68.2376561164856
-5.937576283352833,-1.5860140179228537,68.2376561164856
-5.937576283352833,-1.5860140179228537,68.2376561164856
-5.937576283352833,-1.5860140179228537,68.2376561164856
-5.937576283352833,-1.5860140179228537,68.2376561164856
-5.937576283352833,-1.5860140179228537,68.2376561164856
-6.064952581744411,-1.6317386579505984,68.2376561164856
-6.064952581744411,-1.6317386579505984,68.2376561164856
-6.064952581744411,-1.6317386579505984,68.2376561164856
-6.064952581744411,-1.6317386579505984,68.2376561164856
-6.064952581744411,-1.6317386579505984,68.2376561164856
-6.064952581744411,-1.6317386579505984,68.2376561164856
-6.150896155999296,-1.6659865399927845,68.2376561164856
-6.150896155999296,-1.6659865399927845,68.2376561164856
-6.150896155999296,-1.6659865399927845,68.2376561164856
-6.150896155999296,-1.6659865399927845,68.2376561164856
-6.150896155999296,-1.6659865399927845,68.2376561164856
-6.309752489083213,-1.71852748239162,68.2376561164856
-6.309752489083213,-1.71852748239162,68.2376561164856
-6.309752489083213,-1.71852748239162,68.2376561164856
-6.309752489083213,-1.71852748239162,68.2376561164856
-6.309752489083213,-1.71852748239162,68.2376561164856
-6.309752489083213,-1.71852748239162,68.2376561164856
-6.4529523548355385,-1.7597129303372012,68.2376561164856
-6.4529523548355385,-1.7597129303372012,68.2376561164856
-6.4529523548355385,-1.7597129303372012,68.2376561164856
-6.4529523548355385,-1.7597129303372012,68.2376561164856
-6.590737981395859,-1.7942409055591149,68.2376561164856
-6.590737981395859,-1.7942409055591149,68.2376561164856
-6.590737981395859,-1.7942409055591149,68.2376561164856
-6.590737981395859,-1.7942409055591149,68.2376561164856
-6.590737981395859,-1.7942409055591149,68.2376561164856
-6.590737981395859,-1.7942409055591149,68.2376561164856
-6.590737981395859,-1.7942409055591149,68.2376561164856
-6.750230804160358,-1.835426806694654,68.2376561164856
-6.750230804160358,-1.835426806694654,68.2376561164856
-6.750230804160358,-1.835426806694654,68.2376561164856
-6.750230804160358,-1.835426806694654,68.2376561164856
-6.750230804160358,-1.835426806694654,68.2376561164856
-6.83977455407359,-1.8575216780945496,68.2376561164856
-6.83977455407359,-1.8575216780945496,68.2376561164856
-6.83977455407359,-1.8575216780945496,68.2376561164856
-6.83977455407359,-1.8575216780945496,68.2376561164856
-6.83977455407359,-1.8575216780945496,68.2376561164856
-6.83977455407359,-1.8575216780945496,68.2376561164856
-7.051540914731353,-1.9202644270131737,68.2376561164856
-7.051540914731353,-1.9202644270131737,68.2376561164856
-7.051540914731353,-1.9202644270131737,68.2376561164856
-7.051540914731353,-1.9202644270131737,68.2376561164856
-7.051540914731353,-1.9202644270131737,68.2376561164856
-7.051540914731353,-1.9202644270131737,68.2376561164856
-7.214183040763838,-1.964199221999409,68.2376561164856
-7.214183040763838,-1.964199221999409,68.2376561164856
-7.214183040763838,-1.964199221999409,68.2376561164856
-7.214183040763838,-1.964199221999409,68.2376561164856
-7.214183040763838,-1.964199221999409,68.2376561164856
-7.324773885403723,-1.9972597033388209,68.2376561164856
-7.324773885403723,-1.9972597033388209,68.2376561164856
-7.324773885403723,-1.9972597033388209,68.2376561164856
-7.324773885403723,-1.9972597033388209,68.2376561164856
-7.324773885403723,-1.9972597033388209,68.2376561164856
-7.324773885403723,-1.9972597033388209,68.2376561164856
-7.324773885403723,-1.9972597033388209,68.2376561164856
-7.324773885403723,-1.9972597033388209,68.2376561164856
-7.324773885403723,-1.9972597033388209,68.2376561164856
-7.324773885403723,-1.9972597033388209,68.2376561164856
-7.592240017995361,-2.071397628884688,68.2376561164856
-7.592240017995361,-2.071397628884688,68.2376561164856
-7.592240017995361,-2.071397628884688,68.2376561164856
-7.592240017995361,-2.071397628884688,68.2376561164856
-7.592240017995361,-2.071397628884688,68.2376561164856
-7.592240017995361,-2.071397628884688,68.2376561164856
-7.592240017995361,-2.071397628884688,68.2376561164856
-7.592240017995361,-2.071397628884688,68.2376561164856
-7.592240017995361,-2.071397628884688,68.2376561164856
-7.592240017995361,-2.071397628884688,68.2376561164856
-7.778963563923458,-2.1199512967202963,68.2376561164856
-7.778963563923458,-2.1199512967202963,68.2376561164856
-7.778963563923458,-2.1199512967202963,68.2376561164856
-7.778963563923458,-2.1199512967202963,68.2376561164856
-7.778963563923458,-2.1199512967202963,68.2376561164856
-7.778963563923458,-2.1199512967202963,68.2376561164856
-7.778963563923458,-2.1199512967202963,68.2376561164856
-7.778963563923458,-2.1199512967202963,68.2376561164856
-8.050656045610575,-2.1922419005549956,68.2376561164856
-8.050656045610575,-2.1922419005549956,68.2376561164856
-8.050656045610575,-2.1922419005549956,68.2376561164856
-8.050656045610575,-2.1922419005549956,68.2376561164856
-8.050656045610575,-2.1922419005549956,68.2376561164856
-8.050656045610575,-2.1922419005549956,68.2376561164856
-8.252929067239037,-2.2388873363282653,68.2376561164856
-8.252929067239037,-2.2388873363282653,68.2376561164856
-8.252929067239037,-2.2388873363282653,68.2376561164856
-8.252929067239037,-2.2388873363282653,68.2376561164856
-8.252929067239037,-2.2388873363282653,68.2376561164856
-8.252929067239037,-2.2388873363282653,68.2376561164856
-8.252929067239037,-2.2388873363282653,68.2376561164856
-8.444624045463703,-2.2827887430085116,68.2376561164856
-8.444624045463703,-2.2827887430085116,68.2376561164856
-8.444624045463703,-2.2827887430085116,68.2376561164856
-8.444624045463703,-2.2827887430085116,68.2376561164856
-8.444624045463703,-2.2827887430085116,68.2376561164856
-8.444624045463703,-2.2827887430085116,68.2376561164856
-8.444624045463703,-2.2827887430085116,68.2376561164856
-8.444624045463703,-2.2827887430085116,68.2376561164856
-8.589315088116532,-2.3161976502863295,68.2376561164856
-8.589315088116532,-2.3161976502863295,68.2376561164856
-8.589315088116532,-2.3161976502863295,68.2376561164856
-8.589315088116532,-2.3161976502863295,68.2376561164856
-8.589315088116532,-2.3161976502863295,68.2376561164856
-8.589315088116532,-2.3161976502863295,68.2376561164856
-8.589315088116532,-2.3161976502863295,68.2376561164856
-8.859378173380685,-2.3830556778956007,68.2376561164856
-8.859378173380685,-2.3830556778956007,68.2376561164856
-8.859378173380685,-2.3830556778956007,68.2376561164856
-8.859378173380685,-2.3830556778956007,68.2376561164856
-8.859378173380685,-2.3830556778956007,68.2376561164856
-8.859378173380685,-2.3830556778956007,68.2376561164856
-8.859378173380685,-2.3830556778956007,68.2376561164856
-8.859378173380685,-2.3830556778956007,68.2376561164856
-9.087141555843193,-2.4498608250210205,68.2376561164856
-9.087141555843193,-2.4498608250210205,68.2376561164856
-9.087141555843193,-2.4498608250210205,68.2376561164856
-9.087141555843193,-2.4498608250210205,68.2376561164856
-9.087141555843193,-2.4498608250210205,68.2376561164856
-9.087141555843193,-2.4498608250210205,68.2376561164856
-9.087141555843193,-2.4498608250210205,68.2376561164856
-9.087141555843193,-2.4498608250210205,68.2376561164856
-9.087141555843193,-2.4498608250210205,68.2376561164856
-9.28678258102616,-2.508357701932833,68.2376561164856
-9.28678258102616,-2.508357701932833,68.2376561164856
-9.28678258102616,-2.508357701932833,68.2376561164856
-9.28678258102616,-2.508357701932833,68.2376561164856
-9.28678258102616,-2.508357701932833,68.2376561164856
-9.28678258102616,-2.508357701932833,68.2376561164856
-9.28678258102616,-2.508357701932833,68.2376561164856
-9.28678258102616,-2.508357701932833,68.2376561164856
-9.28678258102616,-2.508357701932833,68.2376561164856
-9.28678258102616,-2.508357701932833,68.2376561164856
-9.28678258102616,-2.508357701932833,68.2376561164856
-9.489520443064078,-2.561022402030446,68.2376561164856
-9.489520443064078,-2.561022402030446,68.2376561164856
-9.489520443064078,-2.561022402030446,68.2376561164856
-9.489520443064078,-2.561022402030446,68.2376561164856
-9.489520443064078,-2.561022402030446,68.2376561164856
-9.489520443064078,-2.561022402030446,68.2376561164856
-9.80405990096404,-2.6365402532156836,68.2376561164856
-9.80405990096404,-2.6365402532156836,68.2376561164856
-9.80405990096404,-2.6365402532156836,68.2376561164856
-9.80405990096404,-2.6365402532156836,68.2376561164856
-9.80405990096404,-2.6365402532156836,68.2376561164856
-9.80405990096404,-2.6365402532156836,68.2376561164856
-9.80405990096404,-2.6365402532156836,68.2376561164856
-9.80405990096404,-2.6365402532156836,68.2376561164856
-9.934295975962431,-2.671767651097697,68.2376561164856
-9.934295975962431,-2.671767651097697,68.2376561164856
-9.934295975962431,-2.671767651097697,68.2376561164856
-9.934295975962431,-2.671767651097697,68.2376561164856
-9.934295975962431,-2.671767651097697,68.2376561164856
-9.934295975962431,-2.671767651097697,68.2376561164856
-9.934295975962431,-2.671767651097697,68.2376561164856
-10.10358372727403,-2.7107068272223196,68.2376561164856
-10.10358372727403,-2.7107068272223196,68.2376561164856
-10.10358372727403,-2.7107068272223196,68.2376561164856
-10.10358372727403,-2.7107068272223196,68.2376561164856
-10.10358372727403,-2.7107068272223196,68.2376561164856
-10.10358372727403,-2.7107068272223196,68.2376561164856
-10.10358372727403,-2.7107068272223196,68.2376561164856
-10.257892228963323,-2.751176552934572,68.2376561164856
-10.257892228963323,-2.751176552934572,68.2376561164856
-10.257892228963323,-2.751176552934572,68.2376561164856
-10.257892228963323,-2.751176552934572,68.2376561164856
-10.257892228963323,-2.751176552934572,68.2376561164856
-10.257892228963323,-2.751176552934572,68.2376561164856
-10.257892228963323,-2.751176552934572,68.2376561164856
-10.446795515196131,-2.7936872914680784,68.2376561164856
-10.446795515196131,-2.7936872914680784,68.2376561164856
-10.446795515196131,-2.7936872914680784,68.2376561164856
-10.446795515196131,-2.7936872914680784,68.2376561164856
-10.446795515196131,-2.7936872914680784,68.2376561164856
-10.446795515196131,-2.7936872914680784,68.2376561164856
-10.446795515196131,-2.7936872914680784,68.2376561164856
-10.446795515196131,-2.7936872914680784,68.2376561164856
-10.6095629272799,-2.8332120892308446,68.2376561164856
-10.6095629272799,-2.8332120892308446,68.2376561164856
-10.6095629272799,-2.8332120892308446,68.2376561164856
-10.6095629272799,-2.8332120892308446,68.2376561164856
-10.6095629272799,-2.8332120892308446,68.2376561164856
-10.6095629272799,-2.8332120892308446,68.2376561164856
-10.6095629272799,-2.8332120892308446,68.2376561164856
-10.770436866645063,-2.8739801305066672,68.2376561164856
-10.770436866645063,-2.8739801305066672,68.2376561164856
-10.770436866645063,-2.8739801305066672,68.2376561164856
-10.770436866645063,-2.8739801305066672,68.2376561164856
-10.770436866645063,-2.8739801305066672,68.2376561164856
-10.770436866645063,-2.8739801305066672,68.2376561164856
-10.770436866645063,-2.8739801305066672,68.2376561164856
-10.770436866645063,-2.8739801305066672,68.2376561164856
-10.944020305916293,-2.9240067505496588,68.2376561164856
-10.944020305916293,-2.9240067505496588,68.2376561164856
-10.944020305916293,-2.9240067505496588,68.2376561164856
-10.944020305916293,-2.9240067505496588,68.2376561164856
-10.944020305916293,-2.9240067505496588,68.2376561164856
-10.944020305916293,-2.9240067505496588,68.2376561164856
-10.944020305916293,-2.9240067505496588,68.2376561164856
-11.125341858257334,-2.973064247792255,68.2376561164856
-11.125341858257334,-2.973064247792255,68.2376561164856
-11.125341858257334,-2.973064247792255,68.2376561164856
-11.125341858257334,-2.973064247792255,68.2376561164856
-11.125341858257334,-2.973064247792255,68.2376561164856
-11.125341858257334,-2.973064247792255,68.2376561164856
-11.125341858257334,-2.973064247792255,68.2376561164856
-11.334432278776873,-3.029901540930863,68.2376561164856
-11.334432278776873,-3.029901540930863,68.2376561164856
-11.334432278776873,-3.029901540930863,68.2376561164856
-11.334432278776873,-3.029901540930863,68.2376561164856
-11.334432278776873,-3.029901540930863,68.2376561164856
-11.334432278776873,-3.029901540930863,68.2376561164856
-11.334432278776873,-3.029901540930863,68.2376561164856
-11.334432278776873,-3.029901540930863,68.2376561164856
-11.539631435268616,-3.0935391607371847,68.2376561164856
-11.539631435268616,-3.0935391607371847,68.2376561164856
-11.539631435268616,-3.0935391607371847,68.2376561164856
-11.539631435268616,-3.0935391607371847,68.2376561164856
-11.539631435268616,-3.0935391607371847,68.2376561164856
-11.539631435268616,-3.0935391607371847,68.2376561164856
-11.539631435268616,-3.0935391607371847,68.2376561164856
-11.741149818612111,-3.1585214508793493,68.2376561164856
-11.741149818612111,-3.1585214508793493,68.2376561164856
-11.741149818612111,-3.1585214508793493,68.2376561164856
-11.741149818612111,-3.1585214508793493,68.2376561164856
-11.741149818612111,-3.1585214508793493,68.2376561164856
-11.741149818612111,-3.1585214508793493,68.2376561164856
-11.741149818612111,-3.1585214508793493,68.2376561164856
-11.741149818612111,-3.1585214508793493,68.2376561164856
-11.960055630305792,-3.2170451595263363,68.2376561164856
-11.960055630305792,-3.2170451595263363,68.2376561164856
-11.960055630305792,-3.2170451595263363,68.2376561164856
-11.960055630305792,-3.2170451595263363,68.2376561164856
-11.960055630305792,-3.2170451595263363,68.2376561164856
-11.960055630305792,-3.2170451595263363,68.2376561164856
-11.960055630305792,-3.2170451595263363,68.2376561164856
-12.162775177091666,-3.2679733807210973,68.2376561164856
-12.162775177091666,-3.2679733807210973,68.2376561164856
-12.162775177091666,-3.2679733807210973,68.2376561164856
-12.162775177091666,-3.2679733807210973,68.2376561164856
-12.162775177091666,-3.2679733807210973,68.2376561164856
-12.162775177091666,-3.2679733807210973,68.2376561164856
-12.162775177091666,-3.2679733807210973,68.2376561164856
-12.162775177091666,-3.2679733807210973,68.2376561164856
-12.386999691989603,-3.321225784674609,68.2376561164856
-12.386999691989603,-3.321225784674609,68.2376561164856
-12.386999691989603,-3.321225784674609,68.2376561164856
-12.386999691989603,-3.321225784674609,68.2376561164856
-12.386999691989603,-3.321225784674609,68.2376561164856
-12.386999691989603,-3.321225784674609,68.2376561164856
-12.64312270858513,-3.3941536962479386,68.2376561164856
-12.64312270858513,-3.3941536962479386,68.2376561164856
-12.64312270858513,-3.3941536962479386,68.2376561164856
-12.64312270858513,-3.3941536962479386,68.2376561164856
-12.64312270858513,-3.3941536962479386,68.2376561164856
-12.64312270858513,-3.3941536962479386,68.2376561164856
-12.64312270858513,-3.3941536962479386,68.2376561164856
-12.64312270858513,-3.3941536962479386,68.2376561164856
-12.64312270858513,-3.3941536962479386,68.2376561164856
-12.8604080151101,-3.4507377698507486,68.2376561164856
-12.8604080151101,-3.4507377698507486,68.2376561164856
-12.8604080151101,-3.4507377698507486,68.2376561164856
-12.8604080151101,-3.4507377698507486,68.2376561164856
-12.8604080151101,-3.4507377698507486,68.2376561164856
-12.8604080151101,-3.4507377698507486,68.2376561164856
-12.8604080151101,-3.4507377698507486,68.2376561164856
-12.8604080151101,-3.4507377698507486,68.2376561164856
-13.030127387821146,-3.4982157148323765,68.2376561164856
-13.030127387821146,-3.4982157148323765,68.2376561164856
-13.030127387821146,-3.4982157148323765,68.2376561164856
-13.030127387821146,-3.4982157148323765,68.2376561164856
-13.030127387821146,-3.4982157148323765,68.2376561164856
-13.030127387821146,-3.4982157148323765,68.2376561164856
-13.030127387821146,-3.4982157148323765,68.2376561164856
-13.22229047019463,-3.55006268522358,68.2376561164856
-13.22229047019463,-3.55006268522358,68.2376561164856
-13.22229047019463,-3.55006268522358,68.2376561164856
-13.22229047019463,-3.55006268522358,68.2376561164856
-13.22229047019463,-3.55006268522358,68.2376561164856
-13.22229047019463,-3.55006268522358,68.2376561164856
-13.22229047019463,-3.55006268522358,68.2376561164856
-13.22229047019463,-3.55006268522358,68.2376561164856
-13.482110619038757,-3.6013254272498454,68.2376561164856
-13.482110619038757,-3.6013254272498454,68.2376561164856
-13.482110619038757,-3.6013254272498454,68.2376561164856
-13.482110619038757,-3.6013254272498454,68.2376561164856
-13.482110619038757,-3.6013254272498454,68.2376561164856
-13.482110619038757,-3.6013254272498454,68.2376561164856
-13.482110619038757,-3.6013254272498454,68.2376561164856
-13.482110619038757,-3.6013254272498454,68.2376561164856
-13.716960732596442,-3.6542776587110763,68.2376561164856
-13.716960732596442,-3.6542776587110763,68.2376561164856
-13.716960732596442,-3.6542776587110763,68.2376561164856
-13.716960732596442,-3.6542776587110763,68.2376561164856
-13.716960732596442,-3.6542776587110763,68.2376561164856
-13.716960732596442,-3.6542776587110763,68.2376561164856
-13.716960732596442,-3.6542776587110763,68.2376561164856
-13.716960732596442,-3.6542776587110763,68.2376561164856
-13.997608132616485,-3.71488048182663,68.2376561164856
-13.997608132616485,-3.71488048182663,68.2376561164856
-13.997608132616485,-3.71488048182663,68.2376561164856
-13.997608132616485,-3.71488048182663,68.2376561164856
-13.997608132616485,-3.71488048182663,68.2376561164856
-13.997608132616485,-3.71488048182663,68.2376561164856
-13.997608132616485,-3.71488048182663,68.2376561164856
-14.22457132289599,-3.7724863775072692,68.2376561164856
-14.22457132289599,-3.7724863775072692,68.2376561164856
-14.22457132289599,-3.7724863775072692,68.2376561164856
-14.22457132289599,-3.7724863775072692,68.2376561164856
-14.22457132289599,-3.7724863775072692,68.2376561164856
-14.22457132289599,-3.7724863775072692,68.2376561164856
-14.22457132289599,-3.7724863775072692,68.2376561164856
-14.22457132289599,-3.7724863775072692,68.2376561164856
-14.41603479594757,-3.823908260619828,68.2376561164856
-14.41603479594757,-3.823908260619828,68.2376561164856
-14.41603479594757,-3.823908260619828,68.2376561164856
-14.41603479594757,-3.823908260619828,68.2376561164856
-14.41603479594757,-3.823908260619828,68.2376561164856
-14.41603479594757,-3.823908260619828,68.2376561164856
-14.41603479594757,-3.823908260619828,68.2376561164856
-14.620191204699605,-3.8854783739000043,68.2376561164856
-14.620191204699605,-3.8854783739000043,68.2376561164856
-14.620191204699605,-3.8854783739000043,68.2376561164856
-14.620191204699605,-3.8854783739000043,68.2376561164856
-14.620191204699605,-3.8854783739000043,68.2376561164856
-14.620191204699605,-3.8854783739000043,68.2376561164856
-14.620191204699605,-3.8854783739000043,68.2376561164856
-14.620191204699605,-3.8854783739000043,68.2376561164856
-14.620191204699605,-3.8854783739000043,68.2376561164856
-14.620191204699605,-3.8854783739000043,68.2376561164856
-14.620191204699605,-3.8854783739000043,68.2376561164856
-14.620191204699605,-3.8854783739000043,68.2376561164856
-14.620191204699605,-3.8854783739000043,68.2376561164856
-14.620191204699605,-3.8854783739000043,68.2376561164856
-14.876912600911876,-3.9525723612533215,68.2376561164856
-14.876912600911876,-3.9525723612533215,68.2376561164856
-14.876912600911876,-3.9525723612533215,68.2376561164856
-14.876912600911876,-3.9525723612533215,68.2376561164856
-14.876912600911876,-3.9525723612533215,68.2376561164856
-14.876912600911876,-3.9525723612533215,68.2376561164856
-14.876912600911876,-3.9525723612533215,68.2376561164856
-14.876912600911876,-3.9525723612533215,68.2376561164856
-14.876912600911876,-3.9525723612533215,68.2376561164856
-14.876912600911876,-3.9525723612533215,68.2376561164856
-14.876912600911876,-3.9525723612533215,68.2376561164856
-14.876912600911876,-3.9525723612533215,68.2376561164856
-15.292791018988378,-4.073302421183815,68.2376561164856
-15.292791018988378,-4.073302421183815,68.2376561164856
-15.292791018988378,-4.073302421183815,68.2376561164856
-15.292791018988378,-4.073302421183815,68.2376561164856
-15.292791018988378,-4.073302421183815,68.2376561164856
-15.292791018988378,-4.073302421183815,68.2376561164856
-15.292791018988378,-4.073302421183815,68.2376561164856
-15.292791018988378,-4.073302421183815,68.2376561164856
-15.292791018988378,-4.073302421183815,68.2376561164856
-15.292791018988378,-4.073302421183815,68.2376561164856
-15.292791018988378,-4.073302421183815,68.2376561164856
-15.292791018988378,-4.073302421183815,68.2376561164856
-15.292791018988378,-4.073302421183815,68.2376561164856
-15.621521628919643,-4.1693170344556965,68.2376561164856
-15.621521628919643,-4.1693170344556965,68.2376561164856
-15.621521628919643,-4.1693170344556965,68.2376561164856
-15.621521628919643,-4.1693170344556965,68.2376561164856
-15.621521628919643,-4.1693170344556965,68.2376561164856
-15.621521628919643,-4.1693170344556965,68.2376561164856
-15.621521628919643,-4.1693170344556965,68.2376561164856
-15.621521628919643,-4.1693170344556965,68.2376561164856
-15.621521628919643,-4.1693170344556965,68.2376561164856
-15.621521628919643,-4.1693170344556965,68.2376561164856
-15.621521628919643,-4.1693170344556965,68.2376561164856
-15.621521628919643,-4.1693170344556965,68.2376561164856
-15.93858751249544,-4.263728120007806,68.2376561164856
-15.93858751249544,-4.263728120007806,68.2376561164856
-15.93858751249544,-4.263728120007806,68.2376561164856
-15.93858751249544,-4.263728120007806,68.2376561164856
-15.93858751249544,-4.263728120007806,68.2376561164856
-15.93858751249544,-4.263728120007806,68.2376561164856
-15.93858751249544,-4.263728120007806,68.2376561164856
-15.93858751249544,-4.263728120007806,68.2376561164856
-15.93858751249544,-4.263728120007806,68.2376561164856
-15.93858751249544,-4.263728120007806,68.2376561164856
-15.93858751249544,-4.263728120007806,68.2376561164856
-15.93858751249544,-4.263728120007806,68.2376561164856
-16.27757368886735,-4.370796527499762,68.2376561164856
-16.27757368886735,-4.370796527499762,68.2376561164856
-16.27757368886735,-4.370796527499762,68.2376561164856
-16.27757368886735,-4.370796527499762,68.2376561164856
-16.27757368886735,-4.370796527499762,68.2376561164856
-16.27757368886735,-4.370796527499762,68.2376561164856
-16.27757368886735,-4.370796527499762,68.2376561164856
-16.27757368886735,-4.370796527499762,68.2376561164856
-16.27757368886735,-4.370796527499762,68.2376561164856
-16.27757368886735,-4.370796527499762,68.2376561164856
-16.27757368886735,-4.370796527499762,68.2376561164856
-16.549770858028527,-4.462665337022295,68.2376561164856
-16.549770858028527,-4.462665337022295,68.2376561164856
-16.549770858028527,-4.462665337022295,68.2376561164856
-16.549770858028527,-4.462665337022295,68.2376561164856
-16.549770858028527,-4.462665337022295,68.2376561164856
-16.549770858028527,-4.462665337022295,68.2376561164856
-16.549770858028527,-4.462665337022295,68.2376561164856
-16.549770858028527,-4.462665337022295,68.2376561164856
-16.91287797929215,-4.568697462775401,68.2376561164856
-16.91287797929215,-4.568697462775401,68.2376561164856
-16.91287797929215,-4.568697462775401,68.2376561164856
-16.91287797929215,-4.568697462775401,68.2376561164856
-16.91287797929215,-4.568697462775401,68.2376561164856
-16.91287797929215,-4.568697462775401,68.2376561164856
-16.91287797929215,-4.568697462775401,68.2376561164856
-16.91287797929215,-4.568697462775401,68.2376561164856
-16.91287797929215,-4.568697462775401,68.2376561164856
-17.13520243130432,-4.639814871254931,68.2376561164856
-17.13520243130432,-4.639814871254931,68.2376561164856
-17.13520243130432,-4.639814871254931,68.2376561164856
-17.13520243130432,-4.639814871254931,68.2376561164856
-17.13520243130432,-4.639814871254931,68.2376561164856
-17.13520243130432,-4.639814871254931,68.2376561164856
-17.13520243130432,-4.639814871254931,68.2376561164856
-17.13520243130432,-4.639814871254931,68.2376561164856
-17.426625595797283,-4.731714081291832,68.2376561164856
-17.426625595797283,-4.731714081291832,68.2376561164856
-17.426625595797283,-4.731714081291832,68.2376561164856
-17.426625595797283,-4.731714081291832,68.2376561164856
-17.426625595797283,-4.731714081291832,68.2376561164856
-17.426625595797283,-4.731714081291832,68.2376561164856
-17.426625595797283,-4.731714081291832,68.2376561164856
-17.426625595797283,-4.731714081291832,68.2376561164856
-17.61068915291608,-4.784463082948283,68.2376561164856
-17.61068915291608,-4.784463082948283,68.2376561164856
-17.61068915291608,-4.784463082948283,68.2376561164856
-17.61068915291608,-4.784463082948283,68.2376561164856
-17.61068915291608,-4.784463082948283,68.2376561164856
-17.61068915291608,-4.784463082948283,68.2376561164856
-17.61068915291608,-4.784463082948283,68.2376561164856
-17.61068915291608,-4.784463082948283,68.2376561164856
-17.61068915291608,-4.784463082948283,68.2376561164856
-17.802286355157367,-4.83678299416334,68.2376561164856
-17.802286355157367,-4.83678299416334,68.2376561164856
-17.802286355157367,-4.83678299416334,68.2376561164856
-17.802286355157367,-4.83678299416334,68.2376561164856
-17.802286355157367,-4.83678299416334,68.2376561164856
-17.802286355157367,-4.83678299416334,68.2376561164856
-17.802286355157367,-4.83678299416334,68.2376561164856
-17.802286355157367,-4.83678299416334,68.2376561164856
-18.01147408341663,-4.895622022258509,68.2376561164856
-18.01147408341663,-4.895622022258509,68.2376561164856
-18.01147408341663,-4.895622022258509,68.2376561164856
-18.01147408341663,-4.895622022258509,68.2376561164856
-18.01147408341663,-4.895622022258509,68.2376561164856
-18.01147408341663,-4.895622022258509,68.2376561164856
-18.01147408341663,-4.895622022258509,68.2376561164856
-18.01147408341663,-4.895622022258509,68.2376561164856
-18.01147408341663,-4.895622022258509,68.2376561164856
-18.01147408341663,-4.895622022258509,68.2376561164856
-18.32388192048637,-4.98591079687571,68.2376561164856
-18.32388192048637,-4.98591079687571,68.2376561164856
-18.32388192048637,-4.98591079687571,68.2376561164856
-18.32388192048637,-4.98591079687571,68.2376561164856
-18.32388192048637,-4.98591079687571,68.2376561164856
-18.32388192048637,-4.98591079687571,68.2376561164856
-18.32388192048637,-4.98591079687571,68.2376561164856
-18.639913851142982,-5.069845694404705,68.2376561164856
-18.639913851142982,-5.069845694404705,68.2376561164856
-18.639913851142982,-5.069845694404705,68.2376561164856
-18.639913851142982,-5.069845694404705,68.2376561164856
-18.639913851142982,-5.069845694404705,68.2376561164856
-18.639913851142982,-5.069845694404705,68.2376561164856
-18.849471169789418,-5.114337036337744,68.2376561164856
-18.849471169789418,-5.114337036337744,68.2376561164856
-18.849471169789418,-5.114337036337744,68.2376561164856
-18.849471169789418,-5.114337036337744,68.2376561164856
-18.849471169789418,-5.114337036337744,68.2376561164856
-18.849471169789418,-5.114337036337744,68.2376561164856
-19.022305309762885,-5.152684269565131,68.2376561164856
-19.022305309762885,-5.152684269565131,68.2376561164856
-19.022305309762885,-5.152684269565131,68.2376561164856
-19.022305309762885,-5.152684269565131,68.2376561164856
-19.022305309762885,-5.152684269565131,68.2376561164856
-19.022305309762885,-5.152684269565131,68.2376561164856
-19.163687670917597,-5.1818684107401385,68.2376561164856
-19.163687670917597,-5.1818684107401385,68.2376561164856
-19.163687670917597,-5.1818684107401385,68.2376561164856
-19.163687670917597,-5.1818684107401385,68.2376561164856
-19.163687670917597,-5.1818684107401385,68.2376561164856
-19.163687670917597,-5.1818684107401385,68.2376561164856
-19.163687670917597,-5.1818684107401385,68.2376561164856
-19.163687670917597,-5.1818684107401385,68.2376561164856
-19.163687670917597,-5.1818684107401385,68.2376561164856
-19.435498872428884,-5.241486079687485,68.2376561164856
-19.435498872428884,-5.241486079687485,68.2376561164856
-19.435498872428884,-5.241486079687485,68.2376561164856
-19.435498872428884,-5.241486079687485,68.2376561164856
-19.435498872428884,-5.241486079687485,68.2376561164856
-19.435498872428884,-5.241486079687485,68.2376561164856
-19.435498872428884,-5.241486079687485,68.2376561164856
-19.435498872428884,-5.241486079687485,68.2376561164856
-19.71018062474175,-5.310339800419975,68.2376561164856
-19.71018062474175,-5.310339800419975,68.2376561164856
-19.71018062474175,-5.310339800419975,68.2376561164856
-19.71018062474175,-5.310339800419975,68.2376561164856
-19.71018062474175,-5.310339800419975,68.2376561164856
-19.71018062474175,-5.310339800419975,68.2376561164856
-19.71018062474175,-5.310339800419975,68.2376561164856
-20.023341489594202,-5.38747086260663,68.2376561164856
-20.023341489594202,-5.38747086260663,68.2376561164856
-20.023341489594202,-5.38747086260663,68.2376561164856
-20.023341489594202,-5.38747086260663,68.2376561164856
-20.023341489594202,-5.38747086260663,68.2376561164856
-20.023341489594202,-5.38747086260663,68.2376561164856
-20.023341489594202,-5.38747086260663,68.2376561164856
-20.023341489594202,-5.38747086260663,68.2376561164856
-20.023341489594202,-5.38747086260663,68.2376561164856
-20.190444080576036,-5.433512196760974,68.2376561164856
-20.190444080576036,-5.433512196760974,68.2376561164856
-20.190444080576036,-5.433512196760974,68.2376561164856
-20.190444080576036,-5.433512196760974,68.2376561164856
-20.190444080576036,-5.433512196760974,68.2376561164856
-20.190444080576036,-5.433512196760974,68.2376561164856
-20.190444080576036,-5.433512196760974,68.2376561164856
-20.190444080576036,-5.433512196760974,68.2376561164856
-20.190444080576036,-5.433512196760974,68.2376561164856
-20.190444080576036,-5.433512196760974,68.2376561164856
-20.190444080576036,-5.433512196760974,68.2376561164856
-20.190444080576036,-5.433512196760974,68.2376561164856
-20.190444080576036,-5.433512196760974,68.2376561164856
-20.539052233607865,-5.531596475469454,68.2376561164856
-20.539052233607865,-5.531596475469454,68.2376561164856
-20.539052233607865,-5.531596475469454,68.2376561164856
-20.539052233607865,-5.531596475469454,68.2376561164856
-20.539052233607865,-5.531596475469454,68.2376561164856
-20.539052233607865,-5.531596475469454,68.2376561164856
-20.539052233607865,-5.531596475469454,68.2376561164856
-20.539052233607865,-5.531596475469454,68.2376561164856
-20.539052233607865,-5.531596475469454,68.2376561164856
-20.539052233607865,-5.531596475469454,68.2376561164856
-20.539052233607865,-5.531596475469454,68.2376561164856
-20.539052233607865,-5.531596475469454,68.2376561164856
-20.539052233607865,-5.531596475469454,68.2376561164856
-20.539052233607865,-5.531596475469454,68.2376561164856
-20.937153434761417,-5.632300614972351,68.2376561164856
-20.937153434761417,-5.632300614972351,68.2376561164856
-20.937153434761417,-5.632300614972351,68.2376561164856
-20.937153434761417,-5.632300614972351,68.2376561164856
-20.937153434761417,-5.632300614972351,68.2376561164856
-20.937153434761417,-5.632300614972351,68.2376561164856
-20.937153434761417,-5.632300614972351,68.2376561164856
-20.937153434761417,-5.632300614972351,68.2376561164856
-20.937153434761417,-5.632300614972351,68.2376561164856
-20.937153434761417,-5.632300614972351,68.2376561164856
-20.937153434761417,-5.632300614972351,68.2376561164856
-20.937153434761417,-5.632300614972351,68.2376561164856
-20.937153434761417,-5.632300614972351,68.2376561164856
-21.29805543760529,-5.7276108023016485,68.2376561164856
-21.29805543760529,-5.7276108023016485,68.2376561164856
-21.29805543760529,-5.7276108023016485,68.2376561164856
-21.29805543760529,-5.7276108023016485,68.2376561164856
-21.29805543760529,-5.7276108023016485,68.2376561164856
-21.742482409679354,-5.840793451083572,68.2376561164856
-21.742482409679354,-5.840793451083572,68.2376561164856
-21.742482409679354,-5.840793451083572,68.2376561164856
-21.742482409679354,-5.840793451083572,68.2376561164856
-21.742482409679354,-5.840793451083572,68.2376561164856
-21.742482409679354,-5.840793451083572,68.2376561164856
-21.742482409679354,-5.840793451083572,68.2376561164856
-21.88913558233814,-5.874863204656726,68.2376561164856
-21.88913558233814,-5.874863204656726,68.2376561164856
-21.88913558233814,-5.874863204656726,68.2376561164856
-21.88913558233814,-5.874863204656726,68.2376561164856
-21.88913558233814,-5.874863204656726,68.2376561164856
-22.04936989890472,-5.908831427564365,68.2376561164856
-22.04936989890472,-5.908831427564365,68.2376561164856
-22.04936989890472,-5.908831427564365,68.2376561164856
-22.04936989890472,-5.908831427564365,68.2376561164856
-22.04936989890472,-5.908831427564365,68.2376561164856
-22.04936989890472,-5.908831427564365,68.2376561164856
-22.04936989890472,-5.908831427564365,68.2376561164856
-22.15848174296715,-5.938429023392713,68.2376561164856
-22.15848174296715,-5.938429023392713,68.2376561164856
-22.15848174296715,-5.938429023392713,68.2376561164856
-22.15848174296715,-5.938429023392713,68.2376561164856
-22.15848174296715,-5.938429023392713,68.2376561164856
-22.15848174296715,-5.938429023392713,68.2376561164856
-22.15848174296715,-5.938429023392713,68.2376561164856
-22.361336493126213,-5.986727715429417,68.2376561164856
-22.361336493126213,-5.986727715429417,68.2376561164856
-22.361336493126213,-5.986727715429417,68.2376561164856
-22.361336493126213,-5.986727715429417,68.2376561164856
-22.361336493126213,-5.986727715429417,68.2376561164856
-22.361336493126213,-5.986727715429417,68.2376561164856
-22.361336493126213,-5.986727715429417,68.2376561164856
-22.549536052329458,-6.048687890038069,68.2376561164856
-22.549536052329458,-6.048687890038069,68.2376561164856
-22.549536052329458,-6.048687890038069,68.2376561164856
-22.549536052329458,-6.048687890038069,68.2376561164856
-22.549536052329458,-6.048687890038069,68.2376561164856
-22.549536052329458,-6.048687890038069,68.2376561164856
-22.72990749689244,-6.092254851526394,68.2376561164856
-22.72990749689244,-6.092254851526394,68.2376561164856
-22.72990749689244,-6.092254851526394,68.2376561164856
-22.72990749689244,-6.092254851526394,68.2376561164856
-22.72990749689244,-6.092254851526394,68.2376561164856
-22.72990749689244,-6.092254851526394,68.2376561164856
-22.876550851110903,-6.126236881409269,68.2376561164856
-22.876550851110903,-6.126236881409269,68.2376561164856
-22.876550851110903,-6.126236881409269,68.2376561164856
-22.876550851110903,-6.126236881409269,68.2376561164856
-22.876550851110903,-6.126236881409269,68.2376561164856
-23.001350517040137,-6.156997654742745,68.2376561164856
-23.001350517040137,-6.156997654742745,68.2376561164856
-23.001350517040137,-6.156997654742745,68.2376561164856
-23.001350517040137,-6.156997654742745,68.2376561164856
-23.001350517040137,-6.156997654742745,68.2376561164856
-23.001350517040137,-6.156997654742745,68.2376561164856
-23.199835412634354,-6.213022235240406,68.2376561164856
-23.199835412634354,-6.213022235240406,68.2376561164856
-23.199835412634354,-6.213022235240406,68.2376561164856
-23.199835412634354,-6.213022235240406,68.2376561164856
-23.199835412634354,-6.213022235240406,68.2376561164856
-23.199835412634354,-6.213022235240406,68.2376561164856
-23.448948424204346,-6.270907171083147,68.2376561164856
-23.448948424204346,-6.270907171083147,68.2376561164856
-23.448948424204346,-6.270907171083147,68.2376561164856
-23.448948424204346,-6.270907171083147,68.2376561164856
-23.448948424204346,-6.270907171083147,68.2376561164856
-23.448948424204346,-6.270907171083147,68.2376561164856
-23.448948424204346,-6.270907171083147,68.2376561164856
-23.448948424204346,-6.270907171083147,68.2376561164856
-23.448948424204346,-6.270907171083147,68.2376561164856
-23.577139008040728,-6.296778238572803,68.2376561164856
-23.577139008040728,-6.296778238572803,68.2376561164856
-23.577139008040728,-6.296778238572803,68.2376561164856
-23.577139008040728,-6.296778238572803,68.2376561164856
-23.577139008040728,-6.296778238572803,68.2376561164856
-23.577139008040728,-6.296778238572803,68.2376561164856
-23.577139008040728,-6.296778238572803,68.2376561164856
-23.845072916344627,-6.3488194105809175,68.2376561164856
-23.845072916344627,-6.3488194105809175,68.2376561164856
-23.845072916344627,-6.3488194105809175,68.2376561164856
-23.845072916344627,-6.3488194105809175,68.2376561164856
-23.845072916344627,-6.3488194105809175,68.2376561164856
-23.845072916344627,-6.3488194105809175,68.2376561164856
-23.845072916344627,-6.3488194105809175,68.2376561164856
-23.845072916344627,-6.3488194105809175,68.2376561164856
-24.0603919502074,-6.403006604526271,68.2376561164856
-24.0603919502074,-6.403006604526271,68.2376561164856
-24.0603919502074,-6.403006604526271,68.2376561164856
-24.0603919502074,-6.403006604526271,68.2376561164856
-24.0603919502074,-6.403006604526271,68.2376561164856
-24.0603919502074,-6.403006604526271,68.2376561164856
-24.0603919502074,-6.403006604526271,68.2376561164856
-24.0603919502074,-6.403006604526271,68.2376561164856
-24.280997398572563,-6.440800527639446,68.2376561164856
-24.280997398572563,-6.440800527639446,68.2376561164856
-24.280997398572563,-6.440800527639446,68.2376561164856
-24.280997398572563,-6.440800527639446,68.2376561164856
-24.280997398572563,-6.440800527639446,68.2376561164856
-24.280997398572563,-6.440800527639446,68.2376561164856
-24.280997398572563,-6.440800527639446,68.2376561164856
-24.280997398572563,-6.440800527639446,68.2376561164856
-24.578995642869607,-6.522136431296677,68.2376561164856
-24.578995642869607,-6.522136431296677,68.2376561164856
-24.578995642869607,-6.522136431296677,68.2376561164856
-24.578995642869607,-6.522136431296677,68.2376561164856
-24.578995642869607,-6.522136431296677,68.2376561164856
-24.578995642869607,-6.522136431296677,68.2376561164856
-24.578995642869607,-6.522136431296677,68.2376561164856
-24.761159151641532,-6.566825539610743,68.2376561164856
-24.761159151641532,-6.566825539610743,68.2376561164856
-24.761159151641532,-6.566825539610743,68.2376561164856
-24.761159151641532,-6.566825539610743,68.2376561164856
-24.761159151641532,-6.566825539610743,68.2376561164856
-24.761159151641532,-6.566825539610743,68.2376561164856
-24.761159151641532,-6.566825539610743,68.2376561164856
-24.761159151641532,-6.566825539610743,68.2376561164856
-24.997089444373252,-6.620231838742052,68.2376561164856
-24.997089444373252,-6.620231838742052,68.2376561164856
-24.997089444373252,-6.620231838742052,68.2376561164856
-24.997089444373252,-6.620231838742052,68.2376561164856
-24.997089444373252,-6.620231838742052,68.2376561164856
-24.997089444373252,-6.620231838742052,68.2376561164856
-24.997089444373252,-6.620231838742052,68.2376561164856
-24.997089444373252,-6.620231838742052,68.2376561164856
-25.12039843343629,-6.661645420605601,68.2376561164856
-25.12039843343629,-6.661645420605601,68.2376561164856
-25.12039843343629,-6.661645420605601,68.2376561164856
-25.12039843343629,-6.661645420605601,68.2376561164856
-25.12039843343629,-6.661645420605601,68.2376561164856
-25.12039843343629,-6.661645420605601,68.2376561164856
-25.12039843343629,-6.661645420605601,68.2376561164856
-25.12039843343629,-6.661645420605601,68.2376561164856
-25.286711473216123,-6.708795925856885,68.2376561164856
-25.286711473216123,-6.708795925856885,68.2376561164856
-25.286711473216123,-6.708795925856885,68.2376561164856
-25.286711473216123,-6.708795925856885,68.2376561164856
-25.286711473216123,-6.708795925856885,68.2376561164856
-25.286711473216123,-6.708795925856885,68.2376561164856
-25.286711473216123,-6.708795925856885,68.2376561164856
-25.286711473216123,-6.708795925856885,68.2376561164856
-25.50812064360425,-6.778265232133903,68.2376561164856
-25.50812064360425,-6.778265232133903,68.2376561164856
-25.50812064360425,-6.778265232133903,68.2376561164856
-25.50812064360425,-6.778265232133903,68.2376561164856
-25.50812064360425,-6.778265232133903,68.2376561164856
-25.50812064360425,-6.778265232133903,68.2376561164856
-25.50812064360425,-6.778265232133903,68.2376561164856
-25.50812064360425,-6.778265232133903,68.2376561164856
-25.694179241169024,-6.834592041185617,68.2376561164856
-25.694179241169024,-6.834592041185617,68.2376561164856
-25.694179241169024,-6.834592041185617,68.2376561164856
-25.694179241169024,-6.834592041185617,68.2376561164856
-25.694179241169024,-6.834592041185617,68.2376561164856
-25.694179241169024,-6.834592041185617,68.2376561164856
-25.694179241169024,-6.834592041185617,68.2376561164856
-25.694179241169024,-6.834592041185617,68.2376561164856
-25.895013801402232,-6.8932113497316365,68.2376561164856
-25.895013801402232,-6.8932113497316365,68.2376561164856
-25.895013801402232,-6.8932113497316365,68.2376561164856
-25.895013801402232,-6.8932113497316365,68.2376561164856
-25.895013801402232,-6.8932113497316365,68.2376561164856
-25.895013801402232,-6.8932113497316365,68.2376561164856
-25.895013801402232,-6.8932113497316365,68.2376561164856
-25.895013801402232,-6.8932113497316365,68.2376561164856
-26.036868806996814,-6.946533714770683,68.2376561164856
-26.036868806996814,-6.946533714770683,68.2376561164856
-26.036868806996814,-6.946533714770683,68.2376561164856
-26.036868806996814,-6.946533714770683,68.2376561164856
-26.036868806996814,-6.946533714770683,68.2376561164856
-26.036868806996814,-6.946533714770683,68.2376561164856
-26.036868806996814,-6.946533714770683,68.2376561164856
-26.036868806996814,-6.946533714770683,68.2376561164856
-26.242823288730413,-7.003486753273653,68.2376561164856
-26.242823288730413,-7.003486753273653,68.2376561164856
-26.242823288730413,-7.003486753273653,68.2376561164856
-26.242823288730413,-7.003486753273653,68.2376561164856
-26.242823288730413,-7.003486753273653,68.2376561164856
-26.242823288730413,-7.003486753273653,68.2376561164856
-26.242823288730413,-7.003486753273653,68.2376561164856
-26.242823288730413,-7.003486753273653,68.2376561164856
-26.483436352892713,-7.081655055230507,68.2376561164856
-26.483436352892713,-7.081655055230507,68.2376561164856
-26.483436352892713,-7.081655055230507,68.2376561164856
-26.483436352892713,-7.081655055230507,68.2376561164856
-26.483436352892713,-7.081655055230507,68.2376561164856
-26.483436352892713,-7.081655055230507,68.2376561164856
-26.483436352892713,-7.081655055230507,68.2376561164856
-26.483436352892713,-7.081655055230507,68.2376561164856
-26.72112261100834,-7.157477106475925,68.2376561164856
-26.72112261100834,-7.157477106475925,68.2376561164856
-26.72112261100834,-7.157477106475925,68.2376561164856
-26.72112261100834,-7.157477106475925,68.2376561164856
-26.72112261100834,-7.157477106475925,68.2376561164856
-26.72112261100834,-7.157477106475925,68.2376561164856
-26.72112261100834,-7.157477106475925,68.2376561164856
-26.72112261100834,-7.157477106475925,68.2376561164856
-27.027706360474596,-7.258388753542503,68.2376561164856
-27.027706360474596,-7.258388753542503,68.2376561164856
-27.027706360474596,-7.258388753542503,68.2376561164856
-27.027706360474596,-7.258388753542503,68.2376561164856
-27.027706360474596,-7.258388753542503,68.2376561164856
-27.027706360474596,-7.258388753542503,68.2376561164856
-27.027706360474596,-7.258388753542503,68.2376561164856
-27.26400775512766,-7.346353528536423,68.2376561164856
-27.26400775512766,-7.346353528536423,68.2376561164856
-27.26400775512766,-7.346353528536423,68.2376561164856
-27.26400775512766,-7.346353528536423,68.2376561164856
-27.26400775512766,-7.346353528536423,68.2376561164856
-27.26400775512766,-7.346353528536423,68.2376561164856
-27.26400775512766,-7.346353528536423,68.2376561164856
-27.49311959480498,-7.430845324591367,68.2376561164856
-27.49311959480498,-7.430845324591367,68.2376561164856
-27.49311959480498,-7.430845324591367,68.2376561164856
-27.49311959480498,-7.430845324591367,68.2376561164856
-27.49311959480498,-7.430845324591367,68.2376561164856
-27.49311959480498,-7.430845324591367,68.2376561164856
-27.49311959480498,-7.430845324591367,68.2376561164856
-27.49311959480498,-7.430845324591367,68.2376561164856
-27.726285989338102,-7.505863540105864,68.2376561164856
-27.726285989338102,-7.505863540105864,68.2376561164856
-27.726285989338102,-7.505863540105864,68.2376561164856
-27.726285989338102,-7.505863540105864,68.2376561164856
-27.726285989338102,-7.505863540105864,68.2376561164856
-27.726285989338102,-7.505863540105864,68.2376561164856
-27.726285989338102,-7.505863540105864,68.2376561164856
-27.964854550290955,-7.583644234645118,68.2376561164856
-27.964854550290955,-7.583644234645118,68.2376561164856
-27.964854550290955,-7.583644234645118,68.2376561164856
-27.964854550290955,-7.583644234645118,68.2376561164856
-27.964854550290955,-7.583644234645118,68.2376561164856
-27.964854550290955,-7.583644234645118,68.2376561164856
-27.964854550290955,-7.583644234645118,68.2376561164856
-28.128103718515458,-7.631808031579079,68.2376561164856
-28.128103718515458,-7.631808031579079,68.2376561164856
-28.128103718515458,-7.631808031579079,68.2376561164856
-28.128103718515458,-7.631808031579079,68.2376561164856
-28.128103718515458,-7.631808031579079,68.2376561164856
-28.128103718515458,-7.631808031579079,68.2376561164856
-28.128103718515458,-7.631808031579079,68.2376561164856
-28.128103718515458,-7.631808031579079,68.2376561164856
-28.336818825265564,-7.689542309937154,68.2376561164856
-28.336818825265564,-7.689542309937154,68.2376561164856
-28.336818825265564,-7.689542309937154,68.2376561164856
-28.336818825265564,-7.689542309937154,68.2376561164856
-28.336818825265564,-7.689542309937154,68.2376561164856
-28.336818825265564,-7.689542309937154,68.2376561164856
-28.336818825265564,-7.689542309937154,68.2376561164856
-28.590648797836483,-7.7667711970992865,68.2376561164856
-28.590648797836483,-7.7667711970992865,68.2376561164856
-28.590648797836483,-7.7667711970992865,68.2376561164856
-28.590648797836483,-7.7667711970992865,68.2376561164856
-28.590648797836483,-7.7667711970992865,68.2376561164856
-28.590648797836483,-7.7667711970992865,68.2376561164856
-28.590648797836483,-7.7667711970992865,68.2376561164856
-28.817647173729274,-7.827258143845876,68.2376561164856
-28.817647173729274,-7.827258143845876,68.2376561164856
-28.817647173729274,-7.827258143845876,68.2376561164856
-28.817647173729274,-7.827258143845876,68.2376561164856
-28.817647173729274,-7.827258143845876,68.2376561164856
-28.817647173729274,-7.827258143845876,68.2376561164856
-28.817647173729274,-7.827258143845876,68.2376561164856
-29.030007329349107,-7.876965311893213,68.2376561164856
-29.030007329349107,-7.876965311893213,68.2376561164856
-29.030007329349107,-7.876965311893213,68.2376561164856
-29.030007329349107,-7.876965311893213,68.2376561164856
-29.030007329349107,-7.876965311893213,68.2376561164856
-29.030007329349107,-7.876965311893213,68.2376561164856
-29.030007329349107,-7.876965311893213,68.2376561164856
-29.252849794772356,-7.942726766139141,68.2376561164856
-29.252849794772356,-7.942726766139141,68.2376561164856
-29.252849794772356,-7.942726766139141,68.2376561164856
-29.252849794772356,-7.942726766139141,68.2376561164856
-29.252849794772356,-7.942726766139141,68.2376561164856
-29.252849794772356,-7.942726766139141,68.2376561164856
-29.252849794772356,-7.942726766139141,68.2376561164856
-29.485224666044026,-8.011957791924699,68.2376561164856
-29.485224666044026,-8.011957791924699,68.2376561164856
-29.485224666044026,-8.011957791924699,68.2376561164856
-29.485224666044026,-8.011957791924699,68.2376561164856
-29.485224666044026,-8.011957791924699,68.2376561164856
-29.485224666044026,-8.011957791924699,68.2376561164856
-29.485224666044026,-8.011957791924699,68.2376561164856
-29.701696499771884,-8.07117814032773,68.2376561164856
-29.701696499771884,-8.07117814032773,68.2376561164856
-29.701696499771884,-8.07117814032773,68.2376561164856
-29.701696499771884,-8.07117814032773,68.2376561164856
-29.701696499771884,-8.07117814032773,68.2376561164856
-29.701696499771884,-8.07117814032773,68.2376561164856
-29.701696499771884,-8.07117814032773,68.2376561164856
-29.701696499771884,-8.07117814032773,68.2376561164856
-29.919320029573417,-8.12655824904384,68.2376561164856
-29.919320029573417,-8.12655824904384,68.2376561164856
-29.919320029573417,-8.12655824904384,68.2376561164856
-29.919320029573417,-8.12655824904384,68.2376561164856
-29.919320029573417,-8.12655824904384,68.2376561164856
-29.919320029573417,-8.12655824904384,68.2376561164856
-29.919320029573417,-8.12655824904384,68.2376561164856
-30.069267829777907,-8.16096188463617,68.2376561164856
-30.069267829777907,-8.16096188463617,68.2376561164856
-30.069267829777907,-8.16096188463617,68.2376561164856
-30.069267829777907,-8.16096188463617,68.2376561164856
-30.069267829777907,-8.16096188463617,68.2376561164856
-30.069267829777907,-8.16096188463617,68.2376561164856
-30.069267829777907,-8.16096188463617,68.2376561164856
-30.29174985216624,-8.215305633112472,68.2376561164856
-30.29174985216624,-8.215305633112472,68.2376561164856
-30.29174985216624,-8.215305633112472,68.2376561164856
-30.29174985216624,-8.215305633112472,68.2376561164856
-30.29174985216624,-8.215305633112472,68.2376561164856
-30.29174985216624,-8.215305633112472,68.2376561164856
-30.29174985216624,-8.215305633112472,68.2376561164856
-30.508669243370985,-8.272980389260379,68.2376561164856
-30.508669243370985,-8.272980389260379,68.2376561164856
-30.508669243370985,-8.272980389260379,68.2376561164856
-30.508669243370985,-8.272980389260379,68.2376561164856
-30.508669243370985,-8.272980389260379,68.2376561164856
-30.508669243370985,-8.272980389260379,68.2376561164856
-30.508669243370985,-8.272980389260379,68.2376561164856
-30.720848696540667,-8.327190431257495,68.2376561164856
-30.720848696540667,-8.327190431257495,68.2376561164856
-30.720848696540667,-8.327190431257495,68.2376561164856
-30.720848696540667,-8.327190431257495,68.2376561164856
-30.720848696540667,-8.327190431257495,68.2376561164856
-30.720848696540667,-8.327190431257495,68.2376561164856
-30.720848696540667,-8.327190431257495,68.2376561164856
-30.933716073778953,-8.370748867880112,68.2376561164856
-30.933716073778953,-8.370748867880112,68.2376561164856
-30.933716073778953,-8.370748867880112,68.2376561164856
-30.933716073778953,-8.370748867880112,68.2376561164856
-30.933716073778953,-8.370748867880112,68.2376561164856
-30.933716073778953,-8.370748867880112,68.2376561164856
-30.933716073778953,-8.370748867880112,68.2376561164856
-30.933716073778953,-8.370748867880112,68.2376561164856
-31.08271565350726,-8.401029099018274,68.2376561164856
-31.08271565350726,-8.401029099018274,68.2376561164856
-31.08271565350726,-8.401029099018274,68.2376561164856
-31.08271565350726,-8.401029099018274,68.2376561164856
-31.08271565350726,-8.401029099018274,68.2376561164856
-31.08271565350726,-8.401029099018274,68.2376561164856
-31.08271565350726,-8.401029099018274,68.2376561164856
-31.37051586809273,-8.470243546698429,68.2376561164856
-31.37051586809273,-8.470243546698429,68.2376561164856
-31.37051586809273,-8.470243546698429,68.2376561164856
-31.37051586809273,-8.470243546698429,68.2376561164856
-31.37051586809273,-8.470243546698429,68.2376561164856
-31.37051586809273,-8.470243546698429,68.2376561164856
-31.37051586809273,-8.470243546698429,68.2376561164856
-31.50910945636102,-8.504389076935839,68.2376561164856
-31.50910945636102,-8.504389076935839,68.2376561164856
-31.50910945636102,-8.504389076935839,68.2376561164856
-31.50910945636102,-8.504389076935839,68.2376561164856
-31.50910945636102,-8.504389076935839,68.2376561164856
-31.50910945636102,-8.504389076935839,68.2376561164856
-31.50910945636102,-8.504389076935839,68.2376561164856
-31.72693350186519,-8.54567691000226,68.2376561164856
-31.72693350186519,-8.54567691000226,68.2376561164856
-31.72693350186519,-8.54567691000226,68.2376561164856
-31.72693350186519,-8.54567691000226,68.2376561164856
-31.72693350186519,-8.54567691000226,68.2376561164856
-31.72693350186519,-8.54567691000226,68.2376561164856
-31.72693350186519,-8.54567691000226,68.2376561164856
-31.937094682945393,-8.595573965517682,68.2376561164856
-31.937094682945393,-8.595573965517682,68.2376561164856
-31.937094682945393,-8.595573965517682,68.2376561164856
-31.937094682945393,-8.595573965517682,68.2376561164856
-31.937094682945393,-8.595573965517682,68.2376561164856
-31.937094682945393,-8.595573965517682,68.2376561164856
-31.937094682945393,-8.595573965517682,68.2376561164856
-31.937094682945393,-8.595573965517682,68.2376561164856
-32.14455646741425,-8.637491095937584,68.2376561164856
-32.14455646741425,-8.637491095937584,68.2376561164856
-32.14455646741425,-8.637491095937584,68.2376561164856
-32.14455646741425,-8.637491095937584,68.2376561164856
-32.14455646741425,-8.637491095937584,68.2376561164856
-32.14455646741425,-8.637491095937584,68.2376561164856
-32.14455646741425,-8.637491095937584,68.2376561164856
-32.3567156200582,-8.689111771695547,68.2376561164856
-32.3567156200582,-8.689111771695547,68.2376561164856
-32.3567156200582,-8.689111771695547,68.2376561164856
-32.3567156200582,-8.689111771695547,68.2376561164856
-32.3567156200582,-8.689111771695547,68.2376561164856
-32.3567156200582,-8.689111771695547,68.2376561164856
-32.3567156200582,-8.689111771695547,68.2376561164856
-32.3567156200582,-8.689111771695547,68.2376561164856
-32.56938403296259,-8.73834359532694,68.2376561164856
-32.56938403296259,-8.73834359532694,68.2376561164856
-32.56938403296259,-8.73834359532694,68.2376561164856
-32.56938403296259,-8.73834359532694,68.2376561164856
-32.56938403296259,-8.73834359532694,68.2376561164856
-32.56938403296259,-8.73834359532694,68.2376561164856
-32.56938403296259,-8.73834359532694,68.2376561164856
-32.79343359895502,-8.791113249045168,68.2376561164856
-32.79343359895502,-8.791113249045168,68.2376561164856
-32.79343359895502,-8.791113249045168,68.2376561164856
-32.79343359895502,-8.791113249045168,68.2376561164856
-32.79343359895502,-8.791113249045168,68.2376561164856
-32.79343359895502,-8.791113249045168,68.2376561164856
-32.79343359895502,-8.791113249045168,68.2376561164856
-33.03454154184927,-8.844599481024858,68.2376561164856
-33.03454154184927,-8.844599481024858,68.2376561164856
-33.03454154184927,-8.844599481024858,68.2376561164856
-33.03454154184927,-8.844599481024858,68.2376561164856
-33.03454154184927,-8.844599481024858,68.2376561164856
-33.03454154184927,-8.844599481024858,68.2376561164856
-33.1109388280719,-8.862328081562056,68.2376561164856
-33.1109388280719,-8.862328081562056,68.2376561164856
-33.1109388280719,-8.862328081562056,68.2376561164856
-33.1109388280719,-8.862328081562056,68.2376561164856
-33.1109388280719,-8.862328081562056,68.2376561164856
-33.386046472274685,-8.915354666782857,68.2376561164856
-33.386046472274685,-8.915354666782857,68.2376561164856
-33.386046472274685,-8.915354666782857,68.2376561164856
-33.386046472274685,-8.915354666782857,68.2376561164856
-33.386046472274685,-8.915354666782857,68.2376561164856
-33.386046472274685,-8.915354666782857,68.2376561164856
-33.512924089030186,-8.93703903828578,68.2376561164856
-33.512924089030186,-8.93703903828578,68.2376561164856
-33.512924089030186,-8.93703903828578,68.2376561164856
-33.512924089030186,-8.93703903828578,68.2376561164856
-33.512924089030186,-8.93703903828578,68.2376561164856
-33.512924089030186,-8.93703903828578,68.2376561164856
-33.62085761830089,-8.95802294294224,68.2376561164856
-33.62085761830089,-8.95802294294224,68.2376561164856
-33.62085761830089,-8.95802294294224,68.2376561164856
-33.62085761830089,-8.95802294294224,68.2376561164856
-33.62085761830089,-8.95802294294224,68.2376561164856
-33.62085761830089,-8.95802294294224,68.2376561164856
-33.848695293460366,-8.997340260216161,68.2376561164856
-33.848695293460366,-8.997340260216161,68.2376561164856
-33.848695293460366,-8.997340260216161,68.2376561164856
-33.848695293460366,-8.997340260216161,68.2376561164856
-33.848695293460366,-8.997340260216161,68.2376561164856
-33.987568468321165,-9.019764780000989,68.2376561164856
-33.987568468321165,-9.019764780000989,68.2376561164856
-33.987568468321165,-9.019764780000989,68.2376561164856
-33.987568468321165,-9.019764780000989,68.2376561164856
-33.987568468321165,-9.019764780000989,68.2376561164856
-33.987568468321165,-9.019764780000989,68.2376561164856
-34.127965802283335,-9.035602831431742,68.2376561164856
-34.127965802283335,-9.035602831431742,68.2376561164856
-34.127965802283335,-9.035602831431742,68.2376561164856
-34.127965802283335,-9.035602831431742,68.2376561164856
-34.32038490107771,-9.048706980769541,68.2376561164856
-34.32038490107771,-9.048706980769541,68.2376561164856
-34.32038490107771,-9.048706980769541,68.2376561164856
-34.32038490107771,-9.048706980769541,68.2376561164856
-34.32038490107771,-9.048706980769541,68.2376561164856
-34.32038490107771,-9.048706980769541,68.2376561164856
-34.40155509542521,-9.032153311394534,68.2376561164856
-34.40155509542521,-9.032153311394534,68.2376561164856
-34.40155509542521,-9.032153311394534,68.2376561164856
-34.40155509542521,-9.032153311394534,68.2376561164856
-34.40155509542521,-9.032153311394534,68.2376561164856
-34.54093389787837,-9.003527741372832,68.2376561164856
-34.54093389787837,-9.003527741372832,68.2376561164856
-34.54093389787837,-9.003527741372832,68.2376561164856
-34.54093389787837,-9.003527741372832,68.2376561164856
-34.54093389787837,-9.003527741372832,68.2376561164856
-34.58752071046759,-8.971327041740857,68.2376561164856
-34.58752071046759,-8.971327041740857,68.2376561164856
-34.58752071046759,-8.971327041740857,68.2376561164856
-34.58752071046759,-8.971327041740857,68.2376561164856
-34.58752071046759,-8.971327041740857,68.2376561164856
-34.58752071046759,-8.971327041740857,68.2376561164856
-34.619843617196096,-8.921140719687035,68.2376561164856
-34.619843617196096,-8.921140719687035,68.2376561164856
-34.619843617196096,-8.921140719687035,68.2376561164856
-34.619843617196096,-8.921140719687035,68.2376561164856
-34.66125144121365,-8.859974472175837,68.2376561164856
-34.66125144121365,-8.859974472175837,68.2376561164856
-34.66125144121365,-8.859974472175837,68.2376561164856
-34.66125144121365,-8.859974472175837,68.2376561164856
-34.66125144121365,-8.859974472175837,68.2376561164856
-34.72981744083335,-8.782301041202794,68.2376561164856
-34.72981744083335,-8.782301041202794,68.2376561164856
-34.72981744083335,-8.782301041202794,68.2376561164856
-34.72981744083335,-8.782301041202794,68.2376561164856
-34.72981744083335,-8.782301041202794,68.2376561164856
-34.80669605986552,-8.691416222471304,68.2376561164856
-34.80669605986552,-8.691416222471304,68.2376561164856
-34.80669605986552,-8.691416222471304,68.2376561164856
-34.80669605986552,-8.691416222471304,68.2376561164856
-34.80669605986552,-8.691416222471304,68.2376561164856
-34.80669605986552,-8.691416222471304,68.2376561164856
-34.87946447927265,-8.593859905506779,68.2376561164856
-34.87946447927265,-8.593859905506779,68.2376561164856
-34.87946447927265,-8.593859905506779,68.2376561164856
-34.87946447927265,-8.593859905506779,68.2376561164856
-34.93536184601577,-8.485605863567312,68.2376561164856
-34.93536184601577,-8.485605863567312,68.2376561164856
-34.93536184601577,-8.485605863567312,68.2376561164856
-34.93536184601577,-8.485605863567312,68.2376561164856
-34.93536184601577,-8.485605863567312,68.2376561164856
-35.007053183832376,-8.377949798275242,68.2376561164856
-35.007053183832376,-8.377949798275242,68.2376561164856
-35.007053183832376,-8.377949798275242,68.2376561164856
-35.007053183832376,-8.377949798275242,68.2376561164856
-35.007053183832376,-8.377949798275242,68.2376561164856
-35.05507794757892,-8.252550431043453,68.2376561164856
-35.05507794757892,-8.252550431043453,68.2376561164856
-35.05507794757892,-8.252550431043453,68.2376561164856
-35.05507794757892,-8.252550431043453,68.2376561164856
-35.05507794757892,-8.252550431043453,68.2376561164856
-35.05507794757892,-8.252550431043453,68.2376561164856
-35.103627198432946,-8.135918917526231,68.2376561164856
-35.103627198432946,-8.135918917526231,68.2376561164856
-35.103627198432946,-8.135918917526231,68.2376561164856
-35.103627198432946,-8.135918917526231,68.2376561164856
-35.12748234853518,-8.053374140565158,68.2376561164856
-35.12748234853518,-8.053374140565158,68.2376561164856
-35.12748234853518,-8.053374140565158,68.2376561164856
-35.12748234853518,-8.053374140565158,68.2376561164856
-35.12748234853518,-8.053374140565158,68.2376561164856
-35.14754827875431,-7.97620951599252,68.2376561164856
-35.14754827875431,-7.97620951599252,68.2376561164856
-35.14754827875431,-7.97620951599252,68.2376561164856
-35.14754827875431,-7.97620951599252,68.2376561164856
-35.14754827875431,-7.97620951599252,68.2376561164856
-35.19301488837842,-7.877145815430547,68.2376561164856
-35.19301488837842,-7.877145815430547,68.2376561164856
-35.19301488837842,-7.877145815430547,68.2376561164856
-35.19301488837842,-7.877145815430547,68.2376561164856
-35.20454792170556,-7.796639093457101,68.2376561164856
-35.20454792170556,-7.796639093457101,68.2376561164856
-35.20454792170556,-7.796639093457101,68.2376561164856
-35.20454792170556,-7.796639093457101,68.2376561164856
-35.20454792170556,-7.796639093457101,68.2376561164856
-35.19018459861039,-7.7240569078283094,68.2376561164856
-35.19018459861039,-7.7240569078283094,68.2376561164856
-35.19018459861039,-7.7240569078283094,68.2376561164856
-35.19018459861039,-7.7240569078283094,68.2376561164856
-35.19018459861039,-7.7240569078283094,68.2376561164856
-35.207579951349835,-7.695801102293846,68.2376561164856
-35.207579951349835,-7.695801102293846,68.2376561164856
-35.207579951349835,-7.695801102293846,68.2376561164856
-35.207579951349835,-7.695801102293846,68.2376561164856
-35.207579951349835,-7.695801102293846,68.2376561164856
-35.18285577852113,-7.624489479078735,68.2376561164856
-35.18285577852113,-7.624489479078735,68.2376561164856
-35.18285577852113,-7.624489479078735,68.2376561164856
-35.18285577852113,-7.624489479078735,68.2376561164856
-35.18285577852113,-7.624489479078735,68.2376561164856
-35.1714403836756,-7.55097920465731,68.2376561164856
-35.1714403836756,-7.55097920465731,68.2376561164856
-35.1714403836756,-7.55097920465731,68.2376561164856
-35.1714403836756,-7.55097920465731,68.2376561164856
-35.1714403836756,-7.55097920465731,68.2376561164856
-35.18544642970372,-7.490430903221751,68.2376561164856
-35.18544642970372,-7.490430903221751,68.2376561164856
-35.18544642970372,-7.490430903221751,68.2376561164856
-35.18544642970372,-7.490430903221751,68.2376561164856
-35.18544642970372,-7.490430903221751,68.2376561164856
-35.212670605535784,-7.421504088468098,68.2376561164856
-35.212670605535784,-7.421504088468098,68.2376561164856
-35.212670605535784,-7.421504088468098,68.2376561164856
-35.212670605535784,-7.421504088468098,68.2376561164856
-35.212670605535784,-7.421504088468098,68.2376561164856
-35.21844011992118,-7.353049969942676,68.2376561164856
-35.21844011992118,-7.353049969942676,68.2376561164856
-35.21844011992118,-7.353049969942676,68.2376561164856
-35.21844011992118,-7.353049969942676,68.2376561164856
-35.21844011992118,-7.353049969942676,68.2376561164856
-35.238233778094475,-7.2911027595308635,68.2376561164856
-35.238233778094475,-7.2911027595308635,68.2376561164856
-35.238233778094475,-7.2911027595308635,68.2376561164856
-35.238233778094475,-7.2911027595308635,68.2376561164856
-35.238233778094475,-7.2911027595308635,68.2376561164856
-35.261163488850364,-7.241487289403332,68.2376561164856
-35.261163488850364,-7.241487289403332,68.2376561164856
-35.261163488850364,-7.241487289403332,68.2376561164856
-35.261163488850364,-7.241487289403332,68.2376561164856
-35.261163488850364,-7.241487289403332,68.2376561164856
-35.29696381863663,-7.189258949124443,68.2376561164856
-35.29696381863663,-7.189258949124443,68.2376561164856
-35.29696381863663,-7.189258949124443,68.2376561164856
-35.29696381863663,-7.189258949124443,68.2376561164856
-35.29696381863663,-7.189258949124443,68.2376561164856
-35.295166238837375,-7.136987899780325,68.2376561164856
-35.295166238837375,-7.136987899780325,68.2376561164856
-35.295166238837375,-7.136987899780325,68.2376561164856
-35.295166238837375,-7.136987899780325,68.2376561164856
-35.295166238837375,-7.136987899780325,68.2376561164856
-35.3012386981466,-7.088065211693597,68.2376561164856
-35.3012386981466,-7.088065211693597,68.2376561164856
-35.3012386981466,-7.088065211693597,68.2376561164856
-35.3012386981466,-7.088065211693597,68.2376561164856
-35.3012386981466,-7.088065211693597,68.2376561164856
-35.32724040646755,-7.051793044308587,68.2376561164856
-35.32724040646755,-7.051793044308587,68.2376561164856
-35.32724040646755,-7.051793044308587,68.2376561164856
-35.32724040646755,-7.051793044308587,68.2376561164856
-35.32724040646755,-7.051793044308587,68.2376561164856
-35.35027255823538,-7.022306129524758,68.2376561164856
-35.35027255823538,-7.022306129524758,68.2376561164856
-35.35027255823538,-7.022306129524758,68.2376561164856
-35.35027255823538,-7.022306129524758,68.2376561164856
-35.35027255823538,-7.022306129524758,68.2376561164856
-35.38564336664153,-7.006418686861398,68.2376561164856
-35.38564336664153,-7.006418686861398,68.2376561164856
-35.38564336664153,-7.006418686861398,68.2376561164856
-35.38564336664153,-7.006418686861398,68.2376561164856
-35.38564336664153,-7.006418686861398,68.2376561164856
-35.40556240685859,-6.983354834138643,68.2376561164856
-35.40556240685859,-6.983354834138643,68.2376561164856
-35.40556240685859,-6.983354834138643,68.2376561164856
-35.40556240685859,-6.983354834138643,68.2376561164856
-35.40556240685859,-6.983354834138643,68.2376561164856
-35.40556240685859,-6.983354834138643,68.2376561164856
-35.453206399401346,-6.951891964836492,68.2376561164856
-35.453206399401346,-6.951891964836492,68.2376561164856
-35.453206399401346,-6.951891964836492,68.2376561164856
-35.453206399401346,-6.951891964836492,68.2376561164856
-35.453206399401346,-6.951891964836492,68.2376561164856
-35.47888077517682,-6.92267466086494,68.2376561164856
-35.47888077517682,-6.92267466086494,68.2376561164856
-35.47888077517682,-6.92267466086494,68.2376561164856
-35.47888077517682,-6.92267466086494,68.2376561164856
-35.51193191595292,-6.901038167048378,68.2376561164856
-35.51193191595292,-6.901038167048378,68.2376561164856
-35.51193191595292,-6.901038167048378,68.2376561164856
-35.51193191595292,-6.901038167048378,68.2376561164856
-35.51193191595292,-6.901038167048378,68.2376561164856
-35.51193191595292,-6.901038167048378,68.2376561164856
-35.55006424323438,-6.867545537860546,68.2376561164856
-35.55006424323438,-6.867545537860546,68.2376561164856
-35.55006424323438,-6.867545537860546,68.2376561164856
-35.55006424323438,-6.867545537860546,68.2376561164856
-35.55006424323438,-6.867545537860546,68.2376561164856
-35.55006424323438,-6.867545537860546,68.2376561164856
-35.59354592217219,-6.846065221539651,68.2376561164856
-35.59354592217219,-6.846065221539651,68.2376561164856
-35.59354592217219,-6.846065221539651,68.2376561164856
-35.59354592217219,-6.846065221539651,68.2376561164856
-35.59354592217219,-6.846065221539651,68.2376561164856
-35.6453363801392,-6.814076987101452,68.2376561164856
-35.6453363801392,-6.814076987101452,68.2376561164856
-35.6453363801392,-6.814076987101452,68.2376561164856
-35.6453363801392,-6.814076987101452,68.2376561164856
-35.6453363801392,-6.814076987101452,68.2376561164856
-35.6453363801392,-6.814076987101452,68.2376561164856
-35.66696153012254,-6.779050363323091,68.2376561164856
-35.66696153012254,-6.779050363323091,68.2376561164856
-35.66696153012254,-6.779050363323091,68.2376561164856
-35.66696153012254,-6.779050363323091,68.2376561164856
-35.66696153012254,-6.779050363323091,68.2376561164856
-35.70515458149369,-6.737711989608556,68.2376561164856
-35.70515458149369,-6.737711989608556,68.2376561164856
-35.70515458149369,-6.737711989608556,68.2376561164856
-35.70515458149369,-6.737711989608556,68.2376561164856
-35.70515458149369,-6.737711989608556,68.2376561164856
-35.7622065855797,-6.6916157943231065,68.2376561164856
-35.7622065855797,-6.6916157943231065,68.2376561164856
-35.7622065855797,-6.6916157943231065,68.2376561164856
-35.7622065855797,-6.6916157943231065,68.2376561164856
-35.7622065855797,-6.6916157943231065,68.2376561164856
-35.81415772154051,-6.653191576838251,68.2376561164856
-35.81415772154051,-6.653191576838251,68.2376561164856
-35.81415772154051,-6.653191576838251,68.2376561164856
-35.81415772154051,-6.653191576838251,68.2376561164856
-35.81415772154051,-6.653191576838251,68.2376561164856
-35.81415772154051,-6.653191576838251,68.2376561164856
-35.878135947203745,-6.575827100411519,68.2376561164856
-35.878135947203745,-6.575827100411519,68.2376561164856
-35.878135947203745,-6.575827100411519,68.2376561164856
-35.878135947203745,-6.575827100411519,68.2376561164856
-35.878135947203745,-6.575827100411519,68.2376561164856
-35.878135947203745,-6.575827100411519,68.2376561164856
-35.93598132240089,-6.524539906337936,68.2376561164856
-35.93598132240089,-6.524539906337936,68.2376561164856
-35.93598132240089,-6.524539906337936,68.2376561164856
-35.93598132240089,-6.524539906337936,68.2376561164856
-35.93598132240089,-6.524539906337936,68.2376561164856
-35.99216998857068,-6.468825384346277,68.2376561164856
-35.99216998857068,-6.468825384346277,68.2376561164856
-35.99216998857068,-6.468825384346277,68.2376561164856
-35.99216998857068,-6.468825384346277,68.2376561164856
-35.99216998857068,-6.468825384346277,68.2376561164856
-35.99216998857068,-6.468825384346277,68.2376561164856
-36.04613167274163,-6.404368720654859,68.2376561164856
-36.04613167274163,-6.404368720654859,68.2376561164856
-36.04613167274163,-6.404368720654859,68.2376561164856
-36.04613167274163,-6.404368720654859,68.2376561164856
-36.04613167274163,-6.404368720654859,68.2376561164856
-36.04613167274163,-6.404368720654859,68.2376561164856
-36.13227725023153,-6.315901199602306,68.2376561164856
-36.13227725023153,-6.315901199602306,68.2376561164856
-36.13227725023153,-6.315901199602306,68.2376561164856
-36.13227725023153,-6.315901199602306,68.2376561164856
-36.13227725023153,-6.315901199602306,68.2376561164856
-36.13227725023153,-6.315901199602306,68.2376561164856
-36.18572111110022,-6.249274416008203,68.2376561164856
-36.18572111110022,-6.249274416008203,68.2376561164856
-36.18572111110022,-6.249274416008203,68.2376561164856
-36.18572111110022,-6.249274416008203,68.2376561164856
-36.18572111110022,-6.249274416008203,68.2376561164856
-36.244031016458166,-6.1881035074091555,68.2376561164856
-36.244031016458166,-6.1881035074091555,68.2376561164856
-36.244031016458166,-6.1881035074091555,68.2376561164856
-36.244031016458166,-6.1881035074091555,68.2376561164856
-36.244031016458166,-6.1881035074091555,68.2376561164856
-36.244031016458166,-6.1881035074091555,68.2376561164856
-36.36244701467047,-6.07817084588157,68.2376561164856
-36.36244701467047,-6.07817084588157,68.2376561164856
-36.36244701467047,-6.07817084588157,68.2376561164856
-36.36244701467047,-6.07817084588157,68.2376561164856
-36.36244701467047,-6.07817084588157,68.2376561164856
-36.42089218547493,-5.998036624569251,68.2376561164856
-36.42089218547493,-5.998036624569251,68.2376561164856
-36.42089218547493,-5.998036624569251,68.2376561164856
-36.42089218547493,-5.998036624569251,68.2376561164856
-36.42089218547493,-5.998036624569251,68.2376561164856
-36.42089218547493,-5.998036624569251,68.2376561164856
-36.46333871626332,-5.920499120761971,68.2376561164856
-36.46333871626332,-5.920499120761971,68.2376561164856
-36.46333871626332,-5.920499120761971,68.2376561164856
-36.46333871626332,-5.920499120761971,68.2376561164856
-36.46333871626332,-5.920499120761971,68.2376561164856
-36.46333871626332,-5.920499120761971,68.2376561164856
-36.46333871626332,-5.920499120761971,68.2376561164856
-36.46333871626332,-5.920499120761971,68.2376561164856
-36.46333871626332,-5.920499120761971,68.2376561164856
-36.46333871626332,-5.920499120761971,68.2376561164856
-36.537830499275174,-5.839668067349982,68.2376561164856
-36.537830499275174,-5.839668067349982,68.2376561164856
-36.537830499275174,-5.839668067349982,68.2376561164856
-36.537830499275174,-5.839668067349982,68.2376561164856
-36.537830499275174,-5.839668067349982,68.2376561164856
-36.537830499275174,-5.839668067349982,68.2376561164856
-36.537830499275174,-5.839668067349982,68.2376561164856
-36.537830499275174,-5.839668067349982,68.2376561164856
-36.68824293318817,-5.6836523670735195,68.2376561164856
-36.68824293318817,-5.6836523670735195,68.2376561164856
-36.68824293318817,-5.6836523670735195,68.2376561164856
-36.68824293318817,-5.6836523670735195,68.2376561164856
-36.68824293318817,-5.6836523670735195,68.2376561164856
-36.68824293318817,-5.6836523670735195,68.2376561164856
-36.806546899030195,-5.558546275237096,68.2376561164856
-36.806546899030195,-5.558546275237096,68.2376561164856
-36.806546899030195,-5.558546275237096,68.2376561164856
-36.806546899030195,-5.558546275237096,68.2376561164856
-36.806546899030195,-5.558546275237096,68.2376561164856
-36.91285903580193,-5.415028251787197,68.2376561164856
-36.91285903580193,-5.415028251787197,68.2376561164856
-36.91285903580193,-5.415028251787197,68.2376561164856
-36.91285903580193,-5.415028251787197,68.2376561164856
-36.91285903580193,-5.415028251787197,68.2376561164856
-36.993743416425254,-5.321054736386322,68.2376561164856
-36.993743416425254,-5.321054736386322,68.2376561164856
-36.993743416425254,-5.321054736386322,68.2376561164856
-36.993743416425254,-5.321054736386322,68.2376561164856
-36.993743416425254,-5.321054736386322,68.2376561164856
-36.993743416425254,-5.321054736386322,68.2376561164856
-37.07421803990043,-5.225027199679688,68.2376561164856
-37.07421803990043,-5.225027199679688,68.2376561164856
-37.07421803990043,-5.225027199679688,68.2376561164856
-37.07421803990043,-5.225027199679688,68.2376561164856
-37.07421803990043,-5.225027199679688,68.2376561164856
-37.15028442608096,-5.127823055572561,68.2376561164856
-37.15028442608096,-5.127823055572561,68.2376561164856
-37.15028442608096,-5.127823055572561,68.2376561164856
-37.15028442608096,-5.127823055572561,68.2376561164856
-37.15028442608096,-5.127823055572561,68.2376561164856
-37.15028442608096,-5.127823055572561,68.2376561164856
-37.274305892259484,-4.9801836688257195,68.2376561164856
-37.274305892259484,-4.9801836688257195,68.2376561164856
-37.274305892259484,-4.9801836688257195,68.2376561164856
-37.274305892259484,-4.9801836688257195,68.2376561164856
-37.274305892259484,-4.9801836688257195,68.2376561164856
-37.274305892259484,-4.9801836688257195,68.2376561164856
-37.37580436132118,-4.876834012992271,68.2376561164856
-37.37580436132118,-4.876834012992271,68.2376561164856
-37.37580436132118,-4.876834012992271,68.2376561164856
-37.37580436132118,-4.876834012992271,68.2376561164856
-37.37580436132118,-4.876834012992271,68.2376561164856
-37.37580436132118,-4.876834012992271,68.2376561164856
-37.47132572089575,-4.769661454034682,68.2376561164856
-37.47132572089575,-4.769661454034682,68.2376561164856
-37.47132572089575,-4.769661454034682,68.2376561164856
-37.47132572089575,-4.769661454034682,68.2376561164856
-37.47132572089575,-4.769661454034682,68.2376561164856
-37.57245534732933,-4.65477311769728,68.2376561164856
-37.57245534732933,-4.65477311769728,68.2376561164856
-37.57245534732933,-4.65477311769728,68.2376561164856
-37.57245534732933,-4.65477311769728,68.2376561164856
-37.57245534732933,-4.65477311769728,68.2376561164856
-37.57245534732933,-4.65477311769728,68.2376561164856
-37.66500875903836,-4.533913608169821,68.2376561164856
-37.66500875903836,-4.533913608169821,68.2376561164856
-37.66500875903836,-4.533913608169821,68.2376561164856
-37.66500875903836,-4.533913608169821,68.2376561164856
-37.66500875903836,-4.533913608169821,68.2376561164856
-37.78862388906422,-4.374722117000016,68.2376561164856
-37.78862388906422,-4.374722117000016,68.2376561164856
-37.78862388906422,-4.374722117000016,68.2376561164856
-37.78862388906422,-4.374722117000016,68.2376561164856
-37.78862388906422,-4.374722117000016,68.2376561164856
-37.78862388906422,-4.374722117000016,68.2376561164856
-37.871861565210445,-4.26926865493922,68.2376561164856
-37.871861565210445,-4.26926865493922,68.2376561164856
-37.871861565210445,-4.26926865493922,68.2376561164856
-37.871861565210445,-4.26926865493922,68.2376561164856
-37.871861565210445,-4.26926865493922,68.2376561164856
-37.93874818880939,-4.1636795871338315,68.2376561164856
-37.93874818880939,-4.1636795871338315,68.2376561164856
-37.93874818880939,-4.1636795871338315,68.2376561164856
-37.93874818880939,-4.1636795871338315,68.2376561164856
-37.93874818880939,-4.1636795871338315,68.2376561164856
-37.93874818880939,-4.1636795871338315,68.2376561164856
-38.008250088397666,-4.044045218195195,68.2376561164856
-38.008250088397666,-4.044045218195195,68.2376561164856
-38.008250088397666,-4.044045218195195,68.2376561164856
-38.008250088397666,-4.044045218195195,68.2376561164856
-38.008250088397666,-4.044045218195195,68.2376561164856
-38.11713297304608,-3.865824158487209,68.2376561164856
-38.11713297304608,-3.865824158487209,68.2376561164856
-38.11713297304608,-3.865824158487209,68.2376561164856
-38.11713297304608,-3.865824158487209,68.2376561164856
-38.11713297304608,-3.865824158487209,68.2376561164856
-38.11713297304608,-3.865824158487209,68.2376561164856
-38.18697011220572,-3.748567310096439,68.2376561164856
-38.18697011220572,-3.748567310096439,68.2376561164856
-38.18697011220572,-3.748567310096439,68.2376561164856
-38.18697011220572,-3.748567310096439,68.2376561164856
-38.18697011220572,-3.748567310096439,68.2376561164856
-38.18697011220572,-3.748567310096439,68.2376561164856
-38.28674137290493,-3.622689520664146,68.2376561164856
-38.28674137290493,-3.622689520664146,68.2376561164856
-38.28674137290493,-3.622689520664146,68.2376561164856
-38.28674137290493,-3.622689520664146,68.2376561164856
-38.28674137290493,-3.622689520664146,68.2376561164856
-38.28674137290493,-3.622689520664146,68.2376561164856
-38.28674137290493,-3.622689520664146,68.2376561164856
-38.28674137290493,-3.622689520664146,68.2376561164856
-38.387847082329976,-3.4973264819832055,68.2376561164856
-38.387847082329976,-3.4973264819832055,68.2376561164856
-38.387847082329976,-3.4973264819832055,68.2376561164856
-38.387847082329976,-3.4973264819832055,68.2376561164856
-38.387847082329976,-3.4973264819832055,68.2376561164856
-38.387847082329976,-3.4973264819832055,68.2376561164856
-38.387847082329976,-3.4973264819832055,68.2376561164856
-38.387847082329976,-3.4973264819832055,68.2376561164856
-38.57013866707783,-3.2837211620286277,68.2376561164856
-38.57013866707783,-3.2837211620286277,68.2376561164856
-38.57013866707783,-3.2837211620286277,68.2376561164856
-38.57013866707783,-3.2837211620286277,68.2376561164856
-38.57013866707783,-3.2837211620286277,68.2376561164856
-38.71144450408039,-3.107195637154397,68.2376561164856
-38.71144450408039,-3.107195637154397,68.2376561164856
-38.71144450408039,-3.107195637154397,68.2376561164856
-38.71144450408039,-3.107195637154397,68.2376561164856
-38.71144450408039,-3.107195637154397,68.2376561164856
-38.71144450408039,-3.107195637154397,68.2376561164856
-38.79825476645655,-2.9881941228148454,68.2376561164856
-38.79825476645655,-2.9881941228148454,68.2376561164856
-38.79825476645655,-2.9881941228148454,68.2376561164856
-38.79825476645655,-2.9881941228148454,68.2376561164856
-38.79825476645655,-2.9881941228148454,68.2376561164856
-38.79825476645655,-2.9881941228148454,68.2376561164856
-38.79825476645655,-2.9881941228148454,68.2376561164856
-38.88440386396508,-2.8545325276434736,68.2376561164856
-38.88440386396508,-2.8545325276434736,68.2376561164856
-38.88440386396508,-2.8545325276434736,68.2376561164856
-38.88440386396508,-2.8545325276434736,68.2376561164856
-38.88440386396508,-2.8545325276434736,68.2376561164856
-38.88440386396508,-2.8545325276434736,68.2376561164856
-39.00956147855413,-2.6706767698780203,68.2376561164856
-39.00956147855413,-2.6706767698780203,68.2376561164856
-39.00956147855413,-2.6706767698780203,68.2376561164856
-39.00956147855413,-2.6706767698780203,68.2376561164856
-39.00956147855413,-2.6706767698780203,68.2376561164856
-39.00956147855413,-2.6706767698780203,68.2376561164856
-39.086689726865814,-2.547316574490078,68.2376561164856
-39.086689726865814,-2.547316574490078,68.2376561164856
-39.086689726865814,-2.547316574490078,68.2376561164856
-39.086689726865814,-2.547316574490078,68.2376561164856
-39.086689726865814,-2.547316574490078,68.2376561164856
-39.21011233703371,-2.377114449768545,68.2376561164856
-39.21011233703371,-2.377114449768545,68.2376561164856
-39.21011233703371,-2.377114449768545,68.2376561164856
-39.21011233703371,-2.377114449768545,68.2376561164856
-39.21011233703371,-2.377114449768545,68.2376561164856
-39.295819364677634,-2.270801217645179,68.2376561164856
-39.295819364677634,-2.270801217645179,68.2376561164856
-39.295819364677634,-2.270801217645179,68.2376561164856
-39.295819364677634,-2.270801217645179,68.2376561164856
-39.295819364677634,-2.270801217645179,68.2376561164856
-39.396305221100675,-2.1418188481767344,68.2376561164856
-39.396305221100675,-2.1418188481767344,68.2376561164856
-39.396305221100675,-2.1418188481767344,68.2376561164856
-39.396305221100675,-2.1418188481767344,68.2376561164856
-39.396305221100675,-2.1418188481767344,68.2376561164856
-39.50254213032703,-2.001697878689749,68.2376561164856
-39.50254213032703,-2.001697878689749,68.2376561164856
-39.50254213032703,-2.001697878689749,68.2376561164856
-39.50254213032703,-2.001697878689749,68.2376561164856
-39.50254213032703,-2.001697878689749,68.2376561164856
-39.58855981524498,-1.8677708196002787,68.2376561164856
-39.58855981524498,-1.8677708196002787,68.2376561164856
-39.58855981524498,-1.8677708196002787,68.2376561164856
-39.58855981524498,-1.8677708196002787,68.2376561164856
-39.58855981524498,-1.8677708196002787,68.2376561164856
-39.6718955614421,-1.7383902197908898,68.2376561164856
-39.6718955614421,-1.7383902197908898,68.2376561164856
-39.6718955614421,-1.7383902197908898,68.2376561164856
-39.6718955614421,-1.7383902197908898,68.2376561164856
-39.6718955614421,-1.7383902197908898,68.2376561164856
-39.751150057832355,-1.5987251839893966,68.2376561164856
-39.751150057832355,-1.5987251839893966,68.2376561164856
-39.751150057832355,-1.5987251839893966,68.2376561164856
-39.751150057832355,-1.5987251839893966,68.2376561164856
-39.751150057832355,-1.5987251839893966,68.2376561164856
-39.82809283842031,-1.453249651608794,68.2376561164856
-39.82809283842031,-1.453249651608794,68.2376561164856
-39.82809283842031,-1.453249651608794,68.2376561164856
-39.82809283842031,-1.453249651608794,68.2376561164856
-39.82809283842031,-1.453249651608794,68.2376561164856
-39.82809283842031,-1.453249651608794,68.2376561164856
-39.90231338079936,-1.3112748018132303,68.2376561164856
-39.90231338079936,-1.3112748018132303,68.2376561164856
-39.90231338079936,-1.3112748018132303,68.2376561164856
-39.90231338079936,-1.3112748018132303,68.2376561164856
-39.90231338079936,-1.3112748018132303,68.2376561164856
-39.90231338079936,-1.3112748018132303,68.2376561164856
-39.99155171887712,-1.176473931653193,68.2376561164856
-39.99155171887712,-1.176473931653193,68.2376561164856
-39.99155171887712,-1.176473931653193,68.2376561164856
-39.99155171887712,-1.176473931653193,68.2376561164856
-39.99155171887712,-1.176473931653193,68.2376561164856
-39.99155171887712,-1.176473931653193,68.2376561164856
-40.12513614739734,-0.9760511763574554,68.2376561164856
-40.12513614739734,-0.9760511763574554,68.2376561164856
-40.12513614739734,-0.9760511763574554,68.2376561164856
-40.12513614739734,-0.9760511763574554,68.2376561164856
-40.12513614739734,-0.9760511763574554,68.2376561164856
-40.215752246822206,-0.8572087388656077,68.2376561164856
-40.215752246822206,-0.8572087388656077,68.2376561164856
-40.215752246822206,-0.8572087388656077,68.2376561164856
-40.215752246822206,-0.8572087388656077,68.2376561164856
-40.215752246822206,-0.8572087388656077,68.2376561164856
-40.310843233971646,-0.7232786661076083,68.2376561164856
-40.310843233971646,-0.7232786661076083,68.2376561164856
-40.310843233971646,-0.7232786661076083,68.2376561164856
-40.310843233971646,-0.7232786661076083,68.2376561164856
-40.310843233971646,-0.7232786661076083,68.2376561164856
-40.397303292130836,-0.5964239621867374,68.2376561164856
-40.397303292130836,-0.5964239621867374,68.2376561164856
-40.397303292130836,-0.5964239621867374,68.2376561164856
-40.397303292130836,-0.5964239621867374,68.2376561164856
-40.397303292130836,-0.5964239621867374,68.2376561164856
-40.4932248439856,-0.46183023824733277,68.2376561164856
-40.4932248439856,-0.46183023824733277,68.2376561164856
-40.4932248439856,-0.46183023824733277,68.2376561164856
-40.4932248439856,-0.46183023824733277,68.2376561164856
-40.4932248439856,-0.46183023824733277,68.2376561164856
-40.4932248439856,-0.46183023824733277,68.2376561164856
-40.58508669369229,-0.31786156186629655,68.2376561164856
-40.58508669369229,-0.31786156186629655,68.2376561164856
-40.58508669369229,-0.31786156186629655,68.2376561164856
-40.58508669369229,-0.31786156186629655,68.2376561164856
-40.58508669369229,-0.31786156186629655,68.2376561164856
-40.666850874461296,-0.1765221995216218,68.2376561164856
-40.666850874461296,-0.1765221995216218,68.2376561164856
-40.666850874461296,-0.1765221995216218,68.2376561164856
-40.666850874461296,-0.1765221995216218,68.2376561164856
-40.666850874461296,-0.1765221995216218,68.2376561164856
-40.742615656083906,-0.04324208969579475,68.2376561164856
-40.742615656083906,-0.04324208969579475,68.2376561164856
-40.742615656083906,-0.04324208969579475,68.2376561164856
-40.742615656083906,-0.04324208969579475,68.2376561164856
-40.742615656083906,-0.04324208969579475,68.2376561164856
-40.742615656083906,-0.04324208969579475,68.2376561164856
-40.8225644811247,0.10050545404617167,68.2376561164856
-40.8225644811247,0.10050545404617167,68.2376561164856
-40.8225644811247,0.10050545404617167,68.2376561164856
-40.8225644811247,0.10050545404617167,68.2376561164856
-40.8225644811247,0.10050545404617167,68.2376561164856
-40.8225644811247,0.10050545404617167,68.2376561164856
-40.94516226311977,0.3168376223063791,68.2376561164856
-40.94516226311977,0.3168376223063791,68.2376561164856
-40.94516226311977,0.3168376223063791,68.2376561164856
-40.94516226311977,0.3168376223063791,68.2376561164856
-40.94516226311977,0.3168376223063791,68.2376561164856
-41.0417307334093,0.4429370842607399,68.2376561164856
-41.0417307334093,0.4429370842607399,68.2376561164856
-41.0417307334093,0.4429370842607399,68.2376561164856
-41.0417307334093,0.4429370842607399,68.2376561164856
-41.0417307334093,0.4429370842607399,68.2376561164856
-41.146028566478705,0.5632009079592667,68.2376561164856
-41.146028566478705,0.5632009079592667,68.2376561164856
-41.146028566478705,0.5632009079592667,68.2376561164856
-41.146028566478705,0.5632009079592667,68.2376561164856
-41.146028566478705,0.5632009079592667,68.2376561164856
-41.146028566478705,0.5632009079592667,68.2376561164856
-41.24834509479518,0.7063505165921398,68.2376561164856
-41.24834509479518,0.7063505165921398,68.2376561164856
-41.24834509479518,0.7063505165921398,68.2376561164856
-41.24834509479518,0.7063505165921398,68.2376561164856
-41.24834509479518,0.7063505165921398,68.2376561164856
-41.24834509479518,0.7063505165921398,68.2376561164856
-41.24834509479518,0.7063505165921398,68.2376561164856
-41.372621590661716,0.913735431191482,68.2376561164856
-41.372621590661716,0.913735431191482,68.2376561164856
-41.372621590661716,0.913735431191482,68.2376561164856
-41.372621590661716,0.913735431191482,68.2376561164856
-41.372621590661716,0.913735431191482,68.2376561164856
-41.45719403540808,1.0533008644684503,68.2376561164856
-41.45719403540808,1.0533008644684503,68.2376561164856
-41.45719403540808,1.0533008644684503,68.2376561164856
-41.45719403540808,1.0533008644684503,68.2376561164856
-41.45719403540808,1.0533008644684503,68.2376561164856
-41.56222530660425,1.1961530413573729,68.2376561164856
-41.56222530660425,1.1961530413573729,68.2376561164856
-41.56222530660425,1.1961530413573729,68.2376561164856
-41.56222530660425,1.1961530413573729,68.2376561164856
-41.56222530660425,1.1961530413573729,68.2376561164856
-41.56222530660425,1.1961530413573729,68.2376561164856
-41.711673629982926,1.3945092998658914,68.2376561164856
-41.711673629982926,1.3945092998658914,68.2376561164856
-41.711673629982926,1.3945092998658914,68.2376561164856
-41.711673629982926,1.3945092998658914,68.2376561164856
-41.711673629982926,1.3945092998658914,68.2376561164856
-41.711673629982926,1.3945092998658914,68.2376561164856
-41.796496045574585,1.525143088580089,68.2376561164856
-41.796496045574585,1.525143088580089,68.2376561164856
-41.796496045574585,1.525143088580089,68.2376561164856
-41.796496045574585,1.525143088580089,68.2376561164856
-41.796496045574585,1.525143088580089,68.2376561164856
-41.796496045574585,1.525143088580089,68.2376561164856
-41.796496045574585,1.525143088580089,68.2376561164856
-41.796496045574585,1.525143088580089,68.2376561164856
-41.87908036788473,1.6566091020780775,68.2376561164856
-41.87908036788473,1.6566091020780775,68.2376561164856
-41.87908036788473,1.6566091020780775,68.2376561164856
-41.87908036788473,1.6566091020780775,68.2376561164856
-41.87908036788473,1.6566091020780775,68.2376561164856
-41.87908036788473,1.6566091020780775,68.2376561164856
-42.002898751369585,1.8547555027058875,68.2376561164856
-42.002898751369585,1.8547555027058875,68.2376561164856
-42.002898751369585,1.8547555027058875,68.2376561164856
-42.002898751369585,1.8547555027058875,68.2376561164856
-42.002898751369585,1.8547555027058875,68.2376561164856
-42.121415211491964,2.031133408956505,68.2376561164856
-42.121415211491964,2.031133408956505,68.2376561164856
-42.121415211491964,2.031133408956505,68.2376561164856
-42.121415211491964,2.031133408956505,68.2376561164856
-42.121415211491964,2.031133408956505,68.2376561164856
-42.21154439916362,2.147545509357148,68.2376561164856
-42.21154439916362,2.147545509357148,68.2376561164856
-42.21154439916362,2.147545509357148,68.2376561164856
-42.21154439916362,2.147545509357148,68.2376561164856
-42.21154439916362,2.147545509357148,68.2376561164856
-42.21154439916362,2.147545509357148,68.2376561164856
-42.29714125319414,2.270574234995124,68.2376561164856
-42.29714125319414,2.270574234995124,68.2376561164856
-42.29714125319414,2.270574234995124,68.2376561164856
-42.29714125319414,2.270574234995124,68.2376561164856
-42.29714125319414,2.270574234995124,68.2376561164856
-42.369469698136434,2.3962564948374325,68.2376561164856
-42.369469698136434,2.3962564948374325,68.2376561164856
-42.369469698136434,2.3962564948374325,68.2376561164856
-42.369469698136434,2.3962564948374325,68.2376561164856
-42.369469698136434,2.3962564948374325,68.2376561164856
-42.444001389001365,2.503767113538483,68.2376561164856
-42.444001389001365,2.503767113538483,68.2376561164856
-42.444001389001365,2.503767113538483,68.2376561164856
-42.444001389001365,2.503767113538483,68.2376561164856
-42.444001389001365,2.503767113538483,68.2376561164856
-42.444001389001365,2.503767113538483,68.2376561164856
-42.54030976034252,2.6117528035404978,68.2376561164856
-42.54030976034252,2.6117528035404978,68.2376561164856
-42.54030976034252,2.6117528035404978,68.2376561164856
-42.54030976034252,2.6117528035404978,68.2376561164856
-42.54030976034252,2.6117528035404978,68.2376561164856
-42.54030976034252,2.6117528035404978,68.2376561164856
-42.68714710623973,2.779659625409549,68.2376561164856
-42.68714710623973,2.779659625409549,68.2376561164856
-42.68714710623973,2.779659625409549,68.2376561164856
-42.68714710623973,2.779659625409549,68.2376561164856
-42.68714710623973,2.779659625409549,68.2376561164856
-42.68714710623973,2.779659625409549,68.2376561164856
-42.79918709127746,2.9001343168335567,68.2376561164856
-42.79918709127746,2.9001343168335567,68.2376561164856
-42.79918709127746,2.9001343168335567,68.2376561164856
-42.79918709127746,2.9001343168335567,68.2376561164856
-42.79918709127746,2.9001343168335567,68.2376561164856
-42.89508399424722,3.0217199010757194,68.2376561164856
-42.89508399424722,3.0217199010757194,68.2376561164856
-42.89508399424722,3.0217199010757194,68.2376561164856
-42.89508399424722,3.0217199010757194,68.2376561164856
-42.89508399424722,3.0217199010757194,68.2376561164856
-42.89508399424722,3.0217199010757194,68.2376561164856
-43.0066273529515,3.154982677708239,68.2376561164856
-43.0066273529515,3.154982677708239,68.2376561164856
-43.0066273529515,3.154982677708239,68.2376561164856
-43.0066273529515,3.154982677708239,68.2376561164856
-43.0066273529515,3.154982677708239,68.2376561164856
-43.0066273529515,3.154982677708239,68.2376561164856
-43.16006876075454,3.352783116906168,68.2376561164856
-43.16006876075454,3.352783116906168,68.2376561164856
-43.16006876075454,3.352783116906168,68.2376561164856
-43.16006876075454,3.352783116906168,68.2376561164856
-43.16006876075454,3.352783116906168,68.2376561164856
-43.16006876075454,3.352783116906168,68.2376561164856
-43.25734775331907,3.481626108247846,68.2376561164856
-43.25734775331907,3.481626108247846,68.2376561164856
-43.25734775331907,3.481626108247846,68.2376561164856
-43.25734775331907,3.481626108247846,68.2376561164856
-43.25734775331907,3.481626108247846,68.2376561164856
-43.400209276467834,3.668640424827557,68.2376561164856
-43.400209276467834,3.668640424827557,68.2376561164856
-43.400209276467834,3.668640424827557,68.2376561164856
-43.400209276467834,3.668640424827557,68.2376561164856
-43.400209276467834,3.668640424827557,68.2376561164856
-43.400209276467834,3.668640424827557,68.2376561164856
-43.4879331876447,3.778386411082255,68.2376561164856
-43.4879331876447,3.778386411082255,68.2376561164856
-43.4879331876447,3.778386411082255,68.2376561164856
-43.4879331876447,3.778386411082255,68.2376561164856
-43.4879331876447,3.778386411082255,68.2376561164856
-43.4879331876447,3.778386411082255,68.2376561164856
-43.552524053574615,3.8598518309493093,68.2376561164856
-43.552524053574615,3.8598518309493093,68.2376561164856
-43.552524053574615,3.8598518309493093,68.2376561164856
-43.552524053574615,3.8598518309493093,68.2376561164856
-43.552524053574615,3.8598518309493093,68.2376561164856
-43.604493266335275,3.9353055206985195,68.2376561164856
-43.604493266335275,3.9353055206985195,68.2376561164856
-43.604493266335275,3.9353055206985195,68.2376561164856
-43.604493266335275,3.9353055206985195,68.2376561164856
-43.604493266335275,3.9353055206985195,68.2376561164856
-43.604493266335275,3.9353055206985195,68.2376561164856
-43.66866718802308,4.036972763266681,68.2376561164856
-43.66866718802308,4.036972763266681,68.2376561164856
-43.66866718802308,4.036972763266681,68.2376561164856
-43.66866718802308,4.036972763266681,68.2376561164856
-43.66866718802308,4.036972763266681,68.2376561164856
-43.831730196851034,4.238107809123609,68.2376561164856
-43.831730196851034,4.238107809123609,68.2376561164856
-43.831730196851034,4.238107809123609,68.2376561164856
-43.831730196851034,4.238107809123609,68.2376561164856
-43.831730196851034,4.238107809123609,68.2376561164856
-43.90453633461383,4.357110316683964,68.2376561164856
-43.90453633461383,4.357110316683964,68.2376561164856
-43.90453633461383,4.357110316683964,68.2376561164856
-43.90453633461383,4.357110316683964,68.2376561164856
-43.90453633461383,4.357110316683964,68.2376561164856
-43.90453633461383,4.357110316683964,68.2376561164856
-43.96169055465885,4.4474459971938884,68.2376561164856
-43.96169055465885,4.4474459971938884,68.2376561164856
-43.96169055465885,4.4474459971938884,68.2376561164856
-43.96169055465885,4.4474459971938884,68.2376561164856
-43.96169055465885,4.4474459971938884,68.2376561164856
-44.03671030345517,4.564171579899853,68.2376561164856
-44.03671030345517,4.564171579899853,68.2376561164856
-44.03671030345517,4.564171579899853,68.2376561164856
-44.03671030345517,4.564171579899853,68.2376561164856
-44.03671030345517,4.564171579899853,68.2376561164856
-44.13370434378757,4.707324297505894,68.2376561164856
-44.13370434378757,4.707324297505894,68.2376561164856
-44.13370434378757,4.707324297505894,68.2376561164856
-44.13370434378757,4.707324297505894,68.2376561164856
-44.13370434378757,4.707324297505894,68.2376561164856
-44.215547441085775,4.823267449184819,68.2376561164856
-44.215547441085775,4.823267449184819,68.2376561164856
-44.215547441085775,4.823267449184819,68.2376561164856
-44.215547441085775,4.823267449184819,68.2376561164856
-44.215547441085775,4.823267449184819,68.2376561164856
-44.215547441085775,4.823267449184819,68.2376561164856
-44.30209494585298,4.93759234848102,68.2376561164856
-44.30209494585298,4.93759234848102,68.2376561164856
-44.30209494585298,4.93759234848102,68.2376561164856
-44.30209494585298,4.93759234848102,68.2376561164856
-44.30209494585298,4.93759234848102,68.2376561164856
-44.40243395531011,5.083345367226295,68.2376561164856
-44.40243395531011,5.083345367226295,68.2376561164856
-44.40243395531011,5.083345367226295,68.2376561164856
-44.40243395531011,5.083345367226295,68.2376561164856
-44.40243395531011,5.083345367226295,68.2376561164856
-44.471593993786534,5.180160834504536,68.2376561164856
-44.471593993786534,5.180160834504536,68.2376561164856
-44.471593993786534,5.180160834504536,68.2376561164856
-44.471593993786534,5.180160834504536,68.2376561164856
-44.471593993786534,5.180160834504536,68.2376561164856
-44.55191588243824,5.2980597515873935,68.2376561164856
-44.55191588243824,5.2980597515873935,68.2376561164856
-44.55191588243824,5.2980597515873935,68.2376561164856
-44.55191588243824,5.2980597515873935,68.2376561164856
-44.55191588243824,5.2980597515873935,68.2376561164856
-44.55191588243824,5.2980597515873935,68.2376561164856
-44.61439755350095,5.398327400768676,68.2376561164856
-44.61439755350095,5.398327400768676,68.2376561164856
-44.61439755350095,5.398327400768676,68.2376561164856
-44.61439755350095,5.398327400768676,68.2376561164856
-44.61439755350095,5.398327400768676,68.2376561164856
-44.61439755350095,5.398327400768676,68.2376561164856
-44.66454590184255,5.48966710042575,68.2376561164856
-44.66454590184255,5.48966710042575,68.2376561164856
-44.66454590184255,5.48966710042575,68.2376561164856
-44.66454590184255,5.48966710042575,68.2376561164856
-44.66454590184255,5.48966710042575,68.2376561164856
-44.66454590184255,5.48966710042575,68.2376561164856
-44.737369374920995,5.617396990796961,68.2376561164856
-44.737369374920995,5.617396990796961,68.2376561164856
-44.737369374920995,5.617396990796961,68.2376561164856
-44.737369374920995,5.617396990796961,68.2376561164856
-44.737369374920995,5.617396990796961,68.2376561164856
-44.737369374920995,5.617396990796961,68.2376561164856
-44.90439740329757,5.805450149671338,68.2376561164856
-44.90439740329757,5.805450149671338,68.2376561164856
-44.90439740329757,5.805450149671338,68.2376561164856
-44.90439740329757,5.805450149671338,68.2376561164856
-44.90439740329757,5.805450149671338,68.2376561164856
-44.98364916404278,5.913356227927121,68.2376561164856
-44.98364916404278,5.913356227927121,68.2376561164856
-44.98364916404278,5.913356227927121,68.2376561164856
-44.98364916404278,5.913356227927121,68.2376561164856
-44.98364916404278,5.913356227927121,68.2376561164856
-45.046726703056166,6.006794767387091,68.2376561164856
-45.046726703056166,6.006794767387091,68.2376561164856
-45.046726703056166,6.006794767387091,68.2376561164856
-45.046726703056166,6.006794767387091,68.2376561164856
-45.046726703056166,6.006794767387091,68.2376561164856
-45.11812090646195,6.114007185352138,68.2376561164856
-45.11812090646195,6.114007185352138,68.2376561164856
-45.11812090646195,6.114007185352138,68.2376561164856
-45.11812090646195,6.114007185352138,68.2376561164856
-45.11812090646195,6.114007185352138,68.2376561164856
-45.11812090646195,6.114007185352138,68.2376561164856
-45.23631264646923,6.284978033754294,68.2376561164856
-45.23631264646923,6.284978033754294,68.2376561164856
-45.23631264646923,6.284978033754294,68.2376561164856
-45.23631264646923,6.284978033754294,68.2376561164856
-45.23631264646923,6.284978033754294,68.2376561164856
-45.23631264646923,6.284978033754294,68.2376561164856
-45.31574672387516,6.392895024486174,68.2376561164856
-45.31574672387516,6.392895024486174,68.2376561164856
-45.31574672387516,6.392895024486174,68.2376561164856
-45.31574672387516,6.392895024486174,68.2376561164856
-45.31574672387516,6.392895024486174,68.2376561164856
-45.31574672387516,6.392895024486174,68.2376561164856
-45.395929966506195,6.492804925700733,68.2376561164856
-45.395929966506195,6.492804925700733,68.2376561164856
-45.395929966506195,6.492804925700733,68.2376561164856
-45.395929966506195,6.492804925700733,68.2376561164856
-45.395929966506195,6.492804925700733,68.2376561164856
-45.48698805729942,6.622398714665128,68.2376561164856
-45.48698805729942,6.622398714665128,68.2376561164856
-45.48698805729942,6.622398714665128,68.2376561164856
-45.48698805729942,6.622398714665128,68.2376561164856
-45.48698805729942,6.622398714665128,68.2376561164856
-45.573369303325514,6.735840117203123,68.2376561164856
-45.573369303325514,6.735840117203123,68.2376561164856
-45.573369303325514,6.735840117203123,68.2376561164856
-45.573369303325514,6.735840117203123,68.2376561164856
-45.573369303325514,6.735840117203123,68.2376561164856
-45.65272693652088,6.848276258261062,68.2376561164856
-45.65272693652088,6.848276258261062,68.2376561164856
-45.65272693652088,6.848276258261062,68.2376561164856
-45.65272693652088,6.848276258261062,68.2376561164856
-45.65272693652088,6.848276258261062,68.2376561164856
-45.72737516047549,6.965376787572679,68.2376561164856
-45.72737516047549,6.965376787572679,68.2376561164856
-45.72737516047549,6.965376787572679,68.2376561164856
-45.72737516047549,6.965376787572679,68.2376561164856
-45.72737516047549,6.965376787572679,68.2376561164856
-45.820333824313735,7.079080830894605,68.2376561164856
-45.820333824313735,7.079080830894605,68.2376561164856
-45.820333824313735,7.079080830894605,68.2376561164856
-45.820333824313735,7.079080830894605,68.2376561164856
-45.820333824313735,7.079080830894605,68.2376561164856
-45.894623023432786,7.192325588044198,68.2376561164856
-45.894623023432786,7.192325588044198,68.2376561164856
-45.894623023432786,7.192325588044198,68.2376561164856
-45.894623023432786,7.192325588044198,68.2376561164856
-45.894623023432786,7.192325588044198,68.2376561164856
-45.97866123669707,7.309548187120926,68.2376561164856
-45.97866123669707,7.309548187120926,68.2376561164856
-45.97866123669707,7.309548187120926,68.2376561164856
-45.97866123669707,7.309548187120926,68.2376561164856
-45.97866123669707,7.309548187120926,68.2376561164856
-45.97866123669707,7.309548187120926,68.2376561164856
-46.06323106356085,7.4442836982673,68.2376561164856
-46.06323106356085,7.4442836982673,68.2376561164856
-46.06323106356085,7.4442836982673,68.2376561164856
-46.06323106356085,7.4442836982673,68.2376561164856
-46.06323106356085,7.4442836982673,68.2376561164856
-46.15492276708844,7.565076781926294,68.2376561164856
-46.15492276708844,7.565076781926294,68.2376561164856
-46.15492276708844,7.565076781926294,68.2376561164856
-46.15492276708844,7.565076781926294,68.2376561164856
-46.15492276708844,7.565076781926294,68.2376561164856
-46.27343866120647,7.729275136270215,68.2376561164856
-46.27343866120647,7.729275136270215,68.2376561164856
-46.27343866120647,7.729275136270215,68.2376561164856
-46.27343866120647,7.729275136270215,68.2376561164856
-46.27343866120647,7.729275136270215,68.2376561164856
-46.34991818359444,7.844743027718344,68.2376561164856
-46.34991818359444,7.844743027718344,68.2376561164856
-46.34991818359444,7.844743027718344,68.2376561164856
-46.34991818359444,7.844743027718344,68.2376561164856
-46.34991818359444,7.844743027718344,68.2376561164856
-46.43297641301501,7.980357921664653,68.2376561164856
-46.43297641301501,7.980357921664653,68.2376561164856
-46.43297641301501,7.980357921664653,68.2376561164856
-46.43297641301501,7.980357921664653,68.2376561164856
-46.43297641301501,7.980357921664653,68.2376561164856
-46.49889943083885,8.088895440628363,68.2376561164856
-46.49889943083885,8.088895440628363,68.2376561164856
-46.49889943083885,8.088895440628363,68.2376561164856
-46.49889943083885,8.088895440628363,68.2376561164856
-46.49889943083885,8.088895440628363,68.2376561164856
-46.59218545467654,8.217227478975092,68.2376561164856
-46.59218545467654,8.217227478975092,68.2376561164856
-46.59218545467654,8.217227478975092,68.2376561164856
-46.59218545467654,8.217227478975092,68.2376561164856
-46.59218545467654,8.217227478975092,68.2376561164856
-46.696432220178274,8.340144937879394,68.2376561164856
-46.696432220178274,8.340144937879394,68.2376561164856
-46.696432220178274,8.340144937879394,68.2376561164856
-46.696432220178274,8.340144937879394,68.2376561164856
-46.696432220178274,8.340144937879394,68.2376561164856
-46.696432220178274,8.340144937879394,68.2376561164856
-46.77915223067515,8.450448102888336,68.2376561164856
-46.77915223067515,8.450448102888336,68.2376561164856
-46.77915223067515,8.450448102888336,68.2376561164856
-46.77915223067515,8.450448102888336,68.2376561164856
-46.77915223067515,8.450448102888336,68.2376561164856
-46.877232674617495,8.575053130242681,68.2376561164856
-46.877232674617495,8.575053130242681,68.2376561164856
-46.877232674617495,8.575053130242681,68.2376561164856
-46.877232674617495,8.575053130242681,68.2376561164856
-46.877232674617495,8.575053130242681,68.2376561164856
-46.97211543212373,8.701141482513584,68.2376561164856
-46.97211543212373,8.701141482513584,68.2376561164856
-46.97211543212373,8.701141482513584,68.2376561164856
-46.97211543212373,8.701141482513584,68.2376561164856
-46.97211543212373,8.701141482513584,68.2376561164856
-47.09093847293259,8.848984330130696,68.2376561164856
-47.09093847293259,8.848984330130696,68.2376561164856
-47.09093847293259,8.848984330130696,68.2376561164856
-47.09093847293259,8.848984330130696,68.2376561164856
-47.09093847293259,8.848984330130696,68.2376561164856
-47.18489242608526,8.995797956351762,68.2376561164856
-47.18489242608526,8.995797956351762,68.2376561164856
-47.18489242608526,8.995797956351762,68.2376561164856
-47.18489242608526,8.995797956351762,68.2376561164856
-47.18489242608526,8.995797956351762,68.2376561164856
-47.248288395027544,9.113136423560261,68.2376561164856
-47.248288395027544,9.113136423560261,68.2376561164856
-47.248288395027544,9.113136423560261,68.2376561164856
-47.248288395027544,9.113136423560261,68.2376561164856
-47.248288395027544,9.113136423560261,68.2376561164856
-47.29248039697588,9.198313690362033,68.2376561164856
-47.29248039697588,9.198313690362033,68.2376561164856
-47.29248039697588,9.198313690362033,68.2376561164856
-47.29248039697588,9.198313690362033,68.2376561164856
-47.29248039697588,9.198313690362033,68.2376561164856
-47.3654769795707,9.313563759205058,68.2376561164856
-47.3654769795707,9.313563759205058,68.2376561164856
-47.3654769795707,9.313563759205058,68.2376561164856
-47.3654769795707,9.313563759205058,68.2376561164856
-47.3654769795707,9.313563759205058,68.2376561164856
-47.416779649215755,9.414055224642658,68.2376561164856
-47.416779649215755,9.414055224642658,68.2376561164856
-47.416779649215755,9.414055224642658,68.2376561164856
-47.416779649215755,9.414055224642658,68.2376561164856
-47.416779649215755,9.414055224642658,68.2376561164856
-47.49974576347123,9.51784942516007,68.2376561164856
-47.49974576347123,9.51784942516007,68.2376561164856
-47.49974576347123,9.51784942516007,68.2376561164856
-47.49974576347123,9.51784942516007,68.2376561164856
-47.49974576347123,9.51784942516007,68.2376561164856
-47.58889744570181,9.633410372330657,68.2376561164856
-47.58889744570181,9.633410372330657,68.2376561164856
-47.58889744570181,9.633410372330657,68.2376561164856
-47.58889744570181,9.633410372330657,68.2376561164856
-47.58889744570181,9.633410372330657,68.2376561164856
-47.700478092829684,9.76880640631969,68.2376561164856
-47.700478092829684,9.76880640631969,68.2376561164856
-47.700478092829684,9.76880640631969,68.2376561164856
-47.700478092829684,9.76880640631969,68.2376561164856
-47.700478092829684,9.76880640631969,68.2376561164856
-47.700478092829684,9.76880640631969,68.2376561164856
-47.783442608247945,9.892993834192232,68.2376561164856
-47.783442608247945,9.892993834192232,68.2376561164856
-47.783442608247945,9.892993834192232,68.2376561164856
-47.783442608247945,9.892993834192232,68.2376561164856
-47.783442608247945,9.892993834192232,68.2376561164856
-47.899785022821426,10.056107388408513,68.2376561164856
-47.899785022821426,10.056107388408513,68.2376561164856
-47.899785022821426,10.056107388408513,68.2376561164856
-47.899785022821426,10.056107388408513,68.2376561164856
-47.899785022821426,10.056107388408513,68.2376561164856
-47.98373506626858,10.18679251864257,68.2376561164856
-47.98373506626858,10.18679251864257,68.2376561164856
-47.98373506626858,10.18679251864257,68.2376561164856
-47.98373506626858,10.18679251864257,68.2376561164856
-47.98373506626858,10.18679251864257,68.2376561164856
-48.07921272540781,10.339523582819817,68.2376561164856
-48.07921272540781,10.339523582819817,68.2376561164856
-48.07921272540781,10.339523582819817,68.2376561164856
-48.07921272540781,10.339523582819817,68.2376561164856
-48.07921272540781,10.339523582819817,68.2376561164856
-48.18982730976111,10.500129927296179,68.2376561164856
-48.18982730976111,10.500129927296179,68.2376561164856
-48.18982730976111,10.500129927296179,68.2376561164856
-48.18982730976111,10.500129927296179,68.2376561164856
-48.18982730976111,10.500129927296179,68.2376561164856
-48.18982730976111,10.500129927296179,68.2376561164856
-48.283067526122444,10.65215469025303,68.2376561164856
-48.283067526122444,10.65215469025303,68.2376561164856
-48.283067526122444,10.65215469025303,68.2376561164856
-48.283067526122444,10.65215469025303,68.2376561164856
-48.283067526122444,10.65215469025303,68.2376561164856
-48.283067526122444,10.65215469025303,68.2376561164856
-48.36107519500928,10.765302772216861,68.2376561164856
-48.36107519500928,10.765302772216861,68.2376561164856
-48.36107519500928,10.765302772216861,68.2376561164856
-48.36107519500928,10.765302772216861,68.2376561164856
-48.36107519500928,10.765302772216861,68.2376561164856
-48.36107519500928,10.765302772216861,68.2376561164856
-48.44721921639594,10.883306477355925,68.2376561164856
-48.44721921639594,10.883306477355925,68.2376561164856
-48.44721921639594,10.883306477355925,68.2376561164856
-48.44721921639594,10.883306477355925,68.2376561164856
-48.44721921639594,10.883306477355925,68.2376561164856
-48.51886895921347,11.005784989046356,68.2376561164856
-48.51886895921347,11.005784989046356,68.2376561164856
-48.51886895921347,11.005784989046356,68.2376561164856
-48.51886895921347,11.005784989046356,68.2376561164856
-48.51886895921347,11.005784989046356,68.2376561164856
-48.63489472634388,11.18312720870024,68.2376561164856
-48.63489472634388,11.18312720870024,68.2376561164856
-48.63489472634388,11.18312720870024,68.2376561164856
-48.63489472634388,11.18312720870024,68.2376561164856
-48.63489472634388,11.18312720870024,68.2376561164856
-48.63489472634388,11.18312720870024,68.2376561164856
-48.714176103623934,11.323232838383113,68.2376561164856
-48.714176103623934,11.323232838383113,68.2376561164856
-48.714176103623934,11.323232838383113,68.2376561164856
-48.714176103623934,11.323232838383113,68.2376561164856
-48.714176103623934,11.323232838383113,68.2376561164856
-48.77131379076465,11.445622723105616,68.2376561164856
-48.77131379076465,11.445622723105616,68.2376561164856
-48.77131379076465,11.445622723105616,68.2376561164856
-48.77131379076465,11.445622723105616,68.2376561164856
-48.77131379076465,11.445622723105616,68.2376561164856
-48.77131379076465,11.445622723105616,68.2376561164856
-48.84246990984345,11.56579756311306,68.2376561164856
-48.84246990984345,11.56579756311306,68.2376561164856
-48.84246990984345,11.56579756311306,68.2376561164856
-48.84246990984345,11.56579756311306,68.2376561164856
-48.84246990984345,11.56579756311306,68.2376561164856
-48.84246990984345,11.56579756311306,68.2376561164856
-48.95012513287338,11.750649674326892,68.2376561164856
-48.95012513287338,11.750649674326892,68.2376561164856
-48.95012513287338,11.750649674326892,68.2376561164856
-48.95012513287338,11.750649674326892,68.2376561164856
-48.95012513287338,11.750649674326892,68.2376561164856
-49.001653562394154,11.872360098276024,68.2376561164856
-49.001653562394154,11.872360098276024,68.2376561164856
-49.001653562394154,11.872360098276024,68.2376561164856
-49.001653562394154,11.872360098276024,68.2376561164856
-49.001653562394154,11.872360098276024,68.2376561164856
-49.001653562394154,11.872360098276024,68.2376561164856
-49.07224013903163,11.982509991728936,68.2376561164856
-49.07224013903163,11.982509991728936,68.2376561164856
-49.07224013903163,11.982509991728936,68.2376561164856
-49.07224013903163,11.982509991728936,68.2376561164856
-49.07224013903163,11.982509991728936,68.2376561164856
-49.07224013903163,11.982509991728936,68.2376561164856
-49.19970397393305,12.141189217624197,68.2376561164856
-49.19970397393305,12.141189217624197,68.2376561164856
-49.19970397393305,12.141189217624197,68.2376561164856
-49.19970397393305,12.141189217624197,68.2376561164856
-49.19970397393305,12.141189217624197,68.2376561164856
-49.32553312949278,12.359110059147248,68.2376561164856
-49.32553312949278,12.359110059147248,68.2376561164856
-49.32553312949278,12.359110059147248,68.2376561164856
-49.32553312949278,12.359110059147248,68.2376561164856
-49.32553312949278,12.359110059147248,68.2376561164856
-49.32553312949278,12.359110059147248,68.2376561164856
-49.41207953226358,12.506293964077312,68.2376561164856
-49.41207953226358,12.506293964077312,68.2376561164856
-49.41207953226358,12.506293964077312,68.2376561164856
-49.41207953226358,12.506293964077312,68.2376561164856
-49.41207953226358,12.506293964077312,68.2376561164856
-49.41207953226358,12.506293964077312,68.2376561164856
-49.482195486558446,12.641109344608756,68.2376561164856
-49.482195486558446,12.641109344608756,68.2376561164856
-49.482195486558446,12.641109344608756,68.2376561164856
-49.482195486558446,12.641109344608756,68.2376561164856
-49.482195486558446,12.641109344608756,68.2376561164856
-49.482195486558446,12.641109344608756,68.2376561164856
-49.482195486558446,12.641109344608756,68.2376561164856
-49.60510143198446,12.858185328732125,68.2376561164856
-49.60510143198446,12.858185328732125,68.2376561164856
-49.60510143198446,12.858185328732125,68.2376561164856
-49.60510143198446,12.858185328732125,68.2376561164856
-49.60510143198446,12.858185328732125,68.2376561164856
-49.60510143198446,12.858185328732125,68.2376561164856
-49.60510143198446,12.858185328732125,68.2376561164856
-49.702161171730594,13.046113690908491,68.2376561164856
-49.702161171730594,13.046113690908491,68.2376561164856
-49.702161171730594,13.046113690908491,68.2376561164856
-49.702161171730594,13.046113690908491,68.2376561164856
-49.702161171730594,13.046113690908491,68.2376561164856
-49.702161171730594,13.046113690908491,68.2376561164856
-49.78456396037618,13.227305636820518,68.2376561164856
-49.78456396037618,13.227305636820518,68.2376561164856
-49.78456396037618,13.227305636820518,68.2376561164856
-49.78456396037618,13.227305636820518,68.2376561164856
-49.78456396037618,13.227305636820518,68.2376561164856
-49.78456396037618,13.227305636820518,68.2376561164856
-49.83198809751797,13.340950245154918,68.2376561164856
-49.83198809751797,13.340950245154918,68.2376561164856
-49.83198809751797,13.340950245154918,68.2376561164856
-49.83198809751797,13.340950245154918,68.2376561164856
-49.83198809751797,13.340950245154918,68.2376561164856
-49.90069512955731,13.474691310180193,68.2376561164856
-49.90069512955731,13.474691310180193,68.2376561164856
-49.90069512955731,13.474691310180193,68.2376561164856
-49.90069512955731,13.474691310180193,68.2376561164856
-49.90069512955731,13.474691310180193,68.2376561164856
-49.90069512955731,13.474691310180193,68.2376561164856
-49.90069512955731,13.474691310180193,68.2376561164856
-49.96902986832937,13.599581587187508,68.2376561164856
-49.96902986832937,13.599581587187508,68.2376561164856
-49.96902986832937,13.599581587187508,68.2376561164856
-49.96902986832937,13.599581587187508,68.2376561164856
-49.96902986832937,13.599581587187508,68.2376561164856
-49.96902986832937,13.599581587187508,68.2376561164856
-50.08229533932292,13.792716236854952,68.2376561164856
-50.08229533932292,13.792716236854952,68.2376561164856
-50.08229533932292,13.792716236854952,68.2376561164856
-50.08229533932292,13.792716236854952,68.2376561164856
-50.08229533932292,13.792716236854952,68.2376561164856
-50.15798743570697,13.933554092082868,68.2376561164856
-50.15798743570697,13.933554092082868,68.2376561164856
-50.15798743570697,13.933554092082868,68.2376561164856
-50.15798743570697,13.933554092082868,68.2376561164856
-50.15798743570697,13.933554092082868,68.2376561164856
-50.15798743570697,13.933554092082868,68.2376561164856
-50.22189889283512,14.074854339256978,68.2376561164856
-50.22189889283512,14.074854339256978,68.2376561164856
-50.22189889283512,14.074854339256978,68.2376561164856
-50.22189889283512,14.074854339256978,68.2376561164856
-50.22189889283512,14.074854339256978,68.2376561164856
-50.31888075165049,14.264368343782742,68.2376561164856
-50.31888075165049,14.264368343782742,68.2376561164856
-50.31888075165049,14.264368343782742,68.2376561164856
-50.31888075165049,14.264368343782742,68.2376561164856
-50.31888075165049,14.264368343782742,68.2376561164856
-50.31888075165049,14.264368343782742,68.2376561164856
-50.37313715296421,14.383359997996052,68.2376561164856
-50.37313715296421,14.383359997996052,68.2376561164856
-50.37313715296421,14.383359997996052,68.2376561164856
-50.37313715296421,14.383359997996052,68.2376561164856
-50.37313715296421,14.383359997996052,68.2376561164856
-50.43169077675978,14.511806886927607,68.2376561164856
-50.43169077675978,14.511806886927607,68.2376561164856
-50.43169077675978,14.511806886927607,68.2376561164856
-50.43169077675978,14.511806886927607,68.2376561164856
-50.43169077675978,14.511806886927607,68.2376561164856
-50.43169077675978,14.511806886927607,68.2376561164856
-50.48981980617291,14.630485126022586,68.2376561164856
-50.48981980617291,14.630485126022586,68.2376561164856
-50.48981980617291,14.630485126022586,68.2376561164856
-50.48981980617291,14.630485126022586,68.2376561164856
-50.48981980617291,14.630485126022586,68.2376561164856
-50.48981980617291,14.630485126022586,68.2376561164856
-50.53781753728928,14.733604132531763,68.2376561164856
-50.53781753728928,14.733604132531763,68.2376561164856
-50.53781753728928,14.733604132531763,68.2376561164856
-50.53781753728928,14.733604132531763,68.2376561164856
-50.53781753728928,14.733604132531763,68.2376561164856
-50.53781753728928,14.733604132531763,68.2376561164856
-50.53781753728928,14.733604132531763,68.2376561164856
-50.64424878683522,14.944782961672368,68.2376561164856
-50.64424878683522,14.944782961672368,68.2376561164856
-50.64424878683522,14.944782961672368,68.2376561164856
-50.64424878683522,14.944782961672368,68.2376561164856
-50.64424878683522,14.944782961672368,68.2376561164856
-50.64424878683522,14.944782961672368,68.2376561164856
-50.64424878683522,14.944782961672368,68.2376561164856
-50.64424878683522,14.944782961672368,68.2376561164856
-50.7261623445042,15.1226233677773,68.2376561164856
-50.7261623445042,15.1226233677773,68.2376561164856
-50.7261623445042,15.1226233677773,68.2376561164856
-50.7261623445042,15.1226233677773,68.2376561164856
-50.7261623445042,15.1226233677773,68.2376561164856
-50.84012728972543,15.31012652311741,68.2376561164856
-50.84012728972543,15.31012652311741,68.2376561164856
-50.84012728972543,15.31012652311741,68.2376561164856
-50.84012728972543,15.31012652311741,68.2376561164856
-50.84012728972543,15.31012652311741,68.2376561164856
-50.90308879174661,15.446084982261308,68.2376561164856
-50.90308879174661,15.446084982261308,68.2376561164856
-50.90308879174661,15.446084982261308,68.2376561164856
-50.90308879174661,15.446084982261308,68.2376561164856
-50.90308879174661,15.446084982261308,68.2376561164856
-50.952313814086466,15.575547821242285,68.2376561164856
-50.952313814086466,15.575547821242285,68.2376561164856
-50.952313814086466,15.575547821242285,68.2376561164856
-50.952313814086466,15.575547821242285,68.2376561164856
-50.952313814086466,15.575547821242285,68.2376561164856
-50.952313814086466,15.575547821242285,68.2376561164856
-51.014309933906546,15.704662726463175,68.2376561164856
-51.014309933906546,15.704662726463175,68.2376561164856
-51.014309933906546,15.704662726463175,68.2376561164856
-51.014309933906546,15.704662726463175,68.2376561164856
-51.014309933906546,15.704662726463175,68.2376561164856
-51.08296511475631,15.844367720123001,68.2376561164856
-51.08296511475631,15.844367720123001,68.2376561164856
-51.08296511475631,15.844367720123001,68.2376561164856
-51.08296511475631,15.844367720123001,68.2376561164856
-51.08296511475631,15.844367720123001,68.2376561164856
-51.08296511475631,15.844367720123001,68.2376561164856
-51.193515163913126,16.037699624287033,68.2376561164856
-51.193515163913126,16.037699624287033,68.2376561164856
-51.193515163913126,16.037699624287033,68.2376561164856
-51.193515163913126,16.037699624287033,68.2376561164856
-51.193515163913126,16.037699624287033,68.2376561164856
-51.193515163913126,16.037699624287033,68.2376561164856
-51.296253675959846,16.192078722311972,68.2376561164856
-51.296253675959846,16.192078722311972,68.2376561164856
-51.296253675959846,16.192078722311972,68.2376561164856
-51.296253675959846,16.192078722311972,68.2376561164856
-51.296253675959846,16.192078722311972,68.2376561164856
-51.38667659250841,16.333648683437655,68.2376561164856
-51.38667659250841,16.333648683437655,68.2376561164856
-51.38667659250841,16.333648683437655,68.2376561164856
-51.38667659250841,16.333648683437655,68.2376561164856
-51.38667659250841,16.333648683437655,68.2376561164856
-51.38667659250841,16.333648683437655,68.2376561164856
-51.47755851439709,16.483455045853344,68.2376561164856
-51.47755851439709,16.483455045853344,68.2376561164856
-51.47755851439709,16.483455045853344,68.2376561164856
-51.47755851439709,16.483455045853344,68.2376561164856
-51.47755851439709,16.483455045853344,68.2376561164856
-51.47755851439709,16.483455045853344,68.2376561164856
-51.56666738101793,16.637674425779846,68.2376561164856
-51.56666738101793,16.637674425779846,68.2376561164856
-51.56666738101793,16.637674425779846,68.2376561164856
-51.56666738101793,16.637674425779846,68.2376561164856
-51.56666738101793,16.637674425779846,68.2376561164856
-51.667576096871,16.83292095359564,68.2376561164856
-51.667576096871,16.83292095359564,68.2376561164856
-51.667576096871,16.83292095359564,68.2376561164856
-51.667576096871,16.83292095359564,68.2376561164856
-51.667576096871,16.83292095359564,68.2376561164856
-51.667576096871,16.83292095359564,68.2376561164856
-51.71495867468138,16.964539148039716,68.2376561164856
-51.71495867468138,16.964539148039716,68.2376561164856
-51.71495867468138,16.964539148039716,68.2376561164856
-51.71495867468138,16.964539148039716,68.2376561164856
-51.71495867468138,16.964539148039716,68.2376561164856
-51.71495867468138,16.964539148039716,68.2376561164856
-51.76375097560461,17.081449637308012,68.2376561164856
-51.76375097560461,17.081449637308012,68.2376561164856
-51.76375097560461,17.081449637308012,68.2376561164856
-51.76375097560461,17.081449637308012,68.2376561164856
-51.76375097560461,17.081449637308012,68.2376561164856
-51.84175961571409,17.261275061286312,68.2376561164856
-51.84175961571409,17.261275061286312,68.2376561164856
-51.84175961571409,17.261275061286312,68.2376561164856
-51.84175961571409,17.261275061286312,68.2376561164856
-51.84175961571409,17.261275061286312,68.2376561164856
-51.84175961571409,17.261275061286312,68.2376561164856
-51.84175961571409,17.261275061286312,68.2376561164856
-51.90658467533818,17.407781000140442,68.2376561164856
-51.90658467533818,17.407781000140442,68.2376561164856
-51.90658467533818,17.407781000140442,68.2376561164856
-51.90658467533818,17.407781000140442,68.2376561164856
-51.90658467533818,17.407781000140442,68.2376561164856
-51.967211909313306,17.52153750451377,68.2376561164856
-51.967211909313306,17.52153750451377,68.2376561164856
-51.967211909313306,17.52153750451377,68.2376561164856
-51.967211909313306,17.52153750451377,68.2376561164856
-51.967211909313306,17.52153750451377,68.2376561164856
-51.967211909313306,17.52153750451377,68.2376561164856
-52.04349957055301,17.652338249852814,68.2376561164856
-52.04349957055301,17.652338249852814,68.2376561164856
-52.04349957055301,17.652338249852814,68.2376561164856
-52.04349957055301,17.652338249852814,68.2376561164856
-52.04349957055301,17.652338249852814,68.2376561164856
-52.04349957055301,17.652338249852814,68.2376561164856
-52.15333252118922,17.845877163300074,68.2376561164856
-52.15333252118922,17.845877163300074,68.2376561164856
-52.15333252118922,17.845877163300074,68.2376561164856
-52.15333252118922,17.845877163300074,68.2376561164856
-52.15333252118922,17.845877163300074,68.2376561164856
-52.15333252118922,17.845877163300074,68.2376561164856
-52.15333252118922,17.845877163300074,68.2376561164856
-52.15333252118922,17.845877163300074,68.2376561164856
-52.25365857376214,18.035835903955583,68.2376561164856
-52.25365857376214,18.035835903955583,68.2376561164856
-52.25365857376214,18.035835903955583,68.2376561164856
-52.25365857376214,18.035835903955583,68.2376561164856
-52.25365857376214,18.035835903955583,68.2376561164856
-52.25365857376214,18.035835903955583,68.2376561164856
-52.25365857376214,18.035835903955583,68.2376561164856
-52.32354523794611,18.16977372113066,68.2376561164856
-52.32354523794611,18.16977372113066,68.2376561164856
-52.32354523794611,18.16977372113066,68.2376561164856
-52.32354523794611,18.16977372113066,68.2376561164856
-52.32354523794611,18.16977372113066,68.2376561164856
-52.32354523794611,18.16977372113066,68.2376561164856
-52.46056010301058,18.427660262038096,68.2376561164856
-52.46056010301058,18.427660262038096,68.2376561164856
-52.46056010301058,18.427660262038096,68.2376561164856
-52.46056010301058,18.427660262038096,68.2376561164856
-52.46056010301058,18.427660262038096,68.2376561164856
-52.46056010301058,18.427660262038096,68.2376561164856
-52.46056010301058,18.427660262038096,68.2376561164856
-52.46056010301058,18.427660262038096,68.2376561164856
-52.52368190226828,18.564877407488773,68.2376561164856
-52.52368190226828,18.564877407488773,68.2376561164856
-52.52368190226828,18.564877407488773,68.2376561164856
-52.52368190226828,18.564877407488773,68.2376561164856
-52.52368190226828,18.564877407488773,68.2376561164856
-52.52368190226828,18.564877407488773,68.2376561164856
-52.52368190226828,18.564877407488773,68.2376561164856
-52.62040583565021,18.767545463227243,68.2376561164856
-52.62040583565021,18.767545463227243,68.2376561164856
-52.62040583565021,18.767545463227243,68.2376561164856
-52.62040583565021,18.767545463227243,68.2376561164856
-52.62040583565021,18.767545463227243,68.2376561164856
-52.62040583565021,18.767545463227243,68.2376561164856
-52.71644100147898,18.95647433491349,68.2376561164856
-52.71644100147898,18.95647433491349,68.2376561164856
-52.71644100147898,18.95647433491349,68.2376561164856
-52.71644100147898,18.95647433491349,68.2376561164856
-52.71644100147898,18.95647433491349,68.2376561164856
-52.71644100147898,18.95647433491349,68.2376561164856
-52.77686907860621,19.081554909813033,68.2376561164856
-52.77686907860621,19.081554909813033,68.2376561164856
-52.77686907860621,19.081554909813033,68.2376561164856
-52.77686907860621,19.081554909813033,68.2376561164856
-52.77686907860621,19.081554909813033,68.2376561164856
-52.77686907860621,19.081554909813033,68.2376561164856
-52.83970152544583,19.227517127943152,68.2376561164856
-52.83970152544583,19.227517127943152,68.2376561164856
-52.83970152544583,19.227517127943152,68.2376561164856
-52.83970152544583,19.227517127943152,68.2376561164856
-52.83970152544583,19.227517127943152,68.2376561164856
-52.94075918483346,19.43201733362427,68.2376561164856
-52.94075918483346,19.43201733362427,68.2376561164856
-52.94075918483346,19.43201733362427,68.2376561164856
-52.94075918483346,19.43201733362427,68.2376561164856
-52.94075918483346,19.43201733362427,68.2376561164856
-52.94075918483346,19.43201733362427,68.2376561164856
-52.99555312774369,19.56011359556288,68.2376561164856
-52.99555312774369,19.56011359556288,68.2376561164856
-52.99555312774369,19.56011359556288,68.2376561164856
-52.99555312774369,19.56011359556288,68.2376561164856
-52.99555312774369,19.56011359556288,68.2376561164856
-52.99555312774369,19.56011359556288,68.2376561164856
-53.05807543408853,19.69052905865803,68.2376561164856
-53.05807543408853,19.69052905865803,68.2376561164856
-53.05807543408853,19.69052905865803,68.2376561164856
-53.05807543408853,19.69052905865803,68.2376561164856
-53.05807543408853,19.69052905865803,68.2376561164856
-53.05807543408853,19.69052905865803,68.2376561164856
-53.05807543408853,19.69052905865803,68.2376561164856
-53.157638186645414,19.897918017847665,68.2376561164856
-53.157638186645414,19.897918017847665,68.2376561164856
-53.157638186645414,19.897918017847665,68.2376561164856
-53.157638186645414,19.897918017847665,68.2376561164856
-53.157638186645414,19.897918017847665,68.2376561164856
-53.22979482629537,20.046587504062572,68.2376561164856
-53.22979482629537,20.046587504062572,68.2376561164856
-53.22979482629537,20.046587504062572,68.2376561164856
-53.22979482629537,20.046587504062572,68.2376561164856
-53.22979482629537,20.046587504062572,68.2376561164856
-53.22979482629537,20.046587504062572,68.2376561164856
-53.30160231999087,20.208617241370792,68.2376561164856
-53.30160231999087,20.208617241370792,68.2376561164856
-53.30160231999087,20.208617241370792,68.2376561164856
-53.30160231999087,20.208617241370792,68.2376561164856
-53.30160231999087,20.208617241370792,68.2376561164856
-53.30160231999087,20.208617241370792,68.2376561164856
-53.38896291406268,20.383692672643406,68.2376561164856
-53.38896291406268,20.383692672643406,68.2376561164856
-53.38896291406268,20.383692672643406,68.2376561164856
-53.38896291406268,20.383692672643406,68.2376561164856
-53.38896291406268,20.383692672643406,68.2376561164856
-53.38896291406268,20.383692672643406,68.2376561164856
-53.38896291406268,20.383692672643406,68.2376561164856
-53.48219567266766,20.590382016239204,68.2376561164856
-53.48219567266766,20.590382016239204,68.2376561164856
-53.48219567266766,20.590382016239204,68.2376561164856
-53.48219567266766,20.590382016239204,68.2376561164856
-53.48219567266766,20.590382016239204,68.2376561164856
-53.54186296804725,20.719956014954622,68.2376561164856
-53.54186296804725,20.719956014954622,68.2376561164856
-53.54186296804725,20.719956014954622,68.2376561164856
-53.54186296804725,20.719956014954622,68.2376561164856
-53.54186296804725,20.719956014954622,68.2376561164856
-53.54186296804725,20.719956014954622,68.2376561164856
-53.58860942191358,20.843777366626554,68.2376561164856
-53.58860942191358,20.843777366626554,68.2376561164856
-53.58860942191358,20.843777366626554,68.2376561164856
-53.58860942191358,20.843777366626554,68.2376561164856
-53.58860942191358,20.843777366626554,68.2376561164856
-53.64804646011231,20.976350336744513,68.2376561164856
-53.64804646011231,20.976350336744513,68.2376561164856
-53.64804646011231,20.976350336744513,68.2376561164856
-53.64804646011231,20.976350336744513,68.2376561164856
-53.64804646011231,20.976350336744513,68.2376561164856
-53.700223649467226,21.09110268819387,68.2376561164856
-53.700223649467226,21.09110268819387,68.2376561164856
-53.700223649467226,21.09110268819387,68.2376561164856
-53.700223649467226,21.09110268819387,68.2376561164856
-53.700223649467226,21.09110268819387,68.2376561164856
-53.700223649467226,21.09110268819387,68.2376561164856
-53.75373168472447,21.2283488636318,68.2376561164856
-53.75373168472447,21.2283488636318,68.2376561164856
-53.75373168472447,21.2283488636318,68.2376561164856
-53.75373168472447,21.2283488636318,68.2376561164856
-53.75373168472447,21.2283488636318,68.2376561164856
-53.75373168472447,21.2283488636318,68.2376561164856
-53.83855404806667,21.4088066988911,68.2376561164856
-53.83855404806667,21.4088066988911,68.2376561164856
-53.83855404806667,21.4088066988911,68.2376561164856
-53.83855404806667,21.4088066988911,68.2376561164856
-53.83855404806667,21.4088066988911,68.2376561164856
-53.89179961783635,21.535174477869553,68.2376561164856
-53.89179961783635,21.535174477869553,68.2376561164856
-53.89179961783635,21.535174477869553,68.2376561164856
-53.89179961783635,21.535174477869553,68.2376561164856
-53.89179961783635,21.535174477869553,68.2376561164856
-53.95089356800078,21.65908300542942,68.2376561164856
-53.95089356800078,21.65908300542942,68.2376561164856
-53.95089356800078,21.65908300542942,68.2376561164856
-53.95089356800078,21.65908300542942,68.2376561164856
-53.95089356800078,21.65908300542942,68.2376561164856
-53.95089356800078,21.65908300542942,68.2376561164856
-53.95089356800078,21.65908300542942,68.2376561164856
-54.00066461090863,21.779114590625174,68.2376561164856
-54.00066461090863,21.779114590625174,68.2376561164856
-54.00066461090863,21.779114590625174,68.2376561164856
-54.00066461090863,21.779114590625174,68.2376561164856
-54.00066461090863,21.779114590625174,68.2376561164856
-54.00066461090863,21.779114590625174,68.2376561164856
-54.08522453222851,21.965614031657694,68.2376561164856
-54.08522453222851,21.965614031657694,68.2376561164856
-54.08522453222851,21.965614031657694,68.2376561164856
-54.08522453222851,21.965614031657694,68.2376561164856
-54.08522453222851,21.965614031657694,68.2376561164856
-54.08522453222851,21.965614031657694,68.2376561164856
-54.08522453222851,21.965614031657694,68.2376561164856
-54.13714697172987,22.074435061910403,68.2376561164856
-54.13714697172987,22.074435061910403,68.2376561164856
-54.13714697172987,22.074435061910403,68.2376561164856
-54.13714697172987,22.074435061910403,68.2376561164856
-54.13714697172987,22.074435061910403,68.2376561164856
-54.13714697172987,22.074435061910403,68.2376561164856
-54.2326366492469,22.26073729353747,68.2376561164856
-54.2326366492469,22.26073729353747,68.2376561164856
-54.2326366492469,22.26073729353747,68.2376561164856
-54.2326366492469,22.26073729353747,68.2376561164856
-54.2326366492469,22.26073729353747,68.2376561164856
-54.338699516467344,22.468153590348965,68.2376561164856
-54.338699516467344,22.468153590348965,68.2376561164856
-54.338699516467344,22.468153590348965,68.2376561164856
-54.338699516467344,22.468153590348965,68.2376561164856
-54.338699516467344,22.468153590348965,68.2376561164856
-54.338699516467344,22.468153590348965,68.2376561164856
-54.338699516467344,22.468153590348965,68.2376561164856
-54.39725877613247,22.577449289187605,68.2376561164856
-54.39725877613247,22.577449289187605,68.2376561164856
-54.39725877613247,22.577449289187605,68.2376561164856
-54.39725877613247,22.577449289187605,68.2376561164856
-54.39725877613247,22.577449289187605,68.2376561164856
-54.39725877613247,22.577449289187605,68.2376561164856
-54.39725877613247,22.577449289187605,68.2376561164856
-54.39725877613247,22.577449289187605,68.2376561164856
-54.39725877613247,22.577449289187605,68.2376561164856
-54.48343529484815,22.74271780243471,68.2376561164856
-54.48343529484815,22.74271780243471,68.2376561164856
-54.48343529484815,22.74271780243471,68.2376561164856
-54.48343529484815,22.74271780243471,68.2376561164856
-54.48343529484815,22.74271780243471,68.2376561164856
-54.48343529484815,22.74271780243471,68.2376561164856
-54.48343529484815,22.74271780243471,68.2376561164856
-54.48343529484815,22.74271780243471,68.2376561164856
-54.60650139064907,23.003839865775607,68.2376561164856
-54.60650139064907,23.003839865775607,68.2376561164856
-54.60650139064907,23.003839865775607,68.2376561164856
-54.60650139064907,23.003839865775607,68.2376561164856
-54.60650139064907,23.003839865775607,68.2376561164856
-54.60650139064907,23.003839865775607,68.2376561164856
-54.60650139064907,23.003839865775607,68.2376561164856
-54.60650139064907,23.003839865775607,68.2376561164856
-54.682057426655106,23.176553992347117,68.2376561164856
-54.682057426655106,23.176553992347117,68.2376561164856
-54.682057426655106,23.176553992347117,68.2376561164856
-54.682057426655106,23.176553992347117,68.2376561164856
-54.682057426655106,23.176553992347117,68.2376561164856
-54.682057426655106,23.176553992347117,68.2376561164856
-54.7730589831595,23.365847599883367,68.2376561164856
-54.7730589831595,23.365847599883367,68.2376561164856
-54.7730589831595,23.365847599883367,68.2376561164856
-54.7730589831595,23.365847599883367,68.2376561164856
-54.7730589831595,23.365847599883367,68.2376561164856
-54.7730589831595,23.365847599883367,68.2376561164856
-54.86325727139475,23.581048504845256,68.2376561164856
-54.86325727139475,23.581048504845256,68.2376561164856
-54.86325727139475,23.581048504845256,68.2376561164856
-54.86325727139475,23.581048504845256,68.2376561164856
-54.86325727139475,23.581048504845256,68.2376561164856
-54.91486916223718,23.681145816047902,68.2376561164856
-54.91486916223718,23.681145816047902,68.2376561164856
-54.91486916223718,23.681145816047902,68.2376561164856
-54.91486916223718,23.681145816047902,68.2376561164856
-54.91486916223718,23.681145816047902,68.2376561164856
-54.91486916223718,23.681145816047902,68.2376561164856
-54.97623434981149,23.826675853928784,68.2376561164856
-54.97623434981149,23.826675853928784,68.2376561164856
-54.97623434981149,23.826675853928784,68.2376561164856
-54.97623434981149,23.826675853928784,68.2376561164856
-54.97623434981149,23.826675853928784,68.2376561164856
-54.97623434981149,23.826675853928784,68.2376561164856
-55.04797183959719,23.978498636478584,68.2376561164856
-55.04797183959719,23.978498636478584,68.2376561164856
-55.04797183959719,23.978498636478584,68.2376561164856
-55.04797183959719,23.978498636478584,68.2376561164856
-55.04797183959719,23.978498636478584,68.2376561164856
-55.04797183959719,23.978498636478584,68.2376561164856
-55.04797183959719,23.978498636478584,68.2376561164856
-55.112763840838795,24.10866974842598,68.2376561164856
-55.112763840838795,24.10866974842598,68.2376561164856
-55.112763840838795,24.10866974842598,68.2376561164856
-55.112763840838795,24.10866974842598,68.2376561164856
-55.112763840838795,24.10866974842598,68.2376561164856
-55.112763840838795,24.10866974842598,68.2376561164856
-55.112763840838795,24.10866974842598,68.2376561164856
-55.20709955304598,24.322356540526826,68.2376561164856
-55.20709955304598,24.322356540526826,68.2376561164856
-55.20709955304598,24.322356540526826,68.2376561164856
-55.20709955304598,24.322356540526826,68.2376561164856
-55.20709955304598,24.322356540526826,68.2376561164856
-55.20709955304598,24.322356540526826,68.2376561164856
-55.29343006938149,24.529664398385396,68.2376561164856
-55.29343006938149,24.529664398385396,68.2376561164856
-55.29343006938149,24.529664398385396,68.2376561164856
-55.29343006938149,24.529664398385396,68.2376561164856
-55.29343006938149,24.529664398385396,68.2376561164856
-55.29343006938149,24.529664398385396,68.2376561164856
-55.29343006938149,24.529664398385396,68.2376561164856
-55.354030736027575,24.661062040454055,68.2376561164856
-55.354030736027575,24.661062040454055,68.2376561164856
-55.354030736027575,24.661062040454055,68.2376561164856
-55.354030736027575,24.661062040454055,68.2376561164856
-55.354030736027575,24.661062040454055,68.2376561164856
-55.354030736027575,24.661062040454055,68.2376561164856
-55.354030736027575,24.661062040454055,68.2376561164856
-55.4550632954307,24.873317408509937,68.2376561164856
-55.4550632954307,24.873317408509937,68.2376561164856
-55.4550632954307,24.873317408509937,68.2376561164856
-55.4550632954307,24.873317408509937,68.2376561164856
-55.4550632954307,24.873317408509937,68.2376561164856
-55.4550632954307,24.873317408509937,68.2376561164856
-55.560029161877495,25.0698918276373,68.2376561164856
-55.560029161877495,25.0698918276373,68.2376561164856
-55.560029161877495,25.0698918276373,68.2376561164856
-55.560029161877495,25.0698918276373,68.2376561164856
-55.560029161877495,25.0698918276373,68.2376561164856
-55.560029161877495,25.0698918276373,68.2376561164856
-55.560029161877495,25.0698918276373,68.2376561164856
-55.62445070182213,25.20071549000529,68.2376561164856
-55.62445070182213,25.20071549000529,68.2376561164856
-55.62445070182213,25.20071549000529,68.2376561164856
-55.62445070182213,25.20071549000529,68.2376561164856
-55.62445070182213,25.20071549000529,68.2376561164856
-55.62445070182213,25.20071549000529,68.2376561164856
-55.73129426248561,25.411196068336785,68.2376561164856
-55.73129426248561,25.411196068336785,68.2376561164856
-55.73129426248561,25.411196068336785,68.2376561164856
-55.73129426248561,25.411196068336785,68.2376561164856
-55.73129426248561,25.411196068336785,68.2376561164856
-55.80238275924578,25.553102371723444,68.2376561164856
-55.80238275924578,25.553102371723444,68.2376561164856
-55.80238275924578,25.553102371723444,68.2376561164856
-55.80238275924578,25.553102371723444,68.2376561164856
-55.80238275924578,25.553102371723444,68.2376561164856
-55.80238275924578,25.553102371723444,68.2376561164856
-55.80238275924578,25.553102371723444,68.2376561164856
-55.86799277446388,25.718880118701072,68.2376561164856
-55.86799277446388,25.718880118701072,68.2376561164856
-55.86799277446388,25.718880118701072,68.2376561164856
-55.86799277446388,25.718880118701072,68.2376561164856
-55.86799277446388,25.718880118701072,68.2376561164856
-55.97941233046181,25.975518031630827,68.2376561164856
-55.97941233046181,25.975518031630827,68.2376561164856
-55.97941233046181,25.975518031630827,68.2376561164856
-55.97941233046181,25.975518031630827,68.2376561164856
-55.97941233046181,25.975518031630827,68.2376561164856
-55.97941233046181,25.975518031630827,68.2376561164856
-56.01764827663389,26.081237768740237,68.2376561164856
-56.01764827663389,26.081237768740237,68.2376561164856
-56.01764827663389,26.081237768740237,68.2376561164856
-56.01764827663389,26.081237768740237,68.2376561164856
-56.01764827663389,26.081237768740237,68.2376561164856
-56.06680187540873,26.197673916389647,68.2376561164856
-56.06680187540873,26.197673916389647,68.2376561164856
-56.06680187540873,26.197673916389647,68.2376561164856
-56.06680187540873,26.197673916389647,68.2376561164856
-56.06680187540873,26.197673916389647,68.2376561164856
-56.06680187540873,26.197673916389647,68.2376561164856
-56.126436852596264,26.292816323989204,68.2376561164856
-56.126436852596264,26.292816323989204,68.2376561164856
-56.126436852596264,26.292816323989204,68.2376561164856
-56.126436852596264,26.292816323989204,68.2376561164856
-56.126436852596264,26.292816323989204,68.2376561164856
-56.126436852596264,26.292816323989204,68.2376561164856
-56.2218195774687,26.49982891387744,68.2376561164856
-56.2218195774687,26.49982891387744,68.2376561164856
-56.2218195774687,26.49982891387744,68.2376561164856
-56.2218195774687,26.49982891387744,68.2376561164856
-56.2218195774687,26.49982891387744,68.2376561164856
-56.28288832607823,26.633973765947136,68.2376561164856
-56.28288832607823,26.633973765947136,68.2376561164856
-56.28288832607823,26.633973765947136,68.2376561164856
-56.28288832607823,26.633973765947136,68.2376561164856
-56.28288832607823,26.633973765947136,68.2376561164856
-56.28288832607823,26.633973765947136,68.2376561164856
-56.375703926261274,26.85283171882998,68.2376561164856
-56.375703926261274,26.85283171882998,68.2376561164856
-56.375703926261274,26.85283171882998,68.2376561164856
-56.375703926261274,26.85283171882998,68.2376561164856
-56.375703926261274,26.85283171882998,68.2376561164856
-56.375703926261274,26.85283171882998,68.2376561164856
-56.375703926261274,26.85283171882998,68.2376561164856
-56.43485521638289,26.97830842061334,68.2376561164856
-56.43485521638289,26.97830842061334,68.2376561164856
-56.43485521638289,26.97830842061334,68.2376561164856
-56.43485521638289,26.97830842061334,68.2376561164856
-56.43485521638289,26.97830842061334,68.2376561164856
-56.43485521638289,26.97830842061334,68.2376561164856
-56.43485521638289,26.97830842061334,68.2376561164856
-56.5457831683539,27.202960189175055,68.2376561164856
-56.5457831683539,27.202960189175055,68.2376561164856
-56.5457831683539,27.202960189175055,68.2376561164856
-56.5457831683539,27.202960189175055,68.2376561164856
-56.5457831683539,27.202960189175055,68.2376561164856
-56.5457831683539,27.202960189175055,68.2376561164856
-56.614901062839785,27.336601137953995,68.2376561164856
-56.614901062839785,27.336601137953995,68.2376561164856
-56.614901062839785,27.336601137953995,68.2376561164856
-56.614901062839785,27.336601137953995,68.2376561164856
-56.614901062839785,27.336601137953995,68.2376561164856
-56.614901062839785,27.336601137953995,68.2376561164856
-56.71554448176688,27.53730688233698,68.2376561164856
-56.71554448176688,27.53730688233698,68.2376561164856
-56.71554448176688,27.53730688233698,68.2376561164856
-56.71554448176688,27.53730688233698,68.2376561164856
-56.71554448176688,27.53730688233698,68.2376561164856
-56.71554448176688,27.53730688233698,68.2376561164856
-56.71554448176688,27.53730688233698,68.2376561164856
-56.7807625952735,27.684743165979842,68.2376561164856
-56.7807625952735,27.684743165979842,68.2376561164856
-56.7807625952735,27.684743165979842,68.2376561164856
-56.7807625952735,27.684743165979842,68.2376561164856
-56.7807625952735,27.684743165979842,68.2376561164856
-56.7807625952735,27.684743165979842,68.2376561164856
-56.878913004446666,27.931586807188538,68.2376561164856
-56.878913004446666,27.931586807188538,68.2376561164856
-56.878913004446666,27.931586807188538,68.2376561164856
-56.878913004446666,27.931586807188538,68.2376561164856
-56.878913004446666,27.931586807188538,68.2376561164856
-56.878913004446666,27.931586807188538,68.2376561164856
-56.878913004446666,27.931586807188538,68.2376561164856
-56.96406838554515,28.122316662760316,68.2376561164856
-56.96406838554515,28.122316662760316,68.2376561164856
-56.96406838554515,28.122316662760316,68.2376561164856
-56.96406838554515,28.122316662760316,68.2376561164856
-56.96406838554515,28.122316662760316,68.2376561164856
-56.96406838554515,28.122316662760316,68.2376561164856
-56.96406838554515,28.122316662760316,68.2376561164856
-57.074441023094714,28.358915539355333,68.2376561164856
-57.074441023094714,28.358915539355333,68.2376561164856
-57.074441023094714,28.358915539355333,68.2376561164856
-57.074441023094714,28.358915539355333,68.2376561164856
-57.074441023094714,28.358915539355333,68.2376561164856
-57.074441023094714,28.358915539355333,68.2376561164856
-57.18351036054561,28.585696032358918,68.2376561164856
-57.18351036054561,28.585696032358918,68.2376561164856
-57.18351036054561,28.585696032358918,68.2376561164856
-57.18351036054561,28.585696032358918,68.2376561164856
-57.18351036054561,28.585696032358918,68.2376561164856
-57.18351036054561,28.585696032358918,68.2376561164856
-57.266871777362965,28.757486938048253,68.2376561164856
-57.266871777362965,28.757486938048253,68.2376561164856
-57.266871777362965,28.757486938048253,68.2376561164856
-57.266871777362965,28.757486938048253,68.2376561164856
-57.266871777362965,28.757486938048253,68.2376561164856
-57.266871777362965,28.757486938048253,68.2376561164856
-57.378093919288276,28.9980317224897,68.2376561164856
-57.378093919288276,28.9980317224897,68.2376561164856
-57.378093919288276,28.9980317224897,68.2376561164856
-57.378093919288276,28.9980317224897,68.2376561164856
-57.378093919288276,28.9980317224897,68.2376561164856
-57.378093919288276,28.9980317224897,68.2376561164856
-57.46676453138842,29.17329657516617,68.2376561164856
-57.46676453138842,29.17329657516617,68.2376561164856
-57.46676453138842,29.17329657516617,68.2376561164856
-57.46676453138842,29.17329657516617,68.2376561164856
-57.46676453138842,29.17329657516617,68.2376561164856
-57.53854730922768,29.31564816315099,68.2376561164856
-57.53854730922768,29.31564816315099,68.2376561164856
-57.53854730922768,29.31564816315099,68.2376561164856
-57.53854730922768,29.31564816315099,68.2376561164856
-57.53854730922768,29.31564816315099,68.2376561164856
-57.53854730922768,29.31564816315099,68.2376561164856
-57.65871635227251,29.55529712104022,68.2376561164856
-57.65871635227251,29.55529712104022,68.2376561164856
-57.65871635227251,29.55529712104022,68.2376561164856
-57.65871635227251,29.55529712104022,68.2376561164856
-57.65871635227251,29.55529712104022,68.2376561164856
-57.65871635227251,29.55529712104022,68.2376561164856
-57.71460778646344,29.71604879194107,68.2376561164856
-57.71460778646344,29.71604879194107,68.2376561164856
-57.71460778646344,29.71604879194107,68.2376561164856
-57.71460778646344,29.71604879194107,68.2376561164856
-57.71460778646344,29.71604879194107,68.2376561164856
-57.71460778646344,29.71604879194107,68.2376561164856
-57.80724318643709,29.87670268251647,68.2376561164856
-57.80724318643709,29.87670268251647,68.2376561164856
-57.80724318643709,29.87670268251647,68.2376561164856
-57.80724318643709,29.87670268251647,68.2376561164856
-57.80724318643709,29.87670268251647,68.2376561164856
-57.80724318643709,29.87670268251647,68.2376561164856
-57.92645537543351,30.116979099827027,68.2376561164856
-57.92645537543351,30.116979099827027,68.2376561164856
-57.92645537543351,30.116979099827027,68.2376561164856
-57.92645537543351,30.116979099827027,68.2376561164856
-57.92645537543351,30.116979099827027,68.2376561164856
-57.92645537543351,30.116979099827027,68.2376561164856
-58.00286304875668,30.299576427594488,68.2376561164856
-58.00286304875668,30.299576427594488,68.2376561164856
-58.00286304875668,30.299576427594488,68.2376561164856
-58.00286304875668,30.299576427594488,68.2376561164856
-58.00286304875668,30.299576427594488,68.2376561164856
-58.00286304875668,30.299576427594488,68.2376561164856
-58.08150486187096,30.479004152253324,68.2376561164856
-58.08150486187096,30.479004152253324,68.2376561164856
-58.08150486187096,30.479004152253324,68.2376561164856
-58.08150486187096,30.479004152253324,68.2376561164856
-58.08150486187096,30.479004152253324,68.2376561164856
-58.08150486187096,30.479004152253324,68.2376561164856
-58.18664778001483,30.728022930886297,68.2376561164856
-58.18664778001483,30.728022930886297,68.2376561164856
-58.18664778001483,30.728022930886297,68.2376561164856
-58.18664778001483,30.728022930886297,68.2376561164856
-58.18664778001483,30.728022930886297,68.2376561164856
-58.18664778001483,30.728022930886297,68.2376561164856
-58.24976739844938,30.883178429737825,68.2376561164856
-58.24976739844938,30.883178429737825,68.2376561164856
-58.24976739844938,30.883178429737825,68.2376561164856
-58.24976739844938,30.883178429737825,68.2376561164856
-58.24976739844938,30.883178429737825,68.2376561164856
-58.24976739844938,30.883178429737825,68.2376561164856
-58.3657323186459,31.123308385242716,68.2376561164856
-58.3657323186459,31.123308385242716,68.2376561164856
-58.3657323186459,31.123308385242716,68.2376561164856
-58.3657323186459,31.123308385242716,68.2376561164856
-58.3657323186459,31.123308385242716,68.2376561164856
-58.3657323186459,31.123308385242716,68.2376561164856
-58.3657323186459,31.123308385242716,68.2376561164856
-58.3657323186459,31.123308385242716,68.2376561164856
-58.42893365736066,31.270717317016953,68.2376561164856
-58.42893365736066,31.270717317016953,68.2376561164856
-58.42893365736066,31.270717317016953,68.2376561164856
-58.42893365736066,31.270717317016953,68.2376561164856
-58.42893365736066,31.270717317016953,68.2376561164856
-58.42893365736066,31.270717317016953,68.2376561164856
-58.53455722022396,31.510435926996852,68.2376561164856
-58.53455722022396,31.510435926996852,68.2376561164856
-58.53455722022396,31.510435926996852,68.2376561164856
-58.53455722022396,31.510435926996852,68.2376561164856
-58.53455722022396,31.510435926996852,68.2376561164856
-58.62900387534959,31.723724048647565,68.2376561164856
-58.62900387534959,31.723724048647565,68.2376561164856
-58.62900387534959,31.723724048647565,68.2376561164856
-58.62900387534959,31.723724048647565,68.2376561164856
-58.62900387534959,31.723724048647565,68.2376561164856
-58.68582394925319,31.853875949577986,68.2376561164856
-58.68582394925319,31.853875949577986,68.2376561164856
-58.68582394925319,31.853875949577986,68.2376561164856
-58.68582394925319,31.853875949577986,68.2376561164856
-58.68582394925319,31.853875949577986,68.2376561164856
-58.68582394925319,31.853875949577986,68.2376561164856
-58.74827648492937,32.00541898636044,68.2376561164856
-58.74827648492937,32.00541898636044,68.2376561164856
-58.74827648492937,32.00541898636044,68.2376561164856
-58.74827648492937,32.00541898636044,68.2376561164856
-58.74827648492937,32.00541898636044,68.2376561164856
-58.80726012977247,32.16056107726824,68.2376561164856
-58.80726012977247,32.16056107726824,68.2376561164856
-58.80726012977247,32.16056107726824,68.2376561164856
-58.80726012977247,32.16056107726824,68.2376561164856
-58.80726012977247,32.16056107726824,68.2376561164856
-58.87260564060673,32.32601036321452,68.2376561164856
-58.87260564060673,32.32601036321452,68.2376561164856
-58.87260564060673,32.32601036321452,68.2376561164856
-58.87260564060673,32.32601036321452,68.2376561164856
-58.87260564060673,32.32601036321452,68.2376561164856
-58.87260564060673,32.32601036321452,68.2376561164856
-58.9365255763683,32.47236028803584,68.2376561164856
-58.9365255763683,32.47236028803584,68.2376561164856
-58.9365255763683,32.47236028803584,68.2376561164856
-58.9365255763683,32.47236028803584,68.2376561164856
-58.9365255763683,32.47236028803584,68.2376561164856
-58.9365255763683,32.47236028803584,68.2376561164856
-59.04625262842493,32.69454047332498,68.2376561164856
-59.04625262842493,32.69454047332498,68.2376561164856
-59.04625262842493,32.69454047332498,68.2376561164856
-59.04625262842493,32.69454047332498,68.2376561164856
-59.04625262842493,32.69454047332498,68.2376561164856
-59.09959577443791,32.81568110231243,68.2376561164856
-59.09959577443791,32.81568110231243,68.2376561164856
-59.09959577443791,32.81568110231243,68.2376561164856
-59.09959577443791,32.81568110231243,68.2376561164856
-59.09959577443791,32.81568110231243,68.2376561164856
-59.09959577443791,32.81568110231243,68.2376561164856
-59.16738686132264,32.95549669616086,68.2376561164856
-59.16738686132264,32.95549669616086,68.2376561164856
-59.16738686132264,32.95549669616086,68.2376561164856
-59.16738686132264,32.95549669616086,68.2376561164856
-59.16738686132264,32.95549669616086,68.2376561164856
-59.16738686132264,32.95549669616086,68.2376561164856
-59.213174826963176,33.03561510101311,68.2376561164856
-59.213174826963176,33.03561510101311,68.2376561164856
-59.213174826963176,33.03561510101311,68.2376561164856
-59.213174826963176,33.03561510101311,68.2376561164856
-59.213174826963176,33.03561510101311,68.2376561164856
-59.213174826963176,33.03561510101311,68.2376561164856
-59.32263361718976,33.24091007677415,68.2376561164856
-59.32263361718976,33.24091007677415,68.2376561164856
-59.32263361718976,33.24091007677415,68.2376561164856
-59.32263361718976,33.24091007677415,68.2376561164856
-59.32263361718976,33.24091007677415,68.2376561164856
-59.32263361718976,33.24091007677415,68.2376561164856
-59.40740161202995,33.39400697581988,68.2376561164856
-59.40740161202995,33.39400697581988,68.2376561164856
-59.40740161202995,33.39400697581988,68.2376561164856
-59.40740161202995,33.39400697581988,68.2376561164856
-59.40740161202995,33.39400697581988,68.2376561164856
-59.40740161202995,33.39400697581988,68.2376561164856
-59.49005166567342,33.54965914812344,68.2376561164856
-59.49005166567342,33.54965914812344,68.2376561164856
-59.49005166567342,33.54965914812344,68.2376561164856
-59.49005166567342,33.54965914812344,68.2376561164856
-59.49005166567342,33.54965914812344,68.2376561164856
-59.49005166567342,33.54965914812344,68.2376561164856
-59.61225692545345,33.72039615883073,68.2376561164856
-59.61225692545345,33.72039615883073,68.2376561164856
-59.61225692545345,33.72039615883073,68.2376561164856
-59.61225692545345,33.72039615883073,68.2376561164856
-59.61225692545345,33.72039615883073,68.2376561164856
-59.6968258185106,33.84564574354204,68.2376561164856
-59.6968258185106,33.84564574354204,68.2376561164856
-59.6968258185106,33.84564574354204,68.2376561164856
-59.6968258185106,33.84564574354204,68.2376561164856
-59.6968258185106,33.84564574354204,68.2376561164856
-59.6968258185106,33.84564574354204,68.2376561164856
-59.8391173689811,34.075769405814036,68.2376561164856
-59.8391173689811,34.075769405814036,68.2376561164856
-59.8391173689811,34.075769405814036,68.2376561164856
-59.8391173689811,34.075769405814036,68.2376561164856
-59.8391173689811,34.075769405814036,68.2376561164856
-59.8391173689811,34.075769405814036,68.2376561164856
-59.89368411796945,34.12507388162292,68.2376561164856
-59.89368411796945,34.12507388162292,68.2376561164856
-59.89368411796945,34.12507388162292,68.2376561164856
-59.89368411796945,34.12507388162292,68.2376561164856
-59.89368411796945,34.12507388162292,68.2376561164856
-59.96256984245022,34.21971344419488,68.2376561164856
-59.96256984245022,34.21971344419488,68.2376561164856
-59.96256984245022,34.21971344419488,68.2376561164856
-59.96256984245022,34.21971344419488,68.2376561164856
-59.96256984245022,34.21971344419488,68.2376561164856
-59.96256984245022,34.21971344419488,68.2376561164856
-59.96256984245022,34.21971344419488,68.2376561164856
-60.02343278264344,34.319007550686614,68.2376561164856
-60.02343278264344,34.319007550686614,68.2376561164856
-60.02343278264344,34.319007550686614,68.2376561164856
-60.02343278264344,34.319007550686614,68.2376561164856
-60.02343278264344,34.319007550686614,68.2376561164856
-60.02343278264344,34.319007550686614,68.2376561164856
-60.02343278264344,34.319007550686614,68.2376561164856
-60.13883428133788,34.49044774072863,68.2376561164856
-60.13883428133788,34.49044774072863,68.2376561164856
-60.13883428133788,34.49044774072863,68.2376561164856
-60.13883428133788,34.49044774072863,68.2376561164856
-60.13883428133788,34.49044774072863,68.2376561164856
-60.13883428133788,34.49044774072863,68.2376561164856
-60.13883428133788,34.49044774072863,68.2376561164856
-60.13883428133788,34.49044774072863,68.2376561164856
-60.24075398696327,34.62672408720287,68.2376561164856
-60.24075398696327,34.62672408720287,68.2376561164856
-60.24075398696327,34.62672408720287,68.2376561164856
-60.24075398696327,34.62672408720287,68.2376561164856
-60.24075398696327,34.62672408720287,68.2376561164856
-60.24075398696327,34.62672408720287,68.2376561164856
-60.24075398696327,34.62672408720287,68.2376561164856
-60.36233386444674,34.80792682368934,68.2376561164856
-60.36233386444674,34.80792682368934,68.2376561164856
-60.36233386444674,34.80792682368934,68.2376561164856
-60.36233386444674,34.80792682368934,68.2376561164856
-60.36233386444674,34.80792682368934,68.2376561164856
-60.36233386444674,34.80792682368934,68.2376561164856
-60.49849817826221,35.02009456375157,68.2376561164856
-60.49849817826221,35.02009456375157,68.2376561164856
-60.49849817826221,35.02009456375157,68.2376561164856
-60.49849817826221,35.02009456375157,68.2376561164856
-60.49849817826221,35.02009456375157,68.2376561164856
-60.49849817826221,35.02009456375157,68.2376561164856
-60.49849817826221,35.02009456375157,68.2376561164856
-60.588838843896454,35.14573637553724,68.2376561164856
-60.588838843896454,35.14573637553724,68.2376561164856
-60.588838843896454,35.14573637553724,68.2376561164856
-60.588838843896454,35.14573637553724,68.2376561164856
-60.588838843896454,35.14573637553724,68.2376561164856
-60.588838843896454,35.14573637553724,68.2376561164856
-60.588838843896454,35.14573637553724,68.2376561164856
-60.588838843896454,35.14573637553724,68.2376561164856
-60.72626881851068,35.32322937471386,68.2376561164856
-60.72626881851068,35.32322937471386,68.2376561164856
-60.72626881851068,35.32322937471386,68.2376561164856
-60.72626881851068,35.32322937471386,68.2376561164856
-60.72626881851068,35.32322937471386,68.2376561164856
-60.72626881851068,35.32322937471386,68.2376561164856
-60.72626881851068,35.32322937471386,68.2376561164856
-60.72626881851068,35.32322937471386,68.2376561164856
-60.84401835070591,35.47961144348663,68.2376561164856
-60.84401835070591,35.47961144348663,68.2376561164856
-60.84401835070591,35.47961144348663,68.2376561164856
-60.84401835070591,35.47961144348663,68.2376561164856
-60.84401835070591,35.47961144348663,68.2376561164856
-60.84401835070591,35.47961144348663,68.2376561164856
-60.84401835070591,35.47961144348663,68.2376561164856
-61.02771353258208,35.73599520192689,68.2376561164856
-61.02771353258208,35.73599520192689,68.2376561164856
-61.02771353258208,35.73599520192689,68.2376561164856
-61.02771353258208,35.73599520192689,68.2376561164856
-61.02771353258208,35.73599520192689,68.2376561164856
-61.11977064364879,35.85783525315103,68.2376561164856
-61.11977064364879,35.85783525315103,68.2376561164856
-61.11977064364879,35.85783525315103,68.2376561164856
-61.11977064364879,35.85783525315103,68.2376561164856
-61.11977064364879,35.85783525315103,68.2376561164856
-61.11977064364879,35.85783525315103,68.2376561164856
-61.20771944399549,35.987949901041816,68.2376561164856
-61.20771944399549,35.987949901041816,68.2376561164856
-61.20771944399549,35.987949901041816,68.2376561164856
-61.20771944399549,35.987949901041816,68.2376561164856
-61.20771944399549,35.987949901041816,68.2376561164856
-61.298225516058004,36.12858526417905,68.2376561164856
-61.298225516058004,36.12858526417905,68.2376561164856
-61.298225516058004,36.12858526417905,68.2376561164856
-61.298225516058004,36.12858526417905,68.2376561164856
-61.298225516058004,36.12858526417905,68.2376561164856
-61.387575052294565,36.28911058940339,68.2376561164856
-61.387575052294565,36.28911058940339,68.2376561164856
-61.387575052294565,36.28911058940339,68.2376561164856
-61.387575052294565,36.28911058940339,68.2376561164856
-61.387575052294565,36.28911058940339,68.2376561164856
-61.499094132253056,36.43435242193751,68.2376561164856
-61.499094132253056,36.43435242193751,68.2376561164856
-61.499094132253056,36.43435242193751,68.2376561164856
-61.499094132253056,36.43435242193751,68.2376561164856
-61.499094132253056,36.43435242193751,68.2376561164856
-61.499094132253056,36.43435242193751,68.2376561164856
-61.601217785133684,36.5735524583848,68.2376561164856
-61.601217785133684,36.5735524583848,68.2376561164856
-61.601217785133684,36.5735524583848,68.2376561164856
-61.601217785133684,36.5735524583848,68.2376561164856
-61.601217785133684,36.5735524583848,68.2376561164856
-61.601217785133684,36.5735524583848,68.2376561164856
-61.75361537711082,36.77978325612359,68.2376561164856
-61.75361537711082,36.77978325612359,68.2376561164856
-61.75361537711082,36.77978325612359,68.2376561164856
-61.75361537711082,36.77978325612359,68.2376561164856
-61.75361537711082,36.77978325612359,68.2376561164856
-61.75361537711082,36.77978325612359,68.2376561164856
-61.75361537711082,36.77978325612359,68.2376561164856
-61.8513107459231,36.9162750606255,68.2376561164856
-61.8513107459231,36.9162750606255,68.2376561164856
-61.8513107459231,36.9162750606255,68.2376561164856
-61.8513107459231,36.9162750606255,68.2376561164856
-61.8513107459231,36.9162750606255,68.2376561164856
-61.8513107459231,36.9162750606255,68.2376561164856
-61.8513107459231,36.9162750606255,68.2376561164856
-61.8513107459231,36.9162750606255,68.2376561164856
-61.8513107459231,36.9162750606255,68.2376561164856
-61.8513107459231,36.9162750606255,68.2376561164856
-62.04840887483141,37.1619303254027,68.2376561164856
-62.04840887483141,37.1619303254027,68.2376561164856
-62.04840887483141,37.1619303254027,68.2376561164856
-62.04840887483141,37.1619303254027,68.2376561164856
-62.04840887483141,37.1619303254027,68.2376561164856
-62.04840887483141,37.1619303254027,68.2376561164856
-62.04840887483141,37.1619303254027,68.2376561164856
-62.04840887483141,37.1619303254027,68.2376561164856
-62.04840887483141,37.1619303254027,68.2376561164856
-62.04840887483141,37.1619303254027,68.2376561164856
-62.213669981939645,37.341772867740595,68.2376561164856
-62.213669981939645,37.341772867740595,68.2376561164856
-62.213669981939645,37.341772867740595,68.2376561164856
-62.213669981939645,37.341772867740595,68.2376561164856
-62.213669981939645,37.341772867740595,68.2376561164856
-62.213669981939645,37.341772867740595,68.2376561164856
-62.213669981939645,37.341772867740595,68.2376561164856
-62.213669981939645,37.341772867740595,68.2376561164856
-62.39150951811653,37.57284376253015,68.2376561164856
-62.39150951811653,37.57284376253015,68.2376561164856
-62.39150951811653,37.57284376253015,68.2376561164856
-62.39150951811653,37.57284376253015,68.2376561164856
-62.39150951811653,37.57284376253015,68.2376561164856
-62.39150951811653,37.57284376253015,68.2376561164856
-62.39150951811653,37.57284376253015,68.2376561164856
-62.39150951811653,37.57284376253015,68.2376561164856
-62.39150951811653,37.57284376253015,68.2376561164856
-62.5275928148932,37.77082403542155,68.2376561164856
-62.5275928148932,37.77082403542155,68.2376561164856
-62.5275928148932,37.77082403542155,68.2376561164856
-62.5275928148932,37.77082403542155,68.2376561164856
-62.5275928148932,37.77082403542155,68.2376561164856
-62.5275928148932,37.77082403542155,68.2376561164856
-62.5275928148932,37.77082403542155,68.2376561164856
-62.5275928148932,37.77082403542155,68.2376561164856
-62.5275928148932,37.77082403542155,68.2376561164856
-62.74524801323052,38.02644727925421,68.2376561164856
-62.74524801323052,38.02644727925421,68.2376561164856
-62.74524801323052,38.02644727925421,68.2376561164856
-62.74524801323052,38.02644727925421,68.2376561164856
-62.74524801323052,38.02644727925421,68.2376561164856
-62.74524801323052,38.02644727925421,68.2376561164856
-62.74524801323052,38.02644727925421,68.2376561164856
-62.74524801323052,38.02644727925421,68.2376561164856
-62.74524801323052,38.02644727925421,68.2376561164856
-62.921008382434216,38.24564057433693,68.2376561164856
-62.921008382434216,38.24564057433693,68.2376561164856
-62.921008382434216,38.24564057433693,68.2376561164856
-62.921008382434216,38.24564057433693,68.2376561164856
-62.921008382434216,38.24564057433693,68.2376561164856
-62.921008382434216,38.24564057433693,68.2376561164856
-62.921008382434216,38.24564057433693,68.2376561164856
-62.921008382434216,38.24564057433693,68.2376561164856
-62.921008382434216,38.24564057433693,68.2376561164856
-63.072527965812704,38.4409701079877,68.2376561164856
-63.072527965812704,38.4409701079877,68.2376561164856
-63.072527965812704,38.4409701079877,68.2376561164856
-63.072527965812704,38.4409701079877,68.2376561164856
-63.072527965812704,38.4409701079877,68.2376561164856
-63.072527965812704,38.4409701079877,68.2376561164856
-63.072527965812704,38.4409701079877,68.2376561164856
-63.072527965812704,38.4409701079877,68.2376561164856
-63.27331872267918,38.68419822523605,68.2376561164856
-63.27331872267918,38.68419822523605,68.2376561164856
-63.27331872267918,38.68419822523605,68.2376561164856
-63.27331872267918,38.68419822523605,68.2376561164856
-63.27331872267918,38.68419822523605,68.2376561164856
-63.42859967529567,38.833414537810896,68.2376561164856
-63.42859967529567,38.833414537810896,68.2376561164856
-63.42859967529567,38.833414537810896,68.2376561164856
-63.42859967529567,38.833414537810896,68.2376561164856
-63.42859967529567,38.833414537810896,68.2376561164856
-63.42859967529567,38.833414537810896,68.2376561164856
-63.53368745792887,38.939734470733406,68.2376561164856
-63.53368745792887,38.939734470733406,68.2376561164856
-63.53368745792887,38.939734470733406,68.2376561164856
-63.53368745792887,38.939734470733406,68.2376561164856
-63.53368745792887,38.939734470733406,68.2376561164856
-63.64795612631477,39.05533610108024,68.2376561164856
-63.64795612631477,39.05533610108024,68.2376561164856
-63.64795612631477,39.05533610108024,68.2376561164856
-63.64795612631477,39.05533610108024,68.2376561164856
-63.64795612631477,39.05533610108024,68.2376561164856
-63.76024942027873,39.17280017193885,68.2376561164856
-63.76024942027873,39.17280017193885,68.2376561164856
-63.76024942027873,39.17280017193885,68.2376561164856
-63.76024942027873,39.17280017193885,68.2376561164856
-63.76024942027873,39.17280017193885,68.2376561164856
-63.91726927751093,39.35425195248578,68.2376561164856
-63.91726927751093,39.35425195248578,68.2376561164856
-63.91726927751093,39.35425195248578,68.2376561164856
-63.91726927751093,39.35425195248578,68.2376561164856
-63.91726927751093,39.35425195248578,68.2376561164856
-64.02019779191363,39.471715465441044,68.2376561164856
-64.02019779191363,39.471715465441044,68.2376561164856
-64.02019779191363,39.471715465441044,68.2376561164856
-64.02019779191363,39.471715465441044,68.2376561164856
-64.02019779191363,39.471715465441044,68.2376561164856
-64.02019779191363,39.471715465441044,68.2376561164856
-64.10539963310009,39.58064453478421,68.2376561164856
-64.10539963310009,39.58064453478421,68.2376561164856
-64.10539963310009,39.58064453478421,68.2376561164856
-64.10539963310009,39.58064453478421,68.2376561164856
-64.10539963310009,39.58064453478421,68.2376561164856
-64.10539963310009,39.58064453478421,68.2376561164856
-64.2179044234983,39.71121169148676,68.2376561164856
-64.2179044234983,39.71121169148676,68.2376561164856
-64.2179044234983,39.71121169148676,68.2376561164856
-64.2179044234983,39.71121169148676,68.2376561164856
-64.2179044234983,39.71121169148676,68.2376561164856
-64.2179044234983,39.71121169148676,68.2376561164856
-64.2179044234983,39.71121169148676,68.2376561164856
-64.32676989205456,39.82951726501291,68.2376561164856
-64.32676989205456,39.82951726501291,68.2376561164856
-64.32676989205456,39.82951726501291,68.2376561164856
-64.32676989205456,39.82951726501291,68.2376561164856
-64.32676989205456,39.82951726501291,68.2376561164856
-64.48116216458187,39.990334412210025,68.2376561164856
-64.48116216458187,39.990334412210025,68.2376561164856
-64.48116216458187,39.990334412210025,68.2376561164856
-64.48116216458187,39.990334412210025,68.2376561164856
-64.48116216458187,39.990334412210025,68.2376561164856
-64.48116216458187,39.990334412210025,68.2376561164856
-64.57469813285917,40.079000911400655,68.2376561164856
-64.57469813285917,40.079000911400655,68.2376561164856
-64.57469813285917,40.079000911400655,68.2376561164856
-64.57469813285917,40.079000911400655,68.2376561164856
-64.57469813285917,40.079000911400655,68.2376561164856
-64.68751915019372,40.202460139306226,68.2376561164856
-64.68751915019372,40.202460139306226,68.2376561164856
-64.68751915019372,40.202460139306226,68.2376561164856
-64.68751915019372,40.202460139306226,68.2376561164856
-64.68751915019372,40.202460139306226,68.2376561164856
-64.68751915019372,40.202460139306226,68.2376561164856
-64.83700151240282,40.371224324441314,68.2376561164856
-64.83700151240282,40.371224324441314,68.2376561164856
-64.83700151240282,40.371224324441314,68.2376561164856
-64.83700151240282,40.371224324441314,68.2376561164856
-64.83700151240282,40.371224324441314,68.2376561164856
-64.83700151240282,40.371224324441314,68.2376561164856
-64.83700151240282,40.371224324441314,68.2376561164856
-64.93980787079023,40.483703204009345,68.2376561164856
-64.93980787079023,40.483703204009345,68.2376561164856
-64.93980787079023,40.483703204009345,68.2376561164856
-64.93980787079023,40.483703204009345,68.2376561164856
-64.93980787079023,40.483703204009345,68.2376561164856
-64.93980787079023,40.483703204009345,68.2376561164856
-65.10106594784595,40.660950276763955,68.2376561164856
-65.10106594784595,40.660950276763955,68.2376561164856
-65.10106594784595,40.660950276763955,68.2376561164856
-65.10106594784595,40.660950276763955,68.2376561164856
-65.10106594784595,40.660950276763955,68.2376561164856
-65.2020558274553,40.76190505914179,68.2376561164856
-65.2020558274553,40.76190505914179,68.2376561164856
-65.2020558274553,40.76190505914179,68.2376561164856
-65.2020558274553,40.76190505914179,68.2376561164856
-65.2020558274553,40.76190505914179,68.2376561164856
-65.2020558274553,40.76190505914179,68.2376561164856
-65.3222517378479,40.882216022066466,68.2376561164856
-65.3222517378479,40.882216022066466,68.2376561164856
-65.3222517378479,40.882216022066466,68.2376561164856
-65.3222517378479,40.882216022066466,68.2376561164856
-65.3222517378479,40.882216022066466,68.2376561164856
-65.44031007460799,41.005393119560814,68.2376561164856
-65.44031007460799,41.005393119560814,68.2376561164856
-65.44031007460799,41.005393119560814,68.2376561164856
-65.44031007460799,41.005393119560814,68.2376561164856
-65.44031007460799,41.005393119560814,68.2376561164856
-65.53178668618197,41.089482448995966,68.2376561164856
-65.53178668618197,41.089482448995966,68.2376561164856
-65.53178668618197,41.089482448995966,68.2376561164856
-65.53178668618197,41.089482448995966,68.2376561164856
-65.53178668618197,41.089482448995966,68.2376561164856
-65.53178668618197,41.089482448995966,68.2376561164856
-65.69663794591341,41.24593976029938,68.2376561164856
-65.69663794591341,41.24593976029938,68.2376561164856
-65.69663794591341,41.24593976029938,68.2376561164856
-65.69663794591341,41.24593976029938,68.2376561164856
-65.69663794591341,41.24593976029938,68.2376561164856
-65.69663794591341,41.24593976029938,68.2376561164856
-65.80692173643631,41.330879540685544,68.2376561164856
-65.80692173643631,41.330879540685544,68.2376561164856
-65.80692173643631,41.330879540685544,68.2376561164856
-65.80692173643631,41.330879540685544,68.2376561164856
-65.80692173643631,41.330879540685544,68.2376561164856
-65.80692173643631,41.330879540685544,68.2376561164856
-65.92115936291208,41.4295836842017,68.2376561164856
-65.92115936291208,41.4295836842017,68.2376561164856
-65.92115936291208,41.4295836842017,68.2376561164856
-65.92115936291208,41.4295836842017,68.2376561164856
-65.92115936291208,41.4295836842017,68.2376561164856
-66.03432424412496,41.542598239731795,68.2376561164856
-66.03432424412496,41.542598239731795,68.2376561164856
-66.03432424412496,41.542598239731795,68.2376561164856
-66.03432424412496,41.542598239731795,68.2376561164856
-66.03432424412496,41.542598239731795,68.2376561164856
-66.03432424412496,41.542598239731795,68.2376561164856
-66.19513728384474,41.70933300999792,68.2376561164856
-66.19513728384474,41.70933300999792,68.2376561164856
-66.19513728384474,41.70933300999792,68.2376561164856
-66.19513728384474,41.70933300999792,68.2376561164856
-66.19513728384474,41.70933300999792,68.2376561164856
-66.19513728384474,41.70933300999792,68.2376561164856
-66.28635651540398,41.81514747693122,68.2376561164856
-66.28635651540398,41.81514747693122,68.2376561164856
-66.28635651540398,41.81514747693122,68.2376561164856
-66.28635651540398,41.81514747693122,68.2376561164856
-66.28635651540398,41.81514747693122,68.2376561164856
-66.28635651540398,41.81514747693122,68.2376561164856
-66.43540765533422,41.964641832637824,68.2376561164856
-66.43540765533422,41.964641832637824,68.2376561164856
-66.43540765533422,41.964641832637824,68.2376561164856
-66.43540765533422,41.964641832637824,68.2376561164856
-66.43540765533422,41.964641832637824,68.2376561164856
-66.43540765533422,41.964641832637824,68.2376561164856
-66.43540765533422,41.964641832637824,68.2376561164856
-66.43540765533422,41.964641832637824,68.2376561164856
-66.43540765533422,41.964641832637824,68.2376561164856
-66.54635201293162,42.071163537732005,68.2376561164856
-66.54635201293162,42.071163537732005,68.2376561164856
-66.54635201293162,42.071163537732005,68.2376561164856
-66.54635201293162,42.071163537732005,68.2376561164856
-66.54635201293162,42.071163537732005,68.2376561164856
-66.54635201293162,42.071163537732005,68.2376561164856
-66.54635201293162,42.071163537732005,68.2376561164856
-66.54635201293162,42.071163537732005,68.2376561164856
-66.73095010744056,42.237231473150594,68.2376561164856
-66.73095010744056,42.237231473150594,68.2376561164856
-66.73095010744056,42.237231473150594,68.2376561164856
-66.73095010744056,42.237231473150594,68.2376561164856
-66.73095010744056,42.237231473150594,68.2376561164856
-66.73095010744056,42.237231473150594,68.2376561164856
-66.73095010744056,42.237231473150594,68.2376561164856
-66.9181682359423,42.39671953908976,68.2376561164856
-66.9181682359423,42.39671953908976,68.2376561164856
-66.9181682359423,42.39671953908976,68.2376561164856
-66.9181682359423,42.39671953908976,68.2376561164856
-66.9181682359423,42.39671953908976,68.2376561164856
-66.9181682359423,42.39671953908976,68.2376561164856
-67.11883978614907,42.58970514090602,68.2376561164856
-67.11883978614907,42.58970514090602,68.2376561164856
-67.11883978614907,42.58970514090602,68.2376561164856
-67.11883978614907,42.58970514090602,68.2376561164856
-67.11883978614907,42.58970514090602,68.2376561164856
-67.11883978614907,42.58970514090602,68.2376561164856
-67.23434294371765,42.69222682170646,68.2376561164856
-67.23434294371765,42.69222682170646,68.2376561164856
-67.23434294371765,42.69222682170646,68.2376561164856
-67.23434294371765,42.69222682170646,68.2376561164856
-67.23434294371765,42.69222682170646,68.2376561164856
-67.34808702671667,42.78321162164414,68.2376561164856
-67.34808702671667,42.78321162164414,68.2376561164856
-67.34808702671667,42.78321162164414,68.2376561164856
-67.34808702671667,42.78321162164414,68.2376561164856
-67.34808702671667,42.78321162164414,68.2376561164856
-67.47104046559043,42.89025812212851,68.2376561164856
-67.47104046559043,42.89025812212851,68.2376561164856
-67.47104046559043,42.89025812212851,68.2376561164856
-67.47104046559043,42.89025812212851,68.2376561164856
-67.47104046559043,42.89025812212851,68.2376561164856
-67.58318071184974,42.9970829969469,68.2376561164856
-67.58318071184974,42.9970829969469,68.2376561164856
-67.58318071184974,42.9970829969469,68.2376561164856
-67.58318071184974,42.9970829969469,68.2376561164856
-67.58318071184974,42.9970829969469,68.2376561164856
-67.58318071184974,42.9970829969469,68.2376561164856
-67.67925221741734,43.10075553131988,68.2376561164856
-67.67925221741734,43.10075553131988,68.2376561164856
-67.67925221741734,43.10075553131988,68.2376561164856
-67.67925221741734,43.10075553131988,68.2376561164856
-67.67925221741734,43.10075553131988,68.2376561164856
-67.82311907454265,43.2459600926036,68.2376561164856
-67.82311907454265,43.2459600926036,68.2376561164856
-67.82311907454265,43.2459600926036,68.2376561164856
-67.82311907454265,43.2459600926036,68.2376561164856
-67.82311907454265,43.2459600926036,68.2376561164856
-67.82311907454265,43.2459600926036,68.2376561164856
-67.9100044877289,43.34355636943189,68.2376561164856
-67.9100044877289,43.34355636943189,68.2376561164856
-67.9100044877289,43.34355636943189,68.2376561164856
-67.9100044877289,43.34355636943189,68.2376561164856
-67.9100044877289,43.34355636943189,68.2376561164856
-68.02415573490556,43.46942783502886,68.2376561164856
-68.02415573490556,43.46942783502886,68.2376561164856
-68.02415573490556,43.46942783502886,68.2376561164856
-68.02415573490556,43.46942783502886,68.2376561164856
-68.02415573490556,43.46942783502886,68.2376561164856
-68.10895988326779,43.563622104545594,68.2376561164856
-68.10895988326779,43.563622104545594,68.2376561164856
-68.10895988326779,43.563622104545594,68.2376561164856
-68.10895988326779,43.563622104545594,68.2376561164856
-68.10895988326779,43.563622104545594,68.2376561164856
-68.10895988326779,43.563622104545594,68.2376561164856
-68.22116016730668,43.664069737278474,68.2376561164856
-68.22116016730668,43.664069737278474,68.2376561164856
-68.22116016730668,43.664069737278474,68.2376561164856
-68.22116016730668,43.664069737278474,68.2376561164856
-68.22116016730668,43.664069737278474,68.2376561164856
-68.37258226165382,43.80762950379668,68.2376561164856
-68.37258226165382,43.80762950379668,68.2376561164856
-68.37258226165382,43.80762950379668,68.2376561164856
-68.37258226165382,43.80762950379668,68.2376561164856
-68.37258226165382,43.80762950379668,68.2376561164856
-68.44781597163102,43.89997587017994,68.2376561164856
-68.44781597163102,43.89997587017994,68.2376561164856
-68.44781597163102,43.89997587017994,68.2376561164856
-68.44781597163102,43.89997587017994,68.2376561164856
-68.51364920167943,43.98947212017246,68.2376561164856
-68.51364920167943,43.98947212017246,68.2376561164856
-68.51364920167943,43.98947212017246,68.2376561164856
-68.51364920167943,43.98947212017246,68.2376561164856
-68.51364920167943,43.98947212017246,68.2376561164856
-68.58253674292632,44.09203967702852,68.2376561164856
-68.58253674292632,44.09203967702852,68.2376561164856
-68.58253674292632,44.09203967702852,68.2376561164856
-68.58253674292632,44.09203967702852,68.2376561164856
-68.58253674292632,44.09203967702852,68.2376561164856
-68.6750085238586,44.21102563094854,68.2376561164856
-68.6750085238586,44.21102563094854,68.2376561164856
-68.6750085238586,44.21102563094854,68.2376561164856
-68.6750085238586,44.21102563094854,68.2376561164856
-68.6750085238586,44.21102563094854,68.2376561164856
-68.74929730007823,44.296809115831316,68.2376561164856
-68.74929730007823,44.296809115831316,68.2376561164856
-68.74929730007823,44.296809115831316,68.2376561164856
-68.74929730007823,44.296809115831316,68.2376561164856
-68.8315301106362,44.38819194614215,68.2376561164856
-68.8315301106362,44.38819194614215,68.2376561164856
-68.8315301106362,44.38819194614215,68.2376561164856
-68.8315301106362,44.38819194614215,68.2376561164856
-68.8315301106362,44.38819194614215,68.2376561164856
-68.90452159885882,44.476620961592026,68.2376561164856
-68.90452159885882,44.476620961592026,68.2376561164856
-68.90452159885882,44.476620961592026,68.2376561164856
-68.90452159885882,44.476620961592026,68.2376561164856
-68.90452159885882,44.476620961592026,68.2376561164856
-68.98582313609668,44.5625964337623,68.2376561164856
-68.98582313609668,44.5625964337623,68.2376561164856
-68.98582313609668,44.5625964337623,68.2376561164856
-68.98582313609668,44.5625964337623,68.2376561164856
-68.98582313609668,44.5625964337623,68.2376561164856
-68.98582313609668,44.5625964337623,68.2376561164856
-69.09682133419497,44.6431808281769,68.2376561164856
-69.09682133419497,44.6431808281769,68.2376561164856
-69.09682133419497,44.6431808281769,68.2376561164856
-69.09682133419497,44.6431808281769,68.2376561164856
-69.09682133419497,44.6431808281769,68.2376561164856
-69.20671494218898,44.7374179150579,68.2376561164856
-69.20671494218898,44.7374179150579,68.2376561164856
-69.20671494218898,44.7374179150579,68.2376561164856
-69.20671494218898,44.7374179150579,68.2376561164856
-69.20671494218898,44.7374179150579,68.2376561164856
-69.20671494218898,44.7374179150579,68.2376561164856
-69.327200921033,44.84696849025586,68.2376561164856
-69.327200921033,44.84696849025586,68.2376561164856
-69.327200921033,44.84696849025586,68.2376561164856
-69.327200921033,44.84696849025586,68.2376561164856
-69.327200921033,44.84696849025586,68.2376561164856
-69.4387019508106,44.953340035699384,68.2376561164856
-69.4387019508106,44.953340035699384,68.2376561164856
-69.4387019508106,44.953340035699384,68.2376561164856
-69.4387019508106,44.953340035699384,68.2376561164856
-69.4387019508106,44.953340035699384,68.2376561164856
-69.4387019508106,44.953340035699384,68.2376561164856
-69.5711463099122,45.09822653556386,68.2376561164856
-69.5711463099122,45.09822653556386,68.2376561164856
-69.5711463099122,45.09822653556386,68.2376561164856
-69.5711463099122,45.09822653556386,68.2376561164856
-69.5711463099122,45.09822653556386,68.2376561164856
-69.65985275912882,45.196588679833724,68.2376561164856
-69.65985275912882,45.196588679833724,68.2376561164856
-69.65985275912882,45.196588679833724,68.2376561164856
-69.65985275912882,45.196588679833724,68.2376561164856
-69.65985275912882,45.196588679833724,68.2376561164856
-69.75808880734277,45.30229355528839,68.2376561164856
-69.75808880734277,45.30229355528839,68.2376561164856
-69.75808880734277,45.30229355528839,68.2376561164856
-69.75808880734277,45.30229355528839,68.2376561164856
-69.75808880734277,45.30229355528839,68.2376561164856
-69.75808880734277,45.30229355528839,68.2376561164856
-69.75808880734277,45.30229355528839,68.2376561164856
-69.75808880734277,45.30229355528839,68.2376561164856
-69.87179994196254,45.416614656347654,68.2376561164856
-69.87179994196254,45.416614656347654,68.2376561164856
-69.87179994196254,45.416614656347654,68.2376561164856
-69.87179994196254,45.416614656347654,68.2376561164856
-69.87179994196254,45.416614656347654,68.2376561164856
-69.87179994196254,45.416614656347654,68.2376561164856
-70.04652471775705,45.57598805109321,68.2376561164856
-70.04652471775705,45.57598805109321,68.2376561164856
-70.04652471775705,45.57598805109321,68.2376561164856
-70.04652471775705,45.57598805109321,68.2376561164856
-70.04652471775705,45.57598805109321,68.2376561164856
-70.04652471775705,45.57598805109321,68.2376561164856
-70.04652471775705,45.57598805109321,68.2376561164856
-70.19583617649995,45.71612539366973,68.2376561164856
-70.19583617649995,45.71612539366973,68.2376561164856
-70.19583617649995,45.71612539366973,68.2376561164856
-70.19583617649995,45.71612539366973,68.2376561164856
-70.19583617649995,45.71612539366973,68.2376561164856
-70.26694083036273,45.79671374192524,68.2376561164856
-70.26694083036273,45.79671374192524,68.2376561164856
-70.26694083036273,45.79671374192524,68.2376561164856
-70.26694083036273,45.79671374192524,68.2376561164856
-70.26694083036273,45.79671374192524,68.2376561164856
-70.26694083036273,45.79671374192524,68.2376561164856
-70.37245554893697,45.89941759881814,68.2376561164856
-70.37245554893697,45.89941759881814,68.2376561164856
-70.37245554893697,45.89941759881814,68.2376561164856
-70.37245554893697,45.89941759881814,68.2376561164856
-70.37245554893697,45.89941759881814,68.2376561164856
-70.44680567851603,45.98983418911447,68.2376561164856
-70.44680567851603,45.98983418911447,68.2376561164856
-70.44680567851603,45.98983418911447,68.2376561164856
-70.44680567851603,45.98983418911447,68.2376561164856
-70.44680567851603,45.98983418911447,68.2376561164856
-70.52770828754606,46.08378551680967,68.2376561164856
-70.52770828754606,46.08378551680967,68.2376561164856
-70.52770828754606,46.08378551680967,68.2376561164856
-70.52770828754606,46.08378551680967,68.2376561164856
-70.52770828754606,46.08378551680967,68.2376561164856
-70.61978639265809,46.18643892015625,68.2376561164856
-70.61978639265809,46.18643892015625,68.2376561164856
-70.61978639265809,46.18643892015625,68.2376561164856
-70.61978639265809,46.18643892015625,68.2376561164856
-70.61978639265809,46.18643892015625,68.2376561164856
-70.61978639265809,46.18643892015625,68.2376561164856
-70.77272953281748,46.341694062545116,68.2376561164856
-70.77272953281748,46.341694062545116,68.2376561164856
-70.77272953281748,46.341694062545116,68.2376561164856
-70.77272953281748,46.341694062545116,68.2376561164856
-70.77272953281748,46.341694062545116,68.2376561164856
-70.90540633102226,46.46071667104567,68.2376561164856
-70.90540633102226,46.46071667104567,68.2376561164856
-70.90540633102226,46.46071667104567,68.2376561164856
-70.90540633102226,46.46071667104567,68.2376561164856
-70.90540633102226,46.46071667104567,68.2376561164856
-71.03033879954022,46.57497027017921,68.2376561164856
-71.03033879954022,46.57497027017921,68.2376561164856
-71.03033879954022,46.57497027017921,68.2376561164856
-71.03033879954022,46.57497027017921,68.2376561164856
-71.03033879954022,46.57497027017921,68.2376561164856
-71.03033879954022,46.57497027017921,68.2376561164856
-71.14772202958953,46.68991433626689,68.2376561164856
-71.14772202958953,46.68991433626689,68.2376561164856
-71.14772202958953,46.68991433626689,68.2376561164856
-71.14772202958953,46.68991433626689,68.2376561164856
-71.14772202958953,46.68991433626689,68.2376561164856
-71.30402214182054,46.84609201211283,68.2376561164856
-71.30402214182054,46.84609201211283,68.2376561164856
-71.30402214182054,46.84609201211283,68.2376561164856
-71.30402214182054,46.84609201211283,68.2376561164856
-71.30402214182054,46.84609201211283,68.2376561164856
-71.30402214182054,46.84609201211283,68.2376561164856
-71.38957619671137,46.94324243248374,68.2376561164856
-71.38957619671137,46.94324243248374,68.2376561164856
-71.38957619671137,46.94324243248374,68.2376561164856
-71.38957619671137,46.94324243248374,68.2376561164856
-71.38957619671137,46.94324243248374,68.2376561164856
-71.48085695350241,47.052524768222824,68.2376561164856
-71.48085695350241,47.052524768222824,68.2376561164856
-71.48085695350241,47.052524768222824,68.2376561164856
-71.48085695350241,47.052524768222824,68.2376561164856
-71.48085695350241,47.052524768222824,68.2376561164856
-71.48085695350241,47.052524768222824,68.2376561164856
-71.55854026780956,47.156661336163765,68.2376561164856
-71.55854026780956,47.156661336163765,68.2376561164856
-71.55854026780956,47.156661336163765,68.2376561164856
-71.55854026780956,47.156661336163765,68.2376561164856
-71.55854026780956,47.156661336163765,68.2376561164856
-71.63399484020998,47.255987835816576,68.2376561164856
-71.63399484020998,47.255987835816576,68.2376561164856
-71.63399484020998,47.255987835816576,68.2376561164856
-71.63399484020998,47.255987835816576,68.2376561164856
-71.63399484020998,47.255987835816576,68.2376561164856
-71.63399484020998,47.255987835816576,68.2376561164856
-71.71784357917167,47.35236426573886,68.2376561164856
-71.71784357917167,47.35236426573886,68.2376561164856
-71.71784357917167,47.35236426573886,68.2376561164856
-71.71784357917167,47.35236426573886,68.2376561164856
-71.71784357917167,47.35236426573886,68.2376561164856
-71.71784357917167,47.35236426573886,68.2376561164856
-71.80388254869874,47.45468030110132,68.2376561164856
-71.80388254869874,47.45468030110132,68.2376561164856
-71.80388254869874,47.45468030110132,68.2376561164856
-71.80388254869874,47.45468030110132,68.2376561164856
-71.80388254869874,47.45468030110132,68.2376561164856
-71.93967663681057,47.592076025508376,68.2376561164856
-71.93967663681057,47.592076025508376,68.2376561164856
-71.93967663681057,47.592076025508376,68.2376561164856
-71.93967663681057,47.592076025508376,68.2376561164856
-71.93967663681057,47.592076025508376,68.2376561164856
-71.93967663681057,47.592076025508376,68.2376561164856
-71.93967663681057,47.592076025508376,68.2376561164856
-72.03488581108195,47.685304544623634,68.2376561164856
-72.03488581108195,47.685304544623634,68.2376561164856
-72.03488581108195,47.685304544623634,68.2376561164856
-72.03488581108195,47.685304544623634,68.2376561164856
-72.03488581108195,47.685304544623634,68.2376561164856
-72.18557193484415,47.82410704435574,68.2376561164856
-72.18557193484415,47.82410704435574,68.2376561164856
-72.18557193484415,47.82410704435574,68.2376561164856
-72.18557193484415,47.82410704435574,68.2376561164856
-72.18557193484415,47.82410704435574,68.2376561164856
-72.18557193484415,47.82410704435574,68.2376561164856
-72.30854859455388,47.924850014423285,68.2376561164856
-72.30854859455388,47.924850014423285,68.2376561164856
-72.30854859455388,47.924850014423285,68.2376561164856
-72.30854859455388,47.924850014423285,68.2376561164856
-72.30854859455388,47.924850014423285,68.2376561164856
-72.30854859455388,47.924850014423285,68.2376561164856
-72.41968262294988,48.02206551583498,68.2376561164856
-72.41968262294988,48.02206551583498,68.2376561164856
-72.41968262294988,48.02206551583498,68.2376561164856
-72.41968262294988,48.02206551583498,68.2376561164856
-72.41968262294988,48.02206551583498,68.2376561164856
-72.41968262294988,48.02206551583498,68.2376561164856
-72.57386084265498,48.175853212360764,68.2376561164856
-72.57386084265498,48.175853212360764,68.2376561164856
-72.57386084265498,48.175853212360764,68.2376561164856
-72.57386084265498,48.175853212360764,68.2376561164856
-72.57386084265498,48.175853212360764,68.2376561164856
-72.57386084265498,48.175853212360764,68.2376561164856
-72.57386084265498,48.175853212360764,68.2376561164856
-72.57386084265498,48.175853212360764,68.2376561164856
-72.57386084265498,48.175853212360764,68.2376561164856
-72.68473954742349,48.2839679286732,68.2376561164856
-72.68473954742349,48.2839679286732,68.2376561164856
-72.68473954742349,48.2839679286732,68.2376561164856
-72.68473954742349,48.2839679286732,68.2376561164856
-72.68473954742349,48.2839679286732,68.2376561164856
-72.68473954742349,48.2839679286732,68.2376561164856
-72.68473954742349,48.2839679286732,68.2376561164856
-72.68473954742349,48.2839679286732,68.2376561164856
-72.68473954742349,48.2839679286732,68.2376561164856
-72.68473954742349,48.2839679286732,68.2376561164856
-72.89694782609762,48.49070521289027,68.2376561164856
-72.89694782609762,48.49070521289027,68.2376561164856
-72.89694782609762,48.49070521289027,68.2376561164856
-72.89694782609762,48.49070521289027,68.2376561164856
-72.89694782609762,48.49070521289027,68.2376561164856
-72.89694782609762,48.49070521289027,68.2376561164856
-72.89694782609762,48.49070521289027,68.2376561164856
-72.89694782609762,48.49070521289027,68.2376561164856
-72.89694782609762,48.49070521289027,68.2376561164856
-73.09478615164,48.68234776594607,68.2376561164856
-73.09478615164,48.68234776594607,68.2376561164856
-73.09478615164,48.68234776594607,68.2376561164856
-73.09478615164,48.68234776594607,68.2376561164856
-73.09478615164,48.68234776594607,68.2376561164856
-73.09478615164,48.68234776594607,68.2376561164856
-73.09478615164,48.68234776594607,68.2376561164856
-73.09478615164,48.68234776594607,68.2376561164856
-73.25326253841693,48.82948424838033,68.2376561164856
-73.25326253841693,48.82948424838033,68.2376561164856
-73.25326253841693,48.82948424838033,68.2376561164856
-73.25326253841693,48.82948424838033,68.2376561164856
-73.25326253841693,48.82948424838033,68.2376561164856
-73.25326253841693,48.82948424838033,68.2376561164856
-73.25326253841693,48.82948424838033,68.2376561164856
-73.25326253841693,48.82948424838033,68.2376561164856
-73.46682209293878,49.02770590618426,68.2376561164856
-73.46682209293878,49.02770590618426,68.2376561164856
-73.46682209293878,49.02770590618426,68.2376561164856
-73.46682209293878,49.02770590618426,68.2376561164856
-73.46682209293878,49.02770590618426,68.2376561164856
-73.46682209293878,49.02770590618426,68.2376561164856
-73.56881593424829,49.127440495950864,68.2376561164856
-73.56881593424829,49.127440495950864,68.2376561164856
-73.56881593424829,49.127440495950864,68.2376561164856
-73.56881593424829,49.127440495950864,68.2376561164856
-73.56881593424829,49.127440495950864,68.2376561164856
-73.56881593424829,49.127440495950864,68.2376561164856
-73.73437708452832,49.27886077864064,68.2376561164856
-73.73437708452832,49.27886077864064,68.2376561164856
-73.73437708452832,49.27886077864064,68.2376561164856
-73.73437708452832,49.27886077864064,68.2376561164856
-73.73437708452832,49.27886077864064,68.2376561164856
-73.73437708452832,49.27886077864064,68.2376561164856
-73.83739694403805,49.379391449292676,68.2376561164856
-73.83739694403805,49.379391449292676,68.2376561164856
-73.83739694403805,49.379391449292676,68.2376561164856
-73.83739694403805,49.379391449292676,68.2376561164856
-73.83739694403805,49.379391449292676,68.2376561164856
-73.83739694403805,49.379391449292676,68.2376561164856
-73.83739694403805,49.379391449292676,68.2376561164856
-73.99235217322358,49.53133291097641,68.2376561164856
-73.99235217322358,49.53133291097641,68.2376561164856
-73.99235217322358,49.53133291097641,68.2376561164856
-73.99235217322358,49.53133291097641,68.2376561164856
-73.99235217322358,49.53133291097641,68.2376561164856
-73.99235217322358,49.53133291097641,68.2376561164856
-74.09477726165045,49.62698708592468,68.2376561164856
-74.09477726165045,49.62698708592468,68.2376561164856
-74.09477726165045,49.62698708592468,68.2376561164856
-74.09477726165045,49.62698708592468,68.2376561164856
-74.09477726165045,49.62698708592468,68.2376561164856
-74.09477726165045,49.62698708592468,68.2376561164856
-74.24716452078414,49.775143375493066,68.2376561164856
-74.24716452078414,49.775143375493066,68.2376561164856
-74.24716452078414,49.775143375493066,68.2376561164856
-74.24716452078414,49.775143375493066,68.2376561164856
-74.24716452078414,49.775143375493066,68.2376561164856
-74.24716452078414,49.775143375493066,68.2376561164856
-74.24716452078414,49.775143375493066,68.2376561164856
-74.36199046644757,49.887505227338586,68.2376561164856
-74.36199046644757,49.887505227338586,68.2376561164856
-74.36199046644757,49.887505227338586,68.2376561164856
-74.36199046644757,49.887505227338586,68.2376561164856
-74.36199046644757,49.887505227338586,68.2376561164856
-74.36199046644757,49.887505227338586,68.2376561164856
-74.51184773777935,50.03277308000382,68.2376561164856
-74.51184773777935,50.03277308000382,68.2376561164856
-74.51184773777935,50.03277308000382,68.2376561164856
-74.51184773777935,50.03277308000382,68.2376561164856
-74.51184773777935,50.03277308000382,68.2376561164856
-74.51184773777935,50.03277308000382,68.2376561164856
-74.62842531951067,50.14314454631019,68.2376561164856
-74.62842531951067,50.14314454631019,68.2376561164856
-74.62842531951067,50.14314454631019,68.2376561164856
-74.62842531951067,50.14314454631019,68.2376561164856
-74.62842531951067,50.14314454631019,68.2376561164856
-74.62842531951067,50.14314454631019,68.2376561164856
-74.79167063323428,50.304985312841254,68.2376561164856
-74.79167063323428,50.304985312841254,68.2376561164856
-74.79167063323428,50.304985312841254,68.2376561164856
-74.79167063323428,50.304985312841254,68.2376561164856
-74.79167063323428,50.304985312841254,68.2376561164856
-74.79167063323428,50.304985312841254,68.2376561164856
-74.89051444750308,50.40807013135211,68.2376561164856
-74.89051444750308,50.40807013135211,68.2376561164856
-74.89051444750308,50.40807013135211,68.2376561164856
-74.89051444750308,50.40807013135211,68.2376561164856
-74.89051444750308,50.40807013135211,68.2376561164856
-74.89051444750308,50.40807013135211,68.2376561164856
-74.89051444750308,50.40807013135211,68.2376561164856
-75.0456917689936,50.570960932541354,68.2376561164856
-75.0456917689936,50.570960932541354,68.2376561164856
-75.0456917689936,50.570960932541354,68.2376561164856
-75.0456917689936,50.570960932541354,68.2376561164856
-75.0456917689936,50.570960932541354,68.2376561164856
-75.0456917689936,50.570960932541354,68.2376561164856
-75.0456917689936,50.570960932541354,68.2376561164856
-75.19644932429885,50.73247285824773,68.2376561164856
-75.19644932429885,50.73247285824773,68.2376561164856
-75.19644932429885,50.73247285824773,68.2376561164856
-75.19644932429885,50.73247285824773,68.2376561164856
-75.19644932429885,50.73247285824773,68.2376561164856
-75.19644932429885,50.73247285824773,68.2376561164856
-75.29474388610636,50.83919622718304,68.2376561164856
-75.29474388610636,50.83919622718304,68.2376561164856
-75.29474388610636,50.83919622718304,68.2376561164856
-75.29474388610636,50.83919622718304,68.2376561164856
-75.29474388610636,50.83919622718304,68.2376561164856
-75.29474388610636,50.83919622718304,68.2376561164856
-75.43787899771972,50.99999503345442,68.2376561164856
-75.43787899771972,50.99999503345442,68.2376561164856
-75.43787899771972,50.99999503345442,68.2376561164856
-75.43787899771972,50.99999503345442,68.2376561164856
-75.43787899771972,50.99999503345442,68.2376561164856
-75.43787899771972,50.99999503345442,68.2376561164856
-75.53259572652217,51.10627611537059,68.2376561164856
-75.53259572652217,51.10627611537059,68.2376561164856
-75.53259572652217,51.10627611537059,68.2376561164856
-75.53259572652217,51.10627611537059,68.2376561164856
-75.53259572652217,51.10627611537059,68.2376561164856
-75.53259572652217,51.10627611537059,68.2376561164856
-75.66842598089914,51.261877385208734,68.2376561164856
-75.66842598089914,51.261877385208734,68.2376561164856
-75.66842598089914,51.261877385208734,68.2376561164856
-75.66842598089914,51.261877385208734,68.2376561164856
-75.66842598089914,51.261877385208734,68.2376561164856
-75.66842598089914,51.261877385208734,68.2376561164856
-75.75875879805248,51.383414040355994,68.2376561164856
-75.75875879805248,51.383414040355994,68.2376561164856
-75.75875879805248,51.383414040355994,68.2376561164856
-75.75875879805248,51.383414040355994,68.2376561164856
-75.75875879805248,51.383414040355994,68.2376561164856
-75.82078760902733,51.483208805637815,68.2376561164856
-75.82078760902733,51.483208805637815,68.2376561164856
-75.82078760902733,51.483208805637815,68.2376561164856
-75.82078760902733,51.483208805637815,68.2376561164856
-75.82078760902733,51.483208805637815,68.2376561164856
-75.89322655146816,51.60832852585601,68.2376561164856
-75.89322655146816,51.60832852585601,68.2376561164856
-75.89322655146816,51.60832852585601,68.2376561164856
-75.89322655146816,51.60832852585601,68.2376561164856
-75.89322655146816,51.60832852585601,68.2376561164856
-75.89322655146816,51.60832852585601,68.2376561164856
-75.89322655146816,51.60832852585601,68.2376561164856
-75.95972031393647,51.75644481332309,68.2376561164856
-75.95972031393647,51.75644481332309,68.2376561164856
-75.95972031393647,51.75644481332309,68.2376561164856
-75.95972031393647,51.75644481332309,68.2376561164856
-75.98305391055862,51.852846878014496,68.2376561164856
-75.98305391055862,51.852846878014496,68.2376561164856
-75.98305391055862,51.852846878014496,68.2376561164856
-75.98305391055862,51.852846878014496,68.2376561164856
-75.98305391055862,51.852846878014496,68.2376561164856
-75.98305391055862,51.852846878014496,68.2376561164856
-75.99564191428088,51.94294637071693,68.2376561164856
-75.99564191428088,51.94294637071693,68.2376561164856
-75.99564191428088,51.94294637071693,68.2376561164856
-75.99564191428088,51.94294637071693,68.2376561164856
-75.99564191428088,51.94294637071693,68.2376561164856
-75.9882517709311,52.04954383152209,68.2376561164856
-75.9882517709311,52.04954383152209,68.2376561164856
-75.9882517709311,52.04954383152209,68.2376561164856
-75.9882517709311,52.04954383152209,68.2376561164856
-75.9882517709311,52.04954383152209,68.2376561164856
-75.99247331626293,52.150966619767125,68.2376561164856
-75.99247331626293,52.150966619767125,68.2376561164856
-75.99247331626293,52.150966619767125,68.2376561164856
-75.99247331626293,52.150966619767125,68.2376561164856
-75.99247331626293,52.150966619767125,68.2376561164856
-75.99247331626293,52.150966619767125,68.2376561164856
-75.99247331626293,52.150966619767125,68.2376561164856
-75.9518443373365,52.24687771122798,68.2376561164856
-75.9518443373365,52.24687771122798,68.2376561164856
-75.9518443373365,52.24687771122798,68.2376561164856
-75.9518443373365,52.24687771122798,68.2376561164856
-75.9518443373365,52.24687771122798,68.2376561164856
-75.9518443373365,52.24687771122798,68.2376561164856
-75.87659515138753,52.37706944082424,68.2376561164856
-75.87659515138753,52.37706944082424,68.2376561164856
-75.87659515138753,52.37706944082424,68.2376561164856
-75.87659515138753,52.37706944082424,68.2376561164856
-75.87659515138753,52.37706944082424,68.2376561164856
-75.78097022344222,52.4760003782689,68.2376561164856
-75.78097022344222,52.4760003782689,68.2376561164856
-75.78097022344222,52.4760003782689,68.2376561164856
-75.78097022344222,52.4760003782689,68.2376561164856
-75.78097022344222,52.4760003782689,68.2376561164856
-75.74920871809901,52.48081029463525,68.2376561164856
-75.74920871809901,52.48081029463525,68.2376561164856
-75.74920871809901,52.48081029463525,68.2376561164856
-75.74920871809901,52.48081029463525,68.2376561164856
-75.74920871809901,52.48081029463525,68.2376561164856
-75.6295942586681,52.558190232578994,68.2376561164856
-75.6295942586681,52.558190232578994,68.2376561164856
-75.6295942586681,52.558190232578994,68.2376561164856
-75.6295942586681,52.558190232578994,68.2376561164856
-75.6295942586681,52.558190232578994,68.2376561164856
-75.50797609885832,52.591193774491344,68.2376561164856
-75.50797609885832,52.591193774491344,68.2376561164856
-75.50797609885832,52.591193774491344,68.2376561164856
-75.50797609885832,52.591193774491344,68.2376561164856
-75.50797609885832,52.591193774491344,68.2376561164856
-75.50797609885832,52.591193774491344,68.2376561164856
-75.50797609885832,52.591193774491344,68.2376561164856
-75.50797609885832,52.591193774491344,68.2376561164856
-75.38511206617085,52.60858967139109,68.2376561164856
-75.38511206617085,52.60858967139109,68.2376561164856
-75.38511206617085,52.60858967139109,68.2376561164856
-75.38511206617085,52.60858967139109,68.2376561164856
-75.38511206617085,52.60858967139109,68.2376561164856
-75.29470042330223,52.60786749361039,68.2376561164856
-75.29470042330223,52.60786749361039,68.2376561164856
-75.29470042330223,52.60786749361039,68.2376561164856
-75.29470042330223,52.60786749361039,68.2376561164856
-75.29470042330223,52.60786749361039,68.2376561164856
-75.21226302586726,52.57086954332857,68.2376561164856
-75.21226302586726,52.57086954332857,68.2376561164856
-75.21226302586726,52.57086954332857,68.2376561164856
-75.21226302586726,52.57086954332857,68.2376561164856
-75.21226302586726,52.57086954332857,68.2376561164856
-75.21226302586726,52.57086954332857,68.2376561164856
-75.16944039169783,52.52714563089923,68.2376561164856
-75.16944039169783,52.52714563089923,68.2376561164856
-75.16944039169783,52.52714563089923,68.2376561164856
-75.16944039169783,52.52714563089923,68.2376561164856
-75.16944039169783,52.52714563089923,68.2376561164856
-75.16944039169783,52.52714563089923,68.2376561164856
-75.12492724007592,52.483526585039236,68.2376561164856
-75.12492724007592,52.483526585039236,68.2376561164856
-75.12492724007592,52.483526585039236,68.2376561164856
-75.12492724007592,52.483526585039236,68.2376561164856
-75.12492724007592,52.483526585039236,68.2376561164856
-75.09673310048913,52.44193850362247,68.2376561164856
-75.09673310048913,52.44193850362247,68.2376561164856
-75.09673310048913,52.44193850362247,68.2376561164856
-75.09673310048913,52.44193850362247,68.2376561164856
-75.09673310048913,52.44193850362247,68.2376561164856
-75.06047213288197,52.40860850048717,68.2376561164856
-75.06047213288197,52.40860850048717,68.2376561164856
-75.06047213288197,52.40860850048717,68.2376561164856
-75.06047213288197,52.40860850048717,68.2376561164856
-75.06047213288197,52.40860850048717,68.2376561164856
-74.9817228570444,52.37634516312541,68.2376561164856
-74.9817228570444,52.37634516312541,68.2376561164856
-74.9817228570444,52.37634516312541,68.2376561164856
-74.9817228570444,52.37634516312541,68.2376561164856
-74.9817228570444,52.37634516312541,68.2376561164856
-74.9817228570444,52.37634516312541,68.2376561164856
-74.90605042672202,52.299219677372854,68.2376561164856
-74.90605042672202,52.299219677372854,68.2376561164856
-74.90605042672202,52.299219677372854,68.2376561164856
-74.90605042672202,52.299219677372854,68.2376561164856
-74.90605042672202,52.299219677372854,68.2376561164856
-74.91441720127223,52.28614266546687,68.2376561164856
-74.91441720127223,52.28614266546687,68.2376561164856
-74.91441720127223,52.28614266546687,68.2376561164856
-74.91441720127223,52.28614266546687,68.2376561164856
-74.88730976257621,52.302415455711575,68.2376561164856
-74.88730976257621,52.302415455711575,68.2376561164856
-74.88730976257621,52.302415455711575,68.2376561164856
-74.88730976257621,52.302415455711575,68.2376561164856
-74.88730976257621,52.302415455711575,68.2376561164856
-74.88730976257621,52.302415455711575,68.2376561164856
-74.87050422183245,52.32756879654862,68.2376561164856
-74.87050422183245,52.32756879654862,68.2376561164856
-74.87050422183245,52.32756879654862,68.2376561164856
-74.87050422183245,52.32756879654862,68.2376561164856
-74.87050422183245,52.32756879654862,68.2376561164856
-74.87050422183245,52.32756879654862,68.2376561164856
-74.83810290392339,52.35318685131077,68.2376561164856
-74.83810290392339,52.35318685131077,68.2376561164856
-74.83810290392339,52.35318685131077,68.2376561164856
-74.83810290392339,52.35318685131077,68.2376561164856
-74.83810290392339,52.35318685131077,68.2376561164856
-74.82666500472834,52.39111224308222,68.2376561164856
-74.82666500472834,52.39111224308222,68.2376561164856
-74.82666500472834,52.39111224308222,68.2376561164856
-74.82666500472834,52.39111224308222,68.2376561164856
-74.82666500472834,52.39111224308222,68.2376561164856
-74.79940162089127,52.41497548240128,68.2376561164856
-74.79940162089127,52.41497548240128,68.2376561164856
-74.79940162089127,52.41497548240128,68.2376561164856
-74.79940162089127,52.41497548240128,68.2376561164856
-74.78936696556879,52.437105776719584,68.2376561164856
-74.78936696556879,52.437105776719584,68.2376561164856
-74.78936696556879,52.437105776719584,68.2376561164856
-74.78936696556879,52.437105776719584,68.2376561164856
-74.78936696556879,52.437105776719584,68.2376561164856
-74.78936696556879,52.437105776719584,68.2376561164856
-74.77186380477964,52.45688963147211,68.2376561164856
-74.77186380477964,52.45688963147211,68.2376561164856
-74.77186380477964,52.45688963147211,68.2376561164856
-74.77186380477964,52.45688963147211,68.2376561164856
-74.77186380477964,52.45688963147211,68.2376561164856
-74.76928454706946,52.47000160743347,68.2376561164856
-74.76928454706946,52.47000160743347,68.2376561164856
-74.76928454706946,52.47000160743347,68.2376561164856
-74.76928454706946,52.47000160743347,68.2376561164856
-74.76928454706946,52.47000160743347,68.2376561164856
-74.75227028026677,52.48237329262434,68.2376561164856
-74.75227028026677,52.48237329262434,68.2376561164856
-74.75227028026677,52.48237329262434,68.2376561164856
-74.75227028026677,52.48237329262434,68.2376561164856
-74.75227028026677,52.48237329262434,68.2376561164856
-74.71716533353647,52.49637807284465,68.2376561164856
-74.71716533353647,52.49637807284465,68.2376561164856
-74.71716533353647,52.49637807284465,68.2376561164856
-74.71716533353647,52.49637807284465,68.2376561164856
-74.71716533353647,52.49637807284465,68.2376561164856
-74.71716533353647,52.49637807284465,68.2376561164856
-74.70783627481049,52.517014667972305,68.2376561164856
-74.70783627481049,52.517014667972305,68.2376561164856
-74.70783627481049,52.517014667972305,68.2376561164856
-74.70783627481049,52.517014667972305,68.2376561164856
-74.70783627481049,52.517014667972305,68.2376561164856
-74.70783627481049,52.517014667972305,68.2376561164856
-74.68130721982688,52.53844911780301,68.2376561164856
-74.68130721982688,52.53844911780301,68.2376561164856
-74.68130721982688,52.53844911780301,68.2376561164856
-74.68130721982688,52.53844911780301,68.2376561164856
-74.68130721982688,52.53844911780301,68.2376561164856
-74.64901747154418,52.55573532858081,68.2376561164856
-74.64901747154418,52.55573532858081,68.2376561164856
-74.64901747154418,52.55573532858081,68.2376561164856
-74.64901747154418,52.55573532858081,68.2376561164856
-74.64901747154418,52.55573532858081,68.2376561164856
-74.62199430387246,52.57294453204291,68.2376561164856
-74.62199430387246,52.57294453204291,68.2376561164856
-74.62199430387246,52.57294453204291,68.2376561164856
-74.62199430387246,52.57294453204291,68.2376561164856
-74.62199430387246,52.57294453204291,68.2376561164856
-74.62199430387246,52.57294453204291,68.2376561164856
-74.60568112571603,52.588881829269255,68.2376561164856
-74.60568112571603,52.588881829269255,68.2376561164856
-74.60568112571603,52.588881829269255,68.2376561164856
-74.60568112571603,52.588881829269255,68.2376561164856
-74.5430071221724,52.60948540983878,68.2376561164856
-74.5430071221724,52.60948540983878,68.2376561164856
-74.5430071221724,52.60948540983878,68.2376561164856
-74.5430071221724,52.60948540983878,68.2376561164856
-74.5430071221724,52.60948540983878,68.2376561164856
-74.5430071221724,52.60948540983878,68.2376561164856
-74.50237269508577,52.620773604457796,68.2376561164856
-74.50237269508577,52.620773604457796,68.2376561164856
-74.50237269508577,52.620773604457796,68.2376561164856
-74.50237269508577,52.620773604457796,68.2376561164856
-74.50237269508577,52.620773604457796,68.2376561164856
-74.45246544883656,52.649283505537845,68.2376561164856
-74.45246544883656,52.649283505537845,68.2376561164856
-74.45246544883656,52.649283505537845,68.2376561164856
-74.45246544883656,52.649283505537845,68.2376561164856
-74.45246544883656,52.649283505537845,68.2376561164856
-74.37431571733495,52.71741038268162,68.2376561164856
-74.37431571733495,52.71741038268162,68.2376561164856
-74.37431571733495,52.71741038268162,68.2376561164856
-74.37431571733495,52.71741038268162,68.2376561164856
-74.37431571733495,52.71741038268162,68.2376561164856
-74.37431571733495,52.71741038268162,68.2376561164856
-74.3233155816168,52.738501281054106,68.2376561164856
-74.3233155816168,52.738501281054106,68.2376561164856
-74.3233155816168,52.738501281054106,68.2376561164856
-74.3233155816168,52.738501281054106,68.2376561164856
-74.3233155816168,52.738501281054106,68.2376561164856
-74.26693131858246,52.75939673558335,68.2376561164856
-74.26693131858246,52.75939673558335,68.2376561164856
-74.26693131858246,52.75939673558335,68.2376561164856
-74.26693131858246,52.75939673558335,68.2376561164856
-74.26693131858246,52.75939673558335,68.2376561164856
-74.26693131858246,52.75939673558335,68.2376561164856
-74.2210327644744,52.78665263254352,68.2376561164856
-74.2210327644744,52.78665263254352,68.2376561164856
-74.2210327644744,52.78665263254352,68.2376561164856
-74.2210327644744,52.78665263254352,68.2376561164856
-74.2210327644744,52.78665263254352,68.2376561164856
-74.2210327644744,52.78665263254352,68.2376561164856
-74.16286187260104,52.80948521819411,68.2376561164856
-74.16286187260104,52.80948521819411,68.2376561164856
-74.16286187260104,52.80948521819411,68.2376561164856
-74.16286187260104,52.80948521819411,68.2376561164856
-74.16286187260104,52.80948521819411,68.2376561164856
-74.10631318159602,52.84502650951187,68.2376561164856
-74.10631318159602,52.84502650951187,68.2376561164856
-74.10631318159602,52.84502650951187,68.2376561164856
-74.10631318159602,52.84502650951187,68.2376561164856
-74.10631318159602,52.84502650951187,68.2376561164856
-74.10631318159602,52.84502650951187,68.2376561164856
-74.0234224063919,52.894479048040566,68.2376561164856
-74.0234224063919,52.894479048040566,68.2376561164856
-74.0234224063919,52.894479048040566,68.2376561164856
-74.0234224063919,52.894479048040566,68.2376561164856
-74.0234224063919,52.894479048040566,68.2376561164856
-73.95335938386701,52.928107886275924,68.2376561164856
-73.95335938386701,52.928107886275924,68.2376561164856
-73.95335938386701,52.928107886275924,68.2376561164856
-73.95335938386701,52.928107886275924,68.2376561164856
-73.95335938386701,52.928107886275924,68.2376561164856
-73.90883578605826,52.95992154613712,68.2376561164856
-73.90883578605826,52.95992154613712,68.2376561164856
-73.90883578605826,52.95992154613712,68.2376561164856
-73.90883578605826,52.95992154613712,68.2376561164856
-73.90883578605826,52.95992154613712,68.2376561164856
-73.83611188251815,52.99249520344941,68.2376561164856
-73.83611188251815,52.99249520344941,68.2376561164856
-73.83611188251815,52.99249520344941,68.2376561164856
-73.83611188251815,52.99249520344941,68.2376561164856
-73.83611188251815,52.99249520344941,68.2376561164856
-73.75829355407518,53.03411394459004,68.2376561164856
-73.75829355407518,53.03411394459004,68.2376561164856
-73.75829355407518,53.03411394459004,68.2376561164856
-73.75829355407518,53.03411394459004,68.2376561164856
-73.75829355407518,53.03411394459004,68.2376561164856
-73.68789314220943,53.070397158214924,68.2376561164856
-73.68789314220943,53.070397158214924,68.2376561164856
-73.68789314220943,53.070397158214924,68.2376561164856
-73.68789314220943,53.070397158214924,68.2376561164856
-73.68789314220943,53.070397158214924,68.2376561164856
-73.60235123879397,53.10703110201523,68.2376561164856
-73.60235123879397,53.10703110201523,68.2376561164856
-73.60235123879397,53.10703110201523,68.2376561164856
-73.60235123879397,53.10703110201523,68.2376561164856
-73.60235123879397,53.10703110201523,68.2376561164856
-73.60235123879397,53.10703110201523,68.2376561164856
-73.60235123879397,53.10703110201523,68.2376561164856
-73.53196861841043,53.14262456596416,68.2376561164856
-73.53196861841043,53.14262456596416,68.2376561164856
-73.53196861841043,53.14262456596416,68.2376561164856
-73.53196861841043,53.14262456596416,68.2376561164856
-73.53196861841043,53.14262456596416,68.2376561164856
-73.42940292910079,53.18673972724617,68.2376561164856
-73.42940292910079,53.18673972724617,68.2376561164856
-73.42940292910079,53.18673972724617,68.2376561164856
-73.42940292910079,53.18673972724617,68.2376561164856
-73.42940292910079,53.18673972724617,68.2376561164856
-73.42940292910079,53.18673972724617,68.2376561164856
-73.33713355590253,53.231483902538166,68.2376561164856
-73.33713355590253,53.231483902538166,68.2376561164856
-73.33713355590253,53.231483902538166,68.2376561164856
-73.33713355590253,53.231483902538166,68.2376561164856
-73.33713355590253,53.231483902538166,68.2376561164856
-73.33713355590253,53.231483902538166,68.2376561164856
-73.33713355590253,53.231483902538166,68.2376561164856
-73.26187661077297,53.260225653519974,68.2376561164856
-73.26187661077297,53.260225653519974,68.2376561164856
-73.26187661077297,53.260225653519974,68.2376561164856
-73.26187661077297,53.260225653519974,68.2376561164856
-73.26187661077297,53.260225653519974,68.2376561164856
-73.26187661077297,53.260225653519974,68.2376561164856
-73.26187661077297,53.260225653519974,68.2376561164856
-73.11806468362424,53.31452461934914,68.2376561164856
-73.11806468362424,53.31452461934914,68.2376561164856
-73.11806468362424,53.31452461934914,68.2376561164856
-73.11806468362424,53.31452461934914,68.2376561164856
-73.11806468362424,53.31452461934914,68.2376561164856
-73.11806468362424,53.31452461934914,68.2376561164856
-73.11806468362424,53.31452461934914,68.2376561164856
-73.11806468362424,53.31452461934914,68.2376561164856
-72.9675118163381,53.35726474801118,68.2376561164856
-72.9675118163381,53.35726474801118,68.2376561164856
-72.9675118163381,53.35726474801118,68.2376561164856
-72.9675118163381,53.35726474801118,68.2376561164856
-72.9675118163381,53.35726474801118,68.2376561164856
-72.9675118163381,53.35726474801118,68.2376561164856
-72.9675118163381,53.35726474801118,68.2376561164856
-72.9675118163381,53.35726474801118,68.2376561164856
-72.7934580241466,53.409200055956504,68.2376561164856
-72.7934580241466,53.409200055956504,68.2376561164856
-72.7934580241466,53.409200055956504,68.2376561164856
-72.7934580241466,53.409200055956504,68.2376561164856
-72.7934580241466,53.409200055956504,68.2376561164856
-72.7934580241466,53.409200055956504,68.2376561164856
-72.7934580241466,53.409200055956504,68.2376561164856
-72.60974382780692,53.45823408641975,68.2376561164856
-72.60974382780692,53.45823408641975,68.2376561164856
-72.60974382780692,53.45823408641975,68.2376561164856
-72.60974382780692,53.45823408641975,68.2376561164856
-72.60974382780692,53.45823408641975,68.2376561164856
-72.60974382780692,53.45823408641975,68.2376561164856
-72.44951915738929,53.49909961090447,68.2376561164856
-72.44951915738929,53.49909961090447,68.2376561164856
-72.44951915738929,53.49909961090447,68.2376561164856
-72.44951915738929,53.49909961090447,68.2376561164856
-72.44951915738929,53.49909961090447,68.2376561164856
-72.33257721113459,53.52897385439774,68.2376561164856
-72.33257721113459,53.52897385439774,68.2376561164856
-72.33257721113459,53.52897385439774,68.2376561164856
-72.33257721113459,53.52897385439774,68.2376561164856
-72.33257721113459,53.52897385439774,68.2376561164856
-72.33257721113459,53.52897385439774,68.2376561164856
-72.33257721113459,53.52897385439774,68.2376561164856
-72.16581513076463,53.567146946646744,68.2376561164856
-72.16581513076463,53.567146946646744,68.2376561164856
-72.16581513076463,53.567146946646744,68.2376561164856
-72.16581513076463,53.567146946646744,68.2376561164856
-72.16581513076463,53.567146946646744,68.2376561164856
-72.16581513076463,53.567146946646744,68.2376561164856
-72.16581513076463,53.567146946646744,68.2376561164856
-72.05199237336181,53.593883128136625,68.2376561164856
-72.05199237336181,53.593883128136625,68.2376561164856
-72.05199237336181,53.593883128136625,68.2376561164856
-72.05199237336181,53.593883128136625,68.2376561164856
-72.05199237336181,53.593883128136625,68.2376561164856
-72.05199237336181,53.593883128136625,68.2376561164856
-71.84572156142389,53.64499547273162,68.2376561164856
-71.84572156142389,53.64499547273162,68.2376561164856
-71.84572156142389,53.64499547273162,68.2376561164856
-71.84572156142389,53.64499547273162,68.2376561164856
-71.84572156142389,53.64499547273162,68.2376561164856
-71.84572156142389,53.64499547273162,68.2376561164856
-71.7127411364163,53.66874963654944,68.2376561164856
-71.7127411364163,53.66874963654944,68.2376561164856
-71.7127411364163,53.66874963654944,68.2376561164856
-71.7127411364163,53.66874963654944,68.2376561164856
-71.7127411364163,53.66874963654944,68.2376561164856
-71.7127411364163,53.66874963654944,68.2376561164856
-71.55234276826253,53.69682382425833,68.2376561164856
-71.55234276826253,53.69682382425833,68.2376561164856
-71.55234276826253,53.69682382425833,68.2376561164856
-71.55234276826253,53.69682382425833,68.2376561164856
-71.55234276826253,53.69682382425833,68.2376561164856
-71.55234276826253,53.69682382425833,68.2376561164856
-71.55234276826253,53.69682382425833,68.2376561164856
-71.37454609650067,53.738000612666745,68.2376561164856
-71.37454609650067,53.738000612666745,68.2376561164856
-71.37454609650067,53.738000612666745,68.2376561164856
-71.37454609650067,53.738000612666745,68.2376561164856
-71.37454609650067,53.738000612666745,68.2376561164856
-71.37454609650067,53.738000612666745,68.2376561164856
-71.37454609650067,53.738000612666745,68.2376561164856
-71.24397011428105,53.76556376855653,68.2376561164856
-71.24397011428105,53.76556376855653,68.2376561164856
-71.24397011428105,53.76556376855653,68.2376561164856
-71.24397011428105,53.76556376855653,68.2376561164856
-71.24397011428105,53.76556376855653,68.2376561164856
-71.24397011428105,53.76556376855653,68.2376561164856
-71.05968571553959,53.794026381402126,68.2376561164856
-71.05968571553959,53.794026381402126,68.2376561164856
-71.05968571553959,53.794026381402126,68.2376561164856
-71.05968571553959,53.794026381402126,68.2376561164856
-71.05968571553959,53.794026381402126,68.2376561164856
-71.05968571553959,53.794026381402126,68.2376561164856
-70.93937400798777,53.82285708787079,68.2376561164856
-70.93937400798777,53.82285708787079,68.2376561164856
-70.93937400798777,53.82285708787079,68.2376561164856
-70.93937400798777,53.82285708787079,68.2376561164856
-70.93937400798777,53.82285708787079,68.2376561164856
-70.93937400798777,53.82285708787079,68.2376561164856
-70.74665206299966,53.85029934617559,68.2376561164856
-70.74665206299966,53.85029934617559,68.2376561164856
-70.74665206299966,53.85029934617559,68.2376561164856
-70.74665206299966,53.85029934617559,68.2376561164856
-70.74665206299966,53.85029934617559,68.2376561164856
-70.74665206299966,53.85029934617559,68.2376561164856
-70.62966069561004,53.86624212760124,68.2376561164856
-70.62966069561004,53.86624212760124,68.2376561164856
-70.62966069561004,53.86624212760124,68.2376561164856
-70.62966069561004,53.86624212760124,68.2376561164856
-70.62966069561004,53.86624212760124,68.2376561164856
-70.62966069561004,53.86624212760124,68.2376561164856
-70.45760836875085,53.87992130645079,68.2376561164856
-70.45760836875085,53.87992130645079,68.2376561164856
-70.45760836875085,53.87992130645079,68.2376561164856
-70.45760836875085,53.87992130645079,68.2376561164856
-70.45760836875085,53.87992130645079,68.2376561164856
-70.45760836875085,53.87992130645079,68.2376561164856
-70.45760836875085,53.87992130645079,68.2376561164856
