x,y,lap_time_s
-65.00699576113385,53.2896020132088,50.85574412345886
-64.87482121907951,53.238532442675904,50.85574412345886
-64.697059044399,53.188997810934865,50.85574412345886
-64.57324855488582,53.126917208232484,50.85574412345886
-64.46357945919817,53.063435526393,50.85574412345886
-64.3210042348697,52.994216639677205,50.85574412345886
-64.20837463120333,52.93592038038414,50.85574412345886
-64.15871565412425,52.93167761726986,50.85574412345886
-64.17525631756723,52.951285984572436,50.85574412345886
-64.19274773106179,52.96118475160276,50.85574412345886
-64.19274773106179,52.96118475160276,50.85574412345886
-64.19274773106179,52.96118475160276,50.85574412345886
-64.17768075064336,52.96722453242595,50.85574412345886
-64.17768075064336,52.96722453242595,50.85574412345886
-64.17768075064336,52.96722453242595,50.85574412345886
-64.17768075064336,52.96722453242595,50.85574412345886
-64.17768075064336,52.96722453242595,50.85574412345886
-64.17768075064336,52.96722453242595,50.85574412345886
-64.20470152092356,52.97227233637983,50.85574412345886
-64.20470152092356,52.97227233637983,50.85574412345886
-64.20470152092356,52.97227233637983,50.85574412345886
-64.20470152092356,52.97227233637983,50.85574412345886
-64.20470152092356,52.97227233637983,50.85574412345886
-64.22168890764567,52.97701653935558,50.85574412345886
-64.22168890764567,52.97701653935558,50.85574412345886
-64.22168890764567,52.97701653935558,50.85574412345886
-64.22168890764567,52.97701653935558,50.85574412345886
-64.22168890764567,52.97701653935558,50.85574412345886
-64.22168890764567,52.97701653935558,50.85574412345886
-64.20725015352748,52.97276959374976,50.85574412345886
-64.20725015352748,52.97276959374976,50.85574412345886
-64.20725015352748,52.97276959374976,50.85574412345886
-64.20725015352748,52.97276959374976,50.85574412345886
-64.20725015352748,52.97276959374976,50.85574412345886
-64.21980817532184,52.97621415797943,50.85574412345886
-64.21980817532184,52.97621415797943,50.85574412345886
-64.21980817532184,52.97621415797943,50.85574412345886
-64.21980817532184,52.97621415797943,50.85574412345886
-64.21980817532184,52.97621415797943,50.85574412345886
-64.21980817532184,52.97621415797943,50.85574412345886
-64.20929263095293,52.97601298402265,50.85574412345886
-64.20929263095293,52.97601298402265,50.85574412345886
-64.20929263095293,52.97601298402265,50.85574412345886
-64.20929263095293,52.97601298402265,50.85574412345886
-64.20929263095293,52.97601298402265,50.85574412345886
-64.17635677863132,52.98451443546627,50.85574412345886
-64.17635677863132,52.98451443546627,50.85574412345886
-64.17635677863132,52.98451443546627,50.85574412345886
-64.17635677863132,52.98451443546627,50.85574412345886
-64.17635677863132,52.98451443546627,50.85574412345886
-64.17635677863132,52.98451443546627,50.85574412345886
-64.15217170432192,52.99519560440756,50.85574412345886
-64.15217170432192,52.99519560440756,50.85574412345886
-64.15217170432192,52.99519560440756,50.85574412345886
-64.15217170432192,52.99519560440756,50.85574412345886
-64.15217170432192,52.99519560440756,50.85574412345886
-64.1838447971597,53.00089840675523,50.85574412345886
-64.1838447971597,53.00089840675523,50.85574412345886
-64.1838447971597,53.00089840675523,50.85574412345886
-64.1838447971597,53.00089840675523,50.85574412345886
-64.1838447971597,53.00089840675523,50.85574412345886
-64.1838447971597,53.00089840675523,50.85574412345886
-64.16236628411964,53.00960837171184,50.85574412345886
-64.16236628411964,53.00960837171184,50.85574412345886
-64.16236628411964,53.00960837171184,50.85574412345886
-64.16236628411964,53.00960837171184,50.85574412345886
-64.16236628411964,53.00960837171184,50.85574412345886
-64.16236628411964,53.00960837171184,50.85574412345886
-64.16020943550322,53.03018247116133,50.85574412345886
-64.16020943550322,53.03018247116133,50.85574412345886
-64.16020943550322,53.03018247116133,50.85574412345886
-64.16020943550322,53.03018247116133,50.85574412345886
-64.16020943550322,53.03018247116133,50.85574412345886
-64.16020943550322,53.03018247116133,50.85574412345886
-64.10583645307958,53.04757155360836,50.85574412345886
-64.10583645307958,53.04757155360836,50.85574412345886
-64.10583645307958,53.04757155360836,50.85574412345886
-64.10583645307958,53.04757155360836,50.85574412345886
-64.10583645307958,53.04757155360836,50.85574412345886
-64.0649216397234,53.076467336816876,50.85574412345886
-64.0649216397234,53.076467336816876,50.85574412345886
-64.0649216397234,53.076467336816876,50.85574412345886
-64.0649216397234,53.076467336816876,50.85574412345886
-64.0649216397234,53.076467336816876,50.85574412345886
-64.0649216397234,53.076467336816876,50.85574412345886
-64.04057332914849,53.1035286409853,50.85574412345886
-64.04057332914849,53.1035286409853,50.85574412345886
-64.04057332914849,53.1035286409853,50.85574412345886
-64.04057332914849,53.1035286409853,50.85574412345886
-64.04057332914849,53.1035286409853,50.85574412345886
-64.04057332914849,53.1035286409853,50.85574412345886
-63.954451423645956,53.130745227849935,50.85574412345886
-63.954451423645956,53.130745227849935,50.85574412345886
-63.954451423645956,53.130745227849935,50.85574412345886
-63.954451423645956,53.130745227849935,50.85574412345886
-63.954451423645956,53.130745227849935,50.85574412345886
-63.920383299642026,53.154554919409094,50.85574412345886
-63.920383299642026,53.154554919409094,50.85574412345886
-63.920383299642026,53.154554919409094,50.85574412345886
-63.920383299642026,53.154554919409094,50.85574412345886
-63.920383299642026,53.154554919409094,50.85574412345886
-63.920383299642026,53.154554919409094,50.85574412345886
-63.920383299642026,53.154554919409094,50.85574412345886
-63.920383299642026,53.154554919409094,50.85574412345886
-63.90228319151967,53.175242075096726,50.85574412345886
-63.90228319151967,53.175242075096726,50.85574412345886
-63.90228319151967,53.175242075096726,50.85574412345886
-63.90228319151967,53.175242075096726,50.85574412345886
-63.90228319151967,53.175242075096726,50.85574412345886
-63.84377237813542,53.21560716305656,50.85574412345886
-63.84377237813542,53.21560716305656,50.85574412345886
-63.84377237813542,53.21560716305656,50.85574412345886
-63.84377237813542,53.21560716305656,50.85574412345886
-63.84377237813542,53.21560716305656,50.85574412345886
-63.7499876058869,53.25555476000378,50.85574412345886
-63.7499876058869,53.25555476000378,50.85574412345886
-63.7499876058869,53.25555476000378,50.85574412345886
-63.7499876058869,53.25555476000378,50.85574412345886
-63.7499876058869,53.25555476000378,50.85574412345886
-63.7499876058869,53.25555476000378,50.85574412345886
-63.59730951957475,53.29517022848837,50.85574412345886
-63.59730951957475,53.29517022848837,50.85574412345886
-63.59730951957475,53.29517022848837,50.85574412345886
-63.59730951957475,53.29517022848837,50.85574412345886
-63.59730951957475,53.29517022848837,50.85574412345886
-63.59730951957475,53.29517022848837,50.85574412345886
-63.50191410269286,53.3354313655215,50.85574412345886
-63.50191410269286,53.3354313655215,50.85574412345886
-63.50191410269286,53.3354313655215,50.85574412345886
-63.50191410269286,53.3354313655215,50.85574412345886
-63.50191410269286,53.3354313655215,50.85574412345886
-63.50191410269286,53.3354313655215,50.85574412345886
-63.48589603330697,53.365123861684694,50.85574412345886
-63.48589603330697,53.365123861684694,50.85574412345886
-63.48589603330697,53.365123861684694,50.85574412345886
-63.48589603330697,53.365123861684694,50.85574412345886
-63.48589603330697,53.365123861684694,50.85574412345886
-63.48589603330697,53.365123861684694,50.85574412345886
-63.34097249747855,53.41242348955843,50.85574412345886
-63.34097249747855,53.41242348955843,50.85574412345886
-63.34097249747855,53.41242348955843,50.85574412345886
-63.34097249747855,53.41242348955843,50.85574412345886
-63.34097249747855,53.41242348955843,50.85574412345886
-63.34097249747855,53.41242348955843,50.85574412345886
-63.23502777053634,53.4399638049332,50.85574412345886
-63.23502777053634,53.4399638049332,50.85574412345886
-63.23502777053634,53.4399638049332,50.85574412345886
-63.23502777053634,53.4399638049332,50.85574412345886
-63.23502777053634,53.4399638049332,50.85574412345886
-63.23502777053634,53.4399638049332,50.85574412345886
-63.23502777053634,53.4399638049332,50.85574412345886
-63.12164095643289,53.465762821052664,50.85574412345886
-63.12164095643289,53.465762821052664,50.85574412345886
-63.12164095643289,53.465762821052664,50.85574412345886
-63.12164095643289,53.465762821052664,50.85574412345886
-63.12164095643289,53.465762821052664,50.85574412345886
-63.12164095643289,53.465762821052664,50.85574412345886
-63.02891114715486,53.51470399915209,50.85574412345886
-63.02891114715486,53.51470399915209,50.85574412345886
-63.02891114715486,53.51470399915209,50.85574412345886
-63.02891114715486,53.51470399915209,50.85574412345886
-63.02891114715486,53.51470399915209,50.85574412345886
-62.96737756736162,53.5401341287058,50.85574412345886
-62.96737756736162,53.5401341287058,50.85574412345886
-62.96737756736162,53.5401341287058,50.85574412345886
-62.96737756736162,53.5401341287058,50.85574412345886
-62.96737756736162,53.5401341287058,50.85574412345886
-62.96737756736162,53.5401341287058,50.85574412345886
-62.867027518422766,53.57085024295413,50.85574412345886
-62.867027518422766,53.57085024295413,50.85574412345886
-62.867027518422766,53.57085024295413,50.85574412345886
-62.867027518422766,53.57085024295413,50.85574412345886
-62.867027518422766,53.57085024295413,50.85574412345886
-62.867027518422766,53.57085024295413,50.85574412345886
-62.70218046272016,53.605589951770604,50.85574412345886
-62.70218046272016,53.605589951770604,50.85574412345886
-62.70218046272016,53.605589951770604,50.85574412345886
-62.70218046272016,53.605589951770604,50.85574412345886
-62.70218046272016,53.605589951770604,50.85574412345886
-62.61204935592367,53.62567941467852,50.85574412345886
-62.61204935592367,53.62567941467852,50.85574412345886
-62.61204935592367,53.62567941467852,50.85574412345886
-62.61204935592367,53.62567941467852,50.85574412345886
-62.61204935592367,53.62567941467852,50.85574412345886
-62.61204935592367,53.62567941467852,50.85574412345886
-62.61204935592367,53.62567941467852,50.85574412345886
-62.5101491207004,53.650529820550474,50.85574412345886
-62.5101491207004,53.650529820550474,50.85574412345886
-62.5101491207004,53.650529820550474,50.85574412345886
-62.5101491207004,53.650529820550474,50.85574412345886
-62.5101491207004,53.650529820550474,50.85574412345886
-62.5101491207004,53.650529820550474,50.85574412345886
-62.41845292720027,53.676112320840836,50.85574412345886
-62.41845292720027,53.676112320840836,50.85574412345886
-62.41845292720027,53.676112320840836,50.85574412345886
-62.41845292720027,53.676112320840836,50.85574412345886
-62.41845292720027,53.676112320840836,50.85574412345886
-62.334908794218315,53.69504853189253,50.85574412345886
-62.334908794218315,53.69504853189253,50.85574412345886
-62.334908794218315,53.69504853189253,50.85574412345886
-62.334908794218315,53.69504853189253,50.85574412345886
-62.334908794218315,53.69504853189253,50.85574412345886
-62.334908794218315,53.69504853189253,50.85574412345886
-62.334908794218315,53.69504853189253,50.85574412345886
-62.129493627208845,53.72529289003566,50.85574412345886
-62.129493627208845,53.72529289003566,50.85574412345886
-62.129493627208845,53.72529289003566,50.85574412345886
-62.129493627208845,53.72529289003566,50.85574412345886
-62.129493627208845,53.72529289003566,50.85574412345886
-62.129493627208845,53.72529289003566,50.85574412345886
-62.02242820519163,53.74468116580638,50.85574412345886
-62.02242820519163,53.74468116580638,50.85574412345886
-62.02242820519163,53.74468116580638,50.85574412345886
-62.02242820519163,53.74468116580638,50.85574412345886
-62.02242820519163,53.74468116580638,50.85574412345886
-62.02242820519163,53.74468116580638,50.85574412345886
-61.911547833786024,53.7632172935129,50.85574412345886
-61.911547833786024,53.7632172935129,50.85574412345886
-61.911547833786024,53.7632172935129,50.85574412345886
-61.911547833786024,53.7632172935129,50.85574412345886
-61.911547833786024,53.7632172935129,50.85574412345886
-61.911547833786024,53.7632172935129,50.85574412345886
-61.836655513675424,53.77237941874691,50.85574412345886
-61.836655513675424,53.77237941874691,50.85574412345886
-61.836655513675424,53.77237941874691,50.85574412345886
-61.836655513675424,53.77237941874691,50.85574412345886
-61.836655513675424,53.77237941874691,50.85574412345886
-61.836655513675424,53.77237941874691,50.85574412345886
-61.75985996031887,53.77970499967824,50.85574412345886
-61.75985996031887,53.77970499967824,50.85574412345886
-61.75985996031887,53.77970499967824,50.85574412345886
-61.75985996031887,53.77970499967824,50.85574412345886
-61.75985996031887,53.77970499967824,50.85574412345886
-61.75985996031887,53.77970499967824,50.85574412345886
-61.59886981267491,53.79466536696183,50.85574412345886
-61.59886981267491,53.79466536696183,50.85574412345886
-61.59886981267491,53.79466536696183,50.85574412345886
-61.59886981267491,53.79466536696183,50.85574412345886
-61.59886981267491,53.79466536696183,50.85574412345886
-61.59886981267491,53.79466536696183,50.85574412345886
-61.59886981267491,53.79466536696183,50.85574412345886
-61.52941304831959,53.795537051856826,50.85574412345886
-61.52941304831959,53.795537051856826,50.85574412345886
-61.52941304831959,53.795537051856826,50.85574412345886
-61.52941304831959,53.795537051856826,50.85574412345886
-61.52941304831959,53.795537051856826,50.85574412345886
-61.52941304831959,53.795537051856826,50.85574412345886
-61.38766057721209,53.79309672097781,50.85574412345886
-61.38766057721209,53.79309672097781,50.85574412345886
-61.38766057721209,53.79309672097781,50.85574412345886
-61.38766057721209,53.79309672097781,50.85574412345886
-61.38766057721209,53.79309672097781,50.85574412345886
-61.320526475313045,53.78536553411486,50.85574412345886
-61.320526475313045,53.78536553411486,50.85574412345886
-61.320526475313045,53.78536553411486,50.85574412345886
-61.320526475313045,53.78536553411486,50.85574412345886
-61.320526475313045,53.78536553411486,50.85574412345886
-61.320526475313045,53.78536553411486,50.85574412345886
-61.320526475313045,53.78536553411486,50.85574412345886
-61.14994558985578,53.77502240375967,50.85574412345886
-61.14994558985578,53.77502240375967,50.85574412345886
-61.14994558985578,53.77502240375967,50.85574412345886
-61.14994558985578,53.77502240375967,50.85574412345886
-61.14994558985578,53.77502240375967,50.85574412345886
-61.14994558985578,53.77502240375967,50.85574412345886
-61.03229881049035,53.766012039967,50.85574412345886
-61.03229881049035,53.766012039967,50.85574412345886
-61.03229881049035,53.766012039967,50.85574412345886
-61.03229881049035,53.766012039967,50.85574412345886
-61.03229881049035,53.766012039967,50.85574412345886
-61.03229881049035,53.766012039967,50.85574412345886
-60.89101379715233,53.75914567647024,50.85574412345886
-60.89101379715233,53.75914567647024,50.85574412345886
-60.89101379715233,53.75914567647024,50.85574412345886
-60.89101379715233,53.75914567647024,50.85574412345886
-60.89101379715233,53.75914567647024,50.85574412345886
-60.89101379715233,53.75914567647024,50.85574412345886
-60.89101379715233,53.75914567647024,50.85574412345886
-60.709904488825714,53.747231776053226,50.85574412345886
-60.709904488825714,53.747231776053226,50.85574412345886
-60.709904488825714,53.747231776053226,50.85574412345886
-60.709904488825714,53.747231776053226,50.85574412345886
-60.709904488825714,53.747231776053226,50.85574412345886
-60.709904488825714,53.747231776053226,50.85574412345886
-60.709904488825714,53.747231776053226,50.85574412345886
-60.60283396860295,53.74377090204692,50.85574412345886
-60.60283396860295,53.74377090204692,50.85574412345886
-60.60283396860295,53.74377090204692,50.85574412345886
-60.60283396860295,53.74377090204692,50.85574412345886
-60.60283396860295,53.74377090204692,50.85574412345886
-60.60283396860295,53.74377090204692,50.85574412345886
-60.35417806011064,53.726743569082466,50.85574412345886
-60.35417806011064,53.726743569082466,50.85574412345886
-60.35417806011064,53.726743569082466,50.85574412345886
-60.35417806011064,53.726743569082466,50.85574412345886
-60.35417806011064,53.726743569082466,50.85574412345886
-60.35417806011064,53.726743569082466,50.85574412345886
-60.18084961451711,53.71618509377437,50.85574412345886
-60.18084961451711,53.71618509377437,50.85574412345886
-60.18084961451711,53.71618509377437,50.85574412345886
-60.18084961451711,53.71618509377437,50.85574412345886
-60.18084961451711,53.71618509377437,50.85574412345886
-60.04174028551952,53.70408646484104,50.85574412345886
-60.04174028551952,53.70408646484104,50.85574412345886
-60.04174028551952,53.70408646484104,50.85574412345886
-60.04174028551952,53.70408646484104,50.85574412345886
-60.04174028551952,53.70408646484104,50.85574412345886
-59.88591611755347,53.69584907627634,50.85574412345886
-59.88591611755347,53.69584907627634,50.85574412345886
-59.88591611755347,53.69584907627634,50.85574412345886
-59.88591611755347,53.69584907627634,50.85574412345886
-59.88591611755347,53.69584907627634,50.85574412345886
-59.6657501611522,53.67612739980255,50.85574412345886
-59.6657501611522,53.67612739980255,50.85574412345886
-59.6657501611522,53.67612739980255,50.85574412345886
-59.6657501611522,53.67612739980255,50.85574412345886
-59.6657501611522,53.67612739980255,50.85574412345886
-59.56135386809909,53.66594030183308,50.85574412345886
-59.56135386809909,53.66594030183308,50.85574412345886
-59.56135386809909,53.66594030183308,50.85574412345886
-59.56135386809909,53.66594030183308,50.85574412345886
-59.56135386809909,53.66594030183308,50.85574412345886
-59.41399179350431,53.654607990215794,50.85574412345886
-59.41399179350431,53.654607990215794,50.85574412345886
-59.41399179350431,53.654607990215794,50.85574412345886
-59.41399179350431,53.654607990215794,50.85574412345886
-59.41399179350431,53.654607990215794,50.85574412345886
-59.25617802059333,53.63993262825457,50.85574412345886
-59.25617802059333,53.63993262825457,50.85574412345886
-59.25617802059333,53.63993262825457,50.85574412345886
-59.25617802059333,53.63993262825457,50.85574412345886
-59.25617802059333,53.63993262825457,50.85574412345886
-59.1158810166249,53.623313748446954,50.85574412345886
-59.1158810166249,53.623313748446954,50.85574412345886
-59.1158810166249,53.623313748446954,50.85574412345886
-59.1158810166249,53.623313748446954,50.85574412345886
-59.1158810166249,53.623313748446954,50.85574412345886
-58.910271101036436,53.59632121515938,50.85574412345886
-58.910271101036436,53.59632121515938,50.85574412345886
-58.910271101036436,53.59632121515938,50.85574412345886
-58.910271101036436,53.59632121515938,50.85574412345886
-58.910271101036436,53.59632121515938,50.85574412345886
-58.755937060946096,53.57901777770252,50.85574412345886
-58.755937060946096,53.57901777770252,50.85574412345886
-58.755937060946096,53.57901777770252,50.85574412345886
-58.755937060946096,53.57901777770252,50.85574412345886
-58.755937060946096,53.57901777770252,50.85574412345886
-58.67176426858114,53.574204094410064,50.85574412345886
-58.67176426858114,53.574204094410064,50.85574412345886
-58.67176426858114,53.574204094410064,50.85574412345886
-58.67176426858114,53.574204094410064,50.85574412345886
-58.67176426858114,53.574204094410064,50.85574412345886
-58.52316421193288,53.56024675225891,50.85574412345886
-58.52316421193288,53.56024675225891,50.85574412345886
-58.52316421193288,53.56024675225891,50.85574412345886
-58.52316421193288,53.56024675225891,50.85574412345886
-58.52316421193288,53.56024675225891,50.85574412345886
-58.52316421193288,53.56024675225891,50.85574412345886
-58.39053251102565,53.55006707135914,50.85574412345886
-58.39053251102565,53.55006707135914,50.85574412345886
-58.39053251102565,53.55006707135914,50.85574412345886
-58.39053251102565,53.55006707135914,50.85574412345886
-58.39053251102565,53.55006707135914,50.85574412345886
-58.15259117831852,53.525979235217015,50.85574412345886
-58.15259117831852,53.525979235217015,50.85574412345886
-58.15259117831852,53.525979235217015,50.85574412345886
-58.15259117831852,53.525979235217015,50.85574412345886
-58.15259117831852,53.525979235217015,50.85574412345886
-58.15259117831852,53.525979235217015,50.85574412345886
-58.011216152236166,53.51016687387031,50.85574412345886
-58.011216152236166,53.51016687387031,50.85574412345886
-58.011216152236166,53.51016687387031,50.85574412345886
-58.011216152236166,53.51016687387031,50.85574412345886
-58.011216152236166,53.51016687387031,50.85574412345886
-58.011216152236166,53.51016687387031,50.85574412345886
-57.82083559425544,53.48365622163878,50.85574412345886
-57.82083559425544,53.48365622163878,50.85574412345886
-57.82083559425544,53.48365622163878,50.85574412345886
-57.82083559425544,53.48365622163878,50.85574412345886
-57.82083559425544,53.48365622163878,50.85574412345886
-57.82083559425544,53.48365622163878,50.85574412345886
-57.82083559425544,53.48365622163878,50.85574412345886
-57.633901493174434,53.45754873783795,50.85574412345886
-57.633901493174434,53.45754873783795,50.85574412345886
-57.633901493174434,53.45754873783795,50.85574412345886
-57.633901493174434,53.45754873783795,50.85574412345886
-57.633901493174434,53.45754873783795,50.85574412345886
-57.500840302768204,53.430891755175146,50.85574412345886
-57.500840302768204,53.430891755175146,50.85574412345886
-57.500840302768204,53.430891755175146,50.85574412345886
-57.500840302768204,53.430891755175146,50.85574412345886
-57.500840302768204,53.430891755175146,50.85574412345886
-57.500840302768204,53.430891755175146,50.85574412345886
-57.29334348488976,53.39962481655035,50.85574412345886
-57.29334348488976,53.39962481655035,50.85574412345886
-57.29334348488976,53.39962481655035,50.85574412345886
-57.29334348488976,53.39962481655035,50.85574412345886
-57.29334348488976,53.39962481655035,50.85574412345886
-57.29334348488976,53.39962481655035,50.85574412345886
-57.14594437162063,53.380674084839164,50.85574412345886
-57.14594437162063,53.380674084839164,50.85574412345886
-57.14594437162063,53.380674084839164,50.85574412345886
-57.14594437162063,53.380674084839164,50.85574412345886
-57.14594437162063,53.380674084839164,50.85574412345886
-57.14594437162063,53.380674084839164,50.85574412345886
-56.96138930314158,53.36104881746253,50.85574412345886
-56.96138930314158,53.36104881746253,50.85574412345886
-56.96138930314158,53.36104881746253,50.85574412345886
-56.96138930314158,53.36104881746253,50.85574412345886
-56.96138930314158,53.36104881746253,50.85574412345886
-56.96138930314158,53.36104881746253,50.85574412345886
-56.728113251744084,53.33324488818742,50.85574412345886
-56.728113251744084,53.33324488818742,50.85574412345886
-56.728113251744084,53.33324488818742,50.85574412345886
-56.728113251744084,53.33324488818742,50.85574412345886
-56.728113251744084,53.33324488818742,50.85574412345886
-56.728113251744084,53.33324488818742,50.85574412345886
-56.728113251744084,53.33324488818742,50.85574412345886
-56.503788287677494,53.301875244148604,50.85574412345886
-56.503788287677494,53.301875244148604,50.85574412345886
-56.503788287677494,53.301875244148604,50.85574412345886
-56.503788287677494,53.301875244148604,50.85574412345886
-56.503788287677494,53.301875244148604,50.85574412345886
-56.503788287677494,53.301875244148604,50.85574412345886
-56.34467552665039,53.27689955976288,50.85574412345886
-56.34467552665039,53.27689955976288,50.85574412345886
-56.34467552665039,53.27689955976288,50.85574412345886
-56.34467552665039,53.27689955976288,50.85574412345886
-56.34467552665039,53.27689955976288,50.85574412345886
-56.34467552665039,53.27689955976288,50.85574412345886
-56.34467552665039,53.27689955976288,50.85574412345886
-56.34467552665039,53.27689955976288,50.85574412345886
-56.103769201967815,53.23699634971165,50.85574412345886
-56.103769201967815,53.23699634971165,50.85574412345886
-56.103769201967815,53.23699634971165,50.85574412345886
-56.103769201967815,53.23699634971165,50.85574412345886
-56.103769201967815,53.23699634971165,50.85574412345886
-55.96304771949886,53.21158938126646,50.85574412345886
-55.96304771949886,53.21158938126646,50.85574412345886
-55.96304771949886,53.21158938126646,50.85574412345886
-55.96304771949886,53.21158938126646,50.85574412345886
-55.96304771949886,53.21158938126646,50.85574412345886
-55.96304771949886,53.21158938126646,50.85574412345886
-55.816232552394354,53.17488586226285,50.85574412345886
-55.816232552394354,53.17488586226285,50.85574412345886
-55.816232552394354,53.17488586226285,50.85574412345886
-55.816232552394354,53.17488586226285,50.85574412345886
-55.816232552394354,53.17488586226285,50.85574412345886
-55.816232552394354,53.17488586226285,50.85574412345886
-55.816232552394354,53.17488586226285,50.85574412345886
-55.621074270212524,53.138034162153915,50.85574412345886
-55.621074270212524,53.138034162153915,50.85574412345886
-55.621074270212524,53.138034162153915,50.85574412345886
-55.621074270212524,53.138034162153915,50.85574412345886
-55.621074270212524,53.138034162153915,50.85574412345886
-55.621074270212524,53.138034162153915,50.85574412345886
-55.42761529760442,53.10731673660285,50.85574412345886
-55.42761529760442,53.10731673660285,50.85574412345886
-55.42761529760442,53.10731673660285,50.85574412345886
-55.42761529760442,53.10731673660285,50.85574412345886
-55.42761529760442,53.10731673660285,50.85574412345886
-55.42761529760442,53.10731673660285,50.85574412345886
-55.42761529760442,53.10731673660285,50.85574412345886
-55.27090537490683,53.08426585735288,50.85574412345886
-55.27090537490683,53.08426585735288,50.85574412345886
-55.27090537490683,53.08426585735288,50.85574412345886
-55.27090537490683,53.08426585735288,50.85574412345886
-55.27090537490683,53.08426585735288,50.85574412345886
-55.03133074106619,53.04488310191195,50.85574412345886
-55.03133074106619,53.04488310191195,50.85574412345886
-55.03133074106619,53.04488310191195,50.85574412345886
-55.03133074106619,53.04488310191195,50.85574412345886
-55.03133074106619,53.04488310191195,50.85574412345886
-54.88646926635089,53.01035508403908,50.85574412345886
-54.88646926635089,53.01035508403908,50.85574412345886
-54.88646926635089,53.01035508403908,50.85574412345886
-54.88646926635089,53.01035508403908,50.85574412345886
-54.88646926635089,53.01035508403908,50.85574412345886
-54.88646926635089,53.01035508403908,50.85574412345886
-54.75250627287983,52.97993285023646,50.85574412345886
-54.75250627287983,52.97993285023646,50.85574412345886
-54.75250627287983,52.97993285023646,50.85574412345886
-54.75250627287983,52.97993285023646,50.85574412345886
-54.75250627287983,52.97993285023646,50.85574412345886
-54.610786287514664,52.95558063603512,50.85574412345886
-54.610786287514664,52.95558063603512,50.85574412345886
-54.610786287514664,52.95558063603512,50.85574412345886
-54.610786287514664,52.95558063603512,50.85574412345886
-54.610786287514664,52.95558063603512,50.85574412345886
-54.610786287514664,52.95558063603512,50.85574412345886
-54.610786287514664,52.95558063603512,50.85574412345886
-54.610786287514664,52.95558063603512,50.85574412345886
-54.610786287514664,52.95558063603512,50.85574412345886
-54.43156136719818,52.90205133560576,50.85574412345886
-54.43156136719818,52.90205133560576,50.85574412345886
-54.43156136719818,52.90205133560576,50.85574412345886
-54.43156136719818,52.90205133560576,50.85574412345886
-54.43156136719818,52.90205133560576,50.85574412345886
-54.43156136719818,52.90205133560576,50.85574412345886
-54.43156136719818,52.90205133560576,50.85574412345886
-54.20990034093919,52.85000407818281,50.85574412345886
-54.20990034093919,52.85000407818281,50.85574412345886
-54.20990034093919,52.85000407818281,50.85574412345886
-54.20990034093919,52.85000407818281,50.85574412345886
-54.20990034093919,52.85000407818281,50.85574412345886
-54.20990034093919,52.85000407818281,50.85574412345886
-54.20990034093919,52.85000407818281,50.85574412345886
-54.20990034093919,52.85000407818281,50.85574412345886
-54.20990034093919,52.85000407818281,50.85574412345886
-53.99562560874188,52.807122608783615,50.85574412345886
-53.99562560874188,52.807122608783615,50.85574412345886
-53.99562560874188,52.807122608783615,50.85574412345886
-53.99562560874188,52.807122608783615,50.85574412345886
-53.99562560874188,52.807122608783615,50.85574412345886
-53.99562560874188,52.807122608783615,50.85574412345886
-53.99562560874188,52.807122608783615,50.85574412345886
-53.68496124988454,52.754047493329004,50.85574412345886
-53.68496124988454,52.754047493329004,50.85574412345886
-53.68496124988454,52.754047493329004,50.85574412345886
-53.68496124988454,52.754047493329004,50.85574412345886
-53.68496124988454,52.754047493329004,50.85574412345886
-53.68496124988454,52.754047493329004,50.85574412345886
-53.534768934122496,52.73002159565648,50.85574412345886
-53.534768934122496,52.73002159565648,50.85574412345886
-53.534768934122496,52.73002159565648,50.85574412345886
-53.534768934122496,52.73002159565648,50.85574412345886
-53.534768934122496,52.73002159565648,50.85574412345886
-53.534768934122496,52.73002159565648,50.85574412345886
-53.31007083753072,52.68715408259842,50.85574412345886
-53.31007083753072,52.68715408259842,50.85574412345886
-53.31007083753072,52.68715408259842,50.85574412345886
-53.31007083753072,52.68715408259842,50.85574412345886
-53.31007083753072,52.68715408259842,50.85574412345886
-53.31007083753072,52.68715408259842,50.85574412345886
-53.31007083753072,52.68715408259842,50.85574412345886
-53.16566045438758,52.65455888557986,50.85574412345886
-53.16566045438758,52.65455888557986,50.85574412345886
-53.16566045438758,52.65455888557986,50.85574412345886
-53.16566045438758,52.65455888557986,50.85574412345886
-53.16566045438758,52.65455888557986,50.85574412345886
-53.16566045438758,52.65455888557986,50.85574412345886
-53.16566045438758,52.65455888557986,50.85574412345886
-52.94023251048934,52.5991309107516,50.85574412345886
-52.94023251048934,52.5991309107516,50.85574412345886
-52.94023251048934,52.5991309107516,50.85574412345886
-52.94023251048934,52.5991309107516,50.85574412345886
-52.94023251048934,52.5991309107516,50.85574412345886
-52.94023251048934,52.5991309107516,50.85574412345886
-52.94023251048934,52.5991309107516,50.85574412345886
-52.73299951199527,52.55408226311868,50.85574412345886
-52.73299951199527,52.55408226311868,50.85574412345886
-52.73299951199527,52.55408226311868,50.85574412345886
-52.73299951199527,52.55408226311868,50.85574412345886
-52.73299951199527,52.55408226311868,50.85574412345886
-52.73299951199527,52.55408226311868,50.85574412345886
-52.48773822745068,52.50744632968926,50.85574412345886
-52.48773822745068,52.50744632968926,50.85574412345886
-52.48773822745068,52.50744632968926,50.85574412345886
-52.48773822745068,52.50744632968926,50.85574412345886
-52.48773822745068,52.50744632968926,50.85574412345886
-52.48773822745068,52.50744632968926,50.85574412345886
-52.48773822745068,52.50744632968926,50.85574412345886
-52.35434616347863,52.48143456437404,50.85574412345886
-52.35434616347863,52.48143456437404,50.85574412345886
-52.35434616347863,52.48143456437404,50.85574412345886
-52.35434616347863,52.48143456437404,50.85574412345886
-52.35434616347863,52.48143456437404,50.85574412345886
-52.35434616347863,52.48143456437404,50.85574412345886
-52.24410055352362,52.45768800610114,50.85574412345886
-52.24410055352362,52.45768800610114,50.85574412345886
-52.24410055352362,52.45768800610114,50.85574412345886
-52.24410055352362,52.45768800610114,50.85574412345886
-52.24410055352362,52.45768800610114,50.85574412345886
-52.24410055352362,52.45768800610114,50.85574412345886
-52.24410055352362,52.45768800610114,50.85574412345886
-52.03887738529119,52.40916615320873,50.85574412345886
-52.03887738529119,52.40916615320873,50.85574412345886
-52.03887738529119,52.40916615320873,50.85574412345886
-52.03887738529119,52.40916615320873,50.85574412345886
-52.03887738529119,52.40916615320873,50.85574412345886
-52.03887738529119,52.40916615320873,50.85574412345886
-51.83345149297816,52.356589062063314,50.85574412345886
-51.83345149297816,52.356589062063314,50.85574412345886
-51.83345149297816,52.356589062063314,50.85574412345886
-51.83345149297816,52.356589062063314,50.85574412345886
-51.83345149297816,52.356589062063314,50.85574412345886
-51.69324507903412,52.32955360785677,50.85574412345886
-51.69324507903412,52.32955360785677,50.85574412345886
-51.69324507903412,52.32955360785677,50.85574412345886
-51.69324507903412,52.32955360785677,50.85574412345886
-51.69324507903412,52.32955360785677,50.85574412345886
-51.69324507903412,52.32955360785677,50.85574412345886
-51.539703619318175,52.29724229632047,50.85574412345886
-51.539703619318175,52.29724229632047,50.85574412345886
-51.539703619318175,52.29724229632047,50.85574412345886
-51.539703619318175,52.29724229632047,50.85574412345886
-51.539703619318175,52.29724229632047,50.85574412345886
-51.36236969420468,52.26518472998951,50.85574412345886
-51.36236969420468,52.26518472998951,50.85574412345886
-51.36236969420468,52.26518472998951,50.85574412345886
-51.36236969420468,52.26518472998951,50.85574412345886
-51.36236969420468,52.26518472998951,50.85574412345886
-51.36236969420468,52.26518472998951,50.85574412345886
-51.16095349980653,52.2281928762957,50.85574412345886
-51.16095349980653,52.2281928762957,50.85574412345886
-51.16095349980653,52.2281928762957,50.85574412345886
-51.16095349980653,52.2281928762957,50.85574412345886
-51.16095349980653,52.2281928762957,50.85574412345886
-51.16095349980653,52.2281928762957,50.85574412345886
-51.02970434441315,52.20021562935845,50.85574412345886
-51.02970434441315,52.20021562935845,50.85574412345886
-51.02970434441315,52.20021562935845,50.85574412345886
-51.02970434441315,52.20021562935845,50.85574412345886
-51.02970434441315,52.20021562935845,50.85574412345886
-50.87984606102223,52.16696935765794,50.85574412345886
-50.87984606102223,52.16696935765794,50.85574412345886
-50.87984606102223,52.16696935765794,50.85574412345886
-50.87984606102223,52.16696935765794,50.85574412345886
-50.87984606102223,52.16696935765794,50.85574412345886
-50.87984606102223,52.16696935765794,50.85574412345886
-50.65590823965624,52.11072507077937,50.85574412345886
-50.65590823965624,52.11072507077937,50.85574412345886
-50.65590823965624,52.11072507077937,50.85574412345886
-50.65590823965624,52.11072507077937,50.85574412345886
-50.65590823965624,52.11072507077937,50.85574412345886
-50.65590823965624,52.11072507077937,50.85574412345886
-50.52536171987283,52.0848249182176,50.85574412345886
-50.52536171987283,52.0848249182176,50.85574412345886
-50.52536171987283,52.0848249182176,50.85574412345886
-50.52536171987283,52.0848249182176,50.85574412345886
-50.52536171987283,52.0848249182176,50.85574412345886
-50.52536171987283,52.0848249182176,50.85574412345886
-50.399204654289804,52.06440143532977,50.85574412345886
-50.399204654289804,52.06440143532977,50.85574412345886
-50.399204654289804,52.06440143532977,50.85574412345886
-50.399204654289804,52.06440143532977,50.85574412345886
-50.399204654289804,52.06440143532977,50.85574412345886
-50.279190748478676,52.051304650066655,50.85574412345886
-50.279190748478676,52.051304650066655,50.85574412345886
-50.279190748478676,52.051304650066655,50.85574412345886
-50.279190748478676,52.051304650066655,50.85574412345886
-50.279190748478676,52.051304650066655,50.85574412345886
-50.279190748478676,52.051304650066655,50.85574412345886
-50.06818004103545,52.01385413415493,50.85574412345886
-50.06818004103545,52.01385413415493,50.85574412345886
-50.06818004103545,52.01385413415493,50.85574412345886
-50.06818004103545,52.01385413415493,50.85574412345886
-50.06818004103545,52.01385413415493,50.85574412345886
-50.06818004103545,52.01385413415493,50.85574412345886
-49.95957543202612,51.99870125828538,50.85574412345886
-49.95957543202612,51.99870125828538,50.85574412345886
-49.95957543202612,51.99870125828538,50.85574412345886
-49.95957543202612,51.99870125828538,50.85574412345886
-49.95957543202612,51.99870125828538,50.85574412345886
-49.95957543202612,51.99870125828538,50.85574412345886
-49.73851577310615,51.960687159279374,50.85574412345886
-49.73851577310615,51.960687159279374,50.85574412345886
-49.73851577310615,51.960687159279374,50.85574412345886
-49.73851577310615,51.960687159279374,50.85574412345886
-49.73851577310615,51.960687159279374,50.85574412345886
-49.73851577310615,51.960687159279374,50.85574412345886
-49.611118445646184,51.92912311300569,50.85574412345886
-49.611118445646184,51.92912311300569,50.85574412345886
-49.611118445646184,51.92912311300569,50.85574412345886
-49.611118445646184,51.92912311300569,50.85574412345886
-49.611118445646184,51.92912311300569,50.85574412345886
-49.611118445646184,51.92912311300569,50.85574412345886
-49.4539583901176,51.89895541029553,50.85574412345886
-49.4539583901176,51.89895541029553,50.85574412345886
-49.4539583901176,51.89895541029553,50.85574412345886
-49.4539583901176,51.89895541029553,50.85574412345886
-49.4539583901176,51.89895541029553,50.85574412345886
-49.30519552738231,51.855218648607455,50.85574412345886
-49.30519552738231,51.855218648607455,50.85574412345886
-49.30519552738231,51.855218648607455,50.85574412345886
-49.30519552738231,51.855218648607455,50.85574412345886
-49.30519552738231,51.855218648607455,50.85574412345886
-49.30519552738231,51.855218648607455,50.85574412345886
-49.157261614005755,51.82223672103503,50.85574412345886
-49.157261614005755,51.82223672103503,50.85574412345886
-49.157261614005755,51.82223672103503,50.85574412345886
-49.157261614005755,51.82223672103503,50.85574412345886
-49.157261614005755,51.82223672103503,50.85574412345886
-49.157261614005755,51.82223672103503,50.85574412345886
-48.92003875772016,51.77479572727088,50.85574412345886
-48.92003875772016,51.77479572727088,50.85574412345886
-48.92003875772016,51.77479572727088,50.85574412345886
-48.92003875772016,51.77479572727088,50.85574412345886
-48.92003875772016,51.77479572727088,50.85574412345886
-48.78254909029109,51.75132221728772,50.85574412345886
-48.78254909029109,51.75132221728772,50.85574412345886
-48.78254909029109,51.75132221728772,50.85574412345886
-48.78254909029109,51.75132221728772,50.85574412345886
-48.78254909029109,51.75132221728772,50.85574412345886
-48.78254909029109,51.75132221728772,50.85574412345886
-48.78254909029109,51.75132221728772,50.85574412345886
-48.56338113347801,51.71719530152716,50.85574412345886
-48.56338113347801,51.71719530152716,50.85574412345886
-48.56338113347801,51.71719530152716,50.85574412345886
-48.56338113347801,51.71719530152716,50.85574412345886
-48.56338113347801,51.71719530152716,50.85574412345886
-48.56338113347801,51.71719530152716,50.85574412345886
-48.44056242275872,51.70223224997766,50.85574412345886
-48.44056242275872,51.70223224997766,50.85574412345886
-48.44056242275872,51.70223224997766,50.85574412345886
-48.44056242275872,51.70223224997766,50.85574412345886
-48.44056242275872,51.70223224997766,50.85574412345886
-48.29239396021016,51.68422628267701,50.85574412345886
-48.29239396021016,51.68422628267701,50.85574412345886
-48.29239396021016,51.68422628267701,50.85574412345886
-48.29239396021016,51.68422628267701,50.85574412345886
-48.29239396021016,51.68422628267701,50.85574412345886
-48.29239396021016,51.68422628267701,50.85574412345886
-48.069032204423934,51.640515404334906,50.85574412345886
-48.069032204423934,51.640515404334906,50.85574412345886
-48.069032204423934,51.640515404334906,50.85574412345886
-48.069032204423934,51.640515404334906,50.85574412345886
-48.069032204423934,51.640515404334906,50.85574412345886
-48.069032204423934,51.640515404334906,50.85574412345886
-47.93985945365364,51.613513025857245,50.85574412345886
-47.93985945365364,51.613513025857245,50.85574412345886
-47.93985945365364,51.613513025857245,50.85574412345886
-47.93985945365364,51.613513025857245,50.85574412345886
-47.93985945365364,51.613513025857245,50.85574412345886
-47.832538415156854,51.58998561862823,50.85574412345886
-47.832538415156854,51.58998561862823,50.85574412345886
-47.832538415156854,51.58998561862823,50.85574412345886
-47.832538415156854,51.58998561862823,50.85574412345886
-47.832538415156854,51.58998561862823,50.85574412345886
-47.832538415156854,51.58998561862823,50.85574412345886
-47.832538415156854,51.58998561862823,50.85574412345886
-47.61152767131149,51.536890882463624,50.85574412345886
-47.61152767131149,51.536890882463624,50.85574412345886
-47.61152767131149,51.536890882463624,50.85574412345886
-47.61152767131149,51.536890882463624,50.85574412345886
-47.61152767131149,51.536890882463624,50.85574412345886
-47.61152767131149,51.536890882463624,50.85574412345886
-47.50622651940021,51.51373275391834,50.85574412345886
-47.50622651940021,51.51373275391834,50.85574412345886
-47.50622651940021,51.51373275391834,50.85574412345886
-47.50622651940021,51.51373275391834,50.85574412345886
-47.50622651940021,51.51373275391834,50.85574412345886
-47.50622651940021,51.51373275391834,50.85574412345886
-47.38803743125177,51.48254707379891,50.85574412345886
-47.38803743125177,51.48254707379891,50.85574412345886
-47.38803743125177,51.48254707379891,50.85574412345886
-47.38803743125177,51.48254707379891,50.85574412345886
-47.38803743125177,51.48254707379891,50.85574412345886
-47.38803743125177,51.48254707379891,50.85574412345886
-47.19644935246035,51.43964825010271,50.85574412345886
-47.19644935246035,51.43964825010271,50.85574412345886
-47.19644935246035,51.43964825010271,50.85574412345886
-47.19644935246035,51.43964825010271,50.85574412345886
-47.19644935246035,51.43964825010271,50.85574412345886
-47.19644935246035,51.43964825010271,50.85574412345886
-47.049347625310325,51.39446905108967,50.85574412345886
-47.049347625310325,51.39446905108967,50.85574412345886
-47.049347625310325,51.39446905108967,50.85574412345886
-47.049347625310325,51.39446905108967,50.85574412345886
-47.049347625310325,51.39446905108967,50.85574412345886
-46.84143774992897,51.352505759493674,50.85574412345886
-46.84143774992897,51.352505759493674,50.85574412345886
-46.84143774992897,51.352505759493674,50.85574412345886
-46.84143774992897,51.352505759493674,50.85574412345886
-46.84143774992897,51.352505759493674,50.85574412345886
-46.84143774992897,51.352505759493674,50.85574412345886
-46.72482897268361,51.3299483157668,50.85574412345886
-46.72482897268361,51.3299483157668,50.85574412345886
-46.72482897268361,51.3299483157668,50.85574412345886
-46.72482897268361,51.3299483157668,50.85574412345886
-46.72482897268361,51.3299483157668,50.85574412345886
-46.58948555763101,51.29994223124362,50.85574412345886
-46.58948555763101,51.29994223124362,50.85574412345886
-46.58948555763101,51.29994223124362,50.85574412345886
-46.58948555763101,51.29994223124362,50.85574412345886
-46.58948555763101,51.29994223124362,50.85574412345886
-46.58948555763101,51.29994223124362,50.85574412345886
-46.42908965414203,51.264916350656264,50.85574412345886
-46.42908965414203,51.264916350656264,50.85574412345886
-46.42908965414203,51.264916350656264,50.85574412345886
-46.42908965414203,51.264916350656264,50.85574412345886
-46.42908965414203,51.264916350656264,50.85574412345886
-46.27083055710446,51.23455848027295,50.85574412345886
-46.27083055710446,51.23455848027295,50.85574412345886
-46.27083055710446,51.23455848027295,50.85574412345886
-46.27083055710446,51.23455848027295,50.85574412345886
-46.27083055710446,51.23455848027295,50.85574412345886
-46.27083055710446,51.23455848027295,50.85574412345886
-46.03518073991553,51.19199710816396,50.85574412345886
-46.03518073991553,51.19199710816396,50.85574412345886
-46.03518073991553,51.19199710816396,50.85574412345886
-46.03518073991553,51.19199710816396,50.85574412345886
-46.03518073991553,51.19199710816396,50.85574412345886
-46.03518073991553,51.19199710816396,50.85574412345886
-45.909950516887335,51.16510604831524,50.85574412345886
-45.909950516887335,51.16510604831524,50.85574412345886
-45.909950516887335,51.16510604831524,50.85574412345886
-45.909950516887335,51.16510604831524,50.85574412345886
-45.909950516887335,51.16510604831524,50.85574412345886
-45.909950516887335,51.16510604831524,50.85574412345886
-45.78189400058794,51.13759446904874,50.85574412345886
-45.78189400058794,51.13759446904874,50.85574412345886
-45.78189400058794,51.13759446904874,50.85574412345886
-45.78189400058794,51.13759446904874,50.85574412345886
-45.78189400058794,51.13759446904874,50.85574412345886
-45.78189400058794,51.13759446904874,50.85574412345886
-45.61013056133244,51.09949970393382,50.85574412345886
-45.61013056133244,51.09949970393382,50.85574412345886
-45.61013056133244,51.09949970393382,50.85574412345886
-45.61013056133244,51.09949970393382,50.85574412345886
-45.61013056133244,51.09949970393382,50.85574412345886
-45.47422786711226,51.07020373012102,50.85574412345886
-45.47422786711226,51.07020373012102,50.85574412345886
-45.47422786711226,51.07020373012102,50.85574412345886
-45.47422786711226,51.07020373012102,50.85574412345886
-45.47422786711226,51.07020373012102,50.85574412345886
-45.47422786711226,51.07020373012102,50.85574412345886
-45.35547044080455,51.0471496669089,50.85574412345886
-45.35547044080455,51.0471496669089,50.85574412345886
-45.35547044080455,51.0471496669089,50.85574412345886
-45.35547044080455,51.0471496669089,50.85574412345886
-45.35547044080455,51.0471496669089,50.85574412345886
-45.35547044080455,51.0471496669089,50.85574412345886
-45.19749811957396,51.01981600709823,50.85574412345886
-45.19749811957396,51.01981600709823,50.85574412345886
-45.19749811957396,51.01981600709823,50.85574412345886
-45.19749811957396,51.01981600709823,50.85574412345886
-45.19749811957396,51.01981600709823,50.85574412345886
-45.19749811957396,51.01981600709823,50.85574412345886
-45.037097776743266,50.97541246650093,50.85574412345886
-45.037097776743266,50.97541246650093,50.85574412345886
-45.037097776743266,50.97541246650093,50.85574412345886
-45.037097776743266,50.97541246650093,50.85574412345886
-45.037097776743266,50.97541246650093,50.85574412345886
-44.90920092754523,50.94848227055242,50.85574412345886
-44.90920092754523,50.94848227055242,50.85574412345886
-44.90920092754523,50.94848227055242,50.85574412345886
-44.90920092754523,50.94848227055242,50.85574412345886
-44.90920092754523,50.94848227055242,50.85574412345886
-44.90920092754523,50.94848227055242,50.85574412345886
-44.70378715978,50.91655016965062,50.85574412345886
-44.70378715978,50.91655016965062,50.85574412345886
-44.70378715978,50.91655016965062,50.85574412345886
-44.70378715978,50.91655016965062,50.85574412345886
-44.70378715978,50.91655016965062,50.85574412345886
-44.70378715978,50.91655016965062,50.85574412345886
-44.613483352201065,50.90588976659393,50.85574412345886
-44.613483352201065,50.90588976659393,50.85574412345886
-44.613483352201065,50.90588976659393,50.85574412345886
-44.613483352201065,50.90588976659393,50.85574412345886
-44.613483352201065,50.90588976659393,50.85574412345886
-44.613483352201065,50.90588976659393,50.85574412345886
-44.50362286381449,50.890577769717545,50.85574412345886
-44.50362286381449,50.890577769717545,50.85574412345886
-44.50362286381449,50.890577769717545,50.85574412345886
-44.50362286381449,50.890577769717545,50.85574412345886
-44.50362286381449,50.890577769717545,50.85574412345886
-44.50362286381449,50.890577769717545,50.85574412345886
-44.35155879158938,50.86727097558064,50.85574412345886
-44.35155879158938,50.86727097558064,50.85574412345886
-44.35155879158938,50.86727097558064,50.85574412345886
-44.35155879158938,50.86727097558064,50.85574412345886
-44.35155879158938,50.86727097558064,50.85574412345886
-44.35155879158938,50.86727097558064,50.85574412345886
-44.15313212009861,50.84011321631613,50.85574412345886
-44.15313212009861,50.84011321631613,50.85574412345886
-44.15313212009861,50.84011321631613,50.85574412345886
-44.15313212009861,50.84011321631613,50.85574412345886
-44.15313212009861,50.84011321631613,50.85574412345886
-44.031457690196994,50.82535644541317,50.85574412345886
-44.031457690196994,50.82535644541317,50.85574412345886
-44.031457690196994,50.82535644541317,50.85574412345886
-44.031457690196994,50.82535644541317,50.85574412345886
-44.031457690196994,50.82535644541317,50.85574412345886
-44.031457690196994,50.82535644541317,50.85574412345886
-43.887408079534104,50.808817687785606,50.85574412345886
-43.887408079534104,50.808817687785606,50.85574412345886
-43.887408079534104,50.808817687785606,50.85574412345886
-43.887408079534104,50.808817687785606,50.85574412345886
-43.887408079534104,50.808817687785606,50.85574412345886
-43.887408079534104,50.808817687785606,50.85574412345886
-43.64647024368262,50.775029869378436,50.85574412345886
-43.64647024368262,50.775029869378436,50.85574412345886
-43.64647024368262,50.775029869378436,50.85574412345886
-43.64647024368262,50.775029869378436,50.85574412345886
-43.64647024368262,50.775029869378436,50.85574412345886
-43.64647024368262,50.775029869378436,50.85574412345886
-43.52375531943707,50.75431553604139,50.85574412345886
-43.52375531943707,50.75431553604139,50.85574412345886
-43.52375531943707,50.75431553604139,50.85574412345886
-43.52375531943707,50.75431553604139,50.85574412345886
-43.52375531943707,50.75431553604139,50.85574412345886
-43.38826846538538,50.72370478478044,50.85574412345886
-43.38826846538538,50.72370478478044,50.85574412345886
-43.38826846538538,50.72370478478044,50.85574412345886
-43.38826846538538,50.72370478478044,50.85574412345886
-43.38826846538538,50.72370478478044,50.85574412345886
-43.38826846538538,50.72370478478044,50.85574412345886
-43.16520775434056,50.672633145679484,50.85574412345886
-43.16520775434056,50.672633145679484,50.85574412345886
-43.16520775434056,50.672633145679484,50.85574412345886
-43.16520775434056,50.672633145679484,50.85574412345886
-43.16520775434056,50.672633145679484,50.85574412345886
-43.16520775434056,50.672633145679484,50.85574412345886
-43.04542140183227,50.64112104112278,50.85574412345886
-43.04542140183227,50.64112104112278,50.85574412345886
-43.04542140183227,50.64112104112278,50.85574412345886
-43.04542140183227,50.64112104112278,50.85574412345886
-43.04542140183227,50.64112104112278,50.85574412345886
-43.04542140183227,50.64112104112278,50.85574412345886
-42.91774655837098,50.62058375025415,50.85574412345886
-42.91774655837098,50.62058375025415,50.85574412345886
-42.91774655837098,50.62058375025415,50.85574412345886
-42.91774655837098,50.62058375025415,50.85574412345886
-42.91774655837098,50.62058375025415,50.85574412345886
-42.91774655837098,50.62058375025415,50.85574412345886
-42.91774655837098,50.62058375025415,50.85574412345886
-42.74693159403227,50.59151489820647,50.85574412345886
-42.74693159403227,50.59151489820647,50.85574412345886
-42.74693159403227,50.59151489820647,50.85574412345886
-42.74693159403227,50.59151489820647,50.85574412345886
-42.74693159403227,50.59151489820647,50.85574412345886
-42.68137536800562,50.59081107653999,50.85574412345886
-42.68137536800562,50.59081107653999,50.85574412345886
-42.68137536800562,50.59081107653999,50.85574412345886
-42.68137536800562,50.59081107653999,50.85574412345886
-42.68137536800562,50.59081107653999,50.85574412345886
-42.68137536800562,50.59081107653999,50.85574412345886
-42.68137536800562,50.59081107653999,50.85574412345886
-42.57986291532862,50.55330116576692,50.85574412345886
-42.57986291532862,50.55330116576692,50.85574412345886
-42.57986291532862,50.55330116576692,50.85574412345886
-42.57986291532862,50.55330116576692,50.85574412345886
-42.57986291532862,50.55330116576692,50.85574412345886
-42.57986291532862,50.55330116576692,50.85574412345886
-42.498068037929045,50.54007914926341,50.85574412345886
-42.498068037929045,50.54007914926341,50.85574412345886
-42.498068037929045,50.54007914926341,50.85574412345886
-42.498068037929045,50.54007914926341,50.85574412345886
-42.498068037929045,50.54007914926341,50.85574412345886
-42.498068037929045,50.54007914926341,50.85574412345886
-42.498068037929045,50.54007914926341,50.85574412345886
-42.33090014211452,50.509934126557845,50.85574412345886
-42.33090014211452,50.509934126557845,50.85574412345886
-42.33090014211452,50.509934126557845,50.85574412345886
-42.33090014211452,50.509934126557845,50.85574412345886
-42.33090014211452,50.509934126557845,50.85574412345886
-42.33090014211452,50.509934126557845,50.85574412345886
-42.33090014211452,50.509934126557845,50.85574412345886
-42.33090014211452,50.509934126557845,50.85574412345886
-42.25042954591639,50.489612996475756,50.85574412345886
-42.25042954591639,50.489612996475756,50.85574412345886
-42.25042954591639,50.489612996475756,50.85574412345886
-42.25042954591639,50.489612996475756,50.85574412345886
-42.25042954591639,50.489612996475756,50.85574412345886
-42.25042954591639,50.489612996475756,50.85574412345886
-42.25042954591639,50.489612996475756,50.85574412345886
-41.99585805404485,50.436279034178966,50.85574412345886
-41.99585805404485,50.436279034178966,50.85574412345886
-41.99585805404485,50.436279034178966,50.85574412345886
-41.99585805404485,50.436279034178966,50.85574412345886
-41.99585805404485,50.436279034178966,50.85574412345886
-41.99585805404485,50.436279034178966,50.85574412345886
-41.80902818442103,50.39088297923954,50.85574412345886
-41.80902818442103,50.39088297923954,50.85574412345886
-41.80902818442103,50.39088297923954,50.85574412345886
-41.80902818442103,50.39088297923954,50.85574412345886
-41.80902818442103,50.39088297923954,50.85574412345886
-41.80902818442103,50.39088297923954,50.85574412345886
-41.80902818442103,50.39088297923954,50.85574412345886
-41.68339230664002,50.358430058244025,50.85574412345886
-41.68339230664002,50.358430058244025,50.85574412345886
-41.68339230664002,50.358430058244025,50.85574412345886
-41.68339230664002,50.358430058244025,50.85574412345886
-41.68339230664002,50.358430058244025,50.85574412345886
-41.68339230664002,50.358430058244025,50.85574412345886
-41.68339230664002,50.358430058244025,50.85574412345886
-41.68339230664002,50.358430058244025,50.85574412345886
-41.68339230664002,50.358430058244025,50.85574412345886
-41.49769114226147,50.310579114094,50.85574412345886
-41.49769114226147,50.310579114094,50.85574412345886
-41.49769114226147,50.310579114094,50.85574412345886
-41.49769114226147,50.310579114094,50.85574412345886
-41.49769114226147,50.310579114094,50.85574412345886
-41.49769114226147,50.310579114094,50.85574412345886
-41.49769114226147,50.310579114094,50.85574412345886
-41.49769114226147,50.310579114094,50.85574412345886
-41.49769114226147,50.310579114094,50.85574412345886
-41.250681661155895,50.25722203187483,50.85574412345886
-41.250681661155895,50.25722203187483,50.85574412345886
-41.250681661155895,50.25722203187483,50.85574412345886
-41.250681661155895,50.25722203187483,50.85574412345886
-41.250681661155895,50.25722203187483,50.85574412345886
-41.250681661155895,50.25722203187483,50.85574412345886
-41.250681661155895,50.25722203187483,50.85574412345886
-41.250681661155895,50.25722203187483,50.85574412345886
-41.250681661155895,50.25722203187483,50.85574412345886
-41.08570751279102,50.23238152976402,50.85574412345886
-41.08570751279102,50.23238152976402,50.85574412345886
-41.08570751279102,50.23238152976402,50.85574412345886
-41.08570751279102,50.23238152976402,50.85574412345886
-41.08570751279102,50.23238152976402,50.85574412345886
-41.08570751279102,50.23238152976402,50.85574412345886
-41.08570751279102,50.23238152976402,50.85574412345886
-41.08570751279102,50.23238152976402,50.85574412345886
-41.08570751279102,50.23238152976402,50.85574412345886
-40.810666736603615,50.185369173505705,50.85574412345886
-40.810666736603615,50.185369173505705,50.85574412345886
-40.810666736603615,50.185369173505705,50.85574412345886
-40.810666736603615,50.185369173505705,50.85574412345886
-40.810666736603615,50.185369173505705,50.85574412345886
-40.810666736603615,50.185369173505705,50.85574412345886
-40.810666736603615,50.185369173505705,50.85574412345886
-40.810666736603615,50.185369173505705,50.85574412345886
-40.810666736603615,50.185369173505705,50.85574412345886
-40.59566885065807,50.14525602319118,50.85574412345886
-40.59566885065807,50.14525602319118,50.85574412345886
-40.59566885065807,50.14525602319118,50.85574412345886
-40.59566885065807,50.14525602319118,50.85574412345886
-40.59566885065807,50.14525602319118,50.85574412345886
-40.59566885065807,50.14525602319118,50.85574412345886
-40.59566885065807,50.14525602319118,50.85574412345886
-40.59566885065807,50.14525602319118,50.85574412345886
-40.59566885065807,50.14525602319118,50.85574412345886
-40.279556935240336,50.09326764278571,50.85574412345886
-40.279556935240336,50.09326764278571,50.85574412345886
-40.279556935240336,50.09326764278571,50.85574412345886
-40.279556935240336,50.09326764278571,50.85574412345886
-40.279556935240336,50.09326764278571,50.85574412345886
-40.279556935240336,50.09326764278571,50.85574412345886
-40.279556935240336,50.09326764278571,50.85574412345886
-40.279556935240336,50.09326764278571,50.85574412345886
-40.024645078143585,50.04436404647444,50.85574412345886
-40.024645078143585,50.04436404647444,50.85574412345886
-40.024645078143585,50.04436404647444,50.85574412345886
-40.024645078143585,50.04436404647444,50.85574412345886
-40.024645078143585,50.04436404647444,50.85574412345886
-40.024645078143585,50.04436404647444,50.85574412345886
-40.024645078143585,50.04436404647444,50.85574412345886
-40.024645078143585,50.04436404647444,50.85574412345886
-39.78420446516885,49.99947085797808,50.85574412345886
-39.78420446516885,49.99947085797808,50.85574412345886
-39.78420446516885,49.99947085797808,50.85574412345886
-39.78420446516885,49.99947085797808,50.85574412345886
-39.78420446516885,49.99947085797808,50.85574412345886
-39.78420446516885,49.99947085797808,50.85574412345886
-39.78420446516885,49.99947085797808,50.85574412345886
-39.78420446516885,49.99947085797808,50.85574412345886
-39.78420446516885,49.99947085797808,50.85574412345886
-39.48390801994191,49.95713482702654,50.85574412345886
-39.48390801994191,49.95713482702654,50.85574412345886
-39.48390801994191,49.95713482702654,50.85574412345886
-39.48390801994191,49.95713482702654,50.85574412345886
-39.48390801994191,49.95713482702654,50.85574412345886
-39.48390801994191,49.95713482702654,50.85574412345886
-39.48390801994191,49.95713482702654,50.85574412345886
-39.48390801994191,49.95713482702654,50.85574412345886
-39.241748778434335,49.911771184905604,50.85574412345886
-39.241748778434335,49.911771184905604,50.85574412345886
-39.241748778434335,49.911771184905604,50.85574412345886
-39.241748778434335,49.911771184905604,50.85574412345886
-39.241748778434335,49.911771184905604,50.85574412345886
-39.241748778434335,49.911771184905604,50.85574412345886
-39.241748778434335,49.911771184905604,50.85574412345886
-39.241748778434335,49.911771184905604,50.85574412345886
-39.241748778434335,49.911771184905604,50.85574412345886
-38.89546731089601,49.853274215212814,50.85574412345886
-38.89546731089601,49.853274215212814,50.85574412345886
-38.89546731089601,49.853274215212814,50.85574412345886
-38.89546731089601,49.853274215212814,50.85574412345886
-38.89546731089601,49.853274215212814,50.85574412345886
-38.89546731089601,49.853274215212814,50.85574412345886
-38.89546731089601,49.853274215212814,50.85574412345886
-38.89546731089601,49.853274215212814,50.85574412345886
-38.63120076264912,49.80654085349359,50.85574412345886
-38.63120076264912,49.80654085349359,50.85574412345886
-38.63120076264912,49.80654085349359,50.85574412345886
-38.63120076264912,49.80654085349359,50.85574412345886
-38.63120076264912,49.80654085349359,50.85574412345886
-38.63120076264912,49.80654085349359,50.85574412345886
-38.63120076264912,49.80654085349359,50.85574412345886
-38.63120076264912,49.80654085349359,50.85574412345886
-38.63120076264912,49.80654085349359,50.85574412345886
-38.34802248718337,49.76082021646522,50.85574412345886
-38.34802248718337,49.76082021646522,50.85574412345886
-38.34802248718337,49.76082021646522,50.85574412345886
-38.34802248718337,49.76082021646522,50.85574412345886
-38.34802248718337,49.76082021646522,50.85574412345886
-38.34802248718337,49.76082021646522,50.85574412345886
-38.34802248718337,49.76082021646522,50.85574412345886
-38.34802248718337,49.76082021646522,50.85574412345886
-38.34802248718337,49.76082021646522,50.85574412345886
-38.14123265030551,49.72776470179271,50.85574412345886
-38.14123265030551,49.72776470179271,50.85574412345886
-38.14123265030551,49.72776470179271,50.85574412345886
-38.14123265030551,49.72776470179271,50.85574412345886
-38.14123265030551,49.72776470179271,50.85574412345886
-38.14123265030551,49.72776470179271,50.85574412345886
-38.14123265030551,49.72776470179271,50.85574412345886
-38.14123265030551,49.72776470179271,50.85574412345886
-38.14123265030551,49.72776470179271,50.85574412345886
-37.90431565718735,49.67875214760026,50.85574412345886
-37.90431565718735,49.67875214760026,50.85574412345886
-37.90431565718735,49.67875214760026,50.85574412345886
-37.90431565718735,49.67875214760026,50.85574412345886
-37.90431565718735,49.67875214760026,50.85574412345886
-37.90431565718735,49.67875214760026,50.85574412345886
-37.90431565718735,49.67875214760026,50.85574412345886
-37.90431565718735,49.67875214760026,50.85574412345886
-37.90431565718735,49.67875214760026,50.85574412345886
-37.53385499678265,49.60366420046049,50.85574412345886
-37.53385499678265,49.60366420046049,50.85574412345886
-37.53385499678265,49.60366420046049,50.85574412345886
-37.53385499678265,49.60366420046049,50.85574412345886
-37.53385499678265,49.60366420046049,50.85574412345886
-37.53385499678265,49.60366420046049,50.85574412345886
-37.53385499678265,49.60366420046049,50.85574412345886
-37.53385499678265,49.60366420046049,50.85574412345886
-37.53385499678265,49.60366420046049,50.85574412345886
-37.19938737916118,49.53360703818412,50.85574412345886
-37.19938737916118,49.53360703818412,50.85574412345886
-37.19938737916118,49.53360703818412,50.85574412345886
-37.19938737916118,49.53360703818412,50.85574412345886
-37.19938737916118,49.53360703818412,50.85574412345886
-37.19938737916118,49.53360703818412,50.85574412345886
-37.19938737916118,49.53360703818412,50.85574412345886
-37.19938737916118,49.53360703818412,50.85574412345886
-37.19938737916118,49.53360703818412,50.85574412345886
-36.87390851051484,49.47311770805093,50.85574412345886
-36.87390851051484,49.47311770805093,50.85574412345886
-36.87390851051484,49.47311770805093,50.85574412345886
-36.87390851051484,49.47311770805093,50.85574412345886
-36.87390851051484,49.47311770805093,50.85574412345886
-36.87390851051484,49.47311770805093,50.85574412345886
-36.87390851051484,49.47311770805093,50.85574412345886
-36.87390851051484,49.47311770805093,50.85574412345886
-36.87390851051484,49.47311770805093,50.85574412345886
-36.63877700095722,49.42724910259078,50.85574412345886
-36.63877700095722,49.42724910259078,50.85574412345886
-36.63877700095722,49.42724910259078,50.85574412345886
-36.63877700095722,49.42724910259078,50.85574412345886
-36.63877700095722,49.42724910259078,50.85574412345886
-36.63877700095722,49.42724910259078,50.85574412345886
-36.63877700095722,49.42724910259078,50.85574412345886
-36.63877700095722,49.42724910259078,50.85574412345886
-36.63877700095722,49.42724910259078,50.85574412345886
-36.25838432240166,49.353039804050425,50.85574412345886
-36.25838432240166,49.353039804050425,50.85574412345886
-36.25838432240166,49.353039804050425,50.85574412345886
-36.25838432240166,49.353039804050425,50.85574412345886
-36.25838432240166,49.353039804050425,50.85574412345886
-36.25838432240166,49.353039804050425,50.85574412345886
-36.25838432240166,49.353039804050425,50.85574412345886
-36.25838432240166,49.353039804050425,50.85574412345886
-36.25838432240166,49.353039804050425,50.85574412345886
-36.03239263522907,49.305742627767636,50.85574412345886
-36.03239263522907,49.305742627767636,50.85574412345886
-36.03239263522907,49.305742627767636,50.85574412345886
-36.03239263522907,49.305742627767636,50.85574412345886
-36.03239263522907,49.305742627767636,50.85574412345886
-36.03239263522907,49.305742627767636,50.85574412345886
-36.03239263522907,49.305742627767636,50.85574412345886
-36.03239263522907,49.305742627767636,50.85574412345886
-36.03239263522907,49.305742627767636,50.85574412345886
-35.70152185788689,49.246751565907005,50.85574412345886
-35.70152185788689,49.246751565907005,50.85574412345886
-35.70152185788689,49.246751565907005,50.85574412345886
-35.70152185788689,49.246751565907005,50.85574412345886
-35.70152185788689,49.246751565907005,50.85574412345886
-35.70152185788689,49.246751565907005,50.85574412345886
-35.70152185788689,49.246751565907005,50.85574412345886
-35.70152185788689,49.246751565907005,50.85574412345886
-35.49033930061305,49.21299636922229,50.85574412345886
-35.49033930061305,49.21299636922229,50.85574412345886
-35.49033930061305,49.21299636922229,50.85574412345886
-35.49033930061305,49.21299636922229,50.85574412345886
-35.49033930061305,49.21299636922229,50.85574412345886
-35.49033930061305,49.21299636922229,50.85574412345886
-35.49033930061305,49.21299636922229,50.85574412345886
-35.49033930061305,49.21299636922229,50.85574412345886
-35.49033930061305,49.21299636922229,50.85574412345886
-35.49033930061305,49.21299636922229,50.85574412345886
-35.2006051491064,49.15931888032695,50.85574412345886
-35.2006051491064,49.15931888032695,50.85574412345886
-35.2006051491064,49.15931888032695,50.85574412345886
-35.2006051491064,49.15931888032695,50.85574412345886
-35.2006051491064,49.15931888032695,50.85574412345886
-35.2006051491064,49.15931888032695,50.85574412345886
-35.2006051491064,49.15931888032695,50.85574412345886
-35.2006051491064,49.15931888032695,50.85574412345886
-35.2006051491064,49.15931888032695,50.85574412345886
-35.2006051491064,49.15931888032695,50.85574412345886
-35.2006051491064,49.15931888032695,50.85574412345886
-35.2006051491064,49.15931888032695,50.85574412345886
-35.2006051491064,49.15931888032695,50.85574412345886
-34.94416841507666,49.11844500747589,50.85574412345886
-34.94416841507666,49.11844500747589,50.85574412345886
-34.94416841507666,49.11844500747589,50.85574412345886
-34.94416841507666,49.11844500747589,50.85574412345886
-34.94416841507666,49.11844500747589,50.85574412345886
-34.94416841507666,49.11844500747589,50.85574412345886
-34.94416841507666,49.11844500747589,50.85574412345886
-34.94416841507666,49.11844500747589,50.85574412345886
-34.94416841507666,49.11844500747589,50.85574412345886
-34.94416841507666,49.11844500747589,50.85574412345886
-34.94416841507666,49.11844500747589,50.85574412345886
-34.94416841507666,49.11844500747589,50.85574412345886
-34.94416841507666,49.11844500747589,50.85574412345886
-34.60543931364591,49.05304849970035,50.85574412345886
-34.60543931364591,49.05304849970035,50.85574412345886
-34.60543931364591,49.05304849970035,50.85574412345886
-34.60543931364591,49.05304849970035,50.85574412345886
-34.60543931364591,49.05304849970035,50.85574412345886
-34.60543931364591,49.05304849970035,50.85574412345886
-34.60543931364591,49.05304849970035,50.85574412345886
-34.30009385345823,49.0044993810742,50.85574412345886
-34.30009385345823,49.0044993810742,50.85574412345886
-34.30009385345823,49.0044993810742,50.85574412345886
-34.30009385345823,49.0044993810742,50.85574412345886
-34.30009385345823,49.0044993810742,50.85574412345886
-34.30009385345823,49.0044993810742,50.85574412345886
-34.30009385345823,49.0044993810742,50.85574412345886
-34.30009385345823,49.0044993810742,50.85574412345886
-34.30009385345823,49.0044993810742,50.85574412345886
-34.30009385345823,49.0044993810742,50.85574412345886
-34.30009385345823,49.0044993810742,50.85574412345886
-34.10892488770367,48.97712430648008,50.85574412345886
-34.10892488770367,48.97712430648008,50.85574412345886
-34.10892488770367,48.97712430648008,50.85574412345886
-34.10892488770367,48.97712430648008,50.85574412345886
-34.10892488770367,48.97712430648008,50.85574412345886
-34.10892488770367,48.97712430648008,50.85574412345886
-34.10892488770367,48.97712430648008,50.85574412345886
-33.816997404513174,48.92864322271079,50.85574412345886
-33.816997404513174,48.92864322271079,50.85574412345886
-33.816997404513174,48.92864322271079,50.85574412345886
-33.816997404513174,48.92864322271079,50.85574412345886
-33.816997404513174,48.92864322271079,50.85574412345886
-33.816997404513174,48.92864322271079,50.85574412345886
-33.816997404513174,48.92864322271079,50.85574412345886
-33.816997404513174,48.92864322271079,50.85574412345886
-33.56606745234683,48.883882298559634,50.85574412345886
-33.56606745234683,48.883882298559634,50.85574412345886
-33.56606745234683,48.883882298559634,50.85574412345886
-33.56606745234683,48.883882298559634,50.85574412345886
-33.56606745234683,48.883882298559634,50.85574412345886
-33.56606745234683,48.883882298559634,50.85574412345886
-33.329024634388915,48.84691773566121,50.85574412345886
-33.329024634388915,48.84691773566121,50.85574412345886
-33.329024634388915,48.84691773566121,50.85574412345886
-33.329024634388915,48.84691773566121,50.85574412345886
-33.329024634388915,48.84691773566121,50.85574412345886
-33.329024634388915,48.84691773566121,50.85574412345886
-33.11859597200854,48.816568717454174,50.85574412345886
-33.11859597200854,48.816568717454174,50.85574412345886
-33.11859597200854,48.816568717454174,50.85574412345886
-33.11859597200854,48.816568717454174,50.85574412345886
-33.11859597200854,48.816568717454174,50.85574412345886
-33.11859597200854,48.816568717454174,50.85574412345886
-33.051465944961784,48.810433610498976,50.85574412345886
-33.051465944961784,48.810433610498976,50.85574412345886
-33.051465944961784,48.810433610498976,50.85574412345886
-33.051465944961784,48.810433610498976,50.85574412345886
-33.051465944961784,48.810433610498976,50.85574412345886
-33.051465944961784,48.810433610498976,50.85574412345886
-32.953677830923276,48.79376151072973,50.85574412345886
-32.953677830923276,48.79376151072973,50.85574412345886
-32.953677830923276,48.79376151072973,50.85574412345886
-32.953677830923276,48.79376151072973,50.85574412345886
-32.953677830923276,48.79376151072973,50.85574412345886
-32.953677830923276,48.79376151072973,50.85574412345886
-32.73955935298939,48.74774238483188,50.85574412345886
-32.73955935298939,48.74774238483188,50.85574412345886
-32.73955935298939,48.74774238483188,50.85574412345886
-32.73955935298939,48.74774238483188,50.85574412345886
-32.73955935298939,48.74774238483188,50.85574412345886
-32.620653315264,48.71132698182012,50.85574412345886
-32.620653315264,48.71132698182012,50.85574412345886
-32.620653315264,48.71132698182012,50.85574412345886
-32.620653315264,48.71132698182012,50.85574412345886
-32.620653315264,48.71132698182012,50.85574412345886
-32.620653315264,48.71132698182012,50.85574412345886
-32.620653315264,48.71132698182012,50.85574412345886
-32.40459572243036,48.67967856900515,50.85574412345886
-32.40459572243036,48.67967856900515,50.85574412345886
-32.40459572243036,48.67967856900515,50.85574412345886
-32.40459572243036,48.67967856900515,50.85574412345886
-32.40459572243036,48.67967856900515,50.85574412345886
-32.40459572243036,48.67967856900515,50.85574412345886
-32.23407078880072,48.65041734241563,50.85574412345886
-32.23407078880072,48.65041734241563,50.85574412345886
-32.23407078880072,48.65041734241563,50.85574412345886
-32.23407078880072,48.65041734241563,50.85574412345886
-32.23407078880072,48.65041734241563,50.85574412345886
-32.23407078880072,48.65041734241563,50.85574412345886
-32.23407078880072,48.65041734241563,50.85574412345886
-32.088064817667544,48.65627133001131,50.85574412345886
-32.088064817667544,48.65627133001131,50.85574412345886
-32.088064817667544,48.65627133001131,50.85574412345886
-32.088064817667544,48.65627133001131,50.85574412345886
-32.088064817667544,48.65627133001131,50.85574412345886
-32.088064817667544,48.65627133001131,50.85574412345886
-32.088064817667544,48.65627133001131,50.85574412345886
-31.867380899437798,48.61859431877667,50.85574412345886
-31.867380899437798,48.61859431877667,50.85574412345886
-31.867380899437798,48.61859431877667,50.85574412345886
-31.867380899437798,48.61859431877667,50.85574412345886
-31.867380899437798,48.61859431877667,50.85574412345886
-31.867380899437798,48.61859431877667,50.85574412345886
-31.630745300530087,48.58761208213379,50.85574412345886
-31.630745300530087,48.58761208213379,50.85574412345886
-31.630745300530087,48.58761208213379,50.85574412345886
-31.630745300530087,48.58761208213379,50.85574412345886
-31.630745300530087,48.58761208213379,50.85574412345886
-31.630745300530087,48.58761208213379,50.85574412345886
-31.630745300530087,48.58761208213379,50.85574412345886
-31.42513953566737,48.558067865487835,50.85574412345886
-31.42513953566737,48.558067865487835,50.85574412345886
-31.42513953566737,48.558067865487835,50.85574412345886
-31.42513953566737,48.558067865487835,50.85574412345886
-31.42513953566737,48.558067865487835,50.85574412345886
-31.42513953566737,48.558067865487835,50.85574412345886
-31.42513953566737,48.558067865487835,50.85574412345886
-31.315509712690798,48.538383161367406,50.85574412345886
-31.315509712690798,48.538383161367406,50.85574412345886
-31.315509712690798,48.538383161367406,50.85574412345886
-31.315509712690798,48.538383161367406,50.85574412345886
-31.315509712690798,48.538383161367406,50.85574412345886
-31.315509712690798,48.538383161367406,50.85574412345886
-31.084693156532794,48.51796448289604,50.85574412345886
-31.084693156532794,48.51796448289604,50.85574412345886
-31.084693156532794,48.51796448289604,50.85574412345886
-31.084693156532794,48.51796448289604,50.85574412345886
-31.084693156532794,48.51796448289604,50.85574412345886
-31.084693156532794,48.51796448289604,50.85574412345886
-30.916869246200662,48.50036128769151,50.85574412345886
-30.916869246200662,48.50036128769151,50.85574412345886
-30.916869246200662,48.50036128769151,50.85574412345886
-30.916869246200662,48.50036128769151,50.85574412345886
-30.916869246200662,48.50036128769151,50.85574412345886
-30.916869246200662,48.50036128769151,50.85574412345886
-30.916869246200662,48.50036128769151,50.85574412345886
-30.74347969708364,48.48804647833263,50.85574412345886
-30.74347969708364,48.48804647833263,50.85574412345886
-30.74347969708364,48.48804647833263,50.85574412345886
-30.74347969708364,48.48804647833263,50.85574412345886
-30.74347969708364,48.48804647833263,50.85574412345886
-30.74347969708364,48.48804647833263,50.85574412345886
-30.74347969708364,48.48804647833263,50.85574412345886
-30.74347969708364,48.48804647833263,50.85574412345886
-30.52661853268948,48.46997400069933,50.85574412345886
-30.52661853268948,48.46997400069933,50.85574412345886
-30.52661853268948,48.46997400069933,50.85574412345886
-30.52661853268948,48.46997400069933,50.85574412345886
-30.52661853268948,48.46997400069933,50.85574412345886
-30.52661853268948,48.46997400069933,50.85574412345886
-30.52661853268948,48.46997400069933,50.85574412345886
-30.52661853268948,48.46997400069933,50.85574412345886
-30.52661853268948,48.46997400069933,50.85574412345886
-30.52661853268948,48.46997400069933,50.85574412345886
-30.299619753707173,48.45260811854071,50.85574412345886
-30.299619753707173,48.45260811854071,50.85574412345886
-30.299619753707173,48.45260811854071,50.85574412345886
-30.299619753707173,48.45260811854071,50.85574412345886
-30.299619753707173,48.45260811854071,50.85574412345886
-30.299619753707173,48.45260811854071,50.85574412345886
-30.299619753707173,48.45260811854071,50.85574412345886
-30.299619753707173,48.45260811854071,50.85574412345886
-30.299619753707173,48.45260811854071,50.85574412345886
-30.299619753707173,48.45260811854071,50.85574412345886
-30.000930952431002,48.43656621619391,50.85574412345886
-30.000930952431002,48.43656621619391,50.85574412345886
-30.000930952431002,48.43656621619391,50.85574412345886
-30.000930952431002,48.43656621619391,50.85574412345886
-30.000930952431002,48.43656621619391,50.85574412345886
-30.000930952431002,48.43656621619391,50.85574412345886
-30.000930952431002,48.43656621619391,50.85574412345886
-29.719579139650833,48.41813141630467,50.85574412345886
-29.719579139650833,48.41813141630467,50.85574412345886
-29.719579139650833,48.41813141630467,50.85574412345886
-29.719579139650833,48.41813141630467,50.85574412345886
-29.719579139650833,48.41813141630467,50.85574412345886
-29.719579139650833,48.41813141630467,50.85574412345886
-29.50280122561929,48.40292927859802,50.85574412345886
-29.50280122561929,48.40292927859802,50.85574412345886
-29.50280122561929,48.40292927859802,50.85574412345886
-29.50280122561929,48.40292927859802,50.85574412345886
-29.50280122561929,48.40292927859802,50.85574412345886
-29.50280122561929,48.40292927859802,50.85574412345886
-29.3625269528602,48.39928895730362,50.85574412345886
-29.3625269528602,48.39928895730362,50.85574412345886
-29.3625269528602,48.39928895730362,50.85574412345886
-29.3625269528602,48.39928895730362,50.85574412345886
-29.3625269528602,48.39928895730362,50.85574412345886
-29.3625269528602,48.39928895730362,50.85574412345886
-29.228413214124615,48.388968859934195,50.85574412345886
-29.228413214124615,48.388968859934195,50.85574412345886
-29.228413214124615,48.388968859934195,50.85574412345886
-29.228413214124615,48.388968859934195,50.85574412345886
-29.228413214124615,48.388968859934195,50.85574412345886
-29.228413214124615,48.388968859934195,50.85574412345886
-29.032654096337215,48.38272266715499,50.85574412345886
-29.032654096337215,48.38272266715499,50.85574412345886
-29.032654096337215,48.38272266715499,50.85574412345886
-29.032654096337215,48.38272266715499,50.85574412345886
-29.032654096337215,48.38272266715499,50.85574412345886
-29.032654096337215,48.38272266715499,50.85574412345886
-28.91974734690851,48.38245581480034,50.85574412345886
-28.91974734690851,48.38245581480034,50.85574412345886
-28.91974734690851,48.38245581480034,50.85574412345886
-28.91974734690851,48.38245581480034,50.85574412345886
-28.91974734690851,48.38245581480034,50.85574412345886
-28.91974734690851,48.38245581480034,50.85574412345886
-28.91974734690851,48.38245581480034,50.85574412345886
-28.680771883083224,48.365076288392075,50.85574412345886
-28.680771883083224,48.365076288392075,50.85574412345886
-28.680771883083224,48.365076288392075,50.85574412345886
-28.680771883083224,48.365076288392075,50.85574412345886
-28.680771883083224,48.365076288392075,50.85574412345886
-28.680771883083224,48.365076288392075,50.85574412345886
-28.680771883083224,48.365076288392075,50.85574412345886
-28.462041059329394,48.35446759426074,50.85574412345886
-28.462041059329394,48.35446759426074,50.85574412345886
-28.462041059329394,48.35446759426074,50.85574412345886
-28.462041059329394,48.35446759426074,50.85574412345886
-28.462041059329394,48.35446759426074,50.85574412345886
-28.462041059329394,48.35446759426074,50.85574412345886
-28.34217493595247,48.34585553173272,50.85574412345886
-28.34217493595247,48.34585553173272,50.85574412345886
-28.34217493595247,48.34585553173272,50.85574412345886
-28.34217493595247,48.34585553173272,50.85574412345886
-28.34217493595247,48.34585553173272,50.85574412345886
-28.34217493595247,48.34585553173272,50.85574412345886
-28.34217493595247,48.34585553173272,50.85574412345886
-28.10474737342909,48.33448881389216,50.85574412345886
-28.10474737342909,48.33448881389216,50.85574412345886
-28.10474737342909,48.33448881389216,50.85574412345886
-28.10474737342909,48.33448881389216,50.85574412345886
-28.10474737342909,48.33448881389216,50.85574412345886
-28.10474737342909,48.33448881389216,50.85574412345886
-27.925349482656806,48.32486989766166,50.85574412345886
-27.925349482656806,48.32486989766166,50.85574412345886
-27.925349482656806,48.32486989766166,50.85574412345886
-27.925349482656806,48.32486989766166,50.85574412345886
-27.925349482656806,48.32486989766166,50.85574412345886
-27.925349482656806,48.32486989766166,50.85574412345886
-27.67207422238153,48.3143925490777,50.85574412345886
-27.67207422238153,48.3143925490777,50.85574412345886
-27.67207422238153,48.3143925490777,50.85574412345886
-27.67207422238153,48.3143925490777,50.85574412345886
-27.67207422238153,48.3143925490777,50.85574412345886
-27.67207422238153,48.3143925490777,50.85574412345886
-27.67207422238153,48.3143925490777,50.85574412345886
-27.67207422238153,48.3143925490777,50.85574412345886
-27.476778519282423,48.31410420000916,50.85574412345886
-27.476778519282423,48.31410420000916,50.85574412345886
-27.476778519282423,48.31410420000916,50.85574412345886
-27.476778519282423,48.31410420000916,50.85574412345886
-27.476778519282423,48.31410420000916,50.85574412345886
-27.476778519282423,48.31410420000916,50.85574412345886
-27.476778519282423,48.31410420000916,50.85574412345886
-27.476778519282423,48.31410420000916,50.85574412345886
-27.476778519282423,48.31410420000916,50.85574412345886
-27.175475165034747,48.31118052019291,50.85574412345886
-27.175475165034747,48.31118052019291,50.85574412345886
-27.175475165034747,48.31118052019291,50.85574412345886
-27.175475165034747,48.31118052019291,50.85574412345886
-27.175475165034747,48.31118052019291,50.85574412345886
-27.175475165034747,48.31118052019291,50.85574412345886
-27.175475165034747,48.31118052019291,50.85574412345886
-27.175475165034747,48.31118052019291,50.85574412345886
-26.969809540680085,48.30094670023789,50.85574412345886
-26.969809540680085,48.30094670023789,50.85574412345886
-26.969809540680085,48.30094670023789,50.85574412345886
-26.969809540680085,48.30094670023789,50.85574412345886
-26.969809540680085,48.30094670023789,50.85574412345886
-26.969809540680085,48.30094670023789,50.85574412345886
-26.969809540680085,48.30094670023789,50.85574412345886
-26.969809540680085,48.30094670023789,50.85574412345886
-26.74340860846936,48.287664877423026,50.85574412345886
-26.74340860846936,48.287664877423026,50.85574412345886
-26.74340860846936,48.287664877423026,50.85574412345886
-26.74340860846936,48.287664877423026,50.85574412345886
-26.74340860846936,48.287664877423026,50.85574412345886
-26.74340860846936,48.287664877423026,50.85574412345886
-26.74340860846936,48.287664877423026,50.85574412345886
-26.74340860846936,48.287664877423026,50.85574412345886
-26.74340860846936,48.287664877423026,50.85574412345886
-26.405358026526603,48.27320322218362,50.85574412345886
-26.405358026526603,48.27320322218362,50.85574412345886
-26.405358026526603,48.27320322218362,50.85574412345886
-26.405358026526603,48.27320322218362,50.85574412345886
-26.405358026526603,48.27320322218362,50.85574412345886
-26.405358026526603,48.27320322218362,50.85574412345886
-26.405358026526603,48.27320322218362,50.85574412345886
-26.405358026526603,48.27320322218362,50.85574412345886
-26.405358026526603,48.27320322218362,50.85574412345886
-26.207207382982823,48.26582048936092,50.85574412345886
-26.207207382982823,48.26582048936092,50.85574412345886
-26.207207382982823,48.26582048936092,50.85574412345886
-26.207207382982823,48.26582048936092,50.85574412345886
-26.207207382982823,48.26582048936092,50.85574412345886
-26.207207382982823,48.26582048936092,50.85574412345886
-26.207207382982823,48.26582048936092,50.85574412345886
-26.207207382982823,48.26582048936092,50.85574412345886
-26.016600046873357,48.261600981106554,50.85574412345886
-26.016600046873357,48.261600981106554,50.85574412345886
-26.016600046873357,48.261600981106554,50.85574412345886
-26.016600046873357,48.261600981106554,50.85574412345886
-26.016600046873357,48.261600981106554,50.85574412345886
-26.016600046873357,48.261600981106554,50.85574412345886
-26.016600046873357,48.261600981106554,50.85574412345886
-26.016600046873357,48.261600981106554,50.85574412345886
-25.73564053038059,48.251327598565794,50.85574412345886
-25.73564053038059,48.251327598565794,50.85574412345886
-25.73564053038059,48.251327598565794,50.85574412345886
-25.73564053038059,48.251327598565794,50.85574412345886
-25.73564053038059,48.251327598565794,50.85574412345886
-25.73564053038059,48.251327598565794,50.85574412345886
-25.73564053038059,48.251327598565794,50.85574412345886
-25.73564053038059,48.251327598565794,50.85574412345886
-25.511580732872805,48.244119742705806,50.85574412345886
-25.511580732872805,48.244119742705806,50.85574412345886
-25.511580732872805,48.244119742705806,50.85574412345886
-25.511580732872805,48.244119742705806,50.85574412345886
-25.511580732872805,48.244119742705806,50.85574412345886
-25.511580732872805,48.244119742705806,50.85574412345886
-25.511580732872805,48.244119742705806,50.85574412345886
-25.511580732872805,48.244119742705806,50.85574412345886
-25.311983462295274,48.23456604214227,50.85574412345886
-25.311983462295274,48.23456604214227,50.85574412345886
-25.311983462295274,48.23456604214227,50.85574412345886
-25.311983462295274,48.23456604214227,50.85574412345886
-25.311983462295274,48.23456604214227,50.85574412345886
-25.311983462295274,48.23456604214227,50.85574412345886
-25.311983462295274,48.23456604214227,50.85574412345886
-25.311983462295274,48.23456604214227,50.85574412345886
-25.00440458089446,48.22623765081952,50.85574412345886
-25.00440458089446,48.22623765081952,50.85574412345886
-25.00440458089446,48.22623765081952,50.85574412345886
-25.00440458089446,48.22623765081952,50.85574412345886
-25.00440458089446,48.22623765081952,50.85574412345886
-25.00440458089446,48.22623765081952,50.85574412345886
-25.00440458089446,48.22623765081952,50.85574412345886
-25.00440458089446,48.22623765081952,50.85574412345886
-25.00440458089446,48.22623765081952,50.85574412345886
-24.775705016884476,48.21876885494537,50.85574412345886
-24.775705016884476,48.21876885494537,50.85574412345886
-24.775705016884476,48.21876885494537,50.85574412345886
-24.775705016884476,48.21876885494537,50.85574412345886
-24.775705016884476,48.21876885494537,50.85574412345886
-24.775705016884476,48.21876885494537,50.85574412345886
-24.775705016884476,48.21876885494537,50.85574412345886
-24.775705016884476,48.21876885494537,50.85574412345886
-24.555659700366974,48.21041600129472,50.85574412345886
-24.555659700366974,48.21041600129472,50.85574412345886
-24.555659700366974,48.21041600129472,50.85574412345886
-24.555659700366974,48.21041600129472,50.85574412345886
-24.555659700366974,48.21041600129472,50.85574412345886
-24.555659700366974,48.21041600129472,50.85574412345886
-24.555659700366974,48.21041600129472,50.85574412345886
-24.555659700366974,48.21041600129472,50.85574412345886
-24.315581392642773,48.19987538846548,50.85574412345886
-24.315581392642773,48.19987538846548,50.85574412345886
-24.315581392642773,48.19987538846548,50.85574412345886
-24.315581392642773,48.19987538846548,50.85574412345886
-24.315581392642773,48.19987538846548,50.85574412345886
-24.315581392642773,48.19987538846548,50.85574412345886
-24.315581392642773,48.19987538846548,50.85574412345886
-24.124492410156293,48.19445107976488,50.85574412345886
-24.124492410156293,48.19445107976488,50.85574412345886
-24.124492410156293,48.19445107976488,50.85574412345886
-24.124492410156293,48.19445107976488,50.85574412345886
-24.124492410156293,48.19445107976488,50.85574412345886
-24.124492410156293,48.19445107976488,50.85574412345886
-24.124492410156293,48.19445107976488,50.85574412345886
-24.124492410156293,48.19445107976488,50.85574412345886
-23.842085994554274,48.18571314155514,50.85574412345886
-23.842085994554274,48.18571314155514,50.85574412345886
-23.842085994554274,48.18571314155514,50.85574412345886
-23.842085994554274,48.18571314155514,50.85574412345886
-23.842085994554274,48.18571314155514,50.85574412345886
-23.842085994554274,48.18571314155514,50.85574412345886
-23.842085994554274,48.18571314155514,50.85574412345886
-23.842085994554274,48.18571314155514,50.85574412345886
-23.643994007756955,48.18294232503824,50.85574412345886
-23.643994007756955,48.18294232503824,50.85574412345886
-23.643994007756955,48.18294232503824,50.85574412345886
-23.643994007756955,48.18294232503824,50.85574412345886
-23.643994007756955,48.18294232503824,50.85574412345886
-23.643994007756955,48.18294232503824,50.85574412345886
-23.643994007756955,48.18294232503824,50.85574412345886
-23.643994007756955,48.18294232503824,50.85574412345886
-23.643994007756955,48.18294232503824,50.85574412345886
-23.643994007756955,48.18294232503824,50.85574412345886
-23.643994007756955,48.18294232503824,50.85574412345886
-23.643994007756955,48.18294232503824,50.85574412345886
-23.643994007756955,48.18294232503824,50.85574412345886
-23.423456740254725,48.17063922307955,50.85574412345886
-23.423456740254725,48.17063922307955,50.85574412345886
-23.423456740254725,48.17063922307955,50.85574412345886
-23.423456740254725,48.17063922307955,50.85574412345886
-23.423456740254725,48.17063922307955,50.85574412345886
-23.423456740254725,48.17063922307955,50.85574412345886
-23.423456740254725,48.17063922307955,50.85574412345886
-23.423456740254725,48.17063922307955,50.85574412345886
-23.423456740254725,48.17063922307955,50.85574412345886
-23.423456740254725,48.17063922307955,50.85574412345886
-23.423456740254725,48.17063922307955,50.85574412345886
-23.423456740254725,48.17063922307955,50.85574412345886
-23.423456740254725,48.17063922307955,50.85574412345886
-23.02320548161372,48.17121643446897,50.85574412345886
-23.02320548161372,48.17121643446897,50.85574412345886
-23.02320548161372,48.17121643446897,50.85574412345886
-23.02320548161372,48.17121643446897,50.85574412345886
-23.02320548161372,48.17121643446897,50.85574412345886
-23.02320548161372,48.17121643446897,50.85574412345886
-23.02320548161372,48.17121643446897,50.85574412345886
-23.02320548161372,48.17121643446897,50.85574412345886
-23.02320548161372,48.17121643446897,50.85574412345886
-23.02320548161372,48.17121643446897,50.85574412345886
-23.02320548161372,48.17121643446897,50.85574412345886
-23.02320548161372,48.17121643446897,50.85574412345886
-22.673786082539184,48.14147130742739,50.85574412345886
-22.673786082539184,48.14147130742739,50.85574412345886
-22.673786082539184,48.14147130742739,50.85574412345886
-22.673786082539184,48.14147130742739,50.85574412345886
-22.673786082539184,48.14147130742739,50.85574412345886
-22.673786082539184,48.14147130742739,50.85574412345886
-22.673786082539184,48.14147130742739,50.85574412345886
-22.673786082539184,48.14147130742739,50.85574412345886
-22.673786082539184,48.14147130742739,50.85574412345886
-22.673786082539184,48.14147130742739,50.85574412345886
-22.673786082539184,48.14147130742739,50.85574412345886
-22.673786082539184,48.14147130742739,50.85574412345886
-22.272552490009883,48.14090289632649,50.85574412345886
-22.272552490009883,48.14090289632649,50.85574412345886
-22.272552490009883,48.14090289632649,50.85574412345886
-22.272552490009883,48.14090289632649,50.85574412345886
-22.272552490009883,48.14090289632649,50.85574412345886
-22.272552490009883,48.14090289632649,50.85574412345886
-22.272552490009883,48.14090289632649,50.85574412345886
-22.272552490009883,48.14090289632649,50.85574412345886
-22.272552490009883,48.14090289632649,50.85574412345886
-22.272552490009883,48.14090289632649,50.85574412345886
-22.272552490009883,48.14090289632649,50.85574412345886
-22.272552490009883,48.14090289632649,50.85574412345886
-22.272552490009883,48.14090289632649,50.85574412345886
-21.873078142568744,48.13841395776411,50.85574412345886
-21.873078142568744,48.13841395776411,50.85574412345886
-21.873078142568744,48.13841395776411,50.85574412345886
-21.873078142568744,48.13841395776411,50.85574412345886
-21.873078142568744,48.13841395776411,50.85574412345886
-21.873078142568744,48.13841395776411,50.85574412345886
-21.873078142568744,48.13841395776411,50.85574412345886
-21.873078142568744,48.13841395776411,50.85574412345886
-21.873078142568744,48.13841395776411,50.85574412345886
-21.873078142568744,48.13841395776411,50.85574412345886
-21.873078142568744,48.13841395776411,50.85574412345886
-21.873078142568744,48.13841395776411,50.85574412345886
-21.40371044063944,48.119603261260984,50.85574412345886
-21.40371044063944,48.119603261260984,50.85574412345886
-21.40371044063944,48.119603261260984,50.85574412345886
-21.40371044063944,48.119603261260984,50.85574412345886
-21.40371044063944,48.119603261260984,50.85574412345886
-21.40371044063944,48.119603261260984,50.85574412345886
-21.40371044063944,48.119603261260984,50.85574412345886
-21.40371044063944,48.119603261260984,50.85574412345886
-21.40371044063944,48.119603261260984,50.85574412345886
-21.40371044063944,48.119603261260984,50.85574412345886
-21.40371044063944,48.119603261260984,50.85574412345886
-21.40371044063944,48.119603261260984,50.85574412345886
-21.40371044063944,48.119603261260984,50.85574412345886
-20.800140316847056,48.100022137988816,50.85574412345886
-20.800140316847056,48.100022137988816,50.85574412345886
-20.800140316847056,48.100022137988816,50.85574412345886
-20.800140316847056,48.100022137988816,50.85574412345886
-20.800140316847056,48.100022137988816,50.85574412345886
-20.800140316847056,48.100022137988816,50.85574412345886
-20.248110907406346,48.086519687799765,50.85574412345886
-20.248110907406346,48.086519687799765,50.85574412345886
-20.248110907406346,48.086519687799765,50.85574412345886
-20.248110907406346,48.086519687799765,50.85574412345886
-20.248110907406346,48.086519687799765,50.85574412345886
-20.248110907406346,48.086519687799765,50.85574412345886
-19.91464752800319,48.07954025353441,50.85574412345886
-19.91464752800319,48.07954025353441,50.85574412345886
-19.91464752800319,48.07954025353441,50.85574412345886
-19.91464752800319,48.07954025353441,50.85574412345886
-19.91464752800319,48.07954025353441,50.85574412345886
-19.91464752800319,48.07954025353441,50.85574412345886
-19.680519894803965,48.08264370992143,50.85574412345886
-19.680519894803965,48.08264370992143,50.85574412345886
-19.680519894803965,48.08264370992143,50.85574412345886
-19.680519894803965,48.08264370992143,50.85574412345886
-19.680519894803965,48.08264370992143,50.85574412345886
-19.445741908369346,48.07307152351346,50.85574412345886
-19.445741908369346,48.07307152351346,50.85574412345886
-19.445741908369346,48.07307152351346,50.85574412345886
-19.445741908369346,48.07307152351346,50.85574412345886
-19.445741908369346,48.07307152351346,50.85574412345886
-19.445741908369346,48.07307152351346,50.85574412345886
-19.233822136433723,48.05822850880168,50.85574412345886
-19.233822136433723,48.05822850880168,50.85574412345886
-19.233822136433723,48.05822850880168,50.85574412345886
-19.233822136433723,48.05822850880168,50.85574412345886
-19.233822136433723,48.05822850880168,50.85574412345886
-19.233822136433723,48.05822850880168,50.85574412345886
-19.233822136433723,48.05822850880168,50.85574412345886
-18.92208255513781,48.04532704783484,50.85574412345886
-18.92208255513781,48.04532704783484,50.85574412345886
-18.92208255513781,48.04532704783484,50.85574412345886
-18.92208255513781,48.04532704783484,50.85574412345886
-18.92208255513781,48.04532704783484,50.85574412345886
-18.69792648402969,48.03610863914608,50.85574412345886
-18.69792648402969,48.03610863914608,50.85574412345886
-18.69792648402969,48.03610863914608,50.85574412345886
-18.69792648402969,48.03610863914608,50.85574412345886
-18.69792648402969,48.03610863914608,50.85574412345886
-18.69792648402969,48.03610863914608,50.85574412345886
-18.387199999868624,48.024670289892335,50.85574412345886
-18.387199999868624,48.024670289892335,50.85574412345886
-18.387199999868624,48.024670289892335,50.85574412345886
-18.387199999868624,48.024670289892335,50.85574412345886
-18.387199999868624,48.024670289892335,50.85574412345886
-18.387199999868624,48.024670289892335,50.85574412345886
-18.387199999868624,48.024670289892335,50.85574412345886
-18.176817369913525,48.0103283339077,50.85574412345886
-18.176817369913525,48.0103283339077,50.85574412345886
-18.176817369913525,48.0103283339077,50.85574412345886
-18.176817369913525,48.0103283339077,50.85574412345886
-18.176817369913525,48.0103283339077,50.85574412345886
-18.176817369913525,48.0103283339077,50.85574412345886
-17.956685556698798,47.99764094686549,50.85574412345886
-17.956685556698798,47.99764094686549,50.85574412345886
-17.956685556698798,47.99764094686549,50.85574412345886
-17.956685556698798,47.99764094686549,50.85574412345886
-17.956685556698798,47.99764094686549,50.85574412345886
-17.956685556698798,47.99764094686549,50.85574412345886
-17.956685556698798,47.99764094686549,50.85574412345886
-17.65358588570954,47.983717615314674,50.85574412345886
-17.65358588570954,47.983717615314674,50.85574412345886
-17.65358588570954,47.983717615314674,50.85574412345886
-17.65358588570954,47.983717615314674,50.85574412345886
-17.65358588570954,47.983717615314674,50.85574412345886
-17.34828525880996,47.96899232039956,50.85574412345886
-17.34828525880996,47.96899232039956,50.85574412345886
-17.34828525880996,47.96899232039956,50.85574412345886
-17.34828525880996,47.96899232039956,50.85574412345886
-17.34828525880996,47.96899232039956,50.85574412345886
-17.34828525880996,47.96899232039956,50.85574412345886
-17.34828525880996,47.96899232039956,50.85574412345886
-17.135747230614903,47.956109716884434,50.85574412345886
-17.135747230614903,47.956109716884434,50.85574412345886
-17.135747230614903,47.956109716884434,50.85574412345886
-17.135747230614903,47.956109716884434,50.85574412345886
-17.135747230614903,47.956109716884434,50.85574412345886
-17.135747230614903,47.956109716884434,50.85574412345886
-17.135747230614903,47.956109716884434,50.85574412345886
-16.906737032592837,47.93922753748346,50.85574412345886
-16.906737032592837,47.93922753748346,50.85574412345886
-16.906737032592837,47.93922753748346,50.85574412345886
-16.906737032592837,47.93922753748346,50.85574412345886
-16.906737032592837,47.93922753748346,50.85574412345886
-16.906737032592837,47.93922753748346,50.85574412345886
-16.61278468124206,47.92205711792751,50.85574412345886
-16.61278468124206,47.92205711792751,50.85574412345886
-16.61278468124206,47.92205711792751,50.85574412345886
-16.61278468124206,47.92205711792751,50.85574412345886
-16.61278468124206,47.92205711792751,50.85574412345886
-16.61278468124206,47.92205711792751,50.85574412345886
-16.330703910509932,47.90370488712388,50.85574412345886
-16.330703910509932,47.90370488712388,50.85574412345886
-16.330703910509932,47.90370488712388,50.85574412345886
-16.330703910509932,47.90370488712388,50.85574412345886
-16.330703910509932,47.90370488712388,50.85574412345886
-16.330703910509932,47.90370488712388,50.85574412345886
-16.13198981861767,47.886662413425405,50.85574412345886
-16.13198981861767,47.886662413425405,50.85574412345886
-16.13198981861767,47.886662413425405,50.85574412345886
-16.13198981861767,47.886662413425405,50.85574412345886
-16.13198981861767,47.886662413425405,50.85574412345886
-16.13198981861767,47.886662413425405,50.85574412345886
-15.944686621437054,47.86533845357958,50.85574412345886
-15.944686621437054,47.86533845357958,50.85574412345886
-15.944686621437054,47.86533845357958,50.85574412345886
-15.944686621437054,47.86533845357958,50.85574412345886
-15.944686621437054,47.86533845357958,50.85574412345886
-15.944686621437054,47.86533845357958,50.85574412345886
-15.668414389237737,47.83229257046217,50.85574412345886
-15.668414389237737,47.83229257046217,50.85574412345886
-15.668414389237737,47.83229257046217,50.85574412345886
-15.668414389237737,47.83229257046217,50.85574412345886
-15.668414389237737,47.83229257046217,50.85574412345886
-15.668414389237737,47.83229257046217,50.85574412345886
-15.4998149816881,47.807486854324274,50.85574412345886
-15.4998149816881,47.807486854324274,50.85574412345886
-15.4998149816881,47.807486854324274,50.85574412345886
-15.4998149816881,47.807486854324274,50.85574412345886
-15.4998149816881,47.807486854324274,50.85574412345886
-15.4998149816881,47.807486854324274,50.85574412345886
-15.233989696258632,47.77798432886082,50.85574412345886
-15.233989696258632,47.77798432886082,50.85574412345886
-15.233989696258632,47.77798432886082,50.85574412345886
-15.233989696258632,47.77798432886082,50.85574412345886
-15.233989696258632,47.77798432886082,50.85574412345886
-15.233989696258632,47.77798432886082,50.85574412345886
-15.233989696258632,47.77798432886082,50.85574412345886
-15.233989696258632,47.77798432886082,50.85574412345886
-15.06671827722373,47.74654741185478,50.85574412345886
-15.06671827722373,47.74654741185478,50.85574412345886
-15.06671827722373,47.74654741185478,50.85574412345886
-15.06671827722373,47.74654741185478,50.85574412345886
-15.06671827722373,47.74654741185478,50.85574412345886
-15.06671827722373,47.74654741185478,50.85574412345886
-15.06671827722373,47.74654741185478,50.85574412345886
-15.06671827722373,47.74654741185478,50.85574412345886
-14.74008555973975,47.69047976440929,50.85574412345886
-14.74008555973975,47.69047976440929,50.85574412345886
-14.74008555973975,47.69047976440929,50.85574412345886
-14.74008555973975,47.69047976440929,50.85574412345886
-14.74008555973975,47.69047976440929,50.85574412345886
-14.74008555973975,47.69047976440929,50.85574412345886
-14.74008555973975,47.69047976440929,50.85574412345886
-14.569981462204977,47.65731774964354,50.85574412345886
-14.569981462204977,47.65731774964354,50.85574412345886
-14.569981462204977,47.65731774964354,50.85574412345886
-14.569981462204977,47.65731774964354,50.85574412345886
-14.569981462204977,47.65731774964354,50.85574412345886
-14.569981462204977,47.65731774964354,50.85574412345886
-14.569981462204977,47.65731774964354,50.85574412345886
-14.569981462204977,47.65731774964354,50.85574412345886
-14.569981462204977,47.65731774964354,50.85574412345886
-14.245533614850633,47.598676014130874,50.85574412345886
-14.245533614850633,47.598676014130874,50.85574412345886
-14.245533614850633,47.598676014130874,50.85574412345886
-14.245533614850633,47.598676014130874,50.85574412345886
-14.245533614850633,47.598676014130874,50.85574412345886
-14.245533614850633,47.598676014130874,50.85574412345886
-14.245533614850633,47.598676014130874,50.85574412345886
-14.245533614850633,47.598676014130874,50.85574412345886
-14.005683038282504,47.55242750858905,50.85574412345886
-14.005683038282504,47.55242750858905,50.85574412345886
-14.005683038282504,47.55242750858905,50.85574412345886
-14.005683038282504,47.55242750858905,50.85574412345886
-14.005683038282504,47.55242750858905,50.85574412345886
-14.005683038282504,47.55242750858905,50.85574412345886
-14.005683038282504,47.55242750858905,50.85574412345886
-14.005683038282504,47.55242750858905,50.85574412345886
-13.781356018134796,47.50055226758066,50.85574412345886
-13.781356018134796,47.50055226758066,50.85574412345886
-13.781356018134796,47.50055226758066,50.85574412345886
-13.781356018134796,47.50055226758066,50.85574412345886
-13.781356018134796,47.50055226758066,50.85574412345886
-13.781356018134796,47.50055226758066,50.85574412345886
-13.781356018134796,47.50055226758066,50.85574412345886
-13.781356018134796,47.50055226758066,50.85574412345886
-13.54788442653551,47.450395529434125,50.85574412345886
-13.54788442653551,47.450395529434125,50.85574412345886
-13.54788442653551,47.450395529434125,50.85574412345886
-13.54788442653551,47.450395529434125,50.85574412345886
-13.54788442653551,47.450395529434125,50.85574412345886
-13.54788442653551,47.450395529434125,50.85574412345886
-13.54788442653551,47.450395529434125,50.85574412345886
-13.54788442653551,47.450395529434125,50.85574412345886
-13.24546890843555,47.371372367770626,50.85574412345886
-13.24546890843555,47.371372367770626,50.85574412345886
-13.24546890843555,47.371372367770626,50.85574412345886
-13.24546890843555,47.371372367770626,50.85574412345886
-13.24546890843555,47.371372367770626,50.85574412345886
-13.042144809014985,47.312688089554484,50.85574412345886
-13.042144809014985,47.312688089554484,50.85574412345886
-13.042144809014985,47.312688089554484,50.85574412345886
-13.042144809014985,47.312688089554484,50.85574412345886
-13.042144809014985,47.312688089554484,50.85574412345886
-12.888806127127383,47.259392545284285,50.85574412345886
-12.888806127127383,47.259392545284285,50.85574412345886
-12.888806127127383,47.259392545284285,50.85574412345886
-12.888806127127383,47.259392545284285,50.85574412345886
-12.888806127127383,47.259392545284285,50.85574412345886
-12.888806127127383,47.259392545284285,50.85574412345886
-12.888806127127383,47.259392545284285,50.85574412345886
-12.743662902417919,47.18838077948736,50.85574412345886
-12.743662902417919,47.18838077948736,50.85574412345886
-12.743662902417919,47.18838077948736,50.85574412345886
-12.743662902417919,47.18838077948736,50.85574412345886
-12.743662902417919,47.18838077948736,50.85574412345886
-12.743662902417919,47.18838077948736,50.85574412345886
-12.569741969618521,47.102515645812105,50.85574412345886
-12.569741969618521,47.102515645812105,50.85574412345886
-12.569741969618521,47.102515645812105,50.85574412345886
-12.569741969618521,47.102515645812105,50.85574412345886
-12.569741969618521,47.102515645812105,50.85574412345886
-12.481977028538946,47.02932918686647,50.85574412345886
-12.481977028538946,47.02932918686647,50.85574412345886
-12.481977028538946,47.02932918686647,50.85574412345886
-12.481977028538946,47.02932918686647,50.85574412345886
-12.481977028538946,47.02932918686647,50.85574412345886
-12.481977028538946,47.02932918686647,50.85574412345886
-12.378947817894757,46.935270890652326,50.85574412345886
-12.378947817894757,46.935270890652326,50.85574412345886
-12.378947817894757,46.935270890652326,50.85574412345886
-12.378947817894757,46.935270890652326,50.85574412345886
-12.378947817894757,46.935270890652326,50.85574412345886
-12.313487695219612,46.83869025979833,50.85574412345886
-12.313487695219612,46.83869025979833,50.85574412345886
-12.313487695219612,46.83869025979833,50.85574412345886
-12.313487695219612,46.83869025979833,50.85574412345886
-12.313487695219612,46.83869025979833,50.85574412345886
-12.313487695219612,46.83869025979833,50.85574412345886
-12.273366093245478,46.756821310401165,50.85574412345886
-12.273366093245478,46.756821310401165,50.85574412345886
-12.273366093245478,46.756821310401165,50.85574412345886
-12.273366093245478,46.756821310401165,50.85574412345886
-12.237747340509296,46.63935384265634,50.85574412345886
-12.237747340509296,46.63935384265634,50.85574412345886
-12.237747340509296,46.63935384265634,50.85574412345886
-12.237747340509296,46.63935384265634,50.85574412345886
-12.237747340509296,46.63935384265634,50.85574412345886
-12.249655186389113,46.51143775261145,50.85574412345886
-12.249655186389113,46.51143775261145,50.85574412345886
-12.249655186389113,46.51143775261145,50.85574412345886
-12.249655186389113,46.51143775261145,50.85574412345886
-12.249655186389113,46.51143775261145,50.85574412345886
-12.265785481298261,46.392695033608504,50.85574412345886
-12.265785481298261,46.392695033608504,50.85574412345886
-12.265785481298261,46.392695033608504,50.85574412345886
-12.265785481298261,46.392695033608504,50.85574412345886
-12.265785481298261,46.392695033608504,50.85574412345886
-12.281537929315126,46.322769622710396,50.85574412345886
-12.281537929315126,46.322769622710396,50.85574412345886
-12.281537929315126,46.322769622710396,50.85574412345886
-12.281537929315126,46.322769622710396,50.85574412345886
-12.281537929315126,46.322769622710396,50.85574412345886
-12.280257256008275,46.174739977763494,50.85574412345886
-12.280257256008275,46.174739977763494,50.85574412345886
-12.280257256008275,46.174739977763494,50.85574412345886
-12.280257256008275,46.174739977763494,50.85574412345886
-12.280257256008275,46.174739977763494,50.85574412345886
-12.301528067546537,46.091307796578825,50.85574412345886
-12.301528067546537,46.091307796578825,50.85574412345886
-12.301528067546537,46.091307796578825,50.85574412345886
-12.301528067546537,46.091307796578825,50.85574412345886
-12.301528067546537,46.091307796578825,50.85574412345886
-12.332787360364673,46.0112390844145,50.85574412345886
-12.332787360364673,46.0112390844145,50.85574412345886
-12.332787360364673,46.0112390844145,50.85574412345886
-12.332787360364673,46.0112390844145,50.85574412345886
-12.332787360364673,46.0112390844145,50.85574412345886
-12.383860941053815,45.93174834042739,50.85574412345886
-12.383860941053815,45.93174834042739,50.85574412345886
-12.383860941053815,45.93174834042739,50.85574412345886
-12.383860941053815,45.93174834042739,50.85574412345886
-12.383860941053815,45.93174834042739,50.85574412345886
-12.383860941053815,45.93174834042739,50.85574412345886
-12.433184877899768,45.859071779466156,50.85574412345886
-12.433184877899768,45.859071779466156,50.85574412345886
-12.433184877899768,45.859071779466156,50.85574412345886
-12.433184877899768,45.859071779466156,50.85574412345886
-12.433184877899768,45.859071779466156,50.85574412345886
-12.433184877899768,45.859071779466156,50.85574412345886
-12.471408271182419,45.79391881953813,50.85574412345886
-12.471408271182419,45.79391881953813,50.85574412345886
-12.471408271182419,45.79391881953813,50.85574412345886
-12.471408271182419,45.79391881953813,50.85574412345886
-12.471408271182419,45.79391881953813,50.85574412345886
-12.528124783614324,45.75287804538815,50.85574412345886
-12.528124783614324,45.75287804538815,50.85574412345886
-12.528124783614324,45.75287804538815,50.85574412345886
-12.528124783614324,45.75287804538815,50.85574412345886
-12.528124783614324,45.75287804538815,50.85574412345886
-12.528124783614324,45.75287804538815,50.85574412345886
-12.597870741496038,45.70704991066354,50.85574412345886
-12.597870741496038,45.70704991066354,50.85574412345886
-12.597870741496038,45.70704991066354,50.85574412345886
-12.597870741496038,45.70704991066354,50.85574412345886
-12.597870741496038,45.70704991066354,50.85574412345886
-12.597870741496038,45.70704991066354,50.85574412345886
-12.597870741496038,45.70704991066354,50.85574412345886
-12.665497822439127,45.67363414178409,50.85574412345886
-12.665497822439127,45.67363414178409,50.85574412345886
-12.665497822439127,45.67363414178409,50.85574412345886
-12.665497822439127,45.67363414178409,50.85574412345886
-12.665497822439127,45.67363414178409,50.85574412345886
-12.766162712835184,45.61900602468381,50.85574412345886
-12.766162712835184,45.61900602468381,50.85574412345886
-12.766162712835184,45.61900602468381,50.85574412345886
-12.766162712835184,45.61900602468381,50.85574412345886
-12.766162712835184,45.61900602468381,50.85574412345886
-12.842259943988932,45.595355956365374,50.85574412345886
-12.842259943988932,45.595355956365374,50.85574412345886
-12.842259943988932,45.595355956365374,50.85574412345886
-12.842259943988932,45.595355956365374,50.85574412345886
-12.842259943988932,45.595355956365374,50.85574412345886
-12.842259943988932,45.595355956365374,50.85574412345886
-12.940619204534439,45.56573919176009,50.85574412345886
-12.940619204534439,45.56573919176009,50.85574412345886
-12.940619204534439,45.56573919176009,50.85574412345886
-12.940619204534439,45.56573919176009,50.85574412345886
-12.940619204534439,45.56573919176009,50.85574412345886
-12.940619204534439,45.56573919176009,50.85574412345886
-12.98324629614822,45.55859338557487,50.85574412345886
-12.98324629614822,45.55859338557487,50.85574412345886
-12.98324629614822,45.55859338557487,50.85574412345886
-12.98324629614822,45.55859338557487,50.85574412345886
-13.040201583819886,45.54753013661968,50.85574412345886
-13.040201583819886,45.54753013661968,50.85574412345886
-13.040201583819886,45.54753013661968,50.85574412345886
-13.040201583819886,45.54753013661968,50.85574412345886
-13.040201583819886,45.54753013661968,50.85574412345886
-13.040201583819886,45.54753013661968,50.85574412345886
-12.996888932826536,45.529995509818946,50.85574412345886
-12.996888932826536,45.529995509818946,50.85574412345886
-12.996888932826536,45.529995509818946,50.85574412345886
-12.996888932826536,45.529995509818946,50.85574412345886
-12.996888932826536,45.529995509818946,50.85574412345886
-12.996888932826536,45.529995509818946,50.85574412345886
-12.828136602132657,45.51718725492941,50.85574412345886
-12.828136602132657,45.51718725492941,50.85574412345886
-12.828136602132657,45.51718725492941,50.85574412345886
-12.828136602132657,45.51718725492941,50.85574412345886
-12.828136602132657,45.51718725492941,50.85574412345886
-12.828136602132657,45.51718725492941,50.85574412345886
-12.738199017187444,45.55045727211541,50.85574412345886
-12.738199017187444,45.55045727211541,50.85574412345886
-12.738199017187444,45.55045727211541,50.85574412345886
-12.738199017187444,45.55045727211541,50.85574412345886
-12.738199017187444,45.55045727211541,50.85574412345886
-12.738199017187444,45.55045727211541,50.85574412345886
-12.67447092550349,45.60247874222308,50.85574412345886
-12.67447092550349,45.60247874222308,50.85574412345886
-12.67447092550349,45.60247874222308,50.85574412345886
-12.67447092550349,45.60247874222308,50.85574412345886
-12.67447092550349,45.60247874222308,50.85574412345886
-12.67447092550349,45.60247874222308,50.85574412345886
-12.63006642438023,45.62850345569245,50.85574412345886
-12.63006642438023,45.62850345569245,50.85574412345886
-12.63006642438023,45.62850345569245,50.85574412345886
-12.63006642438023,45.62850345569245,50.85574412345886
-12.63006642438023,45.62850345569245,50.85574412345886
-12.63006642438023,45.62850345569245,50.85574412345886
-12.590863131215627,45.631209785605826,50.85574412345886
-12.590863131215627,45.631209785605826,50.85574412345886
-12.590863131215627,45.631209785605826,50.85574412345886
-12.590863131215627,45.631209785605826,50.85574412345886
-12.590863131215627,45.631209785605826,50.85574412345886
-12.559711532899744,45.62904855202922,50.85574412345886
-12.559711532899744,45.62904855202922,50.85574412345886
-12.559711532899744,45.62904855202922,50.85574412345886
-12.559711532899744,45.62904855202922,50.85574412345886
-12.559711532899744,45.62904855202922,50.85574412345886
-12.53348783082484,45.62423079431842,50.85574412345886
-12.53348783082484,45.62423079431842,50.85574412345886
-12.53348783082484,45.62423079431842,50.85574412345886
-12.53348783082484,45.62423079431842,50.85574412345886
-12.53348783082484,45.62423079431842,50.85574412345886
-12.53348783082484,45.62423079431842,50.85574412345886
-12.520851220409769,45.6224512532365,50.85574412345886
-12.520851220409769,45.6224512532365,50.85574412345886
-12.520851220409769,45.6224512532365,50.85574412345886
-12.520851220409769,45.6224512532365,50.85574412345886
-12.520851220409769,45.6224512532365,50.85574412345886
-12.520851220409769,45.6224512532365,50.85574412345886
-12.520851220409769,45.6224512532365,50.85574412345886
-12.492784275488072,45.61527455944049,50.85574412345886
-12.492784275488072,45.61527455944049,50.85574412345886
-12.492784275488072,45.61527455944049,50.85574412345886
-12.492784275488072,45.61527455944049,50.85574412345886
-12.492784275488072,45.61527455944049,50.85574412345886
-12.492784275488072,45.61527455944049,50.85574412345886
-12.492784275488072,45.61527455944049,50.85574412345886
-12.479405521221278,45.610509305099875,50.85574412345886
-12.479405521221278,45.610509305099875,50.85574412345886
-12.479405521221278,45.610509305099875,50.85574412345886
-12.479405521221278,45.610509305099875,50.85574412345886
-12.479405521221278,45.610509305099875,50.85574412345886
-12.479405521221278,45.610509305099875,50.85574412345886
-12.479405521221278,45.610509305099875,50.85574412345886
-12.479405521221278,45.610509305099875,50.85574412345886
-12.479405521221278,45.610509305099875,50.85574412345886
-12.479405521221278,45.610509305099875,50.85574412345886
-12.468120501052455,45.60682491829181,50.85574412345886
-12.468120501052455,45.60682491829181,50.85574412345886
-12.468120501052455,45.60682491829181,50.85574412345886
-12.468120501052455,45.60682491829181,50.85574412345886
-12.468120501052455,45.60682491829181,50.85574412345886
-12.428717600274686,45.59487150373492,50.85574412345886
-12.428717600274686,45.59487150373492,50.85574412345886
-12.428717600274686,45.59487150373492,50.85574412345886
-12.428717600274686,45.59487150373492,50.85574412345886
-12.428717600274686,45.59487150373492,50.85574412345886
-12.428717600274686,45.59487150373492,50.85574412345886
-12.420829036229174,45.58548538589237,50.85574412345886
-12.420829036229174,45.58548538589237,50.85574412345886
-12.420829036229174,45.58548538589237,50.85574412345886
-12.420829036229174,45.58548538589237,50.85574412345886
-12.420829036229174,45.58548538589237,50.85574412345886
-12.403039217565043,45.581464302004576,50.85574412345886
-12.403039217565043,45.581464302004576,50.85574412345886
-12.403039217565043,45.581464302004576,50.85574412345886
-12.403039217565043,45.581464302004576,50.85574412345886
-12.403039217565043,45.581464302004576,50.85574412345886
-12.403039217565043,45.581464302004576,50.85574412345886
-12.37628978760615,45.56464565912125,50.85574412345886
-12.37628978760615,45.56464565912125,50.85574412345886
-12.37628978760615,45.56464565912125,50.85574412345886
-12.37628978760615,45.56464565912125,50.85574412345886
-12.37628978760615,45.56464565912125,50.85574412345886
-12.351871004573448,45.551873711323864,50.85574412345886
-12.351871004573448,45.551873711323864,50.85574412345886
-12.351871004573448,45.551873711323864,50.85574412345886
-12.351871004573448,45.551873711323864,50.85574412345886
-12.351871004573448,45.551873711323864,50.85574412345886
-12.351871004573448,45.551873711323864,50.85574412345886
-12.345395847569302,45.5498985753761,50.85574412345886
-12.345395847569302,45.5498985753761,50.85574412345886
-12.345395847569302,45.5498985753761,50.85574412345886
-12.345395847569302,45.5498985753761,50.85574412345886
-12.345395847569302,45.5498985753761,50.85574412345886
-12.3234001038679,45.52433884252653,50.85574412345886
-12.3234001038679,45.52433884252653,50.85574412345886
-12.3234001038679,45.52433884252653,50.85574412345886
-12.3234001038679,45.52433884252653,50.85574412345886
-12.3234001038679,45.52433884252653,50.85574412345886
-12.3234001038679,45.52433884252653,50.85574412345886
-12.292610802683534,45.50798167917931,50.85574412345886
-12.292610802683534,45.50798167917931,50.85574412345886
-12.292610802683534,45.50798167917931,50.85574412345886
-12.292610802683534,45.50798167917931,50.85574412345886
-12.292610802683534,45.50798167917931,50.85574412345886
-12.292610802683534,45.50798167917931,50.85574412345886
-12.276674759419768,45.50117221237797,50.85574412345886
-12.276674759419768,45.50117221237797,50.85574412345886
-12.276674759419768,45.50117221237797,50.85574412345886
-12.276674759419768,45.50117221237797,50.85574412345886
-12.276674759419768,45.50117221237797,50.85574412345886
-12.276674759419768,45.50117221237797,50.85574412345886
-12.276674759419768,45.50117221237797,50.85574412345886
-12.276674759419768,45.50117221237797,50.85574412345886
-12.258442269967816,45.4750651861646,50.85574412345886
-12.258442269967816,45.4750651861646,50.85574412345886
-12.258442269967816,45.4750651861646,50.85574412345886
-12.258442269967816,45.4750651861646,50.85574412345886
-12.258442269967816,45.4750651861646,50.85574412345886
-12.258442269967816,45.4750651861646,50.85574412345886
-12.235166106772636,45.453590796093536,50.85574412345886
-12.235166106772636,45.453590796093536,50.85574412345886
-12.235166106772636,45.453590796093536,50.85574412345886
-12.235166106772636,45.453590796093536,50.85574412345886
-12.235166106772636,45.453590796093536,50.85574412345886
-12.235166106772636,45.453590796093536,50.85574412345886
-12.235166106772636,45.453590796093536,50.85574412345886
-12.235166106772636,45.453590796093536,50.85574412345886
-12.195158956288742,45.429820654788784,50.85574412345886
-12.195158956288742,45.429820654788784,50.85574412345886
-12.195158956288742,45.429820654788784,50.85574412345886
-12.195158956288742,45.429820654788784,50.85574412345886
-12.195158956288742,45.429820654788784,50.85574412345886
-12.195158956288742,45.429820654788784,50.85574412345886
-12.195158956288742,45.429820654788784,50.85574412345886
-12.195158956288742,45.429820654788784,50.85574412345886
-12.195158956288742,45.429820654788784,50.85574412345886
-12.177041805187137,45.39690845807005,50.85574412345886
-12.177041805187137,45.39690845807005,50.85574412345886
-12.177041805187137,45.39690845807005,50.85574412345886
-12.177041805187137,45.39690845807005,50.85574412345886
-12.177041805187137,45.39690845807005,50.85574412345886
-12.177041805187137,45.39690845807005,50.85574412345886
-12.149767630717152,45.37180180826803,50.85574412345886
-12.149767630717152,45.37180180826803,50.85574412345886
-12.149767630717152,45.37180180826803,50.85574412345886
-12.149767630717152,45.37180180826803,50.85574412345886
-12.149767630717152,45.37180180826803,50.85574412345886
-12.149767630717152,45.37180180826803,50.85574412345886
-12.12851575259745,45.35241467879291,50.85574412345886
-12.12851575259745,45.35241467879291,50.85574412345886
-12.12851575259745,45.35241467879291,50.85574412345886
-12.12851575259745,45.35241467879291,50.85574412345886
-12.12851575259745,45.35241467879291,50.85574412345886
-12.106809489531166,45.329395113877,50.85574412345886
-12.106809489531166,45.329395113877,50.85574412345886
-12.106809489531166,45.329395113877,50.85574412345886
-12.106809489531166,45.329395113877,50.85574412345886
-12.106809489531166,45.329395113877,50.85574412345886
-12.106809489531166,45.329395113877,50.85574412345886
-12.113133819498731,45.335820324746194,50.85574412345886
-12.113133819498731,45.335820324746194,50.85574412345886
-12.113133819498731,45.335820324746194,50.85574412345886
-12.113133819498731,45.335820324746194,50.85574412345886
-12.113133819498731,45.335820324746194,50.85574412345886
-12.08663779441356,45.304392208191786,50.85574412345886
-12.08663779441356,45.304392208191786,50.85574412345886
-12.08663779441356,45.304392208191786,50.85574412345886
-12.08663779441356,45.304392208191786,50.85574412345886
-12.08663779441356,45.304392208191786,50.85574412345886
-12.073081134264383,45.28004579650337,50.85574412345886
-12.073081134264383,45.28004579650337,50.85574412345886
-12.073081134264383,45.28004579650337,50.85574412345886
-12.073081134264383,45.28004579650337,50.85574412345886
-12.073081134264383,45.28004579650337,50.85574412345886
-12.073081134264383,45.28004579650337,50.85574412345886
-12.05888489858393,45.25225437114055,50.85574412345886
-12.05888489858393,45.25225437114055,50.85574412345886
-12.05888489858393,45.25225437114055,50.85574412345886
-12.05888489858393,45.25225437114055,50.85574412345886
-12.05888489858393,45.25225437114055,50.85574412345886
-12.05888489858393,45.25225437114055,50.85574412345886
-12.05888489858393,45.25225437114055,50.85574412345886
-12.049282180378409,45.233555464943,50.85574412345886
-12.049282180378409,45.233555464943,50.85574412345886
-12.049282180378409,45.233555464943,50.85574412345886
-12.049282180378409,45.233555464943,50.85574412345886
-12.049282180378409,45.233555464943,50.85574412345886
-12.041481451558282,45.21152250103229,50.85574412345886
-12.041481451558282,45.21152250103229,50.85574412345886
-12.041481451558282,45.21152250103229,50.85574412345886
-12.041481451558282,45.21152250103229,50.85574412345886
-12.041481451558282,45.21152250103229,50.85574412345886
-12.041481451558282,45.21152250103229,50.85574412345886
-12.022722722876313,45.179152408856666,50.85574412345886
-12.022722722876313,45.179152408856666,50.85574412345886
-12.022722722876313,45.179152408856666,50.85574412345886
-12.022722722876313,45.179152408856666,50.85574412345886
-12.022722722876313,45.179152408856666,50.85574412345886
-12.022722722876313,45.179152408856666,50.85574412345886
-12.010363684267405,45.163945323896115,50.85574412345886
-12.010363684267405,45.163945323896115,50.85574412345886
-12.010363684267405,45.163945323896115,50.85574412345886
-12.010363684267405,45.163945323896115,50.85574412345886
-12.010363684267405,45.163945323896115,50.85574412345886
-12.010363684267405,45.163945323896115,50.85574412345886
-12.008385524946172,45.133354445464924,50.85574412345886
-12.008385524946172,45.133354445464924,50.85574412345886
-12.008385524946172,45.133354445464924,50.85574412345886
-12.008385524946172,45.133354445464924,50.85574412345886
-12.008385524946172,45.133354445464924,50.85574412345886
-12.008385524946172,45.133354445464924,50.85574412345886
-11.997520010273355,45.10920350819988,50.85574412345886
-11.997520010273355,45.10920350819988,50.85574412345886
-11.997520010273355,45.10920350819988,50.85574412345886
-11.997520010273355,45.10920350819988,50.85574412345886
-11.997520010273355,45.10920350819988,50.85574412345886
-11.997520010273355,45.10920350819988,50.85574412345886
-11.994897402490023,45.0803105522162,50.85574412345886
-11.994897402490023,45.0803105522162,50.85574412345886
-11.994897402490023,45.0803105522162,50.85574412345886
-11.994897402490023,45.0803105522162,50.85574412345886
-11.994897402490023,45.0803105522162,50.85574412345886
-11.994897402490023,45.0803105522162,50.85574412345886
-11.994897402490023,45.0803105522162,50.85574412345886
-11.98089733995896,45.04923930801585,50.85574412345886
-11.98089733995896,45.04923930801585,50.85574412345886
-11.98089733995896,45.04923930801585,50.85574412345886
-11.98089733995896,45.04923930801585,50.85574412345886
-11.98089733995896,45.04923930801585,50.85574412345886
-11.98089733995896,45.04923930801585,50.85574412345886
-11.969295444019679,45.00830137311552,50.85574412345886
-11.969295444019679,45.00830137311552,50.85574412345886
-11.969295444019679,45.00830137311552,50.85574412345886
-11.969295444019679,45.00830137311552,50.85574412345886
-11.969295444019679,45.00830137311552,50.85574412345886
-11.973136107989909,44.975227326982434,50.85574412345886
-11.973136107989909,44.975227326982434,50.85574412345886
-11.973136107989909,44.975227326982434,50.85574412345886
-11.973136107989909,44.975227326982434,50.85574412345886
-11.973136107989909,44.975227326982434,50.85574412345886
-11.973136107989909,44.975227326982434,50.85574412345886
-11.967028717298362,44.9551045979068,50.85574412345886
-11.967028717298362,44.9551045979068,50.85574412345886
-11.967028717298362,44.9551045979068,50.85574412345886
-11.967028717298362,44.9551045979068,50.85574412345886
-11.967028717298362,44.9551045979068,50.85574412345886
-11.967028717298362,44.9551045979068,50.85574412345886
-11.960037027823384,44.918861279553454,50.85574412345886
-11.960037027823384,44.918861279553454,50.85574412345886
-11.960037027823384,44.918861279553454,50.85574412345886
-11.960037027823384,44.918861279553454,50.85574412345886
-11.960037027823384,44.918861279553454,50.85574412345886
-11.96705080181501,44.89440464423462,50.85574412345886
-11.96705080181501,44.89440464423462,50.85574412345886
-11.96705080181501,44.89440464423462,50.85574412345886
-11.96705080181501,44.89440464423462,50.85574412345886
-11.96705080181501,44.89440464423462,50.85574412345886
-11.96705080181501,44.89440464423462,50.85574412345886
-11.952348533821382,44.84702426563302,50.85574412345886
-11.952348533821382,44.84702426563302,50.85574412345886
-11.952348533821382,44.84702426563302,50.85574412345886
-11.952348533821382,44.84702426563302,50.85574412345886
-11.952348533821382,44.84702426563302,50.85574412345886
-11.952348533821382,44.84702426563302,50.85574412345886
-11.94844502591215,44.8165499083395,50.85574412345886
-11.94844502591215,44.8165499083395,50.85574412345886
-11.94844502591215,44.8165499083395,50.85574412345886
-11.94844502591215,44.8165499083395,50.85574412345886
-11.94844502591215,44.8165499083395,50.85574412345886
-11.94844502591215,44.8165499083395,50.85574412345886
-11.950386830195171,44.7716430963209,50.85574412345886
-11.950386830195171,44.7716430963209,50.85574412345886
-11.950386830195171,44.7716430963209,50.85574412345886
-11.950386830195171,44.7716430963209,50.85574412345886
-11.950386830195171,44.7716430963209,50.85574412345886
-11.950386830195171,44.7716430963209,50.85574412345886
-11.949648295693176,44.75164871028984,50.85574412345886
-11.949648295693176,44.75164871028984,50.85574412345886
-11.949648295693176,44.75164871028984,50.85574412345886
-11.949648295693176,44.75164871028984,50.85574412345886
-11.949648295693176,44.75164871028984,50.85574412345886
-11.954429906024588,44.72562823370535,50.85574412345886
-11.954429906024588,44.72562823370535,50.85574412345886
-11.954429906024588,44.72562823370535,50.85574412345886
-11.954429906024588,44.72562823370535,50.85574412345886
-11.962992881218383,44.691867051911004,50.85574412345886
-11.962992881218383,44.691867051911004,50.85574412345886
-11.962992881218383,44.691867051911004,50.85574412345886
-11.962992881218383,44.691867051911004,50.85574412345886
-11.962992881218383,44.691867051911004,50.85574412345886
-11.965510653767582,44.658848035589315,50.85574412345886
-11.965510653767582,44.658848035589315,50.85574412345886
-11.965510653767582,44.658848035589315,50.85574412345886
-11.965510653767582,44.658848035589315,50.85574412345886
-11.965510653767582,44.658848035589315,50.85574412345886
-11.967618071754991,44.614108818819,50.85574412345886
-11.967618071754991,44.614108818819,50.85574412345886
-11.967618071754991,44.614108818819,50.85574412345886
-11.967618071754991,44.614108818819,50.85574412345886
-11.967618071754991,44.614108818819,50.85574412345886
-11.979665373547379,44.58376719728058,50.85574412345886
-11.979665373547379,44.58376719728058,50.85574412345886
-11.979665373547379,44.58376719728058,50.85574412345886
-11.979665373547379,44.58376719728058,50.85574412345886
-11.994739294946674,44.554148104341465,50.85574412345886
-11.994739294946674,44.554148104341465,50.85574412345886
-11.994739294946674,44.554148104341465,50.85574412345886
-11.994739294946674,44.554148104341465,50.85574412345886
-12.00153843296655,44.52484026403995,50.85574412345886
-12.00153843296655,44.52484026403995,50.85574412345886
-12.00153843296655,44.52484026403995,50.85574412345886
-12.00153843296655,44.52484026403995,50.85574412345886
-12.00153843296655,44.52484026403995,50.85574412345886
-11.999738773222843,44.49141621073254,50.85574412345886
-11.999738773222843,44.49141621073254,50.85574412345886
-11.999738773222843,44.49141621073254,50.85574412345886
-11.999738773222843,44.49141621073254,50.85574412345886
-11.999738773222843,44.49141621073254,50.85574412345886
-12.0036996220957,44.47839993214055,50.85574412345886
-12.0036996220957,44.47839993214055,50.85574412345886
-12.0036996220957,44.47839993214055,50.85574412345886
-12.0036996220957,44.47839993214055,50.85574412345886
-12.015647547079269,44.4610634392455,50.85574412345886
-12.015647547079269,44.4610634392455,50.85574412345886
-12.015647547079269,44.4610634392455,50.85574412345886
-12.015647547079269,44.4610634392455,50.85574412345886
-12.015647547079269,44.4610634392455,50.85574412345886
-12.00920014781688,44.44136563713024,50.85574412345886
-12.00920014781688,44.44136563713024,50.85574412345886
-12.00920014781688,44.44136563713024,50.85574412345886
-12.00920014781688,44.44136563713024,50.85574412345886
-12.021213481882716,44.39513923280466,50.85574412345886
-12.021213481882716,44.39513923280466,50.85574412345886
-12.021213481882716,44.39513923280466,50.85574412345886
-12.021213481882716,44.39513923280466,50.85574412345886
-12.021213481882716,44.39513923280466,50.85574412345886
-12.025547329331175,44.39843878073129,50.85574412345886
-12.025547329331175,44.39843878073129,50.85574412345886
-12.025547329331175,44.39843878073129,50.85574412345886
-12.025547329331175,44.39843878073129,50.85574412345886
-12.025547329331175,44.39843878073129,50.85574412345886
-12.026968001298238,44.38121396501607,50.85574412345886
-12.026968001298238,44.38121396501607,50.85574412345886
-12.026968001298238,44.38121396501607,50.85574412345886
-12.026968001298238,44.38121396501607,50.85574412345886
-12.043563040434869,44.34214506526152,50.85574412345886
-12.043563040434869,44.34214506526152,50.85574412345886
-12.043563040434869,44.34214506526152,50.85574412345886
-12.043563040434869,44.34214506526152,50.85574412345886
-12.043563040434869,44.34214506526152,50.85574412345886
-12.043563040434869,44.34214506526152,50.85574412345886
-12.05609685679014,44.32799090220304,50.85574412345886
-12.05609685679014,44.32799090220304,50.85574412345886
-12.05609685679014,44.32799090220304,50.85574412345886
-12.05609685679014,44.32799090220304,50.85574412345886
-12.05609685679014,44.32799090220304,50.85574412345886
-12.05609685679014,44.32799090220304,50.85574412345886
-12.081700641004181,44.29445337427335,50.85574412345886
-12.081700641004181,44.29445337427335,50.85574412345886
-12.081700641004181,44.29445337427335,50.85574412345886
-12.081700641004181,44.29445337427335,50.85574412345886
-12.099069904827877,44.26957454248103,50.85574412345886
-12.099069904827877,44.26957454248103,50.85574412345886
-12.099069904827877,44.26957454248103,50.85574412345886
-12.099069904827877,44.26957454248103,50.85574412345886
-12.099069904827877,44.26957454248103,50.85574412345886
-12.109089179105368,44.23942240639737,50.85574412345886
-12.109089179105368,44.23942240639737,50.85574412345886
-12.109089179105368,44.23942240639737,50.85574412345886
-12.109089179105368,44.23942240639737,50.85574412345886
-12.109089179105368,44.23942240639737,50.85574412345886
-12.135611448472561,44.19864825603357,50.85574412345886
-12.135611448472561,44.19864825603357,50.85574412345886
-12.135611448472561,44.19864825603357,50.85574412345886
-12.135611448472561,44.19864825603357,50.85574412345886
-12.135611448472561,44.19864825603357,50.85574412345886
-12.135611448472561,44.19864825603357,50.85574412345886
-12.135611448472561,44.19864825603357,50.85574412345886
-12.164652748028217,44.13957316242507,50.85574412345886
-12.164652748028217,44.13957316242507,50.85574412345886
-12.164652748028217,44.13957316242507,50.85574412345886
-12.164652748028217,44.13957316242507,50.85574412345886
-12.164652748028217,44.13957316242507,50.85574412345886
-12.204201751433816,44.08551680008689,50.85574412345886
-12.204201751433816,44.08551680008689,50.85574412345886
-12.204201751433816,44.08551680008689,50.85574412345886
-12.204201751433816,44.08551680008689,50.85574412345886
-12.204201751433816,44.08551680008689,50.85574412345886
-12.204201751433816,44.08551680008689,50.85574412345886
-12.19801067699188,44.0693056363191,50.85574412345886
-12.19801067699188,44.0693056363191,50.85574412345886
-12.19801067699188,44.0693056363191,50.85574412345886
-12.19801067699188,44.0693056363191,50.85574412345886
-12.22192841546835,44.05962011066883,50.85574412345886
-12.22192841546835,44.05962011066883,50.85574412345886
-12.22192841546835,44.05962011066883,50.85574412345886
-12.22192841546835,44.05962011066883,50.85574412345886
-12.22192841546835,44.05962011066883,50.85574412345886
-12.247447290451925,44.0274552248856,50.85574412345886
-12.247447290451925,44.0274552248856,50.85574412345886
-12.247447290451925,44.0274552248856,50.85574412345886
-12.247447290451925,44.0274552248856,50.85574412345886
-12.247447290451925,44.0274552248856,50.85574412345886
-12.270444509990007,44.010615200181206,50.85574412345886
-12.270444509990007,44.010615200181206,50.85574412345886
-12.270444509990007,44.010615200181206,50.85574412345886
-12.270444509990007,44.010615200181206,50.85574412345886
-12.307972205706275,43.98887439568698,50.85574412345886
-12.307972205706275,43.98887439568698,50.85574412345886
-12.307972205706275,43.98887439568698,50.85574412345886
-12.307972205706275,43.98887439568698,50.85574412345886
-12.307972205706275,43.98887439568698,50.85574412345886
-12.316275030275907,43.971808232768616,50.85574412345886
-12.316275030275907,43.971808232768616,50.85574412345886
-12.316275030275907,43.971808232768616,50.85574412345886
-12.316275030275907,43.971808232768616,50.85574412345886
-12.316275030275907,43.971808232768616,50.85574412345886
-12.351928924772027,43.94327241201124,50.85574412345886
-12.351928924772027,43.94327241201124,50.85574412345886
-12.351928924772027,43.94327241201124,50.85574412345886
-12.351928924772027,43.94327241201124,50.85574412345886
-12.351928924772027,43.94327241201124,50.85574412345886
-12.382441503397384,43.89943852504082,50.85574412345886
-12.382441503397384,43.89943852504082,50.85574412345886
-12.382441503397384,43.89943852504082,50.85574412345886
-12.382441503397384,43.89943852504082,50.85574412345886
-12.382441503397384,43.89943852504082,50.85574412345886
-12.382441503397384,43.89943852504082,50.85574412345886
-12.39615581521527,43.88903786582748,50.85574412345886
-12.39615581521527,43.88903786582748,50.85574412345886
-12.39615581521527,43.88903786582748,50.85574412345886
-12.39615581521527,43.88903786582748,50.85574412345886
-12.39615581521527,43.88903786582748,50.85574412345886
-12.39615581521527,43.88903786582748,50.85574412345886
-12.39615581521527,43.88903786582748,50.85574412345886
-12.445563680386085,43.84524730840462,50.85574412345886
-12.445563680386085,43.84524730840462,50.85574412345886
-12.445563680386085,43.84524730840462,50.85574412345886
-12.445563680386085,43.84524730840462,50.85574412345886
-12.445563680386085,43.84524730840462,50.85574412345886
-12.445563680386085,43.84524730840462,50.85574412345886
-12.491873855527013,43.82726963637199,50.85574412345886
-12.491873855527013,43.82726963637199,50.85574412345886
-12.491873855527013,43.82726963637199,50.85574412345886
-12.491873855527013,43.82726963637199,50.85574412345886
-12.491873855527013,43.82726963637199,50.85574412345886
-12.491873855527013,43.82726963637199,50.85574412345886
-12.491873855527013,43.82726963637199,50.85574412345886
-12.567429228421805,43.76880434935013,50.85574412345886
-12.567429228421805,43.76880434935013,50.85574412345886
-12.567429228421805,43.76880434935013,50.85574412345886
-12.567429228421805,43.76880434935013,50.85574412345886
-12.567429228421805,43.76880434935013,50.85574412345886
-12.567429228421805,43.76880434935013,50.85574412345886
-12.617634254241002,43.74296183161996,50.85574412345886
-12.617634254241002,43.74296183161996,50.85574412345886
-12.617634254241002,43.74296183161996,50.85574412345886
-12.617634254241002,43.74296183161996,50.85574412345886
-12.651946940178178,43.701907572828475,50.85574412345886
-12.651946940178178,43.701907572828475,50.85574412345886
-12.651946940178178,43.701907572828475,50.85574412345886
-12.651946940178178,43.701907572828475,50.85574412345886
-12.651946940178178,43.701907572828475,50.85574412345886
-12.651946940178178,43.701907572828475,50.85574412345886
-12.651946940178178,43.701907572828475,50.85574412345886
-12.721579320809674,43.664154836915955,50.85574412345886
-12.721579320809674,43.664154836915955,50.85574412345886
-12.721579320809674,43.664154836915955,50.85574412345886
-12.721579320809674,43.664154836915955,50.85574412345886
-12.721579320809674,43.664154836915955,50.85574412345886
-12.786091054116564,43.628718558260516,50.85574412345886
-12.786091054116564,43.628718558260516,50.85574412345886
-12.786091054116564,43.628718558260516,50.85574412345886
-12.786091054116564,43.628718558260516,50.85574412345886
-12.786091054116564,43.628718558260516,50.85574412345886
-12.786091054116564,43.628718558260516,50.85574412345886
-12.786091054116564,43.628718558260516,50.85574412345886
-12.844024845248505,43.58923929677936,50.85574412345886
-12.844024845248505,43.58923929677936,50.85574412345886
-12.844024845248505,43.58923929677936,50.85574412345886
-12.844024845248505,43.58923929677936,50.85574412345886
-12.844024845248505,43.58923929677936,50.85574412345886
-12.844024845248505,43.58923929677936,50.85574412345886
-12.844024845248505,43.58923929677936,50.85574412345886
-12.913125099386848,43.53194922600475,50.85574412345886
-12.913125099386848,43.53194922600475,50.85574412345886
-12.913125099386848,43.53194922600475,50.85574412345886
-12.913125099386848,43.53194922600475,50.85574412345886
-12.913125099386848,43.53194922600475,50.85574412345886
-13.007048107456576,43.45680583952395,50.85574412345886
-13.007048107456576,43.45680583952395,50.85574412345886
-13.007048107456576,43.45680583952395,50.85574412345886
-13.007048107456576,43.45680583952395,50.85574412345886
-13.007048107456576,43.45680583952395,50.85574412345886
-13.056480266627318,43.40273097687666,50.85574412345886
-13.056480266627318,43.40273097687666,50.85574412345886
-13.056480266627318,43.40273097687666,50.85574412345886
-13.056480266627318,43.40273097687666,50.85574412345886
-13.056480266627318,43.40273097687666,50.85574412345886
-13.056480266627318,43.40273097687666,50.85574412345886
-13.056480266627318,43.40273097687666,50.85574412345886
-13.097991518407936,43.34837634977906,50.85574412345886
-13.097991518407936,43.34837634977906,50.85574412345886
-13.097991518407936,43.34837634977906,50.85574412345886
-13.097991518407936,43.34837634977906,50.85574412345886
-13.097991518407936,43.34837634977906,50.85574412345886
-13.097991518407936,43.34837634977906,50.85574412345886
-13.177938569381384,43.293662550740656,50.85574412345886
-13.177938569381384,43.293662550740656,50.85574412345886
-13.177938569381384,43.293662550740656,50.85574412345886
-13.177938569381384,43.293662550740656,50.85574412345886
-13.177938569381384,43.293662550740656,50.85574412345886
-13.257800918473249,43.20917580052968,50.85574412345886
-13.257800918473249,43.20917580052968,50.85574412345886
-13.257800918473249,43.20917580052968,50.85574412345886
-13.257800918473249,43.20917580052968,50.85574412345886
-13.257800918473249,43.20917580052968,50.85574412345886
-13.337740646043677,43.13307474390644,50.85574412345886
-13.337740646043677,43.13307474390644,50.85574412345886
-13.337740646043677,43.13307474390644,50.85574412345886
-13.337740646043677,43.13307474390644,50.85574412345886
-13.337740646043677,43.13307474390644,50.85574412345886
-13.337740646043677,43.13307474390644,50.85574412345886
-13.337740646043677,43.13307474390644,50.85574412345886
-13.4170214176826,43.05695398414372,50.85574412345886
-13.4170214176826,43.05695398414372,50.85574412345886
-13.4170214176826,43.05695398414372,50.85574412345886
-13.4170214176826,43.05695398414372,50.85574412345886
-13.4170214176826,43.05695398414372,50.85574412345886
-13.4170214176826,43.05695398414372,50.85574412345886
-13.4170214176826,43.05695398414372,50.85574412345886
-13.4170214176826,43.05695398414372,50.85574412345886
-13.52887474457475,42.94133871227671,50.85574412345886
-13.52887474457475,42.94133871227671,50.85574412345886
-13.52887474457475,42.94133871227671,50.85574412345886
-13.52887474457475,42.94133871227671,50.85574412345886
-13.52887474457475,42.94133871227671,50.85574412345886
-13.52887474457475,42.94133871227671,50.85574412345886
-13.640115267843042,42.821421043546934,50.85574412345886
-13.640115267843042,42.821421043546934,50.85574412345886
-13.640115267843042,42.821421043546934,50.85574412345886
-13.640115267843042,42.821421043546934,50.85574412345886
-13.640115267843042,42.821421043546934,50.85574412345886
-13.640115267843042,42.821421043546934,50.85574412345886
-13.767483283442274,42.696900688351285,50.85574412345886
-13.767483283442274,42.696900688351285,50.85574412345886
-13.767483283442274,42.696900688351285,50.85574412345886
-13.767483283442274,42.696900688351285,50.85574412345886
-13.767483283442274,42.696900688351285,50.85574412345886
-13.767483283442274,42.696900688351285,50.85574412345886
-13.767483283442274,42.696900688351285,50.85574412345886
-13.835770263134298,42.62650846969547,50.85574412345886
-13.835770263134298,42.62650846969547,50.85574412345886
-13.835770263134298,42.62650846969547,50.85574412345886
-13.835770263134298,42.62650846969547,50.85574412345886
-13.835770263134298,42.62650846969547,50.85574412345886
-13.835770263134298,42.62650846969547,50.85574412345886
-13.944668351080006,42.497176301509654,50.85574412345886
-13.944668351080006,42.497176301509654,50.85574412345886
-13.944668351080006,42.497176301509654,50.85574412345886
-13.944668351080006,42.497176301509654,50.85574412345886
-13.944668351080006,42.497176301509654,50.85574412345886
-14.01829864924115,42.404549954422315,50.85574412345886
-14.01829864924115,42.404549954422315,50.85574412345886
-14.01829864924115,42.404549954422315,50.85574412345886
-14.01829864924115,42.404549954422315,50.85574412345886
-14.01829864924115,42.404549954422315,50.85574412345886
-14.01829864924115,42.404549954422315,50.85574412345886
-14.10612408015128,42.302795048954486,50.85574412345886
-14.10612408015128,42.302795048954486,50.85574412345886
-14.10612408015128,42.302795048954486,50.85574412345886
-14.10612408015128,42.302795048954486,50.85574412345886
-14.10612408015128,42.302795048954486,50.85574412345886
-14.10612408015128,42.302795048954486,50.85574412345886
-14.10612408015128,42.302795048954486,50.85574412345886
-14.227433978388934,42.155620403236334,50.85574412345886
-14.227433978388934,42.155620403236334,50.85574412345886
-14.227433978388934,42.155620403236334,50.85574412345886
-14.227433978388934,42.155620403236334,50.85574412345886
-14.227433978388934,42.155620403236334,50.85574412345886
-14.307263519755113,42.05675764827107,50.85574412345886
-14.307263519755113,42.05675764827107,50.85574412345886
-14.307263519755113,42.05675764827107,50.85574412345886
-14.307263519755113,42.05675764827107,50.85574412345886
-14.307263519755113,42.05675764827107,50.85574412345886
-14.378658014118535,41.963948936222806,50.85574412345886
-14.378658014118535,41.963948936222806,50.85574412345886
-14.378658014118535,41.963948936222806,50.85574412345886
-14.378658014118535,41.963948936222806,50.85574412345886
-14.378658014118535,41.963948936222806,50.85574412345886
-14.378658014118535,41.963948936222806,50.85574412345886
-14.45782844798064,41.86336205467614,50.85574412345886
-14.45782844798064,41.86336205467614,50.85574412345886
-14.45782844798064,41.86336205467614,50.85574412345886
-14.45782844798064,41.86336205467614,50.85574412345886
-14.45782844798064,41.86336205467614,50.85574412345886
-14.45782844798064,41.86336205467614,50.85574412345886
-14.590811332625425,41.707668163661275,50.85574412345886
-14.590811332625425,41.707668163661275,50.85574412345886
-14.590811332625425,41.707668163661275,50.85574412345886
-14.590811332625425,41.707668163661275,50.85574412345886
-14.590811332625425,41.707668163661275,50.85574412345886
-14.675487481841287,41.599749269760935,50.85574412345886
-14.675487481841287,41.599749269760935,50.85574412345886
-14.675487481841287,41.599749269760935,50.85574412345886
-14.675487481841287,41.599749269760935,50.85574412345886
-14.675487481841287,41.599749269760935,50.85574412345886
-14.675487481841287,41.599749269760935,50.85574412345886
-14.751378745696503,41.488579752847556,50.85574412345886
-14.751378745696503,41.488579752847556,50.85574412345886
-14.751378745696503,41.488579752847556,50.85574412345886
-14.751378745696503,41.488579752847556,50.85574412345886
-14.751378745696503,41.488579752847556,50.85574412345886
-14.845748910192162,41.36247110466025,50.85574412345886
-14.845748910192162,41.36247110466025,50.85574412345886
-14.845748910192162,41.36247110466025,50.85574412345886
-14.845748910192162,41.36247110466025,50.85574412345886
-14.845748910192162,41.36247110466025,50.85574412345886
-14.845748910192162,41.36247110466025,50.85574412345886
-14.981049951353434,41.208369663267476,50.85574412345886
-14.981049951353434,41.208369663267476,50.85574412345886
-14.981049951353434,41.208369663267476,50.85574412345886
-14.981049951353434,41.208369663267476,50.85574412345886
-14.981049951353434,41.208369663267476,50.85574412345886
-14.981049951353434,41.208369663267476,50.85574412345886
-15.072652631257288,41.09875156805522,50.85574412345886
-15.072652631257288,41.09875156805522,50.85574412345886
-15.072652631257288,41.09875156805522,50.85574412345886
-15.072652631257288,41.09875156805522,50.85574412345886
-15.072652631257288,41.09875156805522,50.85574412345886
-15.168570664561697,40.98425543010143,50.85574412345886
-15.168570664561697,40.98425543010143,50.85574412345886
-15.168570664561697,40.98425543010143,50.85574412345886
-15.168570664561697,40.98425543010143,50.85574412345886
-15.168570664561697,40.98425543010143,50.85574412345886
-15.168570664561697,40.98425543010143,50.85574412345886
-15.25728011049822,40.889572853519304,50.85574412345886
-15.25728011049822,40.889572853519304,50.85574412345886
-15.25728011049822,40.889572853519304,50.85574412345886
-15.25728011049822,40.889572853519304,50.85574412345886
-15.25728011049822,40.889572853519304,50.85574412345886
-15.341580184182034,40.78415762815845,50.85574412345886
-15.341580184182034,40.78415762815845,50.85574412345886
-15.341580184182034,40.78415762815845,50.85574412345886
-15.341580184182034,40.78415762815845,50.85574412345886
-15.341580184182034,40.78415762815845,50.85574412345886
-15.341580184182034,40.78415762815845,50.85574412345886
-15.455786431448756,40.63855399901364,50.85574412345886
-15.455786431448756,40.63855399901364,50.85574412345886
-15.455786431448756,40.63855399901364,50.85574412345886
-15.455786431448756,40.63855399901364,50.85574412345886
-15.455786431448756,40.63855399901364,50.85574412345886
-15.544433033869865,40.53216958500465,50.85574412345886
-15.544433033869865,40.53216958500465,50.85574412345886
-15.544433033869865,40.53216958500465,50.85574412345886
-15.544433033869865,40.53216958500465,50.85574412345886
-15.544433033869865,40.53216958500465,50.85574412345886
-15.544433033869865,40.53216958500465,50.85574412345886
-15.633970480494916,40.42890429870999,50.85574412345886
-15.633970480494916,40.42890429870999,50.85574412345886
-15.633970480494916,40.42890429870999,50.85574412345886
-15.633970480494916,40.42890429870999,50.85574412345886
-15.633970480494916,40.42890429870999,50.85574412345886
-15.633970480494916,40.42890429870999,50.85574412345886
-15.633970480494916,40.42890429870999,50.85574412345886
-15.717581137689349,40.32825424362827,50.85574412345886
-15.717581137689349,40.32825424362827,50.85574412345886
-15.717581137689349,40.32825424362827,50.85574412345886
-15.717581137689349,40.32825424362827,50.85574412345886
-15.717581137689349,40.32825424362827,50.85574412345886
-15.848049093015764,40.18260608471509,50.85574412345886
-15.848049093015764,40.18260608471509,50.85574412345886
-15.848049093015764,40.18260608471509,50.85574412345886
-15.848049093015764,40.18260608471509,50.85574412345886
-15.848049093015764,40.18260608471509,50.85574412345886
-15.848049093015764,40.18260608471509,50.85574412345886
-15.93462773445648,40.08832160222271,50.85574412345886
-15.93462773445648,40.08832160222271,50.85574412345886
-15.93462773445648,40.08832160222271,50.85574412345886
-15.93462773445648,40.08832160222271,50.85574412345886
-15.93462773445648,40.08832160222271,50.85574412345886
-15.93462773445648,40.08832160222271,50.85574412345886
-15.93462773445648,40.08832160222271,50.85574412345886
-16.07946389637982,39.928146688545155,50.85574412345886
-16.07946389637982,39.928146688545155,50.85574412345886
-16.07946389637982,39.928146688545155,50.85574412345886
-16.07946389637982,39.928146688545155,50.85574412345886
-16.07946389637982,39.928146688545155,50.85574412345886
-16.07946389637982,39.928146688545155,50.85574412345886
-16.07946389637982,39.928146688545155,50.85574412345886
-16.183642720119803,39.8158812758403,50.85574412345886
-16.183642720119803,39.8158812758403,50.85574412345886
-16.183642720119803,39.8158812758403,50.85574412345886
-16.183642720119803,39.8158812758403,50.85574412345886
-16.183642720119803,39.8158812758403,50.85574412345886
-16.183642720119803,39.8158812758403,50.85574412345886
-16.326110096803408,39.6537500479598,50.85574412345886
-16.326110096803408,39.6537500479598,50.85574412345886
-16.326110096803408,39.6537500479598,50.85574412345886
-16.326110096803408,39.6537500479598,50.85574412345886
-16.326110096803408,39.6537500479598,50.85574412345886
-16.43755073117898,39.539774125878715,50.85574412345886
-16.43755073117898,39.539774125878715,50.85574412345886
-16.43755073117898,39.539774125878715,50.85574412345886
-16.43755073117898,39.539774125878715,50.85574412345886
-16.43755073117898,39.539774125878715,50.85574412345886
-16.43755073117898,39.539774125878715,50.85574412345886
-16.43755073117898,39.539774125878715,50.85574412345886
-16.582079062078794,39.387362448166535,50.85574412345886
-16.582079062078794,39.387362448166535,50.85574412345886
-16.582079062078794,39.387362448166535,50.85574412345886
-16.582079062078794,39.387362448166535,50.85574412345886
-16.582079062078794,39.387362448166535,50.85574412345886
-16.679424502094168,39.291417090981255,50.85574412345886
-16.679424502094168,39.291417090981255,50.85574412345886
-16.679424502094168,39.291417090981255,50.85574412345886
-16.679424502094168,39.291417090981255,50.85574412345886
-16.679424502094168,39.291417090981255,50.85574412345886
-16.679424502094168,39.291417090981255,50.85574412345886
-16.82651393870865,39.14217883540702,50.85574412345886
-16.82651393870865,39.14217883540702,50.85574412345886
-16.82651393870865,39.14217883540702,50.85574412345886
-16.82651393870865,39.14217883540702,50.85574412345886
-16.82651393870865,39.14217883540702,50.85574412345886
-16.940711914598527,39.0316951056322,50.85574412345886
-16.940711914598527,39.0316951056322,50.85574412345886
-16.940711914598527,39.0316951056322,50.85574412345886
-16.940711914598527,39.0316951056322,50.85574412345886
-16.940711914598527,39.0316951056322,50.85574412345886
-17.05084860948731,38.92916004928181,50.85574412345886
-17.05084860948731,38.92916004928181,50.85574412345886
-17.05084860948731,38.92916004928181,50.85574412345886
-17.05084860948731,38.92916004928181,50.85574412345886
-17.05084860948731,38.92916004928181,50.85574412345886
-17.05084860948731,38.92916004928181,50.85574412345886
-17.151469208803952,38.83346421943485,50.85574412345886
-17.151469208803952,38.83346421943485,50.85574412345886
-17.151469208803952,38.83346421943485,50.85574412345886
-17.151469208803952,38.83346421943485,50.85574412345886
-17.151469208803952,38.83346421943485,50.85574412345886
-17.25219490322633,38.73945624030414,50.85574412345886
-17.25219490322633,38.73945624030414,50.85574412345886
-17.25219490322633,38.73945624030414,50.85574412345886
-17.25219490322633,38.73945624030414,50.85574412345886
-17.25219490322633,38.73945624030414,50.85574412345886
-17.25219490322633,38.73945624030414,50.85574412345886
-17.35046299999744,38.651576007726234,50.85574412345886
-17.35046299999744,38.651576007726234,50.85574412345886
-17.35046299999744,38.651576007726234,50.85574412345886
-17.35046299999744,38.651576007726234,50.85574412345886
-17.35046299999744,38.651576007726234,50.85574412345886
-17.35046299999744,38.651576007726234,50.85574412345886
-17.492479925484197,38.52593768596577,50.85574412345886
-17.492479925484197,38.52593768596577,50.85574412345886
-17.492479925484197,38.52593768596577,50.85574412345886
-17.492479925484197,38.52593768596577,50.85574412345886
-17.492479925484197,38.52593768596577,50.85574412345886
-17.492479925484197,38.52593768596577,50.85574412345886
-17.60485142931023,38.42897598152367,50.85574412345886
-17.60485142931023,38.42897598152367,50.85574412345886
-17.60485142931023,38.42897598152367,50.85574412345886
-17.60485142931023,38.42897598152367,50.85574412345886
-17.60485142931023,38.42897598152367,50.85574412345886
-17.60485142931023,38.42897598152367,50.85574412345886
-17.758891022043443,38.30794194446877,50.85574412345886
-17.758891022043443,38.30794194446877,50.85574412345886
-17.758891022043443,38.30794194446877,50.85574412345886
-17.758891022043443,38.30794194446877,50.85574412345886
-17.758891022043443,38.30794194446877,50.85574412345886
-17.758891022043443,38.30794194446877,50.85574412345886
-17.758891022043443,38.30794194446877,50.85574412345886
-17.758891022043443,38.30794194446877,50.85574412345886
-17.758891022043443,38.30794194446877,50.85574412345886
-17.865325075155905,38.23339275027151,50.85574412345886
-17.865325075155905,38.23339275027151,50.85574412345886
-17.865325075155905,38.23339275027151,50.85574412345886
-17.865325075155905,38.23339275027151,50.85574412345886
-17.865325075155905,38.23339275027151,50.85574412345886
-17.865325075155905,38.23339275027151,50.85574412345886
-18.07304317968768,38.093495896938805,50.85574412345886
-18.07304317968768,38.093495896938805,50.85574412345886
-18.07304317968768,38.093495896938805,50.85574412345886
-18.07304317968768,38.093495896938805,50.85574412345886
-18.07304317968768,38.093495896938805,50.85574412345886
-18.07304317968768,38.093495896938805,50.85574412345886
-18.176300403269522,38.019193490897955,50.85574412345886
-18.176300403269522,38.019193490897955,50.85574412345886
-18.176300403269522,38.019193490897955,50.85574412345886
-18.176300403269522,38.019193490897955,50.85574412345886
-18.176300403269522,38.019193490897955,50.85574412345886
-18.176300403269522,38.019193490897955,50.85574412345886
-18.274274278906713,37.959968470005904,50.85574412345886
-18.274274278906713,37.959968470005904,50.85574412345886
-18.274274278906713,37.959968470005904,50.85574412345886
-18.274274278906713,37.959968470005904,50.85574412345886
-18.274274278906713,37.959968470005904,50.85574412345886
-18.274274278906713,37.959968470005904,50.85574412345886
-18.403605905274606,37.876040767400916,50.85574412345886
-18.403605905274606,37.876040767400916,50.85574412345886
-18.403605905274606,37.876040767400916,50.85574412345886
-18.403605905274606,37.876040767400916,50.85574412345886
-18.403605905274606,37.876040767400916,50.85574412345886
-18.583402407691384,37.76874206071917,50.85574412345886
-18.583402407691384,37.76874206071917,50.85574412345886
-18.583402407691384,37.76874206071917,50.85574412345886
-18.583402407691384,37.76874206071917,50.85574412345886
-18.583402407691384,37.76874206071917,50.85574412345886
-18.583402407691384,37.76874206071917,50.85574412345886
-18.683677192470654,37.70998089669612,50.85574412345886
-18.683677192470654,37.70998089669612,50.85574412345886
-18.683677192470654,37.70998089669612,50.85574412345886
-18.683677192470654,37.70998089669612,50.85574412345886
-18.683677192470654,37.70998089669612,50.85574412345886
-18.788147609217056,37.650371015876686,50.85574412345886
-18.788147609217056,37.650371015876686,50.85574412345886
-18.788147609217056,37.650371015876686,50.85574412345886
-18.788147609217056,37.650371015876686,50.85574412345886
-18.788147609217056,37.650371015876686,50.85574412345886
-18.788147609217056,37.650371015876686,50.85574412345886
-18.965003142025388,37.54496065092876,50.85574412345886
-18.965003142025388,37.54496065092876,50.85574412345886
-18.965003142025388,37.54496065092876,50.85574412345886
-18.965003142025388,37.54496065092876,50.85574412345886
-18.965003142025388,37.54496065092876,50.85574412345886
-18.965003142025388,37.54496065092876,50.85574412345886
-19.094032063131632,37.476896184526936,50.85574412345886
-19.094032063131632,37.476896184526936,50.85574412345886
-19.094032063131632,37.476896184526936,50.85574412345886
-19.094032063131632,37.476896184526936,50.85574412345886
-19.094032063131632,37.476896184526936,50.85574412345886
-19.21469520516739,37.41686065543915,50.85574412345886
-19.21469520516739,37.41686065543915,50.85574412345886
-19.21469520516739,37.41686065543915,50.85574412345886
-19.21469520516739,37.41686065543915,50.85574412345886
-19.21469520516739,37.41686065543915,50.85574412345886
-19.21469520516739,37.41686065543915,50.85574412345886
-19.34214888848083,37.35804880203269,50.85574412345886
-19.34214888848083,37.35804880203269,50.85574412345886
-19.34214888848083,37.35804880203269,50.85574412345886
-19.34214888848083,37.35804880203269,50.85574412345886
-19.34214888848083,37.35804880203269,50.85574412345886
-19.34214888848083,37.35804880203269,50.85574412345886
-19.34214888848083,37.35804880203269,50.85574412345886
-19.468194021168028,37.29688098589445,50.85574412345886
-19.468194021168028,37.29688098589445,50.85574412345886
-19.468194021168028,37.29688098589445,50.85574412345886
-19.468194021168028,37.29688098589445,50.85574412345886
-19.468194021168028,37.29688098589445,50.85574412345886
-19.468194021168028,37.29688098589445,50.85574412345886
-19.645296390203644,37.207950586928504,50.85574412345886
-19.645296390203644,37.207950586928504,50.85574412345886
-19.645296390203644,37.207950586928504,50.85574412345886
-19.645296390203644,37.207950586928504,50.85574412345886
-19.645296390203644,37.207950586928504,50.85574412345886
-19.645296390203644,37.207950586928504,50.85574412345886
-19.645296390203644,37.207950586928504,50.85574412345886
-19.87980232057667,37.09372516340147,50.85574412345886
-19.87980232057667,37.09372516340147,50.85574412345886
-19.87980232057667,37.09372516340147,50.85574412345886
-19.87980232057667,37.09372516340147,50.85574412345886
-19.87980232057667,37.09372516340147,50.85574412345886
-19.87980232057667,37.09372516340147,50.85574412345886
-19.87980232057667,37.09372516340147,50.85574412345886
-19.87980232057667,37.09372516340147,50.85574412345886
-19.87980232057667,37.09372516340147,50.85574412345886
-19.87980232057667,37.09372516340147,50.85574412345886
-19.87980232057667,37.09372516340147,50.85574412345886
-19.87980232057667,37.09372516340147,50.85574412345886
-20.07826606185049,37.00332039427631,50.85574412345886
-20.07826606185049,37.00332039427631,50.85574412345886
-20.07826606185049,37.00332039427631,50.85574412345886
-20.07826606185049,37.00332039427631,50.85574412345886
-20.07826606185049,37.00332039427631,50.85574412345886
-20.07826606185049,37.00332039427631,50.85574412345886
-20.07826606185049,37.00332039427631,50.85574412345886
-20.07826606185049,37.00332039427631,50.85574412345886
-20.07826606185049,37.00332039427631,50.85574412345886
-20.07826606185049,37.00332039427631,50.85574412345886
-20.07826606185049,37.00332039427631,50.85574412345886
-20.07826606185049,37.00332039427631,50.85574412345886
-20.07826606185049,37.00332039427631,50.85574412345886
-20.07826606185049,37.00332039427631,50.85574412345886
-20.07826606185049,37.00332039427631,50.85574412345886
-20.313115176442587,36.89940126139356,50.85574412345886
-20.313115176442587,36.89940126139356,50.85574412345886
-20.313115176442587,36.89940126139356,50.85574412345886
-20.313115176442587,36.89940126139356,50.85574412345886
-20.313115176442587,36.89940126139356,50.85574412345886
-20.313115176442587,36.89940126139356,50.85574412345886
-20.313115176442587,36.89940126139356,50.85574412345886
-20.313115176442587,36.89940126139356,50.85574412345886
-20.313115176442587,36.89940126139356,50.85574412345886
-20.313115176442587,36.89940126139356,50.85574412345886
-20.313115176442587,36.89940126139356,50.85574412345886
-20.313115176442587,36.89940126139356,50.85574412345886
-20.313115176442587,36.89940126139356,50.85574412345886
-20.80702884483538,36.68939009794973,50.85574412345886
-20.80702884483538,36.68939009794973,50.85574412345886
-20.80702884483538,36.68939009794973,50.85574412345886
-20.80702884483538,36.68939009794973,50.85574412345886
-20.80702884483538,36.68939009794973,50.85574412345886
-20.80702884483538,36.68939009794973,50.85574412345886
-20.80702884483538,36.68939009794973,50.85574412345886
-20.80702884483538,36.68939009794973,50.85574412345886
-20.80702884483538,36.68939009794973,50.85574412345886
-20.80702884483538,36.68939009794973,50.85574412345886
-21.11466277685934,36.580155774072416,50.85574412345886
-21.11466277685934,36.580155774072416,50.85574412345886
-21.11466277685934,36.580155774072416,50.85574412345886
-21.11466277685934,36.580155774072416,50.85574412345886
-21.11466277685934,36.580155774072416,50.85574412345886
-21.11466277685934,36.580155774072416,50.85574412345886
-21.11466277685934,36.580155774072416,50.85574412345886
-21.11466277685934,36.580155774072416,50.85574412345886
-21.11466277685934,36.580155774072416,50.85574412345886
-21.11466277685934,36.580155774072416,50.85574412345886
-21.378689390573054,36.49516920831971,50.85574412345886
-21.378689390573054,36.49516920831971,50.85574412345886
-21.378689390573054,36.49516920831971,50.85574412345886
-21.378689390573054,36.49516920831971,50.85574412345886
-21.378689390573054,36.49516920831971,50.85574412345886
-21.378689390573054,36.49516920831971,50.85574412345886
-21.378689390573054,36.49516920831971,50.85574412345886
-21.378689390573054,36.49516920831971,50.85574412345886
-21.664876827584315,36.40521313256571,50.85574412345886
-21.664876827584315,36.40521313256571,50.85574412345886
-21.664876827584315,36.40521313256571,50.85574412345886
-21.664876827584315,36.40521313256571,50.85574412345886
-21.664876827584315,36.40521313256571,50.85574412345886
-21.664876827584315,36.40521313256571,50.85574412345886
-21.664876827584315,36.40521313256571,50.85574412345886
-21.664876827584315,36.40521313256571,50.85574412345886
-21.664876827584315,36.40521313256571,50.85574412345886
-21.875807840257178,36.345890048019754,50.85574412345886
-21.875807840257178,36.345890048019754,50.85574412345886
-21.875807840257178,36.345890048019754,50.85574412345886
-21.875807840257178,36.345890048019754,50.85574412345886
-21.875807840257178,36.345890048019754,50.85574412345886
-21.875807840257178,36.345890048019754,50.85574412345886
-21.875807840257178,36.345890048019754,50.85574412345886
-21.875807840257178,36.345890048019754,50.85574412345886
-21.875807840257178,36.345890048019754,50.85574412345886
-22.16790226808463,36.264546995214396,50.85574412345886
-22.16790226808463,36.264546995214396,50.85574412345886
-22.16790226808463,36.264546995214396,50.85574412345886
-22.16790226808463,36.264546995214396,50.85574412345886
-22.16790226808463,36.264546995214396,50.85574412345886
-22.16790226808463,36.264546995214396,50.85574412345886
-22.16790226808463,36.264546995214396,50.85574412345886
-22.16790226808463,36.264546995214396,50.85574412345886
-22.370051112238492,36.20991580779524,50.85574412345886
-22.370051112238492,36.20991580779524,50.85574412345886
-22.370051112238492,36.20991580779524,50.85574412345886
-22.370051112238492,36.20991580779524,50.85574412345886
-22.370051112238492,36.20991580779524,50.85574412345886
-22.370051112238492,36.20991580779524,50.85574412345886
-22.370051112238492,36.20991580779524,50.85574412345886
-22.370051112238492,36.20991580779524,50.85574412345886
-22.370051112238492,36.20991580779524,50.85574412345886
-22.370051112238492,36.20991580779524,50.85574412345886
-22.559205177769517,36.15947237090507,50.85574412345886
-22.559205177769517,36.15947237090507,50.85574412345886
-22.559205177769517,36.15947237090507,50.85574412345886
-22.559205177769517,36.15947237090507,50.85574412345886
-22.559205177769517,36.15947237090507,50.85574412345886
-22.559205177769517,36.15947237090507,50.85574412345886
-22.559205177769517,36.15947237090507,50.85574412345886
-22.559205177769517,36.15947237090507,50.85574412345886
-22.559205177769517,36.15947237090507,50.85574412345886
-22.559205177769517,36.15947237090507,50.85574412345886
-22.82181305335828,36.09181532519885,50.85574412345886
-22.82181305335828,36.09181532519885,50.85574412345886
-22.82181305335828,36.09181532519885,50.85574412345886
-22.82181305335828,36.09181532519885,50.85574412345886
-22.82181305335828,36.09181532519885,50.85574412345886
-22.82181305335828,36.09181532519885,50.85574412345886
-22.82181305335828,36.09181532519885,50.85574412345886
-22.82181305335828,36.09181532519885,50.85574412345886
-22.82181305335828,36.09181532519885,50.85574412345886
-22.82181305335828,36.09181532519885,50.85574412345886
-23.09448947754089,36.01731371424792,50.85574412345886
-23.09448947754089,36.01731371424792,50.85574412345886
-23.09448947754089,36.01731371424792,50.85574412345886
-23.09448947754089,36.01731371424792,50.85574412345886
-23.09448947754089,36.01731371424792,50.85574412345886
-23.09448947754089,36.01731371424792,50.85574412345886
-23.09448947754089,36.01731371424792,50.85574412345886
-23.09448947754089,36.01731371424792,50.85574412345886
-23.09448947754089,36.01731371424792,50.85574412345886
-23.346966731955835,35.95690148383639,50.85574412345886
-23.346966731955835,35.95690148383639,50.85574412345886
-23.346966731955835,35.95690148383639,50.85574412345886
-23.346966731955835,35.95690148383639,50.85574412345886
-23.346966731955835,35.95690148383639,50.85574412345886
-23.346966731955835,35.95690148383639,50.85574412345886
-23.346966731955835,35.95690148383639,50.85574412345886
-23.346966731955835,35.95690148383639,50.85574412345886
-23.346966731955835,35.95690148383639,50.85574412345886
-23.346966731955835,35.95690148383639,50.85574412345886
-23.58188396614054,35.90779139517609,50.85574412345886
-23.58188396614054,35.90779139517609,50.85574412345886
-23.58188396614054,35.90779139517609,50.85574412345886
-23.58188396614054,35.90779139517609,50.85574412345886
-23.58188396614054,35.90779139517609,50.85574412345886
-23.58188396614054,35.90779139517609,50.85574412345886
-23.58188396614054,35.90779139517609,50.85574412345886
-23.58188396614054,35.90779139517609,50.85574412345886
-23.58188396614054,35.90779139517609,50.85574412345886
-23.829632797645875,35.86170073546303,50.85574412345886
-23.829632797645875,35.86170073546303,50.85574412345886
-23.829632797645875,35.86170073546303,50.85574412345886
-23.829632797645875,35.86170073546303,50.85574412345886
-23.829632797645875,35.86170073546303,50.85574412345886
-23.829632797645875,35.86170073546303,50.85574412345886
-23.829632797645875,35.86170073546303,50.85574412345886
-23.829632797645875,35.86170073546303,50.85574412345886
-23.829632797645875,35.86170073546303,50.85574412345886
-24.10124752015192,35.802671715741376,50.85574412345886
-24.10124752015192,35.802671715741376,50.85574412345886
-24.10124752015192,35.802671715741376,50.85574412345886
-24.10124752015192,35.802671715741376,50.85574412345886
-24.10124752015192,35.802671715741376,50.85574412345886
-24.10124752015192,35.802671715741376,50.85574412345886
-24.400446430366678,35.747137529197374,50.85574412345886
-24.400446430366678,35.747137529197374,50.85574412345886
-24.400446430366678,35.747137529197374,50.85574412345886
-24.400446430366678,35.747137529197374,50.85574412345886
-24.400446430366678,35.747137529197374,50.85574412345886
-24.537229437374233,35.72800794984021,50.85574412345886
-24.537229437374233,35.72800794984021,50.85574412345886
-24.537229437374233,35.72800794984021,50.85574412345886
-24.537229437374233,35.72800794984021,50.85574412345886
-24.537229437374233,35.72800794984021,50.85574412345886
-24.537229437374233,35.72800794984021,50.85574412345886
-24.537229437374233,35.72800794984021,50.85574412345886
-24.537229437374233,35.72800794984021,50.85574412345886
-24.537229437374233,35.72800794984021,50.85574412345886
-24.537229437374233,35.72800794984021,50.85574412345886
-24.74895861940453,35.69711981504827,50.85574412345886
-24.74895861940453,35.69711981504827,50.85574412345886
-24.74895861940453,35.69711981504827,50.85574412345886
-24.74895861940453,35.69711981504827,50.85574412345886
-24.74895861940453,35.69711981504827,50.85574412345886
-24.74895861940453,35.69711981504827,50.85574412345886
-24.74895861940453,35.69711981504827,50.85574412345886
-24.74895861940453,35.69711981504827,50.85574412345886
-24.74895861940453,35.69711981504827,50.85574412345886
-24.939338619737114,35.67161401520862,50.85574412345886
-24.939338619737114,35.67161401520862,50.85574412345886
-24.939338619737114,35.67161401520862,50.85574412345886
-24.939338619737114,35.67161401520862,50.85574412345886
-24.939338619737114,35.67161401520862,50.85574412345886
-24.939338619737114,35.67161401520862,50.85574412345886
-24.939338619737114,35.67161401520862,50.85574412345886
-24.939338619737114,35.67161401520862,50.85574412345886
-24.939338619737114,35.67161401520862,50.85574412345886
-25.290216271250646,35.62521798134724,50.85574412345886
-25.290216271250646,35.62521798134724,50.85574412345886
-25.290216271250646,35.62521798134724,50.85574412345886
-25.290216271250646,35.62521798134724,50.85574412345886
-25.290216271250646,35.62521798134724,50.85574412345886
-25.290216271250646,35.62521798134724,50.85574412345886
-25.290216271250646,35.62521798134724,50.85574412345886
-25.290216271250646,35.62521798134724,50.85574412345886
-25.290216271250646,35.62521798134724,50.85574412345886
-25.536451062207107,35.58988647714869,50.85574412345886
-25.536451062207107,35.58988647714869,50.85574412345886
-25.536451062207107,35.58988647714869,50.85574412345886
-25.536451062207107,35.58988647714869,50.85574412345886
-25.536451062207107,35.58988647714869,50.85574412345886
-25.536451062207107,35.58988647714869,50.85574412345886
-25.536451062207107,35.58988647714869,50.85574412345886
-25.536451062207107,35.58988647714869,50.85574412345886
-25.729997742431813,35.57358072092549,50.85574412345886
-25.729997742431813,35.57358072092549,50.85574412345886
-25.729997742431813,35.57358072092549,50.85574412345886
-25.729997742431813,35.57358072092549,50.85574412345886
-25.729997742431813,35.57358072092549,50.85574412345886
-25.729997742431813,35.57358072092549,50.85574412345886
-25.729997742431813,35.57358072092549,50.85574412345886
-25.729997742431813,35.57358072092549,50.85574412345886
-25.729997742431813,35.57358072092549,50.85574412345886
-26.043619467657784,35.55673149858348,50.85574412345886
-26.043619467657784,35.55673149858348,50.85574412345886
-26.043619467657784,35.55673149858348,50.85574412345886
-26.043619467657784,35.55673149858348,50.85574412345886
-26.043619467657784,35.55673149858348,50.85574412345886
-26.043619467657784,35.55673149858348,50.85574412345886
-26.043619467657784,35.55673149858348,50.85574412345886
-26.27329717977147,35.54715118934937,50.85574412345886
-26.27329717977147,35.54715118934937,50.85574412345886
-26.27329717977147,35.54715118934937,50.85574412345886
-26.27329717977147,35.54715118934937,50.85574412345886
-26.27329717977147,35.54715118934937,50.85574412345886
-26.27329717977147,35.54715118934937,50.85574412345886
-26.27329717977147,35.54715118934937,50.85574412345886
-26.27329717977147,35.54715118934937,50.85574412345886
-26.27329717977147,35.54715118934937,50.85574412345886
-26.499515774520503,35.537638286176765,50.85574412345886
-26.499515774520503,35.537638286176765,50.85574412345886
-26.499515774520503,35.537638286176765,50.85574412345886
-26.499515774520503,35.537638286176765,50.85574412345886
-26.499515774520503,35.537638286176765,50.85574412345886
-26.499515774520503,35.537638286176765,50.85574412345886
-26.499515774520503,35.537638286176765,50.85574412345886
-26.499515774520503,35.537638286176765,50.85574412345886
-26.700632101074856,35.53990696490967,50.85574412345886
-26.700632101074856,35.53990696490967,50.85574412345886
-26.700632101074856,35.53990696490967,50.85574412345886
-26.700632101074856,35.53990696490967,50.85574412345886
-26.700632101074856,35.53990696490967,50.85574412345886
-26.700632101074856,35.53990696490967,50.85574412345886
-26.700632101074856,35.53990696490967,50.85574412345886
-26.700632101074856,35.53990696490967,50.85574412345886
-26.96672955854531,35.53583994240911,50.85574412345886
-26.96672955854531,35.53583994240911,50.85574412345886
-26.96672955854531,35.53583994240911,50.85574412345886
-26.96672955854531,35.53583994240911,50.85574412345886
-26.96672955854531,35.53583994240911,50.85574412345886
-26.96672955854531,35.53583994240911,50.85574412345886
-26.96672955854531,35.53583994240911,50.85574412345886
-26.96672955854531,35.53583994240911,50.85574412345886
-27.145296038269883,35.532730284759964,50.85574412345886
-27.145296038269883,35.532730284759964,50.85574412345886
-27.145296038269883,35.532730284759964,50.85574412345886
-27.145296038269883,35.532730284759964,50.85574412345886
-27.145296038269883,35.532730284759964,50.85574412345886
-27.145296038269883,35.532730284759964,50.85574412345886
-27.145296038269883,35.532730284759964,50.85574412345886
-27.145296038269883,35.532730284759964,50.85574412345886
-27.35686861122766,35.530213229314676,50.85574412345886
-27.35686861122766,35.530213229314676,50.85574412345886
-27.35686861122766,35.530213229314676,50.85574412345886
-27.35686861122766,35.530213229314676,50.85574412345886
-27.35686861122766,35.530213229314676,50.85574412345886
-27.35686861122766,35.530213229314676,50.85574412345886
-27.35686861122766,35.530213229314676,50.85574412345886
-27.35686861122766,35.530213229314676,50.85574412345886
-27.56155288898419,35.520282226112236,50.85574412345886
-27.56155288898419,35.520282226112236,50.85574412345886
-27.56155288898419,35.520282226112236,50.85574412345886
-27.56155288898419,35.520282226112236,50.85574412345886
-27.56155288898419,35.520282226112236,50.85574412345886
-27.56155288898419,35.520282226112236,50.85574412345886
-27.56155288898419,35.520282226112236,50.85574412345886
-27.729079189454964,35.51638018161621,50.85574412345886
-27.729079189454964,35.51638018161621,50.85574412345886
-27.729079189454964,35.51638018161621,50.85574412345886
-27.729079189454964,35.51638018161621,50.85574412345886
-27.729079189454964,35.51638018161621,50.85574412345886
-27.729079189454964,35.51638018161621,50.85574412345886
-27.729079189454964,35.51638018161621,50.85574412345886
-27.729079189454964,35.51638018161621,50.85574412345886
-27.729079189454964,35.51638018161621,50.85574412345886
-27.950455188012114,35.51754054287755,50.85574412345886
-27.950455188012114,35.51754054287755,50.85574412345886
-27.950455188012114,35.51754054287755,50.85574412345886
-27.950455188012114,35.51754054287755,50.85574412345886
-27.950455188012114,35.51754054287755,50.85574412345886
-27.950455188012114,35.51754054287755,50.85574412345886
-27.950455188012114,35.51754054287755,50.85574412345886
-27.950455188012114,35.51754054287755,50.85574412345886
-27.950455188012114,35.51754054287755,50.85574412345886
-27.950455188012114,35.51754054287755,50.85574412345886
-28.260490940716164,35.51945951693297,50.85574412345886
-28.260490940716164,35.51945951693297,50.85574412345886
-28.260490940716164,35.51945951693297,50.85574412345886
-28.260490940716164,35.51945951693297,50.85574412345886
-28.260490940716164,35.51945951693297,50.85574412345886
-28.260490940716164,35.51945951693297,50.85574412345886
-28.260490940716164,35.51945951693297,50.85574412345886
-28.260490940716164,35.51945951693297,50.85574412345886
-28.543040298041152,35.52792649014393,50.85574412345886
-28.543040298041152,35.52792649014393,50.85574412345886
-28.543040298041152,35.52792649014393,50.85574412345886
-28.543040298041152,35.52792649014393,50.85574412345886
-28.543040298041152,35.52792649014393,50.85574412345886
-28.543040298041152,35.52792649014393,50.85574412345886
-28.543040298041152,35.52792649014393,50.85574412345886
-28.709764296988208,35.54215462008997,50.85574412345886
-28.709764296988208,35.54215462008997,50.85574412345886
-28.709764296988208,35.54215462008997,50.85574412345886
-28.709764296988208,35.54215462008997,50.85574412345886
-28.709764296988208,35.54215462008997,50.85574412345886
-28.709764296988208,35.54215462008997,50.85574412345886
-28.940044154189717,35.571871253254315,50.85574412345886
-28.940044154189717,35.571871253254315,50.85574412345886
-28.940044154189717,35.571871253254315,50.85574412345886
-28.940044154189717,35.571871253254315,50.85574412345886
-28.940044154189717,35.571871253254315,50.85574412345886
-28.940044154189717,35.571871253254315,50.85574412345886
-29.122295232336384,35.5947239208783,50.85574412345886
-29.122295232336384,35.5947239208783,50.85574412345886
-29.122295232336384,35.5947239208783,50.85574412345886
-29.122295232336384,35.5947239208783,50.85574412345886
-29.122295232336384,35.5947239208783,50.85574412345886
-29.122295232336384,35.5947239208783,50.85574412345886
-29.122295232336384,35.5947239208783,50.85574412345886
-29.35233145520116,35.620386896073164,50.85574412345886
-29.35233145520116,35.620386896073164,50.85574412345886
-29.35233145520116,35.620386896073164,50.85574412345886
-29.35233145520116,35.620386896073164,50.85574412345886
-29.35233145520116,35.620386896073164,50.85574412345886
-29.35233145520116,35.620386896073164,50.85574412345886
-29.35233145520116,35.620386896073164,50.85574412345886
-29.35233145520116,35.620386896073164,50.85574412345886
-29.35233145520116,35.620386896073164,50.85574412345886
-29.579161905463913,35.65454113349345,50.85574412345886
-29.579161905463913,35.65454113349345,50.85574412345886
-29.579161905463913,35.65454113349345,50.85574412345886
-29.579161905463913,35.65454113349345,50.85574412345886
-29.579161905463913,35.65454113349345,50.85574412345886
-29.579161905463913,35.65454113349345,50.85574412345886
-29.813283982037515,35.69032334006096,50.85574412345886
-29.813283982037515,35.69032334006096,50.85574412345886
-29.813283982037515,35.69032334006096,50.85574412345886
-29.813283982037515,35.69032334006096,50.85574412345886
-29.813283982037515,35.69032334006096,50.85574412345886
-29.813283982037515,35.69032334006096,50.85574412345886
-30.099165715063073,35.72397157093745,50.85574412345886
-30.099165715063073,35.72397157093745,50.85574412345886
-30.099165715063073,35.72397157093745,50.85574412345886
-30.099165715063073,35.72397157093745,50.85574412345886
-30.099165715063073,35.72397157093745,50.85574412345886
-30.099165715063073,35.72397157093745,50.85574412345886
-30.274873012789996,35.75105881982429,50.85574412345886
-30.274873012789996,35.75105881982429,50.85574412345886
-30.274873012789996,35.75105881982429,50.85574412345886
-30.274873012789996,35.75105881982429,50.85574412345886
-30.274873012789996,35.75105881982429,50.85574412345886
-30.274873012789996,35.75105881982429,50.85574412345886
-30.45362867908375,35.77687850826653,50.85574412345886
-30.45362867908375,35.77687850826653,50.85574412345886
-30.45362867908375,35.77687850826653,50.85574412345886
-30.45362867908375,35.77687850826653,50.85574412345886
-30.45362867908375,35.77687850826653,50.85574412345886
-30.45362867908375,35.77687850826653,50.85574412345886
-30.45362867908375,35.77687850826653,50.85574412345886
-30.722648784476867,35.8144271220729,50.85574412345886
-30.722648784476867,35.8144271220729,50.85574412345886
-30.722648784476867,35.8144271220729,50.85574412345886
-30.722648784476867,35.8144271220729,50.85574412345886
-30.722648784476867,35.8144271220729,50.85574412345886
-30.722648784476867,35.8144271220729,50.85574412345886
-30.722648784476867,35.8144271220729,50.85574412345886
-30.955177288061673,35.85363754257775,50.85574412345886
-30.955177288061673,35.85363754257775,50.85574412345886
-30.955177288061673,35.85363754257775,50.85574412345886
-30.955177288061673,35.85363754257775,50.85574412345886
-30.955177288061673,35.85363754257775,50.85574412345886
-30.955177288061673,35.85363754257775,50.85574412345886
-30.955177288061673,35.85363754257775,50.85574412345886
-31.117706944257783,35.8855323653713,50.85574412345886
-31.117706944257783,35.8855323653713,50.85574412345886
-31.117706944257783,35.8855323653713,50.85574412345886
-31.117706944257783,35.8855323653713,50.85574412345886
-31.117706944257783,35.8855323653713,50.85574412345886
-31.117706944257783,35.8855323653713,50.85574412345886
-31.117706944257783,35.8855323653713,50.85574412345886
-31.117706944257783,35.8855323653713,50.85574412345886
-31.351324767030043,35.93301974677945,50.85574412345886
-31.351324767030043,35.93301974677945,50.85574412345886
-31.351324767030043,35.93301974677945,50.85574412345886
-31.351324767030043,35.93301974677945,50.85574412345886
-31.351324767030043,35.93301974677945,50.85574412345886
-31.351324767030043,35.93301974677945,50.85574412345886
-31.351324767030043,35.93301974677945,50.85574412345886
-31.58882662572876,35.97048866802817,50.85574412345886
-31.58882662572876,35.97048866802817,50.85574412345886
-31.58882662572876,35.97048866802817,50.85574412345886
-31.58882662572876,35.97048866802817,50.85574412345886
-31.58882662572876,35.97048866802817,50.85574412345886
-31.58882662572876,35.97048866802817,50.85574412345886
-31.58882662572876,35.97048866802817,50.85574412345886
-31.58882662572876,35.97048866802817,50.85574412345886
-31.789302178996003,36.014248866462786,50.85574412345886
-31.789302178996003,36.014248866462786,50.85574412345886
-31.789302178996003,36.014248866462786,50.85574412345886
-31.789302178996003,36.014248866462786,50.85574412345886
-31.789302178996003,36.014248866462786,50.85574412345886
-31.789302178996003,36.014248866462786,50.85574412345886
-31.789302178996003,36.014248866462786,50.85574412345886
-31.970157089404097,36.070022397483555,50.85574412345886
-31.970157089404097,36.070022397483555,50.85574412345886
-31.970157089404097,36.070022397483555,50.85574412345886
-31.970157089404097,36.070022397483555,50.85574412345886
-31.970157089404097,36.070022397483555,50.85574412345886
-31.970157089404097,36.070022397483555,50.85574412345886
-32.207562858771205,36.10556368307965,50.85574412345886
-32.207562858771205,36.10556368307965,50.85574412345886
-32.207562858771205,36.10556368307965,50.85574412345886
-32.207562858771205,36.10556368307965,50.85574412345886
-32.207562858771205,36.10556368307965,50.85574412345886
-32.207562858771205,36.10556368307965,50.85574412345886
-32.207562858771205,36.10556368307965,50.85574412345886
-32.41141356092234,36.15569277682481,50.85574412345886
-32.41141356092234,36.15569277682481,50.85574412345886
-32.41141356092234,36.15569277682481,50.85574412345886
-32.41141356092234,36.15569277682481,50.85574412345886
-32.41141356092234,36.15569277682481,50.85574412345886
-32.41141356092234,36.15569277682481,50.85574412345886
-32.41141356092234,36.15569277682481,50.85574412345886
-32.58154932156731,36.18306451839894,50.85574412345886
-32.58154932156731,36.18306451839894,50.85574412345886
-32.58154932156731,36.18306451839894,50.85574412345886
-32.58154932156731,36.18306451839894,50.85574412345886
-32.58154932156731,36.18306451839894,50.85574412345886
-32.58154932156731,36.18306451839894,50.85574412345886
-32.847322671201674,36.23541625647282,50.85574412345886
-32.847322671201674,36.23541625647282,50.85574412345886
-32.847322671201674,36.23541625647282,50.85574412345886
-32.847322671201674,36.23541625647282,50.85574412345886
-32.847322671201674,36.23541625647282,50.85574412345886
-33.05824005484454,36.27728821432829,50.85574412345886
-33.05824005484454,36.27728821432829,50.85574412345886
-33.05824005484454,36.27728821432829,50.85574412345886
-33.05824005484454,36.27728821432829,50.85574412345886
-33.05824005484454,36.27728821432829,50.85574412345886
-33.05824005484454,36.27728821432829,50.85574412345886
-33.21828187168688,36.32050487927095,50.85574412345886
-33.21828187168688,36.32050487927095,50.85574412345886
-33.21828187168688,36.32050487927095,50.85574412345886
-33.21828187168688,36.32050487927095,50.85574412345886
-33.21828187168688,36.32050487927095,50.85574412345886
-33.21828187168688,36.32050487927095,50.85574412345886
-33.42232224561178,36.36211447303084,50.85574412345886
-33.42232224561178,36.36211447303084,50.85574412345886
-33.42232224561178,36.36211447303084,50.85574412345886
-33.42232224561178,36.36211447303084,50.85574412345886
-33.42232224561178,36.36211447303084,50.85574412345886
-33.42232224561178,36.36211447303084,50.85574412345886
-33.54393386693239,36.381240055435306,50.85574412345886
-33.54393386693239,36.381240055435306,50.85574412345886
-33.54393386693239,36.381240055435306,50.85574412345886
-33.54393386693239,36.381240055435306,50.85574412345886
-33.54393386693239,36.381240055435306,50.85574412345886
-33.54393386693239,36.381240055435306,50.85574412345886
-33.63151412527296,36.402208061967734,50.85574412345886
-33.63151412527296,36.402208061967734,50.85574412345886
-33.63151412527296,36.402208061967734,50.85574412345886
-33.63151412527296,36.402208061967734,50.85574412345886
-33.63151412527296,36.402208061967734,50.85574412345886
-33.63151412527296,36.402208061967734,50.85574412345886
-33.79892089231668,36.439221224235105,50.85574412345886
-33.79892089231668,36.439221224235105,50.85574412345886
-33.79892089231668,36.439221224235105,50.85574412345886
-33.79892089231668,36.439221224235105,50.85574412345886
-33.79892089231668,36.439221224235105,50.85574412345886
-33.79892089231668,36.439221224235105,50.85574412345886
-33.79892089231668,36.439221224235105,50.85574412345886
-33.9038033597568,36.46264191603974,50.85574412345886
-33.9038033597568,36.46264191603974,50.85574412345886
-33.9038033597568,36.46264191603974,50.85574412345886
-33.9038033597568,36.46264191603974,50.85574412345886
-33.9038033597568,36.46264191603974,50.85574412345886
-33.9038033597568,36.46264191603974,50.85574412345886
-34.10137484339615,36.50562082485344,50.85574412345886
-34.10137484339615,36.50562082485344,50.85574412345886
-34.10137484339615,36.50562082485344,50.85574412345886
-34.10137484339615,36.50562082485344,50.85574412345886
-34.10137484339615,36.50562082485344,50.85574412345886
-34.10137484339615,36.50562082485344,50.85574412345886
-34.23483914489642,36.532991722256085,50.85574412345886
-34.23483914489642,36.532991722256085,50.85574412345886
-34.23483914489642,36.532991722256085,50.85574412345886
-34.23483914489642,36.532991722256085,50.85574412345886
-34.23483914489642,36.532991722256085,50.85574412345886
-34.23483914489642,36.532991722256085,50.85574412345886
-34.23483914489642,36.532991722256085,50.85574412345886
-34.23483914489642,36.532991722256085,50.85574412345886
-34.23483914489642,36.532991722256085,50.85574412345886
-34.23483914489642,36.532991722256085,50.85574412345886
-34.23483914489642,36.532991722256085,50.85574412345886
-34.47729041612442,36.5765511007351,50.85574412345886
-34.47729041612442,36.5765511007351,50.85574412345886
-34.47729041612442,36.5765511007351,50.85574412345886
-34.47729041612442,36.5765511007351,50.85574412345886
-34.47729041612442,36.5765511007351,50.85574412345886
-34.47729041612442,36.5765511007351,50.85574412345886
-34.47729041612442,36.5765511007351,50.85574412345886
-34.47729041612442,36.5765511007351,50.85574412345886
-34.47729041612442,36.5765511007351,50.85574412345886
-34.84168186235562,36.63605152119612,50.85574412345886
-34.84168186235562,36.63605152119612,50.85574412345886
-34.84168186235562,36.63605152119612,50.85574412345886
-34.84168186235562,36.63605152119612,50.85574412345886
-34.84168186235562,36.63605152119612,50.85574412345886
-34.84168186235562,36.63605152119612,50.85574412345886
-34.84168186235562,36.63605152119612,50.85574412345886
-34.84168186235562,36.63605152119612,50.85574412345886
-34.84168186235562,36.63605152119612,50.85574412345886
-34.84168186235562,36.63605152119612,50.85574412345886
-34.84168186235562,36.63605152119612,50.85574412345886
-35.0721914068234,36.6776024910182,50.85574412345886
-35.0721914068234,36.6776024910182,50.85574412345886
-35.0721914068234,36.6776024910182,50.85574412345886
-35.0721914068234,36.6776024910182,50.85574412345886
-35.0721914068234,36.6776024910182,50.85574412345886
-35.0721914068234,36.6776024910182,50.85574412345886
-35.0721914068234,36.6776024910182,50.85574412345886
-35.0721914068234,36.6776024910182,50.85574412345886
-35.0721914068234,36.6776024910182,50.85574412345886
-35.0721914068234,36.6776024910182,50.85574412345886
-35.0721914068234,36.6776024910182,50.85574412345886
-35.43985910074439,36.734327511607844,50.85574412345886
-35.43985910074439,36.734327511607844,50.85574412345886
-35.43985910074439,36.734327511607844,50.85574412345886
-35.43985910074439,36.734327511607844,50.85574412345886
-35.43985910074439,36.734327511607844,50.85574412345886
-35.43985910074439,36.734327511607844,50.85574412345886
-35.43985910074439,36.734327511607844,50.85574412345886
-35.43985910074439,36.734327511607844,50.85574412345886
-35.43985910074439,36.734327511607844,50.85574412345886
-35.43985910074439,36.734327511607844,50.85574412345886
-35.74367891458192,36.781143402829784,50.85574412345886
-35.74367891458192,36.781143402829784,50.85574412345886
-35.74367891458192,36.781143402829784,50.85574412345886
-35.74367891458192,36.781143402829784,50.85574412345886
-35.74367891458192,36.781143402829784,50.85574412345886
-35.74367891458192,36.781143402829784,50.85574412345886
-35.74367891458192,36.781143402829784,50.85574412345886
-35.74367891458192,36.781143402829784,50.85574412345886
-35.74367891458192,36.781143402829784,50.85574412345886
-35.74367891458192,36.781143402829784,50.85574412345886
-35.74367891458192,36.781143402829784,50.85574412345886
-36.01811607587482,36.81324303090521,50.85574412345886
-36.01811607587482,36.81324303090521,50.85574412345886
-36.01811607587482,36.81324303090521,50.85574412345886
-36.01811607587482,36.81324303090521,50.85574412345886
-36.01811607587482,36.81324303090521,50.85574412345886
-36.01811607587482,36.81324303090521,50.85574412345886
-36.01811607587482,36.81324303090521,50.85574412345886
-36.01811607587482,36.81324303090521,50.85574412345886
-36.01811607587482,36.81324303090521,50.85574412345886
-36.01811607587482,36.81324303090521,50.85574412345886
-36.01811607587482,36.81324303090521,50.85574412345886
-36.31022312155822,36.860162828387345,50.85574412345886
-36.31022312155822,36.860162828387345,50.85574412345886
-36.31022312155822,36.860162828387345,50.85574412345886
-36.31022312155822,36.860162828387345,50.85574412345886
-36.31022312155822,36.860162828387345,50.85574412345886
-36.31022312155822,36.860162828387345,50.85574412345886
-36.31022312155822,36.860162828387345,50.85574412345886
-36.31022312155822,36.860162828387345,50.85574412345886
-36.31022312155822,36.860162828387345,50.85574412345886
-36.31022312155822,36.860162828387345,50.85574412345886
-36.31022312155822,36.860162828387345,50.85574412345886
-36.722017472825534,36.92555116153249,50.85574412345886
-36.722017472825534,36.92555116153249,50.85574412345886
-36.722017472825534,36.92555116153249,50.85574412345886
-36.722017472825534,36.92555116153249,50.85574412345886
-36.722017472825534,36.92555116153249,50.85574412345886
-36.722017472825534,36.92555116153249,50.85574412345886
-36.722017472825534,36.92555116153249,50.85574412345886
-36.722017472825534,36.92555116153249,50.85574412345886
-36.722017472825534,36.92555116153249,50.85574412345886
-36.722017472825534,36.92555116153249,50.85574412345886
-37.01194073005428,36.97315803426897,50.85574412345886
-37.01194073005428,36.97315803426897,50.85574412345886
-37.01194073005428,36.97315803426897,50.85574412345886
-37.01194073005428,36.97315803426897,50.85574412345886
-37.01194073005428,36.97315803426897,50.85574412345886
-37.01194073005428,36.97315803426897,50.85574412345886
-37.01194073005428,36.97315803426897,50.85574412345886
-37.01194073005428,36.97315803426897,50.85574412345886
-37.01194073005428,36.97315803426897,50.85574412345886
-37.01194073005428,36.97315803426897,50.85574412345886
-37.335423556753106,37.03225943953259,50.85574412345886
-37.335423556753106,37.03225943953259,50.85574412345886
-37.335423556753106,37.03225943953259,50.85574412345886
-37.335423556753106,37.03225943953259,50.85574412345886
-37.335423556753106,37.03225943953259,50.85574412345886
-37.335423556753106,37.03225943953259,50.85574412345886
-37.335423556753106,37.03225943953259,50.85574412345886
-37.335423556753106,37.03225943953259,50.85574412345886
-37.335423556753106,37.03225943953259,50.85574412345886
-37.335423556753106,37.03225943953259,50.85574412345886
-37.335423556753106,37.03225943953259,50.85574412345886
-37.335423556753106,37.03225943953259,50.85574412345886
-37.64667810865448,37.08906121474482,50.85574412345886
-37.64667810865448,37.08906121474482,50.85574412345886
-37.64667810865448,37.08906121474482,50.85574412345886
-37.64667810865448,37.08906121474482,50.85574412345886
-37.64667810865448,37.08906121474482,50.85574412345886
-37.64667810865448,37.08906121474482,50.85574412345886
-37.64667810865448,37.08906121474482,50.85574412345886
-37.64667810865448,37.08906121474482,50.85574412345886
-37.64667810865448,37.08906121474482,50.85574412345886
-37.64667810865448,37.08906121474482,50.85574412345886
-37.64667810865448,37.08906121474482,50.85574412345886
-38.03059678700095,37.16197038941744,50.85574412345886
-38.03059678700095,37.16197038941744,50.85574412345886
-38.03059678700095,37.16197038941744,50.85574412345886
-38.03059678700095,37.16197038941744,50.85574412345886
-38.03059678700095,37.16197038941744,50.85574412345886
-38.03059678700095,37.16197038941744,50.85574412345886
-38.03059678700095,37.16197038941744,50.85574412345886
-38.03059678700095,37.16197038941744,50.85574412345886
-38.03059678700095,37.16197038941744,50.85574412345886
-38.03059678700095,37.16197038941744,50.85574412345886
-38.03059678700095,37.16197038941744,50.85574412345886
-38.33382520043565,37.224040812815765,50.85574412345886
-38.33382520043565,37.224040812815765,50.85574412345886
-38.33382520043565,37.224040812815765,50.85574412345886
-38.33382520043565,37.224040812815765,50.85574412345886
-38.33382520043565,37.224040812815765,50.85574412345886
-38.33382520043565,37.224040812815765,50.85574412345886
-38.33382520043565,37.224040812815765,50.85574412345886
-38.33382520043565,37.224040812815765,50.85574412345886
-38.33382520043565,37.224040812815765,50.85574412345886
-38.33382520043565,37.224040812815765,50.85574412345886
-38.33382520043565,37.224040812815765,50.85574412345886
-38.33382520043565,37.224040812815765,50.85574412345886
-38.33382520043565,37.224040812815765,50.85574412345886
-38.678460402990936,37.294083767808694,50.85574412345886
-38.678460402990936,37.294083767808694,50.85574412345886
-38.678460402990936,37.294083767808694,50.85574412345886
-38.678460402990936,37.294083767808694,50.85574412345886
-38.678460402990936,37.294083767808694,50.85574412345886
-38.678460402990936,37.294083767808694,50.85574412345886
-38.678460402990936,37.294083767808694,50.85574412345886
-38.678460402990936,37.294083767808694,50.85574412345886
-38.678460402990936,37.294083767808694,50.85574412345886
-38.678460402990936,37.294083767808694,50.85574412345886
-39.04198269336465,37.3751985635422,50.85574412345886
-39.04198269336465,37.3751985635422,50.85574412345886
-39.04198269336465,37.3751985635422,50.85574412345886
-39.04198269336465,37.3751985635422,50.85574412345886
-39.04198269336465,37.3751985635422,50.85574412345886
-39.04198269336465,37.3751985635422,50.85574412345886
-39.04198269336465,37.3751985635422,50.85574412345886
-39.04198269336465,37.3751985635422,50.85574412345886
-39.04198269336465,37.3751985635422,50.85574412345886
-39.04198269336465,37.3751985635422,50.85574412345886
-39.32549550413217,37.44084819039516,50.85574412345886
-39.32549550413217,37.44084819039516,50.85574412345886
-39.32549550413217,37.44084819039516,50.85574412345886
-39.32549550413217,37.44084819039516,50.85574412345886
-39.32549550413217,37.44084819039516,50.85574412345886
-39.32549550413217,37.44084819039516,50.85574412345886
-39.32549550413217,37.44084819039516,50.85574412345886
-39.32549550413217,37.44084819039516,50.85574412345886
-39.32549550413217,37.44084819039516,50.85574412345886
-39.32549550413217,37.44084819039516,50.85574412345886
-39.654904738880376,37.51726684898557,50.85574412345886
-39.654904738880376,37.51726684898557,50.85574412345886
-39.654904738880376,37.51726684898557,50.85574412345886
-39.654904738880376,37.51726684898557,50.85574412345886
-39.654904738880376,37.51726684898557,50.85574412345886
-39.654904738880376,37.51726684898557,50.85574412345886
-39.654904738880376,37.51726684898557,50.85574412345886
-39.654904738880376,37.51726684898557,50.85574412345886
-39.654904738880376,37.51726684898557,50.85574412345886
-39.654904738880376,37.51726684898557,50.85574412345886
-39.654904738880376,37.51726684898557,50.85574412345886
-39.950545134221414,37.58943172035199,50.85574412345886
-39.950545134221414,37.58943172035199,50.85574412345886
-39.950545134221414,37.58943172035199,50.85574412345886
-39.950545134221414,37.58943172035199,50.85574412345886
-39.950545134221414,37.58943172035199,50.85574412345886
-39.950545134221414,37.58943172035199,50.85574412345886
-40.236052108016146,37.65670771620944,50.85574412345886
-40.236052108016146,37.65670771620944,50.85574412345886
-40.236052108016146,37.65670771620944,50.85574412345886
-40.236052108016146,37.65670771620944,50.85574412345886
-40.236052108016146,37.65670771620944,50.85574412345886
-40.236052108016146,37.65670771620944,50.85574412345886
-40.467021528828376,37.71128398815343,50.85574412345886
-40.467021528828376,37.71128398815343,50.85574412345886
-40.467021528828376,37.71128398815343,50.85574412345886
-40.467021528828376,37.71128398815343,50.85574412345886
-40.467021528828376,37.71128398815343,50.85574412345886
-40.467021528828376,37.71128398815343,50.85574412345886
-40.6307724333426,37.744724481151394,50.85574412345886
-40.6307724333426,37.744724481151394,50.85574412345886
-40.6307724333426,37.744724481151394,50.85574412345886
-40.6307724333426,37.744724481151394,50.85574412345886
-40.6307724333426,37.744724481151394,50.85574412345886
-40.6307724333426,37.744724481151394,50.85574412345886
-40.778487530291386,37.77723145801266,50.85574412345886
-40.778487530291386,37.77723145801266,50.85574412345886
-40.778487530291386,37.77723145801266,50.85574412345886
-40.778487530291386,37.77723145801266,50.85574412345886
-40.778487530291386,37.77723145801266,50.85574412345886
-40.778487530291386,37.77723145801266,50.85574412345886
-41.005995997590965,37.83246644485445,50.85574412345886
-41.005995997590965,37.83246644485445,50.85574412345886
-41.005995997590965,37.83246644485445,50.85574412345886
-41.005995997590965,37.83246644485445,50.85574412345886
-41.005995997590965,37.83246644485445,50.85574412345886
-41.161878013306136,37.86566531327756,50.85574412345886
-41.161878013306136,37.86566531327756,50.85574412345886
-41.161878013306136,37.86566531327756,50.85574412345886
-41.161878013306136,37.86566531327756,50.85574412345886
-41.161878013306136,37.86566531327756,50.85574412345886
-41.161878013306136,37.86566531327756,50.85574412345886
-41.31056807572446,37.89800395682993,50.85574412345886
-41.31056807572446,37.89800395682993,50.85574412345886
-41.31056807572446,37.89800395682993,50.85574412345886
-41.31056807572446,37.89800395682993,50.85574412345886
-41.31056807572446,37.89800395682993,50.85574412345886
-41.31056807572446,37.89800395682993,50.85574412345886
-41.52957389098956,37.939606923824414,50.85574412345886
-41.52957389098956,37.939606923824414,50.85574412345886
-41.52957389098956,37.939606923824414,50.85574412345886
-41.52957389098956,37.939606923824414,50.85574412345886
-41.52957389098956,37.939606923824414,50.85574412345886
-41.52957389098956,37.939606923824414,50.85574412345886
-41.67791105877172,37.963998183733736,50.85574412345886
-41.67791105877172,37.963998183733736,50.85574412345886
-41.67791105877172,37.963998183733736,50.85574412345886
-41.67791105877172,37.963998183733736,50.85574412345886
-41.67791105877172,37.963998183733736,50.85574412345886
-41.67791105877172,37.963998183733736,50.85574412345886
-41.91174459989164,37.99757361819851,50.85574412345886
-41.91174459989164,37.99757361819851,50.85574412345886
-41.91174459989164,37.99757361819851,50.85574412345886
-41.91174459989164,37.99757361819851,50.85574412345886
-41.91174459989164,37.99757361819851,50.85574412345886
-42.05376231106897,38.01467974324576,50.85574412345886
-42.05376231106897,38.01467974324576,50.85574412345886
-42.05376231106897,38.01467974324576,50.85574412345886
-42.05376231106897,38.01467974324576,50.85574412345886
-42.05376231106897,38.01467974324576,50.85574412345886
-42.05376231106897,38.01467974324576,50.85574412345886
-42.05376231106897,38.01467974324576,50.85574412345886
-42.19468637902007,38.031617931082785,50.85574412345886
-42.19468637902007,38.031617931082785,50.85574412345886
-42.19468637902007,38.031617931082785,50.85574412345886
-42.19468637902007,38.031617931082785,50.85574412345886
-42.19468637902007,38.031617931082785,50.85574412345886
-42.19468637902007,38.031617931082785,50.85574412345886
-42.34455390094367,38.04601782496084,50.85574412345886
-42.34455390094367,38.04601782496084,50.85574412345886
-42.34455390094367,38.04601782496084,50.85574412345886
-42.34455390094367,38.04601782496084,50.85574412345886
-42.34455390094367,38.04601782496084,50.85574412345886
-42.34455390094367,38.04601782496084,50.85574412345886
-42.54199900089184,38.062199706782955,50.85574412345886
-42.54199900089184,38.062199706782955,50.85574412345886
-42.54199900089184,38.062199706782955,50.85574412345886
-42.54199900089184,38.062199706782955,50.85574412345886
-42.54199900089184,38.062199706782955,50.85574412345886
-42.54199900089184,38.062199706782955,50.85574412345886
-42.678678445503316,38.06712698819913,50.85574412345886
-42.678678445503316,38.06712698819913,50.85574412345886
-42.678678445503316,38.06712698819913,50.85574412345886
-42.678678445503316,38.06712698819913,50.85574412345886
-42.678678445503316,38.06712698819913,50.85574412345886
-42.678678445503316,38.06712698819913,50.85574412345886
-42.88022784469679,38.06701002307182,50.85574412345886
-42.88022784469679,38.06701002307182,50.85574412345886
-42.88022784469679,38.06701002307182,50.85574412345886
-42.88022784469679,38.06701002307182,50.85574412345886
-42.88022784469679,38.06701002307182,50.85574412345886
-42.88022784469679,38.06701002307182,50.85574412345886
-43.00582130522802,38.060309355228796,50.85574412345886
-43.00582130522802,38.060309355228796,50.85574412345886
-43.00582130522802,38.060309355228796,50.85574412345886
-43.00582130522802,38.060309355228796,50.85574412345886
-43.00582130522802,38.060309355228796,50.85574412345886
-43.00582130522802,38.060309355228796,50.85574412345886
-43.140446362426246,38.04540646393671,50.85574412345886
-43.140446362426246,38.04540646393671,50.85574412345886
-43.140446362426246,38.04540646393671,50.85574412345886
-43.140446362426246,38.04540646393671,50.85574412345886
-43.140446362426246,38.04540646393671,50.85574412345886
-43.140446362426246,38.04540646393671,50.85574412345886
-43.32718117178236,38.02722226907935,50.85574412345886
-43.32718117178236,38.02722226907935,50.85574412345886
-43.32718117178236,38.02722226907935,50.85574412345886
-43.32718117178236,38.02722226907935,50.85574412345886
-43.32718117178236,38.02722226907935,50.85574412345886
-43.32718117178236,38.02722226907935,50.85574412345886
-43.46121793612077,38.00308879880896,50.85574412345886
-43.46121793612077,38.00308879880896,50.85574412345886
-43.46121793612077,38.00308879880896,50.85574412345886
-43.46121793612077,38.00308879880896,50.85574412345886
-43.46121793612077,38.00308879880896,50.85574412345886
-43.46121793612077,38.00308879880896,50.85574412345886
-43.62795903938126,37.97702001174324,50.85574412345886
-43.62795903938126,37.97702001174324,50.85574412345886
-43.62795903938126,37.97702001174324,50.85574412345886
-43.62795903938126,37.97702001174324,50.85574412345886
-43.62795903938126,37.97702001174324,50.85574412345886
-43.62795903938126,37.97702001174324,50.85574412345886
-43.7578415362979,37.947368974673594,50.85574412345886
-43.7578415362979,37.947368974673594,50.85574412345886
-43.7578415362979,37.947368974673594,50.85574412345886
-43.7578415362979,37.947368974673594,50.85574412345886
-43.7578415362979,37.947368974673594,50.85574412345886
-43.7578415362979,37.947368974673594,50.85574412345886
-43.954637999707344,37.90103688304359,50.85574412345886
-43.954637999707344,37.90103688304359,50.85574412345886
-43.954637999707344,37.90103688304359,50.85574412345886
-43.954637999707344,37.90103688304359,50.85574412345886
-43.954637999707344,37.90103688304359,50.85574412345886
-43.954637999707344,37.90103688304359,50.85574412345886
-43.954637999707344,37.90103688304359,50.85574412345886
-44.05902620119906,37.87694235245856,50.85574412345886
-44.05902620119906,37.87694235245856,50.85574412345886
-44.05902620119906,37.87694235245856,50.85574412345886
-44.05902620119906,37.87694235245856,50.85574412345886
-44.05902620119906,37.87694235245856,50.85574412345886
-44.05902620119906,37.87694235245856,50.85574412345886
-44.24229943210464,37.830698394636876,50.85574412345886
-44.24229943210464,37.830698394636876,50.85574412345886
-44.24229943210464,37.830698394636876,50.85574412345886
-44.24229943210464,37.830698394636876,50.85574412345886
-44.24229943210464,37.830698394636876,50.85574412345886
-44.24229943210464,37.830698394636876,50.85574412345886
-44.37206415429474,37.79592620091455,50.85574412345886
-44.37206415429474,37.79592620091455,50.85574412345886
-44.37206415429474,37.79592620091455,50.85574412345886
-44.37206415429474,37.79592620091455,50.85574412345886
-44.37206415429474,37.79592620091455,50.85574412345886
-44.37206415429474,37.79592620091455,50.85574412345886
-44.554841818854214,37.7385107595918,50.85574412345886
-44.554841818854214,37.7385107595918,50.85574412345886
-44.554841818854214,37.7385107595918,50.85574412345886
-44.554841818854214,37.7385107595918,50.85574412345886
-44.554841818854214,37.7385107595918,50.85574412345886
-44.554841818854214,37.7385107595918,50.85574412345886
-44.554841818854214,37.7385107595918,50.85574412345886
-44.665257817884644,37.69778397207155,50.85574412345886
-44.665257817884644,37.69778397207155,50.85574412345886
-44.665257817884644,37.69778397207155,50.85574412345886
-44.665257817884644,37.69778397207155,50.85574412345886
-44.665257817884644,37.69778397207155,50.85574412345886
-44.665257817884644,37.69778397207155,50.85574412345886
-44.665257817884644,37.69778397207155,50.85574412345886
-44.665257817884644,37.69778397207155,50.85574412345886
-44.860776300380515,37.627785985138345,50.85574412345886
-44.860776300380515,37.627785985138345,50.85574412345886
-44.860776300380515,37.627785985138345,50.85574412345886
-44.860776300380515,37.627785985138345,50.85574412345886
-44.860776300380515,37.627785985138345,50.85574412345886
-44.860776300380515,37.627785985138345,50.85574412345886
-44.860776300380515,37.627785985138345,50.85574412345886
-45.05806079762552,37.5476888464455,50.85574412345886
-45.05806079762552,37.5476888464455,50.85574412345886
-45.05806079762552,37.5476888464455,50.85574412345886
-45.05806079762552,37.5476888464455,50.85574412345886
-45.05806079762552,37.5476888464455,50.85574412345886
-45.05806079762552,37.5476888464455,50.85574412345886
-45.05806079762552,37.5476888464455,50.85574412345886
-45.20412011300171,37.48115256076098,50.85574412345886
-45.20412011300171,37.48115256076098,50.85574412345886
-45.20412011300171,37.48115256076098,50.85574412345886
-45.20412011300171,37.48115256076098,50.85574412345886
-45.20412011300171,37.48115256076098,50.85574412345886
-45.20412011300171,37.48115256076098,50.85574412345886
-45.311273661139886,37.42387644675619,50.85574412345886
-45.311273661139886,37.42387644675619,50.85574412345886
-45.311273661139886,37.42387644675619,50.85574412345886
-45.311273661139886,37.42387644675619,50.85574412345886
-45.311273661139886,37.42387644675619,50.85574412345886
-45.311273661139886,37.42387644675619,50.85574412345886
-45.311273661139886,37.42387644675619,50.85574412345886
-45.461469690171356,37.341661228525425,50.85574412345886
-45.461469690171356,37.341661228525425,50.85574412345886
-45.461469690171356,37.341661228525425,50.85574412345886
-45.461469690171356,37.341661228525425,50.85574412345886
-45.461469690171356,37.341661228525425,50.85574412345886
-45.461469690171356,37.341661228525425,50.85574412345886
-45.461469690171356,37.341661228525425,50.85574412345886
-45.461469690171356,37.341661228525425,50.85574412345886
-45.58862664276616,37.262524087919005,50.85574412345886
-45.58862664276616,37.262524087919005,50.85574412345886
-45.58862664276616,37.262524087919005,50.85574412345886
-45.58862664276616,37.262524087919005,50.85574412345886
-45.58862664276616,37.262524087919005,50.85574412345886
-45.58862664276616,37.262524087919005,50.85574412345886
-45.58862664276616,37.262524087919005,50.85574412345886
-45.58862664276616,37.262524087919005,50.85574412345886
-45.73030562046536,37.1679467279244,50.85574412345886
-45.73030562046536,37.1679467279244,50.85574412345886
-45.73030562046536,37.1679467279244,50.85574412345886
-45.73030562046536,37.1679467279244,50.85574412345886
-45.73030562046536,37.1679467279244,50.85574412345886
-45.73030562046536,37.1679467279244,50.85574412345886
-45.73030562046536,37.1679467279244,50.85574412345886
-45.90365075397742,37.06358424173662,50.85574412345886
-45.90365075397742,37.06358424173662,50.85574412345886
-45.90365075397742,37.06358424173662,50.85574412345886
-45.90365075397742,37.06358424173662,50.85574412345886
-45.90365075397742,37.06358424173662,50.85574412345886
-45.90365075397742,37.06358424173662,50.85574412345886
-45.90365075397742,37.06358424173662,50.85574412345886
-46.07314754260231,36.94194756569728,50.85574412345886
-46.07314754260231,36.94194756569728,50.85574412345886
-46.07314754260231,36.94194756569728,50.85574412345886
-46.07314754260231,36.94194756569728,50.85574412345886
-46.07314754260231,36.94194756569728,50.85574412345886
-46.07314754260231,36.94194756569728,50.85574412345886
-46.07314754260231,36.94194756569728,50.85574412345886
-46.24544177976795,36.82718820583558,50.85574412345886
-46.24544177976795,36.82718820583558,50.85574412345886
-46.24544177976795,36.82718820583558,50.85574412345886
-46.24544177976795,36.82718820583558,50.85574412345886
-46.24544177976795,36.82718820583558,50.85574412345886
-46.24544177976795,36.82718820583558,50.85574412345886
-46.24544177976795,36.82718820583558,50.85574412345886
-46.31883984169465,36.766819626014936,50.85574412345886
-46.31883984169465,36.766819626014936,50.85574412345886
-46.31883984169465,36.766819626014936,50.85574412345886
-46.31883984169465,36.766819626014936,50.85574412345886
-46.31883984169465,36.766819626014936,50.85574412345886
-46.31883984169465,36.766819626014936,50.85574412345886
-46.31883984169465,36.766819626014936,50.85574412345886
-46.45306636268056,36.660956799138575,50.85574412345886
-46.45306636268056,36.660956799138575,50.85574412345886
-46.45306636268056,36.660956799138575,50.85574412345886
-46.45306636268056,36.660956799138575,50.85574412345886
-46.45306636268056,36.660956799138575,50.85574412345886
-46.45306636268056,36.660956799138575,50.85574412345886
-46.45306636268056,36.660956799138575,50.85574412345886
-46.45306636268056,36.660956799138575,50.85574412345886
-46.612027366390066,36.53538803842758,50.85574412345886
-46.612027366390066,36.53538803842758,50.85574412345886
-46.612027366390066,36.53538803842758,50.85574412345886
-46.612027366390066,36.53538803842758,50.85574412345886
-46.612027366390066,36.53538803842758,50.85574412345886
-46.612027366390066,36.53538803842758,50.85574412345886
-46.612027366390066,36.53538803842758,50.85574412345886
-46.612027366390066,36.53538803842758,50.85574412345886
-46.612027366390066,36.53538803842758,50.85574412345886
-46.73950174615272,36.434916717500265,50.85574412345886
-46.73950174615272,36.434916717500265,50.85574412345886
-46.73950174615272,36.434916717500265,50.85574412345886
-46.73950174615272,36.434916717500265,50.85574412345886
-46.73950174615272,36.434916717500265,50.85574412345886
-46.73950174615272,36.434916717500265,50.85574412345886
-46.73950174615272,36.434916717500265,50.85574412345886
-46.93635539467573,36.25244775397408,50.85574412345886
-46.93635539467573,36.25244775397408,50.85574412345886
-46.93635539467573,36.25244775397408,50.85574412345886
-46.93635539467573,36.25244775397408,50.85574412345886
-46.93635539467573,36.25244775397408,50.85574412345886
-46.93635539467573,36.25244775397408,50.85574412345886
-47.07154459828902,36.11322763712413,50.85574412345886
-47.07154459828902,36.11322763712413,50.85574412345886
-47.07154459828902,36.11322763712413,50.85574412345886
-47.07154459828902,36.11322763712413,50.85574412345886
-47.07154459828902,36.11322763712413,50.85574412345886
-47.14414061129076,36.032340186545596,50.85574412345886
-47.14414061129076,36.032340186545596,50.85574412345886
-47.14414061129076,36.032340186545596,50.85574412345886
-47.14414061129076,36.032340186545596,50.85574412345886
-47.14414061129076,36.032340186545596,50.85574412345886
-47.14414061129076,36.032340186545596,50.85574412345886
-47.23140232764232,35.93832606547136,50.85574412345886
-47.23140232764232,35.93832606547136,50.85574412345886
-47.23140232764232,35.93832606547136,50.85574412345886
-47.23140232764232,35.93832606547136,50.85574412345886
-47.23140232764232,35.93832606547136,50.85574412345886
-47.23140232764232,35.93832606547136,50.85574412345886
-47.23140232764232,35.93832606547136,50.85574412345886
-47.32419732842553,35.82899207348106,50.85574412345886
-47.32419732842553,35.82899207348106,50.85574412345886
-47.32419732842553,35.82899207348106,50.85574412345886
-47.32419732842553,35.82899207348106,50.85574412345886
-47.32419732842553,35.82899207348106,50.85574412345886
-47.32419732842553,35.82899207348106,50.85574412345886
-47.32419732842553,35.82899207348106,50.85574412345886
-47.42806633700887,35.702652082863814,50.85574412345886
-47.42806633700887,35.702652082863814,50.85574412345886
-47.42806633700887,35.702652082863814,50.85574412345886
-47.42806633700887,35.702652082863814,50.85574412345886
-47.42806633700887,35.702652082863814,50.85574412345886
-47.42806633700887,35.702652082863814,50.85574412345886
-47.42806633700887,35.702652082863814,50.85574412345886
-47.49991955233956,35.594030685225505,50.85574412345886
-47.49991955233956,35.594030685225505,50.85574412345886
-47.49991955233956,35.594030685225505,50.85574412345886
-47.49991955233956,35.594030685225505,50.85574412345886
-47.49991955233956,35.594030685225505,50.85574412345886
-47.49991955233956,35.594030685225505,50.85574412345886
-47.49991955233956,35.594030685225505,50.85574412345886
-47.60577155918132,35.447830221802015,50.85574412345886
-47.60577155918132,35.447830221802015,50.85574412345886
-47.60577155918132,35.447830221802015,50.85574412345886
-47.60577155918132,35.447830221802015,50.85574412345886
-47.60577155918132,35.447830221802015,50.85574412345886
-47.60577155918132,35.447830221802015,50.85574412345886
-47.705875322581214,35.30778194415953,50.85574412345886
-47.705875322581214,35.30778194415953,50.85574412345886
-47.705875322581214,35.30778194415953,50.85574412345886
-47.705875322581214,35.30778194415953,50.85574412345886
-47.705875322581214,35.30778194415953,50.85574412345886
-47.705875322581214,35.30778194415953,50.85574412345886
-47.705875322581214,35.30778194415953,50.85574412345886
-47.761131811461205,35.212446456469614,50.85574412345886
-47.761131811461205,35.212446456469614,50.85574412345886
-47.761131811461205,35.212446456469614,50.85574412345886
-47.761131811461205,35.212446456469614,50.85574412345886
-47.761131811461205,35.212446456469614,50.85574412345886
-47.761131811461205,35.212446456469614,50.85574412345886
-47.86456979718217,35.0436826863733,50.85574412345886
-47.86456979718217,35.0436826863733,50.85574412345886
-47.86456979718217,35.0436826863733,50.85574412345886
-47.86456979718217,35.0436826863733,50.85574412345886
-47.86456979718217,35.0436826863733,50.85574412345886
-47.86456979718217,35.0436826863733,50.85574412345886
-47.92472439969401,34.929249654542176,50.85574412345886
-47.92472439969401,34.929249654542176,50.85574412345886
-47.92472439969401,34.929249654542176,50.85574412345886
-47.92472439969401,34.929249654542176,50.85574412345886
-47.92472439969401,34.929249654542176,50.85574412345886
-47.92472439969401,34.929249654542176,50.85574412345886
-48.01554764309488,34.779336730272455,50.85574412345886
-48.01554764309488,34.779336730272455,50.85574412345886
-48.01554764309488,34.779336730272455,50.85574412345886
-48.01554764309488,34.779336730272455,50.85574412345886
-48.01554764309488,34.779336730272455,50.85574412345886
-48.01554764309488,34.779336730272455,50.85574412345886
-48.01554764309488,34.779336730272455,50.85574412345886
-48.01554764309488,34.779336730272455,50.85574412345886
-48.01554764309488,34.779336730272455,50.85574412345886
-48.01554764309488,34.779336730272455,50.85574412345886
-48.01554764309488,34.779336730272455,50.85574412345886
-48.01554764309488,34.779336730272455,50.85574412345886
-48.01554764309488,34.779336730272455,50.85574412345886
-48.01554764309488,34.779336730272455,50.85574412345886
-48.01554764309488,34.779336730272455,50.85574412345886
-48.01554764309488,34.779336730272455,50.85574412345886
-48.06951619894931,34.6645134445332,50.85574412345886
-48.06951619894931,34.6645134445332,50.85574412345886
-48.06951619894931,34.6645134445332,50.85574412345886
-48.06951619894931,34.6645134445332,50.85574412345886
-48.06951619894931,34.6645134445332,50.85574412345886
-48.06951619894931,34.6645134445332,50.85574412345886
-48.06951619894931,34.6645134445332,50.85574412345886
-48.06951619894931,34.6645134445332,50.85574412345886
-48.06951619894931,34.6645134445332,50.85574412345886
-48.06951619894931,34.6645134445332,50.85574412345886
-48.06951619894931,34.6645134445332,50.85574412345886
-48.06951619894931,34.6645134445332,50.85574412345886
-48.06951619894931,34.6645134445332,50.85574412345886
-48.06951619894931,34.6645134445332,50.85574412345886
-48.257959663360836,34.28685848368461,50.85574412345886
-48.257959663360836,34.28685848368461,50.85574412345886
-48.257959663360836,34.28685848368461,50.85574412345886
-48.257959663360836,34.28685848368461,50.85574412345886
-48.257959663360836,34.28685848368461,50.85574412345886
-48.257959663360836,34.28685848368461,50.85574412345886
-48.257959663360836,34.28685848368461,50.85574412345886
-48.257959663360836,34.28685848368461,50.85574412345886
-48.257959663360836,34.28685848368461,50.85574412345886
-48.355201942989794,34.040998988543485,50.85574412345886
-48.355201942989794,34.040998988543485,50.85574412345886
-48.355201942989794,34.040998988543485,50.85574412345886
-48.355201942989794,34.040998988543485,50.85574412345886
-48.355201942989794,34.040998988543485,50.85574412345886
-48.355201942989794,34.040998988543485,50.85574412345886
-48.41251035006114,33.8375254983666,50.85574412345886
-48.41251035006114,33.8375254983666,50.85574412345886
-48.41251035006114,33.8375254983666,50.85574412345886
-48.41251035006114,33.8375254983666,50.85574412345886
-48.41251035006114,33.8375254983666,50.85574412345886
-48.41251035006114,33.8375254983666,50.85574412345886
-48.430427801840814,33.733935792910366,50.85574412345886
-48.430427801840814,33.733935792910366,50.85574412345886
-48.430427801840814,33.733935792910366,50.85574412345886
-48.430427801840814,33.733935792910366,50.85574412345886
-48.430427801840814,33.733935792910366,50.85574412345886
-48.430427801840814,33.733935792910366,50.85574412345886
-48.46275144173537,33.57316168992223,50.85574412345886
-48.46275144173537,33.57316168992223,50.85574412345886
-48.46275144173537,33.57316168992223,50.85574412345886
-48.46275144173537,33.57316168992223,50.85574412345886
-48.46275144173537,33.57316168992223,50.85574412345886
-48.46275144173537,33.57316168992223,50.85574412345886
-48.46275144173537,33.57316168992223,50.85574412345886
-48.50052431671885,33.427256925602755,50.85574412345886
-48.50052431671885,33.427256925602755,50.85574412345886
-48.50052431671885,33.427256925602755,50.85574412345886
-48.50052431671885,33.427256925602755,50.85574412345886
-48.50052431671885,33.427256925602755,50.85574412345886
-48.50052431671885,33.427256925602755,50.85574412345886
-48.50052431671885,33.427256925602755,50.85574412345886
-48.50052431671885,33.427256925602755,50.85574412345886
-48.50052431671885,33.427256925602755,50.85574412345886
-48.50052431671885,33.427256925602755,50.85574412345886
-48.50052431671885,33.427256925602755,50.85574412345886
-48.536985621253606,33.24957739796366,50.85574412345886
-48.536985621253606,33.24957739796366,50.85574412345886
-48.536985621253606,33.24957739796366,50.85574412345886
-48.536985621253606,33.24957739796366,50.85574412345886
-48.536985621253606,33.24957739796366,50.85574412345886
-48.536985621253606,33.24957739796366,50.85574412345886
-48.536985621253606,33.24957739796366,50.85574412345886
-48.536985621253606,33.24957739796366,50.85574412345886
-48.536985621253606,33.24957739796366,50.85574412345886
-48.536985621253606,33.24957739796366,50.85574412345886
-48.536985621253606,33.24957739796366,50.85574412345886
-48.536985621253606,33.24957739796366,50.85574412345886
-48.536985621253606,33.24957739796366,50.85574412345886
-48.536985621253606,33.24957739796366,50.85574412345886
-48.536985621253606,33.24957739796366,50.85574412345886
-48.536985621253606,33.24957739796366,50.85574412345886
-48.604435407462894,32.9207464735397,50.85574412345886
-48.604435407462894,32.9207464735397,50.85574412345886
-48.604435407462894,32.9207464735397,50.85574412345886
-48.604435407462894,32.9207464735397,50.85574412345886
-48.604435407462894,32.9207464735397,50.85574412345886
-48.604435407462894,32.9207464735397,50.85574412345886
-48.604435407462894,32.9207464735397,50.85574412345886
-48.604435407462894,32.9207464735397,50.85574412345886
-48.604435407462894,32.9207464735397,50.85574412345886
-48.604435407462894,32.9207464735397,50.85574412345886
-48.604435407462894,32.9207464735397,50.85574412345886
-48.604435407462894,32.9207464735397,50.85574412345886
-48.66274160856677,32.56046537287075,50.85574412345886
-48.66274160856677,32.56046537287075,50.85574412345886
-48.66274160856677,32.56046537287075,50.85574412345886
-48.66274160856677,32.56046537287075,50.85574412345886
-48.66274160856677,32.56046537287075,50.85574412345886
-48.66274160856677,32.56046537287075,50.85574412345886
-48.67982162038181,32.320476359632934,50.85574412345886
-48.67982162038181,32.320476359632934,50.85574412345886
-48.67982162038181,32.320476359632934,50.85574412345886
-48.67982162038181,32.320476359632934,50.85574412345886
-48.67982162038181,32.320476359632934,50.85574412345886
-48.67982162038181,32.320476359632934,50.85574412345886
-48.671999198340075,32.218024153514996,50.85574412345886
-48.671999198340075,32.218024153514996,50.85574412345886
-48.671999198340075,32.218024153514996,50.85574412345886
-48.671999198340075,32.218024153514996,50.85574412345886
-48.671999198340075,32.218024153514996,50.85574412345886
-48.671999198340075,32.218024153514996,50.85574412345886
-48.671999198340075,32.218024153514996,50.85574412345886
-48.671999198340075,32.218024153514996,50.85574412345886
-48.671999198340075,32.218024153514996,50.85574412345886
-48.671999198340075,32.218024153514996,50.85574412345886
-48.66325131787107,32.12044305110909,50.85574412345886
-48.66325131787107,32.12044305110909,50.85574412345886
-48.66325131787107,32.12044305110909,50.85574412345886
-48.66325131787107,32.12044305110909,50.85574412345886
-48.66325131787107,32.12044305110909,50.85574412345886
-48.66325131787107,32.12044305110909,50.85574412345886
-48.66325131787107,32.12044305110909,50.85574412345886
-48.65541486875895,31.91495040745248,50.85574412345886
-48.65541486875895,31.91495040745248,50.85574412345886
-48.65541486875895,31.91495040745248,50.85574412345886
-48.65541486875895,31.91495040745248,50.85574412345886
-48.65541486875895,31.91495040745248,50.85574412345886
-48.65541486875895,31.91495040745248,50.85574412345886
-48.65541486875895,31.91495040745248,50.85574412345886
-48.65487415975636,31.710397085837684,50.85574412345886
-48.65487415975636,31.710397085837684,50.85574412345886
-48.65487415975636,31.710397085837684,50.85574412345886
-48.65487415975636,31.710397085837684,50.85574412345886
-48.65487415975636,31.710397085837684,50.85574412345886
-48.65487415975636,31.710397085837684,50.85574412345886
-48.65487415975636,31.710397085837684,50.85574412345886
-48.63427352475267,31.568886176285254,50.85574412345886
-48.63427352475267,31.568886176285254,50.85574412345886
-48.63427352475267,31.568886176285254,50.85574412345886
-48.63427352475267,31.568886176285254,50.85574412345886
-48.63427352475267,31.568886176285254,50.85574412345886
-48.62234399215977,31.479116432915742,50.85574412345886
-48.62234399215977,31.479116432915742,50.85574412345886
-48.62234399215977,31.479116432915742,50.85574412345886
-48.62234399215977,31.479116432915742,50.85574412345886
-48.62234399215977,31.479116432915742,50.85574412345886
-48.62234399215977,31.479116432915742,50.85574412345886
-48.62234399215977,31.479116432915742,50.85574412345886
-48.61190980893904,31.33017918575033,50.85574412345886
-48.61190980893904,31.33017918575033,50.85574412345886
-48.61190980893904,31.33017918575033,50.85574412345886
-48.61190980893904,31.33017918575033,50.85574412345886
-48.61190980893904,31.33017918575033,50.85574412345886
-48.61190980893904,31.33017918575033,50.85574412345886
-48.60250349019901,31.21063641414456,50.85574412345886
-48.60250349019901,31.21063641414456,50.85574412345886
-48.60250349019901,31.21063641414456,50.85574412345886
-48.60250349019901,31.21063641414456,50.85574412345886
-48.60250349019901,31.21063641414456,50.85574412345886
-48.60250349019901,31.21063641414456,50.85574412345886
-48.60250349019901,31.21063641414456,50.85574412345886
-48.579958649794726,31.036027627948716,50.85574412345886
-48.579958649794726,31.036027627948716,50.85574412345886
-48.579958649794726,31.036027627948716,50.85574412345886
-48.579958649794726,31.036027627948716,50.85574412345886
-48.579958649794726,31.036027627948716,50.85574412345886
-48.579958649794726,31.036027627948716,50.85574412345886
-48.579958649794726,31.036027627948716,50.85574412345886
-48.55157183606467,30.853099572554882,50.85574412345886
-48.55157183606467,30.853099572554882,50.85574412345886
-48.55157183606467,30.853099572554882,50.85574412345886
-48.55157183606467,30.853099572554882,50.85574412345886
-48.55157183606467,30.853099572554882,50.85574412345886
-48.55157183606467,30.853099572554882,50.85574412345886
-48.52244123312195,30.769582293512855,50.85574412345886
-48.52244123312195,30.769582293512855,50.85574412345886
-48.52244123312195,30.769582293512855,50.85574412345886
-48.52244123312195,30.769582293512855,50.85574412345886
-48.52244123312195,30.769582293512855,50.85574412345886
-48.52244123312195,30.769582293512855,50.85574412345886
-48.52244123312195,30.769582293512855,50.85574412345886
-48.50074704954566,30.567863987509654,50.85574412345886
-48.50074704954566,30.567863987509654,50.85574412345886
-48.50074704954566,30.567863987509654,50.85574412345886
-48.50074704954566,30.567863987509654,50.85574412345886
-48.50074704954566,30.567863987509654,50.85574412345886
-48.50074704954566,30.567863987509654,50.85574412345886
-48.46857047146152,30.44379748421296,50.85574412345886
-48.46857047146152,30.44379748421296,50.85574412345886
-48.46857047146152,30.44379748421296,50.85574412345886
-48.46857047146152,30.44379748421296,50.85574412345886
-48.46857047146152,30.44379748421296,50.85574412345886
-48.46857047146152,30.44379748421296,50.85574412345886
-48.423515313298914,30.267441923115687,50.85574412345886
-48.423515313298914,30.267441923115687,50.85574412345886
-48.423515313298914,30.267441923115687,50.85574412345886
-48.423515313298914,30.267441923115687,50.85574412345886
-48.423515313298914,30.267441923115687,50.85574412345886
-48.423515313298914,30.267441923115687,50.85574412345886
-48.423515313298914,30.267441923115687,50.85574412345886
-48.38168527438066,30.076859974731104,50.85574412345886
-48.38168527438066,30.076859974731104,50.85574412345886
-48.38168527438066,30.076859974731104,50.85574412345886
-48.38168527438066,30.076859974731104,50.85574412345886
-48.38168527438066,30.076859974731104,50.85574412345886
-48.38168527438066,30.076859974731104,50.85574412345886
-48.38168527438066,30.076859974731104,50.85574412345886
-48.34171611865695,29.9412421768336,50.85574412345886
-48.34171611865695,29.9412421768336,50.85574412345886
-48.34171611865695,29.9412421768336,50.85574412345886
-48.34171611865695,29.9412421768336,50.85574412345886
-48.34171611865695,29.9412421768336,50.85574412345886
-48.34171611865695,29.9412421768336,50.85574412345886
-48.29819487599695,29.73344057263522,50.85574412345886
-48.29819487599695,29.73344057263522,50.85574412345886
-48.29819487599695,29.73344057263522,50.85574412345886
-48.29819487599695,29.73344057263522,50.85574412345886
-48.29819487599695,29.73344057263522,50.85574412345886
-48.29819487599695,29.73344057263522,50.85574412345886
-48.229446101824315,29.554337428281713,50.85574412345886
-48.229446101824315,29.554337428281713,50.85574412345886
-48.229446101824315,29.554337428281713,50.85574412345886
-48.229446101824315,29.554337428281713,50.85574412345886
-48.229446101824315,29.554337428281713,50.85574412345886
-48.229446101824315,29.554337428281713,50.85574412345886
-48.229446101824315,29.554337428281713,50.85574412345886
-48.19199206495261,29.43115474189334,50.85574412345886
-48.19199206495261,29.43115474189334,50.85574412345886
-48.19199206495261,29.43115474189334,50.85574412345886
-48.19199206495261,29.43115474189334,50.85574412345886
-48.19199206495261,29.43115474189334,50.85574412345886
-48.19199206495261,29.43115474189334,50.85574412345886
-48.154403162602925,29.297169580480208,50.85574412345886
-48.154403162602925,29.297169580480208,50.85574412345886
-48.154403162602925,29.297169580480208,50.85574412345886
-48.154403162602925,29.297169580480208,50.85574412345886
-48.154403162602925,29.297169580480208,50.85574412345886
-48.154403162602925,29.297169580480208,50.85574412345886
-48.0700582295185,29.100374121372983,50.85574412345886
-48.0700582295185,29.100374121372983,50.85574412345886
-48.0700582295185,29.100374121372983,50.85574412345886
-48.0700582295185,29.100374121372983,50.85574412345886
-48.0700582295185,29.100374121372983,50.85574412345886
-48.0700582295185,29.100374121372983,50.85574412345886
-48.00058008936769,28.927298579183063,50.85574412345886
-48.00058008936769,28.927298579183063,50.85574412345886
-48.00058008936769,28.927298579183063,50.85574412345886
-48.00058008936769,28.927298579183063,50.85574412345886
-48.00058008936769,28.927298579183063,50.85574412345886
-48.00058008936769,28.927298579183063,50.85574412345886
-48.00058008936769,28.927298579183063,50.85574412345886
-48.00058008936769,28.927298579183063,50.85574412345886
-48.00058008936769,28.927298579183063,50.85574412345886
-48.00058008936769,28.927298579183063,50.85574412345886
-48.00058008936769,28.927298579183063,50.85574412345886
-47.96488432445399,28.795075440424164,50.85574412345886
-47.96488432445399,28.795075440424164,50.85574412345886
-47.96488432445399,28.795075440424164,50.85574412345886
-47.96488432445399,28.795075440424164,50.85574412345886
-47.96488432445399,28.795075440424164,50.85574412345886
-47.96488432445399,28.795075440424164,50.85574412345886
-47.96488432445399,28.795075440424164,50.85574412345886
-47.84947647253259,28.549422292244707,50.85574412345886
-47.84947647253259,28.549422292244707,50.85574412345886
-47.84947647253259,28.549422292244707,50.85574412345886
-47.84947647253259,28.549422292244707,50.85574412345886
-47.84947647253259,28.549422292244707,50.85574412345886
-47.84947647253259,28.549422292244707,50.85574412345886
-47.77557754245121,28.37896781974308,50.85574412345886
-47.77557754245121,28.37896781974308,50.85574412345886
-47.77557754245121,28.37896781974308,50.85574412345886
-47.77557754245121,28.37896781974308,50.85574412345886
-47.77557754245121,28.37896781974308,50.85574412345886
-47.77557754245121,28.37896781974308,50.85574412345886
-47.714458627090515,28.263379109063273,50.85574412345886
-47.714458627090515,28.263379109063273,50.85574412345886
-47.714458627090515,28.263379109063273,50.85574412345886
-47.714458627090515,28.263379109063273,50.85574412345886
-47.714458627090515,28.263379109063273,50.85574412345886
-47.714458627090515,28.263379109063273,50.85574412345886
-47.627001004921304,28.06865140363907,50.85574412345886
-47.627001004921304,28.06865140363907,50.85574412345886
-47.627001004921304,28.06865140363907,50.85574412345886
-47.627001004921304,28.06865140363907,50.85574412345886
-47.627001004921304,28.06865140363907,50.85574412345886
-47.56187151999529,27.93778935323422,50.85574412345886
-47.56187151999529,27.93778935323422,50.85574412345886
-47.56187151999529,27.93778935323422,50.85574412345886
-47.56187151999529,27.93778935323422,50.85574412345886
-47.56187151999529,27.93778935323422,50.85574412345886
-47.56187151999529,27.93778935323422,50.85574412345886
-47.492992437100305,27.794397055264863,50.85574412345886
-47.492992437100305,27.794397055264863,50.85574412345886
-47.492992437100305,27.794397055264863,50.85574412345886
-47.492992437100305,27.794397055264863,50.85574412345886
-47.492992437100305,27.794397055264863,50.85574412345886
-47.42927514400988,27.66888202973178,50.85574412345886
-47.42927514400988,27.66888202973178,50.85574412345886
-47.42927514400988,27.66888202973178,50.85574412345886
-47.42927514400988,27.66888202973178,50.85574412345886
-47.42927514400988,27.66888202973178,50.85574412345886
-47.42927514400988,27.66888202973178,50.85574412345886
-47.324433808425916,27.491349532077137,50.85574412345886
-47.324433808425916,27.491349532077137,50.85574412345886
-47.324433808425916,27.491349532077137,50.85574412345886
-47.324433808425916,27.491349532077137,50.85574412345886
-47.324433808425916,27.491349532077137,50.85574412345886
-47.324433808425916,27.491349532077137,50.85574412345886
-47.26380688596506,27.363010614015597,50.85574412345886
-47.26380688596506,27.363010614015597,50.85574412345886
-47.26380688596506,27.363010614015597,50.85574412345886
-47.26380688596506,27.363010614015597,50.85574412345886
-47.26380688596506,27.363010614015597,50.85574412345886
-47.193594473973086,27.24538352611923,50.85574412345886
-47.193594473973086,27.24538352611923,50.85574412345886
-47.193594473973086,27.24538352611923,50.85574412345886
-47.193594473973086,27.24538352611923,50.85574412345886
-47.193594473973086,27.24538352611923,50.85574412345886
-47.193594473973086,27.24538352611923,50.85574412345886
-47.09261463630886,27.06992740725012,50.85574412345886
-47.09261463630886,27.06992740725012,50.85574412345886
-47.09261463630886,27.06992740725012,50.85574412345886
-47.09261463630886,27.06992740725012,50.85574412345886
-47.09261463630886,27.06992740725012,50.85574412345886
-47.09261463630886,27.06992740725012,50.85574412345886
-47.09261463630886,27.06992740725012,50.85574412345886
-47.017799399954505,26.952524782425225,50.85574412345886
-47.017799399954505,26.952524782425225,50.85574412345886
-47.017799399954505,26.952524782425225,50.85574412345886
-47.017799399954505,26.952524782425225,50.85574412345886
-47.017799399954505,26.952524782425225,50.85574412345886
-47.017799399954505,26.952524782425225,50.85574412345886
-46.935771958249184,26.830876658745645,50.85574412345886
-46.935771958249184,26.830876658745645,50.85574412345886
-46.935771958249184,26.830876658745645,50.85574412345886
-46.935771958249184,26.830876658745645,50.85574412345886
-46.935771958249184,26.830876658745645,50.85574412345886
-46.935771958249184,26.830876658745645,50.85574412345886
-46.81961991814392,26.6385062853056,50.85574412345886
-46.81961991814392,26.6385062853056,50.85574412345886
-46.81961991814392,26.6385062853056,50.85574412345886
-46.81961991814392,26.6385062853056,50.85574412345886
-46.81961991814392,26.6385062853056,50.85574412345886
-46.737785253123945,26.501834150218478,50.85574412345886
-46.737785253123945,26.501834150218478,50.85574412345886
-46.737785253123945,26.501834150218478,50.85574412345886
-46.737785253123945,26.501834150218478,50.85574412345886
-46.737785253123945,26.501834150218478,50.85574412345886
-46.737785253123945,26.501834150218478,50.85574412345886
-46.643910637112874,26.332270262724304,50.85574412345886
-46.643910637112874,26.332270262724304,50.85574412345886
-46.643910637112874,26.332270262724304,50.85574412345886
-46.643910637112874,26.332270262724304,50.85574412345886
-46.643910637112874,26.332270262724304,50.85574412345886
-46.643910637112874,26.332270262724304,50.85574412345886
-46.56968370471218,26.20704361640769,50.85574412345886
-46.56968370471218,26.20704361640769,50.85574412345886
-46.56968370471218,26.20704361640769,50.85574412345886
-46.56968370471218,26.20704361640769,50.85574412345886
-46.56968370471218,26.20704361640769,50.85574412345886
-46.56968370471218,26.20704361640769,50.85574412345886
-46.48301963972911,26.08650936670888,50.85574412345886
-46.48301963972911,26.08650936670888,50.85574412345886
-46.48301963972911,26.08650936670888,50.85574412345886
-46.48301963972911,26.08650936670888,50.85574412345886
-46.48301963972911,26.08650936670888,50.85574412345886
-46.48301963972911,26.08650936670888,50.85574412345886
-46.367692189778694,25.903946381406605,50.85574412345886
-46.367692189778694,25.903946381406605,50.85574412345886
-46.367692189778694,25.903946381406605,50.85574412345886
-46.367692189778694,25.903946381406605,50.85574412345886
-46.367692189778694,25.903946381406605,50.85574412345886
-46.367692189778694,25.903946381406605,50.85574412345886
-46.955189137442545,27.71602973436687,50.85574412345886
-46.955189137442545,27.71602973436687,50.85574412345886
-46.955189137442545,27.71602973436687,50.85574412345886
-46.955189137442545,27.71602973436687,50.85574412345886
-46.955189137442545,27.71602973436687,50.85574412345886
-46.955189137442545,27.71602973436687,50.85574412345886
-47.080147008199106,27.92886618479446,50.85574412345886
-47.080147008199106,27.92886618479446,50.85574412345886
-47.080147008199106,27.92886618479446,50.85574412345886
-47.080147008199106,27.92886618479446,50.85574412345886
-47.080147008199106,27.92886618479446,50.85574412345886
-47.080147008199106,27.92886618479446,50.85574412345886
-47.05351970567951,27.823200425251066,50.85574412345886
-47.05351970567951,27.823200425251066,50.85574412345886
-47.05351970567951,27.823200425251066,50.85574412345886
-47.05351970567951,27.823200425251066,50.85574412345886
-47.05351970567951,27.823200425251066,50.85574412345886
-47.03688292121113,27.752479243807567,50.85574412345886
-47.03688292121113,27.752479243807567,50.85574412345886
-47.03688292121113,27.752479243807567,50.85574412345886
-47.03688292121113,27.752479243807567,50.85574412345886
-47.03688292121113,27.752479243807567,50.85574412345886
-47.03688292121113,27.752479243807567,50.85574412345886
-47.037179137687836,27.709890139764696,50.85574412345886
-47.037179137687836,27.709890139764696,50.85574412345886
-47.037179137687836,27.709890139764696,50.85574412345886
-47.037179137687836,27.709890139764696,50.85574412345886
-47.037179137687836,27.709890139764696,50.85574412345886
-47.037179137687836,27.709890139764696,50.85574412345886
-47.037179137687836,27.709890139764696,50.85574412345886
-47.04020658533084,27.683869809778187,50.85574412345886
-47.04020658533084,27.683869809778187,50.85574412345886
-47.04020658533084,27.683869809778187,50.85574412345886
-47.04020658533084,27.683869809778187,50.85574412345886
-47.04020658533084,27.683869809778187,50.85574412345886
-47.04020658533084,27.683869809778187,50.85574412345886
-47.049194297722295,27.66509036863869,50.85574412345886
-47.049194297722295,27.66509036863869,50.85574412345886
-47.049194297722295,27.66509036863869,50.85574412345886
-47.049194297722295,27.66509036863869,50.85574412345886
-47.049194297722295,27.66509036863869,50.85574412345886
-47.059057669404496,27.661226535305783,50.85574412345886
-47.059057669404496,27.661226535305783,50.85574412345886
-47.059057669404496,27.661226535305783,50.85574412345886
-47.059057669404496,27.661226535305783,50.85574412345886
-47.059057669404496,27.661226535305783,50.85574412345886
-47.059057669404496,27.661226535305783,50.85574412345886
-47.069307577370175,27.658657930404438,50.85574412345886
-47.069307577370175,27.658657930404438,50.85574412345886
-47.069307577370175,27.658657930404438,50.85574412345886
-47.069307577370175,27.658657930404438,50.85574412345886
-47.069307577370175,27.658657930404438,50.85574412345886
-47.07481181700595,27.631841683376763,50.85574412345886
-47.07481181700595,27.631841683376763,50.85574412345886
-47.07481181700595,27.631841683376763,50.85574412345886
-47.07481181700595,27.631841683376763,50.85574412345886
-47.07481181700595,27.631841683376763,50.85574412345886
-47.07481181700595,27.631841683376763,50.85574412345886
-47.077801958363736,27.590491563336524,50.85574412345886
-47.077801958363736,27.590491563336524,50.85574412345886
-47.077801958363736,27.590491563336524,50.85574412345886
-47.077801958363736,27.590491563336524,50.85574412345886
-47.077801958363736,27.590491563336524,50.85574412345886
-47.077801958363736,27.590491563336524,50.85574412345886
-47.077801958363736,27.590491563336524,50.85574412345886
-47.07851224675914,27.557586562360456,50.85574412345886
-47.07851224675914,27.557586562360456,50.85574412345886
-47.07851224675914,27.557586562360456,50.85574412345886
-47.07851224675914,27.557586562360456,50.85574412345886
-47.07851224675914,27.557586562360456,50.85574412345886
-47.08431020674147,27.524748269422748,50.85574412345886
-47.08431020674147,27.524748269422748,50.85574412345886
-47.08431020674147,27.524748269422748,50.85574412345886
-47.08431020674147,27.524748269422748,50.85574412345886
-47.08431020674147,27.524748269422748,50.85574412345886
-47.08431020674147,27.524748269422748,50.85574412345886
-47.08431020674147,27.524748269422748,50.85574412345886
-47.07995909027821,27.48322144644288,50.85574412345886
-47.07995909027821,27.48322144644288,50.85574412345886
-47.07995909027821,27.48322144644288,50.85574412345886
-47.07995909027821,27.48322144644288,50.85574412345886
-47.07995909027821,27.48322144644288,50.85574412345886
-47.07995909027821,27.48322144644288,50.85574412345886
-47.07797527513539,27.459603568837483,50.85574412345886
-47.07797527513539,27.459603568837483,50.85574412345886
-47.07797527513539,27.459603568837483,50.85574412345886
-47.07797527513539,27.459603568837483,50.85574412345886
-47.07797527513539,27.459603568837483,50.85574412345886
-47.074016840241555,27.435776437284762,50.85574412345886
-47.074016840241555,27.435776437284762,50.85574412345886
-47.074016840241555,27.435776437284762,50.85574412345886
-47.074016840241555,27.435776437284762,50.85574412345886
-47.074016840241555,27.435776437284762,50.85574412345886
-47.06517142305057,27.39304345902542,50.85574412345886
-47.06517142305057,27.39304345902542,50.85574412345886
-47.06517142305057,27.39304345902542,50.85574412345886
-47.06517142305057,27.39304345902542,50.85574412345886
-47.06517142305057,27.39304345902542,50.85574412345886
-47.06517142305057,27.39304345902542,50.85574412345886
-47.06517142305057,27.39304345902542,50.85574412345886
-47.058312421421036,27.373997078234243,50.85574412345886
-47.058312421421036,27.373997078234243,50.85574412345886
-47.058312421421036,27.373997078234243,50.85574412345886
-47.058312421421036,27.373997078234243,50.85574412345886
-47.058312421421036,27.373997078234243,50.85574412345886
-47.058312421421036,27.373997078234243,50.85574412345886
-47.058312421421036,27.373997078234243,50.85574412345886
-47.05194472544326,27.355862177385305,50.85574412345886
-47.05194472544326,27.355862177385305,50.85574412345886
-47.05194472544326,27.355862177385305,50.85574412345886
-47.05194472544326,27.355862177385305,50.85574412345886
-47.05194472544326,27.355862177385305,50.85574412345886
-47.05194472544326,27.355862177385305,50.85574412345886
-47.0526328818922,27.33442362225813,50.85574412345886
-47.0526328818922,27.33442362225813,50.85574412345886
-47.0526328818922,27.33442362225813,50.85574412345886
-47.0526328818922,27.33442362225813,50.85574412345886
-47.0526328818922,27.33442362225813,50.85574412345886
-47.0526328818922,27.33442362225813,50.85574412345886
-47.04237204985527,27.31021395384349,50.85574412345886
-47.04237204985527,27.31021395384349,50.85574412345886
-47.04237204985527,27.31021395384349,50.85574412345886
-47.04237204985527,27.31021395384349,50.85574412345886
-47.04237204985527,27.31021395384349,50.85574412345886
-47.04237204985527,27.31021395384349,50.85574412345886
-47.04596151888399,27.2765769723784,50.85574412345886
-47.04596151888399,27.2765769723784,50.85574412345886
-47.04596151888399,27.2765769723784,50.85574412345886
-47.04596151888399,27.2765769723784,50.85574412345886
-47.04596151888399,27.2765769723784,50.85574412345886
-47.04596151888399,27.2765769723784,50.85574412345886
-47.04596151888399,27.2765769723784,50.85574412345886
-47.028142010243755,27.25474407961132,50.85574412345886
-47.028142010243755,27.25474407961132,50.85574412345886
-47.028142010243755,27.25474407961132,50.85574412345886
-47.028142010243755,27.25474407961132,50.85574412345886
-47.028142010243755,27.25474407961132,50.85574412345886
-47.028142010243755,27.25474407961132,50.85574412345886
-47.028142010243755,27.25474407961132,50.85574412345886
-47.01787375960792,27.212822146410044,50.85574412345886
-47.01787375960792,27.212822146410044,50.85574412345886
-47.01787375960792,27.212822146410044,50.85574412345886
-47.01787375960792,27.212822146410044,50.85574412345886
-47.01787375960792,27.212822146410044,50.85574412345886
-47.01787375960792,27.212822146410044,50.85574412345886
-47.01547610873741,27.189623509735735,50.85574412345886
-47.01547610873741,27.189623509735735,50.85574412345886
-47.01547610873741,27.189623509735735,50.85574412345886
-47.01547610873741,27.189623509735735,50.85574412345886
-47.01547610873741,27.189623509735735,50.85574412345886
-47.01547610873741,27.189623509735735,50.85574412345886
-47.01547610873741,27.189623509735735,50.85574412345886
-47.00432905824971,27.146414228297587,50.85574412345886
-47.00432905824971,27.146414228297587,50.85574412345886
-47.00432905824971,27.146414228297587,50.85574412345886
-47.00432905824971,27.146414228297587,50.85574412345886
-47.00432905824971,27.146414228297587,50.85574412345886
-47.00432905824971,27.146414228297587,50.85574412345886
-46.98959924638003,27.116754126244146,50.85574412345886
-46.98959924638003,27.116754126244146,50.85574412345886
-46.98959924638003,27.116754126244146,50.85574412345886
-46.98959924638003,27.116754126244146,50.85574412345886
-46.98959924638003,27.116754126244146,50.85574412345886
-46.98959924638003,27.116754126244146,50.85574412345886
-46.96864918114968,27.080524172871097,50.85574412345886
-46.96864918114968,27.080524172871097,50.85574412345886
-46.96864918114968,27.080524172871097,50.85574412345886
-46.96864918114968,27.080524172871097,50.85574412345886
-46.96864918114968,27.080524172871097,50.85574412345886
-46.96864918114968,27.080524172871097,50.85574412345886
-46.95780805158746,27.046569016996074,50.85574412345886
-46.95780805158746,27.046569016996074,50.85574412345886
-46.95780805158746,27.046569016996074,50.85574412345886
-46.95780805158746,27.046569016996074,50.85574412345886
-46.95780805158746,27.046569016996074,50.85574412345886
-46.95780805158746,27.046569016996074,50.85574412345886
-46.92525829553916,27.005014449684257,50.85574412345886
-46.92525829553916,27.005014449684257,50.85574412345886
-46.92525829553916,27.005014449684257,50.85574412345886
-46.92525829553916,27.005014449684257,50.85574412345886
-46.92525829553916,27.005014449684257,50.85574412345886
-46.92525829553916,27.005014449684257,50.85574412345886
-46.895590905947806,26.967393433401245,50.85574412345886
-46.895590905947806,26.967393433401245,50.85574412345886
-46.895590905947806,26.967393433401245,50.85574412345886
-46.895590905947806,26.967393433401245,50.85574412345886
-46.895590905947806,26.967393433401245,50.85574412345886
-46.86135256185063,26.926275366480862,50.85574412345886
-46.86135256185063,26.926275366480862,50.85574412345886
-46.86135256185063,26.926275366480862,50.85574412345886
-46.86135256185063,26.926275366480862,50.85574412345886
-46.86135256185063,26.926275366480862,50.85574412345886
-46.86135256185063,26.926275366480862,50.85574412345886
-46.82932816052865,26.88683074455638,50.85574412345886
-46.82932816052865,26.88683074455638,50.85574412345886
-46.82932816052865,26.88683074455638,50.85574412345886
-46.82932816052865,26.88683074455638,50.85574412345886
-46.82932816052865,26.88683074455638,50.85574412345886
-46.82932816052865,26.88683074455638,50.85574412345886
-46.79343877789709,26.835867232748246,50.85574412345886
-46.79343877789709,26.835867232748246,50.85574412345886
-46.79343877789709,26.835867232748246,50.85574412345886
-46.79343877789709,26.835867232748246,50.85574412345886
-46.79343877789709,26.835867232748246,50.85574412345886
-46.79343877789709,26.835867232748246,50.85574412345886
-46.767050431456724,26.781120820672957,50.85574412345886
-46.767050431456724,26.781120820672957,50.85574412345886
-46.767050431456724,26.781120820672957,50.85574412345886
-46.767050431456724,26.781120820672957,50.85574412345886
-46.767050431456724,26.781120820672957,50.85574412345886
-46.767050431456724,26.781120820672957,50.85574412345886
-46.73025167223757,26.725572119546218,50.85574412345886
-46.73025167223757,26.725572119546218,50.85574412345886
-46.73025167223757,26.725572119546218,50.85574412345886
-46.73025167223757,26.725572119546218,50.85574412345886
-46.73025167223757,26.725572119546218,50.85574412345886
-46.73025167223757,26.725572119546218,50.85574412345886
-46.68071785611667,26.667791295458933,50.85574412345886
-46.68071785611667,26.667791295458933,50.85574412345886
-46.68071785611667,26.667791295458933,50.85574412345886
-46.68071785611667,26.667791295458933,50.85574412345886
-46.68071785611667,26.667791295458933,50.85574412345886
-46.658493499220405,26.62078961646453,50.85574412345886
-46.658493499220405,26.62078961646453,50.85574412345886
-46.658493499220405,26.62078961646453,50.85574412345886
-46.658493499220405,26.62078961646453,50.85574412345886
-46.658493499220405,26.62078961646453,50.85574412345886
-46.658493499220405,26.62078961646453,50.85574412345886
-46.590621882406005,26.524875118248936,50.85574412345886
-46.590621882406005,26.524875118248936,50.85574412345886
-46.590621882406005,26.524875118248936,50.85574412345886
-46.590621882406005,26.524875118248936,50.85574412345886
-46.590621882406005,26.524875118248936,50.85574412345886
-46.590621882406005,26.524875118248936,50.85574412345886
-46.54055797418423,26.46795618558879,50.85574412345886
-46.54055797418423,26.46795618558879,50.85574412345886
-46.54055797418423,26.46795618558879,50.85574412345886
-46.54055797418423,26.46795618558879,50.85574412345886
-46.54055797418423,26.46795618558879,50.85574412345886
-46.54055797418423,26.46795618558879,50.85574412345886
-46.4822831769323,26.370766117971005,50.85574412345886
-46.4822831769323,26.370766117971005,50.85574412345886
-46.4822831769323,26.370766117971005,50.85574412345886
-46.4822831769323,26.370766117971005,50.85574412345886
-46.4822831769323,26.370766117971005,50.85574412345886
-46.4822831769323,26.370766117971005,50.85574412345886
-46.43339230133906,26.300515857746237,50.85574412345886
-46.43339230133906,26.300515857746237,50.85574412345886
-46.43339230133906,26.300515857746237,50.85574412345886
-46.43339230133906,26.300515857746237,50.85574412345886
-46.43339230133906,26.300515857746237,50.85574412345886
-46.43339230133906,26.300515857746237,50.85574412345886
-46.39180251845076,26.232528937058103,50.85574412345886
-46.39180251845076,26.232528937058103,50.85574412345886
-46.39180251845076,26.232528937058103,50.85574412345886
-46.39180251845076,26.232528937058103,50.85574412345886
-46.39180251845076,26.232528937058103,50.85574412345886
-46.345845686065985,26.159411589951993,50.85574412345886
-46.345845686065985,26.159411589951993,50.85574412345886
-46.345845686065985,26.159411589951993,50.85574412345886
-46.345845686065985,26.159411589951993,50.85574412345886
-46.345845686065985,26.159411589951993,50.85574412345886
-46.345845686065985,26.159411589951993,50.85574412345886
-46.345845686065985,26.159411589951993,50.85574412345886
-46.30176648221019,26.07724144073368,50.85574412345886
-46.30176648221019,26.07724144073368,50.85574412345886
-46.30176648221019,26.07724144073368,50.85574412345886
-46.30176648221019,26.07724144073368,50.85574412345886
-46.30176648221019,26.07724144073368,50.85574412345886
-46.24219732233361,25.93740285489066,50.85574412345886
-46.24219732233361,25.93740285489066,50.85574412345886
-46.24219732233361,25.93740285489066,50.85574412345886
-46.24219732233361,25.93740285489066,50.85574412345886
-46.24219732233361,25.93740285489066,50.85574412345886
-46.19994096058882,25.826840583845307,50.85574412345886
-46.19994096058882,25.826840583845307,50.85574412345886
-46.19994096058882,25.826840583845307,50.85574412345886
-46.19994096058882,25.826840583845307,50.85574412345886
-46.19994096058882,25.826840583845307,50.85574412345886
-46.19994096058882,25.826840583845307,50.85574412345886
-46.114236948470634,25.6872946031551,50.85574412345886
-46.114236948470634,25.6872946031551,50.85574412345886
-46.114236948470634,25.6872946031551,50.85574412345886
-46.114236948470634,25.6872946031551,50.85574412345886
-46.114236948470634,25.6872946031551,50.85574412345886
-46.06161463926544,25.59466013978687,50.85574412345886
-46.06161463926544,25.59466013978687,50.85574412345886
-46.06161463926544,25.59466013978687,50.85574412345886
-46.06161463926544,25.59466013978687,50.85574412345886
-46.06161463926544,25.59466013978687,50.85574412345886
-46.06161463926544,25.59466013978687,50.85574412345886
-46.006550857610456,25.495861062243474,50.85574412345886
-46.006550857610456,25.495861062243474,50.85574412345886
-46.006550857610456,25.495861062243474,50.85574412345886
-46.006550857610456,25.495861062243474,50.85574412345886
-46.006550857610456,25.495861062243474,50.85574412345886
-45.95487986470947,25.404493954589455,50.85574412345886
-45.95487986470947,25.404493954589455,50.85574412345886
-45.95487986470947,25.404493954589455,50.85574412345886
-45.95487986470947,25.404493954589455,50.85574412345886
-45.95487986470947,25.404493954589455,50.85574412345886
-45.89977083724459,25.304860623566665,50.85574412345886
-45.89977083724459,25.304860623566665,50.85574412345886
-45.89977083724459,25.304860623566665,50.85574412345886
-45.89977083724459,25.304860623566665,50.85574412345886
-45.89977083724459,25.304860623566665,50.85574412345886
-45.89977083724459,25.304860623566665,50.85574412345886
-45.855960855202405,25.20585152905378,50.85574412345886
-45.855960855202405,25.20585152905378,50.85574412345886
-45.855960855202405,25.20585152905378,50.85574412345886
-45.855960855202405,25.20585152905378,50.85574412345886
-45.855960855202405,25.20585152905378,50.85574412345886
-45.814154941327196,25.11184322520145,50.85574412345886
-45.814154941327196,25.11184322520145,50.85574412345886
-45.814154941327196,25.11184322520145,50.85574412345886
-45.814154941327196,25.11184322520145,50.85574412345886
-45.814154941327196,25.11184322520145,50.85574412345886
-45.732117108351964,24.94010667220552,50.85574412345886
-45.732117108351964,24.94010667220552,50.85574412345886
-45.732117108351964,24.94010667220552,50.85574412345886
-45.732117108351964,24.94010667220552,50.85574412345886
-45.732117108351964,24.94010667220552,50.85574412345886
-45.732117108351964,24.94010667220552,50.85574412345886
-45.67651851816793,24.822205895407006,50.85574412345886
-45.67651851816793,24.822205895407006,50.85574412345886
-45.67651851816793,24.822205895407006,50.85574412345886
-45.67651851816793,24.822205895407006,50.85574412345886
-45.67651851816793,24.822205895407006,50.85574412345886
-45.615553886694066,24.70542703817089,50.85574412345886
-45.615553886694066,24.70542703817089,50.85574412345886
-45.615553886694066,24.70542703817089,50.85574412345886
-45.615553886694066,24.70542703817089,50.85574412345886
-45.615553886694066,24.70542703817089,50.85574412345886
-45.615553886694066,24.70542703817089,50.85574412345886
-45.549538480803626,24.579050414062923,50.85574412345886
-45.549538480803626,24.579050414062923,50.85574412345886
-45.549538480803626,24.579050414062923,50.85574412345886
-45.549538480803626,24.579050414062923,50.85574412345886
-45.549538480803626,24.579050414062923,50.85574412345886
-45.49198906261356,24.471678487959927,50.85574412345886
-45.49198906261356,24.471678487959927,50.85574412345886
-45.49198906261356,24.471678487959927,50.85574412345886
-45.49198906261356,24.471678487959927,50.85574412345886
-45.49198906261356,24.471678487959927,50.85574412345886
-45.49198906261356,24.471678487959927,50.85574412345886
-45.436064195695245,24.370612974539586,50.85574412345886
-45.436064195695245,24.370612974539586,50.85574412345886
-45.436064195695245,24.370612974539586,50.85574412345886
-45.436064195695245,24.370612974539586,50.85574412345886
-45.436064195695245,24.370612974539586,50.85574412345886
-45.436064195695245,24.370612974539586,50.85574412345886
-45.335952064551385,24.185951517875473,50.85574412345886
-45.335952064551385,24.185951517875473,50.85574412345886
-45.335952064551385,24.185951517875473,50.85574412345886
-45.335952064551385,24.185951517875473,50.85574412345886
-45.335952064551385,24.185951517875473,50.85574412345886
-45.335952064551385,24.185951517875473,50.85574412345886
-45.251302724106615,24.049002963181415,50.85574412345886
-45.251302724106615,24.049002963181415,50.85574412345886
-45.251302724106615,24.049002963181415,50.85574412345886
-45.251302724106615,24.049002963181415,50.85574412345886
-45.251302724106615,24.049002963181415,50.85574412345886
-45.251302724106615,24.049002963181415,50.85574412345886
-45.17277109355201,23.924850860043467,50.85574412345886
-45.17277109355201,23.924850860043467,50.85574412345886
-45.17277109355201,23.924850860043467,50.85574412345886
-45.17277109355201,23.924850860043467,50.85574412345886
-45.17277109355201,23.924850860043467,50.85574412345886
-45.06383626741915,23.738873564335833,50.85574412345886
-45.06383626741915,23.738873564335833,50.85574412345886
-45.06383626741915,23.738873564335833,50.85574412345886
-45.06383626741915,23.738873564335833,50.85574412345886
-45.06383626741915,23.738873564335833,50.85574412345886
-45.06383626741915,23.738873564335833,50.85574412345886
-44.9974251386915,23.620975997900914,50.85574412345886
-44.9974251386915,23.620975997900914,50.85574412345886
-44.9974251386915,23.620975997900914,50.85574412345886
-44.9974251386915,23.620975997900914,50.85574412345886
-44.9974251386915,23.620975997900914,50.85574412345886
-44.9974251386915,23.620975997900914,50.85574412345886
-44.9974251386915,23.620975997900914,50.85574412345886
-44.9974251386915,23.620975997900914,50.85574412345886
-44.895894819242336,23.434955572861718,50.85574412345886
-44.895894819242336,23.434955572861718,50.85574412345886
-44.895894819242336,23.434955572861718,50.85574412345886
-44.895894819242336,23.434955572861718,50.85574412345886
-44.895894819242336,23.434955572861718,50.85574412345886
-44.895894819242336,23.434955572861718,50.85574412345886
-44.895894819242336,23.434955572861718,50.85574412345886
-44.837705436576854,23.323144503088802,50.85574412345886
-44.837705436576854,23.323144503088802,50.85574412345886
-44.837705436576854,23.323144503088802,50.85574412345886
-44.837705436576854,23.323144503088802,50.85574412345886
-44.837705436576854,23.323144503088802,50.85574412345886
-44.837705436576854,23.323144503088802,50.85574412345886
-44.73866216563696,23.132435225123345,50.85574412345886
-44.73866216563696,23.132435225123345,50.85574412345886
-44.73866216563696,23.132435225123345,50.85574412345886
-44.73866216563696,23.132435225123345,50.85574412345886
-44.73866216563696,23.132435225123345,50.85574412345886
-44.73866216563696,23.132435225123345,50.85574412345886
-44.629464494997826,22.92416875949975,50.85574412345886
-44.629464494997826,22.92416875949975,50.85574412345886
-44.629464494997826,22.92416875949975,50.85574412345886
-44.629464494997826,22.92416875949975,50.85574412345886
-44.629464494997826,22.92416875949975,50.85574412345886
-44.629464494997826,22.92416875949975,50.85574412345886
-44.56803093113757,22.80674153697606,50.85574412345886
-44.56803093113757,22.80674153697606,50.85574412345886
-44.56803093113757,22.80674153697606,50.85574412345886
-44.56803093113757,22.80674153697606,50.85574412345886
-44.56803093113757,22.80674153697606,50.85574412345886
-44.56803093113757,22.80674153697606,50.85574412345886
-44.461584804916995,22.611915440876082,50.85574412345886
-44.461584804916995,22.611915440876082,50.85574412345886
-44.461584804916995,22.611915440876082,50.85574412345886
-44.461584804916995,22.611915440876082,50.85574412345886
-44.461584804916995,22.611915440876082,50.85574412345886
-44.461584804916995,22.611915440876082,50.85574412345886
-44.39326748617302,22.474809682831815,50.85574412345886
-44.39326748617302,22.474809682831815,50.85574412345886
-44.39326748617302,22.474809682831815,50.85574412345886
-44.39326748617302,22.474809682831815,50.85574412345886
-44.39326748617302,22.474809682831815,50.85574412345886
-44.39326748617302,22.474809682831815,50.85574412345886
-44.39326748617302,22.474809682831815,50.85574412345886
-44.285381193362184,22.276796680964523,50.85574412345886
-44.285381193362184,22.276796680964523,50.85574412345886
-44.285381193362184,22.276796680964523,50.85574412345886
-44.285381193362184,22.276796680964523,50.85574412345886
-44.285381193362184,22.276796680964523,50.85574412345886
-44.285381193362184,22.276796680964523,50.85574412345886
-44.2124467523541,22.14941009671362,50.85574412345886
-44.2124467523541,22.14941009671362,50.85574412345886
-44.2124467523541,22.14941009671362,50.85574412345886
-44.2124467523541,22.14941009671362,50.85574412345886
-44.2124467523541,22.14941009671362,50.85574412345886
-44.2124467523541,22.14941009671362,50.85574412345886
-44.2124467523541,22.14941009671362,50.85574412345886
-44.2124467523541,22.14941009671362,50.85574412345886
-44.14582217057152,22.03073872872641,50.85574412345886
-44.14582217057152,22.03073872872641,50.85574412345886
-44.14582217057152,22.03073872872641,50.85574412345886
-44.14582217057152,22.03073872872641,50.85574412345886
-44.14582217057152,22.03073872872641,50.85574412345886
-44.14582217057152,22.03073872872641,50.85574412345886
-44.14582217057152,22.03073872872641,50.85574412345886
-44.14582217057152,22.03073872872641,50.85574412345886
-44.14582217057152,22.03073872872641,50.85574412345886
-44.01193321310309,21.792168102079735,50.85574412345886
-44.01193321310309,21.792168102079735,50.85574412345886
-44.01193321310309,21.792168102079735,50.85574412345886
-44.01193321310309,21.792168102079735,50.85574412345886
-44.01193321310309,21.792168102079735,50.85574412345886
-44.01193321310309,21.792168102079735,50.85574412345886
-44.01193321310309,21.792168102079735,50.85574412345886
-44.01193321310309,21.792168102079735,50.85574412345886
-43.87450622130542,21.560428811539296,50.85574412345886
-43.87450622130542,21.560428811539296,50.85574412345886
-43.87450622130542,21.560428811539296,50.85574412345886
-43.87450622130542,21.560428811539296,50.85574412345886
-43.87450622130542,21.560428811539296,50.85574412345886
-43.87450622130542,21.560428811539296,50.85574412345886
-43.87450622130542,21.560428811539296,50.85574412345886
-43.802765310620586,21.44829025509339,50.85574412345886
-43.802765310620586,21.44829025509339,50.85574412345886
-43.802765310620586,21.44829025509339,50.85574412345886
-43.802765310620586,21.44829025509339,50.85574412345886
-43.802765310620586,21.44829025509339,50.85574412345886
-43.69882044300811,21.27170318356976,50.85574412345886
-43.69882044300811,21.27170318356976,50.85574412345886
-43.69882044300811,21.27170318356976,50.85574412345886
-43.69882044300811,21.27170318356976,50.85574412345886
-43.69882044300811,21.27170318356976,50.85574412345886
-43.69882044300811,21.27170318356976,50.85574412345886
-43.61394860479823,21.147683791614384,50.85574412345886
-43.61394860479823,21.147683791614384,50.85574412345886
-43.61394860479823,21.147683791614384,50.85574412345886
-43.61394860479823,21.147683791614384,50.85574412345886
-43.61394860479823,21.147683791614384,50.85574412345886
-43.51161817399679,20.970330251563883,50.85574412345886
-43.51161817399679,20.970330251563883,50.85574412345886
-43.51161817399679,20.970330251563883,50.85574412345886
-43.51161817399679,20.970330251563883,50.85574412345886
-43.51161817399679,20.970330251563883,50.85574412345886
-43.51161817399679,20.970330251563883,50.85574412345886
-43.435535252548156,20.837443845050124,50.85574412345886
-43.435535252548156,20.837443845050124,50.85574412345886
-43.435535252548156,20.837443845050124,50.85574412345886
-43.435535252548156,20.837443845050124,50.85574412345886
-43.435535252548156,20.837443845050124,50.85574412345886
-43.435535252548156,20.837443845050124,50.85574412345886
-43.37143124166604,20.72107669483872,50.85574412345886
-43.37143124166604,20.72107669483872,50.85574412345886
-43.37143124166604,20.72107669483872,50.85574412345886
-43.37143124166604,20.72107669483872,50.85574412345886
-43.37143124166604,20.72107669483872,50.85574412345886
-43.29867568044942,20.586571714068345,50.85574412345886
-43.29867568044942,20.586571714068345,50.85574412345886
-43.29867568044942,20.586571714068345,50.85574412345886
-43.29867568044942,20.586571714068345,50.85574412345886
-43.29867568044942,20.586571714068345,50.85574412345886
-43.29867568044942,20.586571714068345,50.85574412345886
-43.19002681086368,20.37735638571569,50.85574412345886
-43.19002681086368,20.37735638571569,50.85574412345886
-43.19002681086368,20.37735638571569,50.85574412345886
-43.19002681086368,20.37735638571569,50.85574412345886
-43.19002681086368,20.37735638571569,50.85574412345886
-43.114120605169916,20.25301876027318,50.85574412345886
-43.114120605169916,20.25301876027318,50.85574412345886
-43.114120605169916,20.25301876027318,50.85574412345886
-43.114120605169916,20.25301876027318,50.85574412345886
-43.114120605169916,20.25301876027318,50.85574412345886
-43.114120605169916,20.25301876027318,50.85574412345886
-43.114120605169916,20.25301876027318,50.85574412345886
-43.03866013644727,20.132947514719206,50.85574412345886
-43.03866013644727,20.132947514719206,50.85574412345886
-43.03866013644727,20.132947514719206,50.85574412345886
-43.03866013644727,20.132947514719206,50.85574412345886
-43.03866013644727,20.132947514719206,50.85574412345886
-43.03866013644727,20.132947514719206,50.85574412345886
-43.03866013644727,20.132947514719206,50.85574412345886
-42.93305365136995,19.942923773957936,50.85574412345886
-42.93305365136995,19.942923773957936,50.85574412345886
-42.93305365136995,19.942923773957936,50.85574412345886
-42.93305365136995,19.942923773957936,50.85574412345886
-42.93305365136995,19.942923773957936,50.85574412345886
-42.93305365136995,19.942923773957936,50.85574412345886
-42.93305365136995,19.942923773957936,50.85574412345886
-42.93305365136995,19.942923773957936,50.85574412345886
-42.93305365136995,19.942923773957936,50.85574412345886
-42.83064758834505,19.751709307144353,50.85574412345886
-42.83064758834505,19.751709307144353,50.85574412345886
-42.83064758834505,19.751709307144353,50.85574412345886
-42.83064758834505,19.751709307144353,50.85574412345886
-42.83064758834505,19.751709307144353,50.85574412345886
-42.83064758834505,19.751709307144353,50.85574412345886
-42.83064758834505,19.751709307144353,50.85574412345886
-42.73412813734926,19.574835275014664,50.85574412345886
-42.73412813734926,19.574835275014664,50.85574412345886
-42.73412813734926,19.574835275014664,50.85574412345886
-42.73412813734926,19.574835275014664,50.85574412345886
-42.73412813734926,19.574835275014664,50.85574412345886
-42.73412813734926,19.574835275014664,50.85574412345886
-42.621974645283586,19.377489244975603,50.85574412345886
-42.621974645283586,19.377489244975603,50.85574412345886
-42.621974645283586,19.377489244975603,50.85574412345886
-42.621974645283586,19.377489244975603,50.85574412345886
-42.621974645283586,19.377489244975603,50.85574412345886
-42.621974645283586,19.377489244975603,50.85574412345886
-42.51129883111824,19.193022396499156,50.85574412345886
-42.51129883111824,19.193022396499156,50.85574412345886
-42.51129883111824,19.193022396499156,50.85574412345886
-42.51129883111824,19.193022396499156,50.85574412345886
-42.51129883111824,19.193022396499156,50.85574412345886
-42.51129883111824,19.193022396499156,50.85574412345886
-42.447188203272226,19.075376384433444,50.85574412345886
-42.447188203272226,19.075376384433444,50.85574412345886
-42.447188203272226,19.075376384433444,50.85574412345886
-42.447188203272226,19.075376384433444,50.85574412345886
-42.447188203272226,19.075376384433444,50.85574412345886
-42.447188203272226,19.075376384433444,50.85574412345886
-42.373549290851514,18.948009445863384,50.85574412345886
-42.373549290851514,18.948009445863384,50.85574412345886
-42.373549290851514,18.948009445863384,50.85574412345886
-42.373549290851514,18.948009445863384,50.85574412345886
-42.373549290851514,18.948009445863384,50.85574412345886
-42.373549290851514,18.948009445863384,50.85574412345886
-42.255406206548855,18.758486976642764,50.85574412345886
-42.255406206548855,18.758486976642764,50.85574412345886
-42.255406206548855,18.758486976642764,50.85574412345886
-42.255406206548855,18.758486976642764,50.85574412345886
-42.255406206548855,18.758486976642764,50.85574412345886
-42.255406206548855,18.758486976642764,50.85574412345886
-42.17619507395523,18.640498149005463,50.85574412345886
-42.17619507395523,18.640498149005463,50.85574412345886
-42.17619507395523,18.640498149005463,50.85574412345886
-42.17619507395523,18.640498149005463,50.85574412345886
-42.17619507395523,18.640498149005463,50.85574412345886
-42.092754977354225,18.517728740530018,50.85574412345886
-42.092754977354225,18.517728740530018,50.85574412345886
-42.092754977354225,18.517728740530018,50.85574412345886
-42.092754977354225,18.517728740530018,50.85574412345886
-42.092754977354225,18.517728740530018,50.85574412345886
-42.092754977354225,18.517728740530018,50.85574412345886
-41.978231245522835,18.335550024290953,50.85574412345886
-41.978231245522835,18.335550024290953,50.85574412345886
-41.978231245522835,18.335550024290953,50.85574412345886
-41.978231245522835,18.335550024290953,50.85574412345886
-41.978231245522835,18.335550024290953,50.85574412345886
-41.978231245522835,18.335550024290953,50.85574412345886
-41.89667055561591,18.218866892511635,50.85574412345886
-41.89667055561591,18.218866892511635,50.85574412345886
-41.89667055561591,18.218866892511635,50.85574412345886
-41.89667055561591,18.218866892511635,50.85574412345886
-41.89667055561591,18.218866892511635,50.85574412345886
-41.89667055561591,18.218866892511635,50.85574412345886
-41.816500300953,18.104750774077065,50.85574412345886
-41.816500300953,18.104750774077065,50.85574412345886
-41.816500300953,18.104750774077065,50.85574412345886
-41.816500300953,18.104750774077065,50.85574412345886
-41.816500300953,18.104750774077065,50.85574412345886
-41.816500300953,18.104750774077065,50.85574412345886
-41.69932520577139,17.944317564423933,50.85574412345886
-41.69932520577139,17.944317564423933,50.85574412345886
-41.69932520577139,17.944317564423933,50.85574412345886
-41.69932520577139,17.944317564423933,50.85574412345886
-41.69932520577139,17.944317564423933,50.85574412345886
-41.69932520577139,17.944317564423933,50.85574412345886
-41.61975051979303,17.840779057663443,50.85574412345886
-41.61975051979303,17.840779057663443,50.85574412345886
-41.61975051979303,17.840779057663443,50.85574412345886
-41.61975051979303,17.840779057663443,50.85574412345886
-41.61975051979303,17.840779057663443,50.85574412345886
-41.61975051979303,17.840779057663443,50.85574412345886
-41.533332439326124,17.734077611290193,50.85574412345886
-41.533332439326124,17.734077611290193,50.85574412345886
-41.533332439326124,17.734077611290193,50.85574412345886
-41.533332439326124,17.734077611290193,50.85574412345886
-41.533332439326124,17.734077611290193,50.85574412345886
-41.533332439326124,17.734077611290193,50.85574412345886
-41.414093909778714,17.58677190626815,50.85574412345886
-41.414093909778714,17.58677190626815,50.85574412345886
-41.414093909778714,17.58677190626815,50.85574412345886
-41.414093909778714,17.58677190626815,50.85574412345886
-41.414093909778714,17.58677190626815,50.85574412345886
-41.414093909778714,17.58677190626815,50.85574412345886
-41.31557391723296,17.479844576123647,50.85574412345886
-41.31557391723296,17.479844576123647,50.85574412345886
-41.31557391723296,17.479844576123647,50.85574412345886
-41.31557391723296,17.479844576123647,50.85574412345886
-41.31557391723296,17.479844576123647,50.85574412345886
-41.31557391723296,17.479844576123647,50.85574412345886
-41.180226995099964,17.337960467784328,50.85574412345886
-41.180226995099964,17.337960467784328,50.85574412345886
-41.180226995099964,17.337960467784328,50.85574412345886
-41.180226995099964,17.337960467784328,50.85574412345886
-41.180226995099964,17.337960467784328,50.85574412345886
-41.180226995099964,17.337960467784328,50.85574412345886
-41.074031011952115,17.237665147403455,50.85574412345886
-41.074031011952115,17.237665147403455,50.85574412345886
-41.074031011952115,17.237665147403455,50.85574412345886
-41.074031011952115,17.237665147403455,50.85574412345886
-41.074031011952115,17.237665147403455,50.85574412345886
-41.074031011952115,17.237665147403455,50.85574412345886
-40.93495247905546,17.105819465036646,50.85574412345886
-40.93495247905546,17.105819465036646,50.85574412345886
-40.93495247905546,17.105819465036646,50.85574412345886
-40.93495247905546,17.105819465036646,50.85574412345886
-40.93495247905546,17.105819465036646,50.85574412345886
-40.93495247905546,17.105819465036646,50.85574412345886
-40.93495247905546,17.105819465036646,50.85574412345886
-40.8356021524278,17.019699569414897,50.85574412345886
-40.8356021524278,17.019699569414897,50.85574412345886
-40.8356021524278,17.019699569414897,50.85574412345886
-40.8356021524278,17.019699569414897,50.85574412345886
-40.8356021524278,17.019699569414897,50.85574412345886
-40.8356021524278,17.019699569414897,50.85574412345886
-40.73921199069125,16.933105379997507,50.85574412345886
-40.73921199069125,16.933105379997507,50.85574412345886
-40.73921199069125,16.933105379997507,50.85574412345886
-40.73921199069125,16.933105379997507,50.85574412345886
-40.73921199069125,16.933105379997507,50.85574412345886
-40.73921199069125,16.933105379997507,50.85574412345886
-40.59699509389976,16.811028511864563,50.85574412345886
-40.59699509389976,16.811028511864563,50.85574412345886
-40.59699509389976,16.811028511864563,50.85574412345886
-40.59699509389976,16.811028511864563,50.85574412345886
-40.59699509389976,16.811028511864563,50.85574412345886
-40.59699509389976,16.811028511864563,50.85574412345886
-40.5034399189574,16.73801763685752,50.85574412345886
-40.5034399189574,16.73801763685752,50.85574412345886
-40.5034399189574,16.73801763685752,50.85574412345886
-40.5034399189574,16.73801763685752,50.85574412345886
-40.5034399189574,16.73801763685752,50.85574412345886
-40.5034399189574,16.73801763685752,50.85574412345886
-40.35260143439068,16.623114575461685,50.85574412345886
-40.35260143439068,16.623114575461685,50.85574412345886
-40.35260143439068,16.623114575461685,50.85574412345886
-40.35260143439068,16.623114575461685,50.85574412345886
-40.35260143439068,16.623114575461685,50.85574412345886
-40.246885841064895,16.55154990612734,50.85574412345886
-40.246885841064895,16.55154990612734,50.85574412345886
-40.246885841064895,16.55154990612734,50.85574412345886
-40.246885841064895,16.55154990612734,50.85574412345886
-40.246885841064895,16.55154990612734,50.85574412345886
-40.246885841064895,16.55154990612734,50.85574412345886
-40.13836577700636,16.483295569321843,50.85574412345886
-40.13836577700636,16.483295569321843,50.85574412345886
-40.13836577700636,16.483295569321843,50.85574412345886
-40.13836577700636,16.483295569321843,50.85574412345886
-40.13836577700636,16.483295569321843,50.85574412345886
-40.13836577700636,16.483295569321843,50.85574412345886
-39.98971638990304,16.38456047013932,50.85574412345886
-39.98971638990304,16.38456047013932,50.85574412345886
-39.98971638990304,16.38456047013932,50.85574412345886
-39.98971638990304,16.38456047013932,50.85574412345886
-39.98971638990304,16.38456047013932,50.85574412345886
-39.98971638990304,16.38456047013932,50.85574412345886
-39.87867843839448,16.323394326016732,50.85574412345886
-39.87867843839448,16.323394326016732,50.85574412345886
-39.87867843839448,16.323394326016732,50.85574412345886
-39.87867843839448,16.323394326016732,50.85574412345886
-39.87867843839448,16.323394326016732,50.85574412345886
-39.87867843839448,16.323394326016732,50.85574412345886
-39.87867843839448,16.323394326016732,50.85574412345886
-39.77500755866904,16.271177262792573,50.85574412345886
-39.77500755866904,16.271177262792573,50.85574412345886
-39.77500755866904,16.271177262792573,50.85574412345886
-39.77500755866904,16.271177262792573,50.85574412345886
-39.77500755866904,16.271177262792573,50.85574412345886
-39.77500755866904,16.271177262792573,50.85574412345886
-39.61318275470993,16.183294849026673,50.85574412345886
-39.61318275470993,16.183294849026673,50.85574412345886
-39.61318275470993,16.183294849026673,50.85574412345886
-39.61318275470993,16.183294849026673,50.85574412345886
-39.61318275470993,16.183294849026673,50.85574412345886
-39.61318275470993,16.183294849026673,50.85574412345886
-39.61318275470993,16.183294849026673,50.85574412345886
-39.4485828674761,16.106246678750352,50.85574412345886
-39.4485828674761,16.106246678750352,50.85574412345886
-39.4485828674761,16.106246678750352,50.85574412345886
-39.4485828674761,16.106246678750352,50.85574412345886
-39.4485828674761,16.106246678750352,50.85574412345886
-39.4485828674761,16.106246678750352,50.85574412345886
-39.33437287527067,16.058497927208204,50.85574412345886
-39.33437287527067,16.058497927208204,50.85574412345886
-39.33437287527067,16.058497927208204,50.85574412345886
-39.33437287527067,16.058497927208204,50.85574412345886
-39.33437287527067,16.058497927208204,50.85574412345886
-39.33437287527067,16.058497927208204,50.85574412345886
-39.33437287527067,16.058497927208204,50.85574412345886
-39.1572812298954,15.982674467440248,50.85574412345886
-39.1572812298954,15.982674467440248,50.85574412345886
-39.1572812298954,15.982674467440248,50.85574412345886
-39.1572812298954,15.982674467440248,50.85574412345886
-39.1572812298954,15.982674467440248,50.85574412345886
-39.1572812298954,15.982674467440248,50.85574412345886
-39.04319660175891,15.934527699944159,50.85574412345886
-39.04319660175891,15.934527699944159,50.85574412345886
-39.04319660175891,15.934527699944159,50.85574412345886
-39.04319660175891,15.934527699944159,50.85574412345886
-39.04319660175891,15.934527699944159,50.85574412345886
-39.04319660175891,15.934527699944159,50.85574412345886
-39.04319660175891,15.934527699944159,50.85574412345886
-38.86406968509595,15.8744775955607,50.85574412345886
-38.86406968509595,15.8744775955607,50.85574412345886
-38.86406968509595,15.8744775955607,50.85574412345886
-38.86406968509595,15.8744775955607,50.85574412345886
-38.86406968509595,15.8744775955607,50.85574412345886
-38.86406968509595,15.8744775955607,50.85574412345886
-38.86406968509595,15.8744775955607,50.85574412345886
-38.86406968509595,15.8744775955607,50.85574412345886
-38.86406968509595,15.8744775955607,50.85574412345886
-38.69416151364823,15.818693072733506,50.85574412345886
-38.69416151364823,15.818693072733506,50.85574412345886
-38.69416151364823,15.818693072733506,50.85574412345886
-38.69416151364823,15.818693072733506,50.85574412345886
-38.69416151364823,15.818693072733506,50.85574412345886
-38.53573249410626,15.771612722291074,50.85574412345886
-38.53573249410626,15.771612722291074,50.85574412345886
-38.53573249410626,15.771612722291074,50.85574412345886
-38.53573249410626,15.771612722291074,50.85574412345886
-38.53573249410626,15.771612722291074,50.85574412345886
-38.53573249410626,15.771612722291074,50.85574412345886
-38.53573249410626,15.771612722291074,50.85574412345886
-38.36066185513327,15.725303508450777,50.85574412345886
-38.36066185513327,15.725303508450777,50.85574412345886
-38.36066185513327,15.725303508450777,50.85574412345886
-38.36066185513327,15.725303508450777,50.85574412345886
-38.36066185513327,15.725303508450777,50.85574412345886
-38.23110142054476,15.699238622230832,50.85574412345886
-38.23110142054476,15.699238622230832,50.85574412345886
-38.23110142054476,15.699238622230832,50.85574412345886
-38.23110142054476,15.699238622230832,50.85574412345886
-38.23110142054476,15.699238622230832,50.85574412345886
-38.23110142054476,15.699238622230832,50.85574412345886
-38.112375100652145,15.673361684767535,50.85574412345886
-38.112375100652145,15.673361684767535,50.85574412345886
-38.112375100652145,15.673361684767535,50.85574412345886
-38.112375100652145,15.673361684767535,50.85574412345886
-38.112375100652145,15.673361684767535,50.85574412345886
-38.112375100652145,15.673361684767535,50.85574412345886
-37.92112288522032,15.64037752453183,50.85574412345886
-37.92112288522032,15.64037752453183,50.85574412345886
-37.92112288522032,15.64037752453183,50.85574412345886
-37.92112288522032,15.64037752453183,50.85574412345886
-37.92112288522032,15.64037752453183,50.85574412345886
-37.92112288522032,15.64037752453183,50.85574412345886
-37.80502291804217,15.625413951110868,50.85574412345886
-37.80502291804217,15.625413951110868,50.85574412345886
-37.80502291804217,15.625413951110868,50.85574412345886
-37.80502291804217,15.625413951110868,50.85574412345886
-37.80502291804217,15.625413951110868,50.85574412345886
-37.69349207969168,15.616487406534839,50.85574412345886
-37.69349207969168,15.616487406534839,50.85574412345886
-37.69349207969168,15.616487406534839,50.85574412345886
-37.69349207969168,15.616487406534839,50.85574412345886
-37.69349207969168,15.616487406534839,50.85574412345886
-37.69349207969168,15.616487406534839,50.85574412345886
-37.5051166236198,15.596536227661048,50.85574412345886
-37.5051166236198,15.596536227661048,50.85574412345886
-37.5051166236198,15.596536227661048,50.85574412345886
-37.5051166236198,15.596536227661048,50.85574412345886
-37.5051166236198,15.596536227661048,50.85574412345886
-37.5051166236198,15.596536227661048,50.85574412345886
-37.37448587085382,15.58688189550531,50.85574412345886
-37.37448587085382,15.58688189550531,50.85574412345886
-37.37448587085382,15.58688189550531,50.85574412345886
-37.37448587085382,15.58688189550531,50.85574412345886
-37.37448587085382,15.58688189550531,50.85574412345886
-37.37448587085382,15.58688189550531,50.85574412345886
-37.27520586608545,15.582072409114517,50.85574412345886
-37.27520586608545,15.582072409114517,50.85574412345886
-37.27520586608545,15.582072409114517,50.85574412345886
-37.27520586608545,15.582072409114517,50.85574412345886
-37.27520586608545,15.582072409114517,50.85574412345886
-37.27520586608545,15.582072409114517,50.85574412345886
-37.12315390049244,15.574826514882202,50.85574412345886
-37.12315390049244,15.574826514882202,50.85574412345886
-37.12315390049244,15.574826514882202,50.85574412345886
-37.12315390049244,15.574826514882202,50.85574412345886
-37.12315390049244,15.574826514882202,50.85574412345886
-37.12315390049244,15.574826514882202,50.85574412345886
-37.12315390049244,15.574826514882202,50.85574412345886
-37.012277346333576,15.574552230090271,50.85574412345886
-37.012277346333576,15.574552230090271,50.85574412345886
-37.012277346333576,15.574552230090271,50.85574412345886
-37.012277346333576,15.574552230090271,50.85574412345886
-37.012277346333576,15.574552230090271,50.85574412345886
-37.012277346333576,15.574552230090271,50.85574412345886
-36.838013308806204,15.578199381012627,50.85574412345886
-36.838013308806204,15.578199381012627,50.85574412345886
-36.838013308806204,15.578199381012627,50.85574412345886
-36.838013308806204,15.578199381012627,50.85574412345886
-36.838013308806204,15.578199381012627,50.85574412345886
-36.725866654509076,15.58093484480252,50.85574412345886
-36.725866654509076,15.58093484480252,50.85574412345886
-36.725866654509076,15.58093484480252,50.85574412345886
-36.725866654509076,15.58093484480252,50.85574412345886
-36.725866654509076,15.58093484480252,50.85574412345886
-36.725866654509076,15.58093484480252,50.85574412345886
-36.64014709925675,15.589276245444882,50.85574412345886
-36.64014709925675,15.589276245444882,50.85574412345886
-36.64014709925675,15.589276245444882,50.85574412345886
-36.64014709925675,15.589276245444882,50.85574412345886
-36.64014709925675,15.589276245444882,50.85574412345886
-36.54851900036462,15.598076759432484,50.85574412345886
-36.54851900036462,15.598076759432484,50.85574412345886
-36.54851900036462,15.598076759432484,50.85574412345886
-36.54851900036462,15.598076759432484,50.85574412345886
-36.54851900036462,15.598076759432484,50.85574412345886
-36.54851900036462,15.598076759432484,50.85574412345886
-36.366875020504004,15.614266496512364,50.85574412345886
-36.366875020504004,15.614266496512364,50.85574412345886
-36.366875020504004,15.614266496512364,50.85574412345886
-36.366875020504004,15.614266496512364,50.85574412345886
-36.366875020504004,15.614266496512364,50.85574412345886
-36.26016240620425,15.63415182135559,50.85574412345886
-36.26016240620425,15.63415182135559,50.85574412345886
-36.26016240620425,15.63415182135559,50.85574412345886
-36.26016240620425,15.63415182135559,50.85574412345886
-36.26016240620425,15.63415182135559,50.85574412345886
-36.26016240620425,15.63415182135559,50.85574412345886
-36.15702500766548,15.64894653313892,50.85574412345886
-36.15702500766548,15.64894653313892,50.85574412345886
-36.15702500766548,15.64894653313892,50.85574412345886
-36.15702500766548,15.64894653313892,50.85574412345886
-36.15702500766548,15.64894653313892,50.85574412345886
-36.07373460407348,15.661117616358432,50.85574412345886
-36.07373460407348,15.661117616358432,50.85574412345886
-36.07373460407348,15.661117616358432,50.85574412345886
-36.07373460407348,15.661117616358432,50.85574412345886
-36.07373460407348,15.661117616358432,50.85574412345886
-36.07373460407348,15.661117616358432,50.85574412345886
-35.89657118887507,15.688554013595198,50.85574412345886
-35.89657118887507,15.688554013595198,50.85574412345886
-35.89657118887507,15.688554013595198,50.85574412345886
-35.89657118887507,15.688554013595198,50.85574412345886
-35.89657118887507,15.688554013595198,50.85574412345886
-35.89657118887507,15.688554013595198,50.85574412345886
-35.89657118887507,15.688554013595198,50.85574412345886
-35.89657118887507,15.688554013595198,50.85574412345886
-35.77779371656939,15.714593763536358,50.85574412345886
-35.77779371656939,15.714593763536358,50.85574412345886
-35.77779371656939,15.714593763536358,50.85574412345886
-35.77779371656939,15.714593763536358,50.85574412345886
-35.77779371656939,15.714593763536358,50.85574412345886
-35.77779371656939,15.714593763536358,50.85574412345886
-35.77779371656939,15.714593763536358,50.85574412345886
-35.62688028751214,15.752013882735977,50.85574412345886
-35.62688028751214,15.752013882735977,50.85574412345886
-35.62688028751214,15.752013882735977,50.85574412345886
-35.62688028751214,15.752013882735977,50.85574412345886
-35.62688028751214,15.752013882735977,50.85574412345886
-35.62688028751214,15.752013882735977,50.85574412345886
-35.474228777361006,15.789024026687414,50.85574412345886
-35.474228777361006,15.789024026687414,50.85574412345886
-35.474228777361006,15.789024026687414,50.85574412345886
-35.474228777361006,15.789024026687414,50.85574412345886
-35.474228777361006,15.789024026687414,50.85574412345886
-35.474228777361006,15.789024026687414,50.85574412345886
-35.474228777361006,15.789024026687414,50.85574412345886
-35.39525020149561,15.805419182451683,50.85574412345886
-35.39525020149561,15.805419182451683,50.85574412345886
-35.39525020149561,15.805419182451683,50.85574412345886
-35.39525020149561,15.805419182451683,50.85574412345886
-35.39525020149561,15.805419182451683,50.85574412345886
-35.16371523094798,15.859096008275374,50.85574412345886
-35.16371523094798,15.859096008275374,50.85574412345886
-35.16371523094798,15.859096008275374,50.85574412345886
-35.16371523094798,15.859096008275374,50.85574412345886
-35.16371523094798,15.859096008275374,50.85574412345886
-35.16371523094798,15.859096008275374,50.85574412345886
-35.0837150252289,15.88217587520217,50.85574412345886
-35.0837150252289,15.88217587520217,50.85574412345886
-35.0837150252289,15.88217587520217,50.85574412345886
-35.0837150252289,15.88217587520217,50.85574412345886
-35.0837150252289,15.88217587520217,50.85574412345886
-35.0837150252289,15.88217587520217,50.85574412345886
-34.99308917938312,15.908114192155233,50.85574412345886
-34.99308917938312,15.908114192155233,50.85574412345886
-34.99308917938312,15.908114192155233,50.85574412345886
-34.99308917938312,15.908114192155233,50.85574412345886
-34.99308917938312,15.908114192155233,50.85574412345886
-34.99308917938312,15.908114192155233,50.85574412345886
-34.78303152711649,15.960198322354973,50.85574412345886
-34.78303152711649,15.960198322354973,50.85574412345886
-34.78303152711649,15.960198322354973,50.85574412345886
-34.78303152711649,15.960198322354973,50.85574412345886
-34.78303152711649,15.960198322354973,50.85574412345886
-34.78303152711649,15.960198322354973,50.85574412345886
-34.67550314711577,16.000194882771126,50.85574412345886
-34.67550314711577,16.000194882771126,50.85574412345886
-34.67550314711577,16.000194882771126,50.85574412345886
-34.67550314711577,16.000194882771126,50.85574412345886
-34.67550314711577,16.000194882771126,50.85574412345886
-34.67550314711577,16.000194882771126,50.85574412345886
-34.67550314711577,16.000194882771126,50.85574412345886
-34.67550314711577,16.000194882771126,50.85574412345886
-34.47783656024091,16.06880909953371,50.85574412345886
-34.47783656024091,16.06880909953371,50.85574412345886
-34.47783656024091,16.06880909953371,50.85574412345886
-34.47783656024091,16.06880909953371,50.85574412345886
-34.47783656024091,16.06880909953371,50.85574412345886
-34.47783656024091,16.06880909953371,50.85574412345886
-34.47783656024091,16.06880909953371,50.85574412345886
-34.47783656024091,16.06880909953371,50.85574412345886
-34.30124333823843,16.13924711212799,50.85574412345886
-34.30124333823843,16.13924711212799,50.85574412345886
-34.30124333823843,16.13924711212799,50.85574412345886
-34.30124333823843,16.13924711212799,50.85574412345886
-34.30124333823843,16.13924711212799,50.85574412345886
-34.30124333823843,16.13924711212799,50.85574412345886
-34.30124333823843,16.13924711212799,50.85574412345886
-34.30124333823843,16.13924711212799,50.85574412345886
-34.12733033200555,16.2238761088875,50.85574412345886
-34.12733033200555,16.2238761088875,50.85574412345886
-34.12733033200555,16.2238761088875,50.85574412345886
-34.12733033200555,16.2238761088875,50.85574412345886
-34.12733033200555,16.2238761088875,50.85574412345886
-34.12733033200555,16.2238761088875,50.85574412345886
-34.12733033200555,16.2238761088875,50.85574412345886
-33.965577665375314,16.305082963783985,50.85574412345886
-33.965577665375314,16.305082963783985,50.85574412345886
-33.965577665375314,16.305082963783985,50.85574412345886
-33.965577665375314,16.305082963783985,50.85574412345886
-33.965577665375314,16.305082963783985,50.85574412345886
-33.965577665375314,16.305082963783985,50.85574412345886
-33.965577665375314,16.305082963783985,50.85574412345886
-33.965577665375314,16.305082963783985,50.85574412345886
-33.965577665375314,16.305082963783985,50.85574412345886
-33.965577665375314,16.305082963783985,50.85574412345886
-33.79821636457444,16.39125924025356,50.85574412345886
-33.79821636457444,16.39125924025356,50.85574412345886
-33.79821636457444,16.39125924025356,50.85574412345886
-33.79821636457444,16.39125924025356,50.85574412345886
-33.79821636457444,16.39125924025356,50.85574412345886
-33.79821636457444,16.39125924025356,50.85574412345886
-33.79821636457444,16.39125924025356,50.85574412345886
-33.79821636457444,16.39125924025356,50.85574412345886
-33.79821636457444,16.39125924025356,50.85574412345886
-33.79821636457444,16.39125924025356,50.85574412345886
-33.56734767668379,16.51575230184766,50.85574412345886
-33.56734767668379,16.51575230184766,50.85574412345886
-33.56734767668379,16.51575230184766,50.85574412345886
-33.56734767668379,16.51575230184766,50.85574412345886
-33.56734767668379,16.51575230184766,50.85574412345886
-33.56734767668379,16.51575230184766,50.85574412345886
-33.56734767668379,16.51575230184766,50.85574412345886
-33.56734767668379,16.51575230184766,50.85574412345886
-33.333018763038304,16.654945382986515,50.85574412345886
-33.333018763038304,16.654945382986515,50.85574412345886
-33.333018763038304,16.654945382986515,50.85574412345886
-33.333018763038304,16.654945382986515,50.85574412345886
-33.333018763038304,16.654945382986515,50.85574412345886
-33.333018763038304,16.654945382986515,50.85574412345886
-33.333018763038304,16.654945382986515,50.85574412345886
-33.333018763038304,16.654945382986515,50.85574412345886
-33.15177902431245,16.772087301266204,50.85574412345886
-33.15177902431245,16.772087301266204,50.85574412345886
-33.15177902431245,16.772087301266204,50.85574412345886
-33.15177902431245,16.772087301266204,50.85574412345886
-33.15177902431245,16.772087301266204,50.85574412345886
-33.15177902431245,16.772087301266204,50.85574412345886
-33.15177902431245,16.772087301266204,50.85574412345886
-33.15177902431245,16.772087301266204,50.85574412345886
-32.91788675952744,16.920326640068538,50.85574412345886
-32.91788675952744,16.920326640068538,50.85574412345886
-32.91788675952744,16.920326640068538,50.85574412345886
-32.91788675952744,16.920326640068538,50.85574412345886
-32.91788675952744,16.920326640068538,50.85574412345886
-32.91788675952744,16.920326640068538,50.85574412345886
-32.91788675952744,16.920326640068538,50.85574412345886
-32.91788675952744,16.920326640068538,50.85574412345886
-32.74447962957329,17.036496190643263,50.85574412345886
-32.74447962957329,17.036496190643263,50.85574412345886
-32.74447962957329,17.036496190643263,50.85574412345886
-32.74447962957329,17.036496190643263,50.85574412345886
-32.74447962957329,17.036496190643263,50.85574412345886
-32.74447962957329,17.036496190643263,50.85574412345886
-32.74447962957329,17.036496190643263,50.85574412345886
-32.74447962957329,17.036496190643263,50.85574412345886
-32.74447962957329,17.036496190643263,50.85574412345886
-32.59671497738433,17.145228016746618,50.85574412345886
-32.59671497738433,17.145228016746618,50.85574412345886
-32.59671497738433,17.145228016746618,50.85574412345886
-32.59671497738433,17.145228016746618,50.85574412345886
-32.59671497738433,17.145228016746618,50.85574412345886
-32.59671497738433,17.145228016746618,50.85574412345886
-32.59671497738433,17.145228016746618,50.85574412345886
-32.59671497738433,17.145228016746618,50.85574412345886
-32.454882349198556,17.26662379466745,50.85574412345886
-32.454882349198556,17.26662379466745,50.85574412345886
-32.454882349198556,17.26662379466745,50.85574412345886
-32.454882349198556,17.26662379466745,50.85574412345886
-32.454882349198556,17.26662379466745,50.85574412345886
-32.454882349198556,17.26662379466745,50.85574412345886
-32.454882349198556,17.26662379466745,50.85574412345886
-32.454882349198556,17.26662379466745,50.85574412345886
-32.27465016299715,17.433874182413156,50.85574412345886
-32.27465016299715,17.433874182413156,50.85574412345886
-32.27465016299715,17.433874182413156,50.85574412345886
-32.27465016299715,17.433874182413156,50.85574412345886
-32.27465016299715,17.433874182413156,50.85574412345886
-32.27465016299715,17.433874182413156,50.85574412345886
-32.27465016299715,17.433874182413156,50.85574412345886
-32.27465016299715,17.433874182413156,50.85574412345886
-32.27465016299715,17.433874182413156,50.85574412345886
-32.15696885875905,17.562643000239525,50.85574412345886
-32.15696885875905,17.562643000239525,50.85574412345886
-32.15696885875905,17.562643000239525,50.85574412345886
-32.15696885875905,17.562643000239525,50.85574412345886
-32.15696885875905,17.562643000239525,50.85574412345886
-32.15696885875905,17.562643000239525,50.85574412345886
-32.15696885875905,17.562643000239525,50.85574412345886
-32.15696885875905,17.562643000239525,50.85574412345886
-32.03523307870747,17.705373134126024,50.85574412345886
-32.03523307870747,17.705373134126024,50.85574412345886
-32.03523307870747,17.705373134126024,50.85574412345886
-32.03523307870747,17.705373134126024,50.85574412345886
-32.03523307870747,17.705373134126024,50.85574412345886
-32.03523307870747,17.705373134126024,50.85574412345886
-32.03523307870747,17.705373134126024,50.85574412345886
-32.03523307870747,17.705373134126024,50.85574412345886
-32.03523307870747,17.705373134126024,50.85574412345886
-31.903488703581004,17.889687419223577,50.85574412345886
-31.903488703581004,17.889687419223577,50.85574412345886
-31.903488703581004,17.889687419223577,50.85574412345886
-31.903488703581004,17.889687419223577,50.85574412345886
-31.903488703581004,17.889687419223577,50.85574412345886
-31.903488703581004,17.889687419223577,50.85574412345886
-31.903488703581004,17.889687419223577,50.85574412345886
-31.903488703581004,17.889687419223577,50.85574412345886
-31.801546505943328,18.034016049357767,50.85574412345886
-31.801546505943328,18.034016049357767,50.85574412345886
-31.801546505943328,18.034016049357767,50.85574412345886
-31.801546505943328,18.034016049357767,50.85574412345886
-31.801546505943328,18.034016049357767,50.85574412345886
-31.801546505943328,18.034016049357767,50.85574412345886
-31.801546505943328,18.034016049357767,50.85574412345886
-31.801546505943328,18.034016049357767,50.85574412345886
-31.703621432688145,18.18309970737414,50.85574412345886
-31.703621432688145,18.18309970737414,50.85574412345886
-31.703621432688145,18.18309970737414,50.85574412345886
-31.703621432688145,18.18309970737414,50.85574412345886
-31.703621432688145,18.18309970737414,50.85574412345886
-31.703621432688145,18.18309970737414,50.85574412345886
-31.703621432688145,18.18309970737414,50.85574412345886
-31.703621432688145,18.18309970737414,50.85574412345886
-31.703621432688145,18.18309970737414,50.85574412345886
-31.703621432688145,18.18309970737414,50.85574412345886
-31.569324844027754,18.38188560788595,50.85574412345886
-31.569324844027754,18.38188560788595,50.85574412345886
-31.569324844027754,18.38188560788595,50.85574412345886
-31.569324844027754,18.38188560788595,50.85574412345886
-31.569324844027754,18.38188560788595,50.85574412345886
-31.569324844027754,18.38188560788595,50.85574412345886
-31.569324844027754,18.38188560788595,50.85574412345886
-31.569324844027754,18.38188560788595,50.85574412345886
-31.46950306749906,18.547500309690708,50.85574412345886
-31.46950306749906,18.547500309690708,50.85574412345886
-31.46950306749906,18.547500309690708,50.85574412345886
-31.46950306749906,18.547500309690708,50.85574412345886
-31.46950306749906,18.547500309690708,50.85574412345886
-31.46950306749906,18.547500309690708,50.85574412345886
-31.46950306749906,18.547500309690708,50.85574412345886
-31.46950306749906,18.547500309690708,50.85574412345886
-31.46950306749906,18.547500309690708,50.85574412345886
-31.337511508804972,18.753216487381096,50.85574412345886
-31.337511508804972,18.753216487381096,50.85574412345886
-31.337511508804972,18.753216487381096,50.85574412345886
-31.337511508804972,18.753216487381096,50.85574412345886
-31.337511508804972,18.753216487381096,50.85574412345886
-31.337511508804972,18.753216487381096,50.85574412345886
-31.337511508804972,18.753216487381096,50.85574412345886
-31.337511508804972,18.753216487381096,50.85574412345886
-31.337511508804972,18.753216487381096,50.85574412345886
-31.337511508804972,18.753216487381096,50.85574412345886
-31.23842678815618,18.90209034674198,50.85574412345886
-31.23842678815618,18.90209034674198,50.85574412345886
-31.23842678815618,18.90209034674198,50.85574412345886
-31.23842678815618,18.90209034674198,50.85574412345886
-31.23842678815618,18.90209034674198,50.85574412345886
-31.23842678815618,18.90209034674198,50.85574412345886
-31.23842678815618,18.90209034674198,50.85574412345886
-31.23842678815618,18.90209034674198,50.85574412345886
-31.10440482055171,19.124017495090012,50.85574412345886
-31.10440482055171,19.124017495090012,50.85574412345886
-31.10440482055171,19.124017495090012,50.85574412345886
-31.10440482055171,19.124017495090012,50.85574412345886
-31.10440482055171,19.124017495090012,50.85574412345886
-31.10440482055171,19.124017495090012,50.85574412345886
-31.10440482055171,19.124017495090012,50.85574412345886
-31.00538166105962,19.298421655429408,50.85574412345886
-31.00538166105962,19.298421655429408,50.85574412345886
-31.00538166105962,19.298421655429408,50.85574412345886
-31.00538166105962,19.298421655429408,50.85574412345886
-31.00538166105962,19.298421655429408,50.85574412345886
-31.00538166105962,19.298421655429408,50.85574412345886
-31.00538166105962,19.298421655429408,50.85574412345886
-31.00538166105962,19.298421655429408,50.85574412345886
-31.00538166105962,19.298421655429408,50.85574412345886
-30.848947503735825,19.52292596352578,50.85574412345886
-30.848947503735825,19.52292596352578,50.85574412345886
-30.848947503735825,19.52292596352578,50.85574412345886
-30.848947503735825,19.52292596352578,50.85574412345886
-30.848947503735825,19.52292596352578,50.85574412345886
-30.848947503735825,19.52292596352578,50.85574412345886
-30.848947503735825,19.52292596352578,50.85574412345886
-30.848947503735825,19.52292596352578,50.85574412345886
-30.7402976030323,19.670798990017538,50.85574412345886
-30.7402976030323,19.670798990017538,50.85574412345886
-30.7402976030323,19.670798990017538,50.85574412345886
-30.7402976030323,19.670798990017538,50.85574412345886
-30.7402976030323,19.670798990017538,50.85574412345886
-30.7402976030323,19.670798990017538,50.85574412345886
-30.7402976030323,19.670798990017538,50.85574412345886
-30.7402976030323,19.670798990017538,50.85574412345886
-30.629878136936885,19.833691227273192,50.85574412345886
-30.629878136936885,19.833691227273192,50.85574412345886
-30.629878136936885,19.833691227273192,50.85574412345886
-30.629878136936885,19.833691227273192,50.85574412345886
-30.629878136936885,19.833691227273192,50.85574412345886
-30.629878136936885,19.833691227273192,50.85574412345886
-30.629878136936885,19.833691227273192,50.85574412345886
-30.629878136936885,19.833691227273192,50.85574412345886
-30.472084182951,20.060172727656095,50.85574412345886
-30.472084182951,20.060172727656095,50.85574412345886
-30.472084182951,20.060172727656095,50.85574412345886
-30.472084182951,20.060172727656095,50.85574412345886
-30.472084182951,20.060172727656095,50.85574412345886
-30.472084182951,20.060172727656095,50.85574412345886
-30.472084182951,20.060172727656095,50.85574412345886
-30.472084182951,20.060172727656095,50.85574412345886
-30.472084182951,20.060172727656095,50.85574412345886
-30.346041560961986,20.230918208575556,50.85574412345886
-30.346041560961986,20.230918208575556,50.85574412345886
-30.346041560961986,20.230918208575556,50.85574412345886
-30.346041560961986,20.230918208575556,50.85574412345886
-30.346041560961986,20.230918208575556,50.85574412345886
-30.346041560961986,20.230918208575556,50.85574412345886
-30.346041560961986,20.230918208575556,50.85574412345886
-30.346041560961986,20.230918208575556,50.85574412345886
-30.346041560961986,20.230918208575556,50.85574412345886
-30.220607105206533,20.38500810082221,50.85574412345886
-30.220607105206533,20.38500810082221,50.85574412345886
-30.220607105206533,20.38500810082221,50.85574412345886
-30.220607105206533,20.38500810082221,50.85574412345886
-30.220607105206533,20.38500810082221,50.85574412345886
-30.220607105206533,20.38500810082221,50.85574412345886
-30.220607105206533,20.38500810082221,50.85574412345886
-30.220607105206533,20.38500810082221,50.85574412345886
-30.053603827101806,20.607023395928817,50.85574412345886
-30.053603827101806,20.607023395928817,50.85574412345886
-30.053603827101806,20.607023395928817,50.85574412345886
-30.053603827101806,20.607023395928817,50.85574412345886
-30.053603827101806,20.607023395928817,50.85574412345886
-30.053603827101806,20.607023395928817,50.85574412345886
-30.053603827101806,20.607023395928817,50.85574412345886
-30.053603827101806,20.607023395928817,50.85574412345886
-30.053603827101806,20.607023395928817,50.85574412345886
-29.91755085495653,20.76812592982757,50.85574412345886
-29.91755085495653,20.76812592982757,50.85574412345886
-29.91755085495653,20.76812592982757,50.85574412345886
-29.91755085495653,20.76812592982757,50.85574412345886
-29.91755085495653,20.76812592982757,50.85574412345886
-29.91755085495653,20.76812592982757,50.85574412345886
-29.91755085495653,20.76812592982757,50.85574412345886
-29.91755085495653,20.76812592982757,50.85574412345886
-29.91755085495653,20.76812592982757,50.85574412345886
-29.736640394563054,20.96637058641236,50.85574412345886
-29.736640394563054,20.96637058641236,50.85574412345886
-29.736640394563054,20.96637058641236,50.85574412345886
-29.736640394563054,20.96637058641236,50.85574412345886
-29.736640394563054,20.96637058641236,50.85574412345886
-29.736640394563054,20.96637058641236,50.85574412345886
-29.736640394563054,20.96637058641236,50.85574412345886
-29.736640394563054,20.96637058641236,50.85574412345886
-29.587522537149628,21.13185600096877,50.85574412345886
-29.587522537149628,21.13185600096877,50.85574412345886
-29.587522537149628,21.13185600096877,50.85574412345886
-29.587522537149628,21.13185600096877,50.85574412345886
-29.587522537149628,21.13185600096877,50.85574412345886
-29.587522537149628,21.13185600096877,50.85574412345886
-29.587522537149628,21.13185600096877,50.85574412345886
-29.587522537149628,21.13185600096877,50.85574412345886
-29.587522537149628,21.13185600096877,50.85574412345886
-29.403956196666698,21.318987820646115,50.85574412345886
-29.403956196666698,21.318987820646115,50.85574412345886
-29.403956196666698,21.318987820646115,50.85574412345886
-29.403956196666698,21.318987820646115,50.85574412345886
-29.403956196666698,21.318987820646115,50.85574412345886
-29.403956196666698,21.318987820646115,50.85574412345886
-29.403956196666698,21.318987820646115,50.85574412345886
-29.403956196666698,21.318987820646115,50.85574412345886
-29.403956196666698,21.318987820646115,50.85574412345886
-29.403956196666698,21.318987820646115,50.85574412345886
-29.261912328345172,21.459490068459687,50.85574412345886
-29.261912328345172,21.459490068459687,50.85574412345886
-29.261912328345172,21.459490068459687,50.85574412345886
-29.261912328345172,21.459490068459687,50.85574412345886
-29.261912328345172,21.459490068459687,50.85574412345886
-29.261912328345172,21.459490068459687,50.85574412345886
-29.261912328345172,21.459490068459687,50.85574412345886
-29.261912328345172,21.459490068459687,50.85574412345886
-29.067105872269895,21.634337858086138,50.85574412345886
-29.067105872269895,21.634337858086138,50.85574412345886
-29.067105872269895,21.634337858086138,50.85574412345886
-29.067105872269895,21.634337858086138,50.85574412345886
-29.067105872269895,21.634337858086138,50.85574412345886
-29.067105872269895,21.634337858086138,50.85574412345886
-29.067105872269895,21.634337858086138,50.85574412345886
-29.067105872269895,21.634337858086138,50.85574412345886
-29.067105872269895,21.634337858086138,50.85574412345886
-29.067105872269895,21.634337858086138,50.85574412345886
-29.067105872269895,21.634337858086138,50.85574412345886
-28.904707048738363,21.76448189590585,50.85574412345886
-28.904707048738363,21.76448189590585,50.85574412345886
-28.904707048738363,21.76448189590585,50.85574412345886
-28.904707048738363,21.76448189590585,50.85574412345886
-28.904707048738363,21.76448189590585,50.85574412345886
-28.904707048738363,21.76448189590585,50.85574412345886
-28.904707048738363,21.76448189590585,50.85574412345886
-28.904707048738363,21.76448189590585,50.85574412345886
-28.904707048738363,21.76448189590585,50.85574412345886
-28.904707048738363,21.76448189590585,50.85574412345886
-28.904707048738363,21.76448189590585,50.85574412345886
-28.904707048738363,21.76448189590585,50.85574412345886
-28.904707048738363,21.76448189590585,50.85574412345886
-28.904707048738363,21.76448189590585,50.85574412345886
-28.904707048738363,21.76448189590585,50.85574412345886
-28.904707048738363,21.76448189590585,50.85574412345886
-28.688653195341804,21.949181059063488,50.85574412345886
-28.688653195341804,21.949181059063488,50.85574412345886
-28.688653195341804,21.949181059063488,50.85574412345886
-28.688653195341804,21.949181059063488,50.85574412345886
-28.688653195341804,21.949181059063488,50.85574412345886
-28.688653195341804,21.949181059063488,50.85574412345886
-28.688653195341804,21.949181059063488,50.85574412345886
-28.688653195341804,21.949181059063488,50.85574412345886
-28.688653195341804,21.949181059063488,50.85574412345886
-28.688653195341804,21.949181059063488,50.85574412345886
-28.328259643436503,22.228577485531105,50.85574412345886
-28.328259643436503,22.228577485531105,50.85574412345886
-28.328259643436503,22.228577485531105,50.85574412345886
-28.328259643436503,22.228577485531105,50.85574412345886
-28.328259643436503,22.228577485531105,50.85574412345886
-28.328259643436503,22.228577485531105,50.85574412345886
-28.328259643436503,22.228577485531105,50.85574412345886
-28.328259643436503,22.228577485531105,50.85574412345886
-28.328259643436503,22.228577485531105,50.85574412345886
-28.09036683055563,22.400642278597854,50.85574412345886
-28.09036683055563,22.400642278597854,50.85574412345886
-28.09036683055563,22.400642278597854,50.85574412345886
-28.09036683055563,22.400642278597854,50.85574412345886
-28.09036683055563,22.400642278597854,50.85574412345886
-28.09036683055563,22.400642278597854,50.85574412345886
-28.09036683055563,22.400642278597854,50.85574412345886
-28.09036683055563,22.400642278597854,50.85574412345886
-28.09036683055563,22.400642278597854,50.85574412345886
-28.09036683055563,22.400642278597854,50.85574412345886
-28.09036683055563,22.400642278597854,50.85574412345886
-28.09036683055563,22.400642278597854,50.85574412345886
-28.09036683055563,22.400642278597854,50.85574412345886
-28.09036683055563,22.400642278597854,50.85574412345886
-27.890589349257112,22.530229393022353,50.85574412345886
-27.890589349257112,22.530229393022353,50.85574412345886
-27.890589349257112,22.530229393022353,50.85574412345886
-27.890589349257112,22.530229393022353,50.85574412345886
-27.890589349257112,22.530229393022353,50.85574412345886
-27.890589349257112,22.530229393022353,50.85574412345886
-27.890589349257112,22.530229393022353,50.85574412345886
-27.890589349257112,22.530229393022353,50.85574412345886
-27.890589349257112,22.530229393022353,50.85574412345886
-27.890589349257112,22.530229393022353,50.85574412345886
-27.890589349257112,22.530229393022353,50.85574412345886
-27.890589349257112,22.530229393022353,50.85574412345886
-27.890589349257112,22.530229393022353,50.85574412345886
-27.62496054774938,22.705949877353405,50.85574412345886
-27.62496054774938,22.705949877353405,50.85574412345886
-27.62496054774938,22.705949877353405,50.85574412345886
-27.62496054774938,22.705949877353405,50.85574412345886
-27.62496054774938,22.705949877353405,50.85574412345886
-27.62496054774938,22.705949877353405,50.85574412345886
-27.271390460538473,22.924819190058447,50.85574412345886
-27.271390460538473,22.924819190058447,50.85574412345886
-27.271390460538473,22.924819190058447,50.85574412345886
-27.271390460538473,22.924819190058447,50.85574412345886
-27.271390460538473,22.924819190058447,50.85574412345886
-27.271390460538473,22.924819190058447,50.85574412345886
-27.14850140892179,22.998755813982477,50.85574412345886
-27.14850140892179,22.998755813982477,50.85574412345886
-27.14850140892179,22.998755813982477,50.85574412345886
-27.14850140892179,22.998755813982477,50.85574412345886
-27.14850140892179,22.998755813982477,50.85574412345886
-27.14850140892179,22.998755813982477,50.85574412345886
-27.14850140892179,22.998755813982477,50.85574412345886
-27.037463849858035,23.06286935265969,50.85574412345886
-27.037463849858035,23.06286935265969,50.85574412345886
-27.037463849858035,23.06286935265969,50.85574412345886
-27.037463849858035,23.06286935265969,50.85574412345886
-27.037463849858035,23.06286935265969,50.85574412345886
-27.037463849858035,23.06286935265969,50.85574412345886
-26.863285929948287,23.15668350999004,50.85574412345886
-26.863285929948287,23.15668350999004,50.85574412345886
-26.863285929948287,23.15668350999004,50.85574412345886
-26.863285929948287,23.15668350999004,50.85574412345886
-26.863285929948287,23.15668350999004,50.85574412345886
-26.863285929948287,23.15668350999004,50.85574412345886
-26.6919862217867,23.24817541810424,50.85574412345886
-26.6919862217867,23.24817541810424,50.85574412345886
-26.6919862217867,23.24817541810424,50.85574412345886
-26.6919862217867,23.24817541810424,50.85574412345886
-26.6919862217867,23.24817541810424,50.85574412345886
-26.6919862217867,23.24817541810424,50.85574412345886
-26.6919862217867,23.24817541810424,50.85574412345886
-26.5282324253964,23.33374533219143,50.85574412345886
-26.5282324253964,23.33374533219143,50.85574412345886
-26.5282324253964,23.33374533219143,50.85574412345886
-26.5282324253964,23.33374533219143,50.85574412345886
-26.5282324253964,23.33374533219143,50.85574412345886
-26.5282324253964,23.33374533219143,50.85574412345886
-26.378537214705485,23.413064187899607,50.85574412345886
-26.378537214705485,23.413064187899607,50.85574412345886
-26.378537214705485,23.413064187899607,50.85574412345886
-26.378537214705485,23.413064187899607,50.85574412345886
-26.378537214705485,23.413064187899607,50.85574412345886
-26.378537214705485,23.413064187899607,50.85574412345886
-26.202516601636262,23.50641279884457,50.85574412345886
-26.202516601636262,23.50641279884457,50.85574412345886
-26.202516601636262,23.50641279884457,50.85574412345886
-26.202516601636262,23.50641279884457,50.85574412345886
-26.202516601636262,23.50641279884457,50.85574412345886
-26.202516601636262,23.50641279884457,50.85574412345886
-26.202516601636262,23.50641279884457,50.85574412345886
-26.030884366191504,23.585170615100285,50.85574412345886
-26.030884366191504,23.585170615100285,50.85574412345886
-26.030884366191504,23.585170615100285,50.85574412345886
-26.030884366191504,23.585170615100285,50.85574412345886
-26.030884366191504,23.585170615100285,50.85574412345886
-26.030884366191504,23.585170615100285,50.85574412345886
-26.030884366191504,23.585170615100285,50.85574412345886
-25.864722157165552,23.658957966766547,50.85574412345886
-25.864722157165552,23.658957966766547,50.85574412345886
-25.864722157165552,23.658957966766547,50.85574412345886
-25.864722157165552,23.658957966766547,50.85574412345886
-25.864722157165552,23.658957966766547,50.85574412345886
-25.864722157165552,23.658957966766547,50.85574412345886
-25.64300683697072,23.75803918663091,50.85574412345886
-25.64300683697072,23.75803918663091,50.85574412345886
-25.64300683697072,23.75803918663091,50.85574412345886
-25.64300683697072,23.75803918663091,50.85574412345886
-25.64300683697072,23.75803918663091,50.85574412345886
-25.64300683697072,23.75803918663091,50.85574412345886
-25.500511262595133,23.82452062690494,50.85574412345886
-25.500511262595133,23.82452062690494,50.85574412345886
-25.500511262595133,23.82452062690494,50.85574412345886
-25.500511262595133,23.82452062690494,50.85574412345886
-25.500511262595133,23.82452062690494,50.85574412345886
-25.500511262595133,23.82452062690494,50.85574412345886
-25.500511262595133,23.82452062690494,50.85574412345886
-25.348810318784643,23.88278178527527,50.85574412345886
-25.348810318784643,23.88278178527527,50.85574412345886
-25.348810318784643,23.88278178527527,50.85574412345886
-25.348810318784643,23.88278178527527,50.85574412345886
-25.348810318784643,23.88278178527527,50.85574412345886
-25.348810318784643,23.88278178527527,50.85574412345886
-25.167215285174724,23.95602125530532,50.85574412345886
-25.167215285174724,23.95602125530532,50.85574412345886
-25.167215285174724,23.95602125530532,50.85574412345886
-25.167215285174724,23.95602125530532,50.85574412345886
-25.167215285174724,23.95602125530532,50.85574412345886
-25.167215285174724,23.95602125530532,50.85574412345886
-24.959578321820363,24.03975063949253,50.85574412345886
-24.959578321820363,24.03975063949253,50.85574412345886
-24.959578321820363,24.03975063949253,50.85574412345886
-24.959578321820363,24.03975063949253,50.85574412345886
-24.959578321820363,24.03975063949253,50.85574412345886
-24.959578321820363,24.03975063949253,50.85574412345886
-24.959578321820363,24.03975063949253,50.85574412345886
-24.814321565450072,24.091547759652645,50.85574412345886
-24.814321565450072,24.091547759652645,50.85574412345886
-24.814321565450072,24.091547759652645,50.85574412345886
-24.814321565450072,24.091547759652645,50.85574412345886
-24.814321565450072,24.091547759652645,50.85574412345886
-24.612142659551218,24.161134526862813,50.85574412345886
-24.612142659551218,24.161134526862813,50.85574412345886
-24.612142659551218,24.161134526862813,50.85574412345886
-24.612142659551218,24.161134526862813,50.85574412345886
-24.612142659551218,24.161134526862813,50.85574412345886
-24.612142659551218,24.161134526862813,50.85574412345886
-24.612142659551218,24.161134526862813,50.85574412345886
-24.488858377029032,24.19902640451906,50.85574412345886
-24.488858377029032,24.19902640451906,50.85574412345886
-24.488858377029032,24.19902640451906,50.85574412345886
-24.488858377029032,24.19902640451906,50.85574412345886
-24.488858377029032,24.19902640451906,50.85574412345886
-24.488858377029032,24.19902640451906,50.85574412345886
-24.488858377029032,24.19902640451906,50.85574412345886
-24.298103761040295,24.253868501984144,50.85574412345886
-24.298103761040295,24.253868501984144,50.85574412345886
-24.298103761040295,24.253868501984144,50.85574412345886
-24.298103761040295,24.253868501984144,50.85574412345886
-24.298103761040295,24.253868501984144,50.85574412345886
-24.298103761040295,24.253868501984144,50.85574412345886
-24.298103761040295,24.253868501984144,50.85574412345886
-24.298103761040295,24.253868501984144,50.85574412345886
-24.298103761040295,24.253868501984144,50.85574412345886
-24.298103761040295,24.253868501984144,50.85574412345886
-24.298103761040295,24.253868501984144,50.85574412345886
-24.070299559219865,24.32684848833226,50.85574412345886
-24.070299559219865,24.32684848833226,50.85574412345886
-24.070299559219865,24.32684848833226,50.85574412345886
-24.070299559219865,24.32684848833226,50.85574412345886
-24.070299559219865,24.32684848833226,50.85574412345886
-24.070299559219865,24.32684848833226,50.85574412345886
-24.070299559219865,24.32684848833226,50.85574412345886
-23.82965124743754,24.39885285096399,50.85574412345886
-23.82965124743754,24.39885285096399,50.85574412345886
-23.82965124743754,24.39885285096399,50.85574412345886
-23.82965124743754,24.39885285096399,50.85574412345886
-23.82965124743754,24.39885285096399,50.85574412345886
-23.82965124743754,24.39885285096399,50.85574412345886
-23.82965124743754,24.39885285096399,50.85574412345886
-23.82965124743754,24.39885285096399,50.85574412345886
-23.626009362617353,24.44468661076833,50.85574412345886
-23.626009362617353,24.44468661076833,50.85574412345886
-23.626009362617353,24.44468661076833,50.85574412345886
-23.626009362617353,24.44468661076833,50.85574412345886
-23.626009362617353,24.44468661076833,50.85574412345886
-23.34379095048902,24.519512524208967,50.85574412345886
-23.34379095048902,24.519512524208967,50.85574412345886
-23.34379095048902,24.519512524208967,50.85574412345886
-23.34379095048902,24.519512524208967,50.85574412345886
-23.34379095048902,24.519512524208967,50.85574412345886
-23.34379095048902,24.519512524208967,50.85574412345886
-23.34379095048902,24.519512524208967,50.85574412345886
-23.15278668929881,24.560539675299164,50.85574412345886
-23.15278668929881,24.560539675299164,50.85574412345886
-23.15278668929881,24.560539675299164,50.85574412345886
-23.15278668929881,24.560539675299164,50.85574412345886
-23.15278668929881,24.560539675299164,50.85574412345886
-23.15278668929881,24.560539675299164,50.85574412345886
-23.15278668929881,24.560539675299164,50.85574412345886
-22.945247299411236,24.599976951204297,50.85574412345886
-22.945247299411236,24.599976951204297,50.85574412345886
-22.945247299411236,24.599976951204297,50.85574412345886
-22.945247299411236,24.599976951204297,50.85574412345886
-22.945247299411236,24.599976951204297,50.85574412345886
-22.945247299411236,24.599976951204297,50.85574412345886
-22.749095753151696,24.637802908529043,50.85574412345886
-22.749095753151696,24.637802908529043,50.85574412345886
-22.749095753151696,24.637802908529043,50.85574412345886
-22.749095753151696,24.637802908529043,50.85574412345886
-22.749095753151696,24.637802908529043,50.85574412345886
-22.749095753151696,24.637802908529043,50.85574412345886
-22.609641413648408,24.658216221881915,50.85574412345886
-22.609641413648408,24.658216221881915,50.85574412345886
-22.609641413648408,24.658216221881915,50.85574412345886
-22.609641413648408,24.658216221881915,50.85574412345886
-22.609641413648408,24.658216221881915,50.85574412345886
-22.609641413648408,24.658216221881915,50.85574412345886
-22.497447546129727,24.67673798837409,50.85574412345886
-22.497447546129727,24.67673798837409,50.85574412345886
-22.497447546129727,24.67673798837409,50.85574412345886
-22.497447546129727,24.67673798837409,50.85574412345886
-22.497447546129727,24.67673798837409,50.85574412345886
-22.497447546129727,24.67673798837409,50.85574412345886
-22.300385598288848,24.712647456013062,50.85574412345886
-22.300385598288848,24.712647456013062,50.85574412345886
-22.300385598288848,24.712647456013062,50.85574412345886
-22.300385598288848,24.712647456013062,50.85574412345886
-22.300385598288848,24.712647456013062,50.85574412345886
-22.300385598288848,24.712647456013062,50.85574412345886
-22.12669883910358,24.73816867821584,50.85574412345886
-22.12669883910358,24.73816867821584,50.85574412345886
-22.12669883910358,24.73816867821584,50.85574412345886
-22.12669883910358,24.73816867821584,50.85574412345886
-22.12669883910358,24.73816867821584,50.85574412345886
-22.12669883910358,24.73816867821584,50.85574412345886
-21.896158964692717,24.766686666667646,50.85574412345886
-21.896158964692717,24.766686666667646,50.85574412345886
-21.896158964692717,24.766686666667646,50.85574412345886
-21.896158964692717,24.766686666667646,50.85574412345886
-21.896158964692717,24.766686666667646,50.85574412345886
-21.896158964692717,24.766686666667646,50.85574412345886
-21.73802298882051,24.79722206621726,50.85574412345886
-21.73802298882051,24.79722206621726,50.85574412345886
-21.73802298882051,24.79722206621726,50.85574412345886
-21.73802298882051,24.79722206621726,50.85574412345886
-21.73802298882051,24.79722206621726,50.85574412345886
-21.73802298882051,24.79722206621726,50.85574412345886
-21.538300174482742,24.823357770671294,50.85574412345886
-21.538300174482742,24.823357770671294,50.85574412345886
-21.538300174482742,24.823357770671294,50.85574412345886
-21.538300174482742,24.823357770671294,50.85574412345886
-21.538300174482742,24.823357770671294,50.85574412345886
-21.538300174482742,24.823357770671294,50.85574412345886
-21.394239995566764,24.833853117732183,50.85574412345886
-21.394239995566764,24.833853117732183,50.85574412345886
-21.394239995566764,24.833853117732183,50.85574412345886
-21.394239995566764,24.833853117732183,50.85574412345886
-21.394239995566764,24.833853117732183,50.85574412345886
-21.394239995566764,24.833853117732183,50.85574412345886
-21.394239995566764,24.833853117732183,50.85574412345886
-21.165421250746473,24.8591828375653,50.85574412345886
-21.165421250746473,24.8591828375653,50.85574412345886
-21.165421250746473,24.8591828375653,50.85574412345886
-21.165421250746473,24.8591828375653,50.85574412345886
-21.165421250746473,24.8591828375653,50.85574412345886
-21.165421250746473,24.8591828375653,50.85574412345886
-21.165421250746473,24.8591828375653,50.85574412345886
-21.0204003764654,24.877669662859667,50.85574412345886
-21.0204003764654,24.877669662859667,50.85574412345886
-21.0204003764654,24.877669662859667,50.85574412345886
-21.0204003764654,24.877669662859667,50.85574412345886
-21.0204003764654,24.877669662859667,50.85574412345886
-21.0204003764654,24.877669662859667,50.85574412345886
-20.781507383394064,24.900637102457743,50.85574412345886
-20.781507383394064,24.900637102457743,50.85574412345886
-20.781507383394064,24.900637102457743,50.85574412345886
-20.781507383394064,24.900637102457743,50.85574412345886
-20.781507383394064,24.900637102457743,50.85574412345886
-20.781507383394064,24.900637102457743,50.85574412345886
-20.781507383394064,24.900637102457743,50.85574412345886
-20.552144630111865,24.907142405118524,50.85574412345886
-20.552144630111865,24.907142405118524,50.85574412345886
-20.552144630111865,24.907142405118524,50.85574412345886
-20.552144630111865,24.907142405118524,50.85574412345886
-20.552144630111865,24.907142405118524,50.85574412345886
-20.552144630111865,24.907142405118524,50.85574412345886
-20.552144630111865,24.907142405118524,50.85574412345886
-20.409410901836278,24.916281879740893,50.85574412345886
-20.409410901836278,24.916281879740893,50.85574412345886
-20.409410901836278,24.916281879740893,50.85574412345886
-20.409410901836278,24.916281879740893,50.85574412345886
-20.409410901836278,24.916281879740893,50.85574412345886
-20.409410901836278,24.916281879740893,50.85574412345886
-20.19733119394716,24.929004091489436,50.85574412345886
-20.19733119394716,24.929004091489436,50.85574412345886
-20.19733119394716,24.929004091489436,50.85574412345886
-20.19733119394716,24.929004091489436,50.85574412345886
-20.19733119394716,24.929004091489436,50.85574412345886
-20.19733119394716,24.929004091489436,50.85574412345886
-20.068435666359434,24.93473166978289,50.85574412345886
-20.068435666359434,24.93473166978289,50.85574412345886
-20.068435666359434,24.93473166978289,50.85574412345886
-20.068435666359434,24.93473166978289,50.85574412345886
-20.068435666359434,24.93473166978289,50.85574412345886
-20.068435666359434,24.93473166978289,50.85574412345886
-19.881940231420092,24.933402881354017,50.85574412345886
-19.881940231420092,24.933402881354017,50.85574412345886
-19.881940231420092,24.933402881354017,50.85574412345886
-19.881940231420092,24.933402881354017,50.85574412345886
-19.881940231420092,24.933402881354017,50.85574412345886
-19.881940231420092,24.933402881354017,50.85574412345886
-19.769980571079582,24.9243365183339,50.85574412345886
-19.769980571079582,24.9243365183339,50.85574412345886
-19.769980571079582,24.9243365183339,50.85574412345886
-19.769980571079582,24.9243365183339,50.85574412345886
-19.769980571079582,24.9243365183339,50.85574412345886
-19.769980571079582,24.9243365183339,50.85574412345886
-19.540895659348152,24.931486995832234,50.85574412345886
-19.540895659348152,24.931486995832234,50.85574412345886
-19.540895659348152,24.931486995832234,50.85574412345886
-19.540895659348152,24.931486995832234,50.85574412345886
-19.540895659348152,24.931486995832234,50.85574412345886
-19.540895659348152,24.931486995832234,50.85574412345886
-19.37946574429108,24.943202772136402,50.85574412345886
-19.37946574429108,24.943202772136402,50.85574412345886
-19.37946574429108,24.943202772136402,50.85574412345886
-19.37946574429108,24.943202772136402,50.85574412345886
-19.37946574429108,24.943202772136402,50.85574412345886
-19.37946574429108,24.943202772136402,50.85574412345886
-19.37946574429108,24.943202772136402,50.85574412345886
-19.100275051496286,24.959201117629217,50.85574412345886
-19.100275051496286,24.959201117629217,50.85574412345886
-19.100275051496286,24.959201117629217,50.85574412345886
-19.100275051496286,24.959201117629217,50.85574412345886
-19.100275051496286,24.959201117629217,50.85574412345886
-19.100275051496286,24.959201117629217,50.85574412345886
-19.100275051496286,24.959201117629217,50.85574412345886
-18.842514685303573,24.972029926013768,50.85574412345886
-18.842514685303573,24.972029926013768,50.85574412345886
-18.842514685303573,24.972029926013768,50.85574412345886
-18.842514685303573,24.972029926013768,50.85574412345886
-18.842514685303573,24.972029926013768,50.85574412345886
-18.842514685303573,24.972029926013768,50.85574412345886
-18.456910836024765,24.984971671417306,50.85574412345886
-18.456910836024765,24.984971671417306,50.85574412345886
-18.456910836024765,24.984971671417306,50.85574412345886
-18.456910836024765,24.984971671417306,50.85574412345886
-18.456910836024765,24.984971671417306,50.85574412345886
-18.456910836024765,24.984971671417306,50.85574412345886
-18.15046901512781,25.002970018299703,50.85574412345886
-18.15046901512781,25.002970018299703,50.85574412345886
-18.15046901512781,25.002970018299703,50.85574412345886
-18.15046901512781,25.002970018299703,50.85574412345886
-18.15046901512781,25.002970018299703,50.85574412345886
-18.15046901512781,25.002970018299703,50.85574412345886
-17.782944066146634,25.015581994208315,50.85574412345886
-17.782944066146634,25.015581994208315,50.85574412345886
-17.782944066146634,25.015581994208315,50.85574412345886
-17.782944066146634,25.015581994208315,50.85574412345886
-17.782944066146634,25.015581994208315,50.85574412345886
-17.782944066146634,25.015581994208315,50.85574412345886
-17.541967338968114,25.020717827886735,50.85574412345886
-17.541967338968114,25.020717827886735,50.85574412345886
-17.541967338968114,25.020717827886735,50.85574412345886
-17.541967338968114,25.020717827886735,50.85574412345886
-17.541967338968114,25.020717827886735,50.85574412345886
-17.541967338968114,25.020717827886735,50.85574412345886
-17.252479020667597,25.004165063254238,50.85574412345886
-17.252479020667597,25.004165063254238,50.85574412345886
-17.252479020667597,25.004165063254238,50.85574412345886
-17.252479020667597,25.004165063254238,50.85574412345886
-17.252479020667597,25.004165063254238,50.85574412345886
-17.252479020667597,25.004165063254238,50.85574412345886
-17.252479020667597,25.004165063254238,50.85574412345886
-17.140338824914412,24.983731728062246,50.85574412345886
-17.140338824914412,24.983731728062246,50.85574412345886
-17.140338824914412,24.983731728062246,50.85574412345886
-17.140338824914412,24.983731728062246,50.85574412345886
-17.140338824914412,24.983731728062246,50.85574412345886
-17.140338824914412,24.983731728062246,50.85574412345886
-16.920238033609245,24.964978272943586,50.85574412345886
-16.920238033609245,24.964978272943586,50.85574412345886
-16.920238033609245,24.964978272943586,50.85574412345886
-16.920238033609245,24.964978272943586,50.85574412345886
-16.920238033609245,24.964978272943586,50.85574412345886
-16.920238033609245,24.964978272943586,50.85574412345886
-16.76871724320128,24.955768878942106,50.85574412345886
-16.76871724320128,24.955768878942106,50.85574412345886
-16.76871724320128,24.955768878942106,50.85574412345886
-16.76871724320128,24.955768878942106,50.85574412345886
-16.76871724320128,24.955768878942106,50.85574412345886
-16.76871724320128,24.955768878942106,50.85574412345886
-16.76871724320128,24.955768878942106,50.85574412345886
-16.466253007328177,24.939114887700203,50.85574412345886
-16.466253007328177,24.939114887700203,50.85574412345886
-16.466253007328177,24.939114887700203,50.85574412345886
-16.466253007328177,24.939114887700203,50.85574412345886
-16.466253007328177,24.939114887700203,50.85574412345886
-16.233419437300505,24.92209163563535,50.85574412345886
-16.233419437300505,24.92209163563535,50.85574412345886
-16.233419437300505,24.92209163563535,50.85574412345886
-16.233419437300505,24.92209163563535,50.85574412345886
-16.233419437300505,24.92209163563535,50.85574412345886
-16.233419437300505,24.92209163563535,50.85574412345886
-16.233419437300505,24.92209163563535,50.85574412345886
-15.94786610352846,24.90482178424874,50.85574412345886
-15.94786610352846,24.90482178424874,50.85574412345886
-15.94786610352846,24.90482178424874,50.85574412345886
-15.94786610352846,24.90482178424874,50.85574412345886
-15.94786610352846,24.90482178424874,50.85574412345886
-15.94786610352846,24.90482178424874,50.85574412345886
-15.808503878672065,24.892296460072775,50.85574412345886
-15.808503878672065,24.892296460072775,50.85574412345886
-15.808503878672065,24.892296460072775,50.85574412345886
-15.808503878672065,24.892296460072775,50.85574412345886
-15.808503878672065,24.892296460072775,50.85574412345886
-15.808503878672065,24.892296460072775,50.85574412345886
-15.599687878615065,24.87311910039152,50.85574412345886
-15.599687878615065,24.87311910039152,50.85574412345886
-15.599687878615065,24.87311910039152,50.85574412345886
-15.599687878615065,24.87311910039152,50.85574412345886
-15.599687878615065,24.87311910039152,50.85574412345886
-15.599687878615065,24.87311910039152,50.85574412345886
-15.481207077646143,24.86543748117062,50.85574412345886
-15.481207077646143,24.86543748117062,50.85574412345886
-15.481207077646143,24.86543748117062,50.85574412345886
-15.481207077646143,24.86543748117062,50.85574412345886
-15.481207077646143,24.86543748117062,50.85574412345886
-15.481207077646143,24.86543748117062,50.85574412345886
-15.481207077646143,24.86543748117062,50.85574412345886
-15.481207077646143,24.86543748117062,50.85574412345886
-15.481207077646143,24.86543748117062,50.85574412345886
-15.227972960175071,24.853105409181307,50.85574412345886
-15.227972960175071,24.853105409181307,50.85574412345886
-15.227972960175071,24.853105409181307,50.85574412345886
-15.227972960175071,24.853105409181307,50.85574412345886
-15.227972960175071,24.853105409181307,50.85574412345886
-15.227972960175071,24.853105409181307,50.85574412345886
-15.011246443144007,24.830553859056245,50.85574412345886
-15.011246443144007,24.830553859056245,50.85574412345886
-15.011246443144007,24.830553859056245,50.85574412345886
-15.011246443144007,24.830553859056245,50.85574412345886
-15.011246443144007,24.830553859056245,50.85574412345886
-15.011246443144007,24.830553859056245,50.85574412345886
-15.011246443144007,24.830553859056245,50.85574412345886
-14.741155694655431,24.825741612643,50.85574412345886
-14.741155694655431,24.825741612643,50.85574412345886
-14.741155694655431,24.825741612643,50.85574412345886
-14.741155694655431,24.825741612643,50.85574412345886
-14.741155694655431,24.825741612643,50.85574412345886
-14.741155694655431,24.825741612643,50.85574412345886
-14.741155694655431,24.825741612643,50.85574412345886
-14.589233890164028,24.8176351370569,50.85574412345886
-14.589233890164028,24.8176351370569,50.85574412345886
-14.589233890164028,24.8176351370569,50.85574412345886
-14.589233890164028,24.8176351370569,50.85574412345886
-14.589233890164028,24.8176351370569,50.85574412345886
-14.589233890164028,24.8176351370569,50.85574412345886
-14.589233890164028,24.8176351370569,50.85574412345886
-14.406069752078821,24.814089063138816,50.85574412345886
-14.406069752078821,24.814089063138816,50.85574412345886
-14.406069752078821,24.814089063138816,50.85574412345886
-14.406069752078821,24.814089063138816,50.85574412345886
-14.406069752078821,24.814089063138816,50.85574412345886
-14.406069752078821,24.814089063138816,50.85574412345886
-14.119154990430026,24.81721587881901,50.85574412345886
-14.119154990430026,24.81721587881901,50.85574412345886
-14.119154990430026,24.81721587881901,50.85574412345886
-14.119154990430026,24.81721587881901,50.85574412345886
-14.119154990430026,24.81721587881901,50.85574412345886
-14.119154990430026,24.81721587881901,50.85574412345886
-13.940510049458652,24.822268654596495,50.85574412345886
-13.940510049458652,24.822268654596495,50.85574412345886
-13.940510049458652,24.822268654596495,50.85574412345886
-13.940510049458652,24.822268654596495,50.85574412345886
-13.940510049458652,24.822268654596495,50.85574412345886
-13.940510049458652,24.822268654596495,50.85574412345886
-13.940510049458652,24.822268654596495,50.85574412345886
-13.708760981797775,24.821784500179923,50.85574412345886
-13.708760981797775,24.821784500179923,50.85574412345886
-13.708760981797775,24.821784500179923,50.85574412345886
-13.708760981797775,24.821784500179923,50.85574412345886
-13.708760981797775,24.821784500179923,50.85574412345886
-13.708760981797775,24.821784500179923,50.85574412345886
-13.708760981797775,24.821784500179923,50.85574412345886
-13.483584655782279,24.843850696219416,50.85574412345886
-13.483584655782279,24.843850696219416,50.85574412345886
-13.483584655782279,24.843850696219416,50.85574412345886
-13.483584655782279,24.843850696219416,50.85574412345886
-13.483584655782279,24.843850696219416,50.85574412345886
-13.483584655782279,24.843850696219416,50.85574412345886
-13.483584655782279,24.843850696219416,50.85574412345886
-13.377509578886885,24.85498999257859,50.85574412345886
-13.377509578886885,24.85498999257859,50.85574412345886
-13.377509578886885,24.85498999257859,50.85574412345886
-13.377509578886885,24.85498999257859,50.85574412345886
-13.377509578886885,24.85498999257859,50.85574412345886
-13.127301815512723,24.872114031557473,50.85574412345886
-13.127301815512723,24.872114031557473,50.85574412345886
-13.127301815512723,24.872114031557473,50.85574412345886
-13.127301815512723,24.872114031557473,50.85574412345886
-13.127301815512723,24.872114031557473,50.85574412345886
-13.127301815512723,24.872114031557473,50.85574412345886
-13.127301815512723,24.872114031557473,50.85574412345886
-12.853907580523149,24.895242890296824,50.85574412345886
-12.853907580523149,24.895242890296824,50.85574412345886
-12.853907580523149,24.895242890296824,50.85574412345886
-12.853907580523149,24.895242890296824,50.85574412345886
-12.853907580523149,24.895242890296824,50.85574412345886
-12.853907580523149,24.895242890296824,50.85574412345886
-12.623088126934418,24.90669900897459,50.85574412345886
-12.623088126934418,24.90669900897459,50.85574412345886
-12.623088126934418,24.90669900897459,50.85574412345886
-12.623088126934418,24.90669900897459,50.85574412345886
-12.623088126934418,24.90669900897459,50.85574412345886
-12.623088126934418,24.90669900897459,50.85574412345886
-12.623088126934418,24.90669900897459,50.85574412345886
-12.349141441344145,24.926069288025154,50.85574412345886
-12.349141441344145,24.926069288025154,50.85574412345886
-12.349141441344145,24.926069288025154,50.85574412345886
-12.349141441344145,24.926069288025154,50.85574412345886
-12.349141441344145,24.926069288025154,50.85574412345886
-12.349141441344145,24.926069288025154,50.85574412345886
-12.123211562657593,24.941194236353034,50.85574412345886
-12.123211562657593,24.941194236353034,50.85574412345886
-12.123211562657593,24.941194236353034,50.85574412345886
-12.123211562657593,24.941194236353034,50.85574412345886
-12.123211562657593,24.941194236353034,50.85574412345886
-12.123211562657593,24.941194236353034,50.85574412345886
-12.000387260319192,24.955448826004318,50.85574412345886
-12.000387260319192,24.955448826004318,50.85574412345886
-12.000387260319192,24.955448826004318,50.85574412345886
-12.000387260319192,24.955448826004318,50.85574412345886
-12.000387260319192,24.955448826004318,50.85574412345886
-12.000387260319192,24.955448826004318,50.85574412345886
-11.846941915259608,24.965219350184952,50.85574412345886
-11.846941915259608,24.965219350184952,50.85574412345886
-11.846941915259608,24.965219350184952,50.85574412345886
-11.846941915259608,24.965219350184952,50.85574412345886
-11.846941915259608,24.965219350184952,50.85574412345886
-11.846941915259608,24.965219350184952,50.85574412345886
-11.614903014069169,24.982237312793,50.85574412345886
-11.614903014069169,24.982237312793,50.85574412345886
-11.614903014069169,24.982237312793,50.85574412345886
-11.614903014069169,24.982237312793,50.85574412345886
-11.614903014069169,24.982237312793,50.85574412345886
-11.614903014069169,24.982237312793,50.85574412345886
-11.51650469985107,25.00082865420236,50.85574412345886
-11.51650469985107,25.00082865420236,50.85574412345886
-11.51650469985107,25.00082865420236,50.85574412345886
-11.51650469985107,25.00082865420236,50.85574412345886
-11.51650469985107,25.00082865420236,50.85574412345886
-11.51650469985107,25.00082865420236,50.85574412345886
-11.51650469985107,25.00082865420236,50.85574412345886
-11.51650469985107,25.00082865420236,50.85574412345886
-11.51650469985107,25.00082865420236,50.85574412345886
-11.240184770531412,25.005995194508728,50.85574412345886
-11.240184770531412,25.005995194508728,50.85574412345886
-11.240184770531412,25.005995194508728,50.85574412345886
-11.240184770531412,25.005995194508728,50.85574412345886
-11.240184770531412,25.005995194508728,50.85574412345886
-11.240184770531412,25.005995194508728,50.85574412345886
-10.945604149151968,25.018394319111852,50.85574412345886
-10.945604149151968,25.018394319111852,50.85574412345886
-10.945604149151968,25.018394319111852,50.85574412345886
-10.945604149151968,25.018394319111852,50.85574412345886
-10.945604149151968,25.018394319111852,50.85574412345886
-10.945604149151968,25.018394319111852,50.85574412345886
-10.778498369724812,25.020358318148435,50.85574412345886
-10.778498369724812,25.020358318148435,50.85574412345886
-10.778498369724812,25.020358318148435,50.85574412345886
-10.778498369724812,25.020358318148435,50.85574412345886
-10.778498369724812,25.020358318148435,50.85574412345886
-10.778498369724812,25.020358318148435,50.85574412345886
-10.535721812412794,25.02761371540491,50.85574412345886
-10.535721812412794,25.02761371540491,50.85574412345886
-10.535721812412794,25.02761371540491,50.85574412345886
-10.535721812412794,25.02761371540491,50.85574412345886
-10.535721812412794,25.02761371540491,50.85574412345886
-10.535721812412794,25.02761371540491,50.85574412345886
-10.535721812412794,25.02761371540491,50.85574412345886
-10.401389159800788,25.029221217574168,50.85574412345886
-10.401389159800788,25.029221217574168,50.85574412345886
-10.401389159800788,25.029221217574168,50.85574412345886
-10.401389159800788,25.029221217574168,50.85574412345886
-10.401389159800788,25.029221217574168,50.85574412345886
-10.401389159800788,25.029221217574168,50.85574412345886
-10.401389159800788,25.029221217574168,50.85574412345886
-10.14359175706151,25.03158260759708,50.85574412345886
-10.14359175706151,25.03158260759708,50.85574412345886
-10.14359175706151,25.03158260759708,50.85574412345886
-10.14359175706151,25.03158260759708,50.85574412345886
-10.14359175706151,25.03158260759708,50.85574412345886
-9.918315232637806,25.03325287806499,50.85574412345886
-9.918315232637806,25.03325287806499,50.85574412345886
-9.918315232637806,25.03325287806499,50.85574412345886
-9.918315232637806,25.03325287806499,50.85574412345886
-9.918315232637806,25.03325287806499,50.85574412345886
-9.918315232637806,25.03325287806499,50.85574412345886
-9.81705708655684,25.034624695923892,50.85574412345886
-9.81705708655684,25.034624695923892,50.85574412345886
-9.81705708655684,25.034624695923892,50.85574412345886
-9.81705708655684,25.034624695923892,50.85574412345886
-9.81705708655684,25.034624695923892,50.85574412345886
-9.61700977152315,25.030894563590493,50.85574412345886
-9.61700977152315,25.030894563590493,50.85574412345886
-9.61700977152315,25.030894563590493,50.85574412345886
-9.61700977152315,25.030894563590493,50.85574412345886
-9.61700977152315,25.030894563590493,50.85574412345886
-9.469060841234281,25.034167968347464,50.85574412345886
-9.469060841234281,25.034167968347464,50.85574412345886
-9.469060841234281,25.034167968347464,50.85574412345886
-9.469060841234281,25.034167968347464,50.85574412345886
-9.469060841234281,25.034167968347464,50.85574412345886
-9.302487883460373,25.031286435855304,50.85574412345886
-9.302487883460373,25.031286435855304,50.85574412345886
-9.302487883460373,25.031286435855304,50.85574412345886
-9.302487883460373,25.031286435855304,50.85574412345886
-9.302487883460373,25.031286435855304,50.85574412345886
-9.1800287584596,25.027975490862243,50.85574412345886
-9.1800287584596,25.027975490862243,50.85574412345886
-9.1800287584596,25.027975490862243,50.85574412345886
-9.1800287584596,25.027975490862243,50.85574412345886
-9.1800287584596,25.027975490862243,50.85574412345886
-9.1800287584596,25.027975490862243,50.85574412345886
-8.983540658812137,25.01900440028254,50.85574412345886
-8.983540658812137,25.01900440028254,50.85574412345886
-8.983540658812137,25.01900440028254,50.85574412345886
-8.983540658812137,25.01900440028254,50.85574412345886
-8.983540658812137,25.01900440028254,50.85574412345886
-8.75016080591654,25.0136514714504,50.85574412345886
-8.75016080591654,25.0136514714504,50.85574412345886
-8.75016080591654,25.0136514714504,50.85574412345886
-8.75016080591654,25.0136514714504,50.85574412345886
-8.75016080591654,25.0136514714504,50.85574412345886
-8.75016080591654,25.0136514714504,50.85574412345886
-8.438373876122942,25.006484348892744,50.85574412345886
-8.438373876122942,25.006484348892744,50.85574412345886
-8.438373876122942,25.006484348892744,50.85574412345886
-8.438373876122942,25.006484348892744,50.85574412345886
-8.438373876122942,25.006484348892744,50.85574412345886
-8.293275407910988,25.00542878573877,50.85574412345886
-8.293275407910988,25.00542878573877,50.85574412345886
-8.293275407910988,25.00542878573877,50.85574412345886
-8.293275407910988,25.00542878573877,50.85574412345886
-8.293275407910988,25.00542878573877,50.85574412345886
-8.293275407910988,25.00542878573877,50.85574412345886
-8.163186781649719,25.001009271515443,50.85574412345886
-8.163186781649719,25.001009271515443,50.85574412345886
-8.163186781649719,25.001009271515443,50.85574412345886
-8.163186781649719,25.001009271515443,50.85574412345886
-8.163186781649719,25.001009271515443,50.85574412345886
-8.015229122992043,24.998363846689212,50.85574412345886
-8.015229122992043,24.998363846689212,50.85574412345886
-8.015229122992043,24.998363846689212,50.85574412345886
-8.015229122992043,24.998363846689212,50.85574412345886
-8.015229122992043,24.998363846689212,50.85574412345886
-8.015229122992043,24.998363846689212,50.85574412345886
-8.015229122992043,24.998363846689212,50.85574412345886
-8.015229122992043,24.998363846689212,50.85574412345886
-7.81200289210598,25.004794271856955,50.85574412345886
-7.81200289210598,25.004794271856955,50.85574412345886
-7.81200289210598,25.004794271856955,50.85574412345886
-7.81200289210598,25.004794271856955,50.85574412345886
-7.81200289210598,25.004794271856955,50.85574412345886
-7.81200289210598,25.004794271856955,50.85574412345886
-7.690146778093369,24.997018775594583,50.85574412345886
-7.690146778093369,24.997018775594583,50.85574412345886
-7.690146778093369,24.997018775594583,50.85574412345886
-7.690146778093369,24.997018775594583,50.85574412345886
-7.690146778093369,24.997018775594583,50.85574412345886
-7.496113365037221,24.99559294678348,50.85574412345886
-7.496113365037221,24.99559294678348,50.85574412345886
-7.496113365037221,24.99559294678348,50.85574412345886
-7.496113365037221,24.99559294678348,50.85574412345886
-7.496113365037221,24.99559294678348,50.85574412345886
-7.496113365037221,24.99559294678348,50.85574412345886
-7.351829683329842,24.985651273214074,50.85574412345886
-7.351829683329842,24.985651273214074,50.85574412345886
-7.351829683329842,24.985651273214074,50.85574412345886
-7.351829683329842,24.985651273214074,50.85574412345886
-7.351829683329842,24.985651273214074,50.85574412345886
-7.351829683329842,24.985651273214074,50.85574412345886
-7.148332618546212,24.974771905978653,50.85574412345886
-7.148332618546212,24.974771905978653,50.85574412345886
-7.148332618546212,24.974771905978653,50.85574412345886
-7.148332618546212,24.974771905978653,50.85574412345886
-7.148332618546212,24.974771905978653,50.85574412345886
-7.148332618546212,24.974771905978653,50.85574412345886
-7.148332618546212,24.974771905978653,50.85574412345886
-6.937904273683798,24.97318972150068,50.85574412345886
-6.937904273683798,24.97318972150068,50.85574412345886
-6.937904273683798,24.97318972150068,50.85574412345886
-6.937904273683798,24.97318972150068,50.85574412345886
-6.937904273683798,24.97318972150068,50.85574412345886
-6.625957221787554,24.97512829529198,50.85574412345886
-6.625957221787554,24.97512829529198,50.85574412345886
-6.625957221787554,24.97512829529198,50.85574412345886
-6.625957221787554,24.97512829529198,50.85574412345886
-6.625957221787554,24.97512829529198,50.85574412345886
-6.625957221787554,24.97512829529198,50.85574412345886
-6.625957221787554,24.97512829529198,50.85574412345886
-6.451560335393334,24.985216459508276,50.85574412345886
-6.451560335393334,24.985216459508276,50.85574412345886
-6.451560335393334,24.985216459508276,50.85574412345886
-6.451560335393334,24.985216459508276,50.85574412345886
-6.451560335393334,24.985216459508276,50.85574412345886
-6.451560335393334,24.985216459508276,50.85574412345886
-6.451560335393334,24.985216459508276,50.85574412345886
-6.264099219231565,24.981201307868247,50.85574412345886
-6.264099219231565,24.981201307868247,50.85574412345886
-6.264099219231565,24.981201307868247,50.85574412345886
-6.264099219231565,24.981201307868247,50.85574412345886
-6.264099219231565,24.981201307868247,50.85574412345886
-6.264099219231565,24.981201307868247,50.85574412345886
-6.264099219231565,24.981201307868247,50.85574412345886
-6.001706818730779,24.980753017147034,50.85574412345886
-6.001706818730779,24.980753017147034,50.85574412345886
-6.001706818730779,24.980753017147034,50.85574412345886
-6.001706818730779,24.980753017147034,50.85574412345886
-6.001706818730779,24.980753017147034,50.85574412345886
-5.766856729638729,24.968828331480765,50.85574412345886
-5.766856729638729,24.968828331480765,50.85574412345886
-5.766856729638729,24.968828331480765,50.85574412345886
-5.766856729638729,24.968828331480765,50.85574412345886
-5.766856729638729,24.968828331480765,50.85574412345886
-5.766856729638729,24.968828331480765,50.85574412345886
-5.766856729638729,24.968828331480765,50.85574412345886
-5.64433142722534,24.973822603044063,50.85574412345886
-5.64433142722534,24.973822603044063,50.85574412345886
-5.64433142722534,24.973822603044063,50.85574412345886
-5.64433142722534,24.973822603044063,50.85574412345886
-5.64433142722534,24.973822603044063,50.85574412345886
-5.64433142722534,24.973822603044063,50.85574412345886
-5.442827248823471,24.974962235438465,50.85574412345886
-5.442827248823471,24.974962235438465,50.85574412345886
-5.442827248823471,24.974962235438465,50.85574412345886
-5.442827248823471,24.974962235438465,50.85574412345886
-5.442827248823471,24.974962235438465,50.85574412345886
-5.3114278438821865,24.972674021181255,50.85574412345886
-5.3114278438821865,24.972674021181255,50.85574412345886
-5.3114278438821865,24.972674021181255,50.85574412345886
-5.3114278438821865,24.972674021181255,50.85574412345886
-5.3114278438821865,24.972674021181255,50.85574412345886
-5.3114278438821865,24.972674021181255,50.85574412345886
-5.3114278438821865,24.972674021181255,50.85574412345886
-5.187934550942331,24.969487360335116,50.85574412345886
-5.187934550942331,24.969487360335116,50.85574412345886
-5.187934550942331,24.969487360335116,50.85574412345886
-5.187934550942331,24.969487360335116,50.85574412345886
-5.187934550942331,24.969487360335116,50.85574412345886
-5.187934550942331,24.969487360335116,50.85574412345886
-5.187934550942331,24.969487360335116,50.85574412345886
-4.989860513907107,24.971138456085587,50.85574412345886
-4.989860513907107,24.971138456085587,50.85574412345886
-4.989860513907107,24.971138456085587,50.85574412345886
-4.989860513907107,24.971138456085587,50.85574412345886
-4.989860513907107,24.971138456085587,50.85574412345886
-4.989860513907107,24.971138456085587,50.85574412345886
-4.989860513907107,24.971138456085587,50.85574412345886
-4.989860513907107,24.971138456085587,50.85574412345886
-4.760635756804807,24.96995046497387,50.85574412345886
-4.760635756804807,24.96995046497387,50.85574412345886
-4.760635756804807,24.96995046497387,50.85574412345886
-4.760635756804807,24.96995046497387,50.85574412345886
-4.760635756804807,24.96995046497387,50.85574412345886
-4.760635756804807,24.96995046497387,50.85574412345886
-4.760635756804807,24.96995046497387,50.85574412345886
-4.554214633073458,24.963283078773348,50.85574412345886
-4.554214633073458,24.963283078773348,50.85574412345886
-4.554214633073458,24.963283078773348,50.85574412345886
-4.554214633073458,24.963283078773348,50.85574412345886
-4.554214633073458,24.963283078773348,50.85574412345886
-4.554214633073458,24.963283078773348,50.85574412345886
-4.272481768740756,24.962398539486433,50.85574412345886
-4.272481768740756,24.962398539486433,50.85574412345886
-4.272481768740756,24.962398539486433,50.85574412345886
-4.272481768740756,24.962398539486433,50.85574412345886
-4.272481768740756,24.962398539486433,50.85574412345886
-4.272481768740756,24.962398539486433,50.85574412345886
-4.102674501985118,24.96029754919977,50.85574412345886
-4.102674501985118,24.96029754919977,50.85574412345886
-4.102674501985118,24.96029754919977,50.85574412345886
-4.102674501985118,24.96029754919977,50.85574412345886
-4.102674501985118,24.96029754919977,50.85574412345886
-4.102674501985118,24.96029754919977,50.85574412345886
-3.9377877506214607,24.958826831508343,50.85574412345886
-3.9377877506214607,24.958826831508343,50.85574412345886
-3.9377877506214607,24.958826831508343,50.85574412345886
-3.9377877506214607,24.958826831508343,50.85574412345886
-3.9377877506214607,24.958826831508343,50.85574412345886
-3.9377877506214607,24.958826831508343,50.85574412345886
-3.9377877506214607,24.958826831508343,50.85574412345886
-3.8390006763015414,24.956864036350204,50.85574412345886
-3.8390006763015414,24.956864036350204,50.85574412345886
-3.8390006763015414,24.956864036350204,50.85574412345886
-3.8390006763015414,24.956864036350204,50.85574412345886
-3.8390006763015414,24.956864036350204,50.85574412345886
-3.8390006763015414,24.956864036350204,50.85574412345886
-3.6489157540749946,24.95581030511591,50.85574412345886
-3.6489157540749946,24.95581030511591,50.85574412345886
-3.6489157540749946,24.95581030511591,50.85574412345886
-3.6489157540749946,24.95581030511591,50.85574412345886
-3.6489157540749946,24.95581030511591,50.85574412345886
-3.6489157540749946,24.95581030511591,50.85574412345886
-3.565327341637239,24.955485439736,50.85574412345886
-3.565327341637239,24.955485439736,50.85574412345886
-3.565327341637239,24.955485439736,50.85574412345886
-3.565327341637239,24.955485439736,50.85574412345886
-3.565327341637239,24.955485439736,50.85574412345886
-3.565327341637239,24.955485439736,50.85574412345886
-3.565327341637239,24.955485439736,50.85574412345886
-3.3642603348221005,24.960894593982736,50.85574412345886
-3.3642603348221005,24.960894593982736,50.85574412345886
-3.3642603348221005,24.960894593982736,50.85574412345886
-3.3642603348221005,24.960894593982736,50.85574412345886
-3.3642603348221005,24.960894593982736,50.85574412345886
-3.3642603348221005,24.960894593982736,50.85574412345886
-3.2571272520564554,24.968292352909902,50.85574412345886
-3.2571272520564554,24.968292352909902,50.85574412345886
-3.2571272520564554,24.968292352909902,50.85574412345886
-3.2571272520564554,24.968292352909902,50.85574412345886
-3.2571272520564554,24.968292352909902,50.85574412345886
-3.2571272520564554,24.968292352909902,50.85574412345886
-3.057878197619078,24.981962286700544,50.85574412345886
-3.057878197619078,24.981962286700544,50.85574412345886
-3.057878197619078,24.981962286700544,50.85574412345886
-3.057878197619078,24.981962286700544,50.85574412345886
-3.057878197619078,24.981962286700544,50.85574412345886
-3.057878197619078,24.981962286700544,50.85574412345886
-2.9907011620136417,24.977213830324974,50.85574412345886
-2.9907011620136417,24.977213830324974,50.85574412345886
-2.9907011620136417,24.977213830324974,50.85574412345886
-2.9907011620136417,24.977213830324974,50.85574412345886
-2.9907011620136417,24.977213830324974,50.85574412345886
-2.9907011620136417,24.977213830324974,50.85574412345886
-2.8502442059859416,24.98320866149577,50.85574412345886
-2.8502442059859416,24.98320866149577,50.85574412345886
-2.8502442059859416,24.98320866149577,50.85574412345886
-2.8502442059859416,24.98320866149577,50.85574412345886
-2.8502442059859416,24.98320866149577,50.85574412345886
-2.642410934002544,24.990047580599796,50.85574412345886
-2.642410934002544,24.990047580599796,50.85574412345886
-2.642410934002544,24.990047580599796,50.85574412345886
-2.642410934002544,24.990047580599796,50.85574412345886
-2.642410934002544,24.990047580599796,50.85574412345886
-2.642410934002544,24.990047580599796,50.85574412345886
-2.5152393412928196,24.997375032455057,50.85574412345886
-2.5152393412928196,24.997375032455057,50.85574412345886
-2.5152393412928196,24.997375032455057,50.85574412345886
-2.5152393412928196,24.997375032455057,50.85574412345886
-2.5152393412928196,24.997375032455057,50.85574412345886
-2.5152393412928196,24.997375032455057,50.85574412345886
-2.3763119578941807,25.00548722508949,50.85574412345886
-2.3763119578941807,25.00548722508949,50.85574412345886
-2.3763119578941807,25.00548722508949,50.85574412345886
-2.3763119578941807,25.00548722508949,50.85574412345886
-2.3763119578941807,25.00548722508949,50.85574412345886
-2.3763119578941807,25.00548722508949,50.85574412345886
-2.2175205390962667,25.01018463209015,50.85574412345886
-2.2175205390962667,25.01018463209015,50.85574412345886
-2.2175205390962667,25.01018463209015,50.85574412345886
-2.2175205390962667,25.01018463209015,50.85574412345886
-2.2175205390962667,25.01018463209015,50.85574412345886
-2.2175205390962667,25.01018463209015,50.85574412345886
-2.041646897610484,25.02039719953429,50.85574412345886
-2.041646897610484,25.02039719953429,50.85574412345886
-2.041646897610484,25.02039719953429,50.85574412345886
-2.041646897610484,25.02039719953429,50.85574412345886
-2.041646897610484,25.02039719953429,50.85574412345886
-1.875847591574422,25.029952347145286,50.85574412345886
-1.875847591574422,25.029952347145286,50.85574412345886
-1.875847591574422,25.029952347145286,50.85574412345886
-1.875847591574422,25.029952347145286,50.85574412345886
-1.875847591574422,25.029952347145286,50.85574412345886
-1.875847591574422,25.029952347145286,50.85574412345886
-1.597876154756494,25.04364559263555,50.85574412345886
-1.597876154756494,25.04364559263555,50.85574412345886
-1.597876154756494,25.04364559263555,50.85574412345886
-1.597876154756494,25.04364559263555,50.85574412345886
-1.597876154756494,25.04364559263555,50.85574412345886
-1.4734855382098726,25.062715558061797,50.85574412345886
-1.4734855382098726,25.062715558061797,50.85574412345886
-1.4734855382098726,25.062715558061797,50.85574412345886
-1.4734855382098726,25.062715558061797,50.85574412345886
-1.4734855382098726,25.062715558061797,50.85574412345886
-1.4734855382098726,25.062715558061797,50.85574412345886
-1.2985712280346553,25.073212854056127,50.85574412345886
-1.2985712280346553,25.073212854056127,50.85574412345886
-1.2985712280346553,25.073212854056127,50.85574412345886
-1.2985712280346553,25.073212854056127,50.85574412345886
-1.2985712280346553,25.073212854056127,50.85574412345886
-1.0956280545134773,25.08104523454312,50.85574412345886
-1.0956280545134773,25.08104523454312,50.85574412345886
-1.0956280545134773,25.08104523454312,50.85574412345886
-1.0956280545134773,25.08104523454312,50.85574412345886
-1.0956280545134773,25.08104523454312,50.85574412345886
-0.9316262341928685,25.079059161322913,50.85574412345886
-0.9316262341928685,25.079059161322913,50.85574412345886
-0.9316262341928685,25.079059161322913,50.85574412345886
-0.9316262341928685,25.079059161322913,50.85574412345886
-0.9316262341928685,25.079059161322913,50.85574412345886
-0.9316262341928685,25.079059161322913,50.85574412345886
-0.6640385092440527,25.091619556644986,50.85574412345886
-0.6640385092440527,25.091619556644986,50.85574412345886
-0.6640385092440527,25.091619556644986,50.85574412345886
-0.6640385092440527,25.091619556644986,50.85574412345886
-0.6640385092440527,25.091619556644986,50.85574412345886
-0.5409090845084596,25.09685549576943,50.85574412345886
-0.5409090845084596,25.09685549576943,50.85574412345886
-0.5409090845084596,25.09685549576943,50.85574412345886
-0.5409090845084596,25.09685549576943,50.85574412345886
-0.5409090845084596,25.09685549576943,50.85574412345886
-0.5409090845084596,25.09685549576943,50.85574412345886
-0.34646640599610506,25.104526941837236,50.85574412345886
-0.34646640599610506,25.104526941837236,50.85574412345886
-0.34646640599610506,25.104526941837236,50.85574412345886
-0.34646640599610506,25.104526941837236,50.85574412345886
-0.34646640599610506,25.104526941837236,50.85574412345886
-0.34646640599610506,25.104526941837236,50.85574412345886
-0.28902391071290434,25.10720407541542,50.85574412345886
-0.28902391071290434,25.10720407541542,50.85574412345886
-0.28902391071290434,25.10720407541542,50.85574412345886
-0.28902391071290434,25.10720407541542,50.85574412345886
-0.28902391071290434,25.10720407541542,50.85574412345886
-0.28902391071290434,25.10720407541542,50.85574412345886
-0.12202361111456396,25.108584787895836,50.85574412345886
-0.12202361111456396,25.108584787895836,50.85574412345886
-0.12202361111456396,25.108584787895836,50.85574412345886
-0.12202361111456396,25.108584787895836,50.85574412345886
-0.12202361111456396,25.108584787895836,50.85574412345886
0.06823186899557904,25.114969847890897,50.85574412345886
0.06823186899557904,25.114969847890897,50.85574412345886
0.06823186899557904,25.114969847890897,50.85574412345886
0.06823186899557904,25.114969847890897,50.85574412345886
0.06823186899557904,25.114969847890897,50.85574412345886
0.06823186899557904,25.114969847890897,50.85574412345886
0.20144435234337793,25.119842146144006,50.85574412345886
0.20144435234337793,25.119842146144006,50.85574412345886
0.20144435234337793,25.119842146144006,50.85574412345886
0.20144435234337793,25.119842146144006,50.85574412345886
0.20144435234337793,25.119842146144006,50.85574412345886
0.31670772216430526,25.117575946044987,50.85574412345886
0.31670772216430526,25.117575946044987,50.85574412345886
0.31670772216430526,25.117575946044987,50.85574412345886
0.31670772216430526,25.117575946044987,50.85574412345886
0.31670772216430526,25.117575946044987,50.85574412345886
0.31670772216430526,25.117575946044987,50.85574412345886
0.4053548998549928,25.119511588224558,50.85574412345886
0.4053548998549928,25.119511588224558,50.85574412345886
0.4053548998549928,25.119511588224558,50.85574412345886
0.4053548998549928,25.119511588224558,50.85574412345886
0.4053548998549928,25.119511588224558,50.85574412345886
0.4053548998549928,25.119511588224558,50.85574412345886
0.4788384168440478,25.126686271299334,50.85574412345886
0.4788384168440478,25.126686271299334,50.85574412345886
0.4788384168440478,25.126686271299334,50.85574412345886
0.4788384168440478,25.126686271299334,50.85574412345886
0.4788384168440478,25.126686271299334,50.85574412345886
0.5707179137136091,25.129731378540868,50.85574412345886
0.5707179137136091,25.129731378540868,50.85574412345886
0.5707179137136091,25.129731378540868,50.85574412345886
0.5707179137136091,25.129731378540868,50.85574412345886
0.5707179137136091,25.129731378540868,50.85574412345886
0.5707179137136091,25.129731378540868,50.85574412345886
0.7689417399784857,25.138207089171175,50.85574412345886
0.7689417399784857,25.138207089171175,50.85574412345886
0.7689417399784857,25.138207089171175,50.85574412345886
0.7689417399784857,25.138207089171175,50.85574412345886
0.7689417399784857,25.138207089171175,50.85574412345886
0.9048783681331072,25.144704906634082,50.85574412345886
0.9048783681331072,25.144704906634082,50.85574412345886
0.9048783681331072,25.144704906634082,50.85574412345886
0.9048783681331072,25.144704906634082,50.85574412345886
0.9048783681331072,25.144704906634082,50.85574412345886
0.9048783681331072,25.144704906634082,50.85574412345886
1.1279505275543378,25.166090111967954,50.85574412345886
1.1279505275543378,25.166090111967954,50.85574412345886
1.1279505275543378,25.166090111967954,50.85574412345886
1.1279505275543378,25.166090111967954,50.85574412345886
1.1279505275543378,25.166090111967954,50.85574412345886
1.1279505275543378,25.166090111967954,50.85574412345886
1.2263227094405935,25.17777148683044,50.85574412345886
1.2263227094405935,25.17777148683044,50.85574412345886
1.2263227094405935,25.17777148683044,50.85574412345886
1.2263227094405935,25.17777148683044,50.85574412345886
1.2263227094405935,25.17777148683044,50.85574412345886
1.3214850421483322,25.17992898320751,50.85574412345886
1.3214850421483322,25.17992898320751,50.85574412345886
1.3214850421483322,25.17992898320751,50.85574412345886
1.3214850421483322,25.17992898320751,50.85574412345886
1.3214850421483322,25.17992898320751,50.85574412345886
1.3214850421483322,25.17992898320751,50.85574412345886
1.4829185359450523,25.188772010816937,50.85574412345886
1.4829185359450523,25.188772010816937,50.85574412345886
1.4829185359450523,25.188772010816937,50.85574412345886
1.4829185359450523,25.188772010816937,50.85574412345886
1.4829185359450523,25.188772010816937,50.85574412345886
1.4829185359450523,25.188772010816937,50.85574412345886
1.576492380874831,25.193928550266943,50.85574412345886
1.576492380874831,25.193928550266943,50.85574412345886
1.576492380874831,25.193928550266943,50.85574412345886
1.576492380874831,25.193928550266943,50.85574412345886
1.576492380874831,25.193928550266943,50.85574412345886
1.6413935793188057,25.197094867163365,50.85574412345886
1.6413935793188057,25.197094867163365,50.85574412345886
1.6413935793188057,25.197094867163365,50.85574412345886
1.6413935793188057,25.197094867163365,50.85574412345886
1.6413935793188057,25.197094867163365,50.85574412345886
1.6413935793188057,25.197094867163365,50.85574412345886
1.7689344036916648,25.195400428964604,50.85574412345886
1.7689344036916648,25.195400428964604,50.85574412345886
1.7689344036916648,25.195400428964604,50.85574412345886
1.7689344036916648,25.195400428964604,50.85574412345886
1.7689344036916648,25.195400428964604,50.85574412345886
1.9097968079201681,25.19362075131136,50.85574412345886
1.9097968079201681,25.19362075131136,50.85574412345886
1.9097968079201681,25.19362075131136,50.85574412345886
1.9097968079201681,25.19362075131136,50.85574412345886
1.9097968079201681,25.19362075131136,50.85574412345886
1.9097968079201681,25.19362075131136,50.85574412345886
2.1479926967887044,25.20082737324902,50.85574412345886
2.1479926967887044,25.20082737324902,50.85574412345886
2.1479926967887044,25.20082737324902,50.85574412345886
2.1479926967887044,25.20082737324902,50.85574412345886
2.1479926967887044,25.20082737324902,50.85574412345886
2.2993847848519997,25.200195755901177,50.85574412345886
2.2993847848519997,25.200195755901177,50.85574412345886
2.2993847848519997,25.200195755901177,50.85574412345886
2.2993847848519997,25.200195755901177,50.85574412345886
2.2993847848519997,25.200195755901177,50.85574412345886
2.2993847848519997,25.200195755901177,50.85574412345886
2.4287051474552888,25.205214524123523,50.85574412345886
2.4287051474552888,25.205214524123523,50.85574412345886
2.4287051474552888,25.205214524123523,50.85574412345886
2.4287051474552888,25.205214524123523,50.85574412345886
2.4287051474552888,25.205214524123523,50.85574412345886
2.4287051474552888,25.205214524123523,50.85574412345886
2.6656934624085338,25.213670491824345,50.85574412345886
2.6656934624085338,25.213670491824345,50.85574412345886
2.6656934624085338,25.213670491824345,50.85574412345886
2.6656934624085338,25.213670491824345,50.85574412345886
2.6656934624085338,25.213670491824345,50.85574412345886
2.6656934624085338,25.213670491824345,50.85574412345886
2.8267175345017046,25.213476232362446,50.85574412345886
2.8267175345017046,25.213476232362446,50.85574412345886
2.8267175345017046,25.213476232362446,50.85574412345886
2.8267175345017046,25.213476232362446,50.85574412345886
2.8267175345017046,25.213476232362446,50.85574412345886
2.9799974200385435,25.215776896830675,50.85574412345886
2.9799974200385435,25.215776896830675,50.85574412345886
2.9799974200385435,25.215776896830675,50.85574412345886
2.9799974200385435,25.215776896830675,50.85574412345886
2.9799974200385435,25.215776896830675,50.85574412345886
2.9799974200385435,25.215776896830675,50.85574412345886
3.115217114891381,25.216969922627772,50.85574412345886
3.115217114891381,25.216969922627772,50.85574412345886
3.115217114891381,25.216969922627772,50.85574412345886
3.115217114891381,25.216969922627772,50.85574412345886
3.115217114891381,25.216969922627772,50.85574412345886
3.115217114891381,25.216969922627772,50.85574412345886
3.115217114891381,25.216969922627772,50.85574412345886
3.115217114891381,25.216969922627772,50.85574412345886
3.312315134169473,25.21638213846446,50.85574412345886
3.312315134169473,25.21638213846446,50.85574412345886
3.312315134169473,25.21638213846446,50.85574412345886
3.312315134169473,25.21638213846446,50.85574412345886
3.312315134169473,25.21638213846446,50.85574412345886
3.312315134169473,25.21638213846446,50.85574412345886
3.516093828163667,25.21893740618572,50.85574412345886
3.516093828163667,25.21893740618572,50.85574412345886
3.516093828163667,25.21893740618572,50.85574412345886
3.516093828163667,25.21893740618572,50.85574412345886
3.516093828163667,25.21893740618572,50.85574412345886
3.655689810669384,25.218849847852503,50.85574412345886
3.655689810669384,25.218849847852503,50.85574412345886
3.655689810669384,25.218849847852503,50.85574412345886
3.655689810669384,25.218849847852503,50.85574412345886
3.655689810669384,25.218849847852503,50.85574412345886
3.655689810669384,25.218849847852503,50.85574412345886
3.7981618907659525,25.215328449811146,50.85574412345886
3.7981618907659525,25.215328449811146,50.85574412345886
3.7981618907659525,25.215328449811146,50.85574412345886
3.7981618907659525,25.215328449811146,50.85574412345886
3.7981618907659525,25.215328449811146,50.85574412345886
3.926055238726379,25.209598172731017,50.85574412345886
3.926055238726379,25.209598172731017,50.85574412345886
3.926055238726379,25.209598172731017,50.85574412345886
3.926055238726379,25.209598172731017,50.85574412345886
3.926055238726379,25.209598172731017,50.85574412345886
3.926055238726379,25.209598172731017,50.85574412345886
4.155898643580575,25.208688197446012,50.85574412345886
4.155898643580575,25.208688197446012,50.85574412345886
4.155898643580575,25.208688197446012,50.85574412345886
4.155898643580575,25.208688197446012,50.85574412345886
4.155898643580575,25.208688197446012,50.85574412345886
4.292819256021309,25.21173779343108,50.85574412345886
4.292819256021309,25.21173779343108,50.85574412345886
4.292819256021309,25.21173779343108,50.85574412345886
4.292819256021309,25.21173779343108,50.85574412345886
4.292819256021309,25.21173779343108,50.85574412345886
4.292819256021309,25.21173779343108,50.85574412345886
4.4069755506215476,25.22166918947982,50.85574412345886
4.4069755506215476,25.22166918947982,50.85574412345886
4.4069755506215476,25.22166918947982,50.85574412345886
4.4069755506215476,25.22166918947982,50.85574412345886
4.4069755506215476,25.22166918947982,50.85574412345886
4.585978028465906,25.221175342058945,50.85574412345886
4.585978028465906,25.221175342058945,50.85574412345886
4.585978028465906,25.221175342058945,50.85574412345886
4.585978028465906,25.221175342058945,50.85574412345886
4.585978028465906,25.221175342058945,50.85574412345886
4.585978028465906,25.221175342058945,50.85574412345886
4.827923095319697,25.224866358675527,50.85574412345886
4.827923095319697,25.224866358675527,50.85574412345886
4.827923095319697,25.224866358675527,50.85574412345886
4.827923095319697,25.224866358675527,50.85574412345886
4.827923095319697,25.224866358675527,50.85574412345886
4.969534143580545,25.23315749049547,50.85574412345886
4.969534143580545,25.23315749049547,50.85574412345886
4.969534143580545,25.23315749049547,50.85574412345886
4.969534143580545,25.23315749049547,50.85574412345886
4.969534143580545,25.23315749049547,50.85574412345886
4.969534143580545,25.23315749049547,50.85574412345886
4.969534143580545,25.23315749049547,50.85574412345886
5.108432327471051,25.238149669020665,50.85574412345886
5.108432327471051,25.238149669020665,50.85574412345886
5.108432327471051,25.238149669020665,50.85574412345886
5.108432327471051,25.238149669020665,50.85574412345886
5.108432327471051,25.238149669020665,50.85574412345886
5.108432327471051,25.238149669020665,50.85574412345886
5.300217085787658,25.24352056327846,50.85574412345886
5.300217085787658,25.24352056327846,50.85574412345886
5.300217085787658,25.24352056327846,50.85574412345886
5.300217085787658,25.24352056327846,50.85574412345886
5.300217085787658,25.24352056327846,50.85574412345886
5.300217085787658,25.24352056327846,50.85574412345886
5.300217085787658,25.24352056327846,50.85574412345886
5.300217085787658,25.24352056327846,50.85574412345886
5.448047819774896,25.24656308378828,50.85574412345886
5.448047819774896,25.24656308378828,50.85574412345886
5.448047819774896,25.24656308378828,50.85574412345886
5.448047819774896,25.24656308378828,50.85574412345886
5.448047819774896,25.24656308378828,50.85574412345886
5.6366553260616445,25.25302218761733,50.85574412345886
5.6366553260616445,25.25302218761733,50.85574412345886
5.6366553260616445,25.25302218761733,50.85574412345886
5.6366553260616445,25.25302218761733,50.85574412345886
5.6366553260616445,25.25302218761733,50.85574412345886
5.6366553260616445,25.25302218761733,50.85574412345886
5.768454689522521,25.25789774368596,50.85574412345886
5.768454689522521,25.25789774368596,50.85574412345886
5.768454689522521,25.25789774368596,50.85574412345886
5.768454689522521,25.25789774368596,50.85574412345886
5.768454689522521,25.25789774368596,50.85574412345886
5.8831494426238455,25.253224912853987,50.85574412345886
5.8831494426238455,25.253224912853987,50.85574412345886
5.8831494426238455,25.253224912853987,50.85574412345886
5.8831494426238455,25.253224912853987,50.85574412345886
5.8831494426238455,25.253224912853987,50.85574412345886
6.064083271562523,25.25763941004881,50.85574412345886
6.064083271562523,25.25763941004881,50.85574412345886
6.064083271562523,25.25763941004881,50.85574412345886
6.064083271562523,25.25763941004881,50.85574412345886
6.064083271562523,25.25763941004881,50.85574412345886
6.064083271562523,25.25763941004881,50.85574412345886
6.327419134111425,25.267094019824402,50.85574412345886
6.327419134111425,25.267094019824402,50.85574412345886
6.327419134111425,25.267094019824402,50.85574412345886
6.327419134111425,25.267094019824402,50.85574412345886
6.327419134111425,25.267094019824402,50.85574412345886
6.499873794233921,25.275096022236433,50.85574412345886
6.499873794233921,25.275096022236433,50.85574412345886
6.499873794233921,25.275096022236433,50.85574412345886
6.499873794233921,25.275096022236433,50.85574412345886
6.499873794233921,25.275096022236433,50.85574412345886
6.666948291255472,25.281004847290518,50.85574412345886
6.666948291255472,25.281004847290518,50.85574412345886
6.666948291255472,25.281004847290518,50.85574412345886
6.666948291255472,25.281004847290518,50.85574412345886
6.666948291255472,25.281004847290518,50.85574412345886
6.666948291255472,25.281004847290518,50.85574412345886
6.7997594088887885,25.28331112426992,50.85574412345886
6.7997594088887885,25.28331112426992,50.85574412345886
6.7997594088887885,25.28331112426992,50.85574412345886
6.7997594088887885,25.28331112426992,50.85574412345886
6.7997594088887885,25.28331112426992,50.85574412345886
6.7997594088887885,25.28331112426992,50.85574412345886
6.92538533381654,25.283781394218607,50.85574412345886
6.92538533381654,25.283781394218607,50.85574412345886
6.92538533381654,25.283781394218607,50.85574412345886
6.92538533381654,25.283781394218607,50.85574412345886
6.92538533381654,25.283781394218607,50.85574412345886
7.12888079818981,25.27983457491505,50.85574412345886
7.12888079818981,25.27983457491505,50.85574412345886
7.12888079818981,25.27983457491505,50.85574412345886
7.12888079818981,25.27983457491505,50.85574412345886
7.12888079818981,25.27983457491505,50.85574412345886
7.12888079818981,25.27983457491505,50.85574412345886
7.269776239674137,25.276053966991864,50.85574412345886
7.269776239674137,25.276053966991864,50.85574412345886
7.269776239674137,25.276053966991864,50.85574412345886
7.269776239674137,25.276053966991864,50.85574412345886
7.269776239674137,25.276053966991864,50.85574412345886
7.393493546058366,25.27499717490054,50.85574412345886
7.393493546058366,25.27499717490054,50.85574412345886
7.393493546058366,25.27499717490054,50.85574412345886
7.393493546058366,25.27499717490054,50.85574412345886
7.393493546058366,25.27499717490054,50.85574412345886
7.52402481238716,25.273919054030536,50.85574412345886
7.52402481238716,25.273919054030536,50.85574412345886
7.52402481238716,25.273919054030536,50.85574412345886
7.52402481238716,25.273919054030536,50.85574412345886
7.52402481238716,25.273919054030536,50.85574412345886
7.52402481238716,25.273919054030536,50.85574412345886
7.683496723557745,25.279533404798304,50.85574412345886
7.683496723557745,25.279533404798304,50.85574412345886
7.683496723557745,25.279533404798304,50.85574412345886
7.683496723557745,25.279533404798304,50.85574412345886
7.683496723557745,25.279533404798304,50.85574412345886
7.878068663852315,25.289117258929885,50.85574412345886
7.878068663852315,25.289117258929885,50.85574412345886
7.878068663852315,25.289117258929885,50.85574412345886
7.878068663852315,25.289117258929885,50.85574412345886
7.878068663852315,25.289117258929885,50.85574412345886
7.878068663852315,25.289117258929885,50.85574412345886
7.951688350912102,25.29451063018018,50.85574412345886
7.951688350912102,25.29451063018018,50.85574412345886
7.951688350912102,25.29451063018018,50.85574412345886
7.951688350912102,25.29451063018018,50.85574412345886
7.951688350912102,25.29451063018018,50.85574412345886
7.951688350912102,25.29451063018018,50.85574412345886
8.04850714767738,25.289812457125766,50.85574412345886
8.04850714767738,25.289812457125766,50.85574412345886
8.04850714767738,25.289812457125766,50.85574412345886
8.04850714767738,25.289812457125766,50.85574412345886
8.04850714767738,25.289812457125766,50.85574412345886
8.173512899657318,25.281620054010755,50.85574412345886
8.173512899657318,25.281620054010755,50.85574412345886
8.173512899657318,25.281620054010755,50.85574412345886
8.173512899657318,25.281620054010755,50.85574412345886
8.173512899657318,25.281620054010755,50.85574412345886
8.173512899657318,25.281620054010755,50.85574412345886
8.173512899657318,25.281620054010755,50.85574412345886
8.173512899657318,25.281620054010755,50.85574412345886
8.173512899657318,25.281620054010755,50.85574412345886
8.280085975422557,25.273512361795653,50.85574412345886
8.280085975422557,25.273512361795653,50.85574412345886
8.280085975422557,25.273512361795653,50.85574412345886
8.280085975422557,25.273512361795653,50.85574412345886
8.280085975422557,25.273512361795653,50.85574412345886
8.280085975422557,25.273512361795653,50.85574412345886
8.566499421046059,25.28845564541493,50.85574412345886
8.566499421046059,25.28845564541493,50.85574412345886
8.566499421046059,25.28845564541493,50.85574412345886
8.566499421046059,25.28845564541493,50.85574412345886
8.566499421046059,25.28845564541493,50.85574412345886
8.732186173220482,25.286990436475456,50.85574412345886
8.732186173220482,25.286990436475456,50.85574412345886
8.732186173220482,25.286990436475456,50.85574412345886
8.732186173220482,25.286990436475456,50.85574412345886
8.732186173220482,25.286990436475456,50.85574412345886
8.732186173220482,25.286990436475456,50.85574412345886
8.936841041596425,25.298732998942413,50.85574412345886
8.936841041596425,25.298732998942413,50.85574412345886
8.936841041596425,25.298732998942413,50.85574412345886
8.936841041596425,25.298732998942413,50.85574412345886
8.936841041596425,25.298732998942413,50.85574412345886
8.936841041596425,25.298732998942413,50.85574412345886
9.064923377930892,25.304067478588028,50.85574412345886
9.064923377930892,25.304067478588028,50.85574412345886
9.064923377930892,25.304067478588028,50.85574412345886
9.064923377930892,25.304067478588028,50.85574412345886
9.064923377930892,25.304067478588028,50.85574412345886
9.196681324339472,25.310325044670872,50.85574412345886
9.196681324339472,25.310325044670872,50.85574412345886
9.196681324339472,25.310325044670872,50.85574412345886
9.196681324339472,25.310325044670872,50.85574412345886
9.196681324339472,25.310325044670872,50.85574412345886
9.196681324339472,25.310325044670872,50.85574412345886
9.337963256871614,25.3139585979508,50.85574412345886
9.337963256871614,25.3139585979508,50.85574412345886
9.337963256871614,25.3139585979508,50.85574412345886
9.337963256871614,25.3139585979508,50.85574412345886
9.337963256871614,25.3139585979508,50.85574412345886
9.484443345692796,25.321880568802904,50.85574412345886
9.484443345692796,25.321880568802904,50.85574412345886
9.484443345692796,25.321880568802904,50.85574412345886
9.484443345692796,25.321880568802904,50.85574412345886
9.484443345692796,25.321880568802904,50.85574412345886
9.484443345692796,25.321880568802904,50.85574412345886
9.64482615849821,25.32677610306033,50.85574412345886
9.64482615849821,25.32677610306033,50.85574412345886
9.64482615849821,25.32677610306033,50.85574412345886
9.64482615849821,25.32677610306033,50.85574412345886
9.64482615849821,25.32677610306033,50.85574412345886
9.64482615849821,25.32677610306033,50.85574412345886
9.844861764937237,25.334750871521745,50.85574412345886
9.844861764937237,25.334750871521745,50.85574412345886
9.844861764937237,25.334750871521745,50.85574412345886
9.844861764937237,25.334750871521745,50.85574412345886
9.844861764937237,25.334750871521745,50.85574412345886
10.002275780072797,25.337153449755025,50.85574412345886
10.002275780072797,25.337153449755025,50.85574412345886
10.002275780072797,25.337153449755025,50.85574412345886
10.002275780072797,25.337153449755025,50.85574412345886
10.002275780072797,25.337153449755025,50.85574412345886
10.148689247936158,25.345142154963735,50.85574412345886
10.148689247936158,25.345142154963735,50.85574412345886
10.148689247936158,25.345142154963735,50.85574412345886
10.148689247936158,25.345142154963735,50.85574412345886
10.148689247936158,25.345142154963735,50.85574412345886
10.308243755566485,25.357463208006237,50.85574412345886
10.308243755566485,25.357463208006237,50.85574412345886
10.308243755566485,25.357463208006237,50.85574412345886
10.308243755566485,25.357463208006237,50.85574412345886
10.308243755566485,25.357463208006237,50.85574412345886
10.453432316087799,25.36058198930346,50.85574412345886
10.453432316087799,25.36058198930346,50.85574412345886
10.453432316087799,25.36058198930346,50.85574412345886
10.453432316087799,25.36058198930346,50.85574412345886
10.453432316087799,25.36058198930346,50.85574412345886
10.453432316087799,25.36058198930346,50.85574412345886
10.676892958497561,25.367739080950493,50.85574412345886
10.676892958497561,25.367739080950493,50.85574412345886
10.676892958497561,25.367739080950493,50.85574412345886
10.676892958497561,25.367739080950493,50.85574412345886
10.676892958497561,25.367739080950493,50.85574412345886
10.676892958497561,25.367739080950493,50.85574412345886
10.835166822333703,25.376573364747852,50.85574412345886
10.835166822333703,25.376573364747852,50.85574412345886
10.835166822333703,25.376573364747852,50.85574412345886
10.835166822333703,25.376573364747852,50.85574412345886
10.835166822333703,25.376573364747852,50.85574412345886
10.835166822333703,25.376573364747852,50.85574412345886
10.97733757628114,25.37685716330844,50.85574412345886
10.97733757628114,25.37685716330844,50.85574412345886
10.97733757628114,25.37685716330844,50.85574412345886
10.97733757628114,25.37685716330844,50.85574412345886
10.97733757628114,25.37685716330844,50.85574412345886
10.97733757628114,25.37685716330844,50.85574412345886
11.132869353601869,25.37938042001639,50.85574412345886
11.132869353601869,25.37938042001639,50.85574412345886
11.132869353601869,25.37938042001639,50.85574412345886
11.132869353601869,25.37938042001639,50.85574412345886
11.132869353601869,25.37938042001639,50.85574412345886
11.349437805404948,25.379606670177893,50.85574412345886
11.349437805404948,25.379606670177893,50.85574412345886
11.349437805404948,25.379606670177893,50.85574412345886
11.349437805404948,25.379606670177893,50.85574412345886
11.349437805404948,25.379606670177893,50.85574412345886
11.488111394732451,25.38382776077555,50.85574412345886
11.488111394732451,25.38382776077555,50.85574412345886
11.488111394732451,25.38382776077555,50.85574412345886
11.488111394732451,25.38382776077555,50.85574412345886
11.488111394732451,25.38382776077555,50.85574412345886
11.644815858504616,25.38762602725427,50.85574412345886
11.644815858504616,25.38762602725427,50.85574412345886
11.644815858504616,25.38762602725427,50.85574412345886
11.644815858504616,25.38762602725427,50.85574412345886
11.644815858504616,25.38762602725427,50.85574412345886
11.644815858504616,25.38762602725427,50.85574412345886
11.82217766536156,25.400664180122885,50.85574412345886
11.82217766536156,25.400664180122885,50.85574412345886
11.82217766536156,25.400664180122885,50.85574412345886
11.82217766536156,25.400664180122885,50.85574412345886
11.82217766536156,25.400664180122885,50.85574412345886
11.979780219186347,25.405712321943966,50.85574412345886
11.979780219186347,25.405712321943966,50.85574412345886
11.979780219186347,25.405712321943966,50.85574412345886
11.979780219186347,25.405712321943966,50.85574412345886
11.979780219186347,25.405712321943966,50.85574412345886
12.133380959603453,25.410765572991934,50.85574412345886
12.133380959603453,25.410765572991934,50.85574412345886
12.133380959603453,25.410765572991934,50.85574412345886
12.133380959603453,25.410765572991934,50.85574412345886
12.133380959603453,25.410765572991934,50.85574412345886
12.264666870159973,25.417058745738824,50.85574412345886
12.264666870159973,25.417058745738824,50.85574412345886
12.264666870159973,25.417058745738824,50.85574412345886
12.264666870159973,25.417058745738824,50.85574412345886
12.264666870159973,25.417058745738824,50.85574412345886
12.406026188252827,25.420270426802418,50.85574412345886
12.406026188252827,25.420270426802418,50.85574412345886
12.406026188252827,25.420270426802418,50.85574412345886
12.406026188252827,25.420270426802418,50.85574412345886
12.406026188252827,25.420270426802418,50.85574412345886
12.646283064297512,25.42592364028081,50.85574412345886
12.646283064297512,25.42592364028081,50.85574412345886
12.646283064297512,25.42592364028081,50.85574412345886
12.646283064297512,25.42592364028081,50.85574412345886
12.646283064297512,25.42592364028081,50.85574412345886
12.731930383338469,25.42960043856927,50.85574412345886
12.731930383338469,25.42960043856927,50.85574412345886
12.731930383338469,25.42960043856927,50.85574412345886
12.731930383338469,25.42960043856927,50.85574412345886
12.731930383338469,25.42960043856927,50.85574412345886
12.879067378481222,25.43152215008656,50.85574412345886
12.879067378481222,25.43152215008656,50.85574412345886
12.879067378481222,25.43152215008656,50.85574412345886
12.879067378481222,25.43152215008656,50.85574412345886
12.879067378481222,25.43152215008656,50.85574412345886
13.001321959627234,25.43029298196345,50.85574412345886
13.001321959627234,25.43029298196345,50.85574412345886
13.001321959627234,25.43029298196345,50.85574412345886
13.001321959627234,25.43029298196345,50.85574412345886
13.001321959627234,25.43029298196345,50.85574412345886
13.200533462094812,25.436358096141976,50.85574412345886
13.200533462094812,25.436358096141976,50.85574412345886
13.200533462094812,25.436358096141976,50.85574412345886
13.200533462094812,25.436358096141976,50.85574412345886
13.200533462094812,25.436358096141976,50.85574412345886
13.200533462094812,25.436358096141976,50.85574412345886
13.366664266158107,25.443251260535675,50.85574412345886
13.366664266158107,25.443251260535675,50.85574412345886
13.366664266158107,25.443251260535675,50.85574412345886
13.366664266158107,25.443251260535675,50.85574412345886
13.366664266158107,25.443251260535675,50.85574412345886
13.366664266158107,25.443251260535675,50.85574412345886
13.490935007177526,25.44325368232403,50.85574412345886
13.490935007177526,25.44325368232403,50.85574412345886
13.490935007177526,25.44325368232403,50.85574412345886
13.490935007177526,25.44325368232403,50.85574412345886
13.490935007177526,25.44325368232403,50.85574412345886
13.490935007177526,25.44325368232403,50.85574412345886
13.634287382207537,25.44309670600223,50.85574412345886
13.634287382207537,25.44309670600223,50.85574412345886
13.634287382207537,25.44309670600223,50.85574412345886
13.634287382207537,25.44309670600223,50.85574412345886
13.634287382207537,25.44309670600223,50.85574412345886
13.634287382207537,25.44309670600223,50.85574412345886
13.833251670073556,25.441641100582114,50.85574412345886
13.833251670073556,25.441641100582114,50.85574412345886
13.833251670073556,25.441641100582114,50.85574412345886
13.833251670073556,25.441641100582114,50.85574412345886
13.833251670073556,25.441641100582114,50.85574412345886
13.833251670073556,25.441641100582114,50.85574412345886
13.965174973949477,25.43728158377268,50.85574412345886
13.965174973949477,25.43728158377268,50.85574412345886
13.965174973949477,25.43728158377268,50.85574412345886
13.965174973949477,25.43728158377268,50.85574412345886
13.965174973949477,25.43728158377268,50.85574412345886
13.965174973949477,25.43728158377268,50.85574412345886
14.087211105670876,25.435725516461737,50.85574412345886
14.087211105670876,25.435725516461737,50.85574412345886
14.087211105670876,25.435725516461737,50.85574412345886
14.087211105670876,25.435725516461737,50.85574412345886
14.087211105670876,25.435725516461737,50.85574412345886
14.087211105670876,25.435725516461737,50.85574412345886
14.29452997493571,25.437104001883398,50.85574412345886
14.29452997493571,25.437104001883398,50.85574412345886
14.29452997493571,25.437104001883398,50.85574412345886
14.29452997493571,25.437104001883398,50.85574412345886
14.29452997493571,25.437104001883398,50.85574412345886
14.29452997493571,25.437104001883398,50.85574412345886
14.421207183841974,25.439890211718488,50.85574412345886
14.421207183841974,25.439890211718488,50.85574412345886
14.421207183841974,25.439890211718488,50.85574412345886
14.421207183841974,25.439890211718488,50.85574412345886
14.421207183841974,25.439890211718488,50.85574412345886
14.421207183841974,25.439890211718488,50.85574412345886
14.421207183841974,25.439890211718488,50.85574412345886
14.541762295869361,25.440119491618162,50.85574412345886
14.541762295869361,25.440119491618162,50.85574412345886
14.541762295869361,25.440119491618162,50.85574412345886
14.541762295869361,25.440119491618162,50.85574412345886
14.541762295869361,25.440119491618162,50.85574412345886
14.541762295869361,25.440119491618162,50.85574412345886
14.541762295869361,25.440119491618162,50.85574412345886
14.541762295869361,25.440119491618162,50.85574412345886
14.541762295869361,25.440119491618162,50.85574412345886
14.806469509678609,25.442985259662617,50.85574412345886
14.806469509678609,25.442985259662617,50.85574412345886
14.806469509678609,25.442985259662617,50.85574412345886
14.806469509678609,25.442985259662617,50.85574412345886
14.806469509678609,25.442985259662617,50.85574412345886
14.806469509678609,25.442985259662617,50.85574412345886
15.00591329502707,25.446052082993667,50.85574412345886
15.00591329502707,25.446052082993667,50.85574412345886
15.00591329502707,25.446052082993667,50.85574412345886
15.00591329502707,25.446052082993667,50.85574412345886
15.00591329502707,25.446052082993667,50.85574412345886
15.00591329502707,25.446052082993667,50.85574412345886
15.14636663372407,25.45205705774361,50.85574412345886
15.14636663372407,25.45205705774361,50.85574412345886
15.14636663372407,25.45205705774361,50.85574412345886
15.14636663372407,25.45205705774361,50.85574412345886
15.14636663372407,25.45205705774361,50.85574412345886
15.14636663372407,25.45205705774361,50.85574412345886
15.347765605316608,25.450268390748352,50.85574412345886
15.347765605316608,25.450268390748352,50.85574412345886
15.347765605316608,25.450268390748352,50.85574412345886
15.347765605316608,25.450268390748352,50.85574412345886
15.347765605316608,25.450268390748352,50.85574412345886
15.485127801590007,25.448095702052413,50.85574412345886
15.485127801590007,25.448095702052413,50.85574412345886
15.485127801590007,25.448095702052413,50.85574412345886
15.485127801590007,25.448095702052413,50.85574412345886
15.485127801590007,25.448095702052413,50.85574412345886
15.485127801590007,25.448095702052413,50.85574412345886
15.621079462210384,25.444569211010215,50.85574412345886
15.621079462210384,25.444569211010215,50.85574412345886
15.621079462210384,25.444569211010215,50.85574412345886
15.621079462210384,25.444569211010215,50.85574412345886
15.621079462210384,25.444569211010215,50.85574412345886
15.621079462210384,25.444569211010215,50.85574412345886
15.621079462210384,25.444569211010215,50.85574412345886
15.74391785691443,25.442678590993847,50.85574412345886
15.74391785691443,25.442678590993847,50.85574412345886
15.74391785691443,25.442678590993847,50.85574412345886
15.74391785691443,25.442678590993847,50.85574412345886
15.74391785691443,25.442678590993847,50.85574412345886
15.982538167217092,25.44079734546298,50.85574412345886
15.982538167217092,25.44079734546298,50.85574412345886
15.982538167217092,25.44079734546298,50.85574412345886
15.982538167217092,25.44079734546298,50.85574412345886
15.982538167217092,25.44079734546298,50.85574412345886
15.982538167217092,25.44079734546298,50.85574412345886
15.982538167217092,25.44079734546298,50.85574412345886
16.206761020770767,25.4295326599046,50.85574412345886
16.206761020770767,25.4295326599046,50.85574412345886
16.206761020770767,25.4295326599046,50.85574412345886
16.206761020770767,25.4295326599046,50.85574412345886
16.206761020770767,25.4295326599046,50.85574412345886
16.206761020770767,25.4295326599046,50.85574412345886
16.206761020770767,25.4295326599046,50.85574412345886
16.35602056227435,25.416651143692373,50.85574412345886
16.35602056227435,25.416651143692373,50.85574412345886
16.35602056227435,25.416651143692373,50.85574412345886
16.35602056227435,25.416651143692373,50.85574412345886
16.35602056227435,25.416651143692373,50.85574412345886
16.54240584361922,25.396060768201465,50.85574412345886
16.54240584361922,25.396060768201465,50.85574412345886
16.54240584361922,25.396060768201465,50.85574412345886
16.54240584361922,25.396060768201465,50.85574412345886
16.54240584361922,25.396060768201465,50.85574412345886
16.54240584361922,25.396060768201465,50.85574412345886
16.660724085117348,25.384175175132697,50.85574412345886
16.660724085117348,25.384175175132697,50.85574412345886
16.660724085117348,25.384175175132697,50.85574412345886
16.660724085117348,25.384175175132697,50.85574412345886
16.660724085117348,25.384175175132697,50.85574412345886
16.782265103812655,25.36847852809398,50.85574412345886
16.782265103812655,25.36847852809398,50.85574412345886
16.782265103812655,25.36847852809398,50.85574412345886
16.782265103812655,25.36847852809398,50.85574412345886
16.782265103812655,25.36847852809398,50.85574412345886
16.782265103812655,25.36847852809398,50.85574412345886
16.902066197256673,25.350684636706504,50.85574412345886
16.902066197256673,25.350684636706504,50.85574412345886
16.902066197256673,25.350684636706504,50.85574412345886
16.902066197256673,25.350684636706504,50.85574412345886
16.902066197256673,25.350684636706504,50.85574412345886
17.073396449955155,25.316153968924457,50.85574412345886
17.073396449955155,25.316153968924457,50.85574412345886
17.073396449955155,25.316153968924457,50.85574412345886
17.073396449955155,25.316153968924457,50.85574412345886
17.073396449955155,25.316153968924457,50.85574412345886
17.211956740790345,25.280235384181232,50.85574412345886
17.211956740790345,25.280235384181232,50.85574412345886
17.211956740790345,25.280235384181232,50.85574412345886
17.211956740790345,25.280235384181232,50.85574412345886
17.211956740790345,25.280235384181232,50.85574412345886
17.31581771239489,25.24648546278501,50.85574412345886
17.31581771239489,25.24648546278501,50.85574412345886
17.31581771239489,25.24648546278501,50.85574412345886
17.31581771239489,25.24648546278501,50.85574412345886
17.31581771239489,25.24648546278501,50.85574412345886
17.31581771239489,25.24648546278501,50.85574412345886
17.43475633188698,25.20374081211731,50.85574412345886
17.43475633188698,25.20374081211731,50.85574412345886
17.43475633188698,25.20374081211731,50.85574412345886
17.43475633188698,25.20374081211731,50.85574412345886
17.43475633188698,25.20374081211731,50.85574412345886
17.43475633188698,25.20374081211731,50.85574412345886
17.532574894455657,25.16528961132759,50.85574412345886
17.532574894455657,25.16528961132759,50.85574412345886
17.532574894455657,25.16528961132759,50.85574412345886
17.532574894455657,25.16528961132759,50.85574412345886
17.532574894455657,25.16528961132759,50.85574412345886
17.608048743851782,25.13124613469592,50.85574412345886
17.608048743851782,25.13124613469592,50.85574412345886
17.608048743851782,25.13124613469592,50.85574412345886
17.608048743851782,25.13124613469592,50.85574412345886
17.608048743851782,25.13124613469592,50.85574412345886
17.608048743851782,25.13124613469592,50.85574412345886
17.746878497151098,25.065797529411242,50.85574412345886
17.746878497151098,25.065797529411242,50.85574412345886
17.746878497151098,25.065797529411242,50.85574412345886
17.746878497151098,25.065797529411242,50.85574412345886
17.746878497151098,25.065797529411242,50.85574412345886
17.843743654988316,25.01093145325851,50.85574412345886
17.843743654988316,25.01093145325851,50.85574412345886
17.843743654988316,25.01093145325851,50.85574412345886
17.843743654988316,25.01093145325851,50.85574412345886
17.843743654988316,25.01093145325851,50.85574412345886
17.843743654988316,25.01093145325851,50.85574412345886
17.92774923195744,24.964803297940904,50.85574412345886
17.92774923195744,24.964803297940904,50.85574412345886
17.92774923195744,24.964803297940904,50.85574412345886
17.92774923195744,24.964803297940904,50.85574412345886
17.92774923195744,24.964803297940904,50.85574412345886
17.92774923195744,24.964803297940904,50.85574412345886
18.0868580845653,24.87583204211407,50.85574412345886
18.0868580845653,24.87583204211407,50.85574412345886
18.0868580845653,24.87583204211407,50.85574412345886
18.0868580845653,24.87583204211407,50.85574412345886
18.0868580845653,24.87583204211407,50.85574412345886
18.213543064781774,24.809753606766613,50.85574412345886
18.213543064781774,24.809753606766613,50.85574412345886
18.213543064781774,24.809753606766613,50.85574412345886
18.213543064781774,24.809753606766613,50.85574412345886
18.213543064781774,24.809753606766613,50.85574412345886
18.213543064781774,24.809753606766613,50.85574412345886
18.312934415531497,24.744760735039634,50.85574412345886
18.312934415531497,24.744760735039634,50.85574412345886
18.312934415531497,24.744760735039634,50.85574412345886
18.312934415531497,24.744760735039634,50.85574412345886
18.312934415531497,24.744760735039634,50.85574412345886
18.42005116404899,24.675873875508078,50.85574412345886
18.42005116404899,24.675873875508078,50.85574412345886
18.42005116404899,24.675873875508078,50.85574412345886
18.42005116404899,24.675873875508078,50.85574412345886
18.42005116404899,24.675873875508078,50.85574412345886
18.42005116404899,24.675873875508078,50.85574412345886
18.509479094406476,24.614161068670843,50.85574412345886
18.509479094406476,24.614161068670843,50.85574412345886
18.509479094406476,24.614161068670843,50.85574412345886
18.509479094406476,24.614161068670843,50.85574412345886
18.509479094406476,24.614161068670843,50.85574412345886
18.509479094406476,24.614161068670843,50.85574412345886
18.623333870294516,24.541084994303798,50.85574412345886
18.623333870294516,24.541084994303798,50.85574412345886
18.623333870294516,24.541084994303798,50.85574412345886
18.623333870294516,24.541084994303798,50.85574412345886
18.623333870294516,24.541084994303798,50.85574412345886
18.76661458251634,24.43851888203624,50.85574412345886
18.76661458251634,24.43851888203624,50.85574412345886
18.76661458251634,24.43851888203624,50.85574412345886
18.76661458251634,24.43851888203624,50.85574412345886
18.76661458251634,24.43851888203624,50.85574412345886
18.76661458251634,24.43851888203624,50.85574412345886
18.855633205710078,24.36566912465218,50.85574412345886
18.855633205710078,24.36566912465218,50.85574412345886
18.855633205710078,24.36566912465218,50.85574412345886
18.855633205710078,24.36566912465218,50.85574412345886
18.855633205710078,24.36566912465218,50.85574412345886
18.855633205710078,24.36566912465218,50.85574412345886
18.99150230514188,24.25386969519749,50.85574412345886
18.99150230514188,24.25386969519749,50.85574412345886
18.99150230514188,24.25386969519749,50.85574412345886
18.99150230514188,24.25386969519749,50.85574412345886
18.99150230514188,24.25386969519749,50.85574412345886
18.99150230514188,24.25386969519749,50.85574412345886
19.09436610726458,24.16992448185828,50.85574412345886
19.09436610726458,24.16992448185828,50.85574412345886
19.09436610726458,24.16992448185828,50.85574412345886
19.09436610726458,24.16992448185828,50.85574412345886
19.09436610726458,24.16992448185828,50.85574412345886
19.09436610726458,24.16992448185828,50.85574412345886
19.172247045101322,24.090533333935422,50.85574412345886
19.172247045101322,24.090533333935422,50.85574412345886
19.172247045101322,24.090533333935422,50.85574412345886
19.172247045101322,24.090533333935422,50.85574412345886
19.172247045101322,24.090533333935422,50.85574412345886
19.24888934603136,24.013588746205492,50.85574412345886
19.24888934603136,24.013588746205492,50.85574412345886
19.24888934603136,24.013588746205492,50.85574412345886
19.24888934603136,24.013588746205492,50.85574412345886
19.24888934603136,24.013588746205492,50.85574412345886
19.24888934603136,24.013588746205492,50.85574412345886
19.37708170845629,23.877880061928416,50.85574412345886
19.37708170845629,23.877880061928416,50.85574412345886
19.37708170845629,23.877880061928416,50.85574412345886
19.37708170845629,23.877880061928416,50.85574412345886
19.37708170845629,23.877880061928416,50.85574412345886
19.477925496901754,23.780760414319943,50.85574412345886
19.477925496901754,23.780760414319943,50.85574412345886
19.477925496901754,23.780760414319943,50.85574412345886
19.477925496901754,23.780760414319943,50.85574412345886
19.477925496901754,23.780760414319943,50.85574412345886
19.477925496901754,23.780760414319943,50.85574412345886
19.558084394844418,23.683482849609597,50.85574412345886
19.558084394844418,23.683482849609597,50.85574412345886
19.558084394844418,23.683482849609597,50.85574412345886
19.558084394844418,23.683482849609597,50.85574412345886
19.558084394844418,23.683482849609597,50.85574412345886
19.626492800520264,23.58657241957658,50.85574412345886
19.626492800520264,23.58657241957658,50.85574412345886
19.626492800520264,23.58657241957658,50.85574412345886
19.626492800520264,23.58657241957658,50.85574412345886
19.626492800520264,23.58657241957658,50.85574412345886
19.626492800520264,23.58657241957658,50.85574412345886
19.747442790778226,23.44854452837154,50.85574412345886
19.747442790778226,23.44854452837154,50.85574412345886
19.747442790778226,23.44854452837154,50.85574412345886
19.747442790778226,23.44854452837154,50.85574412345886
19.747442790778226,23.44854452837154,50.85574412345886
19.747442790778226,23.44854452837154,50.85574412345886
19.809393593072144,23.361816861038676,50.85574412345886
19.809393593072144,23.361816861038676,50.85574412345886
19.809393593072144,23.361816861038676,50.85574412345886
19.809393593072144,23.361816861038676,50.85574412345886
19.809393593072144,23.361816861038676,50.85574412345886
19.897648215617057,23.253194385739842,50.85574412345886
19.897648215617057,23.253194385739842,50.85574412345886
19.897648215617057,23.253194385739842,50.85574412345886
19.897648215617057,23.253194385739842,50.85574412345886
19.897648215617057,23.253194385739842,50.85574412345886
19.897648215617057,23.253194385739842,50.85574412345886
19.968680410147126,23.14992437004755,50.85574412345886
19.968680410147126,23.14992437004755,50.85574412345886
19.968680410147126,23.14992437004755,50.85574412345886
19.968680410147126,23.14992437004755,50.85574412345886
19.968680410147126,23.14992437004755,50.85574412345886
19.968680410147126,23.14992437004755,50.85574412345886
20.030449974347817,23.058206775757117,50.85574412345886
20.030449974347817,23.058206775757117,50.85574412345886
20.030449974347817,23.058206775757117,50.85574412345886
20.030449974347817,23.058206775757117,50.85574412345886
20.030449974347817,23.058206775757117,50.85574412345886
20.12808106554895,22.916905266317578,50.85574412345886
20.12808106554895,22.916905266317578,50.85574412345886
20.12808106554895,22.916905266317578,50.85574412345886
20.12808106554895,22.916905266317578,50.85574412345886
20.12808106554895,22.916905266317578,50.85574412345886
20.196239418982913,22.813505911971703,50.85574412345886
20.196239418982913,22.813505911971703,50.85574412345886
20.196239418982913,22.813505911971703,50.85574412345886
20.196239418982913,22.813505911971703,50.85574412345886
20.196239418982913,22.813505911971703,50.85574412345886
20.196239418982913,22.813505911971703,50.85574412345886
20.23735630937447,22.716313779663956,50.85574412345886
20.23735630937447,22.716313779663956,50.85574412345886
20.23735630937447,22.716313779663956,50.85574412345886
20.23735630937447,22.716313779663956,50.85574412345886
20.23735630937447,22.716313779663956,50.85574412345886
20.292770905897918,22.60580923874836,50.85574412345886
20.292770905897918,22.60580923874836,50.85574412345886
20.292770905897918,22.60580923874836,50.85574412345886
20.292770905897918,22.60580923874836,50.85574412345886
20.292770905897918,22.60580923874836,50.85574412345886
20.349160454208892,22.499876069720834,50.85574412345886
20.349160454208892,22.499876069720834,50.85574412345886
20.349160454208892,22.499876069720834,50.85574412345886
20.349160454208892,22.499876069720834,50.85574412345886
20.349160454208892,22.499876069720834,50.85574412345886
20.349160454208892,22.499876069720834,50.85574412345886
20.349160454208892,22.499876069720834,50.85574412345886
20.349160454208892,22.499876069720834,50.85574412345886
20.349160454208892,22.499876069720834,50.85574412345886
20.437602330127465,22.32856373405205,50.85574412345886
20.437602330127465,22.32856373405205,50.85574412345886
20.437602330127465,22.32856373405205,50.85574412345886
20.437602330127465,22.32856373405205,50.85574412345886
20.437602330127465,22.32856373405205,50.85574412345886
20.437602330127465,22.32856373405205,50.85574412345886
20.437602330127465,22.32856373405205,50.85574412345886
20.437602330127465,22.32856373405205,50.85574412345886
20.523720163983405,22.156929760640946,50.85574412345886
20.523720163983405,22.156929760640946,50.85574412345886
20.523720163983405,22.156929760640946,50.85574412345886
20.523720163983405,22.156929760640946,50.85574412345886
20.523720163983405,22.156929760640946,50.85574412345886
20.523720163983405,22.156929760640946,50.85574412345886
20.523720163983405,22.156929760640946,50.85574412345886
20.523720163983405,22.156929760640946,50.85574412345886
20.523720163983405,22.156929760640946,50.85574412345886
20.594545970629945,21.988475928398742,50.85574412345886
20.594545970629945,21.988475928398742,50.85574412345886
20.594545970629945,21.988475928398742,50.85574412345886
20.594545970629945,21.988475928398742,50.85574412345886
20.594545970629945,21.988475928398742,50.85574412345886
20.594545970629945,21.988475928398742,50.85574412345886
20.594545970629945,21.988475928398742,50.85574412345886
20.594545970629945,21.988475928398742,50.85574412345886
20.680977904629174,21.754691121437205,50.85574412345886
20.680977904629174,21.754691121437205,50.85574412345886
20.680977904629174,21.754691121437205,50.85574412345886
20.680977904629174,21.754691121437205,50.85574412345886
20.680977904629174,21.754691121437205,50.85574412345886
20.680977904629174,21.754691121437205,50.85574412345886
20.680977904629174,21.754691121437205,50.85574412345886
20.680977904629174,21.754691121437205,50.85574412345886
20.680977904629174,21.754691121437205,50.85574412345886
20.748481665354575,21.577328366288057,50.85574412345886
20.748481665354575,21.577328366288057,50.85574412345886
20.748481665354575,21.577328366288057,50.85574412345886
20.748481665354575,21.577328366288057,50.85574412345886
20.748481665354575,21.577328366288057,50.85574412345886
20.748481665354575,21.577328366288057,50.85574412345886
20.748481665354575,21.577328366288057,50.85574412345886
20.748481665354575,21.577328366288057,50.85574412345886
20.82214561352288,21.329075134805237,50.85574412345886
20.82214561352288,21.329075134805237,50.85574412345886
20.82214561352288,21.329075134805237,50.85574412345886
20.82214561352288,21.329075134805237,50.85574412345886
20.82214561352288,21.329075134805237,50.85574412345886
20.82214561352288,21.329075134805237,50.85574412345886
20.82214561352288,21.329075134805237,50.85574412345886
20.82214561352288,21.329075134805237,50.85574412345886
20.82214561352288,21.329075134805237,50.85574412345886
20.878229015938786,21.136093271926242,50.85574412345886
20.878229015938786,21.136093271926242,50.85574412345886
20.878229015938786,21.136093271926242,50.85574412345886
20.878229015938786,21.136093271926242,50.85574412345886
20.878229015938786,21.136093271926242,50.85574412345886
20.878229015938786,21.136093271926242,50.85574412345886
20.878229015938786,21.136093271926242,50.85574412345886
20.878229015938786,21.136093271926242,50.85574412345886
20.945064777295507,20.947069125869255,50.85574412345886
20.945064777295507,20.947069125869255,50.85574412345886
20.945064777295507,20.947069125869255,50.85574412345886
20.945064777295507,20.947069125869255,50.85574412345886
20.945064777295507,20.947069125869255,50.85574412345886
20.945064777295507,20.947069125869255,50.85574412345886
20.945064777295507,20.947069125869255,50.85574412345886
20.945064777295507,20.947069125869255,50.85574412345886
21.027221108624055,20.677214178809653,50.85574412345886
21.027221108624055,20.677214178809653,50.85574412345886
21.027221108624055,20.677214178809653,50.85574412345886
21.027221108624055,20.677214178809653,50.85574412345886
21.027221108624055,20.677214178809653,50.85574412345886
21.027221108624055,20.677214178809653,50.85574412345886
21.027221108624055,20.677214178809653,50.85574412345886
21.027221108624055,20.677214178809653,50.85574412345886
21.027221108624055,20.677214178809653,50.85574412345886
21.07314680319047,20.474887078483672,50.85574412345886
21.07314680319047,20.474887078483672,50.85574412345886
21.07314680319047,20.474887078483672,50.85574412345886
21.07314680319047,20.474887078483672,50.85574412345886
21.07314680319047,20.474887078483672,50.85574412345886
21.07314680319047,20.474887078483672,50.85574412345886
21.07314680319047,20.474887078483672,50.85574412345886
21.07314680319047,20.474887078483672,50.85574412345886
21.11762294833781,20.184525167132584,50.85574412345886
21.11762294833781,20.184525167132584,50.85574412345886
21.11762294833781,20.184525167132584,50.85574412345886
21.11762294833781,20.184525167132584,50.85574412345886
21.11762294833781,20.184525167132584,50.85574412345886
21.11762294833781,20.184525167132584,50.85574412345886
21.11762294833781,20.184525167132584,50.85574412345886
21.11762294833781,20.184525167132584,50.85574412345886
21.11762294833781,20.184525167132584,50.85574412345886
21.1583073088947,19.970121561314034,50.85574412345886
21.1583073088947,19.970121561314034,50.85574412345886
21.1583073088947,19.970121561314034,50.85574412345886
21.1583073088947,19.970121561314034,50.85574412345886
21.1583073088947,19.970121561314034,50.85574412345886
21.1583073088947,19.970121561314034,50.85574412345886
21.1583073088947,19.970121561314034,50.85574412345886
21.1583073088947,19.970121561314034,50.85574412345886
21.1583073088947,19.970121561314034,50.85574412345886
21.1583073088947,19.970121561314034,50.85574412345886
21.251899631428017,19.6795949781539,50.85574412345886
21.251899631428017,19.6795949781539,50.85574412345886
21.251899631428017,19.6795949781539,50.85574412345886
21.251899631428017,19.6795949781539,50.85574412345886
21.251899631428017,19.6795949781539,50.85574412345886
21.251899631428017,19.6795949781539,50.85574412345886
21.251899631428017,19.6795949781539,50.85574412345886
21.251899631428017,19.6795949781539,50.85574412345886
21.308568486620093,19.46903848580879,50.85574412345886
21.308568486620093,19.46903848580879,50.85574412345886
21.308568486620093,19.46903848580879,50.85574412345886
21.308568486620093,19.46903848580879,50.85574412345886
21.308568486620093,19.46903848580879,50.85574412345886
21.308568486620093,19.46903848580879,50.85574412345886
21.308568486620093,19.46903848580879,50.85574412345886
21.308568486620093,19.46903848580879,50.85574412345886
21.308568486620093,19.46903848580879,50.85574412345886
21.308568486620093,19.46903848580879,50.85574412345886
21.36987290909177,19.166493174509277,50.85574412345886
21.36987290909177,19.166493174509277,50.85574412345886
21.36987290909177,19.166493174509277,50.85574412345886
21.36987290909177,19.166493174509277,50.85574412345886
21.36987290909177,19.166493174509277,50.85574412345886
21.36987290909177,19.166493174509277,50.85574412345886
21.36987290909177,19.166493174509277,50.85574412345886
21.36987290909177,19.166493174509277,50.85574412345886
21.41058525458513,18.954842944217937,50.85574412345886
21.41058525458513,18.954842944217937,50.85574412345886
21.41058525458513,18.954842944217937,50.85574412345886
21.41058525458513,18.954842944217937,50.85574412345886
21.41058525458513,18.954842944217937,50.85574412345886
21.41058525458513,18.954842944217937,50.85574412345886
21.41058525458513,18.954842944217937,50.85574412345886
21.41058525458513,18.954842944217937,50.85574412345886
21.483348624024668,18.64487940843244,50.85574412345886
21.483348624024668,18.64487940843244,50.85574412345886
21.483348624024668,18.64487940843244,50.85574412345886
21.483348624024668,18.64487940843244,50.85574412345886
21.483348624024668,18.64487940843244,50.85574412345886
21.483348624024668,18.64487940843244,50.85574412345886
21.483348624024668,18.64487940843244,50.85574412345886
21.483348624024668,18.64487940843244,50.85574412345886
21.483348624024668,18.64487940843244,50.85574412345886
21.535693043169548,18.402876136698662,50.85574412345886
21.535693043169548,18.402876136698662,50.85574412345886
21.535693043169548,18.402876136698662,50.85574412345886
21.535693043169548,18.402876136698662,50.85574412345886
21.535693043169548,18.402876136698662,50.85574412345886
21.535693043169548,18.402876136698662,50.85574412345886
21.535693043169548,18.402876136698662,50.85574412345886
21.535693043169548,18.402876136698662,50.85574412345886
21.577545127099818,18.173398959690083,50.85574412345886
21.577545127099818,18.173398959690083,50.85574412345886
21.577545127099818,18.173398959690083,50.85574412345886
21.577545127099818,18.173398959690083,50.85574412345886
21.577545127099818,18.173398959690083,50.85574412345886
21.577545127099818,18.173398959690083,50.85574412345886
21.577545127099818,18.173398959690083,50.85574412345886
21.577545127099818,18.173398959690083,50.85574412345886
21.577545127099818,18.173398959690083,50.85574412345886
21.63571268380619,17.879625658583606,50.85574412345886
21.63571268380619,17.879625658583606,50.85574412345886
21.63571268380619,17.879625658583606,50.85574412345886
21.63571268380619,17.879625658583606,50.85574412345886
21.63571268380619,17.879625658583606,50.85574412345886
21.63571268380619,17.879625658583606,50.85574412345886
21.63571268380619,17.879625658583606,50.85574412345886
21.63571268380619,17.879625658583606,50.85574412345886
21.68759117349868,17.661047453570312,50.85574412345886
21.68759117349868,17.661047453570312,50.85574412345886
21.68759117349868,17.661047453570312,50.85574412345886
21.68759117349868,17.661047453570312,50.85574412345886
21.68759117349868,17.661047453570312,50.85574412345886
21.68759117349868,17.661047453570312,50.85574412345886
21.68759117349868,17.661047453570312,50.85574412345886
21.68759117349868,17.661047453570312,50.85574412345886
21.68759117349868,17.661047453570312,50.85574412345886
21.74093641222073,17.44544043204723,50.85574412345886
21.74093641222073,17.44544043204723,50.85574412345886
21.74093641222073,17.44544043204723,50.85574412345886
21.74093641222073,17.44544043204723,50.85574412345886
21.74093641222073,17.44544043204723,50.85574412345886
21.74093641222073,17.44544043204723,50.85574412345886
21.74093641222073,17.44544043204723,50.85574412345886
21.74093641222073,17.44544043204723,50.85574412345886
21.810890569149052,17.153461819492076,50.85574412345886
21.810890569149052,17.153461819492076,50.85574412345886
21.810890569149052,17.153461819492076,50.85574412345886
21.810890569149052,17.153461819492076,50.85574412345886
21.810890569149052,17.153461819492076,50.85574412345886
21.810890569149052,17.153461819492076,50.85574412345886
21.810890569149052,17.153461819492076,50.85574412345886
21.810890569149052,17.153461819492076,50.85574412345886
21.810890569149052,17.153461819492076,50.85574412345886
21.84791876486522,16.936771564629186,50.85574412345886
21.84791876486522,16.936771564629186,50.85574412345886
21.84791876486522,16.936771564629186,50.85574412345886
21.84791876486522,16.936771564629186,50.85574412345886
21.84791876486522,16.936771564629186,50.85574412345886
21.84791876486522,16.936771564629186,50.85574412345886
21.84791876486522,16.936771564629186,50.85574412345886
21.84791876486522,16.936771564629186,50.85574412345886
21.84791876486522,16.936771564629186,50.85574412345886
21.84791876486522,16.936771564629186,50.85574412345886
21.84791876486522,16.936771564629186,50.85574412345886
21.905290433878392,16.661987203139688,50.85574412345886
21.905290433878392,16.661987203139688,50.85574412345886
21.905290433878392,16.661987203139688,50.85574412345886
21.905290433878392,16.661987203139688,50.85574412345886
21.905290433878392,16.661987203139688,50.85574412345886
21.905290433878392,16.661987203139688,50.85574412345886
21.905290433878392,16.661987203139688,50.85574412345886
21.905290433878392,16.661987203139688,50.85574412345886
21.905290433878392,16.661987203139688,50.85574412345886
21.905290433878392,16.661987203139688,50.85574412345886
21.905290433878392,16.661987203139688,50.85574412345886
21.990328455430845,16.376019688003375,50.85574412345886
21.990328455430845,16.376019688003375,50.85574412345886
21.990328455430845,16.376019688003375,50.85574412345886
21.990328455430845,16.376019688003375,50.85574412345886
21.990328455430845,16.376019688003375,50.85574412345886
21.990328455430845,16.376019688003375,50.85574412345886
21.990328455430845,16.376019688003375,50.85574412345886
21.990328455430845,16.376019688003375,50.85574412345886
21.990328455430845,16.376019688003375,50.85574412345886
22.077844432375684,16.040115632171226,50.85574412345886
22.077844432375684,16.040115632171226,50.85574412345886
22.077844432375684,16.040115632171226,50.85574412345886
22.077844432375684,16.040115632171226,50.85574412345886
22.077844432375684,16.040115632171226,50.85574412345886
22.077844432375684,16.040115632171226,50.85574412345886
22.077844432375684,16.040115632171226,50.85574412345886
22.077844432375684,16.040115632171226,50.85574412345886
22.077844432375684,16.040115632171226,50.85574412345886
22.1452312541925,15.823783578473005,50.85574412345886
22.1452312541925,15.823783578473005,50.85574412345886
22.1452312541925,15.823783578473005,50.85574412345886
22.1452312541925,15.823783578473005,50.85574412345886
22.1452312541925,15.823783578473005,50.85574412345886
22.1452312541925,15.823783578473005,50.85574412345886
22.1452312541925,15.823783578473005,50.85574412345886
22.1452312541925,15.823783578473005,50.85574412345886
22.1452312541925,15.823783578473005,50.85574412345886
22.1452312541925,15.823783578473005,50.85574412345886
22.23091779898867,15.551405129253574,50.85574412345886
22.23091779898867,15.551405129253574,50.85574412345886
22.23091779898867,15.551405129253574,50.85574412345886
22.23091779898867,15.551405129253574,50.85574412345886
22.23091779898867,15.551405129253574,50.85574412345886
22.23091779898867,15.551405129253574,50.85574412345886
22.23091779898867,15.551405129253574,50.85574412345886
22.23091779898867,15.551405129253574,50.85574412345886
22.23091779898867,15.551405129253574,50.85574412345886
22.316118419251893,15.27526901869227,50.85574412345886
22.316118419251893,15.27526901869227,50.85574412345886
22.316118419251893,15.27526901869227,50.85574412345886
22.316118419251893,15.27526901869227,50.85574412345886
22.316118419251893,15.27526901869227,50.85574412345886
22.316118419251893,15.27526901869227,50.85574412345886
22.316118419251893,15.27526901869227,50.85574412345886
22.316118419251893,15.27526901869227,50.85574412345886
22.316118419251893,15.27526901869227,50.85574412345886
22.39202931244099,15.00097791457153,50.85574412345886
22.39202931244099,15.00097791457153,50.85574412345886
22.39202931244099,15.00097791457153,50.85574412345886
22.39202931244099,15.00097791457153,50.85574412345886
22.39202931244099,15.00097791457153,50.85574412345886
22.39202931244099,15.00097791457153,50.85574412345886
22.39202931244099,15.00097791457153,50.85574412345886
22.39202931244099,15.00097791457153,50.85574412345886
22.452057529587126,14.797404233681368,50.85574412345886
22.452057529587126,14.797404233681368,50.85574412345886
22.452057529587126,14.797404233681368,50.85574412345886
22.452057529587126,14.797404233681368,50.85574412345886
22.452057529587126,14.797404233681368,50.85574412345886
22.452057529587126,14.797404233681368,50.85574412345886
22.452057529587126,14.797404233681368,50.85574412345886
22.452057529587126,14.797404233681368,50.85574412345886
22.452057529587126,14.797404233681368,50.85574412345886
22.517544265796577,14.591836735441364,50.85574412345886
22.517544265796577,14.591836735441364,50.85574412345886
22.517544265796577,14.591836735441364,50.85574412345886
22.517544265796577,14.591836735441364,50.85574412345886
22.517544265796577,14.591836735441364,50.85574412345886
22.517544265796577,14.591836735441364,50.85574412345886
22.517544265796577,14.591836735441364,50.85574412345886
22.517544265796577,14.591836735441364,50.85574412345886
22.597308936445874,14.316484076223832,50.85574412345886
22.597308936445874,14.316484076223832,50.85574412345886
22.597308936445874,14.316484076223832,50.85574412345886
22.597308936445874,14.316484076223832,50.85574412345886
22.597308936445874,14.316484076223832,50.85574412345886
22.597308936445874,14.316484076223832,50.85574412345886
22.597308936445874,14.316484076223832,50.85574412345886
22.597308936445874,14.316484076223832,50.85574412345886
22.656280746463697,14.122869879155745,50.85574412345886
22.656280746463697,14.122869879155745,50.85574412345886
22.656280746463697,14.122869879155745,50.85574412345886
22.656280746463697,14.122869879155745,50.85574412345886
22.656280746463697,14.122869879155745,50.85574412345886
22.656280746463697,14.122869879155745,50.85574412345886
22.656280746463697,14.122869879155745,50.85574412345886
22.656280746463697,14.122869879155745,50.85574412345886
22.710295834869722,13.922445535829347,50.85574412345886
22.710295834869722,13.922445535829347,50.85574412345886
22.710295834869722,13.922445535829347,50.85574412345886
22.710295834869722,13.922445535829347,50.85574412345886
22.710295834869722,13.922445535829347,50.85574412345886
22.710295834869722,13.922445535829347,50.85574412345886
22.710295834869722,13.922445535829347,50.85574412345886
22.710295834869722,13.922445535829347,50.85574412345886
22.77424989744333,13.712271749330766,50.85574412345886
22.77424989744333,13.712271749330766,50.85574412345886
22.77424989744333,13.712271749330766,50.85574412345886
22.77424989744333,13.712271749330766,50.85574412345886
22.77424989744333,13.712271749330766,50.85574412345886
22.77424989744333,13.712271749330766,50.85574412345886
22.77424989744333,13.712271749330766,50.85574412345886
22.77424989744333,13.712271749330766,50.85574412345886
22.77424989744333,13.712271749330766,50.85574412345886
22.77424989744333,13.712271749330766,50.85574412345886
22.860314839727398,13.43321747407113,50.85574412345886
22.860314839727398,13.43321747407113,50.85574412345886
22.860314839727398,13.43321747407113,50.85574412345886
22.860314839727398,13.43321747407113,50.85574412345886
22.860314839727398,13.43321747407113,50.85574412345886
22.860314839727398,13.43321747407113,50.85574412345886
22.860314839727398,13.43321747407113,50.85574412345886
22.860314839727398,13.43321747407113,50.85574412345886
22.860314839727398,13.43321747407113,50.85574412345886
22.860314839727398,13.43321747407113,50.85574412345886
22.860314839727398,13.43321747407113,50.85574412345886
22.860314839727398,13.43321747407113,50.85574412345886
22.860314839727398,13.43321747407113,50.85574412345886
22.860314839727398,13.43321747407113,50.85574412345886
22.860314839727398,13.43321747407113,50.85574412345886
22.939940373762553,13.149140506391513,50.85574412345886
22.939940373762553,13.149140506391513,50.85574412345886
22.939940373762553,13.149140506391513,50.85574412345886
22.939940373762553,13.149140506391513,50.85574412345886
22.939940373762553,13.149140506391513,50.85574412345886
22.939940373762553,13.149140506391513,50.85574412345886
22.939940373762553,13.149140506391513,50.85574412345886
22.939940373762553,13.149140506391513,50.85574412345886
22.939940373762553,13.149140506391513,50.85574412345886
22.939940373762553,13.149140506391513,50.85574412345886
22.939940373762553,13.149140506391513,50.85574412345886
22.939940373762553,13.149140506391513,50.85574412345886
22.939940373762553,13.149140506391513,50.85574412345886
22.939940373762553,13.149140506391513,50.85574412345886
23.053742189107048,12.729476903878254,50.85574412345886
23.053742189107048,12.729476903878254,50.85574412345886
23.053742189107048,12.729476903878254,50.85574412345886
23.053742189107048,12.729476903878254,50.85574412345886
23.053742189107048,12.729476903878254,50.85574412345886
23.151281218270537,12.392808300016654,50.85574412345886
23.151281218270537,12.392808300016654,50.85574412345886
23.151281218270537,12.392808300016654,50.85574412345886
23.151281218270537,12.392808300016654,50.85574412345886
23.151281218270537,12.392808300016654,50.85574412345886
23.151281218270537,12.392808300016654,50.85574412345886
23.191266292789223,12.264214309116069,50.85574412345886
23.191266292789223,12.264214309116069,50.85574412345886
23.191266292789223,12.264214309116069,50.85574412345886
23.191266292789223,12.264214309116069,50.85574412345886
23.191266292789223,12.264214309116069,50.85574412345886
23.23271804059648,12.133751844637331,50.85574412345886
23.23271804059648,12.133751844637331,50.85574412345886
23.23271804059648,12.133751844637331,50.85574412345886
23.23271804059648,12.133751844637331,50.85574412345886
23.23271804059648,12.133751844637331,50.85574412345886
23.23271804059648,12.133751844637331,50.85574412345886
23.30189765221448,11.931514407530727,50.85574412345886
23.30189765221448,11.931514407530727,50.85574412345886
23.30189765221448,11.931514407530727,50.85574412345886
23.30189765221448,11.931514407530727,50.85574412345886
23.30189765221448,11.931514407530727,50.85574412345886
23.34064037330676,11.80249245584006,50.85574412345886
23.34064037330676,11.80249245584006,50.85574412345886
23.34064037330676,11.80249245584006,50.85574412345886
23.34064037330676,11.80249245584006,50.85574412345886
23.34064037330676,11.80249245584006,50.85574412345886
23.34064037330676,11.80249245584006,50.85574412345886
23.389929664141413,11.665716050398602,50.85574412345886
23.389929664141413,11.665716050398602,50.85574412345886
23.389929664141413,11.665716050398602,50.85574412345886
23.389929664141413,11.665716050398602,50.85574412345886
23.389929664141413,11.665716050398602,50.85574412345886
23.430557091010634,11.533428977544103,50.85574412345886
23.430557091010634,11.533428977544103,50.85574412345886
23.430557091010634,11.533428977544103,50.85574412345886
23.430557091010634,11.533428977544103,50.85574412345886
23.430557091010634,11.533428977544103,50.85574412345886
23.430557091010634,11.533428977544103,50.85574412345886
23.495666570305044,11.327183771746029,50.85574412345886
23.495666570305044,11.327183771746029,50.85574412345886
23.495666570305044,11.327183771746029,50.85574412345886
23.495666570305044,11.327183771746029,50.85574412345886
23.495666570305044,11.327183771746029,50.85574412345886
23.495666570305044,11.327183771746029,50.85574412345886
23.54429416265931,11.177528761021044,50.85574412345886
23.54429416265931,11.177528761021044,50.85574412345886
23.54429416265931,11.177528761021044,50.85574412345886
23.54429416265931,11.177528761021044,50.85574412345886
23.54429416265931,11.177528761021044,50.85574412345886
23.56884082430948,11.046485578173403,50.85574412345886
23.56884082430948,11.046485578173403,50.85574412345886
23.56884082430948,11.046485578173403,50.85574412345886
23.56884082430948,11.046485578173403,50.85574412345886
23.56884082430948,11.046485578173403,50.85574412345886
23.56884082430948,11.046485578173403,50.85574412345886
23.600373800159606,10.90860455532097,50.85574412345886
23.600373800159606,10.90860455532097,50.85574412345886
23.600373800159606,10.90860455532097,50.85574412345886
23.600373800159606,10.90860455532097,50.85574412345886
23.600373800159606,10.90860455532097,50.85574412345886
23.600373800159606,10.90860455532097,50.85574412345886
23.662403896964406,10.712715929676097,50.85574412345886
23.662403896964406,10.712715929676097,50.85574412345886
23.662403896964406,10.712715929676097,50.85574412345886
23.662403896964406,10.712715929676097,50.85574412345886
23.662403896964406,10.712715929676097,50.85574412345886
23.704914025232938,10.576961913357199,50.85574412345886
23.704914025232938,10.576961913357199,50.85574412345886
23.704914025232938,10.576961913357199,50.85574412345886
23.704914025232938,10.576961913357199,50.85574412345886
23.704914025232938,10.576961913357199,50.85574412345886
23.704914025232938,10.576961913357199,50.85574412345886
23.734167371683082,10.452018183050706,50.85574412345886
23.734167371683082,10.452018183050706,50.85574412345886
23.734167371683082,10.452018183050706,50.85574412345886
23.734167371683082,10.452018183050706,50.85574412345886
23.734167371683082,10.452018183050706,50.85574412345886
23.762651728661005,10.313921570653209,50.85574412345886
23.762651728661005,10.313921570653209,50.85574412345886
23.762651728661005,10.313921570653209,50.85574412345886
23.762651728661005,10.313921570653209,50.85574412345886
23.762651728661005,10.313921570653209,50.85574412345886
23.794961145365153,10.13413590934815,50.85574412345886
23.794961145365153,10.13413590934815,50.85574412345886
23.794961145365153,10.13413590934815,50.85574412345886
23.794961145365153,10.13413590934815,50.85574412345886
23.794961145365153,10.13413590934815,50.85574412345886
23.794961145365153,10.13413590934815,50.85574412345886
23.812039197635915,10.00310760412125,50.85574412345886
23.812039197635915,10.00310760412125,50.85574412345886
23.812039197635915,10.00310760412125,50.85574412345886
23.812039197635915,10.00310760412125,50.85574412345886
23.812039197635915,10.00310760412125,50.85574412345886
23.822126761603077,9.885604834525598,50.85574412345886
23.822126761603077,9.885604834525598,50.85574412345886
23.822126761603077,9.885604834525598,50.85574412345886
23.822126761603077,9.885604834525598,50.85574412345886
23.822126761603077,9.885604834525598,50.85574412345886
23.81829602783295,9.763895931146527,50.85574412345886
23.81829602783295,9.763895931146527,50.85574412345886
23.81829602783295,9.763895931146527,50.85574412345886
23.81829602783295,9.763895931146527,50.85574412345886
23.81829602783295,9.763895931146527,50.85574412345886
23.793922214280137,9.653316433340969,50.85574412345886
23.793922214280137,9.653316433340969,50.85574412345886
23.793922214280137,9.653316433340969,50.85574412345886
23.793922214280137,9.653316433340969,50.85574412345886
23.793922214280137,9.653316433340969,50.85574412345886
23.751567350456295,9.559720046171392,50.85574412345886
23.751567350456295,9.559720046171392,50.85574412345886
23.751567350456295,9.559720046171392,50.85574412345886
23.751567350456295,9.559720046171392,50.85574412345886
23.751567350456295,9.559720046171392,50.85574412345886
23.716987082669117,9.45759976590984,50.85574412345886
23.716987082669117,9.45759976590984,50.85574412345886
23.716987082669117,9.45759976590984,50.85574412345886
23.716987082669117,9.45759976590984,50.85574412345886
23.716987082669117,9.45759976590984,50.85574412345886
23.669220729202806,9.351884885397372,50.85574412345886
23.669220729202806,9.351884885397372,50.85574412345886
23.669220729202806,9.351884885397372,50.85574412345886
23.669220729202806,9.351884885397372,50.85574412345886
23.669220729202806,9.351884885397372,50.85574412345886
23.61577853493647,9.266733132808822,50.85574412345886
23.61577853493647,9.266733132808822,50.85574412345886
23.61577853493647,9.266733132808822,50.85574412345886
23.61577853493647,9.266733132808822,50.85574412345886
23.61577853493647,9.266733132808822,50.85574412345886
23.543964318462944,9.176179001787883,50.85574412345886
23.543964318462944,9.176179001787883,50.85574412345886
23.543964318462944,9.176179001787883,50.85574412345886
23.543964318462944,9.176179001787883,50.85574412345886
23.543964318462944,9.176179001787883,50.85574412345886
23.48239226889832,9.068979399236007,50.85574412345886
23.48239226889832,9.068979399236007,50.85574412345886
23.48239226889832,9.068979399236007,50.85574412345886
23.48239226889832,9.068979399236007,50.85574412345886
23.48239226889832,9.068979399236007,50.85574412345886
23.424077908441017,8.963220459824793,50.85574412345886
23.424077908441017,8.963220459824793,50.85574412345886
23.424077908441017,8.963220459824793,50.85574412345886
23.424077908441017,8.963220459824793,50.85574412345886
23.424077908441017,8.963220459824793,50.85574412345886
23.375124617198974,8.87115940173667,50.85574412345886
23.375124617198974,8.87115940173667,50.85574412345886
23.375124617198974,8.87115940173667,50.85574412345886
23.375124617198974,8.87115940173667,50.85574412345886
23.375124617198974,8.87115940173667,50.85574412345886
23.323081265537652,8.770677627477076,50.85574412345886
23.323081265537652,8.770677627477076,50.85574412345886
23.323081265537652,8.770677627477076,50.85574412345886
23.323081265537652,8.770677627477076,50.85574412345886
23.323081265537652,8.770677627477076,50.85574412345886
23.323081265537652,8.770677627477076,50.85574412345886
23.240231828196077,8.671611621858748,50.85574412345886
23.240231828196077,8.671611621858748,50.85574412345886
23.240231828196077,8.671611621858748,50.85574412345886
23.240231828196077,8.671611621858748,50.85574412345886
23.240231828196077,8.671611621858748,50.85574412345886
23.173858204463208,8.561285890110955,50.85574412345886
23.173858204463208,8.561285890110955,50.85574412345886
23.173858204463208,8.561285890110955,50.85574412345886
23.173858204463208,8.561285890110955,50.85574412345886
23.173858204463208,8.561285890110955,50.85574412345886
23.10830868571823,8.45924815084986,50.85574412345886
23.10830868571823,8.45924815084986,50.85574412345886
23.10830868571823,8.45924815084986,50.85574412345886
23.10830868571823,8.45924815084986,50.85574412345886
23.10830868571823,8.45924815084986,50.85574412345886
23.02276139710284,8.341328636312022,50.85574412345886
23.02276139710284,8.341328636312022,50.85574412345886
23.02276139710284,8.341328636312022,50.85574412345886
23.02276139710284,8.341328636312022,50.85574412345886
23.02276139710284,8.341328636312022,50.85574412345886
23.02276139710284,8.341328636312022,50.85574412345886
22.950927402223357,8.23242862459563,50.85574412345886
22.950927402223357,8.23242862459563,50.85574412345886
22.950927402223357,8.23242862459563,50.85574412345886
22.950927402223357,8.23242862459563,50.85574412345886
22.950927402223357,8.23242862459563,50.85574412345886
22.950927402223357,8.23242862459563,50.85574412345886
22.88475691550891,8.144308350834102,50.85574412345886
22.88475691550891,8.144308350834102,50.85574412345886
22.88475691550891,8.144308350834102,50.85574412345886
22.88475691550891,8.144308350834102,50.85574412345886
22.88475691550891,8.144308350834102,50.85574412345886
22.88475691550891,8.144308350834102,50.85574412345886
22.785109930075716,8.000178716166921,50.85574412345886
22.785109930075716,8.000178716166921,50.85574412345886
22.785109930075716,8.000178716166921,50.85574412345886
22.785109930075716,8.000178716166921,50.85574412345886
22.785109930075716,8.000178716166921,50.85574412345886
22.707516659976665,7.913294490886294,50.85574412345886
22.707516659976665,7.913294490886294,50.85574412345886
22.707516659976665,7.913294490886294,50.85574412345886
22.707516659976665,7.913294490886294,50.85574412345886
22.707516659976665,7.913294490886294,50.85574412345886
22.6269643709131,7.839999549617432,50.85574412345886
22.6269643709131,7.839999549617432,50.85574412345886
22.6269643709131,7.839999549617432,50.85574412345886
22.6269643709131,7.839999549617432,50.85574412345886
22.6269643709131,7.839999549617432,50.85574412345886
22.50372049474654,7.733698713183559,50.85574412345886
22.50372049474654,7.733698713183559,50.85574412345886
22.50372049474654,7.733698713183559,50.85574412345886
22.50372049474654,7.733698713183559,50.85574412345886
22.50372049474654,7.733698713183559,50.85574412345886
22.416808302841506,7.672122615925609,50.85574412345886
22.416808302841506,7.672122615925609,50.85574412345886
22.416808302841506,7.672122615925609,50.85574412345886
22.416808302841506,7.672122615925609,50.85574412345886
22.416808302841506,7.672122615925609,50.85574412345886
22.416808302841506,7.672122615925609,50.85574412345886
22.320605365058363,7.598129969430142,50.85574412345886
22.320605365058363,7.598129969430142,50.85574412345886
22.320605365058363,7.598129969430142,50.85574412345886
22.320605365058363,7.598129969430142,50.85574412345886
22.320605365058363,7.598129969430142,50.85574412345886
22.240407438829102,7.531493659112559,50.85574412345886
22.240407438829102,7.531493659112559,50.85574412345886
22.240407438829102,7.531493659112559,50.85574412345886
22.240407438829102,7.531493659112559,50.85574412345886
22.240407438829102,7.531493659112559,50.85574412345886
22.144115438002448,7.440971871521424,50.85574412345886
22.144115438002448,7.440971871521424,50.85574412345886
22.144115438002448,7.440971871521424,50.85574412345886
22.144115438002448,7.440971871521424,50.85574412345886
22.144115438002448,7.440971871521424,50.85574412345886
22.144115438002448,7.440971871521424,50.85574412345886
22.042890803506378,7.361504657520486,50.85574412345886
22.042890803506378,7.361504657520486,50.85574412345886
22.042890803506378,7.361504657520486,50.85574412345886
22.042890803506378,7.361504657520486,50.85574412345886
22.042890803506378,7.361504657520486,50.85574412345886
21.920640076033646,7.270714967139737,50.85574412345886
21.920640076033646,7.270714967139737,50.85574412345886
21.920640076033646,7.270714967139737,50.85574412345886
21.920640076033646,7.270714967139737,50.85574412345886
21.920640076033646,7.270714967139737,50.85574412345886
21.815295212074304,7.204845684161265,50.85574412345886
21.815295212074304,7.204845684161265,50.85574412345886
21.815295212074304,7.204845684161265,50.85574412345886
21.815295212074304,7.204845684161265,50.85574412345886
21.815295212074304,7.204845684161265,50.85574412345886
21.815295212074304,7.204845684161265,50.85574412345886
21.70431975468925,7.13259029154951,50.85574412345886
21.70431975468925,7.13259029154951,50.85574412345886
21.70431975468925,7.13259029154951,50.85574412345886
21.70431975468925,7.13259029154951,50.85574412345886
21.70431975468925,7.13259029154951,50.85574412345886
21.59704145532962,7.052297200315715,50.85574412345886
21.59704145532962,7.052297200315715,50.85574412345886
21.59704145532962,7.052297200315715,50.85574412345886
21.59704145532962,7.052297200315715,50.85574412345886
21.59704145532962,7.052297200315715,50.85574412345886
21.59704145532962,7.052297200315715,50.85574412345886
21.465478749933144,6.954942674062879,50.85574412345886
21.465478749933144,6.954942674062879,50.85574412345886
21.465478749933144,6.954942674062879,50.85574412345886
21.465478749933144,6.954942674062879,50.85574412345886
21.465478749933144,6.954942674062879,50.85574412345886
21.29916372746993,6.835181632965899,50.85574412345886
21.29916372746993,6.835181632965899,50.85574412345886
21.29916372746993,6.835181632965899,50.85574412345886
21.29916372746993,6.835181632965899,50.85574412345886
21.29916372746993,6.835181632965899,50.85574412345886
21.175792082141736,6.7566236614545705,50.85574412345886
21.175792082141736,6.7566236614545705,50.85574412345886
21.175792082141736,6.7566236614545705,50.85574412345886
21.175792082141736,6.7566236614545705,50.85574412345886
21.175792082141736,6.7566236614545705,50.85574412345886
21.175792082141736,6.7566236614545705,50.85574412345886
21.070148646699288,6.691450300759177,50.85574412345886
21.070148646699288,6.691450300759177,50.85574412345886
21.070148646699288,6.691450300759177,50.85574412345886
21.070148646699288,6.691450300759177,50.85574412345886
21.070148646699288,6.691450300759177,50.85574412345886
20.9054415670265,6.588527424530499,50.85574412345886
20.9054415670265,6.588527424530499,50.85574412345886
20.9054415670265,6.588527424530499,50.85574412345886
20.9054415670265,6.588527424530499,50.85574412345886
20.9054415670265,6.588527424530499,50.85574412345886
20.9054415670265,6.588527424530499,50.85574412345886
20.9054415670265,6.588527424530499,50.85574412345886
20.816428513261332,6.534686580748369,50.85574412345886
20.816428513261332,6.534686580748369,50.85574412345886
20.816428513261332,6.534686580748369,50.85574412345886
20.816428513261332,6.534686580748369,50.85574412345886
20.816428513261332,6.534686580748369,50.85574412345886
20.816428513261332,6.534686580748369,50.85574412345886
20.681205111958423,6.448373459687135,50.85574412345886
20.681205111958423,6.448373459687135,50.85574412345886
20.681205111958423,6.448373459687135,50.85574412345886
20.681205111958423,6.448373459687135,50.85574412345886
20.681205111958423,6.448373459687135,50.85574412345886
20.595419647086576,6.404038995825822,50.85574412345886
20.595419647086576,6.404038995825822,50.85574412345886
20.595419647086576,6.404038995825822,50.85574412345886
20.595419647086576,6.404038995825822,50.85574412345886
20.595419647086576,6.404038995825822,50.85574412345886
20.595419647086576,6.404038995825822,50.85574412345886
20.429634324167793,6.304589164797833,50.85574412345886
20.429634324167793,6.304589164797833,50.85574412345886
20.429634324167793,6.304589164797833,50.85574412345886
20.429634324167793,6.304589164797833,50.85574412345886
20.429634324167793,6.304589164797833,50.85574412345886
20.429634324167793,6.304589164797833,50.85574412345886
20.30749528946094,6.242160385006211,50.85574412345886
20.30749528946094,6.242160385006211,50.85574412345886
20.30749528946094,6.242160385006211,50.85574412345886
20.30749528946094,6.242160385006211,50.85574412345886
20.30749528946094,6.242160385006211,50.85574412345886
20.156148366513683,6.1501072571169235,50.85574412345886
20.156148366513683,6.1501072571169235,50.85574412345886
20.156148366513683,6.1501072571169235,50.85574412345886
20.156148366513683,6.1501072571169235,50.85574412345886
20.156148366513683,6.1501072571169235,50.85574412345886
20.012304153356794,6.065735576194935,50.85574412345886
20.012304153356794,6.065735576194935,50.85574412345886
20.012304153356794,6.065735576194935,50.85574412345886
20.012304153356794,6.065735576194935,50.85574412345886
20.012304153356794,6.065735576194935,50.85574412345886
19.883830180774954,6.007854510473774,50.85574412345886
19.883830180774954,6.007854510473774,50.85574412345886
19.883830180774954,6.007854510473774,50.85574412345886
19.883830180774954,6.007854510473774,50.85574412345886
19.883830180774954,6.007854510473774,50.85574412345886
19.72067557811273,5.930557776286886,50.85574412345886
19.72067557811273,5.930557776286886,50.85574412345886
19.72067557811273,5.930557776286886,50.85574412345886
19.72067557811273,5.930557776286886,50.85574412345886
19.72067557811273,5.930557776286886,50.85574412345886
19.72067557811273,5.930557776286886,50.85574412345886
19.580383193016303,5.855597192813084,50.85574412345886
19.580383193016303,5.855597192813084,50.85574412345886
19.580383193016303,5.855597192813084,50.85574412345886
19.580383193016303,5.855597192813084,50.85574412345886
19.580383193016303,5.855597192813084,50.85574412345886
19.453680105894794,5.790243412870922,50.85574412345886
19.453680105894794,5.790243412870922,50.85574412345886
19.453680105894794,5.790243412870922,50.85574412345886
19.453680105894794,5.790243412870922,50.85574412345886
19.453680105894794,5.790243412870922,50.85574412345886
19.453680105894794,5.790243412870922,50.85574412345886
19.326392881160942,5.7230450200784295,50.85574412345886
19.326392881160942,5.7230450200784295,50.85574412345886
19.326392881160942,5.7230450200784295,50.85574412345886
19.326392881160942,5.7230450200784295,50.85574412345886
19.326392881160942,5.7230450200784295,50.85574412345886
19.19444258651439,5.657126803900852,50.85574412345886
19.19444258651439,5.657126803900852,50.85574412345886
19.19444258651439,5.657126803900852,50.85574412345886
19.19444258651439,5.657126803900852,50.85574412345886
19.19444258651439,5.657126803900852,50.85574412345886
19.19444258651439,5.657126803900852,50.85574412345886
19.045908255191076,5.580483266581152,50.85574412345886
19.045908255191076,5.580483266581152,50.85574412345886
19.045908255191076,5.580483266581152,50.85574412345886
19.045908255191076,5.580483266581152,50.85574412345886
19.045908255191076,5.580483266581152,50.85574412345886
18.89847677575482,5.511948604491533,50.85574412345886
18.89847677575482,5.511948604491533,50.85574412345886
18.89847677575482,5.511948604491533,50.85574412345886
18.89847677575482,5.511948604491533,50.85574412345886
18.89847677575482,5.511948604491533,50.85574412345886
18.69279824535139,5.414302905374967,50.85574412345886
18.69279824535139,5.414302905374967,50.85574412345886
18.69279824535139,5.414302905374967,50.85574412345886
18.69279824535139,5.414302905374967,50.85574412345886
18.69279824535139,5.414302905374967,50.85574412345886
18.69279824535139,5.414302905374967,50.85574412345886
18.550207338547654,5.345579626111014,50.85574412345886
18.550207338547654,5.345579626111014,50.85574412345886
18.550207338547654,5.345579626111014,50.85574412345886
18.550207338547654,5.345579626111014,50.85574412345886
18.550207338547654,5.345579626111014,50.85574412345886
18.393980479306386,5.2760681443821476,50.85574412345886
18.393980479306386,5.2760681443821476,50.85574412345886
18.393980479306386,5.2760681443821476,50.85574412345886
18.393980479306386,5.2760681443821476,50.85574412345886
18.393980479306386,5.2760681443821476,50.85574412345886
18.25412714008222,5.21371488276495,50.85574412345886
18.25412714008222,5.21371488276495,50.85574412345886
18.25412714008222,5.21371488276495,50.85574412345886
18.25412714008222,5.21371488276495,50.85574412345886
18.25412714008222,5.21371488276495,50.85574412345886
18.1256131243668,5.155381447545119,50.85574412345886
18.1256131243668,5.155381447545119,50.85574412345886
18.1256131243668,5.155381447545119,50.85574412345886
18.1256131243668,5.155381447545119,50.85574412345886
18.1256131243668,5.155381447545119,50.85574412345886
18.00613190232885,5.100547486896175,50.85574412345886
18.00613190232885,5.100547486896175,50.85574412345886
18.00613190232885,5.100547486896175,50.85574412345886
18.00613190232885,5.100547486896175,50.85574412345886
18.00613190232885,5.100547486896175,50.85574412345886
18.00613190232885,5.100547486896175,50.85574412345886
17.850758609361048,5.034939900776194,50.85574412345886
17.850758609361048,5.034939900776194,50.85574412345886
17.850758609361048,5.034939900776194,50.85574412345886
17.850758609361048,5.034939900776194,50.85574412345886
17.850758609361048,5.034939900776194,50.85574412345886
17.724033298551664,4.97741111840052,50.85574412345886
17.724033298551664,4.97741111840052,50.85574412345886
17.724033298551664,4.97741111840052,50.85574412345886
17.724033298551664,4.97741111840052,50.85574412345886
17.724033298551664,4.97741111840052,50.85574412345886
17.517628713397094,4.87590707704629,50.85574412345886
17.517628713397094,4.87590707704629,50.85574412345886
17.517628713397094,4.87590707704629,50.85574412345886
17.517628713397094,4.87590707704629,50.85574412345886
17.517628713397094,4.87590707704629,50.85574412345886
17.347429127202982,4.794302317491338,50.85574412345886
17.347429127202982,4.794302317491338,50.85574412345886
17.347429127202982,4.794302317491338,50.85574412345886
17.347429127202982,4.794302317491338,50.85574412345886
17.347429127202982,4.794302317491338,50.85574412345886
17.347429127202982,4.794302317491338,50.85574412345886
17.1863901818709,4.718038198615841,50.85574412345886
17.1863901818709,4.718038198615841,50.85574412345886
17.1863901818709,4.718038198615841,50.85574412345886
17.1863901818709,4.718038198615841,50.85574412345886
17.1863901818709,4.718038198615841,50.85574412345886
17.02823777565901,4.650040310801648,50.85574412345886
17.02823777565901,4.650040310801648,50.85574412345886
17.02823777565901,4.650040310801648,50.85574412345886
17.02823777565901,4.650040310801648,50.85574412345886
17.02823777565901,4.650040310801648,50.85574412345886
17.02823777565901,4.650040310801648,50.85574412345886
16.888435996020046,4.609150763678418,50.85574412345886
16.888435996020046,4.609150763678418,50.85574412345886
16.888435996020046,4.609150763678418,50.85574412345886
16.888435996020046,4.609150763678418,50.85574412345886
16.888435996020046,4.609150763678418,50.85574412345886
16.888435996020046,4.609150763678418,50.85574412345886
16.75173959393461,4.5634462437540995,50.85574412345886
16.75173959393461,4.5634462437540995,50.85574412345886
16.75173959393461,4.5634462437540995,50.85574412345886
16.75173959393461,4.5634462437540995,50.85574412345886
16.75173959393461,4.5634462437540995,50.85574412345886
16.75173959393461,4.5634462437540995,50.85574412345886
16.52013981928428,4.460993657733383,50.85574412345886
16.52013981928428,4.460993657733383,50.85574412345886
16.52013981928428,4.460993657733383,50.85574412345886
16.52013981928428,4.460993657733383,50.85574412345886
16.52013981928428,4.460993657733383,50.85574412345886
16.375912919433716,4.3970057591699705,50.85574412345886
16.375912919433716,4.3970057591699705,50.85574412345886
16.375912919433716,4.3970057591699705,50.85574412345886
16.375912919433716,4.3970057591699705,50.85574412345886
16.375912919433716,4.3970057591699705,50.85574412345886
16.375912919433716,4.3970057591699705,50.85574412345886
16.25503168850463,4.341283656885418,50.85574412345886
16.25503168850463,4.341283656885418,50.85574412345886
16.25503168850463,4.341283656885418,50.85574412345886
16.25503168850463,4.341283656885418,50.85574412345886
16.25503168850463,4.341283656885418,50.85574412345886
16.124305621975054,4.28912584992298,50.85574412345886
16.124305621975054,4.28912584992298,50.85574412345886
16.124305621975054,4.28912584992298,50.85574412345886
16.124305621975054,4.28912584992298,50.85574412345886
16.124305621975054,4.28912584992298,50.85574412345886
16.124305621975054,4.28912584992298,50.85574412345886
15.913857230886808,4.20584353662754,50.85574412345886
15.913857230886808,4.20584353662754,50.85574412345886
15.913857230886808,4.20584353662754,50.85574412345886
15.913857230886808,4.20584353662754,50.85574412345886
15.913857230886808,4.20584353662754,50.85574412345886
15.913857230886808,4.20584353662754,50.85574412345886
15.752397987563228,4.151187586021032,50.85574412345886
15.752397987563228,4.151187586021032,50.85574412345886
15.752397987563228,4.151187586021032,50.85574412345886
15.752397987563228,4.151187586021032,50.85574412345886
15.752397987563228,4.151187586021032,50.85574412345886
15.752397987563228,4.151187586021032,50.85574412345886
15.752397987563228,4.151187586021032,50.85574412345886
15.615239850026969,4.106498054267651,50.85574412345886
15.615239850026969,4.106498054267651,50.85574412345886
15.615239850026969,4.106498054267651,50.85574412345886
15.615239850026969,4.106498054267651,50.85574412345886
15.615239850026969,4.106498054267651,50.85574412345886
15.422208796664405,4.044948824784194,50.85574412345886
15.422208796664405,4.044948824784194,50.85574412345886
15.422208796664405,4.044948824784194,50.85574412345886
15.422208796664405,4.044948824784194,50.85574412345886
15.422208796664405,4.044948824784194,50.85574412345886
15.422208796664405,4.044948824784194,50.85574412345886
15.265134917808568,3.9949716303819454,50.85574412345886
15.265134917808568,3.9949716303819454,50.85574412345886
15.265134917808568,3.9949716303819454,50.85574412345886
15.265134917808568,3.9949716303819454,50.85574412345886
15.265134917808568,3.9949716303819454,50.85574412345886
15.110248149514584,3.9464988008682984,50.85574412345886
15.110248149514584,3.9464988008682984,50.85574412345886
15.110248149514584,3.9464988008682984,50.85574412345886
15.110248149514584,3.9464988008682984,50.85574412345886
15.110248149514584,3.9464988008682984,50.85574412345886
14.950461337426747,3.8966799881596343,50.85574412345886
14.950461337426747,3.8966799881596343,50.85574412345886
14.950461337426747,3.8966799881596343,50.85574412345886
14.950461337426747,3.8966799881596343,50.85574412345886
14.950461337426747,3.8966799881596343,50.85574412345886
14.806160937329622,3.8630282137287733,50.85574412345886
14.806160937329622,3.8630282137287733,50.85574412345886
14.806160937329622,3.8630282137287733,50.85574412345886
14.806160937329622,3.8630282137287733,50.85574412345886
14.806160937329622,3.8630282137287733,50.85574412345886
14.806160937329622,3.8630282137287733,50.85574412345886
14.59631862220775,3.7926508971234862,50.85574412345886
14.59631862220775,3.7926508971234862,50.85574412345886
14.59631862220775,3.7926508971234862,50.85574412345886
14.59631862220775,3.7926508971234862,50.85574412345886
14.59631862220775,3.7926508971234862,50.85574412345886
14.59631862220775,3.7926508971234862,50.85574412345886
14.59631862220775,3.7926508971234862,50.85574412345886
14.436883185623342,3.735657574050452,50.85574412345886
14.436883185623342,3.735657574050452,50.85574412345886
14.436883185623342,3.735657574050452,50.85574412345886
14.436883185623342,3.735657574050452,50.85574412345886
14.436883185623342,3.735657574050452,50.85574412345886
14.30422839421486,3.683142057641103,50.85574412345886
14.30422839421486,3.683142057641103,50.85574412345886
14.30422839421486,3.683142057641103,50.85574412345886
14.30422839421486,3.683142057641103,50.85574412345886
14.30422839421486,3.683142057641103,50.85574412345886
14.30422839421486,3.683142057641103,50.85574412345886
14.168199272704769,3.6272572182431646,50.85574412345886
14.168199272704769,3.6272572182431646,50.85574412345886
14.168199272704769,3.6272572182431646,50.85574412345886
14.168199272704769,3.6272572182431646,50.85574412345886
14.168199272704769,3.6272572182431646,50.85574412345886
14.168199272704769,3.6272572182431646,50.85574412345886
13.950744724992736,3.571420986828813,50.85574412345886
13.950744724992736,3.571420986828813,50.85574412345886
13.950744724992736,3.571420986828813,50.85574412345886
13.950744724992736,3.571420986828813,50.85574412345886
13.950744724992736,3.571420986828813,50.85574412345886
13.818936666195292,3.5352759114396313,50.85574412345886
13.818936666195292,3.5352759114396313,50.85574412345886
13.818936666195292,3.5352759114396313,50.85574412345886
13.818936666195292,3.5352759114396313,50.85574412345886
13.818936666195292,3.5352759114396313,50.85574412345886
13.818936666195292,3.5352759114396313,50.85574412345886
13.61448189129538,3.48318610807034,50.85574412345886
13.61448189129538,3.48318610807034,50.85574412345886
13.61448189129538,3.48318610807034,50.85574412345886
13.61448189129538,3.48318610807034,50.85574412345886
13.61448189129538,3.48318610807034,50.85574412345886
13.61448189129538,3.48318610807034,50.85574412345886
13.448019074743065,3.4395383511720037,50.85574412345886
13.448019074743065,3.4395383511720037,50.85574412345886
13.448019074743065,3.4395383511720037,50.85574412345886
13.448019074743065,3.4395383511720037,50.85574412345886
13.448019074743065,3.4395383511720037,50.85574412345886
13.448019074743065,3.4395383511720037,50.85574412345886
13.303157158043227,3.3999641716838616,50.85574412345886
13.303157158043227,3.3999641716838616,50.85574412345886
13.303157158043227,3.3999641716838616,50.85574412345886
13.303157158043227,3.3999641716838616,50.85574412345886
13.303157158043227,3.3999641716838616,50.85574412345886
13.129691325171343,3.3536130218673663,50.85574412345886
13.129691325171343,3.3536130218673663,50.85574412345886
13.129691325171343,3.3536130218673663,50.85574412345886
13.129691325171343,3.3536130218673663,50.85574412345886
13.129691325171343,3.3536130218673663,50.85574412345886
13.129691325171343,3.3536130218673663,50.85574412345886
12.90860568703156,3.3014418977823827,50.85574412345886
12.90860568703156,3.3014418977823827,50.85574412345886
12.90860568703156,3.3014418977823827,50.85574412345886
12.90860568703156,3.3014418977823827,50.85574412345886
12.90860568703156,3.3014418977823827,50.85574412345886
12.90860568703156,3.3014418977823827,50.85574412345886
12.752722495951536,3.265133776175058,50.85574412345886
12.752722495951536,3.265133776175058,50.85574412345886
12.752722495951536,3.265133776175058,50.85574412345886
12.752722495951536,3.265133776175058,50.85574412345886
12.752722495951536,3.265133776175058,50.85574412345886
12.752722495951536,3.265133776175058,50.85574412345886
12.752722495951536,3.265133776175058,50.85574412345886
12.752722495951536,3.265133776175058,50.85574412345886
12.752722495951536,3.265133776175058,50.85574412345886
12.480981533917415,3.202384758875575,50.85574412345886
12.480981533917415,3.202384758875575,50.85574412345886
12.480981533917415,3.202384758875575,50.85574412345886
12.480981533917415,3.202384758875575,50.85574412345886
12.480981533917415,3.202384758875575,50.85574412345886
12.480981533917415,3.202384758875575,50.85574412345886
12.480981533917415,3.202384758875575,50.85574412345886
12.480981533917415,3.202384758875575,50.85574412345886
12.480981533917415,3.202384758875575,50.85574412345886
12.274065023175806,3.1568765063416864,50.85574412345886
12.274065023175806,3.1568765063416864,50.85574412345886
12.274065023175806,3.1568765063416864,50.85574412345886
12.274065023175806,3.1568765063416864,50.85574412345886
12.274065023175806,3.1568765063416864,50.85574412345886
12.274065023175806,3.1568765063416864,50.85574412345886
12.274065023175806,3.1568765063416864,50.85574412345886
12.274065023175806,3.1568765063416864,50.85574412345886
12.274065023175806,3.1568765063416864,50.85574412345886
12.069209866828905,3.108518172943237,50.85574412345886
12.069209866828905,3.108518172943237,50.85574412345886
12.069209866828905,3.108518172943237,50.85574412345886
12.069209866828905,3.108518172943237,50.85574412345886
12.069209866828905,3.108518172943237,50.85574412345886
12.069209866828905,3.108518172943237,50.85574412345886
12.069209866828905,3.108518172943237,50.85574412345886
12.069209866828905,3.108518172943237,50.85574412345886
11.788311557717726,3.0349069197363407,50.85574412345886
11.788311557717726,3.0349069197363407,50.85574412345886
11.788311557717726,3.0349069197363407,50.85574412345886
11.788311557717726,3.0349069197363407,50.85574412345886
11.788311557717726,3.0349069197363407,50.85574412345886
11.788311557717726,3.0349069197363407,50.85574412345886
11.788311557717726,3.0349069197363407,50.85574412345886
11.788311557717726,3.0349069197363407,50.85574412345886
11.788311557717726,3.0349069197363407,50.85574412345886
11.788311557717726,3.0349069197363407,50.85574412345886
11.495935182959078,2.9617612832526685,50.85574412345886
11.495935182959078,2.9617612832526685,50.85574412345886
11.495935182959078,2.9617612832526685,50.85574412345886
11.495935182959078,2.9617612832526685,50.85574412345886
11.495935182959078,2.9617612832526685,50.85574412345886
11.257508384148467,2.9139234806089833,50.85574412345886
11.257508384148467,2.9139234806089833,50.85574412345886
11.257508384148467,2.9139234806089833,50.85574412345886
11.257508384148467,2.9139234806089833,50.85574412345886
11.257508384148467,2.9139234806089833,50.85574412345886
11.09770550287897,2.884097212642522,50.85574412345886
11.09770550287897,2.884097212642522,50.85574412345886
11.09770550287897,2.884097212642522,50.85574412345886
11.09770550287897,2.884097212642522,50.85574412345886
11.09770550287897,2.884097212642522,50.85574412345886
10.938609503952245,2.8544001325313486,50.85574412345886
10.938609503952245,2.8544001325313486,50.85574412345886
10.938609503952245,2.8544001325313486,50.85574412345886
10.938609503952245,2.8544001325313486,50.85574412345886
10.938609503952245,2.8544001325313486,50.85574412345886
10.938609503952245,2.8544001325313486,50.85574412345886
10.938609503952245,2.8544001325313486,50.85574412345886
10.701530171678193,2.799770945018927,50.85574412345886
10.701530171678193,2.799770945018927,50.85574412345886
10.701530171678193,2.799770945018927,50.85574412345886
10.701530171678193,2.799770945018927,50.85574412345886
10.701530171678193,2.799770945018927,50.85574412345886
10.701530171678193,2.799770945018927,50.85574412345886
10.549760983354167,2.772877096376404,50.85574412345886
10.549760983354167,2.772877096376404,50.85574412345886
10.549760983354167,2.772877096376404,50.85574412345886
10.549760983354167,2.772877096376404,50.85574412345886
10.549760983354167,2.772877096376404,50.85574412345886
10.393275262579959,2.7380559278760415,50.85574412345886
10.393275262579959,2.7380559278760415,50.85574412345886
10.393275262579959,2.7380559278760415,50.85574412345886
10.393275262579959,2.7380559278760415,50.85574412345886
10.393275262579959,2.7380559278760415,50.85574412345886
10.393275262579959,2.7380559278760415,50.85574412345886
10.155718964865759,2.697074379925212,50.85574412345886
10.155718964865759,2.697074379925212,50.85574412345886
10.155718964865759,2.697074379925212,50.85574412345886
10.155718964865759,2.697074379925212,50.85574412345886
10.155718964865759,2.697074379925212,50.85574412345886
9.993753415057634,2.6688244509712433,50.85574412345886
9.993753415057634,2.6688244509712433,50.85574412345886
9.993753415057634,2.6688244509712433,50.85574412345886
9.993753415057634,2.6688244509712433,50.85574412345886
9.993753415057634,2.6688244509712433,50.85574412345886
9.993753415057634,2.6688244509712433,50.85574412345886
9.814245111913273,2.6390497574889586,50.85574412345886
9.814245111913273,2.6390497574889586,50.85574412345886
9.814245111913273,2.6390497574889586,50.85574412345886
9.814245111913273,2.6390497574889586,50.85574412345886
9.814245111913273,2.6390497574889586,50.85574412345886
9.614349394040818,2.5973293205625914,50.85574412345886
9.614349394040818,2.5973293205625914,50.85574412345886
9.614349394040818,2.5973293205625914,50.85574412345886
9.614349394040818,2.5973293205625914,50.85574412345886
9.614349394040818,2.5973293205625914,50.85574412345886
9.614349394040818,2.5973293205625914,50.85574412345886
9.451050156335459,2.563625054608692,50.85574412345886
9.451050156335459,2.563625054608692,50.85574412345886
9.451050156335459,2.563625054608692,50.85574412345886
9.451050156335459,2.563625054608692,50.85574412345886
9.451050156335459,2.563625054608692,50.85574412345886
9.451050156335459,2.563625054608692,50.85574412345886
9.232319268711294,2.5164648679131827,50.85574412345886
9.232319268711294,2.5164648679131827,50.85574412345886
9.232319268711294,2.5164648679131827,50.85574412345886
9.232319268711294,2.5164648679131827,50.85574412345886
9.232319268711294,2.5164648679131827,50.85574412345886
9.232319268711294,2.5164648679131827,50.85574412345886
9.089385542290879,2.4848005163599463,50.85574412345886
9.089385542290879,2.4848005163599463,50.85574412345886
9.089385542290879,2.4848005163599463,50.85574412345886
9.089385542290879,2.4848005163599463,50.85574412345886
9.089385542290879,2.4848005163599463,50.85574412345886
9.089385542290879,2.4848005163599463,50.85574412345886
9.089385542290879,2.4848005163599463,50.85574412345886
8.846345826306349,2.4321294325080096,50.85574412345886
8.846345826306349,2.4321294325080096,50.85574412345886
8.846345826306349,2.4321294325080096,50.85574412345886
8.846345826306349,2.4321294325080096,50.85574412345886
8.846345826306349,2.4321294325080096,50.85574412345886
8.846345826306349,2.4321294325080096,50.85574412345886
8.615897162948821,2.3875736051578387,50.85574412345886
8.615897162948821,2.3875736051578387,50.85574412345886
8.615897162948821,2.3875736051578387,50.85574412345886
8.615897162948821,2.3875736051578387,50.85574412345886
8.615897162948821,2.3875736051578387,50.85574412345886
8.615897162948821,2.3875736051578387,50.85574412345886
8.615897162948821,2.3875736051578387,50.85574412345886
8.439485557960237,2.3645312660572135,50.85574412345886
8.439485557960237,2.3645312660572135,50.85574412345886
8.439485557960237,2.3645312660572135,50.85574412345886
8.439485557960237,2.3645312660572135,50.85574412345886
8.439485557960237,2.3645312660572135,50.85574412345886
8.439485557960237,2.3645312660572135,50.85574412345886
8.439485557960237,2.3645312660572135,50.85574412345886
8.439485557960237,2.3645312660572135,50.85574412345886
8.238713206916133,2.304340508389523,50.85574412345886
8.238713206916133,2.304340508389523,50.85574412345886
8.238713206916133,2.304340508389523,50.85574412345886
8.238713206916133,2.304340508389523,50.85574412345886
8.238713206916133,2.304340508389523,50.85574412345886
8.238713206916133,2.304340508389523,50.85574412345886
8.238713206916133,2.304340508389523,50.85574412345886
8.238713206916133,2.304340508389523,50.85574412345886
8.238713206916133,2.304340508389523,50.85574412345886
7.983103458240541,2.2458773671726444,50.85574412345886
7.983103458240541,2.2458773671726444,50.85574412345886
7.983103458240541,2.2458773671726444,50.85574412345886
7.983103458240541,2.2458773671726444,50.85574412345886
7.983103458240541,2.2458773671726444,50.85574412345886
7.983103458240541,2.2458773671726444,50.85574412345886
7.983103458240541,2.2458773671726444,50.85574412345886
7.983103458240541,2.2458773671726444,50.85574412345886
7.983103458240541,2.2458773671726444,50.85574412345886
7.6897167962207424,2.1678501757105733,50.85574412345886
7.6897167962207424,2.1678501757105733,50.85574412345886
7.6897167962207424,2.1678501757105733,50.85574412345886
7.6897167962207424,2.1678501757105733,50.85574412345886
7.6897167962207424,2.1678501757105733,50.85574412345886
7.6897167962207424,2.1678501757105733,50.85574412345886
7.4913639394964475,2.125723081103394,50.85574412345886
7.4913639394964475,2.125723081103394,50.85574412345886
7.4913639394964475,2.125723081103394,50.85574412345886
7.4913639394964475,2.125723081103394,50.85574412345886
7.4913639394964475,2.125723081103394,50.85574412345886
7.4913639394964475,2.125723081103394,50.85574412345886
7.4913639394964475,2.125723081103394,50.85574412345886
7.307371278114638,2.0600480007759985,50.85574412345886
7.307371278114638,2.0600480007759985,50.85574412345886
7.307371278114638,2.0600480007759985,50.85574412345886
7.307371278114638,2.0600480007759985,50.85574412345886
7.307371278114638,2.0600480007759985,50.85574412345886
7.307371278114638,2.0600480007759985,50.85574412345886
7.307371278114638,2.0600480007759985,50.85574412345886
7.203040707422339,2.0185278130796123,50.85574412345886
7.203040707422339,2.0185278130796123,50.85574412345886
7.203040707422339,2.0185278130796123,50.85574412345886
7.203040707422339,2.0185278130796123,50.85574412345886
7.203040707422339,2.0185278130796123,50.85574412345886
7.203040707422339,2.0185278130796123,50.85574412345886
7.203040707422339,2.0185278130796123,50.85574412345886
6.988804964426465,1.9494426174283497,50.85574412345886
6.988804964426465,1.9494426174283497,50.85574412345886
6.988804964426465,1.9494426174283497,50.85574412345886
6.988804964426465,1.9494426174283497,50.85574412345886
6.988804964426465,1.9494426174283497,50.85574412345886
6.988804964426465,1.9494426174283497,50.85574412345886
6.780080997732726,1.8878959589766906,50.85574412345886
6.780080997732726,1.8878959589766906,50.85574412345886
6.780080997732726,1.8878959589766906,50.85574412345886
6.780080997732726,1.8878959589766906,50.85574412345886
6.780080997732726,1.8878959589766906,50.85574412345886
6.780080997732726,1.8878959589766906,50.85574412345886
6.652984130946063,1.844791528915318,50.85574412345886
6.652984130946063,1.844791528915318,50.85574412345886
6.652984130946063,1.844791528915318,50.85574412345886
6.652984130946063,1.844791528915318,50.85574412345886
6.652984130946063,1.844791528915318,50.85574412345886
6.652984130946063,1.844791528915318,50.85574412345886
6.440547300132014,1.772975128342801,50.85574412345886
6.440547300132014,1.772975128342801,50.85574412345886
6.440547300132014,1.772975128342801,50.85574412345886
6.440547300132014,1.772975128342801,50.85574412345886
6.440547300132014,1.772975128342801,50.85574412345886
6.440547300132014,1.772975128342801,50.85574412345886
6.29662238128029,1.7343631975751719,50.85574412345886
6.29662238128029,1.7343631975751719,50.85574412345886
6.29662238128029,1.7343631975751719,50.85574412345886
6.29662238128029,1.7343631975751719,50.85574412345886
6.29662238128029,1.7343631975751719,50.85574412345886
6.135576206196317,1.696684642816827,50.85574412345886
6.135576206196317,1.696684642816827,50.85574412345886
6.135576206196317,1.696684642816827,50.85574412345886
6.135576206196317,1.696684642816827,50.85574412345886
6.135576206196317,1.696684642816827,50.85574412345886
6.135576206196317,1.696684642816827,50.85574412345886
5.98230864097953,1.6560373191310767,50.85574412345886
5.98230864097953,1.6560373191310767,50.85574412345886
5.98230864097953,1.6560373191310767,50.85574412345886
5.98230864097953,1.6560373191310767,50.85574412345886
5.98230864097953,1.6560373191310767,50.85574412345886
5.98230864097953,1.6560373191310767,50.85574412345886
5.772492820685168,1.584650581368001,50.85574412345886
5.772492820685168,1.584650581368001,50.85574412345886
5.772492820685168,1.584650581368001,50.85574412345886
5.772492820685168,1.584650581368001,50.85574412345886
5.772492820685168,1.584650581368001,50.85574412345886
5.625405715688753,1.529798578817496,50.85574412345886
5.625405715688753,1.529798578817496,50.85574412345886
5.625405715688753,1.529798578817496,50.85574412345886
5.625405715688753,1.529798578817496,50.85574412345886
5.625405715688753,1.529798578817496,50.85574412345886
5.625405715688753,1.529798578817496,50.85574412345886
5.5006092195661545,1.494126385938802,50.85574412345886
5.5006092195661545,1.494126385938802,50.85574412345886
5.5006092195661545,1.494126385938802,50.85574412345886
5.5006092195661545,1.494126385938802,50.85574412345886
5.5006092195661545,1.494126385938802,50.85574412345886
5.5006092195661545,1.494126385938802,50.85574412345886
5.2806952160958875,1.4333194940633551,50.85574412345886
5.2806952160958875,1.4333194940633551,50.85574412345886
5.2806952160958875,1.4333194940633551,50.85574412345886
5.2806952160958875,1.4333194940633551,50.85574412345886
5.2806952160958875,1.4333194940633551,50.85574412345886
5.2806952160958875,1.4333194940633551,50.85574412345886
5.1458672547174515,1.391583990461805,50.85574412345886
5.1458672547174515,1.391583990461805,50.85574412345886
5.1458672547174515,1.391583990461805,50.85574412345886
5.1458672547174515,1.391583990461805,50.85574412345886
5.1458672547174515,1.391583990461805,50.85574412345886
4.974937816512855,1.3427582027468643,50.85574412345886
4.974937816512855,1.3427582027468643,50.85574412345886
4.974937816512855,1.3427582027468643,50.85574412345886
4.974937816512855,1.3427582027468643,50.85574412345886
4.974937816512855,1.3427582027468643,50.85574412345886
4.974937816512855,1.3427582027468643,50.85574412345886
4.7492611125469635,1.276920019359128,50.85574412345886
4.7492611125469635,1.276920019359128,50.85574412345886
4.7492611125469635,1.276920019359128,50.85574412345886
4.7492611125469635,1.276920019359128,50.85574412345886
4.7492611125469635,1.276920019359128,50.85574412345886
4.7492611125469635,1.276920019359128,50.85574412345886
4.6177240956605115,1.2427785626947356,50.85574412345886
4.6177240956605115,1.2427785626947356,50.85574412345886
4.6177240956605115,1.2427785626947356,50.85574412345886
4.6177240956605115,1.2427785626947356,50.85574412345886
4.6177240956605115,1.2427785626947356,50.85574412345886
4.6177240956605115,1.2427785626947356,50.85574412345886
4.459559434611262,1.2012477576357146,50.85574412345886
4.459559434611262,1.2012477576357146,50.85574412345886
4.459559434611262,1.2012477576357146,50.85574412345886
4.459559434611262,1.2012477576357146,50.85574412345886
4.459559434611262,1.2012477576357146,50.85574412345886
4.459559434611262,1.2012477576357146,50.85574412345886
4.34242363578475,1.1664915021867654,50.85574412345886
4.34242363578475,1.1664915021867654,50.85574412345886
4.34242363578475,1.1664915021867654,50.85574412345886
4.34242363578475,1.1664915021867654,50.85574412345886
4.34242363578475,1.1664915021867654,50.85574412345886
4.131624270148895,1.1126224456579825,50.85574412345886
4.131624270148895,1.1126224456579825,50.85574412345886
4.131624270148895,1.1126224456579825,50.85574412345886
4.131624270148895,1.1126224456579825,50.85574412345886
4.131624270148895,1.1126224456579825,50.85574412345886
4.131624270148895,1.1126224456579825,50.85574412345886
4.131624270148895,1.1126224456579825,50.85574412345886
4.131624270148895,1.1126224456579825,50.85574412345886
4.0136266339169495,1.0755994275062897,50.85574412345886
4.0136266339169495,1.0755994275062897,50.85574412345886
4.0136266339169495,1.0755994275062897,50.85574412345886
4.0136266339169495,1.0755994275062897,50.85574412345886
4.0136266339169495,1.0755994275062897,50.85574412345886
4.0136266339169495,1.0755994275062897,50.85574412345886
4.0136266339169495,1.0755994275062897,50.85574412345886
3.8345485354605704,1.0213666975454283,50.85574412345886
3.8345485354605704,1.0213666975454283,50.85574412345886
3.8345485354605704,1.0213666975454283,50.85574412345886
3.8345485354605704,1.0213666975454283,50.85574412345886
3.8345485354605704,1.0213666975454283,50.85574412345886
3.8345485354605704,1.0213666975454283,50.85574412345886
3.8345485354605704,1.0213666975454283,50.85574412345886
3.609957205559917,0.9666459757989482,50.85574412345886
3.609957205559917,0.9666459757989482,50.85574412345886
3.609957205559917,0.9666459757989482,50.85574412345886
3.609957205559917,0.9666459757989482,50.85574412345886
3.609957205559917,0.9666459757989482,50.85574412345886
3.609957205559917,0.9666459757989482,50.85574412345886
3.609957205559917,0.9666459757989482,50.85574412345886
3.609957205559917,0.9666459757989482,50.85574412345886
3.4171549586606065,0.9174395589882692,50.85574412345886
3.4171549586606065,0.9174395589882692,50.85574412345886
3.4171549586606065,0.9174395589882692,50.85574412345886
3.4171549586606065,0.9174395589882692,50.85574412345886
3.4171549586606065,0.9174395589882692,50.85574412345886
3.4171549586606065,0.9174395589882692,50.85574412345886
3.4171549586606065,0.9174395589882692,50.85574412345886
3.4171549586606065,0.9174395589882692,50.85574412345886
3.163103785150135,0.8488535031735178,50.85574412345886
3.163103785150135,0.8488535031735178,50.85574412345886
3.163103785150135,0.8488535031735178,50.85574412345886
3.163103785150135,0.8488535031735178,50.85574412345886
3.163103785150135,0.8488535031735178,50.85574412345886
3.163103785150135,0.8488535031735178,50.85574412345886
2.93097096033255,0.7970204108291222,50.85574412345886
2.93097096033255,0.7970204108291222,50.85574412345886
2.93097096033255,0.7970204108291222,50.85574412345886
2.93097096033255,0.7970204108291222,50.85574412345886
2.93097096033255,0.7970204108291222,50.85574412345886
2.93097096033255,0.7970204108291222,50.85574412345886
2.93097096033255,0.7970204108291222,50.85574412345886
2.93097096033255,0.7970204108291222,50.85574412345886
2.7071225008151774,0.7459390260634491,50.85574412345886
2.7071225008151774,0.7459390260634491,50.85574412345886
2.7071225008151774,0.7459390260634491,50.85574412345886
2.7071225008151774,0.7459390260634491,50.85574412345886
2.7071225008151774,0.7459390260634491,50.85574412345886
2.7071225008151774,0.7459390260634491,50.85574412345886
2.7071225008151774,0.7459390260634491,50.85574412345886
2.7071225008151774,0.7459390260634491,50.85574412345886
2.5046071714219473,0.6899406722471821,50.85574412345886
2.5046071714219473,0.6899406722471821,50.85574412345886
2.5046071714219473,0.6899406722471821,50.85574412345886
2.5046071714219473,0.6899406722471821,50.85574412345886
2.5046071714219473,0.6899406722471821,50.85574412345886
2.5046071714219473,0.6899406722471821,50.85574412345886
2.5046071714219473,0.6899406722471821,50.85574412345886
2.277616310678898,0.6268783797594737,50.85574412345886
2.277616310678898,0.6268783797594737,50.85574412345886
2.277616310678898,0.6268783797594737,50.85574412345886
2.277616310678898,0.6268783797594737,50.85574412345886
2.277616310678898,0.6268783797594737,50.85574412345886
2.277616310678898,0.6268783797594737,50.85574412345886
2.277616310678898,0.6268783797594737,50.85574412345886
2.0654465285554706,0.5726495772160862,50.85574412345886
2.0654465285554706,0.5726495772160862,50.85574412345886
2.0654465285554706,0.5726495772160862,50.85574412345886
2.0654465285554706,0.5726495772160862,50.85574412345886
2.0654465285554706,0.5726495772160862,50.85574412345886
2.0654465285554706,0.5726495772160862,50.85574412345886
2.0654465285554706,0.5726495772160862,50.85574412345886
2.0654465285554706,0.5726495772160862,50.85574412345886
1.841541423148153,0.5213409715939005,50.85574412345886
1.841541423148153,0.5213409715939005,50.85574412345886
1.841541423148153,0.5213409715939005,50.85574412345886
1.841541423148153,0.5213409715939005,50.85574412345886
1.841541423148153,0.5213409715939005,50.85574412345886
1.841541423148153,0.5213409715939005,50.85574412345886
1.841541423148153,0.5213409715939005,50.85574412345886
1.6268723656836517,0.47408627338045234,50.85574412345886
1.6268723656836517,0.47408627338045234,50.85574412345886
1.6268723656836517,0.47408627338045234,50.85574412345886
1.6268723656836517,0.47408627338045234,50.85574412345886
1.6268723656836517,0.47408627338045234,50.85574412345886
1.6268723656836517,0.47408627338045234,50.85574412345886
1.6268723656836517,0.47408627338045234,50.85574412345886
1.4011662304039585,0.4189840010829049,50.85574412345886
1.4011662304039585,0.4189840010829049,50.85574412345886
1.4011662304039585,0.4189840010829049,50.85574412345886
1.4011662304039585,0.4189840010829049,50.85574412345886
1.4011662304039585,0.4189840010829049,50.85574412345886
1.4011662304039585,0.4189840010829049,50.85574412345886
1.2598189802944184,0.38821976075507747,50.85574412345886
1.2598189802944184,0.38821976075507747,50.85574412345886
1.2598189802944184,0.38821976075507747,50.85574412345886
1.2598189802944184,0.38821976075507747,50.85574412345886
1.2598189802944184,0.38821976075507747,50.85574412345886
1.2598189802944184,0.38821976075507747,50.85574412345886
1.07179911523918,0.3373084946191505,50.85574412345886
1.07179911523918,0.3373084946191505,50.85574412345886
1.07179911523918,0.3373084946191505,50.85574412345886
1.07179911523918,0.3373084946191505,50.85574412345886
1.07179911523918,0.3373084946191505,50.85574412345886
1.07179911523918,0.3373084946191505,50.85574412345886
0.9442062731465685,0.2939467861275189,50.85574412345886
0.9442062731465685,0.2939467861275189,50.85574412345886
0.9442062731465685,0.2939467861275189,50.85574412345886
0.9442062731465685,0.2939467861275189,50.85574412345886
0.9442062731465685,0.2939467861275189,50.85574412345886
0.8437430682808049,0.26342638632612486,50.85574412345886
0.8437430682808049,0.26342638632612486,50.85574412345886
0.8437430682808049,0.26342638632612486,50.85574412345886
0.8437430682808049,0.26342638632612486,50.85574412345886
0.8437430682808049,0.26342638632612486,50.85574412345886
0.8437430682808049,0.26342638632612486,50.85574412345886
0.6525001415610439,0.21199622937251444,50.85574412345886
0.6525001415610439,0.21199622937251444,50.85574412345886
0.6525001415610439,0.21199622937251444,50.85574412345886
0.6525001415610439,0.21199622937251444,50.85574412345886
0.6525001415610439,0.21199622937251444,50.85574412345886
0.6525001415610439,0.21199622937251444,50.85574412345886
0.5274325947650264,0.1757236952238214,50.85574412345886
0.5274325947650264,0.1757236952238214,50.85574412345886
0.5274325947650264,0.1757236952238214,50.85574412345886
0.5274325947650264,0.1757236952238214,50.85574412345886
0.5274325947650264,0.1757236952238214,50.85574412345886
0.4248373889978573,0.1492130613194922,50.85574412345886
0.4248373889978573,0.1492130613194922,50.85574412345886
0.4248373889978573,0.1492130613194922,50.85574412345886
0.4248373889978573,0.1492130613194922,50.85574412345886
0.4248373889978573,0.1492130613194922,50.85574412345886
0.4248373889978573,0.1492130613194922,50.85574412345886
0.27534294796304076,0.10667305805489369,50.85574412345886
0.27534294796304076,0.10667305805489369,50.85574412345886
0.27534294796304076,0.10667305805489369,50.85574412345886
0.27534294796304076,0.10667305805489369,50.85574412345886
0.27534294796304076,0.10667305805489369,50.85574412345886
0.27534294796304076,0.10667305805489369,50.85574412345886
0.1131585120209918,0.07058021727931361,50.85574412345886
0.1131585120209918,0.07058021727931361,50.85574412345886
0.1131585120209918,0.07058021727931361,50.85574412345886
0.1131585120209918,0.07058021727931361,50.85574412345886
0.1131585120209918,0.07058021727931361,50.85574412345886
0.1131585120209918,0.07058021727931361,50.85574412345886
-0.011850344242487038,0.04253610328647655,50.85574412345886
-0.011850344242487038,0.04253610328647655,50.85574412345886
-0.011850344242487038,0.04253610328647655,50.85574412345886
-0.011850344242487038,0.04253610328647655,50.85574412345886
-0.011850344242487038,0.04253610328647655,50.85574412345886
-0.011850344242487038,0.04253610328647655,50.85574412345886
-0.13101427405016347,0.015206339690925098,50.85574412345886
-0.13101427405016347,0.015206339690925098,50.85574412345886
-0.13101427405016347,0.015206339690925098,50.85574412345886
-0.13101427405016347,0.015206339690925098,50.85574412345886
-0.13101427405016347,0.015206339690925098,50.85574412345886
-0.13101427405016347,0.015206339690925098,50.85574412345886
-0.3535239317776939,-0.04867927041475014,50.85574412345886
-0.3535239317776939,-0.04867927041475014,50.85574412345886
-0.3535239317776939,-0.04867927041475014,50.85574412345886
-0.3535239317776939,-0.04867927041475014,50.85574412345886
-0.3535239317776939,-0.04867927041475014,50.85574412345886
-0.3535239317776939,-0.04867927041475014,50.85574412345886
-0.4919414364196784,-0.09258203557753922,50.85574412345886
-0.4919414364196784,-0.09258203557753922,50.85574412345886
-0.4919414364196784,-0.09258203557753922,50.85574412345886
-0.4919414364196784,-0.09258203557753922,50.85574412345886
-0.4919414364196784,-0.09258203557753922,50.85574412345886
-0.4919414364196784,-0.09258203557753922,50.85574412345886
-0.7297968024295337,-0.1557935383741847,50.85574412345886
-0.7297968024295337,-0.1557935383741847,50.85574412345886
-0.7297968024295337,-0.1557935383741847,50.85574412345886
-0.7297968024295337,-0.1557935383741847,50.85574412345886
-0.7297968024295337,-0.1557935383741847,50.85574412345886
-0.7297968024295337,-0.1557935383741847,50.85574412345886
-0.8219812551286305,-0.17215973603297288,50.85574412345886
-0.8219812551286305,-0.17215973603297288,50.85574412345886
-0.8219812551286305,-0.17215973603297288,50.85574412345886
-0.8219812551286305,-0.17215973603297288,50.85574412345886
-0.8219812551286305,-0.17215973603297288,50.85574412345886
-0.8219812551286305,-0.17215973603297288,50.85574412345886
-1.017869381300479,-0.21298535233611599,50.85574412345886
-1.017869381300479,-0.21298535233611599,50.85574412345886
-1.017869381300479,-0.21298535233611599,50.85574412345886
-1.017869381300479,-0.21298535233611599,50.85574412345886
-1.017869381300479,-0.21298535233611599,50.85574412345886
-1.017869381300479,-0.21298535233611599,50.85574412345886
-1.0706108042732703,-0.2265351640579872,50.85574412345886
-1.0706108042732703,-0.2265351640579872,50.85574412345886
-1.0706108042732703,-0.2265351640579872,50.85574412345886
-1.0706108042732703,-0.2265351640579872,50.85574412345886
-1.0706108042732703,-0.2265351640579872,50.85574412345886
-1.0706108042732703,-0.2265351640579872,50.85574412345886
-1.1709109241622726,-0.24877857994068348,50.85574412345886
-1.1709109241622726,-0.24877857994068348,50.85574412345886
-1.1709109241622726,-0.24877857994068348,50.85574412345886
-1.1709109241622726,-0.24877857994068348,50.85574412345886
-1.1709109241622726,-0.24877857994068348,50.85574412345886
-1.1709109241622726,-0.24877857994068348,50.85574412345886
-1.395984973379641,-0.31819977906979685,50.85574412345886
-1.395984973379641,-0.31819977906979685,50.85574412345886
-1.395984973379641,-0.31819977906979685,50.85574412345886
-1.395984973379641,-0.31819977906979685,50.85574412345886
-1.395984973379641,-0.31819977906979685,50.85574412345886
-1.395984973379641,-0.31819977906979685,50.85574412345886
-1.5367175476243708,-0.3775257406402611,50.85574412345886
-1.5367175476243708,-0.3775257406402611,50.85574412345886
-1.5367175476243708,-0.3775257406402611,50.85574412345886
-1.5367175476243708,-0.3775257406402611,50.85574412345886
-1.5367175476243708,-0.3775257406402611,50.85574412345886
-1.5367175476243708,-0.3775257406402611,50.85574412345886
-1.6651148340846782,-0.42684355267573004,50.85574412345886
-1.6651148340846782,-0.42684355267573004,50.85574412345886
-1.6651148340846782,-0.42684355267573004,50.85574412345886
-1.6651148340846782,-0.42684355267573004,50.85574412345886
-1.6651148340846782,-0.42684355267573004,50.85574412345886
-1.6651148340846782,-0.42684355267573004,50.85574412345886
-1.8262998148883707,-0.4860695788771493,50.85574412345886
-1.8262998148883707,-0.4860695788771493,50.85574412345886
-1.8262998148883707,-0.4860695788771493,50.85574412345886
-1.8262998148883707,-0.4860695788771493,50.85574412345886
-1.8262998148883707,-0.4860695788771493,50.85574412345886
-1.8262998148883707,-0.4860695788771493,50.85574412345886
-2.0227413562732055,-0.5583605362343759,50.85574412345886
-2.0227413562732055,-0.5583605362343759,50.85574412345886
-2.0227413562732055,-0.5583605362343759,50.85574412345886
-2.0227413562732055,-0.5583605362343759,50.85574412345886
-2.0227413562732055,-0.5583605362343759,50.85574412345886
-2.0227413562732055,-0.5583605362343759,50.85574412345886
-2.1335439001301215,-0.5944057149024569,50.85574412345886
-2.1335439001301215,-0.5944057149024569,50.85574412345886
-2.1335439001301215,-0.5944057149024569,50.85574412345886
-2.1335439001301215,-0.5944057149024569,50.85574412345886
-2.1335439001301215,-0.5944057149024569,50.85574412345886
-2.1335439001301215,-0.5944057149024569,50.85574412345886
-2.282818126463799,-0.6417565625101727,50.85574412345886
-2.282818126463799,-0.6417565625101727,50.85574412345886
-2.282818126463799,-0.6417565625101727,50.85574412345886
-2.282818126463799,-0.6417565625101727,50.85574412345886
-2.282818126463799,-0.6417565625101727,50.85574412345886
-2.282818126463799,-0.6417565625101727,50.85574412345886
-2.433451973908961,-0.6813403711587975,50.85574412345886
-2.433451973908961,-0.6813403711587975,50.85574412345886
-2.433451973908961,-0.6813403711587975,50.85574412345886
-2.433451973908961,-0.6813403711587975,50.85574412345886
-2.433451973908961,-0.6813403711587975,50.85574412345886
-2.433451973908961,-0.6813403711587975,50.85574412345886
-2.595513005601344,-0.7290160355483878,50.85574412345886
-2.595513005601344,-0.7290160355483878,50.85574412345886
-2.595513005601344,-0.7290160355483878,50.85574412345886
-2.595513005601344,-0.7290160355483878,50.85574412345886
-2.595513005601344,-0.7290160355483878,50.85574412345886
-2.7338778848895227,-0.7694115556964449,50.85574412345886
-2.7338778848895227,-0.7694115556964449,50.85574412345886
-2.7338778848895227,-0.7694115556964449,50.85574412345886
-2.7338778848895227,-0.7694115556964449,50.85574412345886
-2.7338778848895227,-0.7694115556964449,50.85574412345886
-2.7338778848895227,-0.7694115556964449,50.85574412345886
-2.9661150197486488,-0.8322471467027512,50.85574412345886
-2.9661150197486488,-0.8322471467027512,50.85574412345886
-2.9661150197486488,-0.8322471467027512,50.85574412345886
-2.9661150197486488,-0.8322471467027512,50.85574412345886
-2.9661150197486488,-0.8322471467027512,50.85574412345886
-2.9661150197486488,-0.8322471467027512,50.85574412345886
-3.102461460016862,-0.8675282776576267,50.85574412345886
-3.102461460016862,-0.8675282776576267,50.85574412345886
-3.102461460016862,-0.8675282776576267,50.85574412345886
-3.102461460016862,-0.8675282776576267,50.85574412345886
-3.102461460016862,-0.8675282776576267,50.85574412345886
-3.102461460016862,-0.8675282776576267,50.85574412345886
-3.2270976571062424,-0.8990751027143172,50.85574412345886
-3.2270976571062424,-0.8990751027143172,50.85574412345886
-3.2270976571062424,-0.8990751027143172,50.85574412345886
-3.2270976571062424,-0.8990751027143172,50.85574412345886
-3.2270976571062424,-0.8990751027143172,50.85574412345886
-3.2270976571062424,-0.8990751027143172,50.85574412345886
-3.425414659105527,-0.9510796504618966,50.85574412345886
-3.425414659105527,-0.9510796504618966,50.85574412345886
-3.425414659105527,-0.9510796504618966,50.85574412345886
-3.425414659105527,-0.9510796504618966,50.85574412345886
-3.425414659105527,-0.9510796504618966,50.85574412345886
-3.425414659105527,-0.9510796504618966,50.85574412345886
-3.425414659105527,-0.9510796504618966,50.85574412345886
-3.594963822947041,-0.9909427038074217,50.85574412345886
-3.594963822947041,-0.9909427038074217,50.85574412345886
-3.594963822947041,-0.9909427038074217,50.85574412345886
-3.594963822947041,-0.9909427038074217,50.85574412345886
-3.594963822947041,-0.9909427038074217,50.85574412345886
-3.594963822947041,-0.9909427038074217,50.85574412345886
-3.814021048852648,-1.0575316418805594,50.85574412345886
-3.814021048852648,-1.0575316418805594,50.85574412345886
-3.814021048852648,-1.0575316418805594,50.85574412345886
-3.814021048852648,-1.0575316418805594,50.85574412345886
-3.814021048852648,-1.0575316418805594,50.85574412345886
-3.814021048852648,-1.0575316418805594,50.85574412345886
-3.946329529628038,-1.0979261386988963,50.85574412345886
-3.946329529628038,-1.0979261386988963,50.85574412345886
-3.946329529628038,-1.0979261386988963,50.85574412345886
-3.946329529628038,-1.0979261386988963,50.85574412345886
-3.946329529628038,-1.0979261386988963,50.85574412345886
-3.946329529628038,-1.0979261386988963,50.85574412345886
-4.131477675633096,-1.1530449635205646,50.85574412345886
-4.131477675633096,-1.1530449635205646,50.85574412345886
-4.131477675633096,-1.1530449635205646,50.85574412345886
-4.131477675633096,-1.1530449635205646,50.85574412345886
-4.131477675633096,-1.1530449635205646,50.85574412345886
-4.279294056285535,-1.193312380408308,50.85574412345886
-4.279294056285535,-1.193312380408308,50.85574412345886
-4.279294056285535,-1.193312380408308,50.85574412345886
-4.279294056285535,-1.193312380408308,50.85574412345886
-4.279294056285535,-1.193312380408308,50.85574412345886
-4.279294056285535,-1.193312380408308,50.85574412345886
-4.431914764936494,-1.2224082387530486,50.85574412345886
-4.431914764936494,-1.2224082387530486,50.85574412345886
-4.431914764936494,-1.2224082387530486,50.85574412345886
-4.431914764936494,-1.2224082387530486,50.85574412345886
-4.431914764936494,-1.2224082387530486,50.85574412345886
-4.611951682892852,-1.2564146767449367,50.85574412345886
-4.611951682892852,-1.2564146767449367,50.85574412345886
-4.611951682892852,-1.2564146767449367,50.85574412345886
-4.611951682892852,-1.2564146767449367,50.85574412345886
-4.611951682892852,-1.2564146767449367,50.85574412345886
-4.7269163241605545,-1.2708672883819976,50.85574412345886
-4.7269163241605545,-1.2708672883819976,50.85574412345886
-4.7269163241605545,-1.2708672883819976,50.85574412345886
-4.7269163241605545,-1.2708672883819976,50.85574412345886
-4.7269163241605545,-1.2708672883819976,50.85574412345886
-4.7269163241605545,-1.2708672883819976,50.85574412345886
-4.946381298918731,-1.333428366545141,50.85574412345886
-4.946381298918731,-1.333428366545141,50.85574412345886
-4.946381298918731,-1.333428366545141,50.85574412345886
-4.946381298918731,-1.333428366545141,50.85574412345886
-4.946381298918731,-1.333428366545141,50.85574412345886
-4.946381298918731,-1.333428366545141,50.85574412345886
-5.102430085307403,-1.37255878021954,50.85574412345886
-5.102430085307403,-1.37255878021954,50.85574412345886
-5.102430085307403,-1.37255878021954,50.85574412345886
-5.102430085307403,-1.37255878021954,50.85574412345886
-5.102430085307403,-1.37255878021954,50.85574412345886
-5.102430085307403,-1.37255878021954,50.85574412345886
-5.102430085307403,-1.37255878021954,50.85574412345886
-5.2278040247398945,-1.4145735154374606,50.85574412345886
-5.2278040247398945,-1.4145735154374606,50.85574412345886
-5.2278040247398945,-1.4145735154374606,50.85574412345886
-5.2278040247398945,-1.4145735154374606,50.85574412345886
-5.2278040247398945,-1.4145735154374606,50.85574412345886
-5.2278040247398945,-1.4145735154374606,50.85574412345886
-5.2278040247398945,-1.4145735154374606,50.85574412345886
-5.2278040247398945,-1.4145735154374606,50.85574412345886
-5.440465134157334,-1.4492314827511705,50.85574412345886
-5.440465134157334,-1.4492314827511705,50.85574412345886
-5.440465134157334,-1.4492314827511705,50.85574412345886
-5.440465134157334,-1.4492314827511705,50.85574412345886
-5.440465134157334,-1.4492314827511705,50.85574412345886
-5.440465134157334,-1.4492314827511705,50.85574412345886
-5.440465134157334,-1.4492314827511705,50.85574412345886
-5.656105890131247,-1.4977773013918259,50.85574412345886
-5.656105890131247,-1.4977773013918259,50.85574412345886
-5.656105890131247,-1.4977773013918259,50.85574412345886
-5.656105890131247,-1.4977773013918259,50.85574412345886
-5.656105890131247,-1.4977773013918259,50.85574412345886
-5.656105890131247,-1.4977773013918259,50.85574412345886
-5.656105890131247,-1.4977773013918259,50.85574412345886
-5.656105890131247,-1.4977773013918259,50.85574412345886
-5.860762013091948,-1.5500464695206957,50.85574412345886
-5.860762013091948,-1.5500464695206957,50.85574412345886
-5.860762013091948,-1.5500464695206957,50.85574412345886
-5.860762013091948,-1.5500464695206957,50.85574412345886
-5.860762013091948,-1.5500464695206957,50.85574412345886
-6.053174404550502,-1.6070385833285683,50.85574412345886
-6.053174404550502,-1.6070385833285683,50.85574412345886
-6.053174404550502,-1.6070385833285683,50.85574412345886
-6.053174404550502,-1.6070385833285683,50.85574412345886
-6.053174404550502,-1.6070385833285683,50.85574412345886
-6.053174404550502,-1.6070385833285683,50.85574412345886
-6.216564052293986,-1.6495929981842203,50.85574412345886
-6.216564052293986,-1.6495929981842203,50.85574412345886
-6.216564052293986,-1.6495929981842203,50.85574412345886
-6.216564052293986,-1.6495929981842203,50.85574412345886
-6.216564052293986,-1.6495929981842203,50.85574412345886
-6.360757530546562,-1.6899742534486306,50.85574412345886
-6.360757530546562,-1.6899742534486306,50.85574412345886
-6.360757530546562,-1.6899742534486306,50.85574412345886
-6.360757530546562,-1.6899742534486306,50.85574412345886
-6.360757530546562,-1.6899742534486306,50.85574412345886
-6.360757530546562,-1.6899742534486306,50.85574412345886
-6.57413114357212,-1.7441115094561401,50.85574412345886
-6.57413114357212,-1.7441115094561401,50.85574412345886
-6.57413114357212,-1.7441115094561401,50.85574412345886
-6.57413114357212,-1.7441115094561401,50.85574412345886
-6.57413114357212,-1.7441115094561401,50.85574412345886
-6.57413114357212,-1.7441115094561401,50.85574412345886
-6.739629806669367,-1.7932852715042102,50.85574412345886
-6.739629806669367,-1.7932852715042102,50.85574412345886
-6.739629806669367,-1.7932852715042102,50.85574412345886
-6.739629806669367,-1.7932852715042102,50.85574412345886
-6.739629806669367,-1.7932852715042102,50.85574412345886
-6.869839676866156,-1.833443555936041,50.85574412345886
-6.869839676866156,-1.833443555936041,50.85574412345886
-6.869839676866156,-1.833443555936041,50.85574412345886
-6.869839676866156,-1.833443555936041,50.85574412345886
-6.869839676866156,-1.833443555936041,50.85574412345886
-6.869839676866156,-1.833443555936041,50.85574412345886
-7.028557649325519,-1.8808513051417082,50.85574412345886
-7.028557649325519,-1.8808513051417082,50.85574412345886
-7.028557649325519,-1.8808513051417082,50.85574412345886
-7.028557649325519,-1.8808513051417082,50.85574412345886
-7.028557649325519,-1.8808513051417082,50.85574412345886
-7.251603421816299,-1.9391963402698922,50.85574412345886
-7.251603421816299,-1.9391963402698922,50.85574412345886
-7.251603421816299,-1.9391963402698922,50.85574412345886
-7.251603421816299,-1.9391963402698922,50.85574412345886
-7.251603421816299,-1.9391963402698922,50.85574412345886
-7.251603421816299,-1.9391963402698922,50.85574412345886
-7.251603421816299,-1.9391963402698922,50.85574412345886
-7.251603421816299,-1.9391963402698922,50.85574412345886
-7.251603421816299,-1.9391963402698922,50.85574412345886
-7.48032500808452,-2.0014464557283875,50.85574412345886
-7.48032500808452,-2.0014464557283875,50.85574412345886
-7.48032500808452,-2.0014464557283875,50.85574412345886
-7.48032500808452,-2.0014464557283875,50.85574412345886
-7.48032500808452,-2.0014464557283875,50.85574412345886
-7.48032500808452,-2.0014464557283875,50.85574412345886
-7.48032500808452,-2.0014464557283875,50.85574412345886
-7.48032500808452,-2.0014464557283875,50.85574412345886
-7.48032500808452,-2.0014464557283875,50.85574412345886
-7.48032500808452,-2.0014464557283875,50.85574412345886
-7.676768972919746,-2.048829231942887,50.85574412345886
-7.676768972919746,-2.048829231942887,50.85574412345886
-7.676768972919746,-2.048829231942887,50.85574412345886
-7.676768972919746,-2.048829231942887,50.85574412345886
-7.676768972919746,-2.048829231942887,50.85574412345886
-7.676768972919746,-2.048829231942887,50.85574412345886
-8.006893725186185,-2.144602173474355,50.85574412345886
-8.006893725186185,-2.144602173474355,50.85574412345886
-8.006893725186185,-2.144602173474355,50.85574412345886
-8.006893725186185,-2.144602173474355,50.85574412345886
-8.006893725186185,-2.144602173474355,50.85574412345886
-8.006893725186185,-2.144602173474355,50.85574412345886
-8.006893725186185,-2.144602173474355,50.85574412345886
-8.12211808051249,-2.170895579655944,50.85574412345886
-8.12211808051249,-2.170895579655944,50.85574412345886
-8.12211808051249,-2.170895579655944,50.85574412345886
-8.12211808051249,-2.170895579655944,50.85574412345886
-8.12211808051249,-2.170895579655944,50.85574412345886
-8.27450534301572,-2.1905185156311036,50.85574412345886
-8.27450534301572,-2.1905185156311036,50.85574412345886
-8.27450534301572,-2.1905185156311036,50.85574412345886
-8.27450534301572,-2.1905185156311036,50.85574412345886
-8.27450534301572,-2.1905185156311036,50.85574412345886
-8.27450534301572,-2.1905185156311036,50.85574412345886
-8.501290941489563,-2.2386924336261034,50.85574412345886
-8.501290941489563,-2.2386924336261034,50.85574412345886
-8.501290941489563,-2.2386924336261034,50.85574412345886
-8.501290941489563,-2.2386924336261034,50.85574412345886
-8.501290941489563,-2.2386924336261034,50.85574412345886
-8.642994199391328,-2.2752684530415337,50.85574412345886
-8.642994199391328,-2.2752684530415337,50.85574412345886
-8.642994199391328,-2.2752684530415337,50.85574412345886
-8.642994199391328,-2.2752684530415337,50.85574412345886
-8.642994199391328,-2.2752684530415337,50.85574412345886
-8.642994199391328,-2.2752684530415337,50.85574412345886
-8.642994199391328,-2.2752684530415337,50.85574412345886
-8.642994199391328,-2.2752684530415337,50.85574412345886
-8.805419765832807,-2.319799752632955,50.85574412345886
-8.805419765832807,-2.319799752632955,50.85574412345886
-8.805419765832807,-2.319799752632955,50.85574412345886
-8.805419765832807,-2.319799752632955,50.85574412345886
-8.805419765832807,-2.319799752632955,50.85574412345886
-8.805419765832807,-2.319799752632955,50.85574412345886
-8.992564299473337,-2.367503785733115,50.85574412345886
-8.992564299473337,-2.367503785733115,50.85574412345886
-8.992564299473337,-2.367503785733115,50.85574412345886
-8.992564299473337,-2.367503785733115,50.85574412345886
-8.992564299473337,-2.367503785733115,50.85574412345886
-8.992564299473337,-2.367503785733115,50.85574412345886
-8.992564299473337,-2.367503785733115,50.85574412345886
-8.992564299473337,-2.367503785733115,50.85574412345886
-9.250443477053459,-2.4248575099392964,50.85574412345886
-9.250443477053459,-2.4248575099392964,50.85574412345886
-9.250443477053459,-2.4248575099392964,50.85574412345886
-9.250443477053459,-2.4248575099392964,50.85574412345886
-9.250443477053459,-2.4248575099392964,50.85574412345886
-9.445034098983243,-2.4752626042654633,50.85574412345886
-9.445034098983243,-2.4752626042654633,50.85574412345886
-9.445034098983243,-2.4752626042654633,50.85574412345886
-9.445034098983243,-2.4752626042654633,50.85574412345886
-9.445034098983243,-2.4752626042654633,50.85574412345886
-9.445034098983243,-2.4752626042654633,50.85574412345886
-9.445034098983243,-2.4752626042654633,50.85574412345886
-9.562651622499333,-2.5160146760467508,50.85574412345886
-9.562651622499333,-2.5160146760467508,50.85574412345886
-9.562651622499333,-2.5160146760467508,50.85574412345886
-9.562651622499333,-2.5160146760467508,50.85574412345886
-9.562651622499333,-2.5160146760467508,50.85574412345886
-9.562651622499333,-2.5160146760467508,50.85574412345886
-9.704521929812351,-2.5510879647835005,50.85574412345886
-9.704521929812351,-2.5510879647835005,50.85574412345886
-9.704521929812351,-2.5510879647835005,50.85574412345886
-9.704521929812351,-2.5510879647835005,50.85574412345886
-9.704521929812351,-2.5510879647835005,50.85574412345886
-9.704521929812351,-2.5510879647835005,50.85574412345886
-9.704521929812351,-2.5510879647835005,50.85574412345886
-9.915777489485901,-2.5966202587366674,50.85574412345886
-9.915777489485901,-2.5966202587366674,50.85574412345886
-9.915777489485901,-2.5966202587366674,50.85574412345886
-9.915777489485901,-2.5966202587366674,50.85574412345886
-9.915777489485901,-2.5966202587366674,50.85574412345886
-10.099457403975194,-2.653592459104572,50.85574412345886
-10.099457403975194,-2.653592459104572,50.85574412345886
-10.099457403975194,-2.653592459104572,50.85574412345886
-10.099457403975194,-2.653592459104572,50.85574412345886
-10.099457403975194,-2.653592459104572,50.85574412345886
-10.099457403975194,-2.653592459104572,50.85574412345886
-10.254763545503133,-2.6858373565252696,50.85574412345886
-10.254763545503133,-2.6858373565252696,50.85574412345886
-10.254763545503133,-2.6858373565252696,50.85574412345886
-10.254763545503133,-2.6858373565252696,50.85574412345886
-10.254763545503133,-2.6858373565252696,50.85574412345886
-10.254763545503133,-2.6858373565252696,50.85574412345886
-10.361521585816906,-2.7127456098212708,50.85574412345886
-10.361521585816906,-2.7127456098212708,50.85574412345886
-10.361521585816906,-2.7127456098212708,50.85574412345886
-10.361521585816906,-2.7127456098212708,50.85574412345886
-10.361521585816906,-2.7127456098212708,50.85574412345886
-10.493155467105886,-2.752645548085203,50.85574412345886
-10.493155467105886,-2.752645548085203,50.85574412345886
-10.493155467105886,-2.752645548085203,50.85574412345886
-10.493155467105886,-2.752645548085203,50.85574412345886
-10.493155467105886,-2.752645548085203,50.85574412345886
-10.493155467105886,-2.752645548085203,50.85574412345886
-10.713182156531511,-2.819606486956956,50.85574412345886
-10.713182156531511,-2.819606486956956,50.85574412345886
-10.713182156531511,-2.819606486956956,50.85574412345886
-10.713182156531511,-2.819606486956956,50.85574412345886
-10.713182156531511,-2.819606486956956,50.85574412345886
-10.822067018487445,-2.8612726967203934,50.85574412345886
-10.822067018487445,-2.8612726967203934,50.85574412345886
-10.822067018487445,-2.8612726967203934,50.85574412345886
-10.822067018487445,-2.8612726967203934,50.85574412345886
-10.822067018487445,-2.8612726967203934,50.85574412345886
-10.822067018487445,-2.8612726967203934,50.85574412345886
-10.930455028263355,-2.898391537201302,50.85574412345886
-10.930455028263355,-2.898391537201302,50.85574412345886
-10.930455028263355,-2.898391537201302,50.85574412345886
-10.930455028263355,-2.898391537201302,50.85574412345886
-10.930455028263355,-2.898391537201302,50.85574412345886
-11.026494109894049,-2.932709202290019,50.85574412345886
-11.026494109894049,-2.932709202290019,50.85574412345886
-11.026494109894049,-2.932709202290019,50.85574412345886
-11.026494109894049,-2.932709202290019,50.85574412345886
-11.026494109894049,-2.932709202290019,50.85574412345886
-11.026494109894049,-2.932709202290019,50.85574412345886
-11.026494109894049,-2.932709202290019,50.85574412345886
-11.259315431679617,-3.0118301487156396,50.85574412345886
-11.259315431679617,-3.0118301487156396,50.85574412345886
-11.259315431679617,-3.0118301487156396,50.85574412345886
-11.259315431679617,-3.0118301487156396,50.85574412345886
-11.259315431679617,-3.0118301487156396,50.85574412345886
-11.259315431679617,-3.0118301487156396,50.85574412345886
-11.259315431679617,-3.0118301487156396,50.85574412345886
-11.259315431679617,-3.0118301487156396,50.85574412345886
-11.388363805935874,-3.0584086284096257,50.85574412345886
-11.388363805935874,-3.0584086284096257,50.85574412345886
-11.388363805935874,-3.0584086284096257,50.85574412345886
-11.388363805935874,-3.0584086284096257,50.85574412345886
-11.388363805935874,-3.0584086284096257,50.85574412345886
-11.388363805935874,-3.0584086284096257,50.85574412345886
-11.388363805935874,-3.0584086284096257,50.85574412345886
-11.655097640671283,-3.135598391174955,50.85574412345886
-11.655097640671283,-3.135598391174955,50.85574412345886
-11.655097640671283,-3.135598391174955,50.85574412345886
-11.655097640671283,-3.135598391174955,50.85574412345886
-11.655097640671283,-3.135598391174955,50.85574412345886
-11.655097640671283,-3.135598391174955,50.85574412345886
-11.655097640671283,-3.135598391174955,50.85574412345886
-11.853469401432998,-3.1910396087551622,50.85574412345886
-11.853469401432998,-3.1910396087551622,50.85574412345886
-11.853469401432998,-3.1910396087551622,50.85574412345886
-11.853469401432998,-3.1910396087551622,50.85574412345886
-11.853469401432998,-3.1910396087551622,50.85574412345886
-11.853469401432998,-3.1910396087551622,50.85574412345886
-12.110127813571319,-3.2536348567520577,50.85574412345886
-12.110127813571319,-3.2536348567520577,50.85574412345886
-12.110127813571319,-3.2536348567520577,50.85574412345886
-12.110127813571319,-3.2536348567520577,50.85574412345886
-12.110127813571319,-3.2536348567520577,50.85574412345886
-12.110127813571319,-3.2536348567520577,50.85574412345886
-12.241166691645912,-3.2842532159769053,50.85574412345886
-12.241166691645912,-3.2842532159769053,50.85574412345886
-12.241166691645912,-3.2842532159769053,50.85574412345886
-12.241166691645912,-3.2842532159769053,50.85574412345886
-12.241166691645912,-3.2842532159769053,50.85574412345886
-12.241166691645912,-3.2842532159769053,50.85574412345886
-12.511032444996898,-3.3774660908546257,50.85574412345886
-12.511032444996898,-3.3774660908546257,50.85574412345886
-12.511032444996898,-3.3774660908546257,50.85574412345886
-12.511032444996898,-3.3774660908546257,50.85574412345886
-12.511032444996898,-3.3774660908546257,50.85574412345886
-12.511032444996898,-3.3774660908546257,50.85574412345886
-12.646355700196255,-3.4177751785643222,50.85574412345886
-12.646355700196255,-3.4177751785643222,50.85574412345886
-12.646355700196255,-3.4177751785643222,50.85574412345886
-12.646355700196255,-3.4177751785643222,50.85574412345886
-12.646355700196255,-3.4177751785643222,50.85574412345886
-12.747943354261729,-3.453091405213052,50.85574412345886
-12.747943354261729,-3.453091405213052,50.85574412345886
-12.747943354261729,-3.453091405213052,50.85574412345886
-12.747943354261729,-3.453091405213052,50.85574412345886
-12.747943354261729,-3.453091405213052,50.85574412345886
-12.747943354261729,-3.453091405213052,50.85574412345886
-12.747943354261729,-3.453091405213052,50.85574412345886
-12.861281343079867,-3.4882916140981273,50.85574412345886
-12.861281343079867,-3.4882916140981273,50.85574412345886
-12.861281343079867,-3.4882916140981273,50.85574412345886
-12.861281343079867,-3.4882916140981273,50.85574412345886
-12.861281343079867,-3.4882916140981273,50.85574412345886
-12.861281343079867,-3.4882916140981273,50.85574412345886
-12.861281343079867,-3.4882916140981273,50.85574412345886
-12.861281343079867,-3.4882916140981273,50.85574412345886
-13.142193447786166,-3.5728166730569315,50.85574412345886
-13.142193447786166,-3.5728166730569315,50.85574412345886
-13.142193447786166,-3.5728166730569315,50.85574412345886
-13.142193447786166,-3.5728166730569315,50.85574412345886
-13.142193447786166,-3.5728166730569315,50.85574412345886
-13.142193447786166,-3.5728166730569315,50.85574412345886
-13.402251963709762,-3.652474672680549,50.85574412345886
-13.402251963709762,-3.652474672680549,50.85574412345886
-13.402251963709762,-3.652474672680549,50.85574412345886
-13.402251963709762,-3.652474672680549,50.85574412345886
-13.402251963709762,-3.652474672680549,50.85574412345886
-13.402251963709762,-3.652474672680549,50.85574412345886
-13.566858879573504,-3.6901771432016495,50.85574412345886
-13.566858879573504,-3.6901771432016495,50.85574412345886
-13.566858879573504,-3.6901771432016495,50.85574412345886
-13.566858879573504,-3.6901771432016495,50.85574412345886
-13.566858879573504,-3.6901771432016495,50.85574412345886
-13.566858879573504,-3.6901771432016495,50.85574412345886
-13.566858879573504,-3.6901771432016495,50.85574412345886
-13.566858879573504,-3.6901771432016495,50.85574412345886
-13.566858879573504,-3.6901771432016495,50.85574412345886
-13.566858879573504,-3.6901771432016495,50.85574412345886
-13.566858879573504,-3.6901771432016495,50.85574412345886
-13.566858879573504,-3.6901771432016495,50.85574412345886
-13.750848085494042,-3.7450228086896016,50.85574412345886
-13.750848085494042,-3.7450228086896016,50.85574412345886
-13.750848085494042,-3.7450228086896016,50.85574412345886
-13.750848085494042,-3.7450228086896016,50.85574412345886
-13.750848085494042,-3.7450228086896016,50.85574412345886
-13.750848085494042,-3.7450228086896016,50.85574412345886
-13.750848085494042,-3.7450228086896016,50.85574412345886
-13.750848085494042,-3.7450228086896016,50.85574412345886
-13.750848085494042,-3.7450228086896016,50.85574412345886
-13.750848085494042,-3.7450228086896016,50.85574412345886
-13.750848085494042,-3.7450228086896016,50.85574412345886
-13.980784006324567,-3.805590020112656,50.85574412345886
-13.980784006324567,-3.805590020112656,50.85574412345886
-13.980784006324567,-3.805590020112656,50.85574412345886
-13.980784006324567,-3.805590020112656,50.85574412345886
-13.980784006324567,-3.805590020112656,50.85574412345886
-13.980784006324567,-3.805590020112656,50.85574412345886
-13.980784006324567,-3.805590020112656,50.85574412345886
-14.375591897693052,-3.897657576433146,50.85574412345886
-14.375591897693052,-3.897657576433146,50.85574412345886
-14.375591897693052,-3.897657576433146,50.85574412345886
-14.375591897693052,-3.897657576433146,50.85574412345886
-14.375591897693052,-3.897657576433146,50.85574412345886
-14.375591897693052,-3.897657576433146,50.85574412345886
-14.375591897693052,-3.897657576433146,50.85574412345886
-14.548921277845675,-3.9362481173780024,50.85574412345886
-14.548921277845675,-3.9362481173780024,50.85574412345886
-14.548921277845675,-3.9362481173780024,50.85574412345886
-14.548921277845675,-3.9362481173780024,50.85574412345886
-14.548921277845675,-3.9362481173780024,50.85574412345886
-14.548921277845675,-3.9362481173780024,50.85574412345886
-14.649713268566114,-3.959239485024153,50.85574412345886
-14.649713268566114,-3.959239485024153,50.85574412345886
-14.649713268566114,-3.959239485024153,50.85574412345886
-14.649713268566114,-3.959239485024153,50.85574412345886
-14.649713268566114,-3.959239485024153,50.85574412345886
-14.823097725029516,-4.005890764640761,50.85574412345886
-14.823097725029516,-4.005890764640761,50.85574412345886
-14.823097725029516,-4.005890764640761,50.85574412345886
-14.823097725029516,-4.005890764640761,50.85574412345886
-14.823097725029516,-4.005890764640761,50.85574412345886
-14.823097725029516,-4.005890764640761,50.85574412345886
-15.039067405264984,-4.055400755053003,50.85574412345886
-15.039067405264984,-4.055400755053003,50.85574412345886
-15.039067405264984,-4.055400755053003,50.85574412345886
-15.039067405264984,-4.055400755053003,50.85574412345886
-15.039067405264984,-4.055400755053003,50.85574412345886
-15.039067405264984,-4.055400755053003,50.85574412345886
-15.104258560166986,-4.067949310512212,50.85574412345886
-15.104258560166986,-4.067949310512212,50.85574412345886
-15.104258560166986,-4.067949310512212,50.85574412345886
-15.104258560166986,-4.067949310512212,50.85574412345886
-15.104258560166986,-4.067949310512212,50.85574412345886
-15.104258560166986,-4.067949310512212,50.85574412345886
-15.104258560166986,-4.067949310512212,50.85574412345886
-15.316793051143703,-4.113643970548618,50.85574412345886
-15.316793051143703,-4.113643970548618,50.85574412345886
-15.316793051143703,-4.113643970548618,50.85574412345886
-15.316793051143703,-4.113643970548618,50.85574412345886
-15.316793051143703,-4.113643970548618,50.85574412345886
-15.316793051143703,-4.113643970548618,50.85574412345886
-15.433309571076006,-4.144788291169365,50.85574412345886
-15.433309571076006,-4.144788291169365,50.85574412345886
-15.433309571076006,-4.144788291169365,50.85574412345886
-15.433309571076006,-4.144788291169365,50.85574412345886
-15.433309571076006,-4.144788291169365,50.85574412345886
-15.433309571076006,-4.144788291169365,50.85574412345886
-15.593686068538952,-4.187059282448051,50.85574412345886
-15.593686068538952,-4.187059282448051,50.85574412345886
-15.593686068538952,-4.187059282448051,50.85574412345886
-15.593686068538952,-4.187059282448051,50.85574412345886
-15.593686068538952,-4.187059282448051,50.85574412345886
-15.593686068538952,-4.187059282448051,50.85574412345886
-15.805807644732946,-4.246003886609341,50.85574412345886
-15.805807644732946,-4.246003886609341,50.85574412345886
-15.805807644732946,-4.246003886609341,50.85574412345886
-15.805807644732946,-4.246003886609341,50.85574412345886
-15.805807644732946,-4.246003886609341,50.85574412345886
-15.805807644732946,-4.246003886609341,50.85574412345886
-15.94657505973785,-4.279538496489672,50.85574412345886
-15.94657505973785,-4.279538496489672,50.85574412345886
-15.94657505973785,-4.279538496489672,50.85574412345886
-15.94657505973785,-4.279538496489672,50.85574412345886
-15.94657505973785,-4.279538496489672,50.85574412345886
-15.94657505973785,-4.279538496489672,50.85574412345886
-16.21039062420662,-4.352029092552103,50.85574412345886
-16.21039062420662,-4.352029092552103,50.85574412345886
-16.21039062420662,-4.352029092552103,50.85574412345886
-16.21039062420662,-4.352029092552103,50.85574412345886
-16.21039062420662,-4.352029092552103,50.85574412345886
-16.21039062420662,-4.352029092552103,50.85574412345886
-16.391346464006443,-4.399344241883861,50.85574412345886
-16.391346464006443,-4.399344241883861,50.85574412345886
-16.391346464006443,-4.399344241883861,50.85574412345886
-16.391346464006443,-4.399344241883861,50.85574412345886
-16.391346464006443,-4.399344241883861,50.85574412345886
-16.391346464006443,-4.399344241883861,50.85574412345886
-16.62951834258848,-4.467714312064313,50.85574412345886
-16.62951834258848,-4.467714312064313,50.85574412345886
-16.62951834258848,-4.467714312064313,50.85574412345886
-16.62951834258848,-4.467714312064313,50.85574412345886
-16.62951834258848,-4.467714312064313,50.85574412345886
-16.62951834258848,-4.467714312064313,50.85574412345886
-16.62951834258848,-4.467714312064313,50.85574412345886
-16.7929482573181,-4.509267594237978,50.85574412345886
-16.7929482573181,-4.509267594237978,50.85574412345886
-16.7929482573181,-4.509267594237978,50.85574412345886
-16.7929482573181,-4.509267594237978,50.85574412345886
-16.7929482573181,-4.509267594237978,50.85574412345886
-16.7929482573181,-4.509267594237978,50.85574412345886
-16.977043594838374,-4.558846447301495,50.85574412345886
-16.977043594838374,-4.558846447301495,50.85574412345886
-16.977043594838374,-4.558846447301495,50.85574412345886
-16.977043594838374,-4.558846447301495,50.85574412345886
-16.977043594838374,-4.558846447301495,50.85574412345886
-16.977043594838374,-4.558846447301495,50.85574412345886
-17.15895230947721,-4.604763000588504,50.85574412345886
-17.15895230947721,-4.604763000588504,50.85574412345886
-17.15895230947721,-4.604763000588504,50.85574412345886
-17.15895230947721,-4.604763000588504,50.85574412345886
-17.15895230947721,-4.604763000588504,50.85574412345886
-17.15895230947721,-4.604763000588504,50.85574412345886
-17.15895230947721,-4.604763000588504,50.85574412345886
-17.384568545767443,-4.666901844937103,50.85574412345886
-17.384568545767443,-4.666901844937103,50.85574412345886
-17.384568545767443,-4.666901844937103,50.85574412345886
-17.384568545767443,-4.666901844937103,50.85574412345886
-17.384568545767443,-4.666901844937103,50.85574412345886
-17.560878251723253,-4.718506322603481,50.85574412345886
-17.560878251723253,-4.718506322603481,50.85574412345886
-17.560878251723253,-4.718506322603481,50.85574412345886
-17.560878251723253,-4.718506322603481,50.85574412345886
-17.560878251723253,-4.718506322603481,50.85574412345886
-17.560878251723253,-4.718506322603481,50.85574412345886
-17.560878251723253,-4.718506322603481,50.85574412345886
-17.784868692965023,-4.770227137497778,50.85574412345886
-17.784868692965023,-4.770227137497778,50.85574412345886
-17.784868692965023,-4.770227137497778,50.85574412345886
-17.784868692965023,-4.770227137497778,50.85574412345886
-17.784868692965023,-4.770227137497778,50.85574412345886
-17.784868692965023,-4.770227137497778,50.85574412345886
-17.979483412538208,-4.82094184163272,50.85574412345886
-17.979483412538208,-4.82094184163272,50.85574412345886
-17.979483412538208,-4.82094184163272,50.85574412345886
-17.979483412538208,-4.82094184163272,50.85574412345886
-17.979483412538208,-4.82094184163272,50.85574412345886
-17.979483412538208,-4.82094184163272,50.85574412345886
-18.251105494858223,-4.886977447349964,50.85574412345886
-18.251105494858223,-4.886977447349964,50.85574412345886
-18.251105494858223,-4.886977447349964,50.85574412345886
-18.251105494858223,-4.886977447349964,50.85574412345886
-18.251105494858223,-4.886977447349964,50.85574412345886
-18.251105494858223,-4.886977447349964,50.85574412345886
-18.431507248692096,-4.929644543755824,50.85574412345886
-18.431507248692096,-4.929644543755824,50.85574412345886
-18.431507248692096,-4.929644543755824,50.85574412345886
-18.431507248692096,-4.929644543755824,50.85574412345886
-18.431507248692096,-4.929644543755824,50.85574412345886
-18.431507248692096,-4.929644543755824,50.85574412345886
-18.603082987014258,-4.977086096404114,50.85574412345886
-18.603082987014258,-4.977086096404114,50.85574412345886
-18.603082987014258,-4.977086096404114,50.85574412345886
-18.603082987014258,-4.977086096404114,50.85574412345886
-18.603082987014258,-4.977086096404114,50.85574412345886
-18.603082987014258,-4.977086096404114,50.85574412345886
-18.603082987014258,-4.977086096404114,50.85574412345886
-18.756363389883887,-5.026398173978878,50.85574412345886
-18.756363389883887,-5.026398173978878,50.85574412345886
-18.756363389883887,-5.026398173978878,50.85574412345886
-18.756363389883887,-5.026398173978878,50.85574412345886
-18.756363389883887,-5.026398173978878,50.85574412345886
-18.756363389883887,-5.026398173978878,50.85574412345886
-18.756363389883887,-5.026398173978878,50.85574412345886
-19.024205624808708,-5.098121925369502,50.85574412345886
-19.024205624808708,-5.098121925369502,50.85574412345886
-19.024205624808708,-5.098121925369502,50.85574412345886
-19.024205624808708,-5.098121925369502,50.85574412345886
-19.024205624808708,-5.098121925369502,50.85574412345886
-19.024205624808708,-5.098121925369502,50.85574412345886
-19.160380055896024,-5.130690512885351,50.85574412345886
-19.160380055896024,-5.130690512885351,50.85574412345886
-19.160380055896024,-5.130690512885351,50.85574412345886
-19.160380055896024,-5.130690512885351,50.85574412345886
-19.160380055896024,-5.130690512885351,50.85574412345886
-19.160380055896024,-5.130690512885351,50.85574412345886
-19.3820776334587,-5.188717184805116,50.85574412345886
-19.3820776334587,-5.188717184805116,50.85574412345886
-19.3820776334587,-5.188717184805116,50.85574412345886
-19.3820776334587,-5.188717184805116,50.85574412345886
-19.3820776334587,-5.188717184805116,50.85574412345886
-19.3820776334587,-5.188717184805116,50.85574412345886
-19.517247427318775,-5.211139081167944,50.85574412345886
-19.517247427318775,-5.211139081167944,50.85574412345886
-19.517247427318775,-5.211139081167944,50.85574412345886
-19.517247427318775,-5.211139081167944,50.85574412345886
-19.517247427318775,-5.211139081167944,50.85574412345886
-19.517247427318775,-5.211139081167944,50.85574412345886
-19.517247427318775,-5.211139081167944,50.85574412345886
-19.74928649786464,-5.26382915146877,50.85574412345886
-19.74928649786464,-5.26382915146877,50.85574412345886
-19.74928649786464,-5.26382915146877,50.85574412345886
-19.74928649786464,-5.26382915146877,50.85574412345886
-19.74928649786464,-5.26382915146877,50.85574412345886
-19.74928649786464,-5.26382915146877,50.85574412345886
-19.92198973600062,-5.3063208237555175,50.85574412345886
-19.92198973600062,-5.3063208237555175,50.85574412345886
-19.92198973600062,-5.3063208237555175,50.85574412345886
-19.92198973600062,-5.3063208237555175,50.85574412345886
-19.92198973600062,-5.3063208237555175,50.85574412345886
-19.92198973600062,-5.3063208237555175,50.85574412345886
-20.138223707998257,-5.364644137394863,50.85574412345886
-20.138223707998257,-5.364644137394863,50.85574412345886
-20.138223707998257,-5.364644137394863,50.85574412345886
-20.138223707998257,-5.364644137394863,50.85574412345886
-20.138223707998257,-5.364644137394863,50.85574412345886
-20.138223707998257,-5.364644137394863,50.85574412345886
-20.138223707998257,-5.364644137394863,50.85574412345886
-20.246204766541883,-5.400131592311693,50.85574412345886
-20.246204766541883,-5.400131592311693,50.85574412345886
-20.246204766541883,-5.400131592311693,50.85574412345886
-20.246204766541883,-5.400131592311693,50.85574412345886
-20.246204766541883,-5.400131592311693,50.85574412345886
-20.246204766541883,-5.400131592311693,50.85574412345886
-20.469798958475607,-5.463603029596109,50.85574412345886
-20.469798958475607,-5.463603029596109,50.85574412345886
-20.469798958475607,-5.463603029596109,50.85574412345886
-20.469798958475607,-5.463603029596109,50.85574412345886
-20.469798958475607,-5.463603029596109,50.85574412345886
-20.469798958475607,-5.463603029596109,50.85574412345886
-20.59069226963725,-5.500225217459063,50.85574412345886
-20.59069226963725,-5.500225217459063,50.85574412345886
-20.59069226963725,-5.500225217459063,50.85574412345886
-20.59069226963725,-5.500225217459063,50.85574412345886
-20.59069226963725,-5.500225217459063,50.85574412345886
-20.59069226963725,-5.500225217459063,50.85574412345886
-20.59069226963725,-5.500225217459063,50.85574412345886
-20.792582398894854,-5.556936266504043,50.85574412345886
-20.792582398894854,-5.556936266504043,50.85574412345886
-20.792582398894854,-5.556936266504043,50.85574412345886
-20.792582398894854,-5.556936266504043,50.85574412345886
-20.792582398894854,-5.556936266504043,50.85574412345886
-20.792582398894854,-5.556936266504043,50.85574412345886
-20.92104346314596,-5.59823469116084,50.85574412345886
-20.92104346314596,-5.59823469116084,50.85574412345886
-20.92104346314596,-5.59823469116084,50.85574412345886
-20.92104346314596,-5.59823469116084,50.85574412345886
-20.92104346314596,-5.59823469116084,50.85574412345886
-20.92104346314596,-5.59823469116084,50.85574412345886
-21.095076281382042,-5.657830043218425,50.85574412345886
-21.095076281382042,-5.657830043218425,50.85574412345886
-21.095076281382042,-5.657830043218425,50.85574412345886
-21.095076281382042,-5.657830043218425,50.85574412345886
-21.095076281382042,-5.657830043218425,50.85574412345886
-21.095076281382042,-5.657830043218425,50.85574412345886
-21.23701418235324,-5.7051267730693995,50.85574412345886
-21.23701418235324,-5.7051267730693995,50.85574412345886
-21.23701418235324,-5.7051267730693995,50.85574412345886
-21.23701418235324,-5.7051267730693995,50.85574412345886
-21.23701418235324,-5.7051267730693995,50.85574412345886
-21.23701418235324,-5.7051267730693995,50.85574412345886
-21.421094510228563,-5.754251162332623,50.85574412345886
-21.421094510228563,-5.754251162332623,50.85574412345886
-21.421094510228563,-5.754251162332623,50.85574412345886
-21.421094510228563,-5.754251162332623,50.85574412345886
-21.421094510228563,-5.754251162332623,50.85574412345886
-21.56411242899312,-5.794960697221725,50.85574412345886
-21.56411242899312,-5.794960697221725,50.85574412345886
-21.56411242899312,-5.794960697221725,50.85574412345886
-21.56411242899312,-5.794960697221725,50.85574412345886
-21.56411242899312,-5.794960697221725,50.85574412345886
-21.56411242899312,-5.794960697221725,50.85574412345886
-21.56411242899312,-5.794960697221725,50.85574412345886
-21.697805287628967,-5.83186483046937,50.85574412345886
-21.697805287628967,-5.83186483046937,50.85574412345886
-21.697805287628967,-5.83186483046937,50.85574412345886
-21.697805287628967,-5.83186483046937,50.85574412345886
-21.697805287628967,-5.83186483046937,50.85574412345886
-21.697805287628967,-5.83186483046937,50.85574412345886
-21.907114489343677,-5.882913090814634,50.85574412345886
-21.907114489343677,-5.882913090814634,50.85574412345886
-21.907114489343677,-5.882913090814634,50.85574412345886
-21.907114489343677,-5.882913090814634,50.85574412345886
-21.907114489343677,-5.882913090814634,50.85574412345886
-21.907114489343677,-5.882913090814634,50.85574412345886
-21.907114489343677,-5.882913090814634,50.85574412345886
-22.117224705701947,-5.945292954494422,50.85574412345886
-22.117224705701947,-5.945292954494422,50.85574412345886
-22.117224705701947,-5.945292954494422,50.85574412345886
-22.117224705701947,-5.945292954494422,50.85574412345886
-22.117224705701947,-5.945292954494422,50.85574412345886
-22.117224705701947,-5.945292954494422,50.85574412345886
-22.303122640040367,-5.990101728344502,50.85574412345886
-22.303122640040367,-5.990101728344502,50.85574412345886
-22.303122640040367,-5.990101728344502,50.85574412345886
-22.303122640040367,-5.990101728344502,50.85574412345886
-22.303122640040367,-5.990101728344502,50.85574412345886
-22.303122640040367,-5.990101728344502,50.85574412345886
-22.440256185603204,-6.025439906398285,50.85574412345886
-22.440256185603204,-6.025439906398285,50.85574412345886
-22.440256185603204,-6.025439906398285,50.85574412345886
-22.440256185603204,-6.025439906398285,50.85574412345886
-22.440256185603204,-6.025439906398285,50.85574412345886
-22.440256185603204,-6.025439906398285,50.85574412345886
-22.671346395867594,-6.084355130395086,50.85574412345886
-22.671346395867594,-6.084355130395086,50.85574412345886
-22.671346395867594,-6.084355130395086,50.85574412345886
-22.671346395867594,-6.084355130395086,50.85574412345886
-22.671346395867594,-6.084355130395086,50.85574412345886
-22.671346395867594,-6.084355130395086,50.85574412345886
-22.860901845445785,-6.139018087557701,50.85574412345886
-22.860901845445785,-6.139018087557701,50.85574412345886
-22.860901845445785,-6.139018087557701,50.85574412345886
-22.860901845445785,-6.139018087557701,50.85574412345886
-22.860901845445785,-6.139018087557701,50.85574412345886
-22.860901845445785,-6.139018087557701,50.85574412345886
-22.860901845445785,-6.139018087557701,50.85574412345886
-23.12096338268689,-6.213254779636681,50.85574412345886
-23.12096338268689,-6.213254779636681,50.85574412345886
-23.12096338268689,-6.213254779636681,50.85574412345886
-23.12096338268689,-6.213254779636681,50.85574412345886
-23.12096338268689,-6.213254779636681,50.85574412345886
-23.12096338268689,-6.213254779636681,50.85574412345886
-23.234982101973277,-6.249047680507141,50.85574412345886
-23.234982101973277,-6.249047680507141,50.85574412345886
-23.234982101973277,-6.249047680507141,50.85574412345886
-23.234982101973277,-6.249047680507141,50.85574412345886
-23.234982101973277,-6.249047680507141,50.85574412345886
-23.234982101973277,-6.249047680507141,50.85574412345886
-23.42902595827051,-6.30319498235372,50.85574412345886
-23.42902595827051,-6.30319498235372,50.85574412345886
-23.42902595827051,-6.30319498235372,50.85574412345886
-23.42902595827051,-6.30319498235372,50.85574412345886
-23.42902595827051,-6.30319498235372,50.85574412345886
-23.42902595827051,-6.30319498235372,50.85574412345886
-23.42902595827051,-6.30319498235372,50.85574412345886
-23.65978867005134,-6.355664083648524,50.85574412345886
-23.65978867005134,-6.355664083648524,50.85574412345886
-23.65978867005134,-6.355664083648524,50.85574412345886
-23.65978867005134,-6.355664083648524,50.85574412345886
-23.65978867005134,-6.355664083648524,50.85574412345886
-23.65978867005134,-6.355664083648524,50.85574412345886
-23.812351272753357,-6.392753351769797,50.85574412345886
-23.812351272753357,-6.392753351769797,50.85574412345886
-23.812351272753357,-6.392753351769797,50.85574412345886
-23.812351272753357,-6.392753351769797,50.85574412345886
-23.812351272753357,-6.392753351769797,50.85574412345886
-23.812351272753357,-6.392753351769797,50.85574412345886
-24.06674185268067,-6.449675213688927,50.85574412345886
-24.06674185268067,-6.449675213688927,50.85574412345886
-24.06674185268067,-6.449675213688927,50.85574412345886
-24.06674185268067,-6.449675213688927,50.85574412345886
-24.06674185268067,-6.449675213688927,50.85574412345886
-24.06674185268067,-6.449675213688927,50.85574412345886
-24.225176180014724,-6.491110962828238,50.85574412345886
-24.225176180014724,-6.491110962828238,50.85574412345886
-24.225176180014724,-6.491110962828238,50.85574412345886
-24.225176180014724,-6.491110962828238,50.85574412345886
-24.225176180014724,-6.491110962828238,50.85574412345886
-24.225176180014724,-6.491110962828238,50.85574412345886
-24.39878158914526,-6.543448507980377,50.85574412345886
-24.39878158914526,-6.543448507980377,50.85574412345886
-24.39878158914526,-6.543448507980377,50.85574412345886
-24.39878158914526,-6.543448507980377,50.85574412345886
-24.39878158914526,-6.543448507980377,50.85574412345886
-24.39878158914526,-6.543448507980377,50.85574412345886
-24.592466926298727,-6.595336332453804,50.85574412345886
-24.592466926298727,-6.595336332453804,50.85574412345886
-24.592466926298727,-6.595336332453804,50.85574412345886
-24.592466926298727,-6.595336332453804,50.85574412345886
-24.592466926298727,-6.595336332453804,50.85574412345886
-24.592466926298727,-6.595336332453804,50.85574412345886
-24.592466926298727,-6.595336332453804,50.85574412345886
-24.688398814837644,-6.620496263486425,50.85574412345886
-24.688398814837644,-6.620496263486425,50.85574412345886
-24.688398814837644,-6.620496263486425,50.85574412345886
-24.688398814837644,-6.620496263486425,50.85574412345886
-24.688398814837644,-6.620496263486425,50.85574412345886
-24.688398814837644,-6.620496263486425,50.85574412345886
-24.82945147920216,-6.662309903174394,50.85574412345886
-24.82945147920216,-6.662309903174394,50.85574412345886
-24.82945147920216,-6.662309903174394,50.85574412345886
-24.82945147920216,-6.662309903174394,50.85574412345886
-24.82945147920216,-6.662309903174394,50.85574412345886
-24.82945147920216,-6.662309903174394,50.85574412345886
-25.026680595633394,-6.711021231223322,50.85574412345886
-25.026680595633394,-6.711021231223322,50.85574412345886
-25.026680595633394,-6.711021231223322,50.85574412345886
-25.026680595633394,-6.711021231223322,50.85574412345886
-25.026680595633394,-6.711021231223322,50.85574412345886
-25.026680595633394,-6.711021231223322,50.85574412345886
-25.074370615698655,-6.715209945658099,50.85574412345886
-25.074370615698655,-6.715209945658099,50.85574412345886
-25.074370615698655,-6.715209945658099,50.85574412345886
-25.074370615698655,-6.715209945658099,50.85574412345886
-25.074370615698655,-6.715209945658099,50.85574412345886
-25.074370615698655,-6.715209945658099,50.85574412345886
-25.074370615698655,-6.715209945658099,50.85574412345886
-25.205118266717278,-6.752331080458148,50.85574412345886
-25.205118266717278,-6.752331080458148,50.85574412345886
-25.205118266717278,-6.752331080458148,50.85574412345886
-25.205118266717278,-6.752331080458148,50.85574412345886
-25.205118266717278,-6.752331080458148,50.85574412345886
-25.205118266717278,-6.752331080458148,50.85574412345886
-25.359157726582616,-6.798678866485226,50.85574412345886
-25.359157726582616,-6.798678866485226,50.85574412345886
-25.359157726582616,-6.798678866485226,50.85574412345886
-25.359157726582616,-6.798678866485226,50.85574412345886
-25.359157726582616,-6.798678866485226,50.85574412345886
-25.359157726582616,-6.798678866485226,50.85574412345886
-25.359157726582616,-6.798678866485226,50.85574412345886
-25.521587533517057,-6.84127328868096,50.85574412345886
-25.521587533517057,-6.84127328868096,50.85574412345886
-25.521587533517057,-6.84127328868096,50.85574412345886
-25.521587533517057,-6.84127328868096,50.85574412345886
-25.521587533517057,-6.84127328868096,50.85574412345886
-25.521587533517057,-6.84127328868096,50.85574412345886
-25.616315924104498,-6.8719705522130985,50.85574412345886
-25.616315924104498,-6.8719705522130985,50.85574412345886
-25.616315924104498,-6.8719705522130985,50.85574412345886
-25.616315924104498,-6.8719705522130985,50.85574412345886
-25.616315924104498,-6.8719705522130985,50.85574412345886
-25.616315924104498,-6.8719705522130985,50.85574412345886
-25.81147819072024,-6.924494443971468,50.85574412345886
-25.81147819072024,-6.924494443971468,50.85574412345886
-25.81147819072024,-6.924494443971468,50.85574412345886
-25.81147819072024,-6.924494443971468,50.85574412345886
-25.81147819072024,-6.924494443971468,50.85574412345886
-25.81147819072024,-6.924494443971468,50.85574412345886
-26.102571556587517,-7.001877924725403,50.85574412345886
-26.102571556587517,-7.001877924725403,50.85574412345886
-26.102571556587517,-7.001877924725403,50.85574412345886
-26.102571556587517,-7.001877924725403,50.85574412345886
-26.102571556587517,-7.001877924725403,50.85574412345886
-26.102571556587517,-7.001877924725403,50.85574412345886
-26.290503642875166,-7.060585873634292,50.85574412345886
-26.290503642875166,-7.060585873634292,50.85574412345886
-26.290503642875166,-7.060585873634292,50.85574412345886
-26.290503642875166,-7.060585873634292,50.85574412345886
-26.290503642875166,-7.060585873634292,50.85574412345886
-26.290503642875166,-7.060585873634292,50.85574412345886
-26.586670516467727,-7.141738220172319,50.85574412345886
-26.586670516467727,-7.141738220172319,50.85574412345886
-26.586670516467727,-7.141738220172319,50.85574412345886
-26.586670516467727,-7.141738220172319,50.85574412345886
-26.586670516467727,-7.141738220172319,50.85574412345886
-26.586670516467727,-7.141738220172319,50.85574412345886
-26.768280363469902,-7.195537221043541,50.85574412345886
-26.768280363469902,-7.195537221043541,50.85574412345886
-26.768280363469902,-7.195537221043541,50.85574412345886
-26.768280363469902,-7.195537221043541,50.85574412345886
-26.768280363469902,-7.195537221043541,50.85574412345886
-26.768280363469902,-7.195537221043541,50.85574412345886
-26.768280363469902,-7.195537221043541,50.85574412345886
-26.768280363469902,-7.195537221043541,50.85574412345886
-26.943085305620265,-7.261005154716071,50.85574412345886
-26.943085305620265,-7.261005154716071,50.85574412345886
-26.943085305620265,-7.261005154716071,50.85574412345886
-26.943085305620265,-7.261005154716071,50.85574412345886
-26.943085305620265,-7.261005154716071,50.85574412345886
-26.943085305620265,-7.261005154716071,50.85574412345886
-26.943085305620265,-7.261005154716071,50.85574412345886
-26.943085305620265,-7.261005154716071,50.85574412345886
-26.943085305620265,-7.261005154716071,50.85574412345886
-27.278220879034706,-7.357216454536966,50.85574412345886
-27.278220879034706,-7.357216454536966,50.85574412345886
-27.278220879034706,-7.357216454536966,50.85574412345886
-27.278220879034706,-7.357216454536966,50.85574412345886
-27.278220879034706,-7.357216454536966,50.85574412345886
-27.278220879034706,-7.357216454536966,50.85574412345886
-27.278220879034706,-7.357216454536966,50.85574412345886
-27.278220879034706,-7.357216454536966,50.85574412345886
-27.278220879034706,-7.357216454536966,50.85574412345886
-27.278220879034706,-7.357216454536966,50.85574412345886
-27.58997636539778,-7.445003351701577,50.85574412345886
-27.58997636539778,-7.445003351701577,50.85574412345886
-27.58997636539778,-7.445003351701577,50.85574412345886
-27.58997636539778,-7.445003351701577,50.85574412345886
-27.58997636539778,-7.445003351701577,50.85574412345886
-27.58997636539778,-7.445003351701577,50.85574412345886
-27.58997636539778,-7.445003351701577,50.85574412345886
-27.58997636539778,-7.445003351701577,50.85574412345886
-27.77779291715845,-7.494165336308416,50.85574412345886
-27.77779291715845,-7.494165336308416,50.85574412345886
-27.77779291715845,-7.494165336308416,50.85574412345886
-27.77779291715845,-7.494165336308416,50.85574412345886
-27.77779291715845,-7.494165336308416,50.85574412345886
-27.77779291715845,-7.494165336308416,50.85574412345886
-27.77779291715845,-7.494165336308416,50.85574412345886
-27.77779291715845,-7.494165336308416,50.85574412345886
-27.978893446603188,-7.53493094043321,50.85574412345886
-27.978893446603188,-7.53493094043321,50.85574412345886
-27.978893446603188,-7.53493094043321,50.85574412345886
-27.978893446603188,-7.53493094043321,50.85574412345886
-27.978893446603188,-7.53493094043321,50.85574412345886
-27.978893446603188,-7.53493094043321,50.85574412345886
-27.978893446603188,-7.53493094043321,50.85574412345886
-27.978893446603188,-7.53493094043321,50.85574412345886
-28.290410785814835,-7.617662481436097,50.85574412345886
-28.290410785814835,-7.617662481436097,50.85574412345886
-28.290410785814835,-7.617662481436097,50.85574412345886
-28.290410785814835,-7.617662481436097,50.85574412345886
-28.290410785814835,-7.617662481436097,50.85574412345886
-28.290410785814835,-7.617662481436097,50.85574412345886
-28.290410785814835,-7.617662481436097,50.85574412345886
-28.290410785814835,-7.617662481436097,50.85574412345886
-28.526826359508927,-7.688172121959897,50.85574412345886
-28.526826359508927,-7.688172121959897,50.85574412345886
-28.526826359508927,-7.688172121959897,50.85574412345886
-28.526826359508927,-7.688172121959897,50.85574412345886
-28.526826359508927,-7.688172121959897,50.85574412345886
-28.526826359508927,-7.688172121959897,50.85574412345886
-28.526826359508927,-7.688172121959897,50.85574412345886
-28.526826359508927,-7.688172121959897,50.85574412345886
-28.7101451478386,-7.725864412199918,50.85574412345886
-28.7101451478386,-7.725864412199918,50.85574412345886
-28.7101451478386,-7.725864412199918,50.85574412345886
-28.7101451478386,-7.725864412199918,50.85574412345886
-28.7101451478386,-7.725864412199918,50.85574412345886
-28.7101451478386,-7.725864412199918,50.85574412345886
-28.7101451478386,-7.725864412199918,50.85574412345886
-28.7101451478386,-7.725864412199918,50.85574412345886
-29.009202193823175,-7.800494199324,50.85574412345886
-29.009202193823175,-7.800494199324,50.85574412345886
-29.009202193823175,-7.800494199324,50.85574412345886
-29.009202193823175,-7.800494199324,50.85574412345886
-29.009202193823175,-7.800494199324,50.85574412345886
-29.009202193823175,-7.800494199324,50.85574412345886
-29.009202193823175,-7.800494199324,50.85574412345886
-29.009202193823175,-7.800494199324,50.85574412345886
-29.209646009357407,-7.845611740384818,50.85574412345886
-29.209646009357407,-7.845611740384818,50.85574412345886
-29.209646009357407,-7.845611740384818,50.85574412345886
-29.209646009357407,-7.845611740384818,50.85574412345886
-29.209646009357407,-7.845611740384818,50.85574412345886
-29.209646009357407,-7.845611740384818,50.85574412345886
-29.209646009357407,-7.845611740384818,50.85574412345886
-29.41249989157634,-7.893338290683057,50.85574412345886
-29.41249989157634,-7.893338290683057,50.85574412345886
-29.41249989157634,-7.893338290683057,50.85574412345886
-29.41249989157634,-7.893338290683057,50.85574412345886
-29.41249989157634,-7.893338290683057,50.85574412345886
-29.41249989157634,-7.893338290683057,50.85574412345886
-29.41249989157634,-7.893338290683057,50.85574412345886
-29.622350002915105,-7.941372784983368,50.85574412345886
-29.622350002915105,-7.941372784983368,50.85574412345886
-29.622350002915105,-7.941372784983368,50.85574412345886
-29.622350002915105,-7.941372784983368,50.85574412345886
-29.622350002915105,-7.941372784983368,50.85574412345886
-29.622350002915105,-7.941372784983368,50.85574412345886
-29.622350002915105,-7.941372784983368,50.85574412345886
-29.820958909573488,-7.986952368563327,50.85574412345886
-29.820958909573488,-7.986952368563327,50.85574412345886
-29.820958909573488,-7.986952368563327,50.85574412345886
-29.820958909573488,-7.986952368563327,50.85574412345886
-29.820958909573488,-7.986952368563327,50.85574412345886
-29.820958909573488,-7.986952368563327,50.85574412345886
-29.820958909573488,-7.986952368563327,50.85574412345886
-29.820958909573488,-7.986952368563327,50.85574412345886
-29.820958909573488,-7.986952368563327,50.85574412345886
-30.037533227287703,-8.045682875599903,50.85574412345886
-30.037533227287703,-8.045682875599903,50.85574412345886
-30.037533227287703,-8.045682875599903,50.85574412345886
-30.037533227287703,-8.045682875599903,50.85574412345886
-30.037533227287703,-8.045682875599903,50.85574412345886
-30.037533227287703,-8.045682875599903,50.85574412345886
-30.037533227287703,-8.045682875599903,50.85574412345886
-30.24543208675032,-8.095264896441922,50.85574412345886
-30.24543208675032,-8.095264896441922,50.85574412345886
-30.24543208675032,-8.095264896441922,50.85574412345886
-30.24543208675032,-8.095264896441922,50.85574412345886
-30.24543208675032,-8.095264896441922,50.85574412345886
-30.36856009714502,-8.126338829536552,50.85574412345886
-30.36856009714502,-8.126338829536552,50.85574412345886
-30.36856009714502,-8.126338829536552,50.85574412345886
-30.36856009714502,-8.126338829536552,50.85574412345886
-30.36856009714502,-8.126338829536552,50.85574412345886
-30.57283082897006,-8.179747486568724,50.85574412345886
-30.57283082897006,-8.179747486568724,50.85574412345886
-30.57283082897006,-8.179747486568724,50.85574412345886
-30.57283082897006,-8.179747486568724,50.85574412345886
-30.57283082897006,-8.179747486568724,50.85574412345886
-30.57283082897006,-8.179747486568724,50.85574412345886
-30.713926328747558,-8.219462728319725,50.85574412345886
-30.713926328747558,-8.219462728319725,50.85574412345886
-30.713926328747558,-8.219462728319725,50.85574412345886
-30.713926328747558,-8.219462728319725,50.85574412345886
-30.713926328747558,-8.219462728319725,50.85574412345886
-30.858733152748126,-8.260366874915224,50.85574412345886
-30.858733152748126,-8.260366874915224,50.85574412345886
-30.858733152748126,-8.260366874915224,50.85574412345886
-30.858733152748126,-8.260366874915224,50.85574412345886
-30.858733152748126,-8.260366874915224,50.85574412345886
-30.858733152748126,-8.260366874915224,50.85574412345886
-30.997147760057594,-8.295768464148988,50.85574412345886
-30.997147760057594,-8.295768464148988,50.85574412345886
-30.997147760057594,-8.295768464148988,50.85574412345886
-30.997147760057594,-8.295768464148988,50.85574412345886
-30.997147760057594,-8.295768464148988,50.85574412345886
-31.138360726104246,-8.33362664825451,50.85574412345886
-31.138360726104246,-8.33362664825451,50.85574412345886
-31.138360726104246,-8.33362664825451,50.85574412345886
-31.138360726104246,-8.33362664825451,50.85574412345886
-31.138360726104246,-8.33362664825451,50.85574412345886
-31.138360726104246,-8.33362664825451,50.85574412345886
-31.344756476702003,-8.383767403573968,50.85574412345886
-31.344756476702003,-8.383767403573968,50.85574412345886
-31.344756476702003,-8.383767403573968,50.85574412345886
-31.344756476702003,-8.383767403573968,50.85574412345886
-31.344756476702003,-8.383767403573968,50.85574412345886
-31.48297220732896,-8.422153660648178,50.85574412345886
-31.48297220732896,-8.422153660648178,50.85574412345886
-31.48297220732896,-8.422153660648178,50.85574412345886
-31.48297220732896,-8.422153660648178,50.85574412345886
-31.48297220732896,-8.422153660648178,50.85574412345886
-31.619532725512045,-8.459712510005543,50.85574412345886
-31.619532725512045,-8.459712510005543,50.85574412345886
-31.619532725512045,-8.459712510005543,50.85574412345886
-31.619532725512045,-8.459712510005543,50.85574412345886
-31.619532725512045,-8.459712510005543,50.85574412345886
-31.619532725512045,-8.459712510005543,50.85574412345886
-31.619532725512045,-8.459712510005543,50.85574412345886
-31.759720648668115,-8.498378272390198,50.85574412345886
-31.759720648668115,-8.498378272390198,50.85574412345886
-31.759720648668115,-8.498378272390198,50.85574412345886
-31.759720648668115,-8.498378272390198,50.85574412345886
-31.759720648668115,-8.498378272390198,50.85574412345886
-31.759720648668115,-8.498378272390198,50.85574412345886
-31.90981207078339,-8.541040048338095,50.85574412345886
-31.90981207078339,-8.541040048338095,50.85574412345886
-31.90981207078339,-8.541040048338095,50.85574412345886
-31.90981207078339,-8.541040048338095,50.85574412345886
-31.90981207078339,-8.541040048338095,50.85574412345886
-32.12359152782015,-8.604706138541761,50.85574412345886
-32.12359152782015,-8.604706138541761,50.85574412345886
-32.12359152782015,-8.604706138541761,50.85574412345886
-32.12359152782015,-8.604706138541761,50.85574412345886
-32.12359152782015,-8.604706138541761,50.85574412345886
-32.26443626036752,-8.642594665684106,50.85574412345886
-32.26443626036752,-8.642594665684106,50.85574412345886
-32.26443626036752,-8.642594665684106,50.85574412345886
-32.26443626036752,-8.642594665684106,50.85574412345886
-32.26443626036752,-8.642594665684106,50.85574412345886
-32.40323474945596,-8.682018579053972,50.85574412345886
-32.40323474945596,-8.682018579053972,50.85574412345886
-32.40323474945596,-8.682018579053972,50.85574412345886
-32.40323474945596,-8.682018579053972,50.85574412345886
-32.40323474945596,-8.682018579053972,50.85574412345886
-32.40323474945596,-8.682018579053972,50.85574412345886
-32.553284782757075,-8.722246549912496,50.85574412345886
-32.553284782757075,-8.722246549912496,50.85574412345886
-32.553284782757075,-8.722246549912496,50.85574412345886
-32.553284782757075,-8.722246549912496,50.85574412345886
-32.553284782757075,-8.722246549912496,50.85574412345886
-32.553284782757075,-8.722246549912496,50.85574412345886
-32.766291599778526,-8.775912469488985,50.85574412345886
-32.766291599778526,-8.775912469488985,50.85574412345886
-32.766291599778526,-8.775912469488985,50.85574412345886
-32.766291599778526,-8.775912469488985,50.85574412345886
-32.766291599778526,-8.775912469488985,50.85574412345886
-32.766291599778526,-8.775912469488985,50.85574412345886
-32.90096274827509,-8.815453582656415,50.85574412345886
-32.90096274827509,-8.815453582656415,50.85574412345886
-32.90096274827509,-8.815453582656415,50.85574412345886
-32.90096274827509,-8.815453582656415,50.85574412345886
-33.04424516823142,-8.849002969128081,50.85574412345886
-33.04424516823142,-8.849002969128081,50.85574412345886
-33.04424516823142,-8.849002969128081,50.85574412345886
-33.04424516823142,-8.849002969128081,50.85574412345886
-33.04424516823142,-8.849002969128081,50.85574412345886
-33.04424516823142,-8.849002969128081,50.85574412345886
-33.04424516823142,-8.849002969128081,50.85574412345886
-33.16863611311168,-8.887487454662029,50.85574412345886
-33.16863611311168,-8.887487454662029,50.85574412345886
-33.16863611311168,-8.887487454662029,50.85574412345886
-33.16863611311168,-8.887487454662029,50.85574412345886
-33.16863611311168,-8.887487454662029,50.85574412345886
-33.28979946573908,-8.917646118123283,50.85574412345886
-33.28979946573908,-8.917646118123283,50.85574412345886
-33.28979946573908,-8.917646118123283,50.85574412345886
-33.28979946573908,-8.917646118123283,50.85574412345886
-33.28979946573908,-8.917646118123283,50.85574412345886
-33.28979946573908,-8.917646118123283,50.85574412345886
-33.491198739061225,-8.968285653499901,50.85574412345886
-33.491198739061225,-8.968285653499901,50.85574412345886
-33.491198739061225,-8.968285653499901,50.85574412345886
-33.491198739061225,-8.968285653499901,50.85574412345886
-33.491198739061225,-8.968285653499901,50.85574412345886
-33.491198739061225,-8.968285653499901,50.85574412345886
-33.594178087879776,-8.991476030723982,50.85574412345886
-33.594178087879776,-8.991476030723982,50.85574412345886
-33.594178087879776,-8.991476030723982,50.85574412345886
-33.594178087879776,-8.991476030723982,50.85574412345886
-33.594178087879776,-8.991476030723982,50.85574412345886
-33.594178087879776,-8.991476030723982,50.85574412345886
-33.594178087879776,-8.991476030723982,50.85574412345886
-33.594178087879776,-8.991476030723982,50.85574412345886
-33.80636931466727,-9.026387757709239,50.85574412345886
-33.80636931466727,-9.026387757709239,50.85574412345886
-33.80636931466727,-9.026387757709239,50.85574412345886
-33.80636931466727,-9.026387757709239,50.85574412345886
-33.80636931466727,-9.026387757709239,50.85574412345886
-33.80636931466727,-9.026387757709239,50.85574412345886
-33.959932814708786,-9.043623539504386,50.85574412345886
-33.959932814708786,-9.043623539504386,50.85574412345886
-33.959932814708786,-9.043623539504386,50.85574412345886
-33.959932814708786,-9.043623539504386,50.85574412345886
-33.959932814708786,-9.043623539504386,50.85574412345886
-33.959932814708786,-9.043623539504386,50.85574412345886
-34.135102972974856,-9.039607611817193,50.85574412345886
-34.135102972974856,-9.039607611817193,50.85574412345886
-34.135102972974856,-9.039607611817193,50.85574412345886
-34.135102972974856,-9.039607611817193,50.85574412345886
-34.135102972974856,-9.039607611817193,50.85574412345886
-34.135102972974856,-9.039607611817193,50.85574412345886
-34.26064916671525,-9.004369103681311,50.85574412345886
-34.26064916671525,-9.004369103681311,50.85574412345886
-34.26064916671525,-9.004369103681311,50.85574412345886
-34.26064916671525,-9.004369103681311,50.85574412345886
-34.26064916671525,-9.004369103681311,50.85574412345886
-34.26064916671525,-9.004369103681311,50.85574412345886
-34.26064916671525,-9.004369103681311,50.85574412345886
-34.4115697409182,-8.938132224775817,50.85574412345886
-34.4115697409182,-8.938132224775817,50.85574412345886
-34.4115697409182,-8.938132224775817,50.85574412345886
-34.4115697409182,-8.938132224775817,50.85574412345886
-34.4115697409182,-8.938132224775817,50.85574412345886
-34.49636159036246,-8.864380455450348,50.85574412345886
-34.49636159036246,-8.864380455450348,50.85574412345886
-34.49636159036246,-8.864380455450348,50.85574412345886
-34.49636159036246,-8.864380455450348,50.85574412345886
-34.49636159036246,-8.864380455450348,50.85574412345886
-34.58781869081364,-8.759053613681408,50.85574412345886
-34.58781869081364,-8.759053613681408,50.85574412345886
-34.58781869081364,-8.759053613681408,50.85574412345886
-34.58781869081364,-8.759053613681408,50.85574412345886
-34.58781869081364,-8.759053613681408,50.85574412345886
-34.595943542038064,-8.708344955942966,50.85574412345886
-34.595943542038064,-8.708344955942966,50.85574412345886
-34.595943542038064,-8.708344955942966,50.85574412345886
-34.595943542038064,-8.708344955942966,50.85574412345886
-34.595943542038064,-8.708344955942966,50.85574412345886
-34.595943542038064,-8.708344955942966,50.85574412345886
-34.68498935294711,-8.616570915948593,50.85574412345886
-34.68498935294711,-8.616570915948593,50.85574412345886
-34.68498935294711,-8.616570915948593,50.85574412345886
-34.68498935294711,-8.616570915948593,50.85574412345886
-34.808827515054666,-8.498708448236364,50.85574412345886
-34.808827515054666,-8.498708448236364,50.85574412345886
-34.808827515054666,-8.498708448236364,50.85574412345886
-34.808827515054666,-8.498708448236364,50.85574412345886
-34.808827515054666,-8.498708448236364,50.85574412345886
-34.808827515054666,-8.498708448236364,50.85574412345886
-34.879481557883665,-8.41002384907477,50.85574412345886
-34.879481557883665,-8.41002384907477,50.85574412345886
-34.879481557883665,-8.41002384907477,50.85574412345886
-34.879481557883665,-8.41002384907477,50.85574412345886
-34.94539992917162,-8.316984023964805,50.85574412345886
-34.94539992917162,-8.316984023964805,50.85574412345886
-34.94539992917162,-8.316984023964805,50.85574412345886
-34.94539992917162,-8.316984023964805,50.85574412345886
-34.94539992917162,-8.316984023964805,50.85574412345886
-34.94539992917162,-8.316984023964805,50.85574412345886
-35.01336025404692,-8.211207390823798,50.85574412345886
-35.01336025404692,-8.211207390823798,50.85574412345886
-35.01336025404692,-8.211207390823798,50.85574412345886
-35.01336025404692,-8.211207390823798,50.85574412345886
-35.01336025404692,-8.211207390823798,50.85574412345886
-35.09969184949787,-8.11315446634654,50.85574412345886
-35.09969184949787,-8.11315446634654,50.85574412345886
-35.09969184949787,-8.11315446634654,50.85574412345886
-35.09969184949787,-8.11315446634654,50.85574412345886
-35.09969184949787,-8.11315446634654,50.85574412345886
-35.19613060652628,-8.023143916130618,50.85574412345886
-35.19613060652628,-8.023143916130618,50.85574412345886
-35.19613060652628,-8.023143916130618,50.85574412345886
-35.19613060652628,-8.023143916130618,50.85574412345886
-35.19613060652628,-8.023143916130618,50.85574412345886
-35.27665262237923,-7.936418851731645,50.85574412345886
-35.27665262237923,-7.936418851731645,50.85574412345886
-35.27665262237923,-7.936418851731645,50.85574412345886
-35.27665262237923,-7.936418851731645,50.85574412345886
-35.27665262237923,-7.936418851731645,50.85574412345886
-35.362533062282466,-7.835074978901069,50.85574412345886
-35.362533062282466,-7.835074978901069,50.85574412345886
-35.362533062282466,-7.835074978901069,50.85574412345886
-35.362533062282466,-7.835074978901069,50.85574412345886
-35.362533062282466,-7.835074978901069,50.85574412345886
-35.362533062282466,-7.835074978901069,50.85574412345886
-35.428464190112486,-7.729429055913892,50.85574412345886
-35.428464190112486,-7.729429055913892,50.85574412345886
-35.428464190112486,-7.729429055913892,50.85574412345886
-35.428464190112486,-7.729429055913892,50.85574412345886
-35.428464190112486,-7.729429055913892,50.85574412345886
-35.485442116154154,-7.6223059891687255,50.85574412345886
-35.485442116154154,-7.6223059891687255,50.85574412345886
-35.485442116154154,-7.6223059891687255,50.85574412345886
-35.485442116154154,-7.6223059891687255,50.85574412345886
-35.485442116154154,-7.6223059891687255,50.85574412345886
-35.58694238887525,-7.528954637439908,50.85574412345886
-35.58694238887525,-7.528954637439908,50.85574412345886
-35.58694238887525,-7.528954637439908,50.85574412345886
-35.58694238887525,-7.528954637439908,50.85574412345886
-35.58694238887525,-7.528954637439908,50.85574412345886
-35.674468233753366,-7.431134655638212,50.85574412345886
-35.674468233753366,-7.431134655638212,50.85574412345886
-35.674468233753366,-7.431134655638212,50.85574412345886
-35.674468233753366,-7.431134655638212,50.85574412345886
-35.674468233753366,-7.431134655638212,50.85574412345886
-35.75605575029473,-7.326278605175705,50.85574412345886
-35.75605575029473,-7.326278605175705,50.85574412345886
-35.75605575029473,-7.326278605175705,50.85574412345886
-35.75605575029473,-7.326278605175705,50.85574412345886
-35.75605575029473,-7.326278605175705,50.85574412345886
-35.860494085118326,-7.177480323592027,50.85574412345886
-35.860494085118326,-7.177480323592027,50.85574412345886
-35.860494085118326,-7.177480323592027,50.85574412345886
-35.860494085118326,-7.177480323592027,50.85574412345886
-35.860494085118326,-7.177480323592027,50.85574412345886
-35.860494085118326,-7.177480323592027,50.85574412345886
-35.933870647479225,-7.066136937982786,50.85574412345886
-35.933870647479225,-7.066136937982786,50.85574412345886
-35.933870647479225,-7.066136937982786,50.85574412345886
-35.933870647479225,-7.066136937982786,50.85574412345886
-35.933870647479225,-7.066136937982786,50.85574412345886
-35.933870647479225,-7.066136937982786,50.85574412345886
-35.933870647479225,-7.066136937982786,50.85574412345886
-35.99100804367357,-6.9545060145520186,50.85574412345886
-35.99100804367357,-6.9545060145520186,50.85574412345886
-35.99100804367357,-6.9545060145520186,50.85574412345886
-35.99100804367357,-6.9545060145520186,50.85574412345886
-35.99100804367357,-6.9545060145520186,50.85574412345886
-35.99100804367357,-6.9545060145520186,50.85574412345886
-35.99100804367357,-6.9545060145520186,50.85574412345886
-36.073608263474206,-6.84614807142502,50.85574412345886
-36.073608263474206,-6.84614807142502,50.85574412345886
-36.073608263474206,-6.84614807142502,50.85574412345886
-36.073608263474206,-6.84614807142502,50.85574412345886
-36.073608263474206,-6.84614807142502,50.85574412345886
-36.073608263474206,-6.84614807142502,50.85574412345886
-36.073608263474206,-6.84614807142502,50.85574412345886
-36.19841223160304,-6.677050007240517,50.85574412345886
-36.19841223160304,-6.677050007240517,50.85574412345886
-36.19841223160304,-6.677050007240517,50.85574412345886
-36.19841223160304,-6.677050007240517,50.85574412345886
-36.19841223160304,-6.677050007240517,50.85574412345886
-36.19841223160304,-6.677050007240517,50.85574412345886
-36.19841223160304,-6.677050007240517,50.85574412345886
-36.19841223160304,-6.677050007240517,50.85574412345886
-36.308182777834524,-6.517564719142621,50.85574412345886
-36.308182777834524,-6.517564719142621,50.85574412345886
-36.308182777834524,-6.517564719142621,50.85574412345886
-36.308182777834524,-6.517564719142621,50.85574412345886
-36.308182777834524,-6.517564719142621,50.85574412345886
-36.308182777834524,-6.517564719142621,50.85574412345886
-36.308182777834524,-6.517564719142621,50.85574412345886
-36.308182777834524,-6.517564719142621,50.85574412345886
-36.47228256844567,-6.2736905030953425,50.85574412345886
-36.47228256844567,-6.2736905030953425,50.85574412345886
-36.47228256844567,-6.2736905030953425,50.85574412345886
-36.47228256844567,-6.2736905030953425,50.85574412345886
-36.47228256844567,-6.2736905030953425,50.85574412345886
-36.47228256844567,-6.2736905030953425,50.85574412345886
-36.52122898377753,-6.162503589461098,50.85574412345886
-36.52122898377753,-6.162503589461098,50.85574412345886
-36.52122898377753,-6.162503589461098,50.85574412345886
-36.52122898377753,-6.162503589461098,50.85574412345886
-36.52122898377753,-6.162503589461098,50.85574412345886
-36.52122898377753,-6.162503589461098,50.85574412345886
-36.62986767911823,-5.970417093489693,50.85574412345886
-36.62986767911823,-5.970417093489693,50.85574412345886
-36.62986767911823,-5.970417093489693,50.85574412345886
-36.62986767911823,-5.970417093489693,50.85574412345886
-36.62986767911823,-5.970417093489693,50.85574412345886
-36.62986767911823,-5.970417093489693,50.85574412345886
-36.62986767911823,-5.970417093489693,50.85574412345886
-36.62986767911823,-5.970417093489693,50.85574412345886
-36.71151799486727,-5.832195065057239,50.85574412345886
-36.71151799486727,-5.832195065057239,50.85574412345886
-36.71151799486727,-5.832195065057239,50.85574412345886
-36.71151799486727,-5.832195065057239,50.85574412345886
-36.71151799486727,-5.832195065057239,50.85574412345886
-36.71151799486727,-5.832195065057239,50.85574412345886
-36.71151799486727,-5.832195065057239,50.85574412345886
-36.71151799486727,-5.832195065057239,50.85574412345886
-36.71151799486727,-5.832195065057239,50.85574412345886
-36.87910135074157,-5.583267149477153,50.85574412345886
-36.87910135074157,-5.583267149477153,50.85574412345886
-36.87910135074157,-5.583267149477153,50.85574412345886
-36.87910135074157,-5.583267149477153,50.85574412345886
-36.87910135074157,-5.583267149477153,50.85574412345886
-36.87910135074157,-5.583267149477153,50.85574412345886
-36.87910135074157,-5.583267149477153,50.85574412345886
-37.01377501296584,-5.395760589204177,50.85574412345886
-37.01377501296584,-5.395760589204177,50.85574412345886
-37.01377501296584,-5.395760589204177,50.85574412345886
-37.01377501296584,-5.395760589204177,50.85574412345886
-37.01377501296584,-5.395760589204177,50.85574412345886
-37.01377501296584,-5.395760589204177,50.85574412345886
-37.01377501296584,-5.395760589204177,50.85574412345886
-37.01377501296584,-5.395760589204177,50.85574412345886
-37.01377501296584,-5.395760589204177,50.85574412345886
-37.153910630094124,-5.2078846414120585,50.85574412345886
-37.153910630094124,-5.2078846414120585,50.85574412345886
-37.153910630094124,-5.2078846414120585,50.85574412345886
-37.153910630094124,-5.2078846414120585,50.85574412345886
-37.153910630094124,-5.2078846414120585,50.85574412345886
-37.153910630094124,-5.2078846414120585,50.85574412345886
-37.153910630094124,-5.2078846414120585,50.85574412345886
-37.329425239269746,-4.931975453050917,50.85574412345886
-37.329425239269746,-4.931975453050917,50.85574412345886
-37.329425239269746,-4.931975453050917,50.85574412345886
-37.329425239269746,-4.931975453050917,50.85574412345886
-37.329425239269746,-4.931975453050917,50.85574412345886
-37.329425239269746,-4.931975453050917,50.85574412345886
-37.329425239269746,-4.931975453050917,50.85574412345886
-37.329425239269746,-4.931975453050917,50.85574412345886
-37.329425239269746,-4.931975453050917,50.85574412345886
-37.45177432212799,-4.736855476093041,50.85574412345886
-37.45177432212799,-4.736855476093041,50.85574412345886
-37.45177432212799,-4.736855476093041,50.85574412345886
-37.45177432212799,-4.736855476093041,50.85574412345886
-37.45177432212799,-4.736855476093041,50.85574412345886
-37.45177432212799,-4.736855476093041,50.85574412345886
-37.45177432212799,-4.736855476093041,50.85574412345886
-37.45177432212799,-4.736855476093041,50.85574412345886
-37.45177432212799,-4.736855476093041,50.85574412345886
-37.575600328614286,-4.536827902392115,50.85574412345886
-37.575600328614286,-4.536827902392115,50.85574412345886
-37.575600328614286,-4.536827902392115,50.85574412345886
-37.575600328614286,-4.536827902392115,50.85574412345886
-37.575600328614286,-4.536827902392115,50.85574412345886
-37.575600328614286,-4.536827902392115,50.85574412345886
-37.575600328614286,-4.536827902392115,50.85574412345886
-37.75173263872024,-4.2773068033057315,50.85574412345886
-37.75173263872024,-4.2773068033057315,50.85574412345886
-37.75173263872024,-4.2773068033057315,50.85574412345886
-37.75173263872024,-4.2773068033057315,50.85574412345886
-37.75173263872024,-4.2773068033057315,50.85574412345886
-37.75173263872024,-4.2773068033057315,50.85574412345886
-37.75173263872024,-4.2773068033057315,50.85574412345886
-37.75173263872024,-4.2773068033057315,50.85574412345886
-37.75173263872024,-4.2773068033057315,50.85574412345886
-37.893240868484234,-4.074282889261212,50.85574412345886
-37.893240868484234,-4.074282889261212,50.85574412345886
-37.893240868484234,-4.074282889261212,50.85574412345886
-37.893240868484234,-4.074282889261212,50.85574412345886
-37.893240868484234,-4.074282889261212,50.85574412345886
-37.893240868484234,-4.074282889261212,50.85574412345886
-37.893240868484234,-4.074282889261212,50.85574412345886
-37.893240868484234,-4.074282889261212,50.85574412345886
-37.99194886265459,-3.874410089230173,50.85574412345886
-37.99194886265459,-3.874410089230173,50.85574412345886
-37.99194886265459,-3.874410089230173,50.85574412345886
-37.99194886265459,-3.874410089230173,50.85574412345886
-37.99194886265459,-3.874410089230173,50.85574412345886
-37.99194886265459,-3.874410089230173,50.85574412345886
-37.99194886265459,-3.874410089230173,50.85574412345886
-37.99194886265459,-3.874410089230173,50.85574412345886
-38.109290954329445,-3.6648257811512197,50.85574412345886
-38.109290954329445,-3.6648257811512197,50.85574412345886
-38.109290954329445,-3.6648257811512197,50.85574412345886
-38.109290954329445,-3.6648257811512197,50.85574412345886
-38.109290954329445,-3.6648257811512197,50.85574412345886
-38.109290954329445,-3.6648257811512197,50.85574412345886
-38.109290954329445,-3.6648257811512197,50.85574412345886
-38.109290954329445,-3.6648257811512197,50.85574412345886
-38.109290954329445,-3.6648257811512197,50.85574412345886
-38.313378045129184,-3.3905036208730612,50.85574412345886
-38.313378045129184,-3.3905036208730612,50.85574412345886
-38.313378045129184,-3.3905036208730612,50.85574412345886
-38.313378045129184,-3.3905036208730612,50.85574412345886
-38.313378045129184,-3.3905036208730612,50.85574412345886
-38.313378045129184,-3.3905036208730612,50.85574412345886
-38.313378045129184,-3.3905036208730612,50.85574412345886
-38.313378045129184,-3.3905036208730612,50.85574412345886
-38.448405041257566,-3.204082445400402,50.85574412345886
-38.448405041257566,-3.204082445400402,50.85574412345886
-38.448405041257566,-3.204082445400402,50.85574412345886
-38.448405041257566,-3.204082445400402,50.85574412345886
-38.448405041257566,-3.204082445400402,50.85574412345886
-38.448405041257566,-3.204082445400402,50.85574412345886
-38.448405041257566,-3.204082445400402,50.85574412345886
-38.448405041257566,-3.204082445400402,50.85574412345886
-38.567195252624856,-3.0008079267525787,50.85574412345886
-38.567195252624856,-3.0008079267525787,50.85574412345886
-38.567195252624856,-3.0008079267525787,50.85574412345886
-38.567195252624856,-3.0008079267525787,50.85574412345886
-38.567195252624856,-3.0008079267525787,50.85574412345886
-38.567195252624856,-3.0008079267525787,50.85574412345886
-38.567195252624856,-3.0008079267525787,50.85574412345886
-38.567195252624856,-3.0008079267525787,50.85574412345886
-38.686282366338965,-2.8096145275280717,50.85574412345886
-38.686282366338965,-2.8096145275280717,50.85574412345886
-38.686282366338965,-2.8096145275280717,50.85574412345886
-38.686282366338965,-2.8096145275280717,50.85574412345886
-38.686282366338965,-2.8096145275280717,50.85574412345886
-38.686282366338965,-2.8096145275280717,50.85574412345886
-38.815470643234896,-2.625852708395066,50.85574412345886
-38.815470643234896,-2.625852708395066,50.85574412345886
-38.815470643234896,-2.625852708395066,50.85574412345886
-38.815470643234896,-2.625852708395066,50.85574412345886
-38.815470643234896,-2.625852708395066,50.85574412345886
-38.815470643234896,-2.625852708395066,50.85574412345886
-38.940085697252414,-2.4385633179167256,50.85574412345886
-38.940085697252414,-2.4385633179167256,50.85574412345886
-38.940085697252414,-2.4385633179167256,50.85574412345886
-38.940085697252414,-2.4385633179167256,50.85574412345886
-38.940085697252414,-2.4385633179167256,50.85574412345886
-38.940085697252414,-2.4385633179167256,50.85574412345886
-39.104260298697845,-2.2602499140587713,50.85574412345886
-39.104260298697845,-2.2602499140587713,50.85574412345886
-39.104260298697845,-2.2602499140587713,50.85574412345886
-39.104260298697845,-2.2602499140587713,50.85574412345886
-39.104260298697845,-2.2602499140587713,50.85574412345886
-39.104260298697845,-2.2602499140587713,50.85574412345886
-39.104260298697845,-2.2602499140587713,50.85574412345886
-39.23523064795853,-2.1170062457009644,50.85574412345886
-39.23523064795853,-2.1170062457009644,50.85574412345886
-39.23523064795853,-2.1170062457009644,50.85574412345886
-39.23523064795853,-2.1170062457009644,50.85574412345886
-39.23523064795853,-2.1170062457009644,50.85574412345886
-39.23523064795853,-2.1170062457009644,50.85574412345886
-39.23523064795853,-2.1170062457009644,50.85574412345886
-39.39240619632272,-1.9277387244806135,50.85574412345886
-39.39240619632272,-1.9277387244806135,50.85574412345886
-39.39240619632272,-1.9277387244806135,50.85574412345886
-39.39240619632272,-1.9277387244806135,50.85574412345886
-39.39240619632272,-1.9277387244806135,50.85574412345886
-39.39240619632272,-1.9277387244806135,50.85574412345886
-39.4744406506365,-1.8180591165239004,50.85574412345886
-39.4744406506365,-1.8180591165239004,50.85574412345886
-39.4744406506365,-1.8180591165239004,50.85574412345886
-39.4744406506365,-1.8180591165239004,50.85574412345886
-39.4744406506365,-1.8180591165239004,50.85574412345886
-39.4744406506365,-1.8180591165239004,50.85574412345886
-39.59115036941239,-1.617389308223452,50.85574412345886
-39.59115036941239,-1.617389308223452,50.85574412345886
-39.59115036941239,-1.617389308223452,50.85574412345886
-39.59115036941239,-1.617389308223452,50.85574412345886
-39.59115036941239,-1.617389308223452,50.85574412345886
-39.64573739153799,-1.5049648144243641,50.85574412345886
-39.64573739153799,-1.5049648144243641,50.85574412345886
-39.64573739153799,-1.5049648144243641,50.85574412345886
-39.64573739153799,-1.5049648144243641,50.85574412345886
-39.64573739153799,-1.5049648144243641,50.85574412345886
-39.64573739153799,-1.5049648144243641,50.85574412345886
-39.71907204308871,-1.3774289550697594,50.85574412345886
-39.71907204308871,-1.3774289550697594,50.85574412345886
-39.71907204308871,-1.3774289550697594,50.85574412345886
-39.71907204308871,-1.3774289550697594,50.85574412345886
-39.71907204308871,-1.3774289550697594,50.85574412345886
-39.71907204308871,-1.3774289550697594,50.85574412345886
-39.823751217300924,-1.2669208185189764,50.85574412345886
-39.823751217300924,-1.2669208185189764,50.85574412345886
-39.823751217300924,-1.2669208185189764,50.85574412345886
-39.823751217300924,-1.2669208185189764,50.85574412345886
-39.823751217300924,-1.2669208185189764,50.85574412345886
-39.823751217300924,-1.2669208185189764,50.85574412345886
-39.9618698537407,-1.077736818588401,50.85574412345886
-39.9618698537407,-1.077736818588401,50.85574412345886
-39.9618698537407,-1.077736818588401,50.85574412345886
-39.9618698537407,-1.077736818588401,50.85574412345886
-39.9618698537407,-1.077736818588401,50.85574412345886
-40.0438562366663,-0.9622038668302922,50.85574412345886
-40.0438562366663,-0.9622038668302922,50.85574412345886
-40.0438562366663,-0.9622038668302922,50.85574412345886
-40.0438562366663,-0.9622038668302922,50.85574412345886
-40.0438562366663,-0.9622038668302922,50.85574412345886
-40.0438562366663,-0.9622038668302922,50.85574412345886
-40.17467748843514,-0.779583459528185,50.85574412345886
-40.17467748843514,-0.779583459528185,50.85574412345886
-40.17467748843514,-0.779583459528185,50.85574412345886
-40.17467748843514,-0.779583459528185,50.85574412345886
-40.17467748843514,-0.779583459528185,50.85574412345886
-40.17467748843514,-0.779583459528185,50.85574412345886
-40.26678944252293,-0.6481490301689997,50.85574412345886
-40.26678944252293,-0.6481490301689997,50.85574412345886
-40.26678944252293,-0.6481490301689997,50.85574412345886
-40.26678944252293,-0.6481490301689997,50.85574412345886
-40.26678944252293,-0.6481490301689997,50.85574412345886
-40.26678944252293,-0.6481490301689997,50.85574412345886
-40.34873478088802,-0.5290561786156196,50.85574412345886
-40.34873478088802,-0.5290561786156196,50.85574412345886
-40.34873478088802,-0.5290561786156196,50.85574412345886
-40.34873478088802,-0.5290561786156196,50.85574412345886
-40.34873478088802,-0.5290561786156196,50.85574412345886
-40.43166499428046,-0.4066456546067016,50.85574412345886
-40.43166499428046,-0.4066456546067016,50.85574412345886
-40.43166499428046,-0.4066456546067016,50.85574412345886
-40.43166499428046,-0.4066456546067016,50.85574412345886
-40.43166499428046,-0.4066456546067016,50.85574412345886
-40.43166499428046,-0.4066456546067016,50.85574412345886
-40.51857432195909,-0.27699930142948226,50.85574412345886
-40.51857432195909,-0.27699930142948226,50.85574412345886
-40.51857432195909,-0.27699930142948226,50.85574412345886
-40.51857432195909,-0.27699930142948226,50.85574412345886
-40.51857432195909,-0.27699930142948226,50.85574412345886
-40.51857432195909,-0.27699930142948226,50.85574412345886
-40.636651381605695,-0.10742140609307133,50.85574412345886
-40.636651381605695,-0.10742140609307133,50.85574412345886
-40.636651381605695,-0.10742140609307133,50.85574412345886
-40.636651381605695,-0.10742140609307133,50.85574412345886
-40.636651381605695,-0.10742140609307133,50.85574412345886
-40.72419965181848,0.012082888803861278,50.85574412345886
-40.72419965181848,0.012082888803861278,50.85574412345886
-40.72419965181848,0.012082888803861278,50.85574412345886
-40.72419965181848,0.012082888803861278,50.85574412345886
-40.72419965181848,0.012082888803861278,50.85574412345886
-40.72419965181848,0.012082888803861278,50.85574412345886
-40.72419965181848,0.012082888803861278,50.85574412345886
-40.72419965181848,0.012082888803861278,50.85574412345886
-40.849288848897736,0.18478945884123257,50.85574412345886
-40.849288848897736,0.18478945884123257,50.85574412345886
-40.849288848897736,0.18478945884123257,50.85574412345886
-40.849288848897736,0.18478945884123257,50.85574412345886
-40.849288848897736,0.18478945884123257,50.85574412345886
-40.849288848897736,0.18478945884123257,50.85574412345886
-40.849288848897736,0.18478945884123257,50.85574412345886
-40.97199529386735,0.3432946853831994,50.85574412345886
-40.97199529386735,0.3432946853831994,50.85574412345886
-40.97199529386735,0.3432946853831994,50.85574412345886
-40.97199529386735,0.3432946853831994,50.85574412345886
-40.97199529386735,0.3432946853831994,50.85574412345886
-41.060425009445154,0.45126932055907976,50.85574412345886
-41.060425009445154,0.45126932055907976,50.85574412345886
-41.060425009445154,0.45126932055907976,50.85574412345886
-41.060425009445154,0.45126932055907976,50.85574412345886
-41.060425009445154,0.45126932055907976,50.85574412345886
-41.060425009445154,0.45126932055907976,50.85574412345886
-41.182169168427215,0.6266885261395593,50.85574412345886
-41.182169168427215,0.6266885261395593,50.85574412345886
-41.182169168427215,0.6266885261395593,50.85574412345886
-41.182169168427215,0.6266885261395593,50.85574412345886
-41.182169168427215,0.6266885261395593,50.85574412345886
-41.182169168427215,0.6266885261395593,50.85574412345886
-41.2525388258986,0.7496048685290425,50.85574412345886
-41.2525388258986,0.7496048685290425,50.85574412345886
-41.2525388258986,0.7496048685290425,50.85574412345886
-41.2525388258986,0.7496048685290425,50.85574412345886
-41.2525388258986,0.7496048685290425,50.85574412345886
-41.2525388258986,0.7496048685290425,50.85574412345886
-41.33046826013624,0.8770661111132068,50.85574412345886
-41.33046826013624,0.8770661111132068,50.85574412345886
-41.33046826013624,0.8770661111132068,50.85574412345886
-41.33046826013624,0.8770661111132068,50.85574412345886
-41.33046826013624,0.8770661111132068,50.85574412345886
-41.33046826013624,0.8770661111132068,50.85574412345886
-41.46581602955276,1.0704260270427524,50.85574412345886
-41.46581602955276,1.0704260270427524,50.85574412345886
-41.46581602955276,1.0704260270427524,50.85574412345886
-41.46581602955276,1.0704260270427524,50.85574412345886
-41.46581602955276,1.0704260270427524,50.85574412345886
-41.46581602955276,1.0704260270427524,50.85574412345886
-41.46581602955276,1.0704260270427524,50.85574412345886
-41.46581602955276,1.0704260270427524,50.85574412345886
-41.46581602955276,1.0704260270427524,50.85574412345886
-41.55476199752992,1.1713411676060737,50.85574412345886
-41.55476199752992,1.1713411676060737,50.85574412345886
-41.55476199752992,1.1713411676060737,50.85574412345886
-41.55476199752992,1.1713411676060737,50.85574412345886
-41.55476199752992,1.1713411676060737,50.85574412345886
-41.55476199752992,1.1713411676060737,50.85574412345886
-41.55476199752992,1.1713411676060737,50.85574412345886
-41.55476199752992,1.1713411676060737,50.85574412345886
-41.55476199752992,1.1713411676060737,50.85574412345886
-41.55476199752992,1.1713411676060737,50.85574412345886
-41.55476199752992,1.1713411676060737,50.85574412345886
-41.719479166482266,1.3804370152884087,50.85574412345886
-41.719479166482266,1.3804370152884087,50.85574412345886
-41.719479166482266,1.3804370152884087,50.85574412345886
-41.719479166482266,1.3804370152884087,50.85574412345886
-41.719479166482266,1.3804370152884087,50.85574412345886
-41.719479166482266,1.3804370152884087,50.85574412345886
-41.88897579407213,1.6172978087910128,50.85574412345886
-41.88897579407213,1.6172978087910128,50.85574412345886
-41.88897579407213,1.6172978087910128,50.85574412345886
-41.88897579407213,1.6172978087910128,50.85574412345886
-41.970731396405164,1.7366399482514403,50.85574412345886
-41.970731396405164,1.7366399482514403,50.85574412345886
-41.970731396405164,1.7366399482514403,50.85574412345886
-41.970731396405164,1.7366399482514403,50.85574412345886
-42.059340115897136,1.8584087303626042,50.85574412345886
-42.059340115897136,1.8584087303626042,50.85574412345886
-42.059340115897136,1.8584087303626042,50.85574412345886
-42.059340115897136,1.8584087303626042,50.85574412345886
-42.059340115897136,1.8584087303626042,50.85574412345886
-42.059340115897136,1.8584087303626042,50.85574412345886
-42.21079518918586,2.0447229186780267,50.85574412345886
-42.21079518918586,2.0447229186780267,50.85574412345886
-42.21079518918586,2.0447229186780267,50.85574412345886
-42.21079518918586,2.0447229186780267,50.85574412345886
-42.21079518918586,2.0447229186780267,50.85574412345886
-42.310676805138165,2.1608296786238976,50.85574412345886
-42.310676805138165,2.1608296786238976,50.85574412345886
-42.310676805138165,2.1608296786238976,50.85574412345886
-42.310676805138165,2.1608296786238976,50.85574412345886
-42.310676805138165,2.1608296786238976,50.85574412345886
-42.41006399598291,2.2870762229749526,50.85574412345886
-42.41006399598291,2.2870762229749526,50.85574412345886
-42.41006399598291,2.2870762229749526,50.85574412345886
-42.41006399598291,2.2870762229749526,50.85574412345886
-42.41006399598291,2.2870762229749526,50.85574412345886
-42.41006399598291,2.2870762229749526,50.85574412345886
-42.41006399598291,2.2870762229749526,50.85574412345886
-42.49787171452273,2.402067459858353,50.85574412345886
-42.49787171452273,2.402067459858353,50.85574412345886
-42.49787171452273,2.402067459858353,50.85574412345886
-42.49787171452273,2.402067459858353,50.85574412345886
-42.49787171452273,2.402067459858353,50.85574412345886
-42.49787171452273,2.402067459858353,50.85574412345886
-42.607702701017615,2.5600826044457885,50.85574412345886
-42.607702701017615,2.5600826044457885,50.85574412345886
-42.607702701017615,2.5600826044457885,50.85574412345886
-42.607702701017615,2.5600826044457885,50.85574412345886
-42.607702701017615,2.5600826044457885,50.85574412345886
-42.607702701017615,2.5600826044457885,50.85574412345886
-42.68536515503398,2.686334998565698,50.85574412345886
-42.68536515503398,2.686334998565698,50.85574412345886
-42.68536515503398,2.686334998565698,50.85574412345886
-42.68536515503398,2.686334998565698,50.85574412345886
-42.68536515503398,2.686334998565698,50.85574412345886
-42.68536515503398,2.686334998565698,50.85574412345886
-42.68536515503398,2.686334998565698,50.85574412345886
-42.68536515503398,2.686334998565698,50.85574412345886
-42.68536515503398,2.686334998565698,50.85574412345886
-42.807651517594664,2.8704622116243637,50.85574412345886
-42.807651517594664,2.8704622116243637,50.85574412345886
-42.807651517594664,2.8704622116243637,50.85574412345886
-42.807651517594664,2.8704622116243637,50.85574412345886
-42.807651517594664,2.8704622116243637,50.85574412345886
-42.94037398126312,3.0625183009274832,50.85574412345886
-42.94037398126312,3.0625183009274832,50.85574412345886
-42.94037398126312,3.0625183009274832,50.85574412345886
-42.94037398126312,3.0625183009274832,50.85574412345886
-42.94037398126312,3.0625183009274832,50.85574412345886
-42.94037398126312,3.0625183009274832,50.85574412345886
-43.03159839882908,3.1844349090720896,50.85574412345886
-43.03159839882908,3.1844349090720896,50.85574412345886
-43.03159839882908,3.1844349090720896,50.85574412345886
-43.03159839882908,3.1844349090720896,50.85574412345886
-43.03159839882908,3.1844349090720896,50.85574412345886
-43.03159839882908,3.1844349090720896,50.85574412345886
-43.15507812926012,3.357872642095965,50.85574412345886
-43.15507812926012,3.357872642095965,50.85574412345886
-43.15507812926012,3.357872642095965,50.85574412345886
-43.15507812926012,3.357872642095965,50.85574412345886
-43.15507812926012,3.357872642095965,50.85574412345886
-43.15507812926012,3.357872642095965,50.85574412345886
-43.23602069205345,3.466440322628968,50.85574412345886
-43.23602069205345,3.466440322628968,50.85574412345886
-43.23602069205345,3.466440322628968,50.85574412345886
-43.23602069205345,3.466440322628968,50.85574412345886
-43.23602069205345,3.466440322628968,50.85574412345886
-43.23602069205345,3.466440322628968,50.85574412345886
-43.32555149872399,3.584588980229775,50.85574412345886
-43.32555149872399,3.584588980229775,50.85574412345886
-43.32555149872399,3.584588980229775,50.85574412345886
-43.32555149872399,3.584588980229775,50.85574412345886
-43.32555149872399,3.584588980229775,50.85574412345886
-43.32555149872399,3.584588980229775,50.85574412345886
-43.42640922973588,3.7367727980305205,50.85574412345886
-43.42640922973588,3.7367727980305205,50.85574412345886
-43.42640922973588,3.7367727980305205,50.85574412345886
-43.42640922973588,3.7367727980305205,50.85574412345886
-43.42640922973588,3.7367727980305205,50.85574412345886
-43.42640922973588,3.7367727980305205,50.85574412345886
-43.42640922973588,3.7367727980305205,50.85574412345886
-43.547099152905936,3.914850394610689,50.85574412345886
-43.547099152905936,3.914850394610689,50.85574412345886
-43.547099152905936,3.914850394610689,50.85574412345886
-43.547099152905936,3.914850394610689,50.85574412345886
-43.547099152905936,3.914850394610689,50.85574412345886
-43.547099152905936,3.914850394610689,50.85574412345886
-43.547099152905936,3.914850394610689,50.85574412345886
-43.67511199470784,4.095777630027962,50.85574412345886
-43.67511199470784,4.095777630027962,50.85574412345886
-43.67511199470784,4.095777630027962,50.85574412345886
-43.67511199470784,4.095777630027962,50.85574412345886
-43.67511199470784,4.095777630027962,50.85574412345886
-43.67511199470784,4.095777630027962,50.85574412345886
-43.67511199470784,4.095777630027962,50.85574412345886
-43.67511199470784,4.095777630027962,50.85574412345886
-43.79690683078291,4.264560620555112,50.85574412345886
-43.79690683078291,4.264560620555112,50.85574412345886
-43.79690683078291,4.264560620555112,50.85574412345886
-43.79690683078291,4.264560620555112,50.85574412345886
-43.79690683078291,4.264560620555112,50.85574412345886
-43.79690683078291,4.264560620555112,50.85574412345886
-43.91239686356617,4.427338738823295,50.85574412345886
-43.91239686356617,4.427338738823295,50.85574412345886
-43.91239686356617,4.427338738823295,50.85574412345886
-43.91239686356617,4.427338738823295,50.85574412345886
-43.91239686356617,4.427338738823295,50.85574412345886
-43.91239686356617,4.427338738823295,50.85574412345886
-44.00893200693035,4.556342845322013,50.85574412345886
-44.00893200693035,4.556342845322013,50.85574412345886
-44.00893200693035,4.556342845322013,50.85574412345886
-44.00893200693035,4.556342845322013,50.85574412345886
-44.00893200693035,4.556342845322013,50.85574412345886
-44.00893200693035,4.556342845322013,50.85574412345886
-44.10600259123274,4.6654453291865075,50.85574412345886
-44.10600259123274,4.6654453291865075,50.85574412345886
-44.10600259123274,4.6654453291865075,50.85574412345886
-44.10600259123274,4.6654453291865075,50.85574412345886
-44.10600259123274,4.6654453291865075,50.85574412345886
-44.10600259123274,4.6654453291865075,50.85574412345886
-44.235599717027696,4.851173224866153,50.85574412345886
-44.235599717027696,4.851173224866153,50.85574412345886
-44.235599717027696,4.851173224866153,50.85574412345886
-44.235599717027696,4.851173224866153,50.85574412345886
-44.235599717027696,4.851173224866153,50.85574412345886
-44.289775931014155,4.948052081465253,50.85574412345886
-44.289775931014155,4.948052081465253,50.85574412345886
-44.289775931014155,4.948052081465253,50.85574412345886
-44.289775931014155,4.948052081465253,50.85574412345886
-44.289775931014155,4.948052081465253,50.85574412345886
-44.289775931014155,4.948052081465253,50.85574412345886
-44.37447654265506,5.086122199689153,50.85574412345886
-44.37447654265506,5.086122199689153,50.85574412345886
-44.37447654265506,5.086122199689153,50.85574412345886
-44.37447654265506,5.086122199689153,50.85574412345886
-44.37447654265506,5.086122199689153,50.85574412345886
-44.37447654265506,5.086122199689153,50.85574412345886
-44.37447654265506,5.086122199689153,50.85574412345886
-44.43885850185415,5.177419239678438,50.85574412345886
-44.43885850185415,5.177419239678438,50.85574412345886
-44.43885850185415,5.177419239678438,50.85574412345886
-44.43885850185415,5.177419239678438,50.85574412345886
-44.43885850185415,5.177419239678438,50.85574412345886
-44.516361721878624,5.29481373914758,50.85574412345886
-44.516361721878624,5.29481373914758,50.85574412345886
-44.516361721878624,5.29481373914758,50.85574412345886
-44.516361721878624,5.29481373914758,50.85574412345886
-44.516361721878624,5.29481373914758,50.85574412345886
-44.516361721878624,5.29481373914758,50.85574412345886
-44.62255729389272,5.438330473256765,50.85574412345886
-44.62255729389272,5.438330473256765,50.85574412345886
-44.62255729389272,5.438330473256765,50.85574412345886
-44.62255729389272,5.438330473256765,50.85574412345886
-44.62255729389272,5.438330473256765,50.85574412345886
-44.62255729389272,5.438330473256765,50.85574412345886
-44.700269703751296,5.525383538693159,50.85574412345886
-44.700269703751296,5.525383538693159,50.85574412345886
-44.700269703751296,5.525383538693159,50.85574412345886
-44.700269703751296,5.525383538693159,50.85574412345886
-44.700269703751296,5.525383538693159,50.85574412345886
-44.700269703751296,5.525383538693159,50.85574412345886
-44.700269703751296,5.525383538693159,50.85574412345886
-44.8305217207078,5.687092572879771,50.85574412345886
-44.8305217207078,5.687092572879771,50.85574412345886
-44.8305217207078,5.687092572879771,50.85574412345886
-44.8305217207078,5.687092572879771,50.85574412345886
-44.8305217207078,5.687092572879771,50.85574412345886
-44.8305217207078,5.687092572879771,50.85574412345886
-44.90422451815066,5.783586166570686,50.85574412345886
-44.90422451815066,5.783586166570686,50.85574412345886
-44.90422451815066,5.783586166570686,50.85574412345886
-44.90422451815066,5.783586166570686,50.85574412345886
-44.90422451815066,5.783586166570686,50.85574412345886
-44.90422451815066,5.783586166570686,50.85574412345886
-44.97317749857811,5.8840460664394545,50.85574412345886
-44.97317749857811,5.8840460664394545,50.85574412345886
-44.97317749857811,5.8840460664394545,50.85574412345886
-44.97317749857811,5.8840460664394545,50.85574412345886
-44.97317749857811,5.8840460664394545,50.85574412345886
-44.97317749857811,5.8840460664394545,50.85574412345886
-45.071093357373066,6.029131388964018,50.85574412345886
-45.071093357373066,6.029131388964018,50.85574412345886
-45.071093357373066,6.029131388964018,50.85574412345886
-45.071093357373066,6.029131388964018,50.85574412345886
-45.071093357373066,6.029131388964018,50.85574412345886
-45.071093357373066,6.029131388964018,50.85574412345886
-45.071093357373066,6.029131388964018,50.85574412345886
-45.187658891579716,6.187666940854249,50.85574412345886
-45.187658891579716,6.187666940854249,50.85574412345886
-45.187658891579716,6.187666940854249,50.85574412345886
-45.187658891579716,6.187666940854249,50.85574412345886
-45.187658891579716,6.187666940854249,50.85574412345886
-45.187658891579716,6.187666940854249,50.85574412345886
-45.28222254613848,6.314468546709053,50.85574412345886
-45.28222254613848,6.314468546709053,50.85574412345886
-45.28222254613848,6.314468546709053,50.85574412345886
-45.28222254613848,6.314468546709053,50.85574412345886
-45.28222254613848,6.314468546709053,50.85574412345886
-45.28222254613848,6.314468546709053,50.85574412345886
-45.28222254613848,6.314468546709053,50.85574412345886
-45.43537735220984,6.513720775397191,50.85574412345886
-45.43537735220984,6.513720775397191,50.85574412345886
-45.43537735220984,6.513720775397191,50.85574412345886
-45.43537735220984,6.513720775397191,50.85574412345886
-45.43537735220984,6.513720775397191,50.85574412345886
-45.53579002447209,6.641967122630238,50.85574412345886
-45.53579002447209,6.641967122630238,50.85574412345886
-45.53579002447209,6.641967122630238,50.85574412345886
-45.53579002447209,6.641967122630238,50.85574412345886
-45.53579002447209,6.641967122630238,50.85574412345886
-45.53579002447209,6.641967122630238,50.85574412345886
-45.53579002447209,6.641967122630238,50.85574412345886
-45.672264783279175,6.831236934913871,50.85574412345886
-45.672264783279175,6.831236934913871,50.85574412345886
-45.672264783279175,6.831236934913871,50.85574412345886
-45.672264783279175,6.831236934913871,50.85574412345886
-45.672264783279175,6.831236934913871,50.85574412345886
-45.672264783279175,6.831236934913871,50.85574412345886
-45.672264783279175,6.831236934913871,50.85574412345886
-45.672264783279175,6.831236934913871,50.85574412345886
-45.77061975316713,6.960155755914448,50.85574412345886
-45.77061975316713,6.960155755914448,50.85574412345886
-45.77061975316713,6.960155755914448,50.85574412345886
-45.77061975316713,6.960155755914448,50.85574412345886
-45.77061975316713,6.960155755914448,50.85574412345886
-45.77061975316713,6.960155755914448,50.85574412345886
-45.94195905296784,7.205452135825561,50.85574412345886
-45.94195905296784,7.205452135825561,50.85574412345886
-45.94195905296784,7.205452135825561,50.85574412345886
-45.94195905296784,7.205452135825561,50.85574412345886
-45.94195905296784,7.205452135825561,50.85574412345886
-45.94195905296784,7.205452135825561,50.85574412345886
-46.02164217165541,7.328445379763443,50.85574412345886
-46.02164217165541,7.328445379763443,50.85574412345886
-46.02164217165541,7.328445379763443,50.85574412345886
-46.02164217165541,7.328445379763443,50.85574412345886
-46.02164217165541,7.328445379763443,50.85574412345886
-46.11046561668246,7.4592873912104,50.85574412345886
-46.11046561668246,7.4592873912104,50.85574412345886
-46.11046561668246,7.4592873912104,50.85574412345886
-46.11046561668246,7.4592873912104,50.85574412345886
-46.11046561668246,7.4592873912104,50.85574412345886
-46.11046561668246,7.4592873912104,50.85574412345886
-46.18093824453745,7.572505774437221,50.85574412345886
-46.18093824453745,7.572505774437221,50.85574412345886
-46.18093824453745,7.572505774437221,50.85574412345886
-46.18093824453745,7.572505774437221,50.85574412345886
-46.18093824453745,7.572505774437221,50.85574412345886
-46.18093824453745,7.572505774437221,50.85574412345886
-46.246998862184185,7.681266150596481,50.85574412345886
-46.246998862184185,7.681266150596481,50.85574412345886
-46.246998862184185,7.681266150596481,50.85574412345886
-46.246998862184185,7.681266150596481,50.85574412345886
-46.246998862184185,7.681266150596481,50.85574412345886
-46.246998862184185,7.681266150596481,50.85574412345886
-46.246998862184185,7.681266150596481,50.85574412345886
-46.37826462126764,7.867510894066529,50.85574412345886
-46.37826462126764,7.867510894066529,50.85574412345886
-46.37826462126764,7.867510894066529,50.85574412345886
-46.37826462126764,7.867510894066529,50.85574412345886
-46.37826462126764,7.867510894066529,50.85574412345886
-46.37826462126764,7.867510894066529,50.85574412345886
-46.37826462126764,7.867510894066529,50.85574412345886
-46.37826462126764,7.867510894066529,50.85574412345886
-46.48547411374875,8.03269681059049,50.85574412345886
-46.48547411374875,8.03269681059049,50.85574412345886
-46.48547411374875,8.03269681059049,50.85574412345886
-46.48547411374875,8.03269681059049,50.85574412345886
-46.48547411374875,8.03269681059049,50.85574412345886
-46.48547411374875,8.03269681059049,50.85574412345886
-46.48547411374875,8.03269681059049,50.85574412345886
-46.594282428555964,8.189063592480522,50.85574412345886
-46.594282428555964,8.189063592480522,50.85574412345886
-46.594282428555964,8.189063592480522,50.85574412345886
-46.594282428555964,8.189063592480522,50.85574412345886
-46.594282428555964,8.189063592480522,50.85574412345886
-46.594282428555964,8.189063592480522,50.85574412345886
-46.594282428555964,8.189063592480522,50.85574412345886
-46.72033640289957,8.352084933003045,50.85574412345886
-46.72033640289957,8.352084933003045,50.85574412345886
-46.72033640289957,8.352084933003045,50.85574412345886
-46.72033640289957,8.352084933003045,50.85574412345886
-46.72033640289957,8.352084933003045,50.85574412345886
-46.72033640289957,8.352084933003045,50.85574412345886
-46.72033640289957,8.352084933003045,50.85574412345886
-46.828264535131176,8.497569670863175,50.85574412345886
-46.828264535131176,8.497569670863175,50.85574412345886
-46.828264535131176,8.497569670863175,50.85574412345886
-46.828264535131176,8.497569670863175,50.85574412345886
-46.828264535131176,8.497569670863175,50.85574412345886
-46.828264535131176,8.497569670863175,50.85574412345886
-46.99382668849209,8.707539075230601,50.85574412345886
-46.99382668849209,8.707539075230601,50.85574412345886
-46.99382668849209,8.707539075230601,50.85574412345886
-46.99382668849209,8.707539075230601,50.85574412345886
-46.99382668849209,8.707539075230601,50.85574412345886
-46.99382668849209,8.707539075230601,50.85574412345886
-46.99382668849209,8.707539075230601,50.85574412345886
-46.99382668849209,8.707539075230601,50.85574412345886
-47.144552936385985,8.919324708031372,50.85574412345886
-47.144552936385985,8.919324708031372,50.85574412345886
-47.144552936385985,8.919324708031372,50.85574412345886
-47.144552936385985,8.919324708031372,50.85574412345886
-47.144552936385985,8.919324708031372,50.85574412345886
-47.144552936385985,8.919324708031372,50.85574412345886
-47.268101253549005,9.109981404115898,50.85574412345886
-47.268101253549005,9.109981404115898,50.85574412345886
-47.268101253549005,9.109981404115898,50.85574412345886
-47.268101253549005,9.109981404115898,50.85574412345886
-47.268101253549005,9.109981404115898,50.85574412345886
-47.268101253549005,9.109981404115898,50.85574412345886
-47.268101253549005,9.109981404115898,50.85574412345886
-47.36904179515956,9.277773512180286,50.85574412345886
-47.36904179515956,9.277773512180286,50.85574412345886
-47.36904179515956,9.277773512180286,50.85574412345886
-47.36904179515956,9.277773512180286,50.85574412345886
-47.36904179515956,9.277773512180286,50.85574412345886
-47.36904179515956,9.277773512180286,50.85574412345886
-47.42230672428324,9.371464266147024,50.85574412345886
-47.42230672428324,9.371464266147024,50.85574412345886
-47.42230672428324,9.371464266147024,50.85574412345886
-47.42230672428324,9.371464266147024,50.85574412345886
-47.42230672428324,9.371464266147024,50.85574412345886
-47.42230672428324,9.371464266147024,50.85574412345886
-47.42230672428324,9.371464266147024,50.85574412345886
-47.42230672428324,9.371464266147024,50.85574412345886
-47.42230672428324,9.371464266147024,50.85574412345886
-47.42230672428324,9.371464266147024,50.85574412345886
-47.52890237011051,9.528915926293479,50.85574412345886
-47.52890237011051,9.528915926293479,50.85574412345886
-47.52890237011051,9.528915926293479,50.85574412345886
-47.52890237011051,9.528915926293479,50.85574412345886
-47.52890237011051,9.528915926293479,50.85574412345886
-47.52890237011051,9.528915926293479,50.85574412345886
-47.52890237011051,9.528915926293479,50.85574412345886
-47.72959086967686,9.789891486419533,50.85574412345886
-47.72959086967686,9.789891486419533,50.85574412345886
-47.72959086967686,9.789891486419533,50.85574412345886
-47.72959086967686,9.789891486419533,50.85574412345886
-47.72959086967686,9.789891486419533,50.85574412345886
-47.818212708478356,9.920290026735744,50.85574412345886
-47.818212708478356,9.920290026735744,50.85574412345886
-47.818212708478356,9.920290026735744,50.85574412345886
-47.818212708478356,9.920290026735744,50.85574412345886
-47.818212708478356,9.920290026735744,50.85574412345886
-47.818212708478356,9.920290026735744,50.85574412345886
-47.89437578427386,10.035642567961077,50.85574412345886
-47.89437578427386,10.035642567961077,50.85574412345886
-47.89437578427386,10.035642567961077,50.85574412345886
-47.89437578427386,10.035642567961077,50.85574412345886
-47.89437578427386,10.035642567961077,50.85574412345886
-47.89437578427386,10.035642567961077,50.85574412345886
-47.89437578427386,10.035642567961077,50.85574412345886
-48.0223483652469,10.226686511773224,50.85574412345886
-48.0223483652469,10.226686511773224,50.85574412345886
-48.0223483652469,10.226686511773224,50.85574412345886
-48.0223483652469,10.226686511773224,50.85574412345886
-48.0223483652469,10.226686511773224,50.85574412345886
-48.0223483652469,10.226686511773224,50.85574412345886
-48.153224570166856,10.41847568091678,50.85574412345886
-48.153224570166856,10.41847568091678,50.85574412345886
-48.153224570166856,10.41847568091678,50.85574412345886
-48.153224570166856,10.41847568091678,50.85574412345886
-48.153224570166856,10.41847568091678,50.85574412345886
-48.153224570166856,10.41847568091678,50.85574412345886
-48.23363766408748,10.546039357810017,50.85574412345886
-48.23363766408748,10.546039357810017,50.85574412345886
-48.23363766408748,10.546039357810017,50.85574412345886
-48.23363766408748,10.546039357810017,50.85574412345886
-48.23363766408748,10.546039357810017,50.85574412345886
-48.23363766408748,10.546039357810017,50.85574412345886
-48.23363766408748,10.546039357810017,50.85574412345886
-48.362406000090154,10.75356432579691,50.85574412345886
-48.362406000090154,10.75356432579691,50.85574412345886
-48.362406000090154,10.75356432579691,50.85574412345886
-48.362406000090154,10.75356432579691,50.85574412345886
-48.362406000090154,10.75356432579691,50.85574412345886
-48.362406000090154,10.75356432579691,50.85574412345886
-48.362406000090154,10.75356432579691,50.85574412345886
-48.362406000090154,10.75356432579691,50.85574412345886
-48.43605899756878,10.883929669497256,50.85574412345886
-48.43605899756878,10.883929669497256,50.85574412345886
-48.43605899756878,10.883929669497256,50.85574412345886
-48.43605899756878,10.883929669497256,50.85574412345886
-48.43605899756878,10.883929669497256,50.85574412345886
-48.43605899756878,10.883929669497256,50.85574412345886
-48.43605899756878,10.883929669497256,50.85574412345886
-48.572481976497265,11.133926031814022,50.85574412345886
-48.572481976497265,11.133926031814022,50.85574412345886
-48.572481976497265,11.133926031814022,50.85574412345886
-48.572481976497265,11.133926031814022,50.85574412345886
-48.572481976497265,11.133926031814022,50.85574412345886
-48.572481976497265,11.133926031814022,50.85574412345886
-48.641452177600144,11.25464700151177,50.85574412345886
-48.641452177600144,11.25464700151177,50.85574412345886
-48.641452177600144,11.25464700151177,50.85574412345886
-48.641452177600144,11.25464700151177,50.85574412345886
-48.641452177600144,11.25464700151177,50.85574412345886
-48.641452177600144,11.25464700151177,50.85574412345886
-48.71953211018438,11.38013530859769,50.85574412345886
-48.71953211018438,11.38013530859769,50.85574412345886
-48.71953211018438,11.38013530859769,50.85574412345886
-48.71953211018438,11.38013530859769,50.85574412345886
-48.71953211018438,11.38013530859769,50.85574412345886
-48.71953211018438,11.38013530859769,50.85574412345886
-48.852128109893755,11.599505454139779,50.85574412345886
-48.852128109893755,11.599505454139779,50.85574412345886
-48.852128109893755,11.599505454139779,50.85574412345886
-48.852128109893755,11.599505454139779,50.85574412345886
-48.852128109893755,11.599505454139779,50.85574412345886
-48.852128109893755,11.599505454139779,50.85574412345886
-48.88595199788906,11.716765927330526,50.85574412345886
-48.88595199788906,11.716765927330526,50.85574412345886
-48.88595199788906,11.716765927330526,50.85574412345886
-48.88595199788906,11.716765927330526,50.85574412345886
-48.88595199788906,11.716765927330526,50.85574412345886
-48.88595199788906,11.716765927330526,50.85574412345886
-49.01426928722643,11.916644608713046,50.85574412345886
-49.01426928722643,11.916644608713046,50.85574412345886
-49.01426928722643,11.916644608713046,50.85574412345886
-49.01426928722643,11.916644608713046,50.85574412345886
-49.01426928722643,11.916644608713046,50.85574412345886
-49.01426928722643,11.916644608713046,50.85574412345886
-49.091983104310565,12.04257223916457,50.85574412345886
-49.091983104310565,12.04257223916457,50.85574412345886
-49.091983104310565,12.04257223916457,50.85574412345886
-49.091983104310565,12.04257223916457,50.85574412345886
-49.091983104310565,12.04257223916457,50.85574412345886
-49.091983104310565,12.04257223916457,50.85574412345886
-49.23800421179167,12.253180934050212,50.85574412345886
-49.23800421179167,12.253180934050212,50.85574412345886
-49.23800421179167,12.253180934050212,50.85574412345886
-49.23800421179167,12.253180934050212,50.85574412345886
-49.23800421179167,12.253180934050212,50.85574412345886
-49.23800421179167,12.253180934050212,50.85574412345886
-49.279647260909556,12.355343065756465,50.85574412345886
-49.279647260909556,12.355343065756465,50.85574412345886
-49.279647260909556,12.355343065756465,50.85574412345886
-49.279647260909556,12.355343065756465,50.85574412345886
-49.279647260909556,12.355343065756465,50.85574412345886
-49.31211674766364,12.440881191212014,50.85574412345886
-49.31211674766364,12.440881191212014,50.85574412345886
-49.31211674766364,12.440881191212014,50.85574412345886
-49.31211674766364,12.440881191212014,50.85574412345886
-49.31211674766364,12.440881191212014,50.85574412345886
-49.31211674766364,12.440881191212014,50.85574412345886
-49.31211674766364,12.440881191212014,50.85574412345886
-49.411574178197434,12.606668516982014,50.85574412345886
-49.411574178197434,12.606668516982014,50.85574412345886
-49.411574178197434,12.606668516982014,50.85574412345886
-49.411574178197434,12.606668516982014,50.85574412345886
-49.411574178197434,12.606668516982014,50.85574412345886
-49.411574178197434,12.606668516982014,50.85574412345886
-49.50793869805816,12.751047974402262,50.85574412345886
-49.50793869805816,12.751047974402262,50.85574412345886
-49.50793869805816,12.751047974402262,50.85574412345886
-49.50793869805816,12.751047974402262,50.85574412345886
-49.50793869805816,12.751047974402262,50.85574412345886
-49.50793869805816,12.751047974402262,50.85574412345886
-49.50793869805816,12.751047974402262,50.85574412345886
-49.50793869805816,12.751047974402262,50.85574412345886
-49.50793869805816,12.751047974402262,50.85574412345886
-49.50793869805816,12.751047974402262,50.85574412345886
-49.55739941411405,12.84249520421621,50.85574412345886
-49.55739941411405,12.84249520421621,50.85574412345886
-49.55739941411405,12.84249520421621,50.85574412345886
-49.55739941411405,12.84249520421621,50.85574412345886
-49.55739941411405,12.84249520421621,50.85574412345886
-49.55739941411405,12.84249520421621,50.85574412345886
-49.754091463851466,13.144591128550017,50.85574412345886
-49.754091463851466,13.144591128550017,50.85574412345886
-49.754091463851466,13.144591128550017,50.85574412345886
-49.754091463851466,13.144591128550017,50.85574412345886
-49.754091463851466,13.144591128550017,50.85574412345886
-49.754091463851466,13.144591128550017,50.85574412345886
-49.87115754274173,13.372896459503782,50.85574412345886
-49.87115754274173,13.372896459503782,50.85574412345886
-49.87115754274173,13.372896459503782,50.85574412345886
-49.87115754274173,13.372896459503782,50.85574412345886
-49.87115754274173,13.372896459503782,50.85574412345886
-49.87115754274173,13.372896459503782,50.85574412345886
-49.87115754274173,13.372896459503782,50.85574412345886
-49.87115754274173,13.372896459503782,50.85574412345886
-49.87115754274173,13.372896459503782,50.85574412345886
-49.9529010666045,13.547482030800627,50.85574412345886
-49.9529010666045,13.547482030800627,50.85574412345886
-49.9529010666045,13.547482030800627,50.85574412345886
-49.9529010666045,13.547482030800627,50.85574412345886
-49.9529010666045,13.547482030800627,50.85574412345886
-49.9529010666045,13.547482030800627,50.85574412345886
-50.03952993459778,13.719846911953436,50.85574412345886
-50.03952993459778,13.719846911953436,50.85574412345886
-50.03952993459778,13.719846911953436,50.85574412345886
-50.03952993459778,13.719846911953436,50.85574412345886
-50.03952993459778,13.719846911953436,50.85574412345886
-50.03952993459778,13.719846911953436,50.85574412345886
-50.03952993459778,13.719846911953436,50.85574412345886
-50.129137497323995,13.880350464313391,50.85574412345886
-50.129137497323995,13.880350464313391,50.85574412345886
-50.129137497323995,13.880350464313391,50.85574412345886
-50.129137497323995,13.880350464313391,50.85574412345886
-50.129137497323995,13.880350464313391,50.85574412345886
-50.129137497323995,13.880350464313391,50.85574412345886
-50.129137497323995,13.880350464313391,50.85574412345886
-50.22737804383185,14.082411174160661,50.85574412345886
-50.22737804383185,14.082411174160661,50.85574412345886
-50.22737804383185,14.082411174160661,50.85574412345886
-50.22737804383185,14.082411174160661,50.85574412345886
-50.22737804383185,14.082411174160661,50.85574412345886
-50.22737804383185,14.082411174160661,50.85574412345886
-50.22737804383185,14.082411174160661,50.85574412345886
-50.22737804383185,14.082411174160661,50.85574412345886
-50.302408259275296,14.254658799719232,50.85574412345886
-50.302408259275296,14.254658799719232,50.85574412345886
-50.302408259275296,14.254658799719232,50.85574412345886
-50.302408259275296,14.254658799719232,50.85574412345886
-50.302408259275296,14.254658799719232,50.85574412345886
-50.302408259275296,14.254658799719232,50.85574412345886
-50.42234652914125,14.461507446949186,50.85574412345886
-50.42234652914125,14.461507446949186,50.85574412345886
-50.42234652914125,14.461507446949186,50.85574412345886
-50.42234652914125,14.461507446949186,50.85574412345886
-50.42234652914125,14.461507446949186,50.85574412345886
-50.42234652914125,14.461507446949186,50.85574412345886
-50.42234652914125,14.461507446949186,50.85574412345886
-50.504102440660894,14.598500806614142,50.85574412345886
-50.504102440660894,14.598500806614142,50.85574412345886
-50.504102440660894,14.598500806614142,50.85574412345886
-50.504102440660894,14.598500806614142,50.85574412345886
-50.504102440660894,14.598500806614142,50.85574412345886
-50.504102440660894,14.598500806614142,50.85574412345886
-50.61588815511555,14.816226030614617,50.85574412345886
-50.61588815511555,14.816226030614617,50.85574412345886
-50.61588815511555,14.816226030614617,50.85574412345886
-50.61588815511555,14.816226030614617,50.85574412345886
-50.61588815511555,14.816226030614617,50.85574412345886
-50.61588815511555,14.816226030614617,50.85574412345886
-50.70234985724551,15.0112148899223,50.85574412345886
-50.70234985724551,15.0112148899223,50.85574412345886
-50.70234985724551,15.0112148899223,50.85574412345886
-50.70234985724551,15.0112148899223,50.85574412345886
-50.70234985724551,15.0112148899223,50.85574412345886
-50.70234985724551,15.0112148899223,50.85574412345886
-50.70234985724551,15.0112148899223,50.85574412345886
-50.792587943042726,15.229933824034957,50.85574412345886
-50.792587943042726,15.229933824034957,50.85574412345886
-50.792587943042726,15.229933824034957,50.85574412345886
-50.792587943042726,15.229933824034957,50.85574412345886
-50.792587943042726,15.229933824034957,50.85574412345886
-50.792587943042726,15.229933824034957,50.85574412345886
-50.864950685813696,15.372017540063137,50.85574412345886
-50.864950685813696,15.372017540063137,50.85574412345886
-50.864950685813696,15.372017540063137,50.85574412345886
-50.864950685813696,15.372017540063137,50.85574412345886
-50.864950685813696,15.372017540063137,50.85574412345886
-50.864950685813696,15.372017540063137,50.85574412345886
-50.864950685813696,15.372017540063137,50.85574412345886
-50.970810451861574,15.564358730275984,50.85574412345886
-50.970810451861574,15.564358730275984,50.85574412345886
-50.970810451861574,15.564358730275984,50.85574412345886
-50.970810451861574,15.564358730275984,50.85574412345886
-50.970810451861574,15.564358730275984,50.85574412345886
-50.970810451861574,15.564358730275984,50.85574412345886
-51.06905742680681,15.771003547761074,50.85574412345886
-51.06905742680681,15.771003547761074,50.85574412345886
-51.06905742680681,15.771003547761074,50.85574412345886
-51.06905742680681,15.771003547761074,50.85574412345886
-51.06905742680681,15.771003547761074,50.85574412345886
-51.06905742680681,15.771003547761074,50.85574412345886
-51.06905742680681,15.771003547761074,50.85574412345886
-51.10797658080903,15.867415136944972,50.85574412345886
-51.10797658080903,15.867415136944972,50.85574412345886
-51.10797658080903,15.867415136944972,50.85574412345886
-51.10797658080903,15.867415136944972,50.85574412345886
-51.10797658080903,15.867415136944972,50.85574412345886
-51.10797658080903,15.867415136944972,50.85574412345886
-51.10797658080903,15.867415136944972,50.85574412345886
-51.10797658080903,15.867415136944972,50.85574412345886
-51.201355631571616,16.077567901768603,50.85574412345886
-51.201355631571616,16.077567901768603,50.85574412345886
-51.201355631571616,16.077567901768603,50.85574412345886
-51.201355631571616,16.077567901768603,50.85574412345886
-51.201355631571616,16.077567901768603,50.85574412345886
-51.201355631571616,16.077567901768603,50.85574412345886
-51.201355631571616,16.077567901768603,50.85574412345886
-51.201355631571616,16.077567901768603,50.85574412345886
-51.3493836172476,16.307531178641725,50.85574412345886
-51.3493836172476,16.307531178641725,50.85574412345886
-51.3493836172476,16.307531178641725,50.85574412345886
-51.3493836172476,16.307531178641725,50.85574412345886
-51.3493836172476,16.307531178641725,50.85574412345886
-51.3493836172476,16.307531178641725,50.85574412345886
-51.3493836172476,16.307531178641725,50.85574412345886
-51.3493836172476,16.307531178641725,50.85574412345886
-51.3493836172476,16.307531178641725,50.85574412345886
-51.48004179431035,16.51960523507371,50.85574412345886
-51.48004179431035,16.51960523507371,50.85574412345886
-51.48004179431035,16.51960523507371,50.85574412345886
-51.48004179431035,16.51960523507371,50.85574412345886
-51.48004179431035,16.51960523507371,50.85574412345886
-51.48004179431035,16.51960523507371,50.85574412345886
-51.64592680827462,16.812569121327243,50.85574412345886
-51.64592680827462,16.812569121327243,50.85574412345886
-51.64592680827462,16.812569121327243,50.85574412345886
-51.64592680827462,16.812569121327243,50.85574412345886
-51.64592680827462,16.812569121327243,50.85574412345886
-51.64592680827462,16.812569121327243,50.85574412345886
-51.64592680827462,16.812569121327243,50.85574412345886
-51.64592680827462,16.812569121327243,50.85574412345886
-51.64592680827462,16.812569121327243,50.85574412345886
-51.72099471909103,16.944180197966148,50.85574412345886
-51.72099471909103,16.944180197966148,50.85574412345886
-51.72099471909103,16.944180197966148,50.85574412345886
-51.72099471909103,16.944180197966148,50.85574412345886
-51.72099471909103,16.944180197966148,50.85574412345886
-51.72099471909103,16.944180197966148,50.85574412345886
-51.848131589554,17.22107610967478,50.85574412345886
-51.848131589554,17.22107610967478,50.85574412345886
-51.848131589554,17.22107610967478,50.85574412345886
-51.848131589554,17.22107610967478,50.85574412345886
-51.848131589554,17.22107610967478,50.85574412345886
-51.848131589554,17.22107610967478,50.85574412345886
-51.848131589554,17.22107610967478,50.85574412345886
-51.87169866426678,17.32302032924365,50.85574412345886
-51.87169866426678,17.32302032924365,50.85574412345886
-51.87169866426678,17.32302032924365,50.85574412345886
-51.87169866426678,17.32302032924365,50.85574412345886
-51.87169866426678,17.32302032924365,50.85574412345886
-51.87169866426678,17.32302032924365,50.85574412345886
-51.975914417161476,17.516521343932475,50.85574412345886
-51.975914417161476,17.516521343932475,50.85574412345886
-51.975914417161476,17.516521343932475,50.85574412345886
-51.975914417161476,17.516521343932475,50.85574412345886
-51.975914417161476,17.516521343932475,50.85574412345886
-51.975914417161476,17.516521343932475,50.85574412345886
-51.975914417161476,17.516521343932475,50.85574412345886
-51.975914417161476,17.516521343932475,50.85574412345886
-52.03438659202891,17.652230833828966,50.85574412345886
-52.03438659202891,17.652230833828966,50.85574412345886
-52.03438659202891,17.652230833828966,50.85574412345886
-52.03438659202891,17.652230833828966,50.85574412345886
-52.03438659202891,17.652230833828966,50.85574412345886
-52.03438659202891,17.652230833828966,50.85574412345886
-52.03438659202891,17.652230833828966,50.85574412345886
-52.130747871383896,17.86808482271501,50.85574412345886
-52.130747871383896,17.86808482271501,50.85574412345886
-52.130747871383896,17.86808482271501,50.85574412345886
-52.130747871383896,17.86808482271501,50.85574412345886
-52.130747871383896,17.86808482271501,50.85574412345886
-52.130747871383896,17.86808482271501,50.85574412345886
-52.23460835736175,18.120208097637583,50.85574412345886
-52.23460835736175,18.120208097637583,50.85574412345886
-52.23460835736175,18.120208097637583,50.85574412345886
-52.23460835736175,18.120208097637583,50.85574412345886
-52.23460835736175,18.120208097637583,50.85574412345886
-52.23460835736175,18.120208097637583,50.85574412345886
-52.26109632616998,18.23332107449916,50.85574412345886
-52.26109632616998,18.23332107449916,50.85574412345886
-52.26109632616998,18.23332107449916,50.85574412345886
-52.26109632616998,18.23332107449916,50.85574412345886
-52.26109632616998,18.23332107449916,50.85574412345886
-52.26109632616998,18.23332107449916,50.85574412345886
-52.26109632616998,18.23332107449916,50.85574412345886
-52.30807977109595,18.355224800830193,50.85574412345886
-52.30807977109595,18.355224800830193,50.85574412345886
-52.30807977109595,18.355224800830193,50.85574412345886
-52.30807977109595,18.355224800830193,50.85574412345886
-52.30807977109595,18.355224800830193,50.85574412345886
-52.42007376013789,18.551494525295276,50.85574412345886
-52.42007376013789,18.551494525295276,50.85574412345886
-52.42007376013789,18.551494525295276,50.85574412345886
-52.42007376013789,18.551494525295276,50.85574412345886
-52.42007376013789,18.551494525295276,50.85574412345886
-52.42007376013789,18.551494525295276,50.85574412345886
-52.51557880657085,18.696732576744125,50.85574412345886
-52.51557880657085,18.696732576744125,50.85574412345886
-52.51557880657085,18.696732576744125,50.85574412345886
-52.51557880657085,18.696732576744125,50.85574412345886
-52.51557880657085,18.696732576744125,50.85574412345886
-52.51557880657085,18.696732576744125,50.85574412345886
-52.565687780990935,18.796114949987377,50.85574412345886
-52.565687780990935,18.796114949987377,50.85574412345886
-52.565687780990935,18.796114949987377,50.85574412345886
-52.565687780990935,18.796114949987377,50.85574412345886
-52.565687780990935,18.796114949987377,50.85574412345886
-52.565687780990935,18.796114949987377,50.85574412345886
-52.565687780990935,18.796114949987377,50.85574412345886
-52.565687780990935,18.796114949987377,50.85574412345886
-52.66091063884501,19.01248248192495,50.85574412345886
-52.66091063884501,19.01248248192495,50.85574412345886
-52.66091063884501,19.01248248192495,50.85574412345886
-52.66091063884501,19.01248248192495,50.85574412345886
-52.66091063884501,19.01248248192495,50.85574412345886
-52.66091063884501,19.01248248192495,50.85574412345886
-52.66091063884501,19.01248248192495,50.85574412345886
-52.76248116906596,19.20882074164615,50.85574412345886
-52.76248116906596,19.20882074164615,50.85574412345886
-52.76248116906596,19.20882074164615,50.85574412345886
-52.76248116906596,19.20882074164615,50.85574412345886
-52.76248116906596,19.20882074164615,50.85574412345886
-52.76248116906596,19.20882074164615,50.85574412345886
-52.76248116906596,19.20882074164615,50.85574412345886
-52.85559740821695,19.439721098783387,50.85574412345886
-52.85559740821695,19.439721098783387,50.85574412345886
-52.85559740821695,19.439721098783387,50.85574412345886
-52.85559740821695,19.439721098783387,50.85574412345886
-52.85559740821695,19.439721098783387,50.85574412345886
-52.85559740821695,19.439721098783387,50.85574412345886
-52.95282073065988,19.610618075259094,50.85574412345886
-52.95282073065988,19.610618075259094,50.85574412345886
-52.95282073065988,19.610618075259094,50.85574412345886
-52.95282073065988,19.610618075259094,50.85574412345886
-52.95282073065988,19.610618075259094,50.85574412345886
-52.95282073065988,19.610618075259094,50.85574412345886
-52.95282073065988,19.610618075259094,50.85574412345886
-53.0535114536271,19.79289018636495,50.85574412345886
-53.0535114536271,19.79289018636495,50.85574412345886
-53.0535114536271,19.79289018636495,50.85574412345886
-53.0535114536271,19.79289018636495,50.85574412345886
-53.0535114536271,19.79289018636495,50.85574412345886
-53.0535114536271,19.79289018636495,50.85574412345886
-53.15782240039086,19.975174768802688,50.85574412345886
-53.15782240039086,19.975174768802688,50.85574412345886
-53.15782240039086,19.975174768802688,50.85574412345886
-53.15782240039086,19.975174768802688,50.85574412345886
-53.15782240039086,19.975174768802688,50.85574412345886
-53.15782240039086,19.975174768802688,50.85574412345886
-53.2441040018236,20.135534138423495,50.85574412345886
-53.2441040018236,20.135534138423495,50.85574412345886
-53.2441040018236,20.135534138423495,50.85574412345886
-53.2441040018236,20.135534138423495,50.85574412345886
-53.2441040018236,20.135534138423495,50.85574412345886
-53.2441040018236,20.135534138423495,50.85574412345886
-53.30040115246726,20.236528080610142,50.85574412345886
-53.30040115246726,20.236528080610142,50.85574412345886
-53.30040115246726,20.236528080610142,50.85574412345886
-53.30040115246726,20.236528080610142,50.85574412345886
-53.30040115246726,20.236528080610142,50.85574412345886
-53.37737304405185,20.438125285750477,50.85574412345886
-53.37737304405185,20.438125285750477,50.85574412345886
-53.37737304405185,20.438125285750477,50.85574412345886
-53.37737304405185,20.438125285750477,50.85574412345886
-53.37737304405185,20.438125285750477,50.85574412345886
-53.37737304405185,20.438125285750477,50.85574412345886
-53.37737304405185,20.438125285750477,50.85574412345886
-53.43611492993831,20.57802941298377,50.85574412345886
-53.43611492993831,20.57802941298377,50.85574412345886
-53.43611492993831,20.57802941298377,50.85574412345886
-53.43611492993831,20.57802941298377,50.85574412345886
-53.43611492993831,20.57802941298377,50.85574412345886
-53.43611492993831,20.57802941298377,50.85574412345886
-53.53712991993607,20.788117342149633,50.85574412345886
-53.53712991993607,20.788117342149633,50.85574412345886
-53.53712991993607,20.788117342149633,50.85574412345886
-53.53712991993607,20.788117342149633,50.85574412345886
-53.53712991993607,20.788117342149633,50.85574412345886
-53.53712991993607,20.788117342149633,50.85574412345886
-53.61997375420334,20.936243724049664,50.85574412345886
-53.61997375420334,20.936243724049664,50.85574412345886
-53.61997375420334,20.936243724049664,50.85574412345886
-53.61997375420334,20.936243724049664,50.85574412345886
-53.61997375420334,20.936243724049664,50.85574412345886
-53.68657384049673,21.063112503485993,50.85574412345886
-53.68657384049673,21.063112503485993,50.85574412345886
-53.68657384049673,21.063112503485993,50.85574412345886
-53.68657384049673,21.063112503485993,50.85574412345886
-53.68657384049673,21.063112503485993,50.85574412345886
-53.68657384049673,21.063112503485993,50.85574412345886
-53.77815324215786,21.26498898569643,50.85574412345886
-53.77815324215786,21.26498898569643,50.85574412345886
-53.77815324215786,21.26498898569643,50.85574412345886
-53.77815324215786,21.26498898569643,50.85574412345886
-53.77815324215786,21.26498898569643,50.85574412345886
-53.77815324215786,21.26498898569643,50.85574412345886
-53.84661181637674,21.401913147877284,50.85574412345886
-53.84661181637674,21.401913147877284,50.85574412345886
-53.84661181637674,21.401913147877284,50.85574412345886
-53.84661181637674,21.401913147877284,50.85574412345886
-53.84661181637674,21.401913147877284,50.85574412345886
-53.89434768989532,21.519725182645868,50.85574412345886
-53.89434768989532,21.519725182645868,50.85574412345886
-53.89434768989532,21.519725182645868,50.85574412345886
-53.89434768989532,21.519725182645868,50.85574412345886
-53.89434768989532,21.519725182645868,50.85574412345886
-53.89434768989532,21.519725182645868,50.85574412345886
-53.95483328808376,21.648484367017048,50.85574412345886
-53.95483328808376,21.648484367017048,50.85574412345886
-53.95483328808376,21.648484367017048,50.85574412345886
-53.95483328808376,21.648484367017048,50.85574412345886
-53.95483328808376,21.648484367017048,50.85574412345886
-54.07162990769717,21.873057482936627,50.85574412345886
-54.07162990769717,21.873057482936627,50.85574412345886
-54.07162990769717,21.873057482936627,50.85574412345886
-54.07162990769717,21.873057482936627,50.85574412345886
-54.07162990769717,21.873057482936627,50.85574412345886
-54.07162990769717,21.873057482936627,50.85574412345886
-54.07162990769717,21.873057482936627,50.85574412345886
-54.07162990769717,21.873057482936627,50.85574412345886
-54.07162990769717,21.873057482936627,50.85574412345886
-54.07162990769717,21.873057482936627,50.85574412345886
-54.139239791590875,21.99874985519581,50.85574412345886
-54.139239791590875,21.99874985519581,50.85574412345886
-54.139239791590875,21.99874985519581,50.85574412345886
-54.139239791590875,21.99874985519581,50.85574412345886
-54.139239791590875,21.99874985519581,50.85574412345886
-54.139239791590875,21.99874985519581,50.85574412345886
-54.139239791590875,21.99874985519581,50.85574412345886
-54.139239791590875,21.99874985519581,50.85574412345886
-54.139239791590875,21.99874985519581,50.85574412345886
-54.139239791590875,21.99874985519581,50.85574412345886
-54.25913969300047,22.265189978721832,50.85574412345886
-54.25913969300047,22.265189978721832,50.85574412345886
-54.25913969300047,22.265189978721832,50.85574412345886
-54.25913969300047,22.265189978721832,50.85574412345886
-54.25913969300047,22.265189978721832,50.85574412345886
-54.25913969300047,22.265189978721832,50.85574412345886
-54.25913969300047,22.265189978721832,50.85574412345886
-54.25913969300047,22.265189978721832,50.85574412345886
-54.25913969300047,22.265189978721832,50.85574412345886
-54.25913969300047,22.265189978721832,50.85574412345886
-54.38455434285237,22.525993100685497,50.85574412345886
-54.38455434285237,22.525993100685497,50.85574412345886
-54.38455434285237,22.525993100685497,50.85574412345886
-54.38455434285237,22.525993100685497,50.85574412345886
-54.38455434285237,22.525993100685497,50.85574412345886
-54.38455434285237,22.525993100685497,50.85574412345886
-54.38455434285237,22.525993100685497,50.85574412345886
-54.38455434285237,22.525993100685497,50.85574412345886
-54.38455434285237,22.525993100685497,50.85574412345886
-54.505109774692755,22.78810229964841,50.85574412345886
-54.505109774692755,22.78810229964841,50.85574412345886
-54.505109774692755,22.78810229964841,50.85574412345886
-54.505109774692755,22.78810229964841,50.85574412345886
-54.505109774692755,22.78810229964841,50.85574412345886
-54.505109774692755,22.78810229964841,50.85574412345886
-54.505109774692755,22.78810229964841,50.85574412345886
-54.505109774692755,22.78810229964841,50.85574412345886
-54.621210661557456,23.06269402451627,50.85574412345886
-54.621210661557456,23.06269402451627,50.85574412345886
-54.621210661557456,23.06269402451627,50.85574412345886
-54.621210661557456,23.06269402451627,50.85574412345886
-54.621210661557456,23.06269402451627,50.85574412345886
-54.621210661557456,23.06269402451627,50.85574412345886
-54.621210661557456,23.06269402451627,50.85574412345886
-54.621210661557456,23.06269402451627,50.85574412345886
-54.621210661557456,23.06269402451627,50.85574412345886
-54.71619118123514,23.26440358080891,50.85574412345886
-54.71619118123514,23.26440358080891,50.85574412345886
-54.71619118123514,23.26440358080891,50.85574412345886
-54.71619118123514,23.26440358080891,50.85574412345886
-54.71619118123514,23.26440358080891,50.85574412345886
-54.71619118123514,23.26440358080891,50.85574412345886
-54.71619118123514,23.26440358080891,50.85574412345886
-54.71619118123514,23.26440358080891,50.85574412345886
-54.80624289555454,23.46601205958776,50.85574412345886
-54.80624289555454,23.46601205958776,50.85574412345886
-54.80624289555454,23.46601205958776,50.85574412345886
-54.80624289555454,23.46601205958776,50.85574412345886
-54.80624289555454,23.46601205958776,50.85574412345886
-54.80624289555454,23.46601205958776,50.85574412345886
-54.80624289555454,23.46601205958776,50.85574412345886
-54.80624289555454,23.46601205958776,50.85574412345886
-54.90646099285016,23.686981913643137,50.85574412345886
-54.90646099285016,23.686981913643137,50.85574412345886
-54.90646099285016,23.686981913643137,50.85574412345886
-54.90646099285016,23.686981913643137,50.85574412345886
-54.90646099285016,23.686981913643137,50.85574412345886
-54.90646099285016,23.686981913643137,50.85574412345886
-54.90646099285016,23.686981913643137,50.85574412345886
-54.90646099285016,23.686981913643137,50.85574412345886
-55.00407236243354,23.891805386516033,50.85574412345886
-55.00407236243354,23.891805386516033,50.85574412345886
-55.00407236243354,23.891805386516033,50.85574412345886
-55.00407236243354,23.891805386516033,50.85574412345886
-55.00407236243354,23.891805386516033,50.85574412345886
-55.00407236243354,23.891805386516033,50.85574412345886
-55.00407236243354,23.891805386516033,50.85574412345886
-55.00407236243354,23.891805386516033,50.85574412345886
-55.12168611267552,24.14777962398366,50.85574412345886
-55.12168611267552,24.14777962398366,50.85574412345886
-55.12168611267552,24.14777962398366,50.85574412345886
-55.12168611267552,24.14777962398366,50.85574412345886
-55.12168611267552,24.14777962398366,50.85574412345886
-55.12168611267552,24.14777962398366,50.85574412345886
-55.12168611267552,24.14777962398366,50.85574412345886
-55.12168611267552,24.14777962398366,50.85574412345886
-55.20623491846292,24.349114086535685,50.85574412345886
-55.20623491846292,24.349114086535685,50.85574412345886
-55.20623491846292,24.349114086535685,50.85574412345886
-55.20623491846292,24.349114086535685,50.85574412345886
-55.20623491846292,24.349114086535685,50.85574412345886
-55.20623491846292,24.349114086535685,50.85574412345886
-55.20623491846292,24.349114086535685,50.85574412345886
-55.20623491846292,24.349114086535685,50.85574412345886
-55.30791261580753,24.54732885117387,50.85574412345886
-55.30791261580753,24.54732885117387,50.85574412345886
-55.30791261580753,24.54732885117387,50.85574412345886
-55.30791261580753,24.54732885117387,50.85574412345886
-55.30791261580753,24.54732885117387,50.85574412345886
-55.30791261580753,24.54732885117387,50.85574412345886
-55.30791261580753,24.54732885117387,50.85574412345886
-55.30791261580753,24.54732885117387,50.85574412345886
-55.30791261580753,24.54732885117387,50.85574412345886
-55.42469698921393,24.802576412261494,50.85574412345886
-55.42469698921393,24.802576412261494,50.85574412345886
-55.42469698921393,24.802576412261494,50.85574412345886
-55.42469698921393,24.802576412261494,50.85574412345886
-55.42469698921393,24.802576412261494,50.85574412345886
-55.42469698921393,24.802576412261494,50.85574412345886
-55.42469698921393,24.802576412261494,50.85574412345886
-55.42469698921393,24.802576412261494,50.85574412345886
-55.53121021021661,25.02521181339237,50.85574412345886
-55.53121021021661,25.02521181339237,50.85574412345886
-55.53121021021661,25.02521181339237,50.85574412345886
-55.53121021021661,25.02521181339237,50.85574412345886
-55.53121021021661,25.02521181339237,50.85574412345886
-55.53121021021661,25.02521181339237,50.85574412345886
-55.53121021021661,25.02521181339237,50.85574412345886
-55.53121021021661,25.02521181339237,50.85574412345886
-55.62450505793684,25.227311075002024,50.85574412345886
-55.62450505793684,25.227311075002024,50.85574412345886
-55.62450505793684,25.227311075002024,50.85574412345886
-55.62450505793684,25.227311075002024,50.85574412345886
-55.62450505793684,25.227311075002024,50.85574412345886
-55.62450505793684,25.227311075002024,50.85574412345886
-55.62450505793684,25.227311075002024,50.85574412345886
-55.62450505793684,25.227311075002024,50.85574412345886
-55.62450505793684,25.227311075002024,50.85574412345886
-55.75517357618921,25.50961409113088,50.85574412345886
-55.75517357618921,25.50961409113088,50.85574412345886
-55.75517357618921,25.50961409113088,50.85574412345886
-55.75517357618921,25.50961409113088,50.85574412345886
-55.75517357618921,25.50961409113088,50.85574412345886
-55.75517357618921,25.50961409113088,50.85574412345886
-55.75517357618921,25.50961409113088,50.85574412345886
-55.75517357618921,25.50961409113088,50.85574412345886
-55.75517357618921,25.50961409113088,50.85574412345886
-55.75517357618921,25.50961409113088,50.85574412345886
-55.75517357618921,25.50961409113088,50.85574412345886
-55.84282680601605,25.694693444408344,50.85574412345886
-55.84282680601605,25.694693444408344,50.85574412345886
-55.84282680601605,25.694693444408344,50.85574412345886
-55.84282680601605,25.694693444408344,50.85574412345886
-55.84282680601605,25.694693444408344,50.85574412345886
-55.84282680601605,25.694693444408344,50.85574412345886
-55.84282680601605,25.694693444408344,50.85574412345886
-55.84282680601605,25.694693444408344,50.85574412345886
-55.84282680601605,25.694693444408344,50.85574412345886
-55.84282680601605,25.694693444408344,50.85574412345886
-55.84282680601605,25.694693444408344,50.85574412345886
-55.84282680601605,25.694693444408344,50.85574412345886
-55.98712408821371,26.023967666400598,50.85574412345886
-55.98712408821371,26.023967666400598,50.85574412345886
-55.98712408821371,26.023967666400598,50.85574412345886
-55.98712408821371,26.023967666400598,50.85574412345886
-55.98712408821371,26.023967666400598,50.85574412345886
-55.98712408821371,26.023967666400598,50.85574412345886
-55.98712408821371,26.023967666400598,50.85574412345886
-55.98712408821371,26.023967666400598,50.85574412345886
-56.08811166642808,26.259107936169503,50.85574412345886
-56.08811166642808,26.259107936169503,50.85574412345886
-56.08811166642808,26.259107936169503,50.85574412345886
-56.08811166642808,26.259107936169503,50.85574412345886
-56.08811166642808,26.259107936169503,50.85574412345886
-56.08811166642808,26.259107936169503,50.85574412345886
-56.08811166642808,26.259107936169503,50.85574412345886
-56.08811166642808,26.259107936169503,50.85574412345886
-56.08811166642808,26.259107936169503,50.85574412345886
-56.20389245592525,26.479306184168728,50.85574412345886
-56.20389245592525,26.479306184168728,50.85574412345886
-56.20389245592525,26.479306184168728,50.85574412345886
-56.20389245592525,26.479306184168728,50.85574412345886
-56.20389245592525,26.479306184168728,50.85574412345886
-56.20389245592525,26.479306184168728,50.85574412345886
-56.20389245592525,26.479306184168728,50.85574412345886
-56.20389245592525,26.479306184168728,50.85574412345886
-56.20389245592525,26.479306184168728,50.85574412345886
-56.28974687124072,26.646068273855185,50.85574412345886
-56.28974687124072,26.646068273855185,50.85574412345886
-56.28974687124072,26.646068273855185,50.85574412345886
-56.28974687124072,26.646068273855185,50.85574412345886
-56.28974687124072,26.646068273855185,50.85574412345886
-56.28974687124072,26.646068273855185,50.85574412345886
-56.28974687124072,26.646068273855185,50.85574412345886
-56.28974687124072,26.646068273855185,50.85574412345886
-56.28974687124072,26.646068273855185,50.85574412345886
-56.41000783293465,26.90150443486944,50.85574412345886
-56.41000783293465,26.90150443486944,50.85574412345886
-56.41000783293465,26.90150443486944,50.85574412345886
-56.41000783293465,26.90150443486944,50.85574412345886
-56.41000783293465,26.90150443486944,50.85574412345886
-56.41000783293465,26.90150443486944,50.85574412345886
-56.41000783293465,26.90150443486944,50.85574412345886
-56.41000783293465,26.90150443486944,50.85574412345886
-56.41000783293465,26.90150443486944,50.85574412345886
-56.48539645175304,27.075740075362944,50.85574412345886
-56.48539645175304,27.075740075362944,50.85574412345886
-56.48539645175304,27.075740075362944,50.85574412345886
-56.48539645175304,27.075740075362944,50.85574412345886
-56.48539645175304,27.075740075362944,50.85574412345886
-56.48539645175304,27.075740075362944,50.85574412345886
-56.48539645175304,27.075740075362944,50.85574412345886
-56.48539645175304,27.075740075362944,50.85574412345886
-56.48539645175304,27.075740075362944,50.85574412345886
-56.62807225298626,27.388580461016566,50.85574412345886
-56.62807225298626,27.388580461016566,50.85574412345886
-56.62807225298626,27.388580461016566,50.85574412345886
-56.62807225298626,27.388580461016566,50.85574412345886
-56.62807225298626,27.388580461016566,50.85574412345886
-56.62807225298626,27.388580461016566,50.85574412345886
-56.62807225298626,27.388580461016566,50.85574412345886
-56.62807225298626,27.388580461016566,50.85574412345886
-56.62807225298626,27.388580461016566,50.85574412345886
-56.7544400007828,27.640996901405444,50.85574412345886
-56.7544400007828,27.640996901405444,50.85574412345886
-56.7544400007828,27.640996901405444,50.85574412345886
-56.7544400007828,27.640996901405444,50.85574412345886
-56.7544400007828,27.640996901405444,50.85574412345886
-56.7544400007828,27.640996901405444,50.85574412345886
-56.7544400007828,27.640996901405444,50.85574412345886
-56.7544400007828,27.640996901405444,50.85574412345886
-56.85083706527103,27.87709296867337,50.85574412345886
-56.85083706527103,27.87709296867337,50.85574412345886
-56.85083706527103,27.87709296867337,50.85574412345886
-56.85083706527103,27.87709296867337,50.85574412345886
-56.85083706527103,27.87709296867337,50.85574412345886
-56.85083706527103,27.87709296867337,50.85574412345886
-56.85083706527103,27.87709296867337,50.85574412345886
-56.85083706527103,27.87709296867337,50.85574412345886
-56.950469639966954,28.098891038005448,50.85574412345886
-56.950469639966954,28.098891038005448,50.85574412345886
-56.950469639966954,28.098891038005448,50.85574412345886
-56.950469639966954,28.098891038005448,50.85574412345886
-56.950469639966954,28.098891038005448,50.85574412345886
-56.950469639966954,28.098891038005448,50.85574412345886
-56.950469639966954,28.098891038005448,50.85574412345886
-56.950469639966954,28.098891038005448,50.85574412345886
-57.04314777822425,28.33036065010828,50.85574412345886
-57.04314777822425,28.33036065010828,50.85574412345886
-57.04314777822425,28.33036065010828,50.85574412345886
-57.04314777822425,28.33036065010828,50.85574412345886
-57.04314777822425,28.33036065010828,50.85574412345886
-57.04314777822425,28.33036065010828,50.85574412345886
-57.04314777822425,28.33036065010828,50.85574412345886
-57.136420735560044,28.54226780884204,50.85574412345886
-57.136420735560044,28.54226780884204,50.85574412345886
-57.136420735560044,28.54226780884204,50.85574412345886
-57.136420735560044,28.54226780884204,50.85574412345886
-57.136420735560044,28.54226780884204,50.85574412345886
-57.136420735560044,28.54226780884204,50.85574412345886
-57.136420735560044,28.54226780884204,50.85574412345886
-57.136420735560044,28.54226780884204,50.85574412345886
-57.136420735560044,28.54226780884204,50.85574412345886
-57.136420735560044,28.54226780884204,50.85574412345886
-57.136420735560044,28.54226780884204,50.85574412345886
-57.26421237469467,28.806501235120876,50.85574412345886
-57.26421237469467,28.806501235120876,50.85574412345886
-57.26421237469467,28.806501235120876,50.85574412345886
-57.26421237469467,28.806501235120876,50.85574412345886
-57.26421237469467,28.806501235120876,50.85574412345886
-57.26421237469467,28.806501235120876,50.85574412345886
-57.26421237469467,28.806501235120876,50.85574412345886
-57.26421237469467,28.806501235120876,50.85574412345886
-57.26421237469467,28.806501235120876,50.85574412345886
-57.26421237469467,28.806501235120876,50.85574412345886
-57.26421237469467,28.806501235120876,50.85574412345886
-57.26421237469467,28.806501235120876,50.85574412345886
-57.26421237469467,28.806501235120876,50.85574412345886
-57.38731417261012,29.107801028369956,50.85574412345886
-57.38731417261012,29.107801028369956,50.85574412345886
-57.38731417261012,29.107801028369956,50.85574412345886
-57.38731417261012,29.107801028369956,50.85574412345886
-57.38731417261012,29.107801028369956,50.85574412345886
-57.38731417261012,29.107801028369956,50.85574412345886
-57.38731417261012,29.107801028369956,50.85574412345886
-57.38731417261012,29.107801028369956,50.85574412345886
-57.38731417261012,29.107801028369956,50.85574412345886
-57.38731417261012,29.107801028369956,50.85574412345886
-57.38731417261012,29.107801028369956,50.85574412345886
-57.5429665227338,29.489127956136016,50.85574412345886
-57.5429665227338,29.489127956136016,50.85574412345886
-57.5429665227338,29.489127956136016,50.85574412345886
-57.5429665227338,29.489127956136016,50.85574412345886
-57.5429665227338,29.489127956136016,50.85574412345886
-57.5429665227338,29.489127956136016,50.85574412345886
-57.5429665227338,29.489127956136016,50.85574412345886
-57.5429665227338,29.489127956136016,50.85574412345886
-57.5429665227338,29.489127956136016,50.85574412345886
-57.5429665227338,29.489127956136016,50.85574412345886
-57.5429665227338,29.489127956136016,50.85574412345886
-57.5429665227338,29.489127956136016,50.85574412345886
-57.72718845087449,29.847896992203847,50.85574412345886
-57.72718845087449,29.847896992203847,50.85574412345886
-57.72718845087449,29.847896992203847,50.85574412345886
-57.72718845087449,29.847896992203847,50.85574412345886
-57.72718845087449,29.847896992203847,50.85574412345886
-57.72718845087449,29.847896992203847,50.85574412345886
-57.72718845087449,29.847896992203847,50.85574412345886
-57.72718845087449,29.847896992203847,50.85574412345886
-57.72718845087449,29.847896992203847,50.85574412345886
-57.72718845087449,29.847896992203847,50.85574412345886
-57.72718845087449,29.847896992203847,50.85574412345886
-57.84307245773084,30.11557937652187,50.85574412345886
-57.84307245773084,30.11557937652187,50.85574412345886
-57.84307245773084,30.11557937652187,50.85574412345886
-57.84307245773084,30.11557937652187,50.85574412345886
-57.84307245773084,30.11557937652187,50.85574412345886
-57.84307245773084,30.11557937652187,50.85574412345886
-57.84307245773084,30.11557937652187,50.85574412345886
-57.84307245773084,30.11557937652187,50.85574412345886
-57.84307245773084,30.11557937652187,50.85574412345886
-57.84307245773084,30.11557937652187,50.85574412345886
-58.00574556944387,30.490397819699528,50.85574412345886
-58.00574556944387,30.490397819699528,50.85574412345886
-58.00574556944387,30.490397819699528,50.85574412345886
-58.00574556944387,30.490397819699528,50.85574412345886
-58.00574556944387,30.490397819699528,50.85574412345886
-58.00574556944387,30.490397819699528,50.85574412345886
-58.00574556944387,30.490397819699528,50.85574412345886
-58.00574556944387,30.490397819699528,50.85574412345886
-58.14415541042932,30.782393432646874,50.85574412345886
-58.14415541042932,30.782393432646874,50.85574412345886
-58.14415541042932,30.782393432646874,50.85574412345886
-58.14415541042932,30.782393432646874,50.85574412345886
-58.14415541042932,30.782393432646874,50.85574412345886
-58.25564977541373,30.985150389879962,50.85574412345886
-58.25564977541373,30.985150389879962,50.85574412345886
-58.25564977541373,30.985150389879962,50.85574412345886
-58.25564977541373,30.985150389879962,50.85574412345886
-58.25564977541373,30.985150389879962,50.85574412345886
-58.25564977541373,30.985150389879962,50.85574412345886
-58.33090721390457,31.132165884014807,50.85574412345886
-58.33090721390457,31.132165884014807,50.85574412345886
-58.33090721390457,31.132165884014807,50.85574412345886
-58.33090721390457,31.132165884014807,50.85574412345886
-58.33090721390457,31.132165884014807,50.85574412345886
-58.33090721390457,31.132165884014807,50.85574412345886
-58.40834022728394,31.281817160567318,50.85574412345886
-58.40834022728394,31.281817160567318,50.85574412345886
-58.40834022728394,31.281817160567318,50.85574412345886
-58.40834022728394,31.281817160567318,50.85574412345886
-58.40834022728394,31.281817160567318,50.85574412345886
-58.40834022728394,31.281817160567318,50.85574412345886
-58.51504118917754,31.496070896918997,50.85574412345886
-58.51504118917754,31.496070896918997,50.85574412345886
-58.51504118917754,31.496070896918997,50.85574412345886
-58.51504118917754,31.496070896918997,50.85574412345886
-58.51504118917754,31.496070896918997,50.85574412345886
-58.51504118917754,31.496070896918997,50.85574412345886
-58.561243900300944,31.621854544305734,50.85574412345886
-58.561243900300944,31.621854544305734,50.85574412345886
-58.561243900300944,31.621854544305734,50.85574412345886
-58.561243900300944,31.621854544305734,50.85574412345886
-58.561243900300944,31.621854544305734,50.85574412345886
-58.60702999726973,31.737720282547674,50.85574412345886
-58.60702999726973,31.737720282547674,50.85574412345886
-58.60702999726973,31.737720282547674,50.85574412345886
-58.60702999726973,31.737720282547674,50.85574412345886
-58.60702999726973,31.737720282547674,50.85574412345886
-58.60702999726973,31.737720282547674,50.85574412345886
-58.65222860188303,31.836030516659825,50.85574412345886
-58.65222860188303,31.836030516659825,50.85574412345886
-58.65222860188303,31.836030516659825,50.85574412345886
-58.65222860188303,31.836030516659825,50.85574412345886
-58.65222860188303,31.836030516659825,50.85574412345886
-58.65222860188303,31.836030516659825,50.85574412345886
-58.737733120223886,32.0370173972243,50.85574412345886
-58.737733120223886,32.0370173972243,50.85574412345886
-58.737733120223886,32.0370173972243,50.85574412345886
-58.737733120223886,32.0370173972243,50.85574412345886
-58.737733120223886,32.0370173972243,50.85574412345886
-58.79093751138254,32.17995539360024,50.85574412345886
-58.79093751138254,32.17995539360024,50.85574412345886
-58.79093751138254,32.17995539360024,50.85574412345886
-58.79093751138254,32.17995539360024,50.85574412345886
-58.79093751138254,32.17995539360024,50.85574412345886
-58.79093751138254,32.17995539360024,50.85574412345886
-58.851529369788274,32.301493339168104,50.85574412345886
-58.851529369788274,32.301493339168104,50.85574412345886
-58.851529369788274,32.301493339168104,50.85574412345886
-58.851529369788274,32.301493339168104,50.85574412345886
-58.851529369788274,32.301493339168104,50.85574412345886
-58.964729035218184,32.523547308442446,50.85574412345886
-58.964729035218184,32.523547308442446,50.85574412345886
-58.964729035218184,32.523547308442446,50.85574412345886
-58.964729035218184,32.523547308442446,50.85574412345886
-58.964729035218184,32.523547308442446,50.85574412345886
-58.993979024330216,32.58288843854461,50.85574412345886
-58.993979024330216,32.58288843854461,50.85574412345886
-58.993979024330216,32.58288843854461,50.85574412345886
-58.993979024330216,32.58288843854461,50.85574412345886
-58.993979024330216,32.58288843854461,50.85574412345886
-59.058788500000006,32.7122733051585,50.85574412345886
-59.058788500000006,32.7122733051585,50.85574412345886
-59.058788500000006,32.7122733051585,50.85574412345886
-59.058788500000006,32.7122733051585,50.85574412345886
-59.058788500000006,32.7122733051585,50.85574412345886
-59.058788500000006,32.7122733051585,50.85574412345886
-59.11145154433323,32.82286711109933,50.85574412345886
-59.11145154433323,32.82286711109933,50.85574412345886
-59.11145154433323,32.82286711109933,50.85574412345886
-59.11145154433323,32.82286711109933,50.85574412345886
-59.11145154433323,32.82286711109933,50.85574412345886
-59.11145154433323,32.82286711109933,50.85574412345886
-59.230282131501774,33.0141176567477,50.85574412345886
-59.230282131501774,33.0141176567477,50.85574412345886
-59.230282131501774,33.0141176567477,50.85574412345886
-59.230282131501774,33.0141176567477,50.85574412345886
-59.230282131501774,33.0141176567477,50.85574412345886
-59.30026945997142,33.14140249877179,50.85574412345886
-59.30026945997142,33.14140249877179,50.85574412345886
-59.30026945997142,33.14140249877179,50.85574412345886
-59.30026945997142,33.14140249877179,50.85574412345886
-59.30026945997142,33.14140249877179,50.85574412345886
-59.30026945997142,33.14140249877179,50.85574412345886
-59.38018319450782,33.27613172073001,50.85574412345886
-59.38018319450782,33.27613172073001,50.85574412345886
-59.38018319450782,33.27613172073001,50.85574412345886
-59.38018319450782,33.27613172073001,50.85574412345886
-59.38018319450782,33.27613172073001,50.85574412345886
-59.38018319450782,33.27613172073001,50.85574412345886
-59.38018319450782,33.27613172073001,50.85574412345886
-59.495099295544634,33.47077470109655,50.85574412345886
-59.495099295544634,33.47077470109655,50.85574412345886
-59.495099295544634,33.47077470109655,50.85574412345886
-59.495099295544634,33.47077470109655,50.85574412345886
-59.495099295544634,33.47077470109655,50.85574412345886
-59.495099295544634,33.47077470109655,50.85574412345886
-59.57843673092277,33.608198729239604,50.85574412345886
-59.57843673092277,33.608198729239604,50.85574412345886
-59.57843673092277,33.608198729239604,50.85574412345886
-59.57843673092277,33.608198729239604,50.85574412345886
-59.57843673092277,33.608198729239604,50.85574412345886
-59.57843673092277,33.608198729239604,50.85574412345886
-59.68921236196749,33.79529700030645,50.85574412345886
-59.68921236196749,33.79529700030645,50.85574412345886
-59.68921236196749,33.79529700030645,50.85574412345886
-59.68921236196749,33.79529700030645,50.85574412345886
-59.68921236196749,33.79529700030645,50.85574412345886
-59.68921236196749,33.79529700030645,50.85574412345886
-59.812333739301586,33.97802028381088,50.85574412345886
-59.812333739301586,33.97802028381088,50.85574412345886
-59.812333739301586,33.97802028381088,50.85574412345886
-59.812333739301586,33.97802028381088,50.85574412345886
-59.812333739301586,33.97802028381088,50.85574412345886
-59.812333739301586,33.97802028381088,50.85574412345886
-59.812333739301586,33.97802028381088,50.85574412345886
-59.90456484633596,34.11847029044022,50.85574412345886
-59.90456484633596,34.11847029044022,50.85574412345886
-59.90456484633596,34.11847029044022,50.85574412345886
-59.90456484633596,34.11847029044022,50.85574412345886
-59.90456484633596,34.11847029044022,50.85574412345886
-59.90456484633596,34.11847029044022,50.85574412345886
-59.90456484633596,34.11847029044022,50.85574412345886
-60.04718712530798,34.33512946029329,50.85574412345886
-60.04718712530798,34.33512946029329,50.85574412345886
-60.04718712530798,34.33512946029329,50.85574412345886
-60.04718712530798,34.33512946029329,50.85574412345886
-60.04718712530798,34.33512946029329,50.85574412345886
-60.04718712530798,34.33512946029329,50.85574412345886
-60.18286814903814,34.53270677973832,50.85574412345886
-60.18286814903814,34.53270677973832,50.85574412345886
-60.18286814903814,34.53270677973832,50.85574412345886
-60.18286814903814,34.53270677973832,50.85574412345886
-60.18286814903814,34.53270677973832,50.85574412345886
-60.18286814903814,34.53270677973832,50.85574412345886
-60.2747608553056,34.66775627915361,50.85574412345886
-60.2747608553056,34.66775627915361,50.85574412345886
-60.2747608553056,34.66775627915361,50.85574412345886
-60.2747608553056,34.66775627915361,50.85574412345886
-60.2747608553056,34.66775627915361,50.85574412345886
-60.2747608553056,34.66775627915361,50.85574412345886
-60.37457872804219,34.803154020409146,50.85574412345886
-60.37457872804219,34.803154020409146,50.85574412345886
-60.37457872804219,34.803154020409146,50.85574412345886
-60.37457872804219,34.803154020409146,50.85574412345886
-60.37457872804219,34.803154020409146,50.85574412345886
-60.477261330617466,34.94271232233173,50.85574412345886
-60.477261330617466,34.94271232233173,50.85574412345886
-60.477261330617466,34.94271232233173,50.85574412345886
-60.477261330617466,34.94271232233173,50.85574412345886
-60.477261330617466,34.94271232233173,50.85574412345886
-60.477261330617466,34.94271232233173,50.85574412345886
-60.62069594729323,35.127970292475545,50.85574412345886
-60.62069594729323,35.127970292475545,50.85574412345886
-60.62069594729323,35.127970292475545,50.85574412345886
-60.62069594729323,35.127970292475545,50.85574412345886
-60.62069594729323,35.127970292475545,50.85574412345886
-60.62069594729323,35.127970292475545,50.85574412345886
-60.71710016588898,35.256070168339875,50.85574412345886
-60.71710016588898,35.256070168339875,50.85574412345886
-60.71710016588898,35.256070168339875,50.85574412345886
-60.71710016588898,35.256070168339875,50.85574412345886
-60.71710016588898,35.256070168339875,50.85574412345886
-60.71710016588898,35.256070168339875,50.85574412345886
-60.807136285493044,35.36570356564397,50.85574412345886
-60.807136285493044,35.36570356564397,50.85574412345886
-60.807136285493044,35.36570356564397,50.85574412345886
-60.807136285493044,35.36570356564397,50.85574412345886
-60.807136285493044,35.36570356564397,50.85574412345886
-60.807136285493044,35.36570356564397,50.85574412345886
-60.93888613723693,35.550024919898604,50.85574412345886
-60.93888613723693,35.550024919898604,50.85574412345886
-60.93888613723693,35.550024919898604,50.85574412345886
-60.93888613723693,35.550024919898604,50.85574412345886
-60.93888613723693,35.550024919898604,50.85574412345886
-60.93888613723693,35.550024919898604,50.85574412345886
-61.01327276953113,35.67109692265161,50.85574412345886
-61.01327276953113,35.67109692265161,50.85574412345886
-61.01327276953113,35.67109692265161,50.85574412345886
-61.01327276953113,35.67109692265161,50.85574412345886
-61.01327276953113,35.67109692265161,50.85574412345886
-61.01327276953113,35.67109692265161,50.85574412345886
-61.092954574403,35.810553434089776,50.85574412345886
-61.092954574403,35.810553434089776,50.85574412345886
-61.092954574403,35.810553434089776,50.85574412345886
-61.092954574403,35.810553434089776,50.85574412345886
-61.092954574403,35.810553434089776,50.85574412345886
-61.092954574403,35.810553434089776,50.85574412345886
-61.24708921156809,36.037041440730945,50.85574412345886
-61.24708921156809,36.037041440730945,50.85574412345886
-61.24708921156809,36.037041440730945,50.85574412345886
-61.24708921156809,36.037041440730945,50.85574412345886
-61.24708921156809,36.037041440730945,50.85574412345886
-61.24708921156809,36.037041440730945,50.85574412345886
-61.400565406621325,36.24683751293858,50.85574412345886
-61.400565406621325,36.24683751293858,50.85574412345886
-61.400565406621325,36.24683751293858,50.85574412345886
-61.400565406621325,36.24683751293858,50.85574412345886
-61.400565406621325,36.24683751293858,50.85574412345886
-61.400565406621325,36.24683751293858,50.85574412345886
-61.400565406621325,36.24683751293858,50.85574412345886
-61.49033841785403,36.37932243051897,50.85574412345886
-61.49033841785403,36.37932243051897,50.85574412345886
-61.49033841785403,36.37932243051897,50.85574412345886
-61.49033841785403,36.37932243051897,50.85574412345886
-61.49033841785403,36.37932243051897,50.85574412345886
-61.49033841785403,36.37932243051897,50.85574412345886
-61.60543735670251,36.52299651261727,50.85574412345886
-61.60543735670251,36.52299651261727,50.85574412345886
-61.60543735670251,36.52299651261727,50.85574412345886
-61.60543735670251,36.52299651261727,50.85574412345886
-61.60543735670251,36.52299651261727,50.85574412345886
-61.60543735670251,36.52299651261727,50.85574412345886
-61.75256233365541,36.72474721476386,50.85574412345886
-61.75256233365541,36.72474721476386,50.85574412345886
-61.75256233365541,36.72474721476386,50.85574412345886
-61.75256233365541,36.72474721476386,50.85574412345886
-61.75256233365541,36.72474721476386,50.85574412345886
-61.89908308255151,36.91475053979841,50.85574412345886
-61.89908308255151,36.91475053979841,50.85574412345886
-61.89908308255151,36.91475053979841,50.85574412345886
-61.89908308255151,36.91475053979841,50.85574412345886
-61.89908308255151,36.91475053979841,50.85574412345886
-61.94231708145309,36.97974504610673,50.85574412345886
-61.94231708145309,36.97974504610673,50.85574412345886
-61.94231708145309,36.97974504610673,50.85574412345886
-61.94231708145309,36.97974504610673,50.85574412345886
-61.94231708145309,36.97974504610673,50.85574412345886
-61.94231708145309,36.97974504610673,50.85574412345886
-62.09896673218417,37.19869172857449,50.85574412345886
-62.09896673218417,37.19869172857449,50.85574412345886
-62.09896673218417,37.19869172857449,50.85574412345886
-62.09896673218417,37.19869172857449,50.85574412345886
-62.09896673218417,37.19869172857449,50.85574412345886
-62.180947966294546,37.310272333036295,50.85574412345886
-62.180947966294546,37.310272333036295,50.85574412345886
-62.180947966294546,37.310272333036295,50.85574412345886
-62.180947966294546,37.310272333036295,50.85574412345886
-62.180947966294546,37.310272333036295,50.85574412345886
-62.180947966294546,37.310272333036295,50.85574412345886
-62.27635462790051,37.433838111357844,50.85574412345886
-62.27635462790051,37.433838111357844,50.85574412345886
-62.27635462790051,37.433838111357844,50.85574412345886
-62.27635462790051,37.433838111357844,50.85574412345886
-62.27635462790051,37.433838111357844,50.85574412345886
-62.37030302854026,37.55468394437605,50.85574412345886
-62.37030302854026,37.55468394437605,50.85574412345886
-62.37030302854026,37.55468394437605,50.85574412345886
-62.37030302854026,37.55468394437605,50.85574412345886
-62.37030302854026,37.55468394437605,50.85574412345886
-62.37030302854026,37.55468394437605,50.85574412345886
-62.37030302854026,37.55468394437605,50.85574412345886
-62.46252993760814,37.666682165709545,50.85574412345886
-62.46252993760814,37.666682165709545,50.85574412345886
-62.46252993760814,37.666682165709545,50.85574412345886
-62.46252993760814,37.666682165709545,50.85574412345886
-62.46252993760814,37.666682165709545,50.85574412345886
-62.61357833865715,37.84542749327437,50.85574412345886
-62.61357833865715,37.84542749327437,50.85574412345886
-62.61357833865715,37.84542749327437,50.85574412345886
-62.61357833865715,37.84542749327437,50.85574412345886
-62.61357833865715,37.84542749327437,50.85574412345886
-62.61357833865715,37.84542749327437,50.85574412345886
-62.70822183166714,37.97075981606978,50.85574412345886
-62.70822183166714,37.97075981606978,50.85574412345886
-62.70822183166714,37.97075981606978,50.85574412345886
-62.70822183166714,37.97075981606978,50.85574412345886
-62.70822183166714,37.97075981606978,50.85574412345886
-62.79968483174642,38.09823548189082,50.85574412345886
-62.79968483174642,38.09823548189082,50.85574412345886
-62.79968483174642,38.09823548189082,50.85574412345886
-62.79968483174642,38.09823548189082,50.85574412345886
-62.79968483174642,38.09823548189082,50.85574412345886
-62.89662442231703,38.23203738944302,50.85574412345886
-62.89662442231703,38.23203738944302,50.85574412345886
-62.89662442231703,38.23203738944302,50.85574412345886
-62.89662442231703,38.23203738944302,50.85574412345886
-62.89662442231703,38.23203738944302,50.85574412345886
-62.98756457318639,38.35391017609746,50.85574412345886
-62.98756457318639,38.35391017609746,50.85574412345886
-62.98756457318639,38.35391017609746,50.85574412345886
-62.98756457318639,38.35391017609746,50.85574412345886
-62.98756457318639,38.35391017609746,50.85574412345886
-63.09409274351258,38.482604714417334,50.85574412345886
-63.09409274351258,38.482604714417334,50.85574412345886
-63.09409274351258,38.482604714417334,50.85574412345886
-63.09409274351258,38.482604714417334,50.85574412345886
-63.09409274351258,38.482604714417334,50.85574412345886
-63.19573665219169,38.59407643450633,50.85574412345886
-63.19573665219169,38.59407643450633,50.85574412345886
-63.19573665219169,38.59407643450633,50.85574412345886
-63.19573665219169,38.59407643450633,50.85574412345886
-63.19573665219169,38.59407643450633,50.85574412345886
-63.19573665219169,38.59407643450633,50.85574412345886
-63.3700251438568,38.779442358894684,50.85574412345886
-63.3700251438568,38.779442358894684,50.85574412345886
-63.3700251438568,38.779442358894684,50.85574412345886
-63.3700251438568,38.779442358894684,50.85574412345886
-63.3700251438568,38.779442358894684,50.85574412345886
-63.3700251438568,38.779442358894684,50.85574412345886
-63.46616313730607,38.88368560223967,50.85574412345886
-63.46616313730607,38.88368560223967,50.85574412345886
-63.46616313730607,38.88368560223967,50.85574412345886
-63.46616313730607,38.88368560223967,50.85574412345886
-63.46616313730607,38.88368560223967,50.85574412345886
-63.46616313730607,38.88368560223967,50.85574412345886
-63.46616313730607,38.88368560223967,50.85574412345886
-63.565485305421696,38.9804162867442,50.85574412345886
-63.565485305421696,38.9804162867442,50.85574412345886
-63.565485305421696,38.9804162867442,50.85574412345886
-63.565485305421696,38.9804162867442,50.85574412345886
-63.565485305421696,38.9804162867442,50.85574412345886
-63.565485305421696,38.9804162867442,50.85574412345886
-63.72687944289859,39.14869881055612,50.85574412345886
-63.72687944289859,39.14869881055612,50.85574412345886
-63.72687944289859,39.14869881055612,50.85574412345886
-63.72687944289859,39.14869881055612,50.85574412345886
-63.72687944289859,39.14869881055612,50.85574412345886
-63.83841739628079,39.26468447786265,50.85574412345886
-63.83841739628079,39.26468447786265,50.85574412345886
-63.83841739628079,39.26468447786265,50.85574412345886
-63.83841739628079,39.26468447786265,50.85574412345886
-63.83841739628079,39.26468447786265,50.85574412345886
-63.83841739628079,39.26468447786265,50.85574412345886
-63.83841739628079,39.26468447786265,50.85574412345886
-63.96859961427554,39.426819970072394,50.85574412345886
-63.96859961427554,39.426819970072394,50.85574412345886
-63.96859961427554,39.426819970072394,50.85574412345886
-63.96859961427554,39.426819970072394,50.85574412345886
-63.96859961427554,39.426819970072394,50.85574412345886
-63.96859961427554,39.426819970072394,50.85574412345886
-63.96859961427554,39.426819970072394,50.85574412345886
-64.07273102595457,39.54810841961181,50.85574412345886
-64.07273102595457,39.54810841961181,50.85574412345886
-64.07273102595457,39.54810841961181,50.85574412345886
-64.07273102595457,39.54810841961181,50.85574412345886
-64.07273102595457,39.54810841961181,50.85574412345886
-64.07273102595457,39.54810841961181,50.85574412345886
-64.22903165327354,39.710063491593495,50.85574412345886
-64.22903165327354,39.710063491593495,50.85574412345886
-64.22903165327354,39.710063491593495,50.85574412345886
-64.22903165327354,39.710063491593495,50.85574412345886
-64.22903165327354,39.710063491593495,50.85574412345886
-64.33132719951985,39.81926177134703,50.85574412345886
-64.33132719951985,39.81926177134703,50.85574412345886
-64.33132719951985,39.81926177134703,50.85574412345886
-64.33132719951985,39.81926177134703,50.85574412345886
-64.33132719951985,39.81926177134703,50.85574412345886
-64.33132719951985,39.81926177134703,50.85574412345886
-64.33132719951985,39.81926177134703,50.85574412345886
-64.49526607483395,39.96444680044401,50.85574412345886
-64.49526607483395,39.96444680044401,50.85574412345886
-64.49526607483395,39.96444680044401,50.85574412345886
-64.49526607483395,39.96444680044401,50.85574412345886
-64.49526607483395,39.96444680044401,50.85574412345886
-64.49526607483395,39.96444680044401,50.85574412345886
-64.6182911432595,40.06748493997443,50.85574412345886
-64.6182911432595,40.06748493997443,50.85574412345886
-64.6182911432595,40.06748493997443,50.85574412345886
-64.6182911432595,40.06748493997443,50.85574412345886
-64.6182911432595,40.06748493997443,50.85574412345886
-64.6182911432595,40.06748493997443,50.85574412345886
-64.78001081436601,40.21591559623675,50.85574412345886
-64.78001081436601,40.21591559623675,50.85574412345886
-64.78001081436601,40.21591559623675,50.85574412345886
-64.78001081436601,40.21591559623675,50.85574412345886
-64.78001081436601,40.21591559623675,50.85574412345886
-64.78001081436601,40.21591559623675,50.85574412345886
-64.87961683479496,40.30148147245735,50.85574412345886
-64.87961683479496,40.30148147245735,50.85574412345886
-64.87961683479496,40.30148147245735,50.85574412345886
-64.87961683479496,40.30148147245735,50.85574412345886
-64.87961683479496,40.30148147245735,50.85574412345886
-64.87961683479496,40.30148147245735,50.85574412345886
-64.98332223598592,40.393504417525385,50.85574412345886
-64.98332223598592,40.393504417525385,50.85574412345886
-64.98332223598592,40.393504417525385,50.85574412345886
-64.98332223598592,40.393504417525385,50.85574412345886
-64.98332223598592,40.393504417525385,50.85574412345886
-64.98332223598592,40.393504417525385,50.85574412345886
-64.98332223598592,40.393504417525385,50.85574412345886
-65.14348788755375,40.546604067150355,50.85574412345886
-65.14348788755375,40.546604067150355,50.85574412345886
-65.14348788755375,40.546604067150355,50.85574412345886
-65.14348788755375,40.546604067150355,50.85574412345886
-65.14348788755375,40.546604067150355,50.85574412345886
-65.14348788755375,40.546604067150355,50.85574412345886
-65.14348788755375,40.546604067150355,50.85574412345886
-65.23153568149782,40.65700778134429,50.85574412345886
-65.23153568149782,40.65700778134429,50.85574412345886
-65.23153568149782,40.65700778134429,50.85574412345886
-65.23153568149782,40.65700778134429,50.85574412345886
-65.23153568149782,40.65700778134429,50.85574412345886
-65.23153568149782,40.65700778134429,50.85574412345886
-65.38241633398476,40.80753398191459,50.85574412345886
-65.38241633398476,40.80753398191459,50.85574412345886
-65.38241633398476,40.80753398191459,50.85574412345886
-65.38241633398476,40.80753398191459,50.85574412345886
-65.38241633398476,40.80753398191459,50.85574412345886
-65.38241633398476,40.80753398191459,50.85574412345886
-65.53504982986362,40.958882092850764,50.85574412345886
-65.53504982986362,40.958882092850764,50.85574412345886
-65.53504982986362,40.958882092850764,50.85574412345886
-65.53504982986362,40.958882092850764,50.85574412345886
-65.53504982986362,40.958882092850764,50.85574412345886
-65.53504982986362,40.958882092850764,50.85574412345886
-65.63369432417204,41.055774970847004,50.85574412345886
-65.63369432417204,41.055774970847004,50.85574412345886
-65.63369432417204,41.055774970847004,50.85574412345886
-65.63369432417204,41.055774970847004,50.85574412345886
-65.63369432417204,41.055774970847004,50.85574412345886
-65.74748182599693,41.16379619667556,50.85574412345886
-65.74748182599693,41.16379619667556,50.85574412345886
-65.74748182599693,41.16379619667556,50.85574412345886
-65.74748182599693,41.16379619667556,50.85574412345886
-65.74748182599693,41.16379619667556,50.85574412345886
-65.74748182599693,41.16379619667556,50.85574412345886
-65.82861146112612,41.241244170504245,50.85574412345886
-65.82861146112612,41.241244170504245,50.85574412345886
-65.82861146112612,41.241244170504245,50.85574412345886
-65.82861146112612,41.241244170504245,50.85574412345886
-65.82861146112612,41.241244170504245,50.85574412345886
-65.82861146112612,41.241244170504245,50.85574412345886
-65.82861146112612,41.241244170504245,50.85574412345886
-65.82861146112612,41.241244170504245,50.85574412345886
-65.82861146112612,41.241244170504245,50.85574412345886
-65.96501484168114,41.39315450209582,50.85574412345886
-65.96501484168114,41.39315450209582,50.85574412345886
-65.96501484168114,41.39315450209582,50.85574412345886
-65.96501484168114,41.39315450209582,50.85574412345886
-65.96501484168114,41.39315450209582,50.85574412345886
-65.96501484168114,41.39315450209582,50.85574412345886
-65.96501484168114,41.39315450209582,50.85574412345886
-65.96501484168114,41.39315450209582,50.85574412345886
-66.17269286294288,41.59435676821864,50.85574412345886
-66.17269286294288,41.59435676821864,50.85574412345886
-66.17269286294288,41.59435676821864,50.85574412345886
-66.17269286294288,41.59435676821864,50.85574412345886
-66.17269286294288,41.59435676821864,50.85574412345886
-66.17269286294288,41.59435676821864,50.85574412345886
-66.31914994333474,41.73840756787726,50.85574412345886
-66.31914994333474,41.73840756787726,50.85574412345886
-66.31914994333474,41.73840756787726,50.85574412345886
-66.31914994333474,41.73840756787726,50.85574412345886
-66.31914994333474,41.73840756787726,50.85574412345886
-66.42901034335289,41.83384400636714,50.85574412345886
-66.42901034335289,41.83384400636714,50.85574412345886
-66.42901034335289,41.83384400636714,50.85574412345886
-66.42901034335289,41.83384400636714,50.85574412345886
-66.42901034335289,41.83384400636714,50.85574412345886
-66.42901034335289,41.83384400636714,50.85574412345886
-66.54110177524802,41.93896363991982,50.85574412345886
-66.54110177524802,41.93896363991982,50.85574412345886
-66.54110177524802,41.93896363991982,50.85574412345886
-66.54110177524802,41.93896363991982,50.85574412345886
-66.54110177524802,41.93896363991982,50.85574412345886
-66.54110177524802,41.93896363991982,50.85574412345886
-66.66261578810499,42.05439650628617,50.85574412345886
-66.66261578810499,42.05439650628617,50.85574412345886
-66.66261578810499,42.05439650628617,50.85574412345886
-66.66261578810499,42.05439650628617,50.85574412345886
-66.66261578810499,42.05439650628617,50.85574412345886
-66.66261578810499,42.05439650628617,50.85574412345886
-66.66261578810499,42.05439650628617,50.85574412345886
-66.66261578810499,42.05439650628617,50.85574412345886
-66.66261578810499,42.05439650628617,50.85574412345886
-66.81624899135504,42.21595247784124,50.85574412345886
-66.81624899135504,42.21595247784124,50.85574412345886
-66.81624899135504,42.21595247784124,50.85574412345886
-66.81624899135504,42.21595247784124,50.85574412345886
-66.81624899135504,42.21595247784124,50.85574412345886
-66.81624899135504,42.21595247784124,50.85574412345886
-66.81624899135504,42.21595247784124,50.85574412345886
-66.97089320632237,42.37298431707563,50.85574412345886
-66.97089320632237,42.37298431707563,50.85574412345886
-66.97089320632237,42.37298431707563,50.85574412345886
-66.97089320632237,42.37298431707563,50.85574412345886
-66.97089320632237,42.37298431707563,50.85574412345886
-66.97089320632237,42.37298431707563,50.85574412345886
-67.13977863867294,42.539919844017824,50.85574412345886
-67.13977863867294,42.539919844017824,50.85574412345886
-67.13977863867294,42.539919844017824,50.85574412345886
-67.13977863867294,42.539919844017824,50.85574412345886
-67.13977863867294,42.539919844017824,50.85574412345886
-67.13977863867294,42.539919844017824,50.85574412345886
-67.29014699012781,42.702362697452145,50.85574412345886
-67.29014699012781,42.702362697452145,50.85574412345886
-67.29014699012781,42.702362697452145,50.85574412345886
-67.29014699012781,42.702362697452145,50.85574412345886
-67.29014699012781,42.702362697452145,50.85574412345886
-67.29014699012781,42.702362697452145,50.85574412345886
-67.39198421076398,42.816708314964664,50.85574412345886
-67.39198421076398,42.816708314964664,50.85574412345886
-67.39198421076398,42.816708314964664,50.85574412345886
-67.39198421076398,42.816708314964664,50.85574412345886
-67.39198421076398,42.816708314964664,50.85574412345886
-67.48772692490616,42.92926317742186,50.85574412345886
-67.48772692490616,42.92926317742186,50.85574412345886
-67.48772692490616,42.92926317742186,50.85574412345886
-67.48772692490616,42.92926317742186,50.85574412345886
-67.48772692490616,42.92926317742186,50.85574412345886
-67.48772692490616,42.92926317742186,50.85574412345886
-67.6280128706886,43.097696961904404,50.85574412345886
-67.6280128706886,43.097696961904404,50.85574412345886
-67.6280128706886,43.097696961904404,50.85574412345886
-67.6280128706886,43.097696961904404,50.85574412345886
-67.6280128706886,43.097696961904404,50.85574412345886
-67.6280128706886,43.097696961904404,50.85574412345886
-67.72821437294567,43.20958421757472,50.85574412345886
-67.72821437294567,43.20958421757472,50.85574412345886
-67.72821437294567,43.20958421757472,50.85574412345886
-67.72821437294567,43.20958421757472,50.85574412345886
-67.72821437294567,43.20958421757472,50.85574412345886
-67.83576735032507,43.31853400690166,50.85574412345886
-67.83576735032507,43.31853400690166,50.85574412345886
-67.83576735032507,43.31853400690166,50.85574412345886
-67.83576735032507,43.31853400690166,50.85574412345886
-67.83576735032507,43.31853400690166,50.85574412345886
-67.93467819520056,43.423221940881184,50.85574412345886
-67.93467819520056,43.423221940881184,50.85574412345886
-67.93467819520056,43.423221940881184,50.85574412345886
-67.93467819520056,43.423221940881184,50.85574412345886
-67.93467819520056,43.423221940881184,50.85574412345886
-67.93467819520056,43.423221940881184,50.85574412345886
-68.08265977533375,43.57583249636284,50.85574412345886
-68.08265977533375,43.57583249636284,50.85574412345886
-68.08265977533375,43.57583249636284,50.85574412345886
-68.08265977533375,43.57583249636284,50.85574412345886
-68.08265977533375,43.57583249636284,50.85574412345886
-68.08265977533375,43.57583249636284,50.85574412345886
-68.19168556375418,43.682760776746406,50.85574412345886
-68.19168556375418,43.682760776746406,50.85574412345886
-68.19168556375418,43.682760776746406,50.85574412345886
-68.19168556375418,43.682760776746406,50.85574412345886
-68.19168556375418,43.682760776746406,50.85574412345886
-68.3110823470189,43.79624652974981,50.85574412345886
-68.3110823470189,43.79624652974981,50.85574412345886
-68.3110823470189,43.79624652974981,50.85574412345886
-68.3110823470189,43.79624652974981,50.85574412345886
-68.3110823470189,43.79624652974981,50.85574412345886
-68.3110823470189,43.79624652974981,50.85574412345886
-68.43250272485616,43.913768500515545,50.85574412345886
-68.43250272485616,43.913768500515545,50.85574412345886
-68.43250272485616,43.913768500515545,50.85574412345886
-68.43250272485616,43.913768500515545,50.85574412345886
-68.43250272485616,43.913768500515545,50.85574412345886
-68.43250272485616,43.913768500515545,50.85574412345886
-68.6067538462951,44.08348182017562,50.85574412345886
-68.6067538462951,44.08348182017562,50.85574412345886
-68.6067538462951,44.08348182017562,50.85574412345886
-68.6067538462951,44.08348182017562,50.85574412345886
-68.6067538462951,44.08348182017562,50.85574412345886
-68.69445818746559,44.17000154512438,50.85574412345886
-68.69445818746559,44.17000154512438,50.85574412345886
-68.69445818746559,44.17000154512438,50.85574412345886
-68.69445818746559,44.17000154512438,50.85574412345886
-68.69445818746559,44.17000154512438,50.85574412345886
-68.69445818746559,44.17000154512438,50.85574412345886
-68.80775113131764,44.28855639140748,50.85574412345886
-68.80775113131764,44.28855639140748,50.85574412345886
-68.80775113131764,44.28855639140748,50.85574412345886
-68.80775113131764,44.28855639140748,50.85574412345886
-68.80775113131764,44.28855639140748,50.85574412345886
-68.80775113131764,44.28855639140748,50.85574412345886
-68.92130497170196,44.400768856294754,50.85574412345886
-68.92130497170196,44.400768856294754,50.85574412345886
-68.92130497170196,44.400768856294754,50.85574412345886
-68.92130497170196,44.400768856294754,50.85574412345886
-68.92130497170196,44.400768856294754,50.85574412345886
-68.92130497170196,44.400768856294754,50.85574412345886
-69.06875367441283,44.551382418065515,50.85574412345886
-69.06875367441283,44.551382418065515,50.85574412345886
-69.06875367441283,44.551382418065515,50.85574412345886
-69.06875367441283,44.551382418065515,50.85574412345886
-69.06875367441283,44.551382418065515,50.85574412345886
-69.18059925785629,44.67124538942556,50.85574412345886
-69.18059925785629,44.67124538942556,50.85574412345886
-69.18059925785629,44.67124538942556,50.85574412345886
-69.18059925785629,44.67124538942556,50.85574412345886
-69.18059925785629,44.67124538942556,50.85574412345886
-69.18059925785629,44.67124538942556,50.85574412345886
-69.29830376361527,44.783836910714754,50.85574412345886
-69.29830376361527,44.783836910714754,50.85574412345886
-69.29830376361527,44.783836910714754,50.85574412345886
-69.29830376361527,44.783836910714754,50.85574412345886
-69.29830376361527,44.783836910714754,50.85574412345886
-69.39090310955994,44.88428447371199,50.85574412345886
-69.39090310955994,44.88428447371199,50.85574412345886
-69.39090310955994,44.88428447371199,50.85574412345886
-69.39090310955994,44.88428447371199,50.85574412345886
-69.39090310955994,44.88428447371199,50.85574412345886
-69.49427639445165,45.00302664568087,50.85574412345886
-69.49427639445165,45.00302664568087,50.85574412345886
-69.49427639445165,45.00302664568087,50.85574412345886
-69.49427639445165,45.00302664568087,50.85574412345886
-69.49427639445165,45.00302664568087,50.85574412345886
-69.49427639445165,45.00302664568087,50.85574412345886
-69.6229799867115,45.17689998759125,50.85574412345886
-69.6229799867115,45.17689998759125,50.85574412345886
-69.6229799867115,45.17689998759125,50.85574412345886
-69.6229799867115,45.17689998759125,50.85574412345886
-69.6229799867115,45.17689998759125,50.85574412345886
-69.71577485325217,45.29758603367583,50.85574412345886
-69.71577485325217,45.29758603367583,50.85574412345886
-69.71577485325217,45.29758603367583,50.85574412345886
-69.71577485325217,45.29758603367583,50.85574412345886
-69.71577485325217,45.29758603367583,50.85574412345886
-69.71577485325217,45.29758603367583,50.85574412345886
-69.81789205161544,45.41033904515914,50.85574412345886
-69.81789205161544,45.41033904515914,50.85574412345886
-69.81789205161544,45.41033904515914,50.85574412345886
-69.81789205161544,45.41033904515914,50.85574412345886
-69.81789205161544,45.41033904515914,50.85574412345886
-69.93356314198911,45.5266165629161,50.85574412345886
-69.93356314198911,45.5266165629161,50.85574412345886
-69.93356314198911,45.5266165629161,50.85574412345886
-69.93356314198911,45.5266165629161,50.85574412345886
-69.93356314198911,45.5266165629161,50.85574412345886
-69.93356314198911,45.5266165629161,50.85574412345886
-70.04586488144939,45.632868146584286,50.85574412345886
-70.04586488144939,45.632868146584286,50.85574412345886
-70.04586488144939,45.632868146584286,50.85574412345886
-70.04586488144939,45.632868146584286,50.85574412345886
-70.04586488144939,45.632868146584286,50.85574412345886
-70.19093366525951,45.79780973318355,50.85574412345886
-70.19093366525951,45.79780973318355,50.85574412345886
-70.19093366525951,45.79780973318355,50.85574412345886
-70.19093366525951,45.79780973318355,50.85574412345886
-70.19093366525951,45.79780973318355,50.85574412345886
-70.19093366525951,45.79780973318355,50.85574412345886
-70.30593283671627,45.911069530118546,50.85574412345886
-70.30593283671627,45.911069530118546,50.85574412345886
-70.30593283671627,45.911069530118546,50.85574412345886
-70.30593283671627,45.911069530118546,50.85574412345886
-70.30593283671627,45.911069530118546,50.85574412345886
-70.44726392812409,46.05605895942489,50.85574412345886
-70.44726392812409,46.05605895942489,50.85574412345886
-70.44726392812409,46.05605895942489,50.85574412345886
-70.44726392812409,46.05605895942489,50.85574412345886
-70.44726392812409,46.05605895942489,50.85574412345886
-70.44726392812409,46.05605895942489,50.85574412345886
-70.44726392812409,46.05605895942489,50.85574412345886
-70.59133054086836,46.19718127223027,50.85574412345886
-70.59133054086836,46.19718127223027,50.85574412345886
-70.59133054086836,46.19718127223027,50.85574412345886
-70.59133054086836,46.19718127223027,50.85574412345886
-70.59133054086836,46.19718127223027,50.85574412345886
-70.59133054086836,46.19718127223027,50.85574412345886
-70.59133054086836,46.19718127223027,50.85574412345886
-70.59133054086836,46.19718127223027,50.85574412345886
-70.80781857860599,46.39484133077722,50.85574412345886
-70.80781857860599,46.39484133077722,50.85574412345886
-70.80781857860599,46.39484133077722,50.85574412345886
-70.80781857860599,46.39484133077722,50.85574412345886
-70.80781857860599,46.39484133077722,50.85574412345886
-70.80781857860599,46.39484133077722,50.85574412345886
-70.80781857860599,46.39484133077722,50.85574412345886
-70.80781857860599,46.39484133077722,50.85574412345886
-70.80781857860599,46.39484133077722,50.85574412345886
-70.80781857860599,46.39484133077722,50.85574412345886
-70.80781857860599,46.39484133077722,50.85574412345886
-70.80781857860599,46.39484133077722,50.85574412345886
-70.80781857860599,46.39484133077722,50.85574412345886
-71.08093231074163,46.641569575182395,50.85574412345886
-71.08093231074163,46.641569575182395,50.85574412345886
-71.08093231074163,46.641569575182395,50.85574412345886
-71.08093231074163,46.641569575182395,50.85574412345886
-71.08093231074163,46.641569575182395,50.85574412345886
-71.08093231074163,46.641569575182395,50.85574412345886
-71.08093231074163,46.641569575182395,50.85574412345886
-71.31594111189224,46.88407298636337,50.85574412345886
-71.31594111189224,46.88407298636337,50.85574412345886
-71.31594111189224,46.88407298636337,50.85574412345886
-71.31594111189224,46.88407298636337,50.85574412345886
-71.31594111189224,46.88407298636337,50.85574412345886
-71.31594111189224,46.88407298636337,50.85574412345886
-71.31594111189224,46.88407298636337,50.85574412345886
-71.31594111189224,46.88407298636337,50.85574412345886
-71.31594111189224,46.88407298636337,50.85574412345886
-71.48186002509364,47.069463984553984,50.85574412345886
-71.48186002509364,47.069463984553984,50.85574412345886
-71.48186002509364,47.069463984553984,50.85574412345886
-71.48186002509364,47.069463984553984,50.85574412345886
-71.48186002509364,47.069463984553984,50.85574412345886
-71.48186002509364,47.069463984553984,50.85574412345886
-71.48186002509364,47.069463984553984,50.85574412345886
-71.48186002509364,47.069463984553984,50.85574412345886
-71.68614409293617,47.29862614674716,50.85574412345886
-71.68614409293617,47.29862614674716,50.85574412345886
-71.68614409293617,47.29862614674716,50.85574412345886
-71.68614409293617,47.29862614674716,50.85574412345886
-71.68614409293617,47.29862614674716,50.85574412345886
-71.68614409293617,47.29862614674716,50.85574412345886
-71.68614409293617,47.29862614674716,50.85574412345886
-71.8313782410919,47.475926912901535,50.85574412345886
-71.8313782410919,47.475926912901535,50.85574412345886
-71.8313782410919,47.475926912901535,50.85574412345886
-71.8313782410919,47.475926912901535,50.85574412345886
-71.8313782410919,47.475926912901535,50.85574412345886
-71.8313782410919,47.475926912901535,50.85574412345886
-71.97996576524196,47.6455249916308,50.85574412345886
-71.97996576524196,47.6455249916308,50.85574412345886
-71.97996576524196,47.6455249916308,50.85574412345886
-71.97996576524196,47.6455249916308,50.85574412345886
-71.97996576524196,47.6455249916308,50.85574412345886
-71.97996576524196,47.6455249916308,50.85574412345886
-72.08985802236008,47.766841580753955,50.85574412345886
-72.08985802236008,47.766841580753955,50.85574412345886
-72.08985802236008,47.766841580753955,50.85574412345886
-72.08985802236008,47.766841580753955,50.85574412345886
-72.08985802236008,47.766841580753955,50.85574412345886
-72.08985802236008,47.766841580753955,50.85574412345886
-72.26828654176207,47.935371812033,50.85574412345886
-72.26828654176207,47.935371812033,50.85574412345886
-72.26828654176207,47.935371812033,50.85574412345886
-72.26828654176207,47.935371812033,50.85574412345886
-72.26828654176207,47.935371812033,50.85574412345886
-72.26828654176207,47.935371812033,50.85574412345886
-72.39331865705124,48.05038961086633,50.85574412345886
-72.39331865705124,48.05038961086633,50.85574412345886
-72.39331865705124,48.05038961086633,50.85574412345886
-72.39331865705124,48.05038961086633,50.85574412345886
-72.39331865705124,48.05038961086633,50.85574412345886
-72.39331865705124,48.05038961086633,50.85574412345886
-72.52308483916823,48.17357128403485,50.85574412345886
-72.52308483916823,48.17357128403485,50.85574412345886
-72.52308483916823,48.17357128403485,50.85574412345886
-72.52308483916823,48.17357128403485,50.85574412345886
-72.52308483916823,48.17357128403485,50.85574412345886
-72.52308483916823,48.17357128403485,50.85574412345886
-72.69472411330783,48.348344819132286,50.85574412345886
-72.69472411330783,48.348344819132286,50.85574412345886
-72.69472411330783,48.348344819132286,50.85574412345886
-72.69472411330783,48.348344819132286,50.85574412345886
-72.69472411330783,48.348344819132286,50.85574412345886
-72.80241579218185,48.461039723349685,50.85574412345886
-72.80241579218185,48.461039723349685,50.85574412345886
-72.80241579218185,48.461039723349685,50.85574412345886
-72.80241579218185,48.461039723349685,50.85574412345886
-72.80241579218185,48.461039723349685,50.85574412345886
-72.80241579218185,48.461039723349685,50.85574412345886
-72.80241579218185,48.461039723349685,50.85574412345886
-72.90780703287112,48.579623637128314,50.85574412345886
-72.90780703287112,48.579623637128314,50.85574412345886
-72.90780703287112,48.579623637128314,50.85574412345886
-72.90780703287112,48.579623637128314,50.85574412345886
-72.90780703287112,48.579623637128314,50.85574412345886
-72.90780703287112,48.579623637128314,50.85574412345886
-72.90780703287112,48.579623637128314,50.85574412345886
-72.90780703287112,48.579623637128314,50.85574412345886
-72.90780703287112,48.579623637128314,50.85574412345886
-72.90780703287112,48.579623637128314,50.85574412345886
-72.90780703287112,48.579623637128314,50.85574412345886
-72.90780703287112,48.579623637128314,50.85574412345886
-73.05755199398797,48.73559353820513,50.85574412345886
-73.05755199398797,48.73559353820513,50.85574412345886
-73.05755199398797,48.73559353820513,50.85574412345886
-73.05755199398797,48.73559353820513,50.85574412345886
-73.05755199398797,48.73559353820513,50.85574412345886
-73.05755199398797,48.73559353820513,50.85574412345886
-73.05755199398797,48.73559353820513,50.85574412345886
-73.05755199398797,48.73559353820513,50.85574412345886
-73.05755199398797,48.73559353820513,50.85574412345886
-73.30303165715368,48.98791670343299,50.85574412345886
-73.30303165715368,48.98791670343299,50.85574412345886
-73.30303165715368,48.98791670343299,50.85574412345886
-73.30303165715368,48.98791670343299,50.85574412345886
-73.30303165715368,48.98791670343299,50.85574412345886
-73.30303165715368,48.98791670343299,50.85574412345886
-73.49674445356308,49.17325531406801,50.85574412345886
-73.49674445356308,49.17325531406801,50.85574412345886
-73.49674445356308,49.17325531406801,50.85574412345886
-73.49674445356308,49.17325531406801,50.85574412345886
-73.49674445356308,49.17325531406801,50.85574412345886
-73.60527518583106,49.2686680419318,50.85574412345886
-73.60527518583106,49.2686680419318,50.85574412345886
-73.60527518583106,49.2686680419318,50.85574412345886
-73.60527518583106,49.2686680419318,50.85574412345886
-73.60527518583106,49.2686680419318,50.85574412345886
-73.60527518583106,49.2686680419318,50.85574412345886
-73.60527518583106,49.2686680419318,50.85574412345886
-73.60527518583106,49.2686680419318,50.85574412345886
-73.60527518583106,49.2686680419318,50.85574412345886
-73.7196759269195,49.36551909852081,50.85574412345886
-73.7196759269195,49.36551909852081,50.85574412345886
-73.7196759269195,49.36551909852081,50.85574412345886
-73.7196759269195,49.36551909852081,50.85574412345886
-73.7196759269195,49.36551909852081,50.85574412345886
-73.7196759269195,49.36551909852081,50.85574412345886
-73.7196759269195,49.36551909852081,50.85574412345886
-73.87358203186591,49.50262667090585,50.85574412345886
-73.87358203186591,49.50262667090585,50.85574412345886
-73.87358203186591,49.50262667090585,50.85574412345886
-73.87358203186591,49.50262667090585,50.85574412345886
-73.87358203186591,49.50262667090585,50.85574412345886
-74.02777653168883,49.643921580237944,50.85574412345886
-74.02777653168883,49.643921580237944,50.85574412345886
-74.02777653168883,49.643921580237944,50.85574412345886
-74.02777653168883,49.643921580237944,50.85574412345886
-74.02777653168883,49.643921580237944,50.85574412345886
-74.12726719116793,49.734754421390036,50.85574412345886
-74.12726719116793,49.734754421390036,50.85574412345886
-74.12726719116793,49.734754421390036,50.85574412345886
-74.12726719116793,49.734754421390036,50.85574412345886
-74.12726719116793,49.734754421390036,50.85574412345886
-74.12726719116793,49.734754421390036,50.85574412345886
-74.22967170525013,49.82225250451075,50.85574412345886
-74.22967170525013,49.82225250451075,50.85574412345886
-74.22967170525013,49.82225250451075,50.85574412345886
-74.22967170525013,49.82225250451075,50.85574412345886
-74.22967170525013,49.82225250451075,50.85574412345886
-74.33517945403395,49.914368833910444,50.85574412345886
-74.33517945403395,49.914368833910444,50.85574412345886
-74.33517945403395,49.914368833910444,50.85574412345886
-74.33517945403395,49.914368833910444,50.85574412345886
-74.33517945403395,49.914368833910444,50.85574412345886
-74.33517945403395,49.914368833910444,50.85574412345886
-74.4949087163,50.05968837674346,50.85574412345886
-74.4949087163,50.05968837674346,50.85574412345886
-74.4949087163,50.05968837674346,50.85574412345886
-74.4949087163,50.05968837674346,50.85574412345886
-74.4949087163,50.05968837674346,50.85574412345886
-74.61258614315254,50.16037121108135,50.85574412345886
-74.61258614315254,50.16037121108135,50.85574412345886
-74.61258614315254,50.16037121108135,50.85574412345886
-74.61258614315254,50.16037121108135,50.85574412345886
-74.61258614315254,50.16037121108135,50.85574412345886
-74.61258614315254,50.16037121108135,50.85574412345886
-74.71980567227178,50.255713054884126,50.85574412345886
-74.71980567227178,50.255713054884126,50.85574412345886
-74.71980567227178,50.255713054884126,50.85574412345886
-74.71980567227178,50.255713054884126,50.85574412345886
-74.71980567227178,50.255713054884126,50.85574412345886
-74.82695637193787,50.35461797564805,50.85574412345886
-74.82695637193787,50.35461797564805,50.85574412345886
-74.82695637193787,50.35461797564805,50.85574412345886
-74.82695637193787,50.35461797564805,50.85574412345886
-74.82695637193787,50.35461797564805,50.85574412345886
-74.82695637193787,50.35461797564805,50.85574412345886
-74.98506854982998,50.50093455556015,50.85574412345886
-74.98506854982998,50.50093455556015,50.85574412345886
-74.98506854982998,50.50093455556015,50.85574412345886
-74.98506854982998,50.50093455556015,50.85574412345886
-74.98506854982998,50.50093455556015,50.85574412345886
-74.98506854982998,50.50093455556015,50.85574412345886
-75.09122500437684,50.5974381681447,50.85574412345886
-75.09122500437684,50.5974381681447,50.85574412345886
-75.09122500437684,50.5974381681447,50.85574412345886
-75.09122500437684,50.5974381681447,50.85574412345886
-75.20411648462301,50.70290910969907,50.85574412345886
-75.20411648462301,50.70290910969907,50.85574412345886
-75.20411648462301,50.70290910969907,50.85574412345886
-75.20411648462301,50.70290910969907,50.85574412345886
-75.20411648462301,50.70290910969907,50.85574412345886
-75.30559453139796,50.80666531711607,50.85574412345886
-75.30559453139796,50.80666531711607,50.85574412345886
-75.30559453139796,50.80666531711607,50.85574412345886
-75.30559453139796,50.80666531711607,50.85574412345886
-75.30559453139796,50.80666531711607,50.85574412345886
-75.41062901198396,50.91444401522029,50.85574412345886
-75.41062901198396,50.91444401522029,50.85574412345886
-75.41062901198396,50.91444401522029,50.85574412345886
-75.41062901198396,50.91444401522029,50.85574412345886
-75.41062901198396,50.91444401522029,50.85574412345886
-75.50473977929053,51.01488260776323,50.85574412345886
-75.50473977929053,51.01488260776323,50.85574412345886
-75.50473977929053,51.01488260776323,50.85574412345886
-75.50473977929053,51.01488260776323,50.85574412345886
-75.50473977929053,51.01488260776323,50.85574412345886
-75.50473977929053,51.01488260776323,50.85574412345886
-75.60027014491327,51.121136105141716,50.85574412345886
-75.60027014491327,51.121136105141716,50.85574412345886
-75.60027014491327,51.121136105141716,50.85574412345886
-75.60027014491327,51.121136105141716,50.85574412345886
-75.60027014491327,51.121136105141716,50.85574412345886
-75.67578023900462,51.223199751737795,50.85574412345886
-75.67578023900462,51.223199751737795,50.85574412345886
-75.67578023900462,51.223199751737795,50.85574412345886
-75.67578023900462,51.223199751737795,50.85574412345886
-75.67578023900462,51.223199751737795,50.85574412345886
-75.67578023900462,51.223199751737795,50.85574412345886
-75.73355357277786,51.31848854784777,50.85574412345886
-75.73355357277786,51.31848854784777,50.85574412345886
-75.73355357277786,51.31848854784777,50.85574412345886
-75.73355357277786,51.31848854784777,50.85574412345886
-75.73355357277786,51.31848854784777,50.85574412345886
-75.7916192277307,51.42394328952963,50.85574412345886
-75.7916192277307,51.42394328952963,50.85574412345886
-75.7916192277307,51.42394328952963,50.85574412345886
-75.7916192277307,51.42394328952963,50.85574412345886
-75.7916192277307,51.42394328952963,50.85574412345886
-75.84067511534592,51.53185964934091,50.85574412345886
-75.84067511534592,51.53185964934091,50.85574412345886
-75.84067511534592,51.53185964934091,50.85574412345886
-75.84067511534592,51.53185964934091,50.85574412345886
-75.84067511534592,51.53185964934091,50.85574412345886
-75.863319345868,51.64367396374056,50.85574412345886
-75.863319345868,51.64367396374056,50.85574412345886
-75.863319345868,51.64367396374056,50.85574412345886
-75.863319345868,51.64367396374056,50.85574412345886
-75.863319345868,51.64367396374056,50.85574412345886
-75.88709984932682,51.75806958486594,50.85574412345886
-75.88709984932682,51.75806958486594,50.85574412345886
-75.88709984932682,51.75806958486594,50.85574412345886
-75.88709984932682,51.75806958486594,50.85574412345886
-75.88709984932682,51.75806958486594,50.85574412345886
-75.87968154193582,51.9077535547085,50.85574412345886
-75.87968154193582,51.9077535547085,50.85574412345886
-75.87968154193582,51.9077535547085,50.85574412345886
-75.87968154193582,51.9077535547085,50.85574412345886
-75.87968154193582,51.9077535547085,50.85574412345886
-75.83891064696851,51.99069372670034,50.85574412345886
-75.83891064696851,51.99069372670034,50.85574412345886
-75.83891064696851,51.99069372670034,50.85574412345886
-75.83891064696851,51.99069372670034,50.85574412345886
-75.83891064696851,51.99069372670034,50.85574412345886
-75.80080471082402,52.08661714030152,50.85574412345886
-75.80080471082402,52.08661714030152,50.85574412345886
-75.80080471082402,52.08661714030152,50.85574412345886
-75.80080471082402,52.08661714030152,50.85574412345886
-75.80080471082402,52.08661714030152,50.85574412345886
-75.7549270818402,52.12737891940735,50.85574412345886
-75.7549270818402,52.12737891940735,50.85574412345886
-75.7549270818402,52.12737891940735,50.85574412345886
-75.7549270818402,52.12737891940735,50.85574412345886
-75.7549270818402,52.12737891940735,50.85574412345886
-75.69644902483707,52.26052576199546,50.85574412345886
-75.69644902483707,52.26052576199546,50.85574412345886
-75.69644902483707,52.26052576199546,50.85574412345886
-75.69644902483707,52.26052576199546,50.85574412345886
-75.69644902483707,52.26052576199546,50.85574412345886
-75.6363967046474,52.338984801082006,50.85574412345886
-75.6363967046474,52.338984801082006,50.85574412345886
-75.6363967046474,52.338984801082006,50.85574412345886
-75.6363967046474,52.338984801082006,50.85574412345886
-75.6363967046474,52.338984801082006,50.85574412345886
-75.59427821650175,52.365846395445566,50.85574412345886
-75.59427821650175,52.365846395445566,50.85574412345886
-75.59427821650175,52.365846395445566,50.85574412345886
-75.59427821650175,52.365846395445566,50.85574412345886
-75.53002706529489,52.43657140664497,50.85574412345886
-75.53002706529489,52.43657140664497,50.85574412345886
-75.53002706529489,52.43657140664497,50.85574412345886
-75.53002706529489,52.43657140664497,50.85574412345886
-75.53002706529489,52.43657140664497,50.85574412345886
-75.42480166790432,52.50526088155656,50.85574412345886
-75.42480166790432,52.50526088155656,50.85574412345886
-75.42480166790432,52.50526088155656,50.85574412345886
-75.42480166790432,52.50526088155656,50.85574412345886
-75.42480166790432,52.50526088155656,50.85574412345886
-75.34032614742284,52.55725768454502,50.85574412345886
-75.34032614742284,52.55725768454502,50.85574412345886
-75.34032614742284,52.55725768454502,50.85574412345886
-75.34032614742284,52.55725768454502,50.85574412345886
-75.34032614742284,52.55725768454502,50.85574412345886
-75.2646257125189,52.605370272270875,50.85574412345886
-75.2646257125189,52.605370272270875,50.85574412345886
-75.2646257125189,52.605370272270875,50.85574412345886
-75.2646257125189,52.605370272270875,50.85574412345886
-75.2646257125189,52.605370272270875,50.85574412345886
-75.22337290737595,52.66849153642514,50.85574412345886
-75.22337290737595,52.66849153642514,50.85574412345886
-75.22337290737595,52.66849153642514,50.85574412345886
-75.22337290737595,52.66849153642514,50.85574412345886
-75.22337290737595,52.66849153642514,50.85574412345886
-75.15351140789498,52.7266383705443,50.85574412345886
-75.15351140789498,52.7266383705443,50.85574412345886
-75.15351140789498,52.7266383705443,50.85574412345886
-75.15351140789498,52.7266383705443,50.85574412345886
-75.15351140789498,52.7266383705443,50.85574412345886
-75.0759929472236,52.79208118878848,50.85574412345886
-75.0759929472236,52.79208118878848,50.85574412345886
-75.0759929472236,52.79208118878848,50.85574412345886
-75.0759929472236,52.79208118878848,50.85574412345886
-75.0759929472236,52.79208118878848,50.85574412345886
-75.01260365066115,52.846970902175826,50.85574412345886
-75.01260365066115,52.846970902175826,50.85574412345886
-75.01260365066115,52.846970902175826,50.85574412345886
-75.01260365066115,52.846970902175826,50.85574412345886
-75.01260365066115,52.846970902175826,50.85574412345886
-74.93536548296528,52.9009468458598,50.85574412345886
-74.93536548296528,52.9009468458598,50.85574412345886
-74.93536548296528,52.9009468458598,50.85574412345886
-74.93536548296528,52.9009468458598,50.85574412345886
-74.93536548296528,52.9009468458598,50.85574412345886
-74.85801400410698,52.94753508405274,50.85574412345886
-74.85801400410698,52.94753508405274,50.85574412345886
-74.85801400410698,52.94753508405274,50.85574412345886
-74.85801400410698,52.94753508405274,50.85574412345886
-74.85801400410698,52.94753508405274,50.85574412345886
-74.7635071345348,53.0055299836659,50.85574412345886
-74.7635071345348,53.0055299836659,50.85574412345886
-74.7635071345348,53.0055299836659,50.85574412345886
-74.7635071345348,53.0055299836659,50.85574412345886
-74.7635071345348,53.0055299836659,50.85574412345886
-74.6652446768113,53.047866793505,50.85574412345886
-74.6652446768113,53.047866793505,50.85574412345886
-74.6652446768113,53.047866793505,50.85574412345886
-74.6652446768113,53.047866793505,50.85574412345886
-74.6652446768113,53.047866793505,50.85574412345886
-74.58825221623262,53.08847285040551,50.85574412345886
-74.58825221623262,53.08847285040551,50.85574412345886
-74.58825221623262,53.08847285040551,50.85574412345886
-74.58825221623262,53.08847285040551,50.85574412345886
-74.58825221623262,53.08847285040551,50.85574412345886
-74.47646412836114,53.126625685316725,50.85574412345886
-74.47646412836114,53.126625685316725,50.85574412345886
-74.47646412836114,53.126625685316725,50.85574412345886
-74.47646412836114,53.126625685316725,50.85574412345886
-74.47646412836114,53.126625685316725,50.85574412345886
-74.37329127554968,53.15203455825321,50.85574412345886
-74.37329127554968,53.15203455825321,50.85574412345886
-74.37329127554968,53.15203455825321,50.85574412345886
-74.37329127554968,53.15203455825321,50.85574412345886
-74.37329127554968,53.15203455825321,50.85574412345886
-74.27249508145695,53.17964659632214,50.85574412345886
-74.27249508145695,53.17964659632214,50.85574412345886
-74.27249508145695,53.17964659632214,50.85574412345886
-74.27249508145695,53.17964659632214,50.85574412345886
-74.27249508145695,53.17964659632214,50.85574412345886
-74.17022181363612,53.2179482641418,50.85574412345886
-74.17022181363612,53.2179482641418,50.85574412345886
-74.17022181363612,53.2179482641418,50.85574412345886
-74.17022181363612,53.2179482641418,50.85574412345886
-74.17022181363612,53.2179482641418,50.85574412345886
-74.17022181363612,53.2179482641418,50.85574412345886
-74.06593938647558,53.25237135136104,50.85574412345886
-74.06593938647558,53.25237135136104,50.85574412345886
-74.06593938647558,53.25237135136104,50.85574412345886
-74.06593938647558,53.25237135136104,50.85574412345886
-74.06593938647558,53.25237135136104,50.85574412345886
-73.96914181912028,53.2796722898377,50.85574412345886
-73.96914181912028,53.2796722898377,50.85574412345886
-73.96914181912028,53.2796722898377,50.85574412345886
-73.96914181912028,53.2796722898377,50.85574412345886
-73.96914181912028,53.2796722898377,50.85574412345886
-73.96914181912028,53.2796722898377,50.85574412345886
-73.8109119150015,53.338785448173205,50.85574412345886
-73.8109119150015,53.338785448173205,50.85574412345886
-73.8109119150015,53.338785448173205,50.85574412345886
-73.8109119150015,53.338785448173205,50.85574412345886
-73.8109119150015,53.338785448173205,50.85574412345886
-73.71102856721177,53.36515849231091,50.85574412345886
-73.71102856721177,53.36515849231091,50.85574412345886
-73.71102856721177,53.36515849231091,50.85574412345886
-73.71102856721177,53.36515849231091,50.85574412345886
-73.71102856721177,53.36515849231091,50.85574412345886
-73.61185944985921,53.39759285337455,50.85574412345886
-73.61185944985921,53.39759285337455,50.85574412345886
-73.61185944985921,53.39759285337455,50.85574412345886
-73.61185944985921,53.39759285337455,50.85574412345886
-73.61185944985921,53.39759285337455,50.85574412345886
-73.61185944985921,53.39759285337455,50.85574412345886
-73.61185944985921,53.39759285337455,50.85574412345886
-73.61185944985921,53.39759285337455,50.85574412345886
-73.5053279281748,53.427878220555236,50.85574412345886
-73.5053279281748,53.427878220555236,50.85574412345886
-73.5053279281748,53.427878220555236,50.85574412345886
-73.5053279281748,53.427878220555236,50.85574412345886
-73.5053279281748,53.427878220555236,50.85574412345886
-73.5053279281748,53.427878220555236,50.85574412345886
-73.5053279281748,53.427878220555236,50.85574412345886
-73.5053279281748,53.427878220555236,50.85574412345886
-73.3494215977739,53.47223417248683,50.85574412345886
-73.3494215977739,53.47223417248683,50.85574412345886
-73.3494215977739,53.47223417248683,50.85574412345886
-73.3494215977739,53.47223417248683,50.85574412345886
-73.3494215977739,53.47223417248683,50.85574412345886
-73.3494215977739,53.47223417248683,50.85574412345886
-73.3494215977739,53.47223417248683,50.85574412345886
-73.3494215977739,53.47223417248683,50.85574412345886
-73.3494215977739,53.47223417248683,50.85574412345886
-73.10867108475787,53.535587191378994,50.85574412345886
-73.10867108475787,53.535587191378994,50.85574412345886
-73.10867108475787,53.535587191378994,50.85574412345886
-73.10867108475787,53.535587191378994,50.85574412345886
-73.10867108475787,53.535587191378994,50.85574412345886
-72.94409149526403,53.575831227700576,50.85574412345886
-72.94409149526403,53.575831227700576,50.85574412345886
-72.94409149526403,53.575831227700576,50.85574412345886
-72.94409149526403,53.575831227700576,50.85574412345886
-72.94409149526403,53.575831227700576,50.85574412345886
-72.8177238957617,53.59600118625644,50.85574412345886
-72.8177238957617,53.59600118625644,50.85574412345886
-72.8177238957617,53.59600118625644,50.85574412345886
-72.8177238957617,53.59600118625644,50.85574412345886
-72.8177238957617,53.59600118625644,50.85574412345886
-72.8177238957617,53.59600118625644,50.85574412345886
-72.70196278265978,53.61744394433909,50.85574412345886
-72.70196278265978,53.61744394433909,50.85574412345886
-72.70196278265978,53.61744394433909,50.85574412345886
-72.70196278265978,53.61744394433909,50.85574412345886
-72.70196278265978,53.61744394433909,50.85574412345886
-72.70196278265978,53.61744394433909,50.85574412345886
-72.55538322708351,53.64949218927982,50.85574412345886
-72.55538322708351,53.64949218927982,50.85574412345886
-72.55538322708351,53.64949218927982,50.85574412345886
-72.55538322708351,53.64949218927982,50.85574412345886
-72.55538322708351,53.64949218927982,50.85574412345886
-72.55538322708351,53.64949218927982,50.85574412345886
-72.55538322708351,53.64949218927982,50.85574412345886
-72.36024010495547,53.670890985993665,50.85574412345886
-72.36024010495547,53.670890985993665,50.85574412345886
-72.36024010495547,53.670890985993665,50.85574412345886
-72.36024010495547,53.670890985993665,50.85574412345886
-72.36024010495547,53.670890985993665,50.85574412345886
-72.36024010495547,53.670890985993665,50.85574412345886
-72.21487192418711,53.68497505667905,50.85574412345886
-72.21487192418711,53.68497505667905,50.85574412345886
-72.21487192418711,53.68497505667905,50.85574412345886
-72.21487192418711,53.68497505667905,50.85574412345886
-72.21487192418711,53.68497505667905,50.85574412345886
-72.21487192418711,53.68497505667905,50.85574412345886
-71.99628461885113,53.70045248368428,50.85574412345886
-71.99628461885113,53.70045248368428,50.85574412345886
-71.99628461885113,53.70045248368428,50.85574412345886
-71.99628461885113,53.70045248368428,50.85574412345886
-71.99628461885113,53.70045248368428,50.85574412345886
-71.99628461885113,53.70045248368428,50.85574412345886
-71.87767115858595,53.708562034942005,50.85574412345886
-71.87767115858595,53.708562034942005,50.85574412345886
-71.87767115858595,53.708562034942005,50.85574412345886
-71.87767115858595,53.708562034942005,50.85574412345886
-71.87767115858595,53.708562034942005,50.85574412345886
-71.87767115858595,53.708562034942005,50.85574412345886
-71.87767115858595,53.708562034942005,50.85574412345886
-71.69568490490148,53.72186356660093,50.85574412345886
-71.69568490490148,53.72186356660093,50.85574412345886
-71.69568490490148,53.72186356660093,50.85574412345886
-71.69568490490148,53.72186356660093,50.85574412345886
-71.69568490490148,53.72186356660093,50.85574412345886
-71.69568490490148,53.72186356660093,50.85574412345886
-71.48336864578657,53.745125804637816,50.85574412345886
-71.48336864578657,53.745125804637816,50.85574412345886
-71.48336864578657,53.745125804637816,50.85574412345886
-71.48336864578657,53.745125804637816,50.85574412345886
-71.48336864578657,53.745125804637816,50.85574412345886
-71.48336864578657,53.745125804637816,50.85574412345886
-71.33627305739407,53.7702572519869,50.85574412345886
-71.33627305739407,53.7702572519869,50.85574412345886
-71.33627305739407,53.7702572519869,50.85574412345886
-71.33627305739407,53.7702572519869,50.85574412345886
-71.33627305739407,53.7702572519869,50.85574412345886
-71.33627305739407,53.7702572519869,50.85574412345886
-71.12351017822718,53.80093347410522,50.85574412345886
-71.12351017822718,53.80093347410522,50.85574412345886
-71.12351017822718,53.80093347410522,50.85574412345886
-71.12351017822718,53.80093347410522,50.85574412345886
-71.12351017822718,53.80093347410522,50.85574412345886
-71.12351017822718,53.80093347410522,50.85574412345886
-70.9573237308026,53.82246388939969,50.85574412345886
-70.9573237308026,53.82246388939969,50.85574412345886
-70.9573237308026,53.82246388939969,50.85574412345886
-70.9573237308026,53.82246388939969,50.85574412345886
-70.9573237308026,53.82246388939969,50.85574412345886
-70.81709325895835,53.83208300895801,50.85574412345886
-70.81709325895835,53.83208300895801,50.85574412345886
-70.81709325895835,53.83208300895801,50.85574412345886
-70.81709325895835,53.83208300895801,50.85574412345886
-70.81709325895835,53.83208300895801,50.85574412345886
-70.81709325895835,53.83208300895801,50.85574412345886
-70.65463355914972,53.8363442022248,50.85574412345886
-70.65463355914972,53.8363442022248,50.85574412345886
-70.65463355914972,53.8363442022248,50.85574412345886
-70.65463355914972,53.8363442022248,50.85574412345886
-70.65463355914972,53.8363442022248,50.85574412345886
-70.49376923932219,53.8476329647589,50.85574412345886
-70.49376923932219,53.8476329647589,50.85574412345886
-70.49376923932219,53.8476329647589,50.85574412345886
-70.49376923932219,53.8476329647589,50.85574412345886
-70.49376923932219,53.8476329647589,50.85574412345886
-70.49376923932219,53.8476329647589,50.85574412345886
