x,y,lap_time_s
3.3792390446214458,0.2454932556259974,9.77247929573059
3.5552153691563944,0.280703138971285,9.77247929573059
3.7405288017961555,0.3099500775260534,9.77247929573059
3.834016308086799,0.31288990001555345,9.77247929573059
4.017707118272827,0.3256972786212495,9.77247929573059
4.189560249444249,0.3586243246995365,9.77247929573059
4.33636837223656,0.3790300077280312,9.77247929573059
4.510263543720165,0.3963556294139504,9.77247929573059
4.695376061974216,0.42396431900197074,9.77247929573059
4.875323615111584,0.4575015438471184,9.77247929573059
4.875323615111584,0.4575015438471184,9.77247929573059
4.875323615111584,0.4575015438471184,9.77247929573059
4.875323615111584,0.4575015438471184,9.77247929573059
4.875323615111584,0.4575015438471184,9.77247929573059
4.8928535913435836,0.45302342336733414,9.77247929573059
4.8928535913435836,0.45302342336733414,9.77247929573059
4.8928535913435836,0.45302342336733414,9.77247929573059
4.8928535913435836,0.45302342336733414,9.77247929573059
4.8928535913435836,0.45302342336733414,9.77247929573059
4.9046599423147486,0.45674633124559094,9.77247929573059
4.9046599423147486,0.45674633124559094,9.77247929573059
4.9046599423147486,0.45674633124559094,9.77247929573059
4.9046599423147486,0.45674633124559094,9.77247929573059
4.9046599423147486,0.45674633124559094,9.77247929573059
4.923893155586203,0.4503217121257778,9.77247929573059
4.923893155586203,0.4503217121257778,9.77247929573059
4.923893155586203,0.4503217121257778,9.77247929573059
4.923893155586203,0.4503217121257778,9.77247929573059
4.923893155586203,0.4503217121257778,9.77247929573059
4.945341526519339,0.45386844793861425,9.77247929573059
4.945341526519339,0.45386844793861425,9.77247929573059
4.945341526519339,0.45386844793861425,9.77247929573059
4.945341526519339,0.45386844793861425,9.77247929573059
4.964388078125853,0.4560345668518152,9.77247929573059
4.964388078125853,0.4560345668518152,9.77247929573059
4.964388078125853,0.4560345668518152,9.77247929573059
4.964388078125853,0.4560345668518152,9.77247929573059
4.964388078125853,0.4560345668518152,9.77247929573059
4.987439270295239,0.4521688328522562,9.77247929573059
4.987439270295239,0.4521688328522562,9.77247929573059
4.987439270295239,0.4521688328522562,9.77247929573059
4.987439270295239,0.4521688328522562,9.77247929573059
5.036318097577747,0.43587235012399506,9.77247929573059
5.036318097577747,0.43587235012399506,9.77247929573059
5.036318097577747,0.43587235012399506,9.77247929573059
5.036318097577747,0.43587235012399506,9.77247929573059
5.036318097577747,0.43587235012399506,9.77247929573059
5.061122740680169,0.42593211957745464,9.77247929573059
5.061122740680169,0.42593211957745464,9.77247929573059
5.061122740680169,0.42593211957745464,9.77247929573059
5.061122740680169,0.42593211957745464,9.77247929573059
5.097374699780739,0.41519908299325164,9.77247929573059
5.097374699780739,0.41519908299325164,9.77247929573059
5.097374699780739,0.41519908299325164,9.77247929573059
5.097374699780739,0.41519908299325164,9.77247929573059
5.097374699780739,0.41519908299325164,9.77247929573059
5.133175595115301,0.3979021908290294,9.77247929573059
5.133175595115301,0.3979021908290294,9.77247929573059
5.133175595115301,0.3979021908290294,9.77247929573059
5.133175595115301,0.3979021908290294,9.77247929573059
5.133175595115301,0.3979021908290294,9.77247929573059
5.133175595115301,0.3979021908290294,9.77247929573059
5.174061551168886,0.39753644025915064,9.77247929573059
5.174061551168886,0.39753644025915064,9.77247929573059
5.174061551168886,0.39753644025915064,9.77247929573059
5.174061551168886,0.39753644025915064,9.77247929573059
5.174061551168886,0.39753644025915064,9.77247929573059
5.174061551168886,0.39753644025915064,9.77247929573059
5.205233364713315,0.3846628090647747,9.77247929573059
5.205233364713315,0.3846628090647747,9.77247929573059
5.205233364713315,0.3846628090647747,9.77247929573059
5.205233364713315,0.3846628090647747,9.77247929573059
5.205233364713315,0.3846628090647747,9.77247929573059
5.205233364713315,0.3846628090647747,9.77247929573059
5.244110138680451,0.3734835060361024,9.77247929573059
5.244110138680451,0.3734835060361024,9.77247929573059
5.244110138680451,0.3734835060361024,9.77247929573059
5.244110138680451,0.3734835060361024,9.77247929573059
5.244110138680451,0.3734835060361024,9.77247929573059
5.244110138680451,0.3734835060361024,9.77247929573059
5.244110138680451,0.3734835060361024,9.77247929573059
5.308996794430195,0.36689292592998163,9.77247929573059
5.308996794430195,0.36689292592998163,9.77247929573059
5.308996794430195,0.36689292592998163,9.77247929573059
5.308996794430195,0.36689292592998163,9.77247929573059
5.308996794430195,0.36689292592998163,9.77247929573059
5.308996794430195,0.36689292592998163,9.77247929573059
5.402602341420556,0.3305749030722223,9.77247929573059
5.402602341420556,0.3305749030722223,9.77247929573059
5.402602341420556,0.3305749030722223,9.77247929573059
5.402602341420556,0.3305749030722223,9.77247929573059
5.402602341420556,0.3305749030722223,9.77247929573059
5.402602341420556,0.3305749030722223,9.77247929573059
5.452820083060787,0.31507274639108196,9.77247929573059
5.452820083060787,0.31507274639108196,9.77247929573059
5.452820083060787,0.31507274639108196,9.77247929573059
5.452820083060787,0.31507274639108196,9.77247929573059
5.452820083060787,0.31507274639108196,9.77247929573059
5.511592277298193,0.29504662386300096,9.77247929573059
5.511592277298193,0.29504662386300096,9.77247929573059
5.511592277298193,0.29504662386300096,9.77247929573059
5.511592277298193,0.29504662386300096,9.77247929573059
5.511592277298193,0.29504662386300096,9.77247929573059
5.511592277298193,0.29504662386300096,9.77247929573059
5.511592277298193,0.29504662386300096,9.77247929573059
5.57767759512188,0.25942089755869185,9.77247929573059
5.57767759512188,0.25942089755869185,9.77247929573059
5.57767759512188,0.25942089755869185,9.77247929573059
5.57767759512188,0.25942089755869185,9.77247929573059
5.57767759512188,0.25942089755869185,9.77247929573059
5.57767759512188,0.25942089755869185,9.77247929573059
5.57767759512188,0.25942089755869185,9.77247929573059
5.670469983900776,0.22223124187297166,9.77247929573059
5.670469983900776,0.22223124187297166,9.77247929573059
5.670469983900776,0.22223124187297166,9.77247929573059
5.670469983900776,0.22223124187297166,9.77247929573059
5.777103657195646,0.19248451819603313,9.77247929573059
5.777103657195646,0.19248451819603313,9.77247929573059
5.777103657195646,0.19248451819603313,9.77247929573059
5.777103657195646,0.19248451819603313,9.77247929573059
5.777103657195646,0.19248451819603313,9.77247929573059
5.845346556681761,0.17139845650674485,9.77247929573059
5.845346556681761,0.17139845650674485,9.77247929573059
5.845346556681761,0.17139845650674485,9.77247929573059
5.845346556681761,0.17139845650674485,9.77247929573059
5.845346556681761,0.17139845650674485,9.77247929573059
5.845346556681761,0.17139845650674485,9.77247929573059
5.919214584850364,0.15332222096187345,9.77247929573059
5.919214584850364,0.15332222096187345,9.77247929573059
5.919214584850364,0.15332222096187345,9.77247929573059
5.919214584850364,0.15332222096187345,9.77247929573059
5.919214584850364,0.15332222096187345,9.77247929573059
6.011520342986648,0.12945842272689131,9.77247929573059
6.011520342986648,0.12945842272689131,9.77247929573059
6.011520342986648,0.12945842272689131,9.77247929573059
6.011520342986648,0.12945842272689131,9.77247929573059
6.011520342986648,0.12945842272689131,9.77247929573059
6.1000551305263695,0.1104744872928067,9.77247929573059
6.1000551305263695,0.1104744872928067,9.77247929573059
6.1000551305263695,0.1104744872928067,9.77247929573059
6.1000551305263695,0.1104744872928067,9.77247929573059
6.1000551305263695,0.1104744872928067,9.77247929573059
6.214162539263949,0.08754673273508207,9.77247929573059
6.214162539263949,0.08754673273508207,9.77247929573059
6.214162539263949,0.08754673273508207,9.77247929573059
6.214162539263949,0.08754673273508207,9.77247929573059
6.32210954713605,0.049936905156726545,9.77247929573059
6.32210954713605,0.049936905156726545,9.77247929573059
6.32210954713605,0.049936905156726545,9.77247929573059
6.32210954713605,0.049936905156726545,9.77247929573059
6.415304431439659,0.029840444816975436,9.77247929573059
6.415304431439659,0.029840444816975436,9.77247929573059
6.415304431439659,0.029840444816975436,9.77247929573059
6.415304431439659,0.029840444816975436,9.77247929573059
6.415304431439659,0.029840444816975436,9.77247929573059
6.451464870351365,0.019651499574247434,9.77247929573059
6.451464870351365,0.019651499574247434,9.77247929573059
6.451464870351365,0.019651499574247434,9.77247929573059
6.451464870351365,0.019651499574247434,9.77247929573059
6.581206738445755,0.013679897083920539,9.77247929573059
6.581206738445755,0.013679897083920539,9.77247929573059
6.581206738445755,0.013679897083920539,9.77247929573059
6.581206738445755,0.013679897083920539,9.77247929573059
6.703388885128614,0.0034335404174041483,9.77247929573059
6.703388885128614,0.0034335404174041483,9.77247929573059
6.703388885128614,0.0034335404174041483,9.77247929573059
6.703388885128614,0.0034335404174041483,9.77247929573059
6.703388885128614,0.0034335404174041483,9.77247929573059
6.76148465006635,-0.00017280128332907452,9.77247929573059
6.76148465006635,-0.00017280128332907452,9.77247929573059
6.76148465006635,-0.00017280128332907452,9.77247929573059
6.76148465006635,-0.00017280128332907452,9.77247929573059
6.860691544491761,-0.013023978049052521,9.77247929573059
6.860691544491761,-0.013023978049052521,9.77247929573059
6.860691544491761,-0.013023978049052521,9.77247929573059
6.860691544491761,-0.013023978049052521,9.77247929573059
7.009762418643479,-0.02920895935819897,9.77247929573059
7.009762418643479,-0.02920895935819897,9.77247929573059
7.009762418643479,-0.02920895935819897,9.77247929573059
7.009762418643479,-0.02920895935819897,9.77247929573059
7.009762418643479,-0.02920895935819897,9.77247929573059
7.153816593212045,-0.041891253342708365,9.77247929573059
7.153816593212045,-0.041891253342708365,9.77247929573059
7.153816593212045,-0.041891253342708365,9.77247929573059
7.153816593212045,-0.041891253342708365,9.77247929573059
7.243334666370724,-0.04877280192127509,9.77247929573059
7.243334666370724,-0.04877280192127509,9.77247929573059
7.243334666370724,-0.04877280192127509,9.77247929573059
7.243334666370724,-0.04877280192127509,9.77247929573059
7.243334666370724,-0.04877280192127509,9.77247929573059
7.313080187891927,-0.04936686145513393,9.77247929573059
7.313080187891927,-0.04936686145513393,9.77247929573059
7.313080187891927,-0.04936686145513393,9.77247929573059
7.313080187891927,-0.04936686145513393,9.77247929573059
7.313080187891927,-0.04936686145513393,9.77247929573059
7.409021461440016,-0.06246018501044367,9.77247929573059
7.409021461440016,-0.06246018501044367,9.77247929573059
7.409021461440016,-0.06246018501044367,9.77247929573059
7.409021461440016,-0.06246018501044367,9.77247929573059
7.409021461440016,-0.06246018501044367,9.77247929573059
7.562114155530045,-0.09125026178576572,9.77247929573059
7.562114155530045,-0.09125026178576572,9.77247929573059
7.562114155530045,-0.09125026178576572,9.77247929573059
7.562114155530045,-0.09125026178576572,9.77247929573059
7.65360240818458,-0.10110644098161191,9.77247929573059
7.65360240818458,-0.10110644098161191,9.77247929573059
7.65360240818458,-0.10110644098161191,9.77247929573059
7.65360240818458,-0.10110644098161191,9.77247929573059
7.65360240818458,-0.10110644098161191,9.77247929573059
7.65360240818458,-0.10110644098161191,9.77247929573059
7.748212182004022,-0.11497361191682401,9.77247929573059
7.748212182004022,-0.11497361191682401,9.77247929573059
7.748212182004022,-0.11497361191682401,9.77247929573059
7.748212182004022,-0.11497361191682401,9.77247929573059
7.748212182004022,-0.11497361191682401,9.77247929573059
7.876055794068195,-0.10007030566437553,9.77247929573059
7.876055794068195,-0.10007030566437553,9.77247929573059
7.876055794068195,-0.10007030566437553,9.77247929573059
7.876055794068195,-0.10007030566437553,9.77247929573059
7.9560787263982915,-0.09879919850016328,9.77247929573059
7.9560787263982915,-0.09879919850016328,9.77247929573059
7.9560787263982915,-0.09879919850016328,9.77247929573059
7.9560787263982915,-0.09879919850016328,9.77247929573059
7.9560787263982915,-0.09879919850016328,9.77247929573059
8.028447181004118,-0.09451598293888867,9.77247929573059
8.028447181004118,-0.09451598293888867,9.77247929573059
8.028447181004118,-0.09451598293888867,9.77247929573059
8.028447181004118,-0.09451598293888867,9.77247929573059
8.12130077403135,-0.08569342074580744,9.77247929573059
8.12130077403135,-0.08569342074580744,9.77247929573059
8.12130077403135,-0.08569342074580744,9.77247929573059
8.12130077403135,-0.08569342074580744,9.77247929573059
8.12130077403135,-0.08569342074580744,9.77247929573059
8.157829763848733,-0.06073301923474447,9.77247929573059
8.157829763848733,-0.06073301923474447,9.77247929573059
8.157829763848733,-0.06073301923474447,9.77247929573059
8.157829763848733,-0.06073301923474447,9.77247929573059
8.157829763848733,-0.06073301923474447,9.77247929573059
8.224130399306457,-0.025117888972734242,9.77247929573059
8.224130399306457,-0.025117888972734242,9.77247929573059
8.224130399306457,-0.025117888972734242,9.77247929573059
8.224130399306457,-0.025117888972734242,9.77247929573059
8.316515852869095,0.016950470798074223,9.77247929573059
8.316515852869095,0.016950470798074223,9.77247929573059
8.316515852869095,0.016950470798074223,9.77247929573059
8.316515852869095,0.016950470798074223,9.77247929573059
8.316515852869095,0.016950470798074223,9.77247929573059
8.360676548169748,0.041656100195691534,9.77247929573059
8.360676548169748,0.041656100195691534,9.77247929573059
8.360676548169748,0.041656100195691534,9.77247929573059
8.360676548169748,0.041656100195691534,9.77247929573059
8.403594592244618,0.09348580857827274,9.77247929573059
8.403594592244618,0.09348580857827274,9.77247929573059
8.403594592244618,0.09348580857827274,9.77247929573059
8.403594592244618,0.09348580857827274,9.77247929573059
8.403594592244618,0.09348580857827274,9.77247929573059
8.457224252374376,0.16029400038378713,9.77247929573059
8.457224252374376,0.16029400038378713,9.77247929573059
8.457224252374376,0.16029400038378713,9.77247929573059
8.457224252374376,0.16029400038378713,9.77247929573059
8.52993055816235,0.20760066378169742,9.77247929573059
8.52993055816235,0.20760066378169742,9.77247929573059
8.52993055816235,0.20760066378169742,9.77247929573059
8.52993055816235,0.20760066378169742,9.77247929573059
8.52993055816235,0.20760066378169742,9.77247929573059
8.572076597286777,0.2229976636701529,9.77247929573059
8.572076597286777,0.2229976636701529,9.77247929573059
8.572076597286777,0.2229976636701529,9.77247929573059
8.572076597286777,0.2229976636701529,9.77247929573059
8.614776751906868,0.280722938103002,9.77247929573059
8.614776751906868,0.280722938103002,9.77247929573059
8.614776751906868,0.280722938103002,9.77247929573059
8.614776751906868,0.280722938103002,9.77247929573059
8.69616436796921,0.3385059437054503,9.77247929573059
8.69616436796921,0.3385059437054503,9.77247929573059
8.69616436796921,0.3385059437054503,9.77247929573059
8.69616436796921,0.3385059437054503,9.77247929573059
8.69616436796921,0.3385059437054503,9.77247929573059
8.721577387148047,0.3705142938007298,9.77247929573059
8.721577387148047,0.3705142938007298,9.77247929573059
8.721577387148047,0.3705142938007298,9.77247929573059
8.721577387148047,0.3705142938007298,9.77247929573059
8.83948206755451,0.3764681266729152,9.77247929573059
8.83948206755451,0.3764681266729152,9.77247929573059
8.83948206755451,0.3764681266729152,9.77247929573059
8.83948206755451,0.3764681266729152,9.77247929573059
8.83948206755451,0.3764681266729152,9.77247929573059
8.851539999958923,0.3374614122050491,9.77247929573059
8.851539999958923,0.3374614122050491,9.77247929573059
8.851539999958923,0.3374614122050491,9.77247929573059
8.851539999958923,0.3374614122050491,9.77247929573059
8.850882890625567,0.30784777080917736,9.77247929573059
8.850882890625567,0.30784777080917736,9.77247929573059
8.850882890625567,0.30784777080917736,9.77247929573059
8.850882890625567,0.30784777080917736,9.77247929573059
8.850882890625567,0.30784777080917736,9.77247929573059
8.875836755174351,0.28398355409640796,9.77247929573059
8.875836755174351,0.28398355409640796,9.77247929573059
8.875836755174351,0.28398355409640796,9.77247929573059
8.875836755174351,0.28398355409640796,9.77247929573059
8.875836755174351,0.28398355409640796,9.77247929573059
8.87727750508785,0.2590914673047128,9.77247929573059
8.87727750508785,0.2590914673047128,9.77247929573059
8.87727750508785,0.2590914673047128,9.77247929573059
8.87727750508785,0.2590914673047128,9.77247929573059
8.87727750508785,0.2590914673047128,9.77247929573059
8.868788394535553,0.2233477627827409,9.77247929573059
8.868788394535553,0.2233477627827409,9.77247929573059
8.868788394535553,0.2233477627827409,9.77247929573059
8.868788394535553,0.2233477627827409,9.77247929573059
8.868788394535553,0.2233477627827409,9.77247929573059
8.863816755525747,0.231527209681925,9.77247929573059
8.863816755525747,0.231527209681925,9.77247929573059
8.863816755525747,0.231527209681925,9.77247929573059
8.863816755525747,0.231527209681925,9.77247929573059
8.898081086052713,0.25992371759507243,9.77247929573059
8.898081086052713,0.25992371759507243,9.77247929573059
8.898081086052713,0.25992371759507243,9.77247929573059
8.898081086052713,0.25992371759507243,9.77247929573059
8.898081086052713,0.25992371759507243,9.77247929573059
8.912371154391606,0.2505460539347852,9.77247929573059
8.912371154391606,0.2505460539347852,9.77247929573059
8.912371154391606,0.2505460539347852,9.77247929573059
8.912371154391606,0.2505460539347852,9.77247929573059
8.93567613216508,0.24006017403683808,9.77247929573059
8.93567613216508,0.24006017403683808,9.77247929573059
8.93567613216508,0.24006017403683808,9.77247929573059
8.93567613216508,0.24006017403683808,9.77247929573059
8.961088282798585,0.24376342109012897,9.77247929573059
8.961088282798585,0.24376342109012897,9.77247929573059
8.961088282798585,0.24376342109012897,9.77247929573059
8.961088282798585,0.24376342109012897,9.77247929573059
8.973971779153329,0.2632520105540983,9.77247929573059
8.973971779153329,0.2632520105540983,9.77247929573059
8.973971779153329,0.2632520105540983,9.77247929573059
8.973971779153329,0.2632520105540983,9.77247929573059
8.973971779153329,0.2632520105540983,9.77247929573059
8.973971779153329,0.2632520105540983,9.77247929573059
8.99483269083846,0.2734196809351451,9.77247929573059
8.99483269083846,0.2734196809351451,9.77247929573059
8.99483269083846,0.2734196809351451,9.77247929573059
8.99483269083846,0.2734196809351451,9.77247929573059
8.99483269083846,0.2734196809351451,9.77247929573059
8.996321847136358,0.2758095925839385,9.77247929573059
8.996321847136358,0.2758095925839385,9.77247929573059
8.996321847136358,0.2758095925839385,9.77247929573059
8.996321847136358,0.2758095925839385,9.77247929573059
9.007800252174519,0.29055881497392577,9.77247929573059
9.007800252174519,0.29055881497392577,9.77247929573059
9.007800252174519,0.29055881497392577,9.77247929573059
9.007800252174519,0.29055881497392577,9.77247929573059
9.026745488743748,0.3034351347549768,9.77247929573059
9.026745488743748,0.3034351347549768,9.77247929573059
9.026745488743748,0.3034351347549768,9.77247929573059
9.026745488743748,0.3034351347549768,9.77247929573059
9.015477529686244,0.3095171249334095,9.77247929573059
9.015477529686244,0.3095171249334095,9.77247929573059
9.015477529686244,0.3095171249334095,9.77247929573059
9.015477529686244,0.3095171249334095,9.77247929573059
9.065371051930502,0.34580234362752693,9.77247929573059
9.065371051930502,0.34580234362752693,9.77247929573059
9.065371051930502,0.34580234362752693,9.77247929573059
9.065371051930502,0.34580234362752693,9.77247929573059
9.081609127116451,0.36663662797996904,9.77247929573059
9.081609127116451,0.36663662797996904,9.77247929573059
9.081609127116451,0.36663662797996904,9.77247929573059
9.081609127116451,0.36663662797996904,9.77247929573059
9.081609127116451,0.36663662797996904,9.77247929573059
9.072268157520588,0.3825565244313546,9.77247929573059
9.072268157520588,0.3825565244313546,9.77247929573059
9.072268157520588,0.3825565244313546,9.77247929573059
9.072268157520588,0.3825565244313546,9.77247929573059
9.1007289316229,0.4046007739466203,9.77247929573059
9.1007289316229,0.4046007739466203,9.77247929573059
9.1007289316229,0.4046007739466203,9.77247929573059
9.1007289316229,0.4046007739466203,9.77247929573059
9.13705807954113,0.41944993660550384,9.77247929573059
9.13705807954113,0.41944993660550384,9.77247929573059
9.13705807954113,0.41944993660550384,9.77247929573059
9.13705807954113,0.41944993660550384,9.77247929573059
9.122279800215896,0.44359907953720545,9.77247929573059
9.122279800215896,0.44359907953720545,9.77247929573059
9.122279800215896,0.44359907953720545,9.77247929573059
9.122279800215896,0.44359907953720545,9.77247929573059
9.156195933210325,0.4554533676502259,9.77247929573059
9.156195933210325,0.4554533676502259,9.77247929573059
9.156195933210325,0.4554533676502259,9.77247929573059
9.156195933210325,0.4554533676502259,9.77247929573059
9.156195933210325,0.4554533676502259,9.77247929573059
9.171910657247523,0.485078816966451,9.77247929573059
9.171910657247523,0.485078816966451,9.77247929573059
9.171910657247523,0.485078816966451,9.77247929573059
9.171910657247523,0.485078816966451,9.77247929573059
9.15874942782323,0.515413351716662,9.77247929573059
9.15874942782323,0.515413351716662,9.77247929573059
9.15874942782323,0.515413351716662,9.77247929573059
9.15874942782323,0.515413351716662,9.77247929573059
9.15874942782323,0.515413351716662,9.77247929573059
9.190370893093673,0.5327688497859557,9.77247929573059
9.190370893093673,0.5327688497859557,9.77247929573059
9.190370893093673,0.5327688497859557,9.77247929573059
9.190370893093673,0.5327688497859557,9.77247929573059
9.210270722571655,0.564913763306338,9.77247929573059
9.210270722571655,0.564913763306338,9.77247929573059
9.210270722571655,0.564913763306338,9.77247929573059
9.210270722571655,0.564913763306338,9.77247929573059
9.210270722571655,0.564913763306338,9.77247929573059
9.189870859188321,0.5875652613829077,9.77247929573059
9.189870859188321,0.5875652613829077,9.77247929573059
9.189870859188321,0.5875652613829077,9.77247929573059
9.189870859188321,0.5875652613829077,9.77247929573059
9.217648251557453,0.6044697694890443,9.77247929573059
9.217648251557453,0.6044697694890443,9.77247929573059
9.217648251557453,0.6044697694890443,9.77247929573059
9.217648251557453,0.6044697694890443,9.77247929573059
9.238110647808508,0.6385618856463824,9.77247929573059
9.238110647808508,0.6385618856463824,9.77247929573059
9.238110647808508,0.6385618856463824,9.77247929573059
9.238110647808508,0.6385618856463824,9.77247929573059
9.257818460469245,0.6637906593187689,9.77247929573059
9.257818460469245,0.6637906593187689,9.77247929573059
9.257818460469245,0.6637906593187689,9.77247929573059
9.257818460469245,0.6637906593187689,9.77247929573059
9.257818460469245,0.6637906593187689,9.77247929573059
9.259027125921389,0.6773334575972124,9.77247929573059
9.259027125921389,0.6773334575972124,9.77247929573059
9.259027125921389,0.6773334575972124,9.77247929573059
9.259027125921389,0.6773334575972124,9.77247929573059
9.26528218635288,0.7071560379847851,9.77247929573059
9.26528218635288,0.7071560379847851,9.77247929573059
9.26528218635288,0.7071560379847851,9.77247929573059
9.26528218635288,0.7071560379847851,9.77247929573059
9.26528218635288,0.7071560379847851,9.77247929573059
9.278339643374377,0.7474710158541064,9.77247929573059
9.278339643374377,0.7474710158541064,9.77247929573059
9.278339643374377,0.7474710158541064,9.77247929573059
9.278339643374377,0.7474710158541064,9.77247929573059
9.301968865717324,0.7703593887695646,9.77247929573059
9.301968865717324,0.7703593887695646,9.77247929573059
9.301968865717324,0.7703593887695646,9.77247929573059
9.301968865717324,0.7703593887695646,9.77247929573059
9.288043893447663,0.7948441069966513,9.77247929573059
9.288043893447663,0.7948441069966513,9.77247929573059
9.288043893447663,0.7948441069966513,9.77247929573059
9.288043893447663,0.7948441069966513,9.77247929573059
9.288043893447663,0.7948441069966513,9.77247929573059
9.300278474491018,0.8286075193255672,9.77247929573059
9.300278474491018,0.8286075193255672,9.77247929573059
9.300278474491018,0.8286075193255672,9.77247929573059
9.300278474491018,0.8286075193255672,9.77247929573059
9.321320684736532,0.8533864788610335,9.77247929573059
9.321320684736532,0.8533864788610335,9.77247929573059
9.321320684736532,0.8533864788610335,9.77247929573059
9.321320684736532,0.8533864788610335,9.77247929573059
9.336510637765077,0.8882226069904041,9.77247929573059
9.336510637765077,0.8882226069904041,9.77247929573059
9.336510637765077,0.8882226069904041,9.77247929573059
9.336510637765077,0.8882226069904041,9.77247929573059
9.342897507310662,0.8979703347533077,9.77247929573059
9.342897507310662,0.8979703347533077,9.77247929573059
9.342897507310662,0.8979703347533077,9.77247929573059
9.342897507310662,0.8979703347533077,9.77247929573059
9.328062456005501,0.9222121828742562,9.77247929573059
9.328062456005501,0.9222121828742562,9.77247929573059
9.328062456005501,0.9222121828742562,9.77247929573059
9.328062456005501,0.9222121828742562,9.77247929573059
9.349265253254863,0.9325621867908406,9.77247929573059
9.349265253254863,0.9325621867908406,9.77247929573059
9.349265253254863,0.9325621867908406,9.77247929573059
9.349265253254863,0.9325621867908406,9.77247929573059
9.349265253254863,0.9325621867908406,9.77247929573059
9.392427752683142,0.9424221074313599,9.77247929573059
9.392427752683142,0.9424221074313599,9.77247929573059
9.392427752683142,0.9424221074313599,9.77247929573059
9.392427752683142,0.9424221074313599,9.77247929573059
9.36456000868278,0.9815025120267475,9.77247929573059
9.36456000868278,0.9815025120267475,9.77247929573059
9.36456000868278,0.9815025120267475,9.77247929573059
9.36456000868278,0.9815025120267475,9.77247929573059
9.394527580521054,1.0127954455879058,9.77247929573059
9.394527580521054,1.0127954455879058,9.77247929573059
9.394527580521054,1.0127954455879058,9.77247929573059
9.394527580521054,1.0127954455879058,9.77247929573059
9.394527580521054,1.0127954455879058,9.77247929573059
9.369777973644911,1.0297768322875662,9.77247929573059
9.369777973644911,1.0297768322875662,9.77247929573059
9.369777973644911,1.0297768322875662,9.77247929573059
9.369777973644911,1.0297768322875662,9.77247929573059
9.389996525847456,1.07702521590623,9.77247929573059
9.389996525847456,1.07702521590623,9.77247929573059
9.389996525847456,1.07702521590623,9.77247929573059
9.389996525847456,1.07702521590623,9.77247929573059
9.406344641413545,1.1039650549027158,9.77247929573059
9.406344641413545,1.1039650549027158,9.77247929573059
9.406344641413545,1.1039650549027158,9.77247929573059
9.406344641413545,1.1039650549027158,9.77247929573059
9.378021227941698,1.117511320544255,9.77247929573059
9.378021227941698,1.117511320544255,9.77247929573059
9.378021227941698,1.117511320544255,9.77247929573059
9.378021227941698,1.117511320544255,9.77247929573059
9.378021227941698,1.117511320544255,9.77247929573059
9.398214670626942,1.1496453791797063,9.77247929573059
9.398214670626942,1.1496453791797063,9.77247929573059
9.398214670626942,1.1496453791797063,9.77247929573059
9.398214670626942,1.1496453791797063,9.77247929573059
9.41025717632164,1.1780575142351526,9.77247929573059
9.41025717632164,1.1780575142351526,9.77247929573059
9.41025717632164,1.1780575142351526,9.77247929573059
9.41025717632164,1.1780575142351526,9.77247929573059
9.369857667795971,1.2234712192041344,9.77247929573059
9.369857667795971,1.2234712192041344,9.77247929573059
9.369857667795971,1.2234712192041344,9.77247929573059
9.369857667795971,1.2234712192041344,9.77247929573059
9.348972061061334,1.2522740232752558,9.77247929573059
9.348972061061334,1.2522740232752558,9.77247929573059
9.348972061061334,1.2522740232752558,9.77247929573059
9.348972061061334,1.2522740232752558,9.77247929573059
9.348972061061334,1.2522740232752558,9.77247929573059
9.379221584632436,1.2938512109866958,9.77247929573059
9.379221584632436,1.2938512109866958,9.77247929573059
9.379221584632436,1.2938512109866958,9.77247929573059
9.379221584632436,1.2938512109866958,9.77247929573059
9.379221584632436,1.2938512109866958,9.77247929573059
9.408926398702565,1.3257927662095528,9.77247929573059
9.408926398702565,1.3257927662095528,9.77247929573059
9.408926398702565,1.3257927662095528,9.77247929573059
9.408926398702565,1.3257927662095528,9.77247929573059
9.376513136791273,1.364691774352526,9.77247929573059
9.376513136791273,1.364691774352526,9.77247929573059
9.376513136791273,1.364691774352526,9.77247929573059
9.376513136791273,1.364691774352526,9.77247929573059
9.376513136791273,1.364691774352526,9.77247929573059
9.380434712783078,1.3958358618009834,9.77247929573059
9.380434712783078,1.3958358618009834,9.77247929573059
9.380434712783078,1.3958358618009834,9.77247929573059
9.380434712783078,1.3958358618009834,9.77247929573059
9.396999320272808,1.4486942430674892,9.77247929573059
9.396999320272808,1.4486942430674892,9.77247929573059
9.396999320272808,1.4486942430674892,9.77247929573059
9.396999320272808,1.4486942430674892,9.77247929573059
9.416163046284247,1.5103942892696112,9.77247929573059
9.416163046284247,1.5103942892696112,9.77247929573059
9.416163046284247,1.5103942892696112,9.77247929573059
9.416163046284247,1.5103942892696112,9.77247929573059
9.416163046284247,1.5103942892696112,9.77247929573059
9.410988207939962,1.5701493565411526,9.77247929573059
9.410988207939962,1.5701493565411526,9.77247929573059
9.410988207939962,1.5701493565411526,9.77247929573059
9.410988207939962,1.5701493565411526,9.77247929573059
9.422044488280612,1.6328553742241698,9.77247929573059
9.422044488280612,1.6328553742241698,9.77247929573059
9.422044488280612,1.6328553742241698,9.77247929573059
9.422044488280612,1.6328553742241698,9.77247929573059
9.422044488280612,1.6328553742241698,9.77247929573059
9.445757617903007,1.6555719936685611,9.77247929573059
9.445757617903007,1.6555719936685611,9.77247929573059
9.445757617903007,1.6555719936685611,9.77247929573059
9.445757617903007,1.6555719936685611,9.77247929573059
9.45444136642254,1.7127160003719855,9.77247929573059
9.45444136642254,1.7127160003719855,9.77247929573059
9.45444136642254,1.7127160003719855,9.77247929573059
9.45444136642254,1.7127160003719855,9.77247929573059
9.466594920089463,1.7946836969588043,9.77247929573059
9.466594920089463,1.7946836969588043,9.77247929573059
9.466594920089463,1.7946836969588043,9.77247929573059
9.466594920089463,1.7946836969588043,9.77247929573059
9.466594920089463,1.7946836969588043,9.77247929573059
9.468412763276858,1.8337895751069093,9.77247929573059
9.468412763276858,1.8337895751069093,9.77247929573059
9.468412763276858,1.8337895751069093,9.77247929573059
9.468412763276858,1.8337895751069093,9.77247929573059
9.464172571199029,1.894406980789395,9.77247929573059
9.464172571199029,1.894406980789395,9.77247929573059
9.464172571199029,1.894406980789395,9.77247929573059
9.464172571199029,1.894406980789395,9.77247929573059
9.471976042609091,1.981143308247513,9.77247929573059
9.471976042609091,1.981143308247513,9.77247929573059
9.471976042609091,1.981143308247513,9.77247929573059
9.471976042609091,1.981143308247513,9.77247929573059
9.471976042609091,1.981143308247513,9.77247929573059
9.466090183584129,2.0593288174381765,9.77247929573059
9.466090183584129,2.0593288174381765,9.77247929573059
9.466090183584129,2.0593288174381765,9.77247929573059
9.466090183584129,2.0593288174381765,9.77247929573059
9.46588408680219,2.131554802843186,9.77247929573059
9.46588408680219,2.131554802843186,9.77247929573059
9.46588408680219,2.131554802843186,9.77247929573059
9.46588408680219,2.131554802843186,9.77247929573059
9.46588408680219,2.131554802843186,9.77247929573059
9.46135461559574,2.177274575775096,9.77247929573059
9.46135461559574,2.177274575775096,9.77247929573059
9.46135461559574,2.177274575775096,9.77247929573059
9.46135461559574,2.177274575775096,9.77247929573059
9.470556832045927,2.2848008091871064,9.77247929573059
9.470556832045927,2.2848008091871064,9.77247929573059
9.470556832045927,2.2848008091871064,9.77247929573059
9.470556832045927,2.2848008091871064,9.77247929573059
9.45073167023385,2.4074128392226912,9.77247929573059
9.45073167023385,2.4074128392226912,9.77247929573059
9.45073167023385,2.4074128392226912,9.77247929573059
9.45073167023385,2.4074128392226912,9.77247929573059
9.45073167023385,2.4074128392226912,9.77247929573059
9.443558111993847,2.4877178266083133,9.77247929573059
9.443558111993847,2.4877178266083133,9.77247929573059
9.443558111993847,2.4877178266083133,9.77247929573059
9.443558111993847,2.4877178266083133,9.77247929573059
9.443558111993847,2.4877178266083133,9.77247929573059
9.450047192884648,2.5983953828050117,9.77247929573059
9.450047192884648,2.5983953828050117,9.77247929573059
9.450047192884648,2.5983953828050117,9.77247929573059
9.450047192884648,2.5983953828050117,9.77247929573059
9.456959858269833,2.7163574757238167,9.77247929573059
9.456959858269833,2.7163574757238167,9.77247929573059
9.456959858269833,2.7163574757238167,9.77247929573059
9.456959858269833,2.7163574757238167,9.77247929573059
9.456959858269833,2.7163574757238167,9.77247929573059
9.471400509565868,2.8427438658934787,9.77247929573059
9.471400509565868,2.8427438658934787,9.77247929573059
9.471400509565868,2.8427438658934787,9.77247929573059
9.471400509565868,2.8427438658934787,9.77247929573059
9.495292983221596,2.959140650577091,9.77247929573059
9.495292983221596,2.959140650577091,9.77247929573059
9.495292983221596,2.959140650577091,9.77247929573059
9.495292983221596,2.959140650577091,9.77247929573059
9.495292983221596,2.959140650577091,9.77247929573059
9.510659667619144,3.08029297066647,9.77247929573059
9.510659667619144,3.08029297066647,9.77247929573059
9.510659667619144,3.08029297066647,9.77247929573059
9.510659667619144,3.08029297066647,9.77247929573059
9.53483216329191,3.2105180751086095,9.77247929573059
9.53483216329191,3.2105180751086095,9.77247929573059
9.53483216329191,3.2105180751086095,9.77247929573059
9.53483216329191,3.2105180751086095,9.77247929573059
9.53483216329191,3.2105180751086095,9.77247929573059
9.538661052409587,3.282566895789275,9.77247929573059
9.538661052409587,3.282566895789275,9.77247929573059
9.538661052409587,3.282566895789275,9.77247929573059
9.538661052409587,3.282566895789275,9.77247929573059
9.547432745242135,3.4139802629701888,9.77247929573059
9.547432745242135,3.4139802629701888,9.77247929573059
9.547432745242135,3.4139802629701888,9.77247929573059
9.547432745242135,3.4139802629701888,9.77247929573059
9.547432745242135,3.4139802629701888,9.77247929573059
9.570540891125523,3.5542347528120084,9.77247929573059
9.570540891125523,3.5542347528120084,9.77247929573059
9.570540891125523,3.5542347528120084,9.77247929573059
9.570540891125523,3.5542347528120084,9.77247929573059
9.570540891125523,3.5542347528120084,9.77247929573059
9.583061940849824,3.6934178247030722,9.77247929573059
9.583061940849824,3.6934178247030722,9.77247929573059
9.583061940849824,3.6934178247030722,9.77247929573059
9.583061940849824,3.6934178247030722,9.77247929573059
9.583061940849824,3.6934178247030722,9.77247929573059
9.593771003372654,3.836536270390334,9.77247929573059
9.593771003372654,3.836536270390334,9.77247929573059
9.593771003372654,3.836536270390334,9.77247929573059
9.593771003372654,3.836536270390334,9.77247929573059
9.593771003372654,3.836536270390334,9.77247929573059
9.601886557857558,3.9890167585783014,9.77247929573059
9.601886557857558,3.9890167585783014,9.77247929573059
9.601886557857558,3.9890167585783014,9.77247929573059
9.601886557857558,3.9890167585783014,9.77247929573059
9.623159673540215,4.154965995215149,9.77247929573059
9.623159673540215,4.154965995215149,9.77247929573059
9.623159673540215,4.154965995215149,9.77247929573059
9.623159673540215,4.154965995215149,9.77247929573059
9.623159673540215,4.154965995215149,9.77247929573059
9.630833119156254,4.2421393271371794,9.77247929573059
9.630833119156254,4.2421393271371794,9.77247929573059
9.630833119156254,4.2421393271371794,9.77247929573059
9.630833119156254,4.2421393271371794,9.77247929573059
9.630833119156254,4.2421393271371794,9.77247929573059
9.631129942190245,4.399261980065556,9.77247929573059
9.631129942190245,4.399261980065556,9.77247929573059
9.631129942190245,4.399261980065556,9.77247929573059
9.631129942190245,4.399261980065556,9.77247929573059
9.631129942190245,4.399261980065556,9.77247929573059
9.63883382321048,4.557241051027423,9.77247929573059
9.63883382321048,4.557241051027423,9.77247929573059
9.63883382321048,4.557241051027423,9.77247929573059
9.63883382321048,4.557241051027423,9.77247929573059
9.63883382321048,4.557241051027423,9.77247929573059
9.649519848382834,4.7073676701325695,9.77247929573059
9.649519848382834,4.7073676701325695,9.77247929573059
9.649519848382834,4.7073676701325695,9.77247929573059
9.649519848382834,4.7073676701325695,9.77247929573059
9.649519848382834,4.7073676701325695,9.77247929573059
9.653504596093095,4.8685788077515575,9.77247929573059
9.653504596093095,4.8685788077515575,9.77247929573059
9.653504596093095,4.8685788077515575,9.77247929573059
9.653504596093095,4.8685788077515575,9.77247929573059
9.653504596093095,4.8685788077515575,9.77247929573059
9.66164631114063,5.026630380320551,9.77247929573059
9.66164631114063,5.026630380320551,9.77247929573059
9.66164631114063,5.026630380320551,9.77247929573059
9.66164631114063,5.026630380320551,9.77247929573059
9.66164631114063,5.026630380320551,9.77247929573059
9.66164631114063,5.026630380320551,9.77247929573059
9.683734792177628,5.272316770688011,9.77247929573059
9.683734792177628,5.272316770688011,9.77247929573059
9.683734792177628,5.272316770688011,9.77247929573059
9.683734792177628,5.272316770688011,9.77247929573059
9.683734792177628,5.272316770688011,9.77247929573059
9.683734792177628,5.272316770688011,9.77247929573059
9.694691140426952,5.432576172484503,9.77247929573059
9.694691140426952,5.432576172484503,9.77247929573059
9.694691140426952,5.432576172484503,9.77247929573059
9.694691140426952,5.432576172484503,9.77247929573059
9.694691140426952,5.432576172484503,9.77247929573059
9.7057302412574,5.59793850291693,9.77247929573059
9.7057302412574,5.59793850291693,9.77247929573059
9.7057302412574,5.59793850291693,9.77247929573059
9.7057302412574,5.59793850291693,9.77247929573059
9.7057302412574,5.59793850291693,9.77247929573059
9.7057302412574,5.59793850291693,9.77247929573059
9.71450848566256,5.767465121181413,9.77247929573059
9.71450848566256,5.767465121181413,9.77247929573059
9.71450848566256,5.767465121181413,9.77247929573059
9.71450848566256,5.767465121181413,9.77247929573059
9.71450848566256,5.767465121181413,9.77247929573059
9.737849703808596,6.007487373608851,9.77247929573059
9.737849703808596,6.007487373608851,9.77247929573059
9.737849703808596,6.007487373608851,9.77247929573059
9.737849703808596,6.007487373608851,9.77247929573059
9.737849703808596,6.007487373608851,9.77247929573059
9.737849703808596,6.007487373608851,9.77247929573059
9.75271493952163,6.173483812969766,9.77247929573059
9.75271493952163,6.173483812969766,9.77247929573059
9.75271493952163,6.173483812969766,9.77247929573059
9.75271493952163,6.173483812969766,9.77247929573059
9.75271493952163,6.173483812969766,9.77247929573059
9.763585413534178,6.338088036972385,9.77247929573059
9.763585413534178,6.338088036972385,9.77247929573059
9.763585413534178,6.338088036972385,9.77247929573059
9.763585413534178,6.338088036972385,9.77247929573059
9.763585413534178,6.338088036972385,9.77247929573059
9.763585413534178,6.338088036972385,9.77247929573059
9.775141934621052,6.492242335601966,9.77247929573059
9.775141934621052,6.492242335601966,9.77247929573059
9.775141934621052,6.492242335601966,9.77247929573059
9.775141934621052,6.492242335601966,9.77247929573059
9.775141934621052,6.492242335601966,9.77247929573059
9.788595707472146,6.644302028621872,9.77247929573059
9.788595707472146,6.644302028621872,9.77247929573059
9.788595707472146,6.644302028621872,9.77247929573059
9.788595707472146,6.644302028621872,9.77247929573059
9.788595707472146,6.644302028621872,9.77247929573059
9.798870045701047,6.802872230096689,9.77247929573059
9.798870045701047,6.802872230096689,9.77247929573059
9.798870045701047,6.802872230096689,9.77247929573059
9.798870045701047,6.802872230096689,9.77247929573059
9.798870045701047,6.802872230096689,9.77247929573059
9.807168599386786,6.960711307452754,9.77247929573059
9.807168599386786,6.960711307452754,9.77247929573059
9.807168599386786,6.960711307452754,9.77247929573059
9.807168599386786,6.960711307452754,9.77247929573059
9.807168599386786,6.960711307452754,9.77247929573059
9.820575572749352,7.123210981139975,9.77247929573059
9.820575572749352,7.123210981139975,9.77247929573059
9.820575572749352,7.123210981139975,9.77247929573059
9.820575572749352,7.123210981139975,9.77247929573059
9.820575572749352,7.123210981139975,9.77247929573059
9.839560936394891,7.275862457142789,9.77247929573059
9.839560936394891,7.275862457142789,9.77247929573059
9.839560936394891,7.275862457142789,9.77247929573059
9.839560936394891,7.275862457142789,9.77247929573059
9.843989087327696,7.419113000575316,9.77247929573059
9.843989087327696,7.419113000575316,9.77247929573059
9.843989087327696,7.419113000575316,9.77247929573059
9.843989087327696,7.419113000575316,9.77247929573059
9.837105517083039,7.546328080075644,9.77247929573059
9.837105517083039,7.546328080075644,9.77247929573059
9.837105517083039,7.546328080075644,9.77247929573059
9.837105517083039,7.546328080075644,9.77247929573059
9.837105517083039,7.546328080075644,9.77247929573059
9.833770192972187,7.662637625788083,9.77247929573059
9.833770192972187,7.662637625788083,9.77247929573059
9.833770192972187,7.662637625788083,9.77247929573059
9.833770192972187,7.662637625788083,9.77247929573059
9.833770192972187,7.662637625788083,9.77247929573059
9.8225620173897,7.777240108235377,9.77247929573059
9.8225620173897,7.777240108235377,9.77247929573059
9.8225620173897,7.777240108235377,9.77247929573059
9.8225620173897,7.777240108235377,9.77247929573059
9.8225620173897,7.777240108235377,9.77247929573059
9.805947514139914,7.92573607735055,9.77247929573059
9.805947514139914,7.92573607735055,9.77247929573059
9.805947514139914,7.92573607735055,9.77247929573059
9.805947514139914,7.92573607735055,9.77247929573059
9.776539559718968,8.00126133590151,9.77247929573059
9.776539559718968,8.00126133590151,9.77247929573059
9.776539559718968,8.00126133590151,9.77247929573059
9.776539559718968,8.00126133590151,9.77247929573059
9.776539559718968,8.00126133590151,9.77247929573059
9.776539559718968,8.00126133590151,9.77247929573059
9.732723078052455,8.162993733762992,9.77247929573059
9.732723078052455,8.162993733762992,9.77247929573059
9.732723078052455,8.162993733762992,9.77247929573059
9.732723078052455,8.162993733762992,9.77247929573059
9.732723078052455,8.162993733762992,9.77247929573059
9.732723078052455,8.162993733762992,9.77247929573059
9.665588071253334,8.268509180485736,9.77247929573059
9.665588071253334,8.268509180485736,9.77247929573059
9.665588071253334,8.268509180485736,9.77247929573059
9.665588071253334,8.268509180485736,9.77247929573059
9.665588071253334,8.268509180485736,9.77247929573059
9.665588071253334,8.268509180485736,9.77247929573059
9.594738199545066,8.362897377396452,9.77247929573059
9.594738199545066,8.362897377396452,9.77247929573059
9.594738199545066,8.362897377396452,9.77247929573059
9.594738199545066,8.362897377396452,9.77247929573059
9.594738199545066,8.362897377396452,9.77247929573059
9.527551164419652,8.423244075201106,9.77247929573059
9.527551164419652,8.423244075201106,9.77247929573059
9.527551164419652,8.423244075201106,9.77247929573059
9.527551164419652,8.423244075201106,9.77247929573059
9.527551164419652,8.423244075201106,9.77247929573059
9.436251950520932,8.47123321224373,9.77247929573059
9.436251950520932,8.47123321224373,9.77247929573059
9.436251950520932,8.47123321224373,9.77247929573059
9.436251950520932,8.47123321224373,9.77247929573059
9.316845332392232,8.527236606333306,9.77247929573059
9.316845332392232,8.527236606333306,9.77247929573059
9.316845332392232,8.527236606333306,9.77247929573059
9.233222557354207,8.548540452649757,9.77247929573059
9.233222557354207,8.548540452649757,9.77247929573059
9.233222557354207,8.548540452649757,9.77247929573059
9.233222557354207,8.548540452649757,9.77247929573059
9.220556712555547,8.524358162342136,9.77247929573059
9.220556712555547,8.524358162342136,9.77247929573059
9.220556712555547,8.524358162342136,9.77247929573059
9.220556712555547,8.524358162342136,9.77247929573059
9.086448681605356,8.528570113663823,9.77247929573059
9.086448681605356,8.528570113663823,9.77247929573059
9.086448681605356,8.528570113663823,9.77247929573059
8.984766340917593,8.540834837070783,9.77247929573059
8.984766340917593,8.540834837070783,9.77247929573059
8.984766340917593,8.540834837070783,9.77247929573059
8.984766340917593,8.540834837070783,9.77247929573059
8.984766340917593,8.540834837070783,9.77247929573059
8.899501024227881,8.539170134643589,9.77247929573059
8.899501024227881,8.539170134643589,9.77247929573059
8.899501024227881,8.539170134643589,9.77247929573059
8.899501024227881,8.539170134643589,9.77247929573059
8.899501024227881,8.539170134643589,9.77247929573059
8.899501024227881,8.539170134643589,9.77247929573059
8.834734243153912,8.53711719135892,9.77247929573059
8.834734243153912,8.53711719135892,9.77247929573059
8.834734243153912,8.53711719135892,9.77247929573059
8.834734243153912,8.53711719135892,9.77247929573059
8.834734243153912,8.53711719135892,9.77247929573059
8.834734243153912,8.53711719135892,9.77247929573059
8.773184256087713,8.51364645554498,9.77247929573059
8.773184256087713,8.51364645554498,9.77247929573059
8.773184256087713,8.51364645554498,9.77247929573059
8.773184256087713,8.51364645554498,9.77247929573059
8.690650731246366,8.507845842423572,9.77247929573059
8.690650731246366,8.507845842423572,9.77247929573059
8.690650731246366,8.507845842423572,9.77247929573059
8.690650731246366,8.507845842423572,9.77247929573059
8.690650731246366,8.507845842423572,9.77247929573059
8.584411533044966,8.472790776772152,9.77247929573059
8.584411533044966,8.472790776772152,9.77247929573059
8.584411533044966,8.472790776772152,9.77247929573059
8.584411533044966,8.472790776772152,9.77247929573059
8.584411533044966,8.472790776772152,9.77247929573059
8.519574785392908,8.465883436167518,9.77247929573059
8.519574785392908,8.465883436167518,9.77247929573059
8.519574785392908,8.465883436167518,9.77247929573059
8.519574785392908,8.465883436167518,9.77247929573059
8.519574785392908,8.465883436167518,9.77247929573059
8.414046151577097,8.449066698215807,9.77247929573059
8.414046151577097,8.449066698215807,9.77247929573059
8.414046151577097,8.449066698215807,9.77247929573059
8.327463477471726,8.424383836729046,9.77247929573059
8.327463477471726,8.424383836729046,9.77247929573059
8.327463477471726,8.424383836729046,9.77247929573059
8.327463477471726,8.424383836729046,9.77247929573059
8.327463477471726,8.424383836729046,9.77247929573059
8.268777332084705,8.400511967255738,9.77247929573059
8.268777332084705,8.400511967255738,9.77247929573059
8.268777332084705,8.400511967255738,9.77247929573059
8.268777332084705,8.400511967255738,9.77247929573059
8.231341260255146,8.38637322628883,9.77247929573059
8.231341260255146,8.38637322628883,9.77247929573059
8.231341260255146,8.38637322628883,9.77247929573059
8.231341260255146,8.38637322628883,9.77247929573059
8.231341260255146,8.38637322628883,9.77247929573059
8.195664957116024,8.354591962550133,9.77247929573059
8.195664957116024,8.354591962550133,9.77247929573059
8.195664957116024,8.354591962550133,9.77247929573059
8.195664957116024,8.354591962550133,9.77247929573059
8.195664957116024,8.354591962550133,9.77247929573059
8.195664957116024,8.354591962550133,9.77247929573059
8.195664957116024,8.354591962550133,9.77247929573059
8.195664957116024,8.354591962550133,9.77247929573059
8.130756019675804,8.331829911697474,9.77247929573059
8.130756019675804,8.331829911697474,9.77247929573059
8.130756019675804,8.331829911697474,9.77247929573059
8.130756019675804,8.331829911697474,9.77247929573059
8.041964283937817,8.293778068017465,9.77247929573059
8.041964283937817,8.293778068017465,9.77247929573059
8.041964283937817,8.293778068017465,9.77247929573059
8.041964283937817,8.293778068017465,9.77247929573059
8.041964283937817,8.293778068017465,9.77247929573059
7.9700083718580705,8.283501704791224,9.77247929573059
7.9700083718580705,8.283501704791224,9.77247929573059
7.9700083718580705,8.283501704791224,9.77247929573059
7.9700083718580705,8.283501704791224,9.77247929573059
7.9700083718580705,8.283501704791224,9.77247929573059
7.9700083718580705,8.283501704791224,9.77247929573059
7.915396307426634,8.276707365775433,9.77247929573059
7.915396307426634,8.276707365775433,9.77247929573059
7.915396307426634,8.276707365775433,9.77247929573059
7.915396307426634,8.276707365775433,9.77247929573059
7.915396307426634,8.276707365775433,9.77247929573059
7.850312759712794,8.271544175380873,9.77247929573059
7.850312759712794,8.271544175380873,9.77247929573059
7.850312759712794,8.271544175380873,9.77247929573059
7.779911880824985,8.2935087384653,9.77247929573059
7.779911880824985,8.2935087384653,9.77247929573059
7.779911880824985,8.2935087384653,9.77247929573059
7.779911880824985,8.2935087384653,9.77247929573059
7.7008013863445,8.287739451553485,9.77247929573059
7.7008013863445,8.287739451553485,9.77247929573059
7.7008013863445,8.287739451553485,9.77247929573059
7.7008013863445,8.287739451553485,9.77247929573059
7.7008013863445,8.287739451553485,9.77247929573059
7.663131400989014,8.299943967887,9.77247929573059
7.663131400989014,8.299943967887,9.77247929573059
7.663131400989014,8.299943967887,9.77247929573059
7.663131400989014,8.299943967887,9.77247929573059
7.581692539570733,8.316158857417859,9.77247929573059
7.581692539570733,8.316158857417859,9.77247929573059
7.581692539570733,8.316158857417859,9.77247929573059
7.581692539570733,8.316158857417859,9.77247929573059
7.581692539570733,8.316158857417859,9.77247929573059
7.50070032955008,8.339396744888024,9.77247929573059
7.50070032955008,8.339396744888024,9.77247929573059
7.50070032955008,8.339396744888024,9.77247929573059
7.50070032955008,8.339396744888024,9.77247929573059
7.458049212966437,8.361151172699424,9.77247929573059
7.458049212966437,8.361151172699424,9.77247929573059
7.458049212966437,8.361151172699424,9.77247929573059
7.458049212966437,8.361151172699424,9.77247929573059
7.458049212966437,8.361151172699424,9.77247929573059
7.458049212966437,8.361151172699424,9.77247929573059
7.378696239236839,8.361205816348406,9.77247929573059
7.378696239236839,8.361205816348406,9.77247929573059
7.378696239236839,8.361205816348406,9.77247929573059
7.378696239236839,8.361205816348406,9.77247929573059
7.378696239236839,8.361205816348406,9.77247929573059
7.275153002353229,8.360054915103003,9.77247929573059
7.275153002353229,8.360054915103003,9.77247929573059
7.275153002353229,8.360054915103003,9.77247929573059
7.275153002353229,8.360054915103003,9.77247929573059
7.1908816147784655,8.359499201500869,9.77247929573059
7.1908816147784655,8.359499201500869,9.77247929573059
7.1908816147784655,8.359499201500869,9.77247929573059
7.1908816147784655,8.359499201500869,9.77247929573059
7.1908816147784655,8.359499201500869,9.77247929573059
7.105151489147634,8.363512678590178,9.77247929573059
7.105151489147634,8.363512678590178,9.77247929573059
7.105151489147634,8.363512678590178,9.77247929573059
7.105151489147634,8.363512678590178,9.77247929573059
6.998328222359428,8.365588084653623,9.77247929573059
6.998328222359428,8.365588084653623,9.77247929573059
6.998328222359428,8.365588084653623,9.77247929573059
6.998328222359428,8.365588084653623,9.77247929573059
6.998328222359428,8.365588084653623,9.77247929573059
6.883604174857272,8.375795467317092,9.77247929573059
6.883604174857272,8.375795467317092,9.77247929573059
6.883604174857272,8.375795467317092,9.77247929573059
6.883604174857272,8.375795467317092,9.77247929573059
6.7880829025746685,8.386221948307877,9.77247929573059
6.7880829025746685,8.386221948307877,9.77247929573059
6.7880829025746685,8.386221948307877,9.77247929573059
6.7880829025746685,8.386221948307877,9.77247929573059
6.7880829025746685,8.386221948307877,9.77247929573059
6.7265702664945515,8.388601669111852,9.77247929573059
6.7265702664945515,8.388601669111852,9.77247929573059
6.7265702664945515,8.388601669111852,9.77247929573059
6.7265702664945515,8.388601669111852,9.77247929573059
6.621121297257474,8.396767949204065,9.77247929573059
6.621121297257474,8.396767949204065,9.77247929573059
6.621121297257474,8.396767949204065,9.77247929573059
6.621121297257474,8.396767949204065,9.77247929573059
6.487732538313145,8.407416083060937,9.77247929573059
6.487732538313145,8.407416083060937,9.77247929573059
6.487732538313145,8.407416083060937,9.77247929573059
6.487732538313145,8.407416083060937,9.77247929573059
6.487732538313145,8.407416083060937,9.77247929573059
6.3414748078092975,8.417213614199898,9.77247929573059
6.3414748078092975,8.417213614199898,9.77247929573059
6.3414748078092975,8.417213614199898,9.77247929573059
6.3414748078092975,8.417213614199898,9.77247929573059
6.3414748078092975,8.417213614199898,9.77247929573059
6.269126846541262,8.42421331890679,9.77247929573059
6.269126846541262,8.42421331890679,9.77247929573059
6.269126846541262,8.42421331890679,9.77247929573059
6.269126846541262,8.42421331890679,9.77247929573059
6.269126846541262,8.42421331890679,9.77247929573059
6.152042787987672,8.432498133547096,9.77247929573059
6.152042787987672,8.432498133547096,9.77247929573059
6.152042787987672,8.432498133547096,9.77247929573059
6.152042787987672,8.432498133547096,9.77247929573059
6.027735009538553,8.44604093909793,9.77247929573059
6.027735009538553,8.44604093909793,9.77247929573059
6.027735009538553,8.44604093909793,9.77247929573059
6.027735009538553,8.44604093909793,9.77247929573059
5.892332713579227,8.470973273013604,9.77247929573059
5.892332713579227,8.470973273013604,9.77247929573059
5.892332713579227,8.470973273013604,9.77247929573059
5.892332713579227,8.470973273013604,9.77247929573059
5.717466660824981,8.490643993086008,9.77247929573059
5.717466660824981,8.490643993086008,9.77247929573059
5.717466660824981,8.490643993086008,9.77247929573059
5.717466660824981,8.490643993086008,9.77247929573059
5.717466660824981,8.490643993086008,9.77247929573059
5.717466660824981,8.490643993086008,9.77247929573059
5.651452287580829,8.521761364016267,9.77247929573059
5.651452287580829,8.521761364016267,9.77247929573059
5.651452287580829,8.521761364016267,9.77247929573059
5.651452287580829,8.521761364016267,9.77247929573059
5.651452287580829,8.521761364016267,9.77247929573059
5.442839345217058,8.560472255517846,9.77247929573059
5.442839345217058,8.560472255517846,9.77247929573059
5.442839345217058,8.560472255517846,9.77247929573059
5.442839345217058,8.560472255517846,9.77247929573059
5.442839345217058,8.560472255517846,9.77247929573059
5.442839345217058,8.560472255517846,9.77247929573059
5.2831843862523735,8.58261196263343,9.77247929573059
5.2831843862523735,8.58261196263343,9.77247929573059
5.2831843862523735,8.58261196263343,9.77247929573059
5.2831843862523735,8.58261196263343,9.77247929573059
5.2831843862523735,8.58261196263343,9.77247929573059
5.155566874094991,8.593427676286666,9.77247929573059
5.155566874094991,8.593427676286666,9.77247929573059
5.155566874094991,8.593427676286666,9.77247929573059
5.155566874094991,8.593427676286666,9.77247929573059
5.155566874094991,8.593427676286666,9.77247929573059
5.013748148962427,8.596323703874265,9.77247929573059
5.013748148962427,8.596323703874265,9.77247929573059
5.013748148962427,8.596323703874265,9.77247929573059
5.013748148962427,8.596323703874265,9.77247929573059
5.013748148962427,8.596323703874265,9.77247929573059
4.853091301840715,8.599397153897439,9.77247929573059
4.853091301840715,8.599397153897439,9.77247929573059
4.853091301840715,8.599397153897439,9.77247929573059
4.853091301840715,8.599397153897439,9.77247929573059
4.853091301840715,8.599397153897439,9.77247929573059
4.706816744438671,8.602499527053803,9.77247929573059
4.706816744438671,8.602499527053803,9.77247929573059
4.706816744438671,8.602499527053803,9.77247929573059
4.706816744438671,8.602499527053803,9.77247929573059
4.553652084238207,8.602771882499955,9.77247929573059
4.553652084238207,8.602771882499955,9.77247929573059
4.553652084238207,8.602771882499955,9.77247929573059
4.553652084238207,8.602771882499955,9.77247929573059
4.37157178131447,8.596562393312368,9.77247929573059
4.37157178131447,8.596562393312368,9.77247929573059
4.37157178131447,8.596562393312368,9.77247929573059
4.37157178131447,8.596562393312368,9.77247929573059
4.273673315821548,8.593562496953501,9.77247929573059
4.273673315821548,8.593562496953501,9.77247929573059
4.273673315821548,8.593562496953501,9.77247929573059
4.273673315821548,8.593562496953501,9.77247929573059
4.273673315821548,8.593562496953501,9.77247929573059
4.1336226533428295,8.58758939189021,9.77247929573059
4.1336226533428295,8.58758939189021,9.77247929573059
4.1336226533428295,8.58758939189021,9.77247929573059
4.1336226533428295,8.58758939189021,9.77247929573059
4.1336226533428295,8.58758939189021,9.77247929573059
3.9556528817193426,8.579028970517566,9.77247929573059
3.9556528817193426,8.579028970517566,9.77247929573059
3.9556528817193426,8.579028970517566,9.77247929573059
3.9556528817193426,8.579028970517566,9.77247929573059
3.9556528817193426,8.579028970517566,9.77247929573059
3.7845923118952047,8.572658295053095,9.77247929573059
3.7845923118952047,8.572658295053095,9.77247929573059
3.7845923118952047,8.572658295053095,9.77247929573059
3.7845923118952047,8.572658295053095,9.77247929573059
3.6228202730471453,8.561428801343634,9.77247929573059
3.6228202730471453,8.561428801343634,9.77247929573059
3.6228202730471453,8.561428801343634,9.77247929573059
3.6228202730471453,8.561428801343634,9.77247929573059
3.5173744427607163,8.553705833072904,9.77247929573059
3.5173744427607163,8.553705833072904,9.77247929573059
3.5173744427607163,8.553705833072904,9.77247929573059
3.5173744427607163,8.553705833072904,9.77247929573059
3.5173744427607163,8.553705833072904,9.77247929573059
3.3524599856419046,8.553324485420914,9.77247929573059
3.3524599856419046,8.553324485420914,9.77247929573059
3.3524599856419046,8.553324485420914,9.77247929573059
3.3524599856419046,8.553324485420914,9.77247929573059
3.3524599856419046,8.553324485420914,9.77247929573059
3.3524599856419046,8.553324485420914,9.77247929573059
3.197134435308234,8.56952914254739,9.77247929573059
3.197134435308234,8.56952914254739,9.77247929573059
3.197134435308234,8.56952914254739,9.77247929573059
3.197134435308234,8.56952914254739,9.77247929573059
3.197134435308234,8.56952914254739,9.77247929573059
3.031823793568287,8.607058436329996,9.77247929573059
3.031823793568287,8.607058436329996,9.77247929573059
3.031823793568287,8.607058436329996,9.77247929573059
3.031823793568287,8.607058436329996,9.77247929573059
3.031823793568287,8.607058436329996,9.77247929573059
2.815760735789278,8.636660428468995,9.77247929573059
2.815760735789278,8.636660428468995,9.77247929573059
2.815760735789278,8.636660428468995,9.77247929573059
2.815760735789278,8.636660428468995,9.77247929573059
2.6418092985513746,8.635254157241501,9.77247929573059
2.6418092985513746,8.635254157241501,9.77247929573059
2.6418092985513746,8.635254157241501,9.77247929573059
2.6418092985513746,8.635254157241501,9.77247929573059
2.6418092985513746,8.635254157241501,9.77247929573059
2.4819476252529564,8.634629834687834,9.77247929573059
2.4819476252529564,8.634629834687834,9.77247929573059
2.4819476252529564,8.634629834687834,9.77247929573059
2.4819476252529564,8.634629834687834,9.77247929573059
2.4819476252529564,8.634629834687834,9.77247929573059
2.3153522547981145,8.625513603480773,9.77247929573059
2.3153522547981145,8.625513603480773,9.77247929573059
2.3153522547981145,8.625513603480773,9.77247929573059
2.3153522547981145,8.625513603480773,9.77247929573059
2.098192442144838,8.618668626313168,9.77247929573059
2.098192442144838,8.618668626313168,9.77247929573059
2.098192442144838,8.618668626313168,9.77247929573059
2.098192442144838,8.618668626313168,9.77247929573059
2.098192442144838,8.618668626313168,9.77247929573059
1.9115000928383605,8.617292662882763,9.77247929573059
1.9115000928383605,8.617292662882763,9.77247929573059
1.9115000928383605,8.617292662882763,9.77247929573059
1.9115000928383605,8.617292662882763,9.77247929573059
1.9115000928383605,8.617292662882763,9.77247929573059
1.7457047229175966,8.616317671829632,9.77247929573059
1.7457047229175966,8.616317671829632,9.77247929573059
1.7457047229175966,8.616317671829632,9.77247929573059
1.7457047229175966,8.616317671829632,9.77247929573059
1.7457047229175966,8.616317671829632,9.77247929573059
1.7457047229175966,8.616317671829632,9.77247929573059
1.571190343064783,8.625611629710866,9.77247929573059
1.571190343064783,8.625611629710866,9.77247929573059
1.571190343064783,8.625611629710866,9.77247929573059
1.571190343064783,8.625611629710866,9.77247929573059
1.571190343064783,8.625611629710866,9.77247929573059
1.571190343064783,8.625611629710866,9.77247929573059
1.4091008767671733,8.636539570286473,9.77247929573059
1.4091008767671733,8.636539570286473,9.77247929573059
1.4091008767671733,8.636539570286473,9.77247929573059
1.4091008767671733,8.636539570286473,9.77247929573059
1.4091008767671733,8.636539570286473,9.77247929573059
1.4091008767671733,8.636539570286473,9.77247929573059
1.4091008767671733,8.636539570286473,9.77247929573059
1.2415447964154185,8.657077088275953,9.77247929573059
1.2415447964154185,8.657077088275953,9.77247929573059
1.2415447964154185,8.657077088275953,9.77247929573059
1.2415447964154185,8.657077088275953,9.77247929573059
1.2415447964154185,8.657077088275953,9.77247929573059
1.0282098299914082,8.68874029146902,9.77247929573059
1.0282098299914082,8.68874029146902,9.77247929573059
1.0282098299914082,8.68874029146902,9.77247929573059
1.0282098299914082,8.68874029146902,9.77247929573059
1.0282098299914082,8.68874029146902,9.77247929573059
1.0282098299914082,8.68874029146902,9.77247929573059
0.8388218026941981,8.68671290681305,9.77247929573059
0.8388218026941981,8.68671290681305,9.77247929573059
0.8388218026941981,8.68671290681305,9.77247929573059
0.8388218026941981,8.68671290681305,9.77247929573059
0.8388218026941981,8.68671290681305,9.77247929573059
0.8388218026941981,8.68671290681305,9.77247929573059
0.676310347071586,8.678646475528945,9.77247929573059
0.676310347071586,8.678646475528945,9.77247929573059
0.676310347071586,8.678646475528945,9.77247929573059
0.676310347071586,8.678646475528945,9.77247929573059
0.676310347071586,8.678646475528945,9.77247929573059
0.36892495603058556,8.6536711073651,9.77247929573059
0.36892495603058556,8.6536711073651,9.77247929573059
0.36892495603058556,8.6536711073651,9.77247929573059
0.36892495603058556,8.6536711073651,9.77247929573059
0.36892495603058556,8.6536711073651,9.77247929573059
0.17682070794505336,8.631817068751838,9.77247929573059
0.17682070794505336,8.631817068751838,9.77247929573059
0.17682070794505336,8.631817068751838,9.77247929573059
0.17682070794505336,8.631817068751838,9.77247929573059
0.020969187424313813,8.603877864573006,9.77247929573059
0.020969187424313813,8.603877864573006,9.77247929573059
0.020969187424313813,8.603877864573006,9.77247929573059
0.020969187424313813,8.603877864573006,9.77247929573059
0.020969187424313813,8.603877864573006,9.77247929573059
-0.17097184120342673,8.582450125188515,9.77247929573059
-0.17097184120342673,8.582450125188515,9.77247929573059
-0.17097184120342673,8.582450125188515,9.77247929573059
-0.17097184120342673,8.582450125188515,9.77247929573059
-0.31642161414113,8.577251245470237,9.77247929573059
-0.31642161414113,8.577251245470237,9.77247929573059
-0.31642161414113,8.577251245470237,9.77247929573059
-0.31642161414113,8.577251245470237,9.77247929573059
-0.31642161414113,8.577251245470237,9.77247929573059
-0.5002583759835034,8.579592494295708,9.77247929573059
-0.5002583759835034,8.579592494295708,9.77247929573059
-0.5002583759835034,8.579592494295708,9.77247929573059
-0.5002583759835034,8.579592494295708,9.77247929573059
-0.5002583759835034,8.579592494295708,9.77247929573059
-0.6011872917728489,8.587149714397697,9.77247929573059
-0.6011872917728489,8.587149714397697,9.77247929573059
-0.6011872917728489,8.587149714397697,9.77247929573059
-0.6011872917728489,8.587149714397697,9.77247929573059
-0.6011872917728489,8.587149714397697,9.77247929573059
-0.7673487078744253,8.592249183249237,9.77247929573059
-0.7673487078744253,8.592249183249237,9.77247929573059
-0.7673487078744253,8.592249183249237,9.77247929573059
-0.7673487078744253,8.592249183249237,9.77247929573059
-0.9434586372582192,8.60096134679444,9.77247929573059
-0.9434586372582192,8.60096134679444,9.77247929573059
-0.9434586372582192,8.60096134679444,9.77247929573059
-0.9434586372582192,8.60096134679444,9.77247929573059
-0.9434586372582192,8.60096134679444,9.77247929573059
-0.9434586372582192,8.60096134679444,9.77247929573059
-1.1134156854544144,8.609033046790456,9.77247929573059
-1.1134156854544144,8.609033046790456,9.77247929573059
-1.1134156854544144,8.609033046790456,9.77247929573059
-1.1134156854544144,8.609033046790456,9.77247929573059
-1.2683774694487553,8.610686005957318,9.77247929573059
-1.2683774694487553,8.610686005957318,9.77247929573059
-1.2683774694487553,8.610686005957318,9.77247929573059
-1.2683774694487553,8.610686005957318,9.77247929573059
-1.4431648103900945,8.611104786382858,9.77247929573059
-1.4431648103900945,8.611104786382858,9.77247929573059
-1.4431648103900945,8.611104786382858,9.77247929573059
-1.4431648103900945,8.611104786382858,9.77247929573059
-1.4431648103900945,8.611104786382858,9.77247929573059
-1.5535344000711633,8.614324586073272,9.77247929573059
-1.5535344000711633,8.614324586073272,9.77247929573059
-1.5535344000711633,8.614324586073272,9.77247929573059
-1.5535344000711633,8.614324586073272,9.77247929573059
-1.733287444698536,8.609720242968292,9.77247929573059
-1.733287444698536,8.609720242968292,9.77247929573059
-1.733287444698536,8.609720242968292,9.77247929573059
-1.733287444698536,8.609720242968292,9.77247929573059
-1.733287444698536,8.609720242968292,9.77247929573059
-1.9072315057998896,8.60895669442121,9.77247929573059
-1.9072315057998896,8.60895669442121,9.77247929573059
-1.9072315057998896,8.60895669442121,9.77247929573059
-1.9072315057998896,8.60895669442121,9.77247929573059
-1.9072315057998896,8.60895669442121,9.77247929573059
-2.0512782519482906,8.604724237672281,9.77247929573059
-2.0512782519482906,8.604724237672281,9.77247929573059
-2.0512782519482906,8.604724237672281,9.77247929573059
-2.0512782519482906,8.604724237672281,9.77247929573059
-2.1840153705381855,8.60412233327165,9.77247929573059
-2.1840153705381855,8.60412233327165,9.77247929573059
-2.1840153705381855,8.60412233327165,9.77247929573059
-2.1840153705381855,8.60412233327165,9.77247929573059
-2.1840153705381855,8.60412233327165,9.77247929573059
-2.3923028396130923,8.606674697794473,9.77247929573059
-2.3923028396130923,8.606674697794473,9.77247929573059
-2.3923028396130923,8.606674697794473,9.77247929573059
-2.3923028396130923,8.606674697794473,9.77247929573059
-2.551154796721489,8.61129292332474,9.77247929573059
-2.551154796721489,8.61129292332474,9.77247929573059
-2.551154796721489,8.61129292332474,9.77247929573059
-2.551154796721489,8.61129292332474,9.77247929573059
-2.551154796721489,8.61129292332474,9.77247929573059
-2.60344348564563,8.608939763402262,9.77247929573059
-2.60344348564563,8.608939763402262,9.77247929573059
-2.60344348564563,8.608939763402262,9.77247929573059
-2.60344348564563,8.608939763402262,9.77247929573059
-2.774923710129927,8.599984948182268,9.77247929573059
-2.774923710129927,8.599984948182268,9.77247929573059
-2.774923710129927,8.599984948182268,9.77247929573059
-2.774923710129927,8.599984948182268,9.77247929573059
-2.774923710129927,8.599984948182268,9.77247929573059
-2.9463983929566693,8.593584728141478,9.77247929573059
-2.9463983929566693,8.593584728141478,9.77247929573059
-2.9463983929566693,8.593584728141478,9.77247929573059
-2.9463983929566693,8.593584728141478,9.77247929573059
-3.083271403546191,8.580618637511261,9.77247929573059
-3.083271403546191,8.580618637511261,9.77247929573059
-3.083271403546191,8.580618637511261,9.77247929573059
-3.083271403546191,8.580618637511261,9.77247929573059
-3.083271403546191,8.580618637511261,9.77247929573059
-3.2430113085101513,8.56701766285845,9.77247929573059
-3.2430113085101513,8.56701766285845,9.77247929573059
-3.2430113085101513,8.56701766285845,9.77247929573059
-3.2430113085101513,8.56701766285845,9.77247929573059
-3.3420974393849154,8.560269832691937,9.77247929573059
-3.3420974393849154,8.560269832691937,9.77247929573059
-3.3420974393849154,8.560269832691937,9.77247929573059
-3.3420974393849154,8.560269832691937,9.77247929573059
-3.3420974393849154,8.560269832691937,9.77247929573059
-3.3420974393849154,8.560269832691937,9.77247929573059
-3.5079801720965467,8.549157485331204,9.77247929573059
-3.5079801720965467,8.549157485331204,9.77247929573059
-3.5079801720965467,8.549157485331204,9.77247929573059
-3.5079801720965467,8.549157485331204,9.77247929573059
-3.5079801720965467,8.549157485331204,9.77247929573059
-3.6888508519800918,8.542328025158554,9.77247929573059
-3.6888508519800918,8.542328025158554,9.77247929573059
-3.6888508519800918,8.542328025158554,9.77247929573059
-3.6888508519800918,8.542328025158554,9.77247929573059
-3.6888508519800918,8.542328025158554,9.77247929573059
-3.6888508519800918,8.542328025158554,9.77247929573059
-3.8583507760105373,8.537271646122969,9.77247929573059
-3.8583507760105373,8.537271646122969,9.77247929573059
-3.8583507760105373,8.537271646122969,9.77247929573059
-3.8583507760105373,8.537271646122969,9.77247929573059
-3.8583507760105373,8.537271646122969,9.77247929573059
-3.8583507760105373,8.537271646122969,9.77247929573059
-4.130732744710842,8.534263282948913,9.77247929573059
-4.130732744710842,8.534263282948913,9.77247929573059
-4.130732744710842,8.534263282948913,9.77247929573059
-4.130732744710842,8.534263282948913,9.77247929573059
-4.130732744710842,8.534263282948913,9.77247929573059
-4.130732744710842,8.534263282948913,9.77247929573059
-4.130732744710842,8.534263282948913,9.77247929573059
-4.296862779472596,8.538320866194317,9.77247929573059
-4.296862779472596,8.538320866194317,9.77247929573059
-4.296862779472596,8.538320866194317,9.77247929573059
-4.296862779472596,8.538320866194317,9.77247929573059
-4.296862779472596,8.538320866194317,9.77247929573059
-4.5851625624448955,8.539803420350733,9.77247929573059
-4.5851625624448955,8.539803420350733,9.77247929573059
-4.5851625624448955,8.539803420350733,9.77247929573059
-4.5851625624448955,8.539803420350733,9.77247929573059
-4.5851625624448955,8.539803420350733,9.77247929573059
-4.81019201001215,8.537299220830365,9.77247929573059
-4.81019201001215,8.537299220830365,9.77247929573059
-4.81019201001215,8.537299220830365,9.77247929573059
-4.81019201001215,8.537299220830365,9.77247929573059
-4.81019201001215,8.537299220830365,9.77247929573059
-5.062276341006439,8.509402175503887,9.77247929573059
-5.062276341006439,8.509402175503887,9.77247929573059
-5.062276341006439,8.509402175503887,9.77247929573059
-5.062276341006439,8.509402175503887,9.77247929573059
-5.062276341006439,8.509402175503887,9.77247929573059
-5.2826785146180075,8.481882175166556,9.77247929573059
-5.2826785146180075,8.481882175166556,9.77247929573059
-5.2826785146180075,8.481882175166556,9.77247929573059
-5.2826785146180075,8.481882175166556,9.77247929573059
-5.498393137298685,8.473713665430763,9.77247929573059
-5.498393137298685,8.473713665430763,9.77247929573059
-5.498393137298685,8.473713665430763,9.77247929573059
-5.498393137298685,8.473713665430763,9.77247929573059
-5.498393137298685,8.473713665430763,9.77247929573059
-5.681035707260939,8.473928420648427,9.77247929573059
-5.681035707260939,8.473928420648427,9.77247929573059
-5.681035707260939,8.473928420648427,9.77247929573059
-5.681035707260939,8.473928420648427,9.77247929573059
-5.867698486350703,8.475629572680091,9.77247929573059
-5.867698486350703,8.475629572680091,9.77247929573059
-5.867698486350703,8.475629572680091,9.77247929573059
-5.867698486350703,8.475629572680091,9.77247929573059
-5.867698486350703,8.475629572680091,9.77247929573059
-5.968931640779526,8.474198593994,9.77247929573059
-5.968931640779526,8.474198593994,9.77247929573059
-5.968931640779526,8.474198593994,9.77247929573059
-5.968931640779526,8.474198593994,9.77247929573059
-5.968931640779526,8.474198593994,9.77247929573059
-6.1581831971697625,8.491087228221954,9.77247929573059
-6.1581831971697625,8.491087228221954,9.77247929573059
-6.1581831971697625,8.491087228221954,9.77247929573059
-6.1581831971697625,8.491087228221954,9.77247929573059
-6.3371333503356375,8.481995771187183,9.77247929573059
-6.3371333503356375,8.481995771187183,9.77247929573059
-6.3371333503356375,8.481995771187183,9.77247929573059
-6.3371333503356375,8.481995771187183,9.77247929573059
-6.3371333503356375,8.481995771187183,9.77247929573059
-6.520896041377662,8.486305907477904,9.77247929573059
-6.520896041377662,8.486305907477904,9.77247929573059
-6.520896041377662,8.486305907477904,9.77247929573059
-6.520896041377662,8.486305907477904,9.77247929573059
-6.520896041377662,8.486305907477904,9.77247929573059
-6.714331965042994,8.50027796482286,9.77247929573059
-6.714331965042994,8.50027796482286,9.77247929573059
-6.714331965042994,8.50027796482286,9.77247929573059
-6.714331965042994,8.50027796482286,9.77247929573059
-6.714331965042994,8.50027796482286,9.77247929573059
-6.885109287539168,8.502940875276272,9.77247929573059
-6.885109287539168,8.502940875276272,9.77247929573059
-6.885109287539168,8.502940875276272,9.77247929573059
-6.885109287539168,8.502940875276272,9.77247929573059
-7.097902209030465,8.535092511422205,9.77247929573059
-7.097902209030465,8.535092511422205,9.77247929573059
-7.097902209030465,8.535092511422205,9.77247929573059
-7.097902209030465,8.535092511422205,9.77247929573059
-7.097902209030465,8.535092511422205,9.77247929573059
-7.191976896054003,8.55128642103379,9.77247929573059
-7.191976896054003,8.55128642103379,9.77247929573059
-7.191976896054003,8.55128642103379,9.77247929573059
-7.191976896054003,8.55128642103379,9.77247929573059
-7.372086590938108,8.561828890801557,9.77247929573059
-7.372086590938108,8.561828890801557,9.77247929573059
-7.372086590938108,8.561828890801557,9.77247929573059
-7.372086590938108,8.561828890801557,9.77247929573059
-7.372086590938108,8.561828890801557,9.77247929573059
-7.5609798251845275,8.566791988572911,9.77247929573059
-7.5609798251845275,8.566791988572911,9.77247929573059
-7.5609798251845275,8.566791988572911,9.77247929573059
-7.5609798251845275,8.566791988572911,9.77247929573059
-7.744774444176842,8.571811244779786,9.77247929573059
-7.744774444176842,8.571811244779786,9.77247929573059
-7.744774444176842,8.571811244779786,9.77247929573059
-7.744774444176842,8.571811244779786,9.77247929573059
-7.939748432644191,8.578906841350342,9.77247929573059
-7.939748432644191,8.578906841350342,9.77247929573059
-7.939748432644191,8.578906841350342,9.77247929573059
-7.939748432644191,8.578906841350342,9.77247929573059
-7.939748432644191,8.578906841350342,9.77247929573059
-8.031768786264543,8.582065027387365,9.77247929573059
-8.031768786264543,8.582065027387365,9.77247929573059
-8.031768786264543,8.582065027387365,9.77247929573059
-8.031768786264543,8.582065027387365,9.77247929573059
-8.213031990167224,8.589365940110497,9.77247929573059
-8.213031990167224,8.589365940110497,9.77247929573059
-8.213031990167224,8.589365940110497,9.77247929573059
-8.213031990167224,8.589365940110497,9.77247929573059
-8.369434644077636,8.602052861019125,9.77247929573059
-8.369434644077636,8.602052861019125,9.77247929573059
-8.369434644077636,8.602052861019125,9.77247929573059
-8.369434644077636,8.602052861019125,9.77247929573059
-8.369434644077636,8.602052861019125,9.77247929573059
-8.441352011543865,8.604569804679167,9.77247929573059
-8.441352011543865,8.604569804679167,9.77247929573059
-8.441352011543865,8.604569804679167,9.77247929573059
-8.441352011543865,8.604569804679167,9.77247929573059
-8.600702705639604,8.62520269115258,9.77247929573059
-8.600702705639604,8.62520269115258,9.77247929573059
-8.600702705639604,8.62520269115258,9.77247929573059
-8.600702705639604,8.62520269115258,9.77247929573059
-8.600702705639604,8.62520269115258,9.77247929573059
-8.772987526751614,8.630064909575891,9.77247929573059
-8.772987526751614,8.630064909575891,9.77247929573059
-8.772987526751614,8.630064909575891,9.77247929573059
-8.772987526751614,8.630064909575891,9.77247929573059
-8.954729315684332,8.656112190269056,9.77247929573059
-8.954729315684332,8.656112190269056,9.77247929573059
-8.954729315684332,8.656112190269056,9.77247929573059
-8.954729315684332,8.656112190269056,9.77247929573059
-9.15215420653704,8.688884087215984,9.77247929573059
-9.15215420653704,8.688884087215984,9.77247929573059
-9.15215420653704,8.688884087215984,9.77247929573059
-9.15215420653704,8.688884087215984,9.77247929573059
-9.15215420653704,8.688884087215984,9.77247929573059
-9.258634268126166,8.705481356343652,9.77247929573059
-9.258634268126166,8.705481356343652,9.77247929573059
-9.258634268126166,8.705481356343652,9.77247929573059
-9.258634268126166,8.705481356343652,9.77247929573059
-9.258634268126166,8.705481356343652,9.77247929573059
-9.415321458308687,8.717380513576645,9.77247929573059
-9.415321458308687,8.717380513576645,9.77247929573059
-9.415321458308687,8.717380513576645,9.77247929573059
-9.415321458308687,8.717380513576645,9.77247929573059
-9.58010128855845,8.720991185792098,9.77247929573059
-9.58010128855845,8.720991185792098,9.77247929573059
-9.58010128855845,8.720991185792098,9.77247929573059
-9.58010128855845,8.720991185792098,9.77247929573059
-9.771546422482224,8.732896575853015,9.77247929573059
-9.771546422482224,8.732896575853015,9.77247929573059
-9.771546422482224,8.732896575853015,9.77247929573059
-9.771546422482224,8.732896575853015,9.77247929573059
-9.771546422482224,8.732896575853015,9.77247929573059
-9.865404508999605,8.736290114854748,9.77247929573059
-9.865404508999605,8.736290114854748,9.77247929573059
-9.865404508999605,8.736290114854748,9.77247929573059
-9.865404508999605,8.736290114854748,9.77247929573059
-10.026313051423482,8.740032017134116,9.77247929573059
-10.026313051423482,8.740032017134116,9.77247929573059
-10.026313051423482,8.740032017134116,9.77247929573059
-10.026313051423482,8.740032017134116,9.77247929573059
-10.026313051423482,8.740032017134116,9.77247929573059
-10.177742954186336,8.74540212512717,9.77247929573059
-10.177742954186336,8.74540212512717,9.77247929573059
-10.177742954186336,8.74540212512717,9.77247929573059
-10.177742954186336,8.74540212512717,9.77247929573059
-10.342481363086426,8.753437458391414,9.77247929573059
-10.342481363086426,8.753437458391414,9.77247929573059
-10.342481363086426,8.753437458391414,9.77247929573059
-10.342481363086426,8.753437458391414,9.77247929573059
-10.342481363086426,8.753437458391414,9.77247929573059
-10.481319307858822,8.759276807630926,9.77247929573059
-10.481319307858822,8.759276807630926,9.77247929573059
-10.481319307858822,8.759276807630926,9.77247929573059
-10.481319307858822,8.759276807630926,9.77247929573059
-10.481319307858822,8.759276807630926,9.77247929573059
-10.651292258537449,8.764366681766601,9.77247929573059
-10.651292258537449,8.764366681766601,9.77247929573059
-10.651292258537449,8.764366681766601,9.77247929573059
-10.651292258537449,8.764366681766601,9.77247929573059
-10.802135268378446,8.768696097474946,9.77247929573059
-10.802135268378446,8.768696097474946,9.77247929573059
-10.802135268378446,8.768696097474946,9.77247929573059
-10.802135268378446,8.768696097474946,9.77247929573059
-10.802135268378446,8.768696097474946,9.77247929573059
-10.871265047758051,8.76948946834667,9.77247929573059
-10.871265047758051,8.76948946834667,9.77247929573059
-10.871265047758051,8.76948946834667,9.77247929573059
-10.871265047758051,8.76948946834667,9.77247929573059
-11.024765551910011,8.768844743825609,9.77247929573059
-11.024765551910011,8.768844743825609,9.77247929573059
-11.024765551910011,8.768844743825609,9.77247929573059
-11.024765551910011,8.768844743825609,9.77247929573059
-11.024765551910011,8.768844743825609,9.77247929573059
-11.1785743647966,8.76023488395005,9.77247929573059
-11.1785743647966,8.76023488395005,9.77247929573059
-11.1785743647966,8.76023488395005,9.77247929573059
-11.1785743647966,8.76023488395005,9.77247929573059
-11.343080082349257,8.758464432751298,9.77247929573059
-11.343080082349257,8.758464432751298,9.77247929573059
-11.343080082349257,8.758464432751298,9.77247929573059
-11.343080082349257,8.758464432751298,9.77247929573059
-11.343080082349257,8.758464432751298,9.77247929573059
-11.49262837900228,8.754977522518237,9.77247929573059
-11.49262837900228,8.754977522518237,9.77247929573059
-11.49262837900228,8.754977522518237,9.77247929573059
-11.49262837900228,8.754977522518237,9.77247929573059
-11.49262837900228,8.754977522518237,9.77247929573059
-11.572235357889296,8.744784820326966,9.77247929573059
-11.572235357889296,8.744784820326966,9.77247929573059
-11.572235357889296,8.744784820326966,9.77247929573059
-11.572235357889296,8.744784820326966,9.77247929573059
-11.572235357889296,8.744784820326966,9.77247929573059
-11.717968296530913,8.736976455176558,9.77247929573059
-11.717968296530913,8.736976455176558,9.77247929573059
-11.717968296530913,8.736976455176558,9.77247929573059
-11.717968296530913,8.736976455176558,9.77247929573059
-11.717968296530913,8.736976455176558,9.77247929573059
-11.922979744111156,8.719321487284711,9.77247929573059
-11.922979744111156,8.719321487284711,9.77247929573059
-11.922979744111156,8.719321487284711,9.77247929573059
-11.922979744111156,8.719321487284711,9.77247929573059
-11.922979744111156,8.719321487284711,9.77247929573059
-12.015347965268115,8.712450298841027,9.77247929573059
-12.015347965268115,8.712450298841027,9.77247929573059
-12.015347965268115,8.712450298841027,9.77247929573059
-12.015347965268115,8.712450298841027,9.77247929573059
-12.16279549924185,8.696759701916795,9.77247929573059
-12.16279549924185,8.696759701916795,9.77247929573059
-12.16279549924185,8.696759701916795,9.77247929573059
-12.16279549924185,8.696759701916795,9.77247929573059
-12.16279549924185,8.696759701916795,9.77247929573059
-12.314698851606021,8.67136187402448,9.77247929573059
-12.314698851606021,8.67136187402448,9.77247929573059
-12.314698851606021,8.67136187402448,9.77247929573059
-12.314698851606021,8.67136187402448,9.77247929573059
-12.314698851606021,8.67136187402448,9.77247929573059
-12.446275686335353,8.653728528750849,9.77247929573059
-12.446275686335353,8.653728528750849,9.77247929573059
-12.446275686335353,8.653728528750849,9.77247929573059
-12.446275686335353,8.653728528750849,9.77247929573059
-12.446275686335353,8.653728528750849,9.77247929573059
-12.571982404431944,8.630214157970581,9.77247929573059
-12.571982404431944,8.630214157970581,9.77247929573059
-12.571982404431944,8.630214157970581,9.77247929573059
-12.571982404431944,8.630214157970581,9.77247929573059
-12.571982404431944,8.630214157970581,9.77247929573059
-12.693294801413618,8.602312826231874,9.77247929573059
-12.693294801413618,8.602312826231874,9.77247929573059
-12.693294801413618,8.602312826231874,9.77247929573059
-12.693294801413618,8.602312826231874,9.77247929573059
-12.821532106122117,8.577249847173562,9.77247929573059
-12.821532106122117,8.577249847173562,9.77247929573059
-12.821532106122117,8.577249847173562,9.77247929573059
-12.821532106122117,8.577249847173562,9.77247929573059
-12.821532106122117,8.577249847173562,9.77247929573059
-12.908665793860134,8.560438846787044,9.77247929573059
-12.908665793860134,8.560438846787044,9.77247929573059
-12.908665793860134,8.560438846787044,9.77247929573059
-12.908665793860134,8.560438846787044,9.77247929573059
-13.016063034151834,8.51382485503283,9.77247929573059
-13.016063034151834,8.51382485503283,9.77247929573059
-13.016063034151834,8.51382485503283,9.77247929573059
-13.016063034151834,8.51382485503283,9.77247929573059
-13.016063034151834,8.51382485503283,9.77247929573059
-13.118767614581582,8.49833529462017,9.77247929573059
-13.118767614581582,8.49833529462017,9.77247929573059
-13.118767614581582,8.49833529462017,9.77247929573059
-13.118767614581582,8.49833529462017,9.77247929573059
-13.204548238359651,8.442027233334418,9.77247929573059
-13.204548238359651,8.442027233334418,9.77247929573059
-13.204548238359651,8.442027233334418,9.77247929573059
-13.204548238359651,8.442027233334418,9.77247929573059
-13.204548238359651,8.442027233334418,9.77247929573059
-13.262550917628666,8.388126419644031,9.77247929573059
-13.262550917628666,8.388126419644031,9.77247929573059
-13.262550917628666,8.388126419644031,9.77247929573059
-13.262550917628666,8.388126419644031,9.77247929573059
-13.30717392194095,8.328802318173436,9.77247929573059
-13.30717392194095,8.328802318173436,9.77247929573059
-13.30717392194095,8.328802318173436,9.77247929573059
-13.30717392194095,8.328802318173436,9.77247929573059
-13.30717392194095,8.328802318173436,9.77247929573059
-13.387124876066741,8.23836929218342,9.77247929573059
-13.387124876066741,8.23836929218342,9.77247929573059
-13.387124876066741,8.23836929218342,9.77247929573059
-13.387124876066741,8.23836929218342,9.77247929573059
-13.408193593016431,8.187362168050122,9.77247929573059
-13.408193593016431,8.187362168050122,9.77247929573059
-13.408193593016431,8.187362168050122,9.77247929573059
-13.408193593016431,8.187362168050122,9.77247929573059
-13.408193593016431,8.187362168050122,9.77247929573059
-13.43958826817192,8.085526537737085,9.77247929573059
-13.43958826817192,8.085526537737085,9.77247929573059
-13.43958826817192,8.085526537737085,9.77247929573059
-13.43958826817192,8.085526537737085,9.77247929573059
-13.434451433334068,7.9913049439704364,9.77247929573059
-13.434451433334068,7.9913049439704364,9.77247929573059
-13.434451433334068,7.9913049439704364,9.77247929573059
-13.434451433334068,7.9913049439704364,9.77247929573059
-13.462882651712228,7.888639872684583,9.77247929573059
-13.462882651712228,7.888639872684583,9.77247929573059
-13.462882651712228,7.888639872684583,9.77247929573059
-13.462882651712228,7.888639872684583,9.77247929573059
-13.462882651712228,7.888639872684583,9.77247929573059
-13.508750721358224,7.799938285278967,9.77247929573059
-13.508750721358224,7.799938285278967,9.77247929573059
-13.508750721358224,7.799938285278967,9.77247929573059
-13.508750721358224,7.799938285278967,9.77247929573059
-13.63805993699971,7.672724799487619,9.77247929573059
-13.63805993699971,7.672724799487619,9.77247929573059
-13.63805993699971,7.672724799487619,9.77247929573059
-13.63805993699971,7.672724799487619,9.77247929573059
-13.63805993699971,7.672724799487619,9.77247929573059
-13.695949893243636,7.567510225277438,9.77247929573059
-13.695949893243636,7.567510225277438,9.77247929573059
-13.695949893243636,7.567510225277438,9.77247929573059
-13.695949893243636,7.567510225277438,9.77247929573059
-13.727167211325128,7.456005211762369,9.77247929573059
-13.727167211325128,7.456005211762369,9.77247929573059
-13.727167211325128,7.456005211762369,9.77247929573059
-13.727167211325128,7.456005211762369,9.77247929573059
-13.727167211325128,7.456005211762369,9.77247929573059
-13.793396062718664,7.330050148135442,9.77247929573059
-13.793396062718664,7.330050148135442,9.77247929573059
-13.793396062718664,7.330050148135442,9.77247929573059
-13.793396062718664,7.330050148135442,9.77247929573059
-13.793396062718664,7.330050148135442,9.77247929573059
-13.789460681801732,7.270970506691021,9.77247929573059
-13.789460681801732,7.270970506691021,9.77247929573059
-13.789460681801732,7.270970506691021,9.77247929573059
-13.789460681801732,7.270970506691021,9.77247929573059
-13.789460681801732,7.270970506691021,9.77247929573059
-13.854286813731848,7.147663923497557,9.77247929573059
-13.854286813731848,7.147663923497557,9.77247929573059
-13.854286813731848,7.147663923497557,9.77247929573059
-13.854286813731848,7.147663923497557,9.77247929573059
-13.854286813731848,7.147663923497557,9.77247929573059
-13.930850412699387,7.018890409127436,9.77247929573059
-13.930850412699387,7.018890409127436,9.77247929573059
-13.930850412699387,7.018890409127436,9.77247929573059
-13.930850412699387,7.018890409127436,9.77247929573059
-13.930850412699387,7.018890409127436,9.77247929573059
-13.930850412699387,7.018890409127436,9.77247929573059
-13.930850412699387,7.018890409127436,9.77247929573059
-13.973071053189162,6.906755755473778,9.77247929573059
-13.973071053189162,6.906755755473778,9.77247929573059
-13.973071053189162,6.906755755473778,9.77247929573059
-13.973071053189162,6.906755755473778,9.77247929573059
-14.021054582966435,6.737812558247912,9.77247929573059
-14.021054582966435,6.737812558247912,9.77247929573059
-14.021054582966435,6.737812558247912,9.77247929573059
-14.021054582966435,6.737812558247912,9.77247929573059
-14.021054582966435,6.737812558247912,9.77247929573059
-14.062775976378083,6.611860245132243,9.77247929573059
-14.062775976378083,6.611860245132243,9.77247929573059
-14.062775976378083,6.611860245132243,9.77247929573059
-14.062775976378083,6.611860245132243,9.77247929573059
-14.06438448696526,6.486996996015416,9.77247929573059
-14.06438448696526,6.486996996015416,9.77247929573059
-14.06438448696526,6.486996996015416,9.77247929573059
-14.06438448696526,6.486996996015416,9.77247929573059
-14.06438448696526,6.486996996015416,9.77247929573059
-14.06438448696526,6.486996996015416,9.77247929573059
-14.05468180244518,6.390046980436056,9.77247929573059
-14.05468180244518,6.390046980436056,9.77247929573059
-14.05468180244518,6.390046980436056,9.77247929573059
-14.05468180244518,6.390046980436056,9.77247929573059
-14.05468180244518,6.390046980436056,9.77247929573059
-14.068965473621054,6.2849903722330875,9.77247929573059
-14.068965473621054,6.2849903722330875,9.77247929573059
-14.068965473621054,6.2849903722330875,9.77247929573059
-14.068965473621054,6.2849903722330875,9.77247929573059
-14.074067566621064,6.19907050936789,9.77247929573059
-14.074067566621064,6.19907050936789,9.77247929573059
-14.074067566621064,6.19907050936789,9.77247929573059
-14.074067566621064,6.19907050936789,9.77247929573059
-14.074067566621064,6.19907050936789,9.77247929573059
-14.089951798125318,6.152814218570725,9.77247929573059
-14.089951798125318,6.152814218570725,9.77247929573059
-14.089951798125318,6.152814218570725,9.77247929573059
-14.089951798125318,6.152814218570725,9.77247929573059
-14.089951798125318,6.152814218570725,9.77247929573059
-14.06301666708894,6.065463186069033,9.77247929573059
-14.06301666708894,6.065463186069033,9.77247929573059
-14.06301666708894,6.065463186069033,9.77247929573059
-14.06301666708894,6.065463186069033,9.77247929573059
-14.06301666708894,6.065463186069033,9.77247929573059
-14.10379770421994,5.926856691054395,9.77247929573059
-14.10379770421994,5.926856691054395,9.77247929573059
-14.10379770421994,5.926856691054395,9.77247929573059
-14.10379770421994,5.926856691054395,9.77247929573059
-14.10379770421994,5.926856691054395,9.77247929573059
-14.066770764724163,5.818338451719036,9.77247929573059
-14.066770764724163,5.818338451719036,9.77247929573059
-14.066770764724163,5.818338451719036,9.77247929573059
-14.066770764724163,5.818338451719036,9.77247929573059
-14.066770764724163,5.818338451719036,9.77247929573059
-14.091443007894949,5.700599134331374,9.77247929573059
-14.091443007894949,5.700599134331374,9.77247929573059
-14.091443007894949,5.700599134331374,9.77247929573059
-14.091443007894949,5.700599134331374,9.77247929573059
-14.102822727386853,5.598029691363477,9.77247929573059
-14.102822727386853,5.598029691363477,9.77247929573059
-14.102822727386853,5.598029691363477,9.77247929573059
-14.102822727386853,5.598029691363477,9.77247929573059
-14.102822727386853,5.598029691363477,9.77247929573059
-14.077818385865923,5.495125071006862,9.77247929573059
-14.077818385865923,5.495125071006862,9.77247929573059
-14.077818385865923,5.495125071006862,9.77247929573059
-14.077818385865923,5.495125071006862,9.77247929573059
-14.077818385865923,5.495125071006862,9.77247929573059
-14.078897827633154,5.381730998755547,9.77247929573059
-14.078897827633154,5.381730998755547,9.77247929573059
-14.078897827633154,5.381730998755547,9.77247929573059
-14.078897827633154,5.381730998755547,9.77247929573059
-14.084509597955858,5.264231735233468,9.77247929573059
-14.084509597955858,5.264231735233468,9.77247929573059
-14.084509597955858,5.264231735233468,9.77247929573059
-14.084509597955858,5.264231735233468,9.77247929573059
-14.084509597955858,5.264231735233468,9.77247929573059
-14.093248125683626,5.153192992395051,9.77247929573059
-14.093248125683626,5.153192992395051,9.77247929573059
-14.093248125683626,5.153192992395051,9.77247929573059
-14.093248125683626,5.153192992395051,9.77247929573059
-14.098656719442268,5.030029655001557,9.77247929573059
-14.098656719442268,5.030029655001557,9.77247929573059
-14.098656719442268,5.030029655001557,9.77247929573059
-14.098656719442268,5.030029655001557,9.77247929573059
-14.098656719442268,5.030029655001557,9.77247929573059
-14.073669490710573,4.906253571831307,9.77247929573059
-14.073669490710573,4.906253571831307,9.77247929573059
-14.073669490710573,4.906253571831307,9.77247929573059
-14.073669490710573,4.906253571831307,9.77247929573059
-14.073669490710573,4.906253571831307,9.77247929573059
-14.055286686684159,4.851195882486282,9.77247929573059
-14.055286686684159,4.851195882486282,9.77247929573059
-14.055286686684159,4.851195882486282,9.77247929573059
-14.055286686684159,4.851195882486282,9.77247929573059
-14.055286686684159,4.851195882486282,9.77247929573059
-14.030002596132142,4.721797841573531,9.77247929573059
-14.030002596132142,4.721797841573531,9.77247929573059
-14.030002596132142,4.721797841573531,9.77247929573059
-14.030002596132142,4.721797841573531,9.77247929573059
-14.030002596132142,4.721797841573531,9.77247929573059
-14.00498697698403,4.596835925417305,9.77247929573059
-14.00498697698403,4.596835925417305,9.77247929573059
-14.00498697698403,4.596835925417305,9.77247929573059
-14.00498697698403,4.596835925417305,9.77247929573059
-14.00498697698403,4.596835925417305,9.77247929573059
-13.988847583461954,4.469520472286602,9.77247929573059
-13.988847583461954,4.469520472286602,9.77247929573059
-13.988847583461954,4.469520472286602,9.77247929573059
-13.988847583461954,4.469520472286602,9.77247929573059
-13.97033117284465,4.344018844311107,9.77247929573059
-13.97033117284465,4.344018844311107,9.77247929573059
-13.97033117284465,4.344018844311107,9.77247929573059
-13.97033117284465,4.344018844311107,9.77247929573059
-13.97033117284465,4.344018844311107,9.77247929573059
-13.973805869655033,4.209476353914627,9.77247929573059
-13.973805869655033,4.209476353914627,9.77247929573059
-13.973805869655033,4.209476353914627,9.77247929573059
-13.973805869655033,4.209476353914627,9.77247929573059
-13.971388306801297,4.070447042574166,9.77247929573059
-13.971388306801297,4.070447042574166,9.77247929573059
-13.971388306801297,4.070447042574166,9.77247929573059
-13.971388306801297,4.070447042574166,9.77247929573059
-13.971388306801297,4.070447042574166,9.77247929573059
-13.958706889299732,3.935159566826169,9.77247929573059
-13.958706889299732,3.935159566826169,9.77247929573059
-13.958706889299732,3.935159566826169,9.77247929573059
-13.958706889299732,3.935159566826169,9.77247929573059
-13.958706889299732,3.935159566826169,9.77247929573059
-13.942429381702388,3.870300219057806,9.77247929573059
-13.942429381702388,3.870300219057806,9.77247929573059
-13.942429381702388,3.870300219057806,9.77247929573059
-13.942429381702388,3.870300219057806,9.77247929573059
-13.942429381702388,3.870300219057806,9.77247929573059
-13.937296662537257,3.7280013559959992,9.77247929573059
-13.937296662537257,3.7280013559959992,9.77247929573059
-13.937296662537257,3.7280013559959992,9.77247929573059
-13.937296662537257,3.7280013559959992,9.77247929573059
-13.931909682912398,3.58771903427023,9.77247929573059
-13.931909682912398,3.58771903427023,9.77247929573059
-13.931909682912398,3.58771903427023,9.77247929573059
-13.931909682912398,3.58771903427023,9.77247929573059
-13.931909682912398,3.58771903427023,9.77247929573059
-13.950182958761038,3.437807116133816,9.77247929573059
-13.950182958761038,3.437807116133816,9.77247929573059
-13.950182958761038,3.437807116133816,9.77247929573059
-13.950182958761038,3.437807116133816,9.77247929573059
-13.950182958761038,3.437807116133816,9.77247929573059
-13.951394472239528,3.2933818772250403,9.77247929573059
-13.951394472239528,3.2933818772250403,9.77247929573059
-13.951394472239528,3.2933818772250403,9.77247929573059
-13.951394472239528,3.2933818772250403,9.77247929573059
-13.951394472239528,3.2933818772250403,9.77247929573059
-13.953644393310991,3.142396286589993,9.77247929573059
-13.953644393310991,3.142396286589993,9.77247929573059
-13.953644393310991,3.142396286589993,9.77247929573059
-13.953644393310991,3.142396286589993,9.77247929573059
-13.952992264406255,2.977891007951125,9.77247929573059
-13.952992264406255,2.977891007951125,9.77247929573059
-13.952992264406255,2.977891007951125,9.77247929573059
-13.952992264406255,2.977891007951125,9.77247929573059
-13.952992264406255,2.977891007951125,9.77247929573059
-13.970372512589089,2.823508769265395,9.77247929573059
-13.970372512589089,2.823508769265395,9.77247929573059
-13.970372512589089,2.823508769265395,9.77247929573059
-13.970372512589089,2.823508769265395,9.77247929573059
-13.970372512589089,2.823508769265395,9.77247929573059
-13.954985004436496,2.661836731329292,9.77247929573059
-13.954985004436496,2.661836731329292,9.77247929573059
-13.954985004436496,2.661836731329292,9.77247929573059
-13.954985004436496,2.661836731329292,9.77247929573059
-13.927600917742124,2.507845831115084,9.77247929573059
-13.927600917742124,2.507845831115084,9.77247929573059
-13.927600917742124,2.507845831115084,9.77247929573059
-13.927600917742124,2.507845831115084,9.77247929573059
-13.927600917742124,2.507845831115084,9.77247929573059
-13.917821984415568,2.3396532281865947,9.77247929573059
-13.917821984415568,2.3396532281865947,9.77247929573059
-13.917821984415568,2.3396532281865947,9.77247929573059
-13.917821984415568,2.3396532281865947,9.77247929573059
-13.917821984415568,2.3396532281865947,9.77247929573059
-13.904848062821522,2.258934891392792,9.77247929573059
-13.904848062821522,2.258934891392792,9.77247929573059
-13.904848062821522,2.258934891392792,9.77247929573059
-13.904848062821522,2.258934891392792,9.77247929573059
-13.904848062821522,2.258934891392792,9.77247929573059
-13.889537332350509,2.0782076665837943,9.77247929573059
-13.889537332350509,2.0782076665837943,9.77247929573059
-13.889537332350509,2.0782076665837943,9.77247929573059
-13.889537332350509,2.0782076665837943,9.77247929573059
-13.889537332350509,2.0782076665837943,9.77247929573059
-13.863896159111865,1.9019284054032406,9.77247929573059
-13.863896159111865,1.9019284054032406,9.77247929573059
-13.863896159111865,1.9019284054032406,9.77247929573059
-13.863896159111865,1.9019284054032406,9.77247929573059
-13.863896159111865,1.9019284054032406,9.77247929573059
-13.858956831065615,1.7214536291742863,9.77247929573059
-13.858956831065615,1.7214536291742863,9.77247929573059
-13.858956831065615,1.7214536291742863,9.77247929573059
-13.858956831065615,1.7214536291742863,9.77247929573059
-13.87400524464542,1.5422231575891259,9.77247929573059
-13.87400524464542,1.5422231575891259,9.77247929573059
-13.87400524464542,1.5422231575891259,9.77247929573059
-13.87400524464542,1.5422231575891259,9.77247929573059
-13.87400524464542,1.5422231575891259,9.77247929573059
-13.908625561174931,1.3706086059447404,9.77247929573059
-13.908625561174931,1.3706086059447404,9.77247929573059
-13.908625561174931,1.3706086059447404,9.77247929573059
-13.908625561174931,1.3706086059447404,9.77247929573059
-13.902326543906506,1.2599207924392757,9.77247929573059
-13.902326543906506,1.2599207924392757,9.77247929573059
-13.902326543906506,1.2599207924392757,9.77247929573059
-13.902326543906506,1.2599207924392757,9.77247929573059
-13.882897698367797,1.1027417409259406,9.77247929573059
-13.882897698367797,1.1027417409259406,9.77247929573059
-13.882897698367797,1.1027417409259406,9.77247929573059
-13.882897698367797,1.1027417409259406,9.77247929573059
-13.882897698367797,1.1027417409259406,9.77247929573059
-13.874901527060507,0.9601093650568003,9.77247929573059
-13.874901527060507,0.9601093650568003,9.77247929573059
-13.874901527060507,0.9601093650568003,9.77247929573059
-13.874901527060507,0.9601093650568003,9.77247929573059
-13.857105434455125,0.8144314377718108,9.77247929573059
-13.857105434455125,0.8144314377718108,9.77247929573059
-13.857105434455125,0.8144314377718108,9.77247929573059
-13.857105434455125,0.8144314377718108,9.77247929573059
-13.857105434455125,0.8144314377718108,9.77247929573059
-13.84611067078398,0.6815368579397127,9.77247929573059
-13.84611067078398,0.6815368579397127,9.77247929573059
-13.84611067078398,0.6815368579397127,9.77247929573059
-13.84611067078398,0.6815368579397127,9.77247929573059
-13.823309386941522,0.5156839214648201,9.77247929573059
-13.823309386941522,0.5156839214648201,9.77247929573059
-13.823309386941522,0.5156839214648201,9.77247929573059
-13.823309386941522,0.5156839214648201,9.77247929573059
-13.823309386941522,0.5156839214648201,9.77247929573059
-13.802685504018356,0.47065596504093343,9.77247929573059
-13.802685504018356,0.47065596504093343,9.77247929573059
-13.802685504018356,0.47065596504093343,9.77247929573059
-13.802685504018356,0.47065596504093343,9.77247929573059
-13.802685504018356,0.47065596504093343,9.77247929573059
-13.769627970998263,0.338622431525639,9.77247929573059
-13.769627970998263,0.338622431525639,9.77247929573059
-13.769627970998263,0.338622431525639,9.77247929573059
-13.769627970998263,0.338622431525639,9.77247929573059
-13.724702858103457,0.22221197911247983,9.77247929573059
-13.724702858103457,0.22221197911247983,9.77247929573059
-13.724702858103457,0.22221197911247983,9.77247929573059
-13.724702858103457,0.22221197911247983,9.77247929573059
-13.724702858103457,0.22221197911247983,9.77247929573059
-13.672148109321453,0.09200821451990066,9.77247929573059
-13.672148109321453,0.09200821451990066,9.77247929573059
-13.672148109321453,0.09200821451990066,9.77247929573059
-13.672148109321453,0.09200821451990066,9.77247929573059
-13.672148109321453,0.09200821451990066,9.77247929573059
-13.617921850181805,-0.015969389661066452,9.77247929573059
-13.617921850181805,-0.015969389661066452,9.77247929573059
-13.617921850181805,-0.015969389661066452,9.77247929573059
-13.617921850181805,-0.015969389661066452,9.77247929573059
-13.521281324123391,-0.08925609625605019,9.77247929573059
-13.521281324123391,-0.08925609625605019,9.77247929573059
-13.521281324123391,-0.08925609625605019,9.77247929573059
-13.521281324123391,-0.08925609625605019,9.77247929573059
-13.482219451456563,-0.12473519636549976,9.77247929573059
-13.482219451456563,-0.12473519636549976,9.77247929573059
-13.482219451456563,-0.12473519636549976,9.77247929573059
-13.482219451456563,-0.12473519636549976,9.77247929573059
-13.482219451456563,-0.12473519636549976,9.77247929573059
-13.482219451456563,-0.12473519636549976,9.77247929573059
-13.418606840292453,-0.22210583599677863,9.77247929573059
-13.418606840292453,-0.22210583599677863,9.77247929573059
-13.418606840292453,-0.22210583599677863,9.77247929573059
-13.418606840292453,-0.22210583599677863,9.77247929573059
-13.32243766525859,-0.289178583701215,9.77247929573059
-13.32243766525859,-0.289178583701215,9.77247929573059
-13.32243766525859,-0.289178583701215,9.77247929573059
-13.32243766525859,-0.289178583701215,9.77247929573059
-13.32243766525859,-0.289178583701215,9.77247929573059
-13.32243766525859,-0.289178583701215,9.77247929573059
-13.32243766525859,-0.289178583701215,9.77247929573059
-13.32243766525859,-0.289178583701215,9.77247929573059
-13.32243766525859,-0.289178583701215,9.77247929573059
-13.263758820309796,-0.3313650194581148,9.77247929573059
-13.263758820309796,-0.3313650194581148,9.77247929573059
-13.263758820309796,-0.3313650194581148,9.77247929573059
-13.263758820309796,-0.3313650194581148,9.77247929573059
-13.263758820309796,-0.3313650194581148,9.77247929573059
-13.263758820309796,-0.3313650194581148,9.77247929573059
-13.263758820309796,-0.3313650194581148,9.77247929573059
-13.263758820309796,-0.3313650194581148,9.77247929573059
-13.263758820309796,-0.3313650194581148,9.77247929573059
-13.263758820309796,-0.3313650194581148,9.77247929573059
-13.263758820309796,-0.3313650194581148,9.77247929573059
-13.263758820309796,-0.3313650194581148,9.77247929573059
-13.263758820309796,-0.3313650194581148,9.77247929573059
-13.263758820309796,-0.3313650194581148,9.77247929573059
-13.051144354231113,-0.426779917642107,9.77247929573059
-13.051144354231113,-0.426779917642107,9.77247929573059
-13.051144354231113,-0.426779917642107,9.77247929573059
-13.051144354231113,-0.426779917642107,9.77247929573059
-13.051144354231113,-0.426779917642107,9.77247929573059
-12.748655750484806,-0.4644825076659698,9.77247929573059
-12.748655750484806,-0.4644825076659698,9.77247929573059
-12.748655750484806,-0.4644825076659698,9.77247929573059
-12.748655750484806,-0.4644825076659698,9.77247929573059
-12.653060363606587,-0.45253421158131846,9.77247929573059
-12.653060363606587,-0.45253421158131846,9.77247929573059
-12.653060363606587,-0.45253421158131846,9.77247929573059
-12.653060363606587,-0.45253421158131846,9.77247929573059
-12.543481857406967,-0.3975778561651522,9.77247929573059
-12.543481857406967,-0.3975778561651522,9.77247929573059
-12.543481857406967,-0.3975778561651522,9.77247929573059
-12.543481857406967,-0.3975778561651522,9.77247929573059
-12.543481857406967,-0.3975778561651522,9.77247929573059
-12.543481857406967,-0.3975778561651522,9.77247929573059
-12.490010317374624,-0.37783936219196,9.77247929573059
-12.490010317374624,-0.37783936219196,9.77247929573059
-12.490010317374624,-0.37783936219196,9.77247929573059
-12.490010317374624,-0.37783936219196,9.77247929573059
-12.490010317374624,-0.37783936219196,9.77247929573059
-12.490010317374624,-0.37783936219196,9.77247929573059
-12.359650397645986,-0.3490588173038247,9.77247929573059
-12.359650397645986,-0.3490588173038247,9.77247929573059
-12.359650397645986,-0.3490588173038247,9.77247929573059
-12.359650397645986,-0.3490588173038247,9.77247929573059
-12.359650397645986,-0.3490588173038247,9.77247929573059
-12.359650397645986,-0.3490588173038247,9.77247929573059
-12.359650397645986,-0.3490588173038247,9.77247929573059
-12.359650397645986,-0.3490588173038247,9.77247929573059
-12.359650397645986,-0.3490588173038247,9.77247929573059
-12.272571606009462,-0.30500013563403466,9.77247929573059
-12.272571606009462,-0.30500013563403466,9.77247929573059
-12.272571606009462,-0.30500013563403466,9.77247929573059
-12.272571606009462,-0.30500013563403466,9.77247929573059
-12.272571606009462,-0.30500013563403466,9.77247929573059
-12.272571606009462,-0.30500013563403466,9.77247929573059
-12.272571606009462,-0.30500013563403466,9.77247929573059
-12.091533706165968,-0.21623852100505866,9.77247929573059
-12.091533706165968,-0.21623852100505866,9.77247929573059
-12.091533706165968,-0.21623852100505866,9.77247929573059
-12.091533706165968,-0.21623852100505866,9.77247929573059
-12.091533706165968,-0.21623852100505866,9.77247929573059
-11.960208639313912,-0.16424547176998747,9.77247929573059
-11.960208639313912,-0.16424547176998747,9.77247929573059
-11.960208639313912,-0.16424547176998747,9.77247929573059
-11.960208639313912,-0.16424547176998747,9.77247929573059
-11.87295567949792,-0.11118482762236184,9.77247929573059
-11.87295567949792,-0.11118482762236184,9.77247929573059
-11.87295567949792,-0.11118482762236184,9.77247929573059
-11.87295567949792,-0.11118482762236184,9.77247929573059
-11.87295567949792,-0.11118482762236184,9.77247929573059
-11.791924362733605,-0.06548988689972249,9.77247929573059
-11.791924362733605,-0.06548988689972249,9.77247929573059
-11.791924362733605,-0.06548988689972249,9.77247929573059
-11.791924362733605,-0.06548988689972249,9.77247929573059
-11.791924362733605,-0.06548988689972249,9.77247929573059
-11.787277657980985,-0.023574487801152563,9.77247929573059
-11.787277657980985,-0.023574487801152563,9.77247929573059
-11.787277657980985,-0.023574487801152563,9.77247929573059
-11.787277657980985,-0.023574487801152563,9.77247929573059
-11.734104205479534,0.028989997314261596,9.77247929573059
-11.734104205479534,0.028989997314261596,9.77247929573059
-11.734104205479534,0.028989997314261596,9.77247929573059
-11.734104205479534,0.028989997314261596,9.77247929573059
-11.734104205479534,0.028989997314261596,9.77247929573059
-11.699066622728317,0.07320501453871922,9.77247929573059
-11.699066622728317,0.07320501453871922,9.77247929573059
-11.699066622728317,0.07320501453871922,9.77247929573059
-11.699066622728317,0.07320501453871922,9.77247929573059
-11.614421281017504,0.10206273554962284,9.77247929573059
-11.614421281017504,0.10206273554962284,9.77247929573059
-11.614421281017504,0.10206273554962284,9.77247929573059
-11.614421281017504,0.10206273554962284,9.77247929573059
-11.549017141673911,0.13562490892545168,9.77247929573059
-11.549017141673911,0.13562490892545168,9.77247929573059
-11.549017141673911,0.13562490892545168,9.77247929573059
-11.549017141673911,0.13562490892545168,9.77247929573059
-11.549017141673911,0.13562490892545168,9.77247929573059
-11.534546229955824,0.14281647420891078,9.77247929573059
-11.534546229955824,0.14281647420891078,9.77247929573059
-11.534546229955824,0.14281647420891078,9.77247929573059
-11.534546229955824,0.14281647420891078,9.77247929573059
-11.534546229955824,0.14281647420891078,9.77247929573059
-11.474351827853935,0.17622166968347433,9.77247929573059
-11.474351827853935,0.17622166968347433,9.77247929573059
-11.474351827853935,0.17622166968347433,9.77247929573059
-11.474351827853935,0.17622166968347433,9.77247929573059
-11.474351827853935,0.17622166968347433,9.77247929573059
-11.412325880777741,0.20928509527030037,9.77247929573059
-11.412325880777741,0.20928509527030037,9.77247929573059
-11.412325880777741,0.20928509527030037,9.77247929573059
-11.412325880777741,0.20928509527030037,9.77247929573059
-11.343156054726135,0.22298024160067653,9.77247929573059
-11.343156054726135,0.22298024160067653,9.77247929573059
-11.343156054726135,0.22298024160067653,9.77247929573059
-11.343156054726135,0.22298024160067653,9.77247929573059
-11.343156054726135,0.22298024160067653,9.77247929573059
-11.316726132876141,0.21892100997822536,9.77247929573059
-11.316726132876141,0.21892100997822536,9.77247929573059
-11.316726132876141,0.21892100997822536,9.77247929573059
-11.316726132876141,0.21892100997822536,9.77247929573059
-11.25916973471694,0.22576106215296018,9.77247929573059
-11.25916973471694,0.22576106215296018,9.77247929573059
-11.25916973471694,0.22576106215296018,9.77247929573059
-11.25916973471694,0.22576106215296018,9.77247929573059
-11.25916973471694,0.22576106215296018,9.77247929573059
-11.25916973471694,0.22576106215296018,9.77247929573059
-11.25916973471694,0.22576106215296018,9.77247929573059
-11.236918838925074,0.21373308722165774,9.77247929573059
-11.236918838925074,0.21373308722165774,9.77247929573059
-11.236918838925074,0.21373308722165774,9.77247929573059
-11.236918838925074,0.21373308722165774,9.77247929573059
-11.236918838925074,0.21373308722165774,9.77247929573059
-11.236918838925074,0.21373308722165774,9.77247929573059
-11.187476984283277,0.19322728275915368,9.77247929573059
-11.187476984283277,0.19322728275915368,9.77247929573059
-11.187476984283277,0.19322728275915368,9.77247929573059
-11.187476984283277,0.19322728275915368,9.77247929573059
-11.187476984283277,0.19322728275915368,9.77247929573059
-11.187476984283277,0.19322728275915368,9.77247929573059
-11.126813746968452,0.16462934002835367,9.77247929573059
-11.126813746968452,0.16462934002835367,9.77247929573059
-11.126813746968452,0.16462934002835367,9.77247929573059
-11.126813746968452,0.16462934002835367,9.77247929573059
-11.126813746968452,0.16462934002835367,9.77247929573059
-11.126813746968452,0.16462934002835367,9.77247929573059
-11.056974642375089,0.15547893735043572,9.77247929573059
-11.056974642375089,0.15547893735043572,9.77247929573059
-11.056974642375089,0.15547893735043572,9.77247929573059
-11.056974642375089,0.15547893735043572,9.77247929573059
-11.056974642375089,0.15547893735043572,9.77247929573059
-11.056974642375089,0.15547893735043572,9.77247929573059
-11.031095442174752,0.12406762932682329,9.77247929573059
-11.031095442174752,0.12406762932682329,9.77247929573059
-11.031095442174752,0.12406762932682329,9.77247929573059
-11.031095442174752,0.12406762932682329,9.77247929573059
-11.031095442174752,0.12406762932682329,9.77247929573059
-10.935966432720774,0.10643007943302406,9.77247929573059
-10.935966432720774,0.10643007943302406,9.77247929573059
-10.935966432720774,0.10643007943302406,9.77247929573059
-10.935966432720774,0.10643007943302406,9.77247929573059
-10.935966432720774,0.10643007943302406,9.77247929573059
-10.86793336038782,0.06726392039120907,9.77247929573059
-10.86793336038782,0.06726392039120907,9.77247929573059
-10.86793336038782,0.06726392039120907,9.77247929573059
-10.86793336038782,0.06726392039120907,9.77247929573059
-10.86793336038782,0.06726392039120907,9.77247929573059
-10.86793336038782,0.06726392039120907,9.77247929573059
-10.86793336038782,0.06726392039120907,9.77247929573059
-10.7906981878862,0.04410945497924888,9.77247929573059
-10.7906981878862,0.04410945497924888,9.77247929573059
-10.7906981878862,0.04410945497924888,9.77247929573059
-10.7906981878862,0.04410945497924888,9.77247929573059
-10.7906981878862,0.04410945497924888,9.77247929573059
-10.711512741744814,0.01999930387162809,9.77247929573059
-10.711512741744814,0.01999930387162809,9.77247929573059
-10.711512741744814,0.01999930387162809,9.77247929573059
-10.711512741744814,0.01999930387162809,9.77247929573059
-10.711512741744814,0.01999930387162809,9.77247929573059
-10.628308726219824,-0.010699039622050195,9.77247929573059
-10.628308726219824,-0.010699039622050195,9.77247929573059
-10.628308726219824,-0.010699039622050195,9.77247929573059
-10.628308726219824,-0.010699039622050195,9.77247929573059
-10.628308726219824,-0.010699039622050195,9.77247929573059
-10.572969477742944,-0.03920020911388753,9.77247929573059
-10.572969477742944,-0.03920020911388753,9.77247929573059
-10.572969477742944,-0.03920020911388753,9.77247929573059
-10.572969477742944,-0.03920020911388753,9.77247929573059
-10.572969477742944,-0.03920020911388753,9.77247929573059
-10.572969477742944,-0.03920020911388753,9.77247929573059
-10.481682871894552,-0.0538983125074664,9.77247929573059
-10.481682871894552,-0.0538983125074664,9.77247929573059
-10.481682871894552,-0.0538983125074664,9.77247929573059
-10.481682871894552,-0.0538983125074664,9.77247929573059
-10.340011728336885,-0.07969094811301922,9.77247929573059
-10.340011728336885,-0.07969094811301922,9.77247929573059
-10.340011728336885,-0.07969094811301922,9.77247929573059
-10.340011728336885,-0.07969094811301922,9.77247929573059
-10.340011728336885,-0.07969094811301922,9.77247929573059
-10.27724138601965,-0.10636672943558312,9.77247929573059
-10.27724138601965,-0.10636672943558312,9.77247929573059
-10.27724138601965,-0.10636672943558312,9.77247929573059
-10.27724138601965,-0.10636672943558312,9.77247929573059
-10.27724138601965,-0.10636672943558312,9.77247929573059
-10.171293768812994,-0.16202566472168117,9.77247929573059
-10.171293768812994,-0.16202566472168117,9.77247929573059
-10.171293768812994,-0.16202566472168117,9.77247929573059
-10.171293768812994,-0.16202566472168117,9.77247929573059
-10.171293768812994,-0.16202566472168117,9.77247929573059
-10.093215499083273,-0.18179456856363085,9.77247929573059
-10.093215499083273,-0.18179456856363085,9.77247929573059
-10.093215499083273,-0.18179456856363085,9.77247929573059
-10.093215499083273,-0.18179456856363085,9.77247929573059
-10.002953799489271,-0.18430374034836083,9.77247929573059
-10.002953799489271,-0.18430374034836083,9.77247929573059
-10.002953799489271,-0.18430374034836083,9.77247929573059
-10.002953799489271,-0.18430374034836083,9.77247929573059
-10.002953799489271,-0.18430374034836083,9.77247929573059
-9.904164385755703,-0.22619424285864884,9.77247929573059
-9.904164385755703,-0.22619424285864884,9.77247929573059
-9.904164385755703,-0.22619424285864884,9.77247929573059
-9.904164385755703,-0.22619424285864884,9.77247929573059
-9.904164385755703,-0.22619424285864884,9.77247929573059
-9.811048944492237,-0.23477729289162774,9.77247929573059
-9.811048944492237,-0.23477729289162774,9.77247929573059
-9.811048944492237,-0.23477729289162774,9.77247929573059
-9.811048944492237,-0.23477729289162774,9.77247929573059
-9.811048944492237,-0.23477729289162774,9.77247929573059
-9.698563735541853,-0.24053165345477237,9.77247929573059
-9.698563735541853,-0.24053165345477237,9.77247929573059
-9.698563735541853,-0.24053165345477237,9.77247929573059
-9.698563735541853,-0.24053165345477237,9.77247929573059
-9.698563735541853,-0.24053165345477237,9.77247929573059
-9.57468012325381,-0.25170863685229733,9.77247929573059
-9.57468012325381,-0.25170863685229733,9.77247929573059
-9.57468012325381,-0.25170863685229733,9.77247929573059
-9.57468012325381,-0.25170863685229733,9.77247929573059
-9.57468012325381,-0.25170863685229733,9.77247929573059
-9.458475816288043,-0.28076500339442567,9.77247929573059
-9.458475816288043,-0.28076500339442567,9.77247929573059
-9.458475816288043,-0.28076500339442567,9.77247929573059
-9.458475816288043,-0.28076500339442567,9.77247929573059
-9.458475816288043,-0.28076500339442567,9.77247929573059
-9.335246129430253,-0.27342114372414883,9.77247929573059
-9.335246129430253,-0.27342114372414883,9.77247929573059
-9.335246129430253,-0.27342114372414883,9.77247929573059
-9.335246129430253,-0.27342114372414883,9.77247929573059
-9.335246129430253,-0.27342114372414883,9.77247929573059
-9.241001928111224,-0.29148295759071263,9.77247929573059
-9.241001928111224,-0.29148295759071263,9.77247929573059
-9.241001928111224,-0.29148295759071263,9.77247929573059
-9.241001928111224,-0.29148295759071263,9.77247929573059
-9.241001928111224,-0.29148295759071263,9.77247929573059
-9.104362666417458,-0.29634741750909965,9.77247929573059
-9.104362666417458,-0.29634741750909965,9.77247929573059
-9.104362666417458,-0.29634741750909965,9.77247929573059
-9.104362666417458,-0.29634741750909965,9.77247929573059
-8.969908447163226,-0.2911519665093048,9.77247929573059
-8.969908447163226,-0.2911519665093048,9.77247929573059
-8.969908447163226,-0.2911519665093048,9.77247929573059
-8.969908447163226,-0.2911519665093048,9.77247929573059
-8.969908447163226,-0.2911519665093048,9.77247929573059
-8.869682655621066,-0.2875892491039523,9.77247929573059
-8.869682655621066,-0.2875892491039523,9.77247929573059
-8.869682655621066,-0.2875892491039523,9.77247929573059
-8.869682655621066,-0.2875892491039523,9.77247929573059
-8.869682655621066,-0.2875892491039523,9.77247929573059
-8.78885173660984,-0.3103312621353735,9.77247929573059
-8.78885173660984,-0.3103312621353735,9.77247929573059
-8.78885173660984,-0.3103312621353735,9.77247929573059
-8.78885173660984,-0.3103312621353735,9.77247929573059
-8.78885173660984,-0.3103312621353735,9.77247929573059
-8.657735429260491,-0.32041547712662505,9.77247929573059
-8.657735429260491,-0.32041547712662505,9.77247929573059
-8.657735429260491,-0.32041547712662505,9.77247929573059
-8.657735429260491,-0.32041547712662505,9.77247929573059
-8.657735429260491,-0.32041547712662505,9.77247929573059
-8.525963182954657,-0.3187254728879865,9.77247929573059
-8.525963182954657,-0.3187254728879865,9.77247929573059
-8.525963182954657,-0.3187254728879865,9.77247929573059
-8.525963182954657,-0.3187254728879865,9.77247929573059
-8.525963182954657,-0.3187254728879865,9.77247929573059
-8.419841983332699,-0.3151315632912679,9.77247929573059
-8.419841983332699,-0.3151315632912679,9.77247929573059
-8.419841983332699,-0.3151315632912679,9.77247929573059
-8.419841983332699,-0.3151315632912679,9.77247929573059
-8.419841983332699,-0.3151315632912679,9.77247929573059
-8.339717598435655,-0.3309416894931528,9.77247929573059
-8.339717598435655,-0.3309416894931528,9.77247929573059
-8.339717598435655,-0.3309416894931528,9.77247929573059
-8.339717598435655,-0.3309416894931528,9.77247929573059
-8.339717598435655,-0.3309416894931528,9.77247929573059
-8.169306231499176,-0.3147888048347318,9.77247929573059
-8.169306231499176,-0.3147888048347318,9.77247929573059
-8.169306231499176,-0.3147888048347318,9.77247929573059
-8.169306231499176,-0.3147888048347318,9.77247929573059
-8.001678791231894,-0.28913478453505187,9.77247929573059
-8.001678791231894,-0.28913478453505187,9.77247929573059
-8.001678791231894,-0.28913478453505187,9.77247929573059
-8.001678791231894,-0.28913478453505187,9.77247929573059
-8.001678791231894,-0.28913478453505187,9.77247929573059
-7.859895045346464,-0.28734792808927734,9.77247929573059
-7.859895045346464,-0.28734792808927734,9.77247929573059
-7.859895045346464,-0.28734792808927734,9.77247929573059
-7.859895045346464,-0.28734792808927734,9.77247929573059
-7.859895045346464,-0.28734792808927734,9.77247929573059
-7.754438795052727,-0.2967245939918184,9.77247929573059
-7.754438795052727,-0.2967245939918184,9.77247929573059
-7.754438795052727,-0.2967245939918184,9.77247929573059
-7.754438795052727,-0.2967245939918184,9.77247929573059
-7.754438795052727,-0.2967245939918184,9.77247929573059
-7.612572569337179,-0.2977786964917177,9.77247929573059
-7.612572569337179,-0.2977786964917177,9.77247929573059
-7.612572569337179,-0.2977786964917177,9.77247929573059
-7.612572569337179,-0.2977786964917177,9.77247929573059
-7.612572569337179,-0.2977786964917177,9.77247929573059
-7.500001420837505,-0.29626517501947564,9.77247929573059
-7.500001420837505,-0.29626517501947564,9.77247929573059
-7.500001420837505,-0.29626517501947564,9.77247929573059
-7.500001420837505,-0.29626517501947564,9.77247929573059
-7.365486942190734,-0.29017938005192734,9.77247929573059
-7.365486942190734,-0.29017938005192734,9.77247929573059
-7.365486942190734,-0.29017938005192734,9.77247929573059
-7.365486942190734,-0.29017938005192734,9.77247929573059
-7.365486942190734,-0.29017938005192734,9.77247929573059
-7.228390372579005,-0.2815125551311834,9.77247929573059
-7.228390372579005,-0.2815125551311834,9.77247929573059
-7.228390372579005,-0.2815125551311834,9.77247929573059
-7.228390372579005,-0.2815125551311834,9.77247929573059
-7.228390372579005,-0.2815125551311834,9.77247929573059
-7.095386491968649,-0.27409111713227907,9.77247929573059
-7.095386491968649,-0.27409111713227907,9.77247929573059
-7.095386491968649,-0.27409111713227907,9.77247929573059
-7.095386491968649,-0.27409111713227907,9.77247929573059
-7.095386491968649,-0.27409111713227907,9.77247929573059
-6.949807324242768,-0.25430350299937976,9.77247929573059
-6.949807324242768,-0.25430350299937976,9.77247929573059
-6.949807324242768,-0.25430350299937976,9.77247929573059
-6.949807324242768,-0.25430350299937976,9.77247929573059
-6.949807324242768,-0.25430350299937976,9.77247929573059
-6.949807324242768,-0.25430350299937976,9.77247929573059
-6.793236045421713,-0.2371014809760752,9.77247929573059
-6.793236045421713,-0.2371014809760752,9.77247929573059
-6.793236045421713,-0.2371014809760752,9.77247929573059
-6.793236045421713,-0.2371014809760752,9.77247929573059
-6.793236045421713,-0.2371014809760752,9.77247929573059
-6.618578558439067,-0.2186465650921859,9.77247929573059
-6.618578558439067,-0.2186465650921859,9.77247929573059
-6.618578558439067,-0.2186465650921859,9.77247929573059
-6.618578558439067,-0.2186465650921859,9.77247929573059
-6.618578558439067,-0.2186465650921859,9.77247929573059
-6.475609562423665,-0.20210087926875026,9.77247929573059
-6.475609562423665,-0.20210087926875026,9.77247929573059
-6.475609562423665,-0.20210087926875026,9.77247929573059
-6.475609562423665,-0.20210087926875026,9.77247929573059
-6.475609562423665,-0.20210087926875026,9.77247929573059
-6.34227606362812,-0.18468831354136445,9.77247929573059
-6.34227606362812,-0.18468831354136445,9.77247929573059
-6.34227606362812,-0.18468831354136445,9.77247929573059
-6.34227606362812,-0.18468831354136445,9.77247929573059
-6.34227606362812,-0.18468831354136445,9.77247929573059
-6.1855948273543655,-0.1655089548444153,9.77247929573059
-6.1855948273543655,-0.1655089548444153,9.77247929573059
-6.1855948273543655,-0.1655089548444153,9.77247929573059
-6.1855948273543655,-0.1655089548444153,9.77247929573059
-6.1855948273543655,-0.1655089548444153,9.77247929573059
-6.040624421306386,-0.16154831874414807,9.77247929573059
-6.040624421306386,-0.16154831874414807,9.77247929573059
-6.040624421306386,-0.16154831874414807,9.77247929573059
-6.040624421306386,-0.16154831874414807,9.77247929573059
-6.040624421306386,-0.16154831874414807,9.77247929573059
-5.866962745991485,-0.14949428376650223,9.77247929573059
-5.866962745991485,-0.14949428376650223,9.77247929573059
-5.866962745991485,-0.14949428376650223,9.77247929573059
-5.866962745991485,-0.14949428376650223,9.77247929573059
-5.866962745991485,-0.14949428376650223,9.77247929573059
-5.866962745991485,-0.14949428376650223,9.77247929573059
-5.709858302777354,-0.14539924565914472,9.77247929573059
-5.709858302777354,-0.14539924565914472,9.77247929573059
-5.709858302777354,-0.14539924565914472,9.77247929573059
-5.709858302777354,-0.14539924565914472,9.77247929573059
-5.709858302777354,-0.14539924565914472,9.77247929573059
-5.709858302777354,-0.14539924565914472,9.77247929573059
-5.709858302777354,-0.14539924565914472,9.77247929573059
-5.448840669373088,-0.14888594586249848,9.77247929573059
-5.448840669373088,-0.14888594586249848,9.77247929573059
-5.448840669373088,-0.14888594586249848,9.77247929573059
-5.448840669373088,-0.14888594586249848,9.77247929573059
-5.448840669373088,-0.14888594586249848,9.77247929573059
-5.448840669373088,-0.14888594586249848,9.77247929573059
-5.296243089561215,-0.1468297930287307,9.77247929573059
-5.296243089561215,-0.1468297930287307,9.77247929573059
-5.296243089561215,-0.1468297930287307,9.77247929573059
-5.296243089561215,-0.1468297930287307,9.77247929573059
-5.296243089561215,-0.1468297930287307,9.77247929573059
-5.02115579370433,-0.10875444370113968,9.77247929573059
-5.02115579370433,-0.10875444370113968,9.77247929573059
-5.02115579370433,-0.10875444370113968,9.77247929573059
-5.02115579370433,-0.10875444370113968,9.77247929573059
-5.02115579370433,-0.10875444370113968,9.77247929573059
-5.02115579370433,-0.10875444370113968,9.77247929573059
-4.817355163506125,-0.09034123062923911,9.77247929573059
-4.817355163506125,-0.09034123062923911,9.77247929573059
-4.817355163506125,-0.09034123062923911,9.77247929573059
-4.817355163506125,-0.09034123062923911,9.77247929573059
-4.6331663339122375,-0.10138250181335176,9.77247929573059
-4.6331663339122375,-0.10138250181335176,9.77247929573059
-4.6331663339122375,-0.10138250181335176,9.77247929573059
-4.6331663339122375,-0.10138250181335176,9.77247929573059
-4.6331663339122375,-0.10138250181335176,9.77247929573059
-4.487701499820777,-0.11178790293819353,9.77247929573059
-4.487701499820777,-0.11178790293819353,9.77247929573059
-4.487701499820777,-0.11178790293819353,9.77247929573059
-4.487701499820777,-0.11178790293819353,9.77247929573059
-4.487701499820777,-0.11178790293819353,9.77247929573059
-4.311899849551186,-0.11000882737614634,9.77247929573059
-4.311899849551186,-0.11000882737614634,9.77247929573059
-4.311899849551186,-0.11000882737614634,9.77247929573059
-4.311899849551186,-0.11000882737614634,9.77247929573059
-4.311899849551186,-0.11000882737614634,9.77247929573059
-4.144763580236034,-0.0861891982513008,9.77247929573059
-4.144763580236034,-0.0861891982513008,9.77247929573059
-4.144763580236034,-0.0861891982513008,9.77247929573059
-4.144763580236034,-0.0861891982513008,9.77247929573059
-4.144763580236034,-0.0861891982513008,9.77247929573059
-3.9714325388040046,-0.08186942447760642,9.77247929573059
-3.9714325388040046,-0.08186942447760642,9.77247929573059
-3.9714325388040046,-0.08186942447760642,9.77247929573059
-3.9714325388040046,-0.08186942447760642,9.77247929573059
-3.8092057639817045,-0.07741036234846213,9.77247929573059
-3.8092057639817045,-0.07741036234846213,9.77247929573059
-3.8092057639817045,-0.07741036234846213,9.77247929573059
-3.8092057639817045,-0.07741036234846213,9.77247929573059
-3.8092057639817045,-0.07741036234846213,9.77247929573059
-3.7537341734868948,-0.08403839689856082,9.77247929573059
-3.7537341734868948,-0.08403839689856082,9.77247929573059
-3.7537341734868948,-0.08403839689856082,9.77247929573059
-3.7537341734868948,-0.08403839689856082,9.77247929573059
-3.7537341734868948,-0.08403839689856082,9.77247929573059
-3.481072865284173,-0.0760208547396961,9.77247929573059
-3.481072865284173,-0.0760208547396961,9.77247929573059
-3.481072865284173,-0.0760208547396961,9.77247929573059
-3.481072865284173,-0.0760208547396961,9.77247929573059
-3.481072865284173,-0.0760208547396961,9.77247929573059
-3.420032229118179,-0.05192279137099136,9.77247929573059
-3.420032229118179,-0.05192279137099136,9.77247929573059
-3.420032229118179,-0.05192279137099136,9.77247929573059
-3.420032229118179,-0.05192279137099136,9.77247929573059
-3.2389547261780796,-0.04515393759630389,9.77247929573059
-3.2389547261780796,-0.04515393759630389,9.77247929573059
-3.2389547261780796,-0.04515393759630389,9.77247929573059
-3.2389547261780796,-0.04515393759630389,9.77247929573059
-3.2389547261780796,-0.04515393759630389,9.77247929573059
-3.03777347106197,-0.060570461109745344,9.77247929573059
-3.03777347106197,-0.060570461109745344,9.77247929573059
-3.03777347106197,-0.060570461109745344,9.77247929573059
-3.03777347106197,-0.060570461109745344,9.77247929573059
-2.8461203834922557,-0.09099357463624737,9.77247929573059
-2.8461203834922557,-0.09099357463624737,9.77247929573059
-2.8461203834922557,-0.09099357463624737,9.77247929573059
-2.8461203834922557,-0.09099357463624737,9.77247929573059
-2.7330074748133004,-0.11112497633095644,9.77247929573059
-2.7330074748133004,-0.11112497633095644,9.77247929573059
-2.7330074748133004,-0.11112497633095644,9.77247929573059
-2.7330074748133004,-0.11112497633095644,9.77247929573059
-2.6829566255157986,-0.13454676825026404,9.77247929573059
-2.6829566255157986,-0.13454676825026404,9.77247929573059
-2.6829566255157986,-0.13454676825026404,9.77247929573059
-2.6829566255157986,-0.13454676825026404,9.77247929573059
-2.6829566255157986,-0.13454676825026404,9.77247929573059
-2.5441342800420097,-0.136248053539973,9.77247929573059
-2.5441342800420097,-0.136248053539973,9.77247929573059
-2.5441342800420097,-0.136248053539973,9.77247929573059
-2.5441342800420097,-0.136248053539973,9.77247929573059
-2.367643701817405,-0.11692195830736128,9.77247929573059
-2.367643701817405,-0.11692195830736128,9.77247929573059
-2.367643701817405,-0.11692195830736128,9.77247929573059
-2.367643701817405,-0.11692195830736128,9.77247929573059
-2.367643701817405,-0.11692195830736128,9.77247929573059
-2.2108882206660994,-0.09322664180625972,9.77247929573059
-2.2108882206660994,-0.09322664180625972,9.77247929573059
-2.2108882206660994,-0.09322664180625972,9.77247929573059
-2.2108882206660994,-0.09322664180625972,9.77247929573059
-2.0522609668984364,-0.09150592126041243,9.77247929573059
-2.0522609668984364,-0.09150592126041243,9.77247929573059
-2.0522609668984364,-0.09150592126041243,9.77247929573059
-2.0522609668984364,-0.09150592126041243,9.77247929573059
-2.0522609668984364,-0.09150592126041243,9.77247929573059
-1.8923407871929032,-0.0908407795165889,9.77247929573059
-1.8923407871929032,-0.0908407795165889,9.77247929573059
-1.8923407871929032,-0.0908407795165889,9.77247929573059
-1.8923407871929032,-0.0908407795165889,9.77247929573059
-1.8923407871929032,-0.0908407795165889,9.77247929573059
-1.7721380626805174,-0.09077434250560959,9.77247929573059
-1.7721380626805174,-0.09077434250560959,9.77247929573059
-1.7721380626805174,-0.09077434250560959,9.77247929573059
-1.7721380626805174,-0.09077434250560959,9.77247929573059
-1.7721380626805174,-0.09077434250560959,9.77247929573059
-1.7721380626805174,-0.09077434250560959,9.77247929573059
-1.6163988407604077,-0.10117816311837687,9.77247929573059
-1.6163988407604077,-0.10117816311837687,9.77247929573059
-1.6163988407604077,-0.10117816311837687,9.77247929573059
-1.6163988407604077,-0.10117816311837687,9.77247929573059
-1.6163988407604077,-0.10117816311837687,9.77247929573059
-1.4060989291003632,-0.12823532507959579,9.77247929573059
-1.4060989291003632,-0.12823532507959579,9.77247929573059
-1.4060989291003632,-0.12823532507959579,9.77247929573059
-1.4060989291003632,-0.12823532507959579,9.77247929573059
-1.2056158657670228,-0.15833349015057865,9.77247929573059
-1.2056158657670228,-0.15833349015057865,9.77247929573059
-1.2056158657670228,-0.15833349015057865,9.77247929573059
-1.2056158657670228,-0.15833349015057865,9.77247929573059
-1.2056158657670228,-0.15833349015057865,9.77247929573059
-1.003062977390735,-0.14268678809224988,9.77247929573059
-1.003062977390735,-0.14268678809224988,9.77247929573059
-1.003062977390735,-0.14268678809224988,9.77247929573059
-1.003062977390735,-0.14268678809224988,9.77247929573059
-1.003062977390735,-0.14268678809224988,9.77247929573059
