x,y,lap_time_s
-2.1104469885847683,-0.654256112399572,7.74322772026062
-2.215112037692811,-0.7069380099695104,7.74322772026062
-2.4096494060946774,-0.7859086364473855,7.74322772026062
-2.5471517084605217,-0.8407346500961862,7.74322772026062
-2.7512250923178003,-0.9214327440140901,7.74322772026062
-3.0100216207880406,-1.025117772671912,7.74322772026062
-3.126793226258349,-1.0813788230961645,7.74322772026062
-3.2822908000582753,-1.1567384561566036,7.74322772026062
-3.485208313459639,-1.245382528460669,7.74322772026062
-3.609171188120051,-1.2986786237807963,7.74322772026062
-3.7784001197860193,-1.3730636345854117,7.74322772026062
-3.7784001197860193,-1.3730636345854117,7.74322772026062
-3.7784001197860193,-1.3730636345854117,7.74322772026062
-3.7784001197860193,-1.3730636345854117,7.74322772026062
-3.7784001197860193,-1.3730636345854117,7.74322772026062
-3.7784001197860193,-1.3730636345854117,7.74322772026062
-3.7784001197860193,-1.3730636345854117,7.74322772026062
-3.9570501822040214,-1.4538363131875383,7.74322772026062
-3.9570501822040214,-1.4538363131875383,7.74322772026062
-3.9570501822040214,-1.4538363131875383,7.74322772026062
-3.9570501822040214,-1.4538363131875383,7.74322772026062
-3.9570501822040214,-1.4538363131875383,7.74322772026062
-4.083500173510664,-1.5147749841042495,7.74322772026062
-4.083500173510664,-1.5147749841042495,7.74322772026062
-4.083500173510664,-1.5147749841042495,7.74322772026062
-4.083500173510664,-1.5147749841042495,7.74322772026062
-4.083500173510664,-1.5147749841042495,7.74322772026062
-4.206045909746491,-1.5749132893567783,7.74322772026062
-4.206045909746491,-1.5749132893567783,7.74322772026062
-4.206045909746491,-1.5749132893567783,7.74322772026062
-4.206045909746491,-1.5749132893567783,7.74322772026062
-4.206045909746491,-1.5749132893567783,7.74322772026062
-4.330734495223686,-1.6176633466487045,7.74322772026062
-4.330734495223686,-1.6176633466487045,7.74322772026062
-4.330734495223686,-1.6176633466487045,7.74322772026062
-4.330734495223686,-1.6176633466487045,7.74322772026062
-4.491837686338411,-1.6774760762607122,7.74322772026062
-4.491837686338411,-1.6774760762607122,7.74322772026062
-4.491837686338411,-1.6774760762607122,7.74322772026062
-4.491837686338411,-1.6774760762607122,7.74322772026062
-4.491837686338411,-1.6774760762607122,7.74322772026062
-4.638714623544689,-1.7276412494741413,7.74322772026062
-4.638714623544689,-1.7276412494741413,7.74322772026062
-4.638714623544689,-1.7276412494741413,7.74322772026062
-4.638714623544689,-1.7276412494741413,7.74322772026062
-4.638714623544689,-1.7276412494741413,7.74322772026062
-4.748255140121362,-1.7692278174311578,7.74322772026062
-4.748255140121362,-1.7692278174311578,7.74322772026062
-4.748255140121362,-1.7692278174311578,7.74322772026062
-4.748255140121362,-1.7692278174311578,7.74322772026062
-4.920585934770879,-1.8060934032201899,7.74322772026062
-4.920585934770879,-1.8060934032201899,7.74322772026062
-4.920585934770879,-1.8060934032201899,7.74322772026062
-4.920585934770879,-1.8060934032201899,7.74322772026062
-4.920585934770879,-1.8060934032201899,7.74322772026062
-4.982974892424183,-1.8245915359810705,7.74322772026062
-4.982974892424183,-1.8245915359810705,7.74322772026062
-4.982974892424183,-1.8245915359810705,7.74322772026062
-4.982974892424183,-1.8245915359810705,7.74322772026062
-4.982974892424183,-1.8245915359810705,7.74322772026062
-5.0705981089829235,-1.8569740248620037,7.74322772026062
-5.0705981089829235,-1.8569740248620037,7.74322772026062
-5.0705981089829235,-1.8569740248620037,7.74322772026062
-5.0705981089829235,-1.8569740248620037,7.74322772026062
-5.0705981089829235,-1.8569740248620037,7.74322772026062
-5.196628059220049,-1.8979999330175312,7.74322772026062
-5.196628059220049,-1.8979999330175312,7.74322772026062
-5.196628059220049,-1.8979999330175312,7.74322772026062
-5.196628059220049,-1.8979999330175312,7.74322772026062
-5.196628059220049,-1.8979999330175312,7.74322772026062
-5.312249891876235,-1.9163878557186682,7.74322772026062
-5.312249891876235,-1.9163878557186682,7.74322772026062
-5.312249891876235,-1.9163878557186682,7.74322772026062
-5.312249891876235,-1.9163878557186682,7.74322772026062
-5.426167014076387,-1.9423339915234303,7.74322772026062
-5.426167014076387,-1.9423339915234303,7.74322772026062
-5.426167014076387,-1.9423339915234303,7.74322772026062
-5.426167014076387,-1.9423339915234303,7.74322772026062
-5.426167014076387,-1.9423339915234303,7.74322772026062
-5.5469636687691075,-1.9628606709631553,7.74322772026062
-5.5469636687691075,-1.9628606709631553,7.74322772026062
-5.5469636687691075,-1.9628606709631553,7.74322772026062
-5.5469636687691075,-1.9628606709631553,7.74322772026062
-5.5469636687691075,-1.9628606709631553,7.74322772026062
-5.657109823251312,-1.9788850197797536,7.74322772026062
-5.657109823251312,-1.9788850197797536,7.74322772026062
-5.657109823251312,-1.9788850197797536,7.74322772026062
-5.657109823251312,-1.9788850197797536,7.74322772026062
-5.657109823251312,-1.9788850197797536,7.74322772026062
-5.79319847383509,-1.997130598377484,7.74322772026062
-5.79319847383509,-1.997130598377484,7.74322772026062
-5.79319847383509,-1.997130598377484,7.74322772026062
-5.79319847383509,-1.997130598377484,7.74322772026062
-5.945985988252156,-2.0079441918703993,7.74322772026062
-5.945985988252156,-2.0079441918703993,7.74322772026062
-5.945985988252156,-2.0079441918703993,7.74322772026062
-5.945985988252156,-2.0079441918703993,7.74322772026062
-5.945985988252156,-2.0079441918703993,7.74322772026062
-6.103934293570982,-2.015545954504723,7.74322772026062
-6.103934293570982,-2.015545954504723,7.74322772026062
-6.103934293570982,-2.015545954504723,7.74322772026062
-6.103934293570982,-2.015545954504723,7.74322772026062
-6.103934293570982,-2.015545954504723,7.74322772026062
-6.177832844066534,-2.0217254652686574,7.74322772026062
-6.177832844066534,-2.0217254652686574,7.74322772026062
-6.177832844066534,-2.0217254652686574,7.74322772026062
-6.177832844066534,-2.0217254652686574,7.74322772026062
-6.177832844066534,-2.0217254652686574,7.74322772026062
-6.309152738463138,-2.034530858323966,7.74322772026062
-6.309152738463138,-2.034530858323966,7.74322772026062
-6.309152738463138,-2.034530858323966,7.74322772026062
-6.309152738463138,-2.034530858323966,7.74322772026062
-6.309152738463138,-2.034530858323966,7.74322772026062
-6.466964937545144,-2.049396450516468,7.74322772026062
-6.466964937545144,-2.049396450516468,7.74322772026062
-6.466964937545144,-2.049396450516468,7.74322772026062
-6.466964937545144,-2.049396450516468,7.74322772026062
-6.466964937545144,-2.049396450516468,7.74322772026062
-6.6162388401303645,-2.060783580778055,7.74322772026062
-6.6162388401303645,-2.060783580778055,7.74322772026062
-6.6162388401303645,-2.060783580778055,7.74322772026062
-6.6162388401303645,-2.060783580778055,7.74322772026062
-6.818524498811895,-2.0857664321810447,7.74322772026062
-6.818524498811895,-2.0857664321810447,7.74322772026062
-6.818524498811895,-2.0857664321810447,7.74322772026062
-6.818524498811895,-2.0857664321810447,7.74322772026062
-6.818524498811895,-2.0857664321810447,7.74322772026062
-6.952380820343909,-2.0967661749764237,7.74322772026062
-6.952380820343909,-2.0967661749764237,7.74322772026062
-6.952380820343909,-2.0967661749764237,7.74322772026062
-6.952380820343909,-2.0967661749764237,7.74322772026062
-6.952380820343909,-2.0967661749764237,7.74322772026062
-6.952380820343909,-2.0967661749764237,7.74322772026062
-7.063272431843085,-2.100808501945033,7.74322772026062
-7.063272431843085,-2.100808501945033,7.74322772026062
-7.063272431843085,-2.100808501945033,7.74322772026062
-7.063272431843085,-2.100808501945033,7.74322772026062
-7.217910019785389,-2.1188076673084506,7.74322772026062
-7.217910019785389,-2.1188076673084506,7.74322772026062
-7.217910019785389,-2.1188076673084506,7.74322772026062
-7.217910019785389,-2.1188076673084506,7.74322772026062
-7.217910019785389,-2.1188076673084506,7.74322772026062
-7.366028743732224,-2.1388243669777913,7.74322772026062
-7.366028743732224,-2.1388243669777913,7.74322772026062
-7.366028743732224,-2.1388243669777913,7.74322772026062
-7.366028743732224,-2.1388243669777913,7.74322772026062
-7.366028743732224,-2.1388243669777913,7.74322772026062
-7.492963552013961,-2.1494604685586562,7.74322772026062
-7.492963552013961,-2.1494604685586562,7.74322772026062
-7.492963552013961,-2.1494604685586562,7.74322772026062
-7.492963552013961,-2.1494604685586562,7.74322772026062
-7.492963552013961,-2.1494604685586562,7.74322772026062
-7.633559890715241,-2.1621112166834684,7.74322772026062
-7.633559890715241,-2.1621112166834684,7.74322772026062
-7.633559890715241,-2.1621112166834684,7.74322772026062
-7.633559890715241,-2.1621112166834684,7.74322772026062
-7.633559890715241,-2.1621112166834684,7.74322772026062
-7.790522975490144,-2.1771041803461166,7.74322772026062
-7.790522975490144,-2.1771041803461166,7.74322772026062
-7.790522975490144,-2.1771041803461166,7.74322772026062
-7.790522975490144,-2.1771041803461166,7.74322772026062
-7.790522975490144,-2.1771041803461166,7.74322772026062
-7.93263450021348,-2.1926923824610833,7.74322772026062
-7.93263450021348,-2.1926923824610833,7.74322772026062
-7.93263450021348,-2.1926923824610833,7.74322772026062
-7.93263450021348,-2.1926923824610833,7.74322772026062
-8.09825711196215,-2.2079314183088314,7.74322772026062
-8.09825711196215,-2.2079314183088314,7.74322772026062
-8.09825711196215,-2.2079314183088314,7.74322772026062
-8.09825711196215,-2.2079314183088314,7.74322772026062
-8.09825711196215,-2.2079314183088314,7.74322772026062
-8.22981392332058,-2.2130924645921906,7.74322772026062
-8.22981392332058,-2.2130924645921906,7.74322772026062
-8.22981392332058,-2.2130924645921906,7.74322772026062
-8.22981392332058,-2.2130924645921906,7.74322772026062
-8.22981392332058,-2.2130924645921906,7.74322772026062
-8.397648392531716,-2.226407214226036,7.74322772026062
-8.397648392531716,-2.226407214226036,7.74322772026062
-8.397648392531716,-2.226407214226036,7.74322772026062
-8.397648392531716,-2.226407214226036,7.74322772026062
-8.397648392531716,-2.226407214226036,7.74322772026062
-8.537454434136363,-2.239355735245849,7.74322772026062
-8.537454434136363,-2.239355735245849,7.74322772026062
-8.537454434136363,-2.239355735245849,7.74322772026062
-8.537454434136363,-2.239355735245849,7.74322772026062
-8.72138327468459,-2.267628668970124,7.74322772026062
-8.72138327468459,-2.267628668970124,7.74322772026062
-8.72138327468459,-2.267628668970124,7.74322772026062
-8.72138327468459,-2.267628668970124,7.74322772026062
-8.72138327468459,-2.267628668970124,7.74322772026062
-8.869758867653351,-2.2862019206884145,7.74322772026062
-8.869758867653351,-2.2862019206884145,7.74322772026062
-8.869758867653351,-2.2862019206884145,7.74322772026062
-8.869758867653351,-2.2862019206884145,7.74322772026062
-8.869758867653351,-2.2862019206884145,7.74322772026062
-8.94042923218371,-2.283404963537798,7.74322772026062
-8.94042923218371,-2.283404963537798,7.74322772026062
-8.94042923218371,-2.283404963537798,7.74322772026062
-8.94042923218371,-2.283404963537798,7.74322772026062
-8.94042923218371,-2.283404963537798,7.74322772026062
-9.043734830456822,-2.3008417542255724,7.74322772026062
-9.043734830456822,-2.3008417542255724,7.74322772026062
-9.043734830456822,-2.3008417542255724,7.74322772026062
-9.043734830456822,-2.3008417542255724,7.74322772026062
-9.043734830456822,-2.3008417542255724,7.74322772026062
-9.199078098927401,-2.3350550136806976,7.74322772026062
-9.199078098927401,-2.3350550136806976,7.74322772026062
-9.199078098927401,-2.3350550136806976,7.74322772026062
-9.199078098927401,-2.3350550136806976,7.74322772026062
-9.199078098927401,-2.3350550136806976,7.74322772026062
-9.327639929103727,-2.3541993454824612,7.74322772026062
-9.327639929103727,-2.3541993454824612,7.74322772026062
-9.327639929103727,-2.3541993454824612,7.74322772026062
-9.327639929103727,-2.3541993454824612,7.74322772026062
-9.327639929103727,-2.3541993454824612,7.74322772026062
-9.437548920908707,-2.3700726684913684,7.74322772026062
-9.437548920908707,-2.3700726684913684,7.74322772026062
-9.437548920908707,-2.3700726684913684,7.74322772026062
-9.437548920908707,-2.3700726684913684,7.74322772026062
-9.437548920908707,-2.3700726684913684,7.74322772026062
-9.538607551334435,-2.4020418083933484,7.74322772026062
-9.538607551334435,-2.4020418083933484,7.74322772026062
-9.538607551334435,-2.4020418083933484,7.74322772026062
-9.538607551334435,-2.4020418083933484,7.74322772026062
-9.538607551334435,-2.4020418083933484,7.74322772026062
-9.666614256983639,-2.426825755462503,7.74322772026062
-9.666614256983639,-2.426825755462503,7.74322772026062
-9.666614256983639,-2.426825755462503,7.74322772026062
-9.666614256983639,-2.426825755462503,7.74322772026062
-9.666614256983639,-2.426825755462503,7.74322772026062
-9.806814109930945,-2.4476479699833695,7.74322772026062
-9.806814109930945,-2.4476479699833695,7.74322772026062
-9.806814109930945,-2.4476479699833695,7.74322772026062
-9.806814109930945,-2.4476479699833695,7.74322772026062
-9.806814109930945,-2.4476479699833695,7.74322772026062
-9.926501510521657,-2.4807709532986797,7.74322772026062
-9.926501510521657,-2.4807709532986797,7.74322772026062
-9.926501510521657,-2.4807709532986797,7.74322772026062
-9.926501510521657,-2.4807709532986797,7.74322772026062
-9.926501510521657,-2.4807709532986797,7.74322772026062
-10.053108625578265,-2.509888245335931,7.74322772026062
-10.053108625578265,-2.509888245335931,7.74322772026062
-10.053108625578265,-2.509888245335931,7.74322772026062
-10.053108625578265,-2.509888245335931,7.74322772026062
-10.053108625578265,-2.509888245335931,7.74322772026062
-10.137704868240178,-2.5403416710448314,7.74322772026062
-10.137704868240178,-2.5403416710448314,7.74322772026062
-10.137704868240178,-2.5403416710448314,7.74322772026062
-10.137704868240178,-2.5403416710448314,7.74322772026062
-10.137704868240178,-2.5403416710448314,7.74322772026062
-10.214464005857483,-2.569385282501428,7.74322772026062
-10.214464005857483,-2.569385282501428,7.74322772026062
-10.214464005857483,-2.569385282501428,7.74322772026062
-10.214464005857483,-2.569385282501428,7.74322772026062
-10.214464005857483,-2.569385282501428,7.74322772026062
-10.338312922714524,-2.620541078347356,7.74322772026062
-10.338312922714524,-2.620541078347356,7.74322772026062
-10.338312922714524,-2.620541078347356,7.74322772026062
-10.338312922714524,-2.620541078347356,7.74322772026062
-10.338312922714524,-2.620541078347356,7.74322772026062
-10.44675590904422,-2.668970577250977,7.74322772026062
-10.44675590904422,-2.668970577250977,7.74322772026062
-10.44675590904422,-2.668970577250977,7.74322772026062
-10.44675590904422,-2.668970577250977,7.74322772026062
-10.44675590904422,-2.668970577250977,7.74322772026062
-10.615656542433406,-2.7272360587247864,7.74322772026062
-10.615656542433406,-2.7272360587247864,7.74322772026062
-10.615656542433406,-2.7272360587247864,7.74322772026062
-10.615656542433406,-2.7272360587247864,7.74322772026062
-10.615656542433406,-2.7272360587247864,7.74322772026062
-10.733706357119004,-2.767819198308562,7.74322772026062
-10.733706357119004,-2.767819198308562,7.74322772026062
-10.733706357119004,-2.767819198308562,7.74322772026062
-10.733706357119004,-2.767819198308562,7.74322772026062
-10.733706357119004,-2.767819198308562,7.74322772026062
-10.870550353695322,-2.8223034549368275,7.74322772026062
-10.870550353695322,-2.8223034549368275,7.74322772026062
-10.870550353695322,-2.8223034549368275,7.74322772026062
-10.870550353695322,-2.8223034549368275,7.74322772026062
-10.870550353695322,-2.8223034549368275,7.74322772026062
-10.992911212178127,-2.884757204257796,7.74322772026062
-10.992911212178127,-2.884757204257796,7.74322772026062
-10.992911212178127,-2.884757204257796,7.74322772026062
-10.992911212178127,-2.884757204257796,7.74322772026062
-10.992911212178127,-2.884757204257796,7.74322772026062
-11.154194567618324,-2.9233735323616115,7.74322772026062
-11.154194567618324,-2.9233735323616115,7.74322772026062
-11.154194567618324,-2.9233735323616115,7.74322772026062
-11.154194567618324,-2.9233735323616115,7.74322772026062
-11.154194567618324,-2.9233735323616115,7.74322772026062
-11.324432494185489,-2.9783651531070143,7.74322772026062
-11.324432494185489,-2.9783651531070143,7.74322772026062
-11.324432494185489,-2.9783651531070143,7.74322772026062
-11.324432494185489,-2.9783651531070143,7.74322772026062
-11.324432494185489,-2.9783651531070143,7.74322772026062
-11.458901843594345,-3.0341345830843944,7.74322772026062
-11.458901843594345,-3.0341345830843944,7.74322772026062
-11.458901843594345,-3.0341345830843944,7.74322772026062
-11.458901843594345,-3.0341345830843944,7.74322772026062
-11.458901843594345,-3.0341345830843944,7.74322772026062
-11.59504801442328,-3.0816017756409817,7.74322772026062
-11.59504801442328,-3.0816017756409817,7.74322772026062
-11.59504801442328,-3.0816017756409817,7.74322772026062
-11.59504801442328,-3.0816017756409817,7.74322772026062
-11.59504801442328,-3.0816017756409817,7.74322772026062
-11.77458662994578,-3.1383459536848783,7.74322772026062
-11.77458662994578,-3.1383459536848783,7.74322772026062
-11.77458662994578,-3.1383459536848783,7.74322772026062
-11.77458662994578,-3.1383459536848783,7.74322772026062
-11.77458662994578,-3.1383459536848783,7.74322772026062
-11.936766296576996,-3.1870986332899456,7.74322772026062
-11.936766296576996,-3.1870986332899456,7.74322772026062
-11.936766296576996,-3.1870986332899456,7.74322772026062
-11.936766296576996,-3.1870986332899456,7.74322772026062
-11.936766296576996,-3.1870986332899456,7.74322772026062
-12.090106468052843,-3.2449215307978374,7.74322772026062
-12.090106468052843,-3.2449215307978374,7.74322772026062
-12.090106468052843,-3.2449215307978374,7.74322772026062
-12.090106468052843,-3.2449215307978374,7.74322772026062
-12.090106468052843,-3.2449215307978374,7.74322772026062
-12.262362757089027,-3.312823224330424,7.74322772026062
-12.262362757089027,-3.312823224330424,7.74322772026062
-12.262362757089027,-3.312823224330424,7.74322772026062
-12.262362757089027,-3.312823224330424,7.74322772026062
-12.262362757089027,-3.312823224330424,7.74322772026062
-12.38392308263276,-3.3676258712343636,7.74322772026062
-12.38392308263276,-3.3676258712343636,7.74322772026062
-12.38392308263276,-3.3676258712343636,7.74322772026062
-12.38392308263276,-3.3676258712343636,7.74322772026062
-12.38392308263276,-3.3676258712343636,7.74322772026062
-12.38392308263276,-3.3676258712343636,7.74322772026062
-12.576980619861134,-3.4345390901233643,7.74322772026062
-12.576980619861134,-3.4345390901233643,7.74322772026062
-12.576980619861134,-3.4345390901233643,7.74322772026062
-12.576980619861134,-3.4345390901233643,7.74322772026062
-12.576980619861134,-3.4345390901233643,7.74322772026062
-12.84085892334636,-3.5187764471885945,7.74322772026062
-12.84085892334636,-3.5187764471885945,7.74322772026062
-12.84085892334636,-3.5187764471885945,7.74322772026062
-12.84085892334636,-3.5187764471885945,7.74322772026062
-12.84085892334636,-3.5187764471885945,7.74322772026062
-12.999606135051488,-3.5629510794415253,7.74322772026062
-12.999606135051488,-3.5629510794415253,7.74322772026062
-12.999606135051488,-3.5629510794415253,7.74322772026062
-12.999606135051488,-3.5629510794415253,7.74322772026062
-12.999606135051488,-3.5629510794415253,7.74322772026062
-13.124942904142276,-3.6015997402570696,7.74322772026062
-13.124942904142276,-3.6015997402570696,7.74322772026062
-13.124942904142276,-3.6015997402570696,7.74322772026062
-13.124942904142276,-3.6015997402570696,7.74322772026062
-13.124942904142276,-3.6015997402570696,7.74322772026062
-13.235859620269922,-3.6363799224676954,7.74322772026062
-13.235859620269922,-3.6363799224676954,7.74322772026062
-13.235859620269922,-3.6363799224676954,7.74322772026062
-13.235859620269922,-3.6363799224676954,7.74322772026062
-13.235859620269922,-3.6363799224676954,7.74322772026062
-13.372707425453765,-3.6769974711522555,7.74322772026062
-13.372707425453765,-3.6769974711522555,7.74322772026062
-13.372707425453765,-3.6769974711522555,7.74322772026062
-13.372707425453765,-3.6769974711522555,7.74322772026062
-13.372707425453765,-3.6769974711522555,7.74322772026062
-13.372707425453765,-3.6769974711522555,7.74322772026062
-13.482196890477104,-3.711256379792471,7.74322772026062
-13.482196890477104,-3.711256379792471,7.74322772026062
-13.482196890477104,-3.711256379792471,7.74322772026062
-13.482196890477104,-3.711256379792471,7.74322772026062
-13.482196890477104,-3.711256379792471,7.74322772026062
-13.652618449893643,-3.7734247431632078,7.74322772026062
-13.652618449893643,-3.7734247431632078,7.74322772026062
-13.652618449893643,-3.7734247431632078,7.74322772026062
-13.652618449893643,-3.7734247431632078,7.74322772026062
-13.652618449893643,-3.7734247431632078,7.74322772026062
-13.806284842751575,-3.814581302041672,7.74322772026062
-13.806284842751575,-3.814581302041672,7.74322772026062
-13.806284842751575,-3.814581302041672,7.74322772026062
-13.806284842751575,-3.814581302041672,7.74322772026062
-13.806284842751575,-3.814581302041672,7.74322772026062
-13.994649201915095,-3.865397793868584,7.74322772026062
-13.994649201915095,-3.865397793868584,7.74322772026062
-13.994649201915095,-3.865397793868584,7.74322772026062
-13.994649201915095,-3.865397793868584,7.74322772026062
-13.994649201915095,-3.865397793868584,7.74322772026062
-13.994649201915095,-3.865397793868584,7.74322772026062
-14.14394705354033,-3.9163941620952882,7.74322772026062
-14.14394705354033,-3.9163941620952882,7.74322772026062
-14.14394705354033,-3.9163941620952882,7.74322772026062
-14.14394705354033,-3.9163941620952882,7.74322772026062
-14.14394705354033,-3.9163941620952882,7.74322772026062
-14.265263486731895,-3.952043734995679,7.74322772026062
-14.265263486731895,-3.952043734995679,7.74322772026062
-14.265263486731895,-3.952043734995679,7.74322772026062
-14.265263486731895,-3.952043734995679,7.74322772026062
-14.265263486731895,-3.952043734995679,7.74322772026062
-14.37407795435547,-3.9884065737640277,7.74322772026062
-14.37407795435547,-3.9884065737640277,7.74322772026062
-14.37407795435547,-3.9884065737640277,7.74322772026062
-14.37407795435547,-3.9884065737640277,7.74322772026062
-14.37407795435547,-3.9884065737640277,7.74322772026062
-14.510808441901693,-4.027271915977284,7.74322772026062
-14.510808441901693,-4.027271915977284,7.74322772026062
-14.510808441901693,-4.027271915977284,7.74322772026062
-14.510808441901693,-4.027271915977284,7.74322772026062
-14.510808441901693,-4.027271915977284,7.74322772026062
-14.641325156549447,-4.064030728592771,7.74322772026062
-14.641325156549447,-4.064030728592771,7.74322772026062
-14.641325156549447,-4.064030728592771,7.74322772026062
-14.641325156549447,-4.064030728592771,7.74322772026062
-14.641325156549447,-4.064030728592771,7.74322772026062
-14.795907384490366,-4.1045099884558125,7.74322772026062
-14.795907384490366,-4.1045099884558125,7.74322772026062
-14.795907384490366,-4.1045099884558125,7.74322772026062
-14.795907384490366,-4.1045099884558125,7.74322772026062
-14.795907384490366,-4.1045099884558125,7.74322772026062
-14.973827917727094,-4.140266000371008,7.74322772026062
-14.973827917727094,-4.140266000371008,7.74322772026062
-14.973827917727094,-4.140266000371008,7.74322772026062
-14.973827917727094,-4.140266000371008,7.74322772026062
-14.973827917727094,-4.140266000371008,7.74322772026062
-15.14409402996528,-4.177494383490782,7.74322772026062
-15.14409402996528,-4.177494383490782,7.74322772026062
-15.14409402996528,-4.177494383490782,7.74322772026062
-15.14409402996528,-4.177494383490782,7.74322772026062
-15.14409402996528,-4.177494383490782,7.74322772026062
-15.318667147645378,-4.216271534371892,7.74322772026062
-15.318667147645378,-4.216271534371892,7.74322772026062
-15.318667147645378,-4.216271534371892,7.74322772026062
-15.318667147645378,-4.216271534371892,7.74322772026062
-15.318667147645378,-4.216271534371892,7.74322772026062
-15.318667147645378,-4.216271534371892,7.74322772026062
-15.565810272685559,-4.263100909659476,7.74322772026062
-15.565810272685559,-4.263100909659476,7.74322772026062
-15.565810272685559,-4.263100909659476,7.74322772026062
-15.565810272685559,-4.263100909659476,7.74322772026062
-15.565810272685559,-4.263100909659476,7.74322772026062
-15.690993606099305,-4.2891078659753,7.74322772026062
-15.690993606099305,-4.2891078659753,7.74322772026062
-15.690993606099305,-4.2891078659753,7.74322772026062
-15.690993606099305,-4.2891078659753,7.74322772026062
-15.690993606099305,-4.2891078659753,7.74322772026062
-15.823054644287618,-4.3336043879181405,7.74322772026062
-15.823054644287618,-4.3336043879181405,7.74322772026062
-15.823054644287618,-4.3336043879181405,7.74322772026062
-15.823054644287618,-4.3336043879181405,7.74322772026062
-15.823054644287618,-4.3336043879181405,7.74322772026062
-16.024636892662464,-4.383135115766121,7.74322772026062
-16.024636892662464,-4.383135115766121,7.74322772026062
-16.024636892662464,-4.383135115766121,7.74322772026062
-16.024636892662464,-4.383135115766121,7.74322772026062
-16.024636892662464,-4.383135115766121,7.74322772026062
-16.024636892662464,-4.383135115766121,7.74322772026062
-16.224600784040575,-4.429538928692779,7.74322772026062
-16.224600784040575,-4.429538928692779,7.74322772026062
-16.224600784040575,-4.429538928692779,7.74322772026062
-16.224600784040575,-4.429538928692779,7.74322772026062
-16.224600784040575,-4.429538928692779,7.74322772026062
-16.438125546168635,-4.482339219086771,7.74322772026062
-16.438125546168635,-4.482339219086771,7.74322772026062
-16.438125546168635,-4.482339219086771,7.74322772026062
-16.438125546168635,-4.482339219086771,7.74322772026062
-16.438125546168635,-4.482339219086771,7.74322772026062
-16.643927361164927,-4.530690402020245,7.74322772026062
-16.643927361164927,-4.530690402020245,7.74322772026062
-16.643927361164927,-4.530690402020245,7.74322772026062
-16.643927361164927,-4.530690402020245,7.74322772026062
-16.643927361164927,-4.530690402020245,7.74322772026062
-16.817398712024087,-4.564935447803425,7.74322772026062
-16.817398712024087,-4.564935447803425,7.74322772026062
-16.817398712024087,-4.564935447803425,7.74322772026062
-16.817398712024087,-4.564935447803425,7.74322772026062
-16.817398712024087,-4.564935447803425,7.74322772026062
-17.001982512467887,-4.607885673956257,7.74322772026062
-17.001982512467887,-4.607885673956257,7.74322772026062
-17.001982512467887,-4.607885673956257,7.74322772026062
-17.001982512467887,-4.607885673956257,7.74322772026062
-17.001982512467887,-4.607885673956257,7.74322772026062
-17.117701102591035,-4.632208167256599,7.74322772026062
-17.117701102591035,-4.632208167256599,7.74322772026062
-17.117701102591035,-4.632208167256599,7.74322772026062
-17.117701102591035,-4.632208167256599,7.74322772026062
-17.117701102591035,-4.632208167256599,7.74322772026062
-17.326930271636908,-4.680593266383982,7.74322772026062
-17.326930271636908,-4.680593266383982,7.74322772026062
-17.326930271636908,-4.680593266383982,7.74322772026062
-17.326930271636908,-4.680593266383982,7.74322772026062
-17.326930271636908,-4.680593266383982,7.74322772026062
-17.475294469097474,-4.713167483503645,7.74322772026062
-17.475294469097474,-4.713167483503645,7.74322772026062
-17.475294469097474,-4.713167483503645,7.74322772026062
-17.475294469097474,-4.713167483503645,7.74322772026062
-17.475294469097474,-4.713167483503645,7.74322772026062
-17.591648272016084,-4.740085059997343,7.74322772026062
-17.591648272016084,-4.740085059997343,7.74322772026062
-17.591648272016084,-4.740085059997343,7.74322772026062
-17.591648272016084,-4.740085059997343,7.74322772026062
-17.591648272016084,-4.740085059997343,7.74322772026062
-17.775630461000965,-4.7816329427522275,7.74322772026062
-17.775630461000965,-4.7816329427522275,7.74322772026062
-17.775630461000965,-4.7816329427522275,7.74322772026062
-17.775630461000965,-4.7816329427522275,7.74322772026062
-17.775630461000965,-4.7816329427522275,7.74322772026062
-17.96628741121511,-4.821903864578423,7.74322772026062
-17.96628741121511,-4.821903864578423,7.74322772026062
-17.96628741121511,-4.821903864578423,7.74322772026062
-17.96628741121511,-4.821903864578423,7.74322772026062
-17.96628741121511,-4.821903864578423,7.74322772026062
-18.005013362620886,-4.833825699903512,7.74322772026062
-18.005013362620886,-4.833825699903512,7.74322772026062
-18.005013362620886,-4.833825699903512,7.74322772026062
-18.005013362620886,-4.833825699903512,7.74322772026062
-18.005013362620886,-4.833825699903512,7.74322772026062
-18.24595584191616,-4.873141759003791,7.74322772026062
-18.24595584191616,-4.873141759003791,7.74322772026062
-18.24595584191616,-4.873141759003791,7.74322772026062
-18.24595584191616,-4.873141759003791,7.74322772026062
-18.24595584191616,-4.873141759003791,7.74322772026062
-18.360100732367382,-4.889089645580178,7.74322772026062
-18.360100732367382,-4.889089645580178,7.74322772026062
-18.360100732367382,-4.889089645580178,7.74322772026062
-18.360100732367382,-4.889089645580178,7.74322772026062
-18.360100732367382,-4.889089645580178,7.74322772026062
-18.53863308167535,-4.940471721648564,7.74322772026062
-18.53863308167535,-4.940471721648564,7.74322772026062
-18.53863308167535,-4.940471721648564,7.74322772026062
-18.53863308167535,-4.940471721648564,7.74322772026062
-18.53863308167535,-4.940471721648564,7.74322772026062
-18.715392523788864,-4.986902864115281,7.74322772026062
-18.715392523788864,-4.986902864115281,7.74322772026062
-18.715392523788864,-4.986902864115281,7.74322772026062
-18.715392523788864,-4.986902864115281,7.74322772026062
-18.715392523788864,-4.986902864115281,7.74322772026062
-18.87609465168427,-5.031064402523484,7.74322772026062
-18.87609465168427,-5.031064402523484,7.74322772026062
-18.87609465168427,-5.031064402523484,7.74322772026062
-18.87609465168427,-5.031064402523484,7.74322772026062
-18.87609465168427,-5.031064402523484,7.74322772026062
-18.981485507275018,-5.062163010486092,7.74322772026062
-18.981485507275018,-5.062163010486092,7.74322772026062
-18.981485507275018,-5.062163010486092,7.74322772026062
-18.981485507275018,-5.062163010486092,7.74322772026062
-18.981485507275018,-5.062163010486092,7.74322772026062
-18.981485507275018,-5.062163010486092,7.74322772026062
-19.136878865362874,-5.089494735141265,7.74322772026062
-19.136878865362874,-5.089494735141265,7.74322772026062
-19.136878865362874,-5.089494735141265,7.74322772026062
-19.136878865362874,-5.089494735141265,7.74322772026062
-19.402494474784007,-5.151306281824233,7.74322772026062
-19.402494474784007,-5.151306281824233,7.74322772026062
-19.402494474784007,-5.151306281824233,7.74322772026062
-19.402494474784007,-5.151306281824233,7.74322772026062
-19.402494474784007,-5.151306281824233,7.74322772026062
-19.52697575155633,-5.181642327363779,7.74322772026062
-19.52697575155633,-5.181642327363779,7.74322772026062
-19.52697575155633,-5.181642327363779,7.74322772026062
-19.52697575155633,-5.181642327363779,7.74322772026062
-19.52697575155633,-5.181642327363779,7.74322772026062
-19.60184202938034,-5.20408103907035,7.74322772026062
-19.60184202938034,-5.20408103907035,7.74322772026062
-19.60184202938034,-5.20408103907035,7.74322772026062
-19.60184202938034,-5.20408103907035,7.74322772026062
-19.60184202938034,-5.20408103907035,7.74322772026062
-19.782614295751124,-5.249548807834703,7.74322772026062
-19.782614295751124,-5.249548807834703,7.74322772026062
-19.782614295751124,-5.249548807834703,7.74322772026062
-19.782614295751124,-5.249548807834703,7.74322772026062
-19.782614295751124,-5.249548807834703,7.74322772026062
-19.949540724365576,-5.2918355695517425,7.74322772026062
-19.949540724365576,-5.2918355695517425,7.74322772026062
-19.949540724365576,-5.2918355695517425,7.74322772026062
-19.949540724365576,-5.2918355695517425,7.74322772026062
-19.949540724365576,-5.2918355695517425,7.74322772026062
-20.118238074578866,-5.338722148585909,7.74322772026062
-20.118238074578866,-5.338722148585909,7.74322772026062
-20.118238074578866,-5.338722148585909,7.74322772026062
-20.118238074578866,-5.338722148585909,7.74322772026062
-20.118238074578866,-5.338722148585909,7.74322772026062
-20.284000267465967,-5.385755243184292,7.74322772026062
-20.284000267465967,-5.385755243184292,7.74322772026062
-20.284000267465967,-5.385755243184292,7.74322772026062
-20.284000267465967,-5.385755243184292,7.74322772026062
-20.284000267465967,-5.385755243184292,7.74322772026062
-20.455631177975025,-5.429974497083793,7.74322772026062
-20.455631177975025,-5.429974497083793,7.74322772026062
-20.455631177975025,-5.429974497083793,7.74322772026062
-20.455631177975025,-5.429974497083793,7.74322772026062
-20.455631177975025,-5.429974497083793,7.74322772026062
-20.455631177975025,-5.429974497083793,7.74322772026062
-20.65206678339162,-5.45684995255858,7.74322772026062
-20.65206678339162,-5.45684995255858,7.74322772026062
-20.65206678339162,-5.45684995255858,7.74322772026062
-20.65206678339162,-5.45684995255858,7.74322772026062
-20.65206678339162,-5.45684995255858,7.74322772026062
-20.76145541229389,-5.468905328584183,7.74322772026062
-20.76145541229389,-5.468905328584183,7.74322772026062
-20.76145541229389,-5.468905328584183,7.74322772026062
-20.76145541229389,-5.468905328584183,7.74322772026062
-20.76145541229389,-5.468905328584183,7.74322772026062
-20.76145541229389,-5.468905328584183,7.74322772026062
-20.87899224555487,-5.486642548624151,7.74322772026062
-20.87899224555487,-5.486642548624151,7.74322772026062
-20.87899224555487,-5.486642548624151,7.74322772026062
-20.87899224555487,-5.486642548624151,7.74322772026062
-20.87899224555487,-5.486642548624151,7.74322772026062
-20.987062297909834,-5.509249030376278,7.74322772026062
-20.987062297909834,-5.509249030376278,7.74322772026062
-20.987062297909834,-5.509249030376278,7.74322772026062
-20.987062297909834,-5.509249030376278,7.74322772026062
-20.987062297909834,-5.509249030376278,7.74322772026062
-21.17434666513052,-5.562407213705195,7.74322772026062
-21.17434666513052,-5.562407213705195,7.74322772026062
-21.17434666513052,-5.562407213705195,7.74322772026062
-21.17434666513052,-5.562407213705195,7.74322772026062
-21.17434666513052,-5.562407213705195,7.74322772026062
-21.280114656923047,-5.59534437698341,7.74322772026062
-21.280114656923047,-5.59534437698341,7.74322772026062
-21.280114656923047,-5.59534437698341,7.74322772026062
-21.280114656923047,-5.59534437698341,7.74322772026062
-21.280114656923047,-5.59534437698341,7.74322772026062
-21.417048330911395,-5.627198878721664,7.74322772026062
-21.417048330911395,-5.627198878721664,7.74322772026062
-21.417048330911395,-5.627198878721664,7.74322772026062
-21.417048330911395,-5.627198878721664,7.74322772026062
-21.417048330911395,-5.627198878721664,7.74322772026062
-21.417048330911395,-5.627198878721664,7.74322772026062
-21.54631678957219,-5.670882836446558,7.74322772026062
-21.54631678957219,-5.670882836446558,7.74322772026062
-21.54631678957219,-5.670882836446558,7.74322772026062
-21.54631678957219,-5.670882836446558,7.74322772026062
-21.54631678957219,-5.670882836446558,7.74322772026062
-21.54631678957219,-5.670882836446558,7.74322772026062
-21.680123779086802,-5.721166526514947,7.74322772026062
-21.680123779086802,-5.721166526514947,7.74322772026062
-21.680123779086802,-5.721166526514947,7.74322772026062
-21.680123779086802,-5.721166526514947,7.74322772026062
-21.680123779086802,-5.721166526514947,7.74322772026062
-21.82331473423485,-5.7785630425566055,7.74322772026062
-21.82331473423485,-5.7785630425566055,7.74322772026062
-21.82331473423485,-5.7785630425566055,7.74322772026062
-21.82331473423485,-5.7785630425566055,7.74322772026062
-21.82331473423485,-5.7785630425566055,7.74322772026062
-22.024146711640586,-5.8423572100879495,7.74322772026062
-22.024146711640586,-5.8423572100879495,7.74322772026062
-22.024146711640586,-5.8423572100879495,7.74322772026062
-22.024146711640586,-5.8423572100879495,7.74322772026062
-22.024146711640586,-5.8423572100879495,7.74322772026062
-22.024146711640586,-5.8423572100879495,7.74322772026062
-22.15383267571983,-5.87744739563977,7.74322772026062
-22.15383267571983,-5.87744739563977,7.74322772026062
-22.15383267571983,-5.87744739563977,7.74322772026062
-22.15383267571983,-5.87744739563977,7.74322772026062
-22.15383267571983,-5.87744739563977,7.74322772026062
-22.30448953743035,-5.917737644534856,7.74322772026062
-22.30448953743035,-5.917737644534856,7.74322772026062
-22.30448953743035,-5.917737644534856,7.74322772026062
-22.30448953743035,-5.917737644534856,7.74322772026062
-22.30448953743035,-5.917737644534856,7.74322772026062
-22.42783524954875,-5.952217237540905,7.74322772026062
-22.42783524954875,-5.952217237540905,7.74322772026062
-22.42783524954875,-5.952217237540905,7.74322772026062
-22.42783524954875,-5.952217237540905,7.74322772026062
-22.42783524954875,-5.952217237540905,7.74322772026062
-22.580336924835343,-5.996466103285806,7.74322772026062
-22.580336924835343,-5.996466103285806,7.74322772026062
-22.580336924835343,-5.996466103285806,7.74322772026062
-22.580336924835343,-5.996466103285806,7.74322772026062
-22.580336924835343,-5.996466103285806,7.74322772026062
-22.684679431273086,-6.0296804226059475,7.74322772026062
-22.684679431273086,-6.0296804226059475,7.74322772026062
-22.684679431273086,-6.0296804226059475,7.74322772026062
-22.684679431273086,-6.0296804226059475,7.74322772026062
-22.684679431273086,-6.0296804226059475,7.74322772026062
-22.90794148521069,-6.106646024148427,7.74322772026062
-22.90794148521069,-6.106646024148427,7.74322772026062
-22.90794148521069,-6.106646024148427,7.74322772026062
-22.90794148521069,-6.106646024148427,7.74322772026062
-22.90794148521069,-6.106646024148427,7.74322772026062
-23.051952969376757,-6.160334584469323,7.74322772026062
-23.051952969376757,-6.160334584469323,7.74322772026062
-23.051952969376757,-6.160334584469323,7.74322772026062
-23.051952969376757,-6.160334584469323,7.74322772026062
-23.051952969376757,-6.160334584469323,7.74322772026062
-23.183267822408837,-6.202105598323987,7.74322772026062
-23.183267822408837,-6.202105598323987,7.74322772026062
-23.183267822408837,-6.202105598323987,7.74322772026062
-23.183267822408837,-6.202105598323987,7.74322772026062
-23.183267822408837,-6.202105598323987,7.74322772026062
-23.183267822408837,-6.202105598323987,7.74322772026062
-23.29992811729717,-6.229320055293922,7.74322772026062
-23.29992811729717,-6.229320055293922,7.74322772026062
-23.29992811729717,-6.229320055293922,7.74322772026062
-23.29992811729717,-6.229320055293922,7.74322772026062
-23.29992811729717,-6.229320055293922,7.74322772026062
-23.535429538560216,-6.310696230896049,7.74322772026062
-23.535429538560216,-6.310696230896049,7.74322772026062
-23.535429538560216,-6.310696230896049,7.74322772026062
-23.535429538560216,-6.310696230896049,7.74322772026062
-23.535429538560216,-6.310696230896049,7.74322772026062
-23.535429538560216,-6.310696230896049,7.74322772026062
-23.723248093237302,-6.370931693799315,7.74322772026062
-23.723248093237302,-6.370931693799315,7.74322772026062
-23.723248093237302,-6.370931693799315,7.74322772026062
-23.723248093237302,-6.370931693799315,7.74322772026062
-23.723248093237302,-6.370931693799315,7.74322772026062
-23.838377088451253,-6.4052705146220505,7.74322772026062
-23.838377088451253,-6.4052705146220505,7.74322772026062
-23.838377088451253,-6.4052705146220505,7.74322772026062
-23.838377088451253,-6.4052705146220505,7.74322772026062
-23.838377088451253,-6.4052705146220505,7.74322772026062
-23.838377088451253,-6.4052705146220505,7.74322772026062
-23.991919008570814,-6.448113912823612,7.74322772026062
-23.991919008570814,-6.448113912823612,7.74322772026062
-23.991919008570814,-6.448113912823612,7.74322772026062
-23.991919008570814,-6.448113912823612,7.74322772026062
-23.991919008570814,-6.448113912823612,7.74322772026062
-24.12525401866243,-6.4881877742909655,7.74322772026062
-24.12525401866243,-6.4881877742909655,7.74322772026062
-24.12525401866243,-6.4881877742909655,7.74322772026062
-24.12525401866243,-6.4881877742909655,7.74322772026062
-24.12525401866243,-6.4881877742909655,7.74322772026062
-24.12525401866243,-6.4881877742909655,7.74322772026062
-24.246624810813657,-6.526033270332956,7.74322772026062
-24.246624810813657,-6.526033270332956,7.74322772026062
-24.246624810813657,-6.526033270332956,7.74322772026062
-24.246624810813657,-6.526033270332956,7.74322772026062
-24.246624810813657,-6.526033270332956,7.74322772026062
-24.354297690407183,-6.562495667630922,7.74322772026062
-24.354297690407183,-6.562495667630922,7.74322772026062
-24.354297690407183,-6.562495667630922,7.74322772026062
-24.354297690407183,-6.562495667630922,7.74322772026062
-24.354297690407183,-6.562495667630922,7.74322772026062
-24.58288262736357,-6.62051687901302,7.74322772026062
-24.58288262736357,-6.62051687901302,7.74322772026062
-24.58288262736357,-6.62051687901302,7.74322772026062
-24.58288262736357,-6.62051687901302,7.74322772026062
-24.58288262736357,-6.62051687901302,7.74322772026062
-24.709535943656547,-6.6527326299026015,7.74322772026062
-24.709535943656547,-6.6527326299026015,7.74322772026062
-24.709535943656547,-6.6527326299026015,7.74322772026062
-24.709535943656547,-6.6527326299026015,7.74322772026062
-24.709535943656547,-6.6527326299026015,7.74322772026062
-24.709535943656547,-6.6527326299026015,7.74322772026062
-24.880979823780024,-6.693718367584314,7.74322772026062
-24.880979823780024,-6.693718367584314,7.74322772026062
-24.880979823780024,-6.693718367584314,7.74322772026062
-24.880979823780024,-6.693718367584314,7.74322772026062
-24.880979823780024,-6.693718367584314,7.74322772026062
-25.054214261737442,-6.736445597192272,7.74322772026062
-25.054214261737442,-6.736445597192272,7.74322772026062
-25.054214261737442,-6.736445597192272,7.74322772026062
-25.054214261737442,-6.736445597192272,7.74322772026062
-25.054214261737442,-6.736445597192272,7.74322772026062
-25.230291033818776,-6.77446641719109,7.74322772026062
-25.230291033818776,-6.77446641719109,7.74322772026062
-25.230291033818776,-6.77446641719109,7.74322772026062
-25.230291033818776,-6.77446641719109,7.74322772026062
-25.230291033818776,-6.77446641719109,7.74322772026062
-25.230291033818776,-6.77446641719109,7.74322772026062
-25.36403471902256,-6.7986502443465655,7.74322772026062
-25.36403471902256,-6.7986502443465655,7.74322772026062
-25.36403471902256,-6.7986502443465655,7.74322772026062
-25.36403471902256,-6.7986502443465655,7.74322772026062
-25.36403471902256,-6.7986502443465655,7.74322772026062
-25.617647919263128,-6.859527819310021,7.74322772026062
-25.617647919263128,-6.859527819310021,7.74322772026062
-25.617647919263128,-6.859527819310021,7.74322772026062
-25.617647919263128,-6.859527819310021,7.74322772026062
-25.617647919263128,-6.859527819310021,7.74322772026062
-25.799167947553183,-6.8981774753777385,7.74322772026062
-25.799167947553183,-6.8981774753777385,7.74322772026062
-25.799167947553183,-6.8981774753777385,7.74322772026062
-25.799167947553183,-6.8981774753777385,7.74322772026062
-25.799167947553183,-6.8981774753777385,7.74322772026062
-25.984626885310615,-6.948210873646772,7.74322772026062
-25.984626885310615,-6.948210873646772,7.74322772026062
-25.984626885310615,-6.948210873646772,7.74322772026062
-25.984626885310615,-6.948210873646772,7.74322772026062
-25.984626885310615,-6.948210873646772,7.74322772026062
-26.217875560900644,-7.012751110136997,7.74322772026062
-26.217875560900644,-7.012751110136997,7.74322772026062
-26.217875560900644,-7.012751110136997,7.74322772026062
-26.217875560900644,-7.012751110136997,7.74322772026062
-26.217875560900644,-7.012751110136997,7.74322772026062
-26.217875560900644,-7.012751110136997,7.74322772026062
-26.411486785202637,-7.06252248082061,7.74322772026062
-26.411486785202637,-7.06252248082061,7.74322772026062
-26.411486785202637,-7.06252248082061,7.74322772026062
-26.411486785202637,-7.06252248082061,7.74322772026062
-26.411486785202637,-7.06252248082061,7.74322772026062
-26.642558833059322,-7.120718346232541,7.74322772026062
-26.642558833059322,-7.120718346232541,7.74322772026062
-26.642558833059322,-7.120718346232541,7.74322772026062
-26.642558833059322,-7.120718346232541,7.74322772026062
-26.642558833059322,-7.120718346232541,7.74322772026062
-26.83572708910168,-7.180607716183216,7.74322772026062
-26.83572708910168,-7.180607716183216,7.74322772026062
-26.83572708910168,-7.180607716183216,7.74322772026062
-26.83572708910168,-7.180607716183216,7.74322772026062
-26.83572708910168,-7.180607716183216,7.74322772026062
-27.024301984526783,-7.230403750629334,7.74322772026062
-27.024301984526783,-7.230403750629334,7.74322772026062
-27.024301984526783,-7.230403750629334,7.74322772026062
-27.024301984526783,-7.230403750629334,7.74322772026062
-27.024301984526783,-7.230403750629334,7.74322772026062
-27.208684872100623,-7.2854740731031775,7.74322772026062
-27.208684872100623,-7.2854740731031775,7.74322772026062
-27.208684872100623,-7.2854740731031775,7.74322772026062
-27.208684872100623,-7.2854740731031775,7.74322772026062
-27.208684872100623,-7.2854740731031775,7.74322772026062
-27.383532963775394,-7.33524633187092,7.74322772026062
-27.383532963775394,-7.33524633187092,7.74322772026062
-27.383532963775394,-7.33524633187092,7.74322772026062
-27.383532963775394,-7.33524633187092,7.74322772026062
-27.383532963775394,-7.33524633187092,7.74322772026062
-27.529804963471076,-7.375955115589116,7.74322772026062
-27.529804963471076,-7.375955115589116,7.74322772026062
-27.529804963471076,-7.375955115589116,7.74322772026062
-27.529804963471076,-7.375955115589116,7.74322772026062
-27.529804963471076,-7.375955115589116,7.74322772026062
-27.685914741290155,-7.41868161269738,7.74322772026062
-27.685914741290155,-7.41868161269738,7.74322772026062
-27.685914741290155,-7.41868161269738,7.74322772026062
-27.685914741290155,-7.41868161269738,7.74322772026062
-27.685914741290155,-7.41868161269738,7.74322772026062
-27.862149771653918,-7.4601649819703,7.74322772026062
-27.862149771653918,-7.4601649819703,7.74322772026062
-27.862149771653918,-7.4601649819703,7.74322772026062
-27.862149771653918,-7.4601649819703,7.74322772026062
-27.862149771653918,-7.4601649819703,7.74322772026062
-28.021213972760723,-7.480151946524959,7.74322772026062
-28.021213972760723,-7.480151946524959,7.74322772026062
-28.021213972760723,-7.480151946524959,7.74322772026062
-28.021213972760723,-7.480151946524959,7.74322772026062
-28.021213972760723,-7.480151946524959,7.74322772026062
-28.176708074288104,-7.503002053734925,7.74322772026062
-28.176708074288104,-7.503002053734925,7.74322772026062
-28.176708074288104,-7.503002053734925,7.74322772026062
-28.176708074288104,-7.503002053734925,7.74322772026062
-28.176708074288104,-7.503002053734925,7.74322772026062
-28.33925508567973,-7.5298833411937585,7.74322772026062
-28.33925508567973,-7.5298833411937585,7.74322772026062
-28.33925508567973,-7.5298833411937585,7.74322772026062
-28.33925508567973,-7.5298833411937585,7.74322772026062
-28.33925508567973,-7.5298833411937585,7.74322772026062
-28.33925508567973,-7.5298833411937585,7.74322772026062
-28.486563572502636,-7.566370530642975,7.74322772026062
-28.486563572502636,-7.566370530642975,7.74322772026062
-28.486563572502636,-7.566370530642975,7.74322772026062
-28.486563572502636,-7.566370530642975,7.74322772026062
-28.486563572502636,-7.566370530642975,7.74322772026062
-28.64531510067861,-7.610416808730514,7.74322772026062
-28.64531510067861,-7.610416808730514,7.74322772026062
-28.64531510067861,-7.610416808730514,7.74322772026062
-28.64531510067861,-7.610416808730514,7.74322772026062
-28.792115349885155,-7.652415489804072,7.74322772026062
-28.792115349885155,-7.652415489804072,7.74322772026062
-28.792115349885155,-7.652415489804072,7.74322772026062
-28.792115349885155,-7.652415489804072,7.74322772026062
-28.792115349885155,-7.652415489804072,7.74322772026062
-28.917181159182398,-7.687745852156951,7.74322772026062
-28.917181159182398,-7.687745852156951,7.74322772026062
-28.917181159182398,-7.687745852156951,7.74322772026062
-28.917181159182398,-7.687745852156951,7.74322772026062
-28.917181159182398,-7.687745852156951,7.74322772026062
-29.07621234181706,-7.7364515597079,7.74322772026062
-29.07621234181706,-7.7364515597079,7.74322772026062
-29.07621234181706,-7.7364515597079,7.74322772026062
-29.07621234181706,-7.7364515597079,7.74322772026062
-29.07621234181706,-7.7364515597079,7.74322772026062
-29.233061033897336,-7.784243763348369,7.74322772026062
-29.233061033897336,-7.784243763348369,7.74322772026062
-29.233061033897336,-7.784243763348369,7.74322772026062
-29.233061033897336,-7.784243763348369,7.74322772026062
-29.233061033897336,-7.784243763348369,7.74322772026062
-29.391537770595928,-7.8262807138207,7.74322772026062
-29.391537770595928,-7.8262807138207,7.74322772026062
-29.391537770595928,-7.8262807138207,7.74322772026062
-29.391537770595928,-7.8262807138207,7.74322772026062
-29.391537770595928,-7.8262807138207,7.74322772026062
-29.53389123865516,-7.866049600488299,7.74322772026062
-29.53389123865516,-7.866049600488299,7.74322772026062
-29.53389123865516,-7.866049600488299,7.74322772026062
-29.53389123865516,-7.866049600488299,7.74322772026062
-29.53389123865516,-7.866049600488299,7.74322772026062
-29.681634114941467,-7.903737623130945,7.74322772026062
-29.681634114941467,-7.903737623130945,7.74322772026062
-29.681634114941467,-7.903737623130945,7.74322772026062
-29.681634114941467,-7.903737623130945,7.74322772026062
-29.681634114941467,-7.903737623130945,7.74322772026062
-29.829001055767478,-7.941906786020332,7.74322772026062
-29.829001055767478,-7.941906786020332,7.74322772026062
-29.829001055767478,-7.941906786020332,7.74322772026062
-29.829001055767478,-7.941906786020332,7.74322772026062
-29.829001055767478,-7.941906786020332,7.74322772026062
-29.98219629477372,-7.983391217614085,7.74322772026062
-29.98219629477372,-7.983391217614085,7.74322772026062
-29.98219629477372,-7.983391217614085,7.74322772026062
-29.98219629477372,-7.983391217614085,7.74322772026062
-29.98219629477372,-7.983391217614085,7.74322772026062
-30.130566853793855,-8.0264299075749,7.74322772026062
-30.130566853793855,-8.0264299075749,7.74322772026062
-30.130566853793855,-8.0264299075749,7.74322772026062
-30.130566853793855,-8.0264299075749,7.74322772026062
-30.130566853793855,-8.0264299075749,7.74322772026062
-30.270042326440155,-8.071162778507064,7.74322772026062
-30.270042326440155,-8.071162778507064,7.74322772026062
-30.270042326440155,-8.071162778507064,7.74322772026062
-30.270042326440155,-8.071162778507064,7.74322772026062
-30.270042326440155,-8.071162778507064,7.74322772026062
-30.418538762612922,-8.116252317499672,7.74322772026062
-30.418538762612922,-8.116252317499672,7.74322772026062
-30.418538762612922,-8.116252317499672,7.74322772026062
-30.418538762612922,-8.116252317499672,7.74322772026062
-30.418538762612922,-8.116252317499672,7.74322772026062
-30.551608552784725,-8.156981460477109,7.74322772026062
-30.551608552784725,-8.156981460477109,7.74322772026062
-30.551608552784725,-8.156981460477109,7.74322772026062
-30.551608552784725,-8.156981460477109,7.74322772026062
-30.551608552784725,-8.156981460477109,7.74322772026062
-30.696501002373004,-8.196399204487308,7.74322772026062
-30.696501002373004,-8.196399204487308,7.74322772026062
-30.696501002373004,-8.196399204487308,7.74322772026062
-30.696501002373004,-8.196399204487308,7.74322772026062
-30.85477519909139,-8.237207455423128,7.74322772026062
-30.85477519909139,-8.237207455423128,7.74322772026062
-30.85477519909139,-8.237207455423128,7.74322772026062
-30.85477519909139,-8.237207455423128,7.74322772026062
-30.85477519909139,-8.237207455423128,7.74322772026062
-30.999272850936602,-8.278790104310938,7.74322772026062
-30.999272850936602,-8.278790104310938,7.74322772026062
-30.999272850936602,-8.278790104310938,7.74322772026062
-30.999272850936602,-8.278790104310938,7.74322772026062
-30.999272850936602,-8.278790104310938,7.74322772026062
-31.145478738961323,-8.317352707444886,7.74322772026062
-31.145478738961323,-8.317352707444886,7.74322772026062
-31.145478738961323,-8.317352707444886,7.74322772026062
-31.145478738961323,-8.317352707444886,7.74322772026062
-31.145478738961323,-8.317352707444886,7.74322772026062
-31.145478738961323,-8.317352707444886,7.74322772026062
23.550996295548867,9.983816509135277,7.74322772026062
23.550996295548867,9.983816509135277,7.74322772026062
23.550996295548867,9.983816509135277,7.74322772026062
23.550996295548867,9.983816509135277,7.74322772026062
23.550996295548867,9.983816509135277,7.74322772026062
23.550996295548867,9.983816509135277,7.74322772026062
23.550996295548867,9.983816509135277,7.74322772026062
23.576113402979782,10.069488793622279,7.74322772026062
23.576113402979782,10.069488793622279,7.74322772026062
23.576113402979782,10.069488793622279,7.74322772026062
23.576113402979782,10.069488793622279,7.74322772026062
23.576113402979782,10.069488793622279,7.74322772026062
23.587335074240315,10.100073575565963,7.74322772026062
23.587335074240315,10.100073575565963,7.74322772026062
23.587335074240315,10.100073575565963,7.74322772026062
23.587335074240315,10.100073575565963,7.74322772026062
23.587335074240315,10.100073575565963,7.74322772026062
23.589745662167903,10.107894846102235,7.74322772026062
23.589745662167903,10.107894846102235,7.74322772026062
23.589745662167903,10.107894846102235,7.74322772026062
23.589745662167903,10.107894846102235,7.74322772026062
23.589745662167903,10.107894846102235,7.74322772026062
23.578029238230748,10.082268839047835,7.74322772026062
23.578029238230748,10.082268839047835,7.74322772026062
23.578029238230748,10.082268839047835,7.74322772026062
23.578029238230748,10.082268839047835,7.74322772026062
23.578029238230748,10.082268839047835,7.74322772026062
23.560290251059687,10.061172451132158,7.74322772026062
23.560290251059687,10.061172451132158,7.74322772026062
23.560290251059687,10.061172451132158,7.74322772026062
23.560290251059687,10.061172451132158,7.74322772026062
23.560290251059687,10.061172451132158,7.74322772026062
23.549520292165933,10.039013258841713,7.74322772026062
23.549520292165933,10.039013258841713,7.74322772026062
23.549520292165933,10.039013258841713,7.74322772026062
23.549520292165933,10.039013258841713,7.74322772026062
23.549520292165933,10.039013258841713,7.74322772026062
23.542151404865262,10.02747158707865,7.74322772026062
23.542151404865262,10.02747158707865,7.74322772026062
23.542151404865262,10.02747158707865,7.74322772026062
23.542151404865262,10.02747158707865,7.74322772026062
23.557607555449255,10.014896916836799,7.74322772026062
23.557607555449255,10.014896916836799,7.74322772026062
23.557607555449255,10.014896916836799,7.74322772026062
23.557607555449255,10.014896916836799,7.74322772026062
23.557607555449255,10.014896916836799,7.74322772026062
23.559461114250784,10.016854066147069,7.74322772026062
23.559461114250784,10.016854066147069,7.74322772026062
23.559461114250784,10.016854066147069,7.74322772026062
23.559461114250784,10.016854066147069,7.74322772026062
23.520229202269746,9.975758624702111,7.74322772026062
23.520229202269746,9.975758624702111,7.74322772026062
23.520229202269746,9.975758624702111,7.74322772026062
23.520229202269746,9.975758624702111,7.74322772026062
23.520229202269746,9.975758624702111,7.74322772026062
23.50846327225717,9.91988923961701,7.74322772026062
23.50846327225717,9.91988923961701,7.74322772026062
23.50846327225717,9.91988923961701,7.74322772026062
23.50846327225717,9.91988923961701,7.74322772026062
23.50846327225717,9.91988923961701,7.74322772026062
23.502287509550705,9.84452038923412,7.74322772026062
23.502287509550705,9.84452038923412,7.74322772026062
23.502287509550705,9.84452038923412,7.74322772026062
23.502287509550705,9.84452038923412,7.74322772026062
23.47582795413577,9.78578019703718,7.74322772026062
23.47582795413577,9.78578019703718,7.74322772026062
23.47582795413577,9.78578019703718,7.74322772026062
23.47582795413577,9.78578019703718,7.74322772026062
23.46570983913987,9.732922788459241,7.74322772026062
23.46570983913987,9.732922788459241,7.74322772026062
23.46570983913987,9.732922788459241,7.74322772026062
23.46570983913987,9.732922788459241,7.74322772026062
23.46570983913987,9.732922788459241,7.74322772026062
23.45897889188894,9.703325445674208,7.74322772026062
23.45897889188894,9.703325445674208,7.74322772026062
23.45897889188894,9.703325445674208,7.74322772026062
23.45897889188894,9.703325445674208,7.74322772026062
23.44546664140454,9.639206527069975,7.74322772026062
23.44546664140454,9.639206527069975,7.74322772026062
23.44546664140454,9.639206527069975,7.74322772026062
23.44546664140454,9.639206527069975,7.74322772026062
23.44546664140454,9.639206527069975,7.74322772026062
23.425568746312344,9.580634402015406,7.74322772026062
23.425568746312344,9.580634402015406,7.74322772026062
23.425568746312344,9.580634402015406,7.74322772026062
23.425568746312344,9.580634402015406,7.74322772026062
23.39225606438456,9.51725632771921,7.74322772026062
23.39225606438456,9.51725632771921,7.74322772026062
23.39225606438456,9.51725632771921,7.74322772026062
23.39225606438456,9.51725632771921,7.74322772026062
23.39225606438456,9.51725632771921,7.74322772026062
23.379381621498748,9.481474148606107,7.74322772026062
23.379381621498748,9.481474148606107,7.74322772026062
23.379381621498748,9.481474148606107,7.74322772026062
23.379381621498748,9.481474148606107,7.74322772026062
23.35824546573797,9.419400438603738,7.74322772026062
23.35824546573797,9.419400438603738,7.74322772026062
23.35824546573797,9.419400438603738,7.74322772026062
23.35824546573797,9.419400438603738,7.74322772026062
23.33968535811536,9.346803945884353,7.74322772026062
23.33968535811536,9.346803945884353,7.74322772026062
23.33968535811536,9.346803945884353,7.74322772026062
23.33968535811536,9.346803945884353,7.74322772026062
23.33968535811536,9.346803945884353,7.74322772026062
23.310674892250745,9.269439495494629,7.74322772026062
23.310674892250745,9.269439495494629,7.74322772026062
23.310674892250745,9.269439495494629,7.74322772026062
23.310674892250745,9.269439495494629,7.74322772026062
23.26854210947928,9.188798818608701,7.74322772026062
23.26854210947928,9.188798818608701,7.74322772026062
23.26854210947928,9.188798818608701,7.74322772026062
23.26854210947928,9.188798818608701,7.74322772026062
23.26854210947928,9.188798818608701,7.74322772026062
23.25318228929478,9.142998669261248,7.74322772026062
23.25318228929478,9.142998669261248,7.74322772026062
23.25318228929478,9.142998669261248,7.74322772026062
23.25318228929478,9.142998669261248,7.74322772026062
23.25318228929478,9.142998669261248,7.74322772026062
23.207983972075922,9.064099730812881,7.74322772026062
23.207983972075922,9.064099730812881,7.74322772026062
23.207983972075922,9.064099730812881,7.74322772026062
23.207983972075922,9.064099730812881,7.74322772026062
23.16849652944112,8.989333154082718,7.74322772026062
23.16849652944112,8.989333154082718,7.74322772026062
23.16849652944112,8.989333154082718,7.74322772026062
23.16849652944112,8.989333154082718,7.74322772026062
23.16849652944112,8.989333154082718,7.74322772026062
23.130859210656983,8.910277639693565,7.74322772026062
23.130859210656983,8.910277639693565,7.74322772026062
23.130859210656983,8.910277639693565,7.74322772026062
23.130859210656983,8.910277639693565,7.74322772026062
23.087768031260374,8.843220484644766,7.74322772026062
23.087768031260374,8.843220484644766,7.74322772026062
23.087768031260374,8.843220484644766,7.74322772026062
23.087768031260374,8.843220484644766,7.74322772026062
23.087768031260374,8.843220484644766,7.74322772026062
23.070516108949683,8.827805033101182,7.74322772026062
23.070516108949683,8.827805033101182,7.74322772026062
23.070516108949683,8.827805033101182,7.74322772026062
23.070516108949683,8.827805033101182,7.74322772026062
23.049335077299375,8.748327715884724,7.74322772026062
23.049335077299375,8.748327715884724,7.74322772026062
23.049335077299375,8.748327715884724,7.74322772026062
23.049335077299375,8.748327715884724,7.74322772026062
23.049335077299375,8.748327715884724,7.74322772026062
23.005968673400886,8.67243579919782,7.74322772026062
23.005968673400886,8.67243579919782,7.74322772026062
23.005968673400886,8.67243579919782,7.74322772026062
23.005968673400886,8.67243579919782,7.74322772026062
22.958752623886994,8.593699777787458,7.74322772026062
22.958752623886994,8.593699777787458,7.74322772026062
22.958752623886994,8.593699777787458,7.74322772026062
22.958752623886994,8.593699777787458,7.74322772026062
22.909393239265842,8.504915808350248,7.74322772026062
22.909393239265842,8.504915808350248,7.74322772026062
22.909393239265842,8.504915808350248,7.74322772026062
22.909393239265842,8.504915808350248,7.74322772026062
22.909393239265842,8.504915808350248,7.74322772026062
22.855501219995734,8.432957672658732,7.74322772026062
22.855501219995734,8.432957672658732,7.74322772026062
22.855501219995734,8.432957672658732,7.74322772026062
22.855501219995734,8.432957672658732,7.74322772026062
22.855501219995734,8.432957672658732,7.74322772026062
22.817671455848277,8.396797989956191,7.74322772026062
22.817671455848277,8.396797989956191,7.74322772026062
22.817671455848277,8.396797989956191,7.74322772026062
22.817671455848277,8.396797989956191,7.74322772026062
22.753332378117964,8.321170891579179,7.74322772026062
22.753332378117964,8.321170891579179,7.74322772026062
22.753332378117964,8.321170891579179,7.74322772026062
22.753332378117964,8.321170891579179,7.74322772026062
22.70802140598126,8.259542499781915,7.74322772026062
22.70802140598126,8.259542499781915,7.74322772026062
22.70802140598126,8.259542499781915,7.74322772026062
22.70802140598126,8.259542499781915,7.74322772026062
22.70802140598126,8.259542499781915,7.74322772026062
22.643018310043484,8.19976719808985,7.74322772026062
22.643018310043484,8.19976719808985,7.74322772026062
22.643018310043484,8.19976719808985,7.74322772026062
22.643018310043484,8.19976719808985,7.74322772026062
22.617713277706557,8.17116747612178,7.74322772026062
22.617713277706557,8.17116747612178,7.74322772026062
22.617713277706557,8.17116747612178,7.74322772026062
22.617713277706557,8.17116747612178,7.74322772026062
22.617713277706557,8.17116747612178,7.74322772026062
22.566438288335885,8.092505673774141,7.74322772026062
22.566438288335885,8.092505673774141,7.74322772026062
22.566438288335885,8.092505673774141,7.74322772026062
22.566438288335885,8.092505673774141,7.74322772026062
22.508554652883916,8.027590579794287,7.74322772026062
22.508554652883916,8.027590579794287,7.74322772026062
22.508554652883916,8.027590579794287,7.74322772026062
22.508554652883916,8.027590579794287,7.74322772026062
22.508554652883916,8.027590579794287,7.74322772026062
22.43720847055689,7.959951188536118,7.74322772026062
22.43720847055689,7.959951188536118,7.74322772026062
22.43720847055689,7.959951188536118,7.74322772026062
22.43720847055689,7.959951188536118,7.74322772026062
22.372665121676132,7.882180355863595,7.74322772026062
22.372665121676132,7.882180355863595,7.74322772026062
22.372665121676132,7.882180355863595,7.74322772026062
22.372665121676132,7.882180355863595,7.74322772026062
22.372665121676132,7.882180355863595,7.74322772026062
22.337151201650315,7.851645345857796,7.74322772026062
22.337151201650315,7.851645345857796,7.74322772026062
22.337151201650315,7.851645345857796,7.74322772026062
22.337151201650315,7.851645345857796,7.74322772026062
22.337151201650315,7.851645345857796,7.74322772026062
22.26545394317707,7.765576717473748,7.74322772026062
22.26545394317707,7.765576717473748,7.74322772026062
22.26545394317707,7.765576717473748,7.74322772026062
22.26545394317707,7.765576717473748,7.74322772026062
22.182562681868312,7.693720005066832,7.74322772026062
22.182562681868312,7.693720005066832,7.74322772026062
22.182562681868312,7.693720005066832,7.74322772026062
22.182562681868312,7.693720005066832,7.74322772026062
22.182562681868312,7.693720005066832,7.74322772026062
22.119006981551294,7.635559735275117,7.74322772026062
22.119006981551294,7.635559735275117,7.74322772026062
22.119006981551294,7.635559735275117,7.74322772026062
22.119006981551294,7.635559735275117,7.74322772026062
22.119006981551294,7.635559735275117,7.74322772026062
22.065525121704262,7.569281538912377,7.74322772026062
22.065525121704262,7.569281538912377,7.74322772026062
22.065525121704262,7.569281538912377,7.74322772026062
22.065525121704262,7.569281538912377,7.74322772026062
21.98062391728565,7.497727928584317,7.74322772026062
21.98062391728565,7.497727928584317,7.74322772026062
21.98062391728565,7.497727928584317,7.74322772026062
21.98062391728565,7.497727928584317,7.74322772026062
21.98062391728565,7.497727928584317,7.74322772026062
21.92564252131348,7.45421815245897,7.74322772026062
21.92564252131348,7.45421815245897,7.74322772026062
21.92564252131348,7.45421815245897,7.74322772026062
21.92564252131348,7.45421815245897,7.74322772026062
21.92564252131348,7.45421815245897,7.74322772026062
21.837737941130737,7.383810563399261,7.74322772026062
21.837737941130737,7.383810563399261,7.74322772026062
21.837737941130737,7.383810563399261,7.74322772026062
21.837737941130737,7.383810563399261,7.74322772026062
21.74913573876238,7.31544867016432,7.74322772026062
21.74913573876238,7.31544867016432,7.74322772026062
21.74913573876238,7.31544867016432,7.74322772026062
21.74913573876238,7.31544867016432,7.74322772026062
21.74913573876238,7.31544867016432,7.74322772026062
21.679066643986356,7.239880578602726,7.74322772026062
21.679066643986356,7.239880578602726,7.74322772026062
21.679066643986356,7.239880578602726,7.74322772026062
21.679066643986356,7.239880578602726,7.74322772026062
21.679066643986356,7.239880578602726,7.74322772026062
21.587660163245886,7.16168385885609,7.74322772026062
21.587660163245886,7.16168385885609,7.74322772026062
21.587660163245886,7.16168385885609,7.74322772026062
21.587660163245886,7.16168385885609,7.74322772026062
21.497412481838754,7.10584959034919,7.74322772026062
21.497412481838754,7.10584959034919,7.74322772026062
21.497412481838754,7.10584959034919,7.74322772026062
21.497412481838754,7.10584959034919,7.74322772026062
21.497412481838754,7.10584959034919,7.74322772026062
21.40608478463154,7.035084850150253,7.74322772026062
21.40608478463154,7.035084850150253,7.74322772026062
21.40608478463154,7.035084850150253,7.74322772026062
21.40608478463154,7.035084850150253,7.74322772026062
21.312125956371364,6.968349295306534,7.74322772026062
21.312125956371364,6.968349295306534,7.74322772026062
21.312125956371364,6.968349295306534,7.74322772026062
21.312125956371364,6.968349295306534,7.74322772026062
21.312125956371364,6.968349295306534,7.74322772026062
21.27051813304158,6.939529787984515,7.74322772026062
21.27051813304158,6.939529787984515,7.74322772026062
21.27051813304158,6.939529787984515,7.74322772026062
21.27051813304158,6.939529787984515,7.74322772026062
21.27051813304158,6.939529787984515,7.74322772026062
21.183279176911647,6.868526492566868,7.74322772026062
21.183279176911647,6.868526492566868,7.74322772026062
21.183279176911647,6.868526492566868,7.74322772026062
21.183279176911647,6.868526492566868,7.74322772026062
21.08573691630812,6.792634466643286,7.74322772026062
21.08573691630812,6.792634466643286,7.74322772026062
21.08573691630812,6.792634466643286,7.74322772026062
21.08573691630812,6.792634466643286,7.74322772026062
21.08573691630812,6.792634466643286,7.74322772026062
20.9818227523969,6.715071713631481,7.74322772026062
20.9818227523969,6.715071713631481,7.74322772026062
20.9818227523969,6.715071713631481,7.74322772026062
20.9818227523969,6.715071713631481,7.74322772026062
20.9818227523969,6.715071713631481,7.74322772026062
20.869937320471657,6.641400302459874,7.74322772026062
20.869937320471657,6.641400302459874,7.74322772026062
20.869937320471657,6.641400302459874,7.74322772026062
20.869937320471657,6.641400302459874,7.74322772026062
20.765332442378632,6.566723124282935,7.74322772026062
20.765332442378632,6.566723124282935,7.74322772026062
20.765332442378632,6.566723124282935,7.74322772026062
20.765332442378632,6.566723124282935,7.74322772026062
20.765332442378632,6.566723124282935,7.74322772026062
20.671397654905114,6.508906952981439,7.74322772026062
20.671397654905114,6.508906952981439,7.74322772026062
20.671397654905114,6.508906952981439,7.74322772026062
20.671397654905114,6.508906952981439,7.74322772026062
20.671397654905114,6.508906952981439,7.74322772026062
20.64807554271125,6.493809634055877,7.74322772026062
20.64807554271125,6.493809634055877,7.74322772026062
20.64807554271125,6.493809634055877,7.74322772026062
20.64807554271125,6.493809634055877,7.74322772026062
20.566416249371184,6.438919693502327,7.74322772026062
20.566416249371184,6.438919693502327,7.74322772026062
20.566416249371184,6.438919693502327,7.74322772026062
20.566416249371184,6.438919693502327,7.74322772026062
20.566416249371184,6.438919693502327,7.74322772026062
20.44422268045398,6.3654633533126335,7.74322772026062
20.44422268045398,6.3654633533126335,7.74322772026062
20.44422268045398,6.3654633533126335,7.74322772026062
20.44422268045398,6.3654633533126335,7.74322772026062
20.44422268045398,6.3654633533126335,7.74322772026062
20.300045411007048,6.259116382035487,7.74322772026062
20.300045411007048,6.259116382035487,7.74322772026062
20.300045411007048,6.259116382035487,7.74322772026062
20.300045411007048,6.259116382035487,7.74322772026062
20.19572551078334,6.192925416923577,7.74322772026062
20.19572551078334,6.192925416923577,7.74322772026062
20.19572551078334,6.192925416923577,7.74322772026062
20.19572551078334,6.192925416923577,7.74322772026062
20.19572551078334,6.192925416923577,7.74322772026062
20.076505186561597,6.138473676561334,7.74322772026062
20.076505186561597,6.138473676561334,7.74322772026062
20.076505186561597,6.138473676561334,7.74322772026062
20.076505186561597,6.138473676561334,7.74322772026062
20.076505186561597,6.138473676561334,7.74322772026062
19.970301803810216,6.0873649391098725,7.74322772026062
19.970301803810216,6.0873649391098725,7.74322772026062
19.970301803810216,6.0873649391098725,7.74322772026062
19.970301803810216,6.0873649391098725,7.74322772026062
19.970301803810216,6.0873649391098725,7.74322772026062
19.869809299576026,6.033500556248429,7.74322772026062
19.869809299576026,6.033500556248429,7.74322772026062
19.869809299576026,6.033500556248429,7.74322772026062
19.869809299576026,6.033500556248429,7.74322772026062
19.745468363622575,5.955316398617675,7.74322772026062
19.745468363622575,5.955316398617675,7.74322772026062
19.745468363622575,5.955316398617675,7.74322772026062
19.745468363622575,5.955316398617675,7.74322772026062
19.745468363622575,5.955316398617675,7.74322772026062
19.68840338757848,5.919484226492324,7.74322772026062
19.68840338757848,5.919484226492324,7.74322772026062
19.68840338757848,5.919484226492324,7.74322772026062
19.68840338757848,5.919484226492324,7.74322772026062
19.68840338757848,5.919484226492324,7.74322772026062
19.555213649181468,5.835580743643185,7.74322772026062
19.555213649181468,5.835580743643185,7.74322772026062
19.555213649181468,5.835580743643185,7.74322772026062
19.555213649181468,5.835580743643185,7.74322772026062
19.44333896554266,5.778000137533988,7.74322772026062
19.44333896554266,5.778000137533988,7.74322772026062
19.44333896554266,5.778000137533988,7.74322772026062
19.44333896554266,5.778000137533988,7.74322772026062
19.44333896554266,5.778000137533988,7.74322772026062
19.32453406382688,5.7106489690292275,7.74322772026062
19.32453406382688,5.7106489690292275,7.74322772026062
19.32453406382688,5.7106489690292275,7.74322772026062
19.32453406382688,5.7106489690292275,7.74322772026062
19.32453406382688,5.7106489690292275,7.74322772026062
19.18808340286819,5.629361415165495,7.74322772026062
19.18808340286819,5.629361415165495,7.74322772026062
19.18808340286819,5.629361415165495,7.74322772026062
19.18808340286819,5.629361415165495,7.74322772026062
19.06496289959287,5.573035278191919,7.74322772026062
19.06496289959287,5.573035278191919,7.74322772026062
19.06496289959287,5.573035278191919,7.74322772026062
19.06496289959287,5.573035278191919,7.74322772026062
19.010870723234387,5.553546290018346,7.74322772026062
19.010870723234387,5.553546290018346,7.74322772026062
19.010870723234387,5.553546290018346,7.74322772026062
19.010870723234387,5.553546290018346,7.74322772026062
19.010870723234387,5.553546290018346,7.74322772026062
18.88076644301374,5.491298316648094,7.74322772026062
18.88076644301374,5.491298316648094,7.74322772026062
18.88076644301374,5.491298316648094,7.74322772026062
18.88076644301374,5.491298316648094,7.74322772026062
18.88076644301374,5.491298316648094,7.74322772026062
18.750027138620506,5.434496283583221,7.74322772026062
18.750027138620506,5.434496283583221,7.74322772026062
18.750027138620506,5.434496283583221,7.74322772026062
18.750027138620506,5.434496283583221,7.74322772026062
18.627799859683265,5.382237996897043,7.74322772026062
18.627799859683265,5.382237996897043,7.74322772026062
18.627799859683265,5.382237996897043,7.74322772026062
18.627799859683265,5.382237996897043,7.74322772026062
18.627799859683265,5.382237996897043,7.74322772026062
18.498321045287717,5.3225576195082995,7.74322772026062
18.498321045287717,5.3225576195082995,7.74322772026062
18.498321045287717,5.3225576195082995,7.74322772026062
18.498321045287717,5.3225576195082995,7.74322772026062
18.380500278460975,5.266011802760073,7.74322772026062
18.380500278460975,5.266011802760073,7.74322772026062
18.380500278460975,5.266011802760073,7.74322772026062
18.380500278460975,5.266011802760073,7.74322772026062
18.380500278460975,5.266011802760073,7.74322772026062
18.31401265086332,5.2350481416947705,7.74322772026062
18.31401265086332,5.2350481416947705,7.74322772026062
18.31401265086332,5.2350481416947705,7.74322772026062
18.31401265086332,5.2350481416947705,7.74322772026062
18.193065803971447,5.158175019635022,7.74322772026062
18.193065803971447,5.158175019635022,7.74322772026062
18.193065803971447,5.158175019635022,7.74322772026062
18.193065803971447,5.158175019635022,7.74322772026062
18.193065803971447,5.158175019635022,7.74322772026062
18.03567896541108,5.070008391847013,7.74322772026062
18.03567896541108,5.070008391847013,7.74322772026062
18.03567896541108,5.070008391847013,7.74322772026062
18.03567896541108,5.070008391847013,7.74322772026062
17.867785978773533,4.988859899582939,7.74322772026062
17.867785978773533,4.988859899582939,7.74322772026062
17.867785978773533,4.988859899582939,7.74322772026062
17.867785978773533,4.988859899582939,7.74322772026062
17.867785978773533,4.988859899582939,7.74322772026062
17.78462536524259,4.966148073407542,7.74322772026062
17.78462536524259,4.966148073407542,7.74322772026062
17.78462536524259,4.966148073407542,7.74322772026062
17.78462536524259,4.966148073407542,7.74322772026062
17.6428933992392,4.9101828977093,7.74322772026062
17.6428933992392,4.9101828977093,7.74322772026062
17.6428933992392,4.9101828977093,7.74322772026062
17.6428933992392,4.9101828977093,7.74322772026062
17.6428933992392,4.9101828977093,7.74322772026062
17.505091850538694,4.86571366718464,7.74322772026062
17.505091850538694,4.86571366718464,7.74322772026062
17.505091850538694,4.86571366718464,7.74322772026062
17.505091850538694,4.86571366718464,7.74322772026062
17.367386240408564,4.823040856634111,7.74322772026062
17.367386240408564,4.823040856634111,7.74322772026062
17.367386240408564,4.823040856634111,7.74322772026062
17.367386240408564,4.823040856634111,7.74322772026062
17.367386240408564,4.823040856634111,7.74322772026062
17.244961806833427,4.785469119113987,7.74322772026062
17.244961806833427,4.785469119113987,7.74322772026062
17.244961806833427,4.785469119113987,7.74322772026062
17.244961806833427,4.785469119113987,7.74322772026062
17.126544044967485,4.738739160714399,7.74322772026062
17.126544044967485,4.738739160714399,7.74322772026062
17.126544044967485,4.738739160714399,7.74322772026062
17.126544044967485,4.738739160714399,7.74322772026062
17.126544044967485,4.738739160714399,7.74322772026062
17.063156353454584,4.709369021386039,7.74322772026062
17.063156353454584,4.709369021386039,7.74322772026062
17.063156353454584,4.709369021386039,7.74322772026062
17.063156353454584,4.709369021386039,7.74322772026062
16.912842753394603,4.641311311286825,7.74322772026062
16.912842753394603,4.641311311286825,7.74322772026062
16.912842753394603,4.641311311286825,7.74322772026062
16.912842753394603,4.641311311286825,7.74322772026062
16.912842753394603,4.641311311286825,7.74322772026062
16.78056650598566,4.581025268845114,7.74322772026062
16.78056650598566,4.581025268845114,7.74322772026062
16.78056650598566,4.581025268845114,7.74322772026062
16.78056650598566,4.581025268845114,7.74322772026062
16.63316411489261,4.5105670427944915,7.74322772026062
16.63316411489261,4.5105670427944915,7.74322772026062
16.63316411489261,4.5105670427944915,7.74322772026062
16.63316411489261,4.5105670427944915,7.74322772026062
16.63316411489261,4.5105670427944915,7.74322772026062
16.543857640977773,4.461764652871861,7.74322772026062
16.543857640977773,4.461764652871861,7.74322772026062
16.543857640977773,4.461764652871861,7.74322772026062
16.543857640977773,4.461764652871861,7.74322772026062
16.543857640977773,4.461764652871861,7.74322772026062
16.42067868149702,4.405670513056396,7.74322772026062
16.42067868149702,4.405670513056396,7.74322772026062
16.42067868149702,4.405670513056396,7.74322772026062
16.42067868149702,4.405670513056396,7.74322772026062
16.280811016416877,4.349942441121635,7.74322772026062
16.280811016416877,4.349942441121635,7.74322772026062
16.280811016416877,4.349942441121635,7.74322772026062
16.280811016416877,4.349942441121635,7.74322772026062
16.280811016416877,4.349942441121635,7.74322772026062
16.161464962247162,4.301803174142939,7.74322772026062
16.161464962247162,4.301803174142939,7.74322772026062
16.161464962247162,4.301803174142939,7.74322772026062
16.161464962247162,4.301803174142939,7.74322772026062
16.161464962247162,4.301803174142939,7.74322772026062
16.039346960825586,4.25909091447362,7.74322772026062
16.039346960825586,4.25909091447362,7.74322772026062
16.039346960825586,4.25909091447362,7.74322772026062
16.039346960825586,4.25909091447362,7.74322772026062
15.892919314261535,4.209951007620048,7.74322772026062
15.892919314261535,4.209951007620048,7.74322772026062
15.892919314261535,4.209951007620048,7.74322772026062
15.892919314261535,4.209951007620048,7.74322772026062
15.892919314261535,4.209951007620048,7.74322772026062
15.744519068610254,4.159159566373781,7.74322772026062
15.744519068610254,4.159159566373781,7.74322772026062
15.744519068610254,4.159159566373781,7.74322772026062
15.744519068610254,4.159159566373781,7.74322772026062
15.744519068610254,4.159159566373781,7.74322772026062
15.59942632426625,4.11045415587214,7.74322772026062
15.59942632426625,4.11045415587214,7.74322772026062
15.59942632426625,4.11045415587214,7.74322772026062
15.59942632426625,4.11045415587214,7.74322772026062
15.59942632426625,4.11045415587214,7.74322772026062
15.456959028253099,4.055704900502416,7.74322772026062
15.456959028253099,4.055704900502416,7.74322772026062
15.456959028253099,4.055704900502416,7.74322772026062
15.456959028253099,4.055704900502416,7.74322772026062
15.456959028253099,4.055704900502416,7.74322772026062
15.31363845594774,4.006616035423898,7.74322772026062
15.31363845594774,4.006616035423898,7.74322772026062
15.31363845594774,4.006616035423898,7.74322772026062
15.31363845594774,4.006616035423898,7.74322772026062
15.31363845594774,4.006616035423898,7.74322772026062
15.14153960171636,3.9476646656746714,7.74322772026062
15.14153960171636,3.9476646656746714,7.74322772026062
15.14153960171636,3.9476646656746714,7.74322772026062
15.14153960171636,3.9476646656746714,7.74322772026062
14.976705457682138,3.8954119370054134,7.74322772026062
14.976705457682138,3.8954119370054134,7.74322772026062
14.976705457682138,3.8954119370054134,7.74322772026062
14.976705457682138,3.8954119370054134,7.74322772026062
14.976705457682138,3.8954119370054134,7.74322772026062
14.910668299745096,3.871354143325315,7.74322772026062
14.910668299745096,3.871354143325315,7.74322772026062
14.910668299745096,3.871354143325315,7.74322772026062
14.910668299745096,3.871354143325315,7.74322772026062
14.910668299745096,3.871354143325315,7.74322772026062
14.75336280105832,3.8226956476818734,7.74322772026062
14.75336280105832,3.8226956476818734,7.74322772026062
14.75336280105832,3.8226956476818734,7.74322772026062
14.75336280105832,3.8226956476818734,7.74322772026062
14.598407700771084,3.774816433523281,7.74322772026062
14.598407700771084,3.774816433523281,7.74322772026062
14.598407700771084,3.774816433523281,7.74322772026062
14.598407700771084,3.774816433523281,7.74322772026062
14.598407700771084,3.774816433523281,7.74322772026062
14.459287500651724,3.7305892290052545,7.74322772026062
14.459287500651724,3.7305892290052545,7.74322772026062
14.459287500651724,3.7305892290052545,7.74322772026062
14.459287500651724,3.7305892290052545,7.74322772026062
14.31735779666145,3.6808284239347153,7.74322772026062
14.31735779666145,3.6808284239347153,7.74322772026062
14.31735779666145,3.6808284239347153,7.74322772026062
14.31735779666145,3.6808284239347153,7.74322772026062
14.31735779666145,3.6808284239347153,7.74322772026062
14.2139865870227,3.6602355594547693,7.74322772026062
14.2139865870227,3.6602355594547693,7.74322772026062
14.2139865870227,3.6602355594547693,7.74322772026062
14.2139865870227,3.6602355594547693,7.74322772026062
14.106123268017857,3.6169933899772437,7.74322772026062
14.106123268017857,3.6169933899772437,7.74322772026062
14.106123268017857,3.6169933899772437,7.74322772026062
14.106123268017857,3.6169933899772437,7.74322772026062
14.106123268017857,3.6169933899772437,7.74322772026062
13.976832088676817,3.5808993091181205,7.74322772026062
13.976832088676817,3.5808993091181205,7.74322772026062
13.976832088676817,3.5808993091181205,7.74322772026062
13.976832088676817,3.5808993091181205,7.74322772026062
13.813483325178769,3.5453112177836856,7.74322772026062
13.813483325178769,3.5453112177836856,7.74322772026062
13.813483325178769,3.5453112177836856,7.74322772026062
13.813483325178769,3.5453112177836856,7.74322772026062
13.813483325178769,3.5453112177836856,7.74322772026062
13.626896817424402,3.505031581172615,7.74322772026062
13.626896817424402,3.505031581172615,7.74322772026062
13.626896817424402,3.505031581172615,7.74322772026062
13.626896817424402,3.505031581172615,7.74322772026062
13.626896817424402,3.505031581172615,7.74322772026062
13.463019238378584,3.4454695888140368,7.74322772026062
13.463019238378584,3.4454695888140368,7.74322772026062
13.463019238378584,3.4454695888140368,7.74322772026062
13.463019238378584,3.4454695888140368,7.74322772026062
13.330585154216042,3.404549244166989,7.74322772026062
13.330585154216042,3.404549244166989,7.74322772026062
13.330585154216042,3.404549244166989,7.74322772026062
13.330585154216042,3.404549244166989,7.74322772026062
13.330585154216042,3.404549244166989,7.74322772026062
13.269423496284533,3.3938904965806724,7.74322772026062
13.269423496284533,3.3938904965806724,7.74322772026062
13.269423496284533,3.3938904965806724,7.74322772026062
13.269423496284533,3.3938904965806724,7.74322772026062
13.269423496284533,3.3938904965806724,7.74322772026062
13.15286283763164,3.3605466403832183,7.74322772026062
13.15286283763164,3.3605466403832183,7.74322772026062
13.15286283763164,3.3605466403832183,7.74322772026062
13.15286283763164,3.3605466403832183,7.74322772026062
12.99771303371012,3.329369505953569,7.74322772026062
12.99771303371012,3.329369505953569,7.74322772026062
12.99771303371012,3.329369505953569,7.74322772026062
12.99771303371012,3.329369505953569,7.74322772026062
12.99771303371012,3.329369505953569,7.74322772026062
12.852781464073994,3.296048982825259,7.74322772026062
12.852781464073994,3.296048982825259,7.74322772026062
12.852781464073994,3.296048982825259,7.74322772026062
12.852781464073994,3.296048982825259,7.74322772026062
12.67570130744348,3.2605715399361244,7.74322772026062
12.67570130744348,3.2605715399361244,7.74322772026062
12.67570130744348,3.2605715399361244,7.74322772026062
12.67570130744348,3.2605715399361244,7.74322772026062
12.67570130744348,3.2605715399361244,7.74322772026062
12.52317147342895,3.234139737436572,7.74322772026062
12.52317147342895,3.234139737436572,7.74322772026062
12.52317147342895,3.234139737436572,7.74322772026062
12.52317147342895,3.234139737436572,7.74322772026062
12.52317147342895,3.234139737436572,7.74322772026062
12.411630539556436,3.213951665208048,7.74322772026062
12.411630539556436,3.213951665208048,7.74322772026062
12.411630539556436,3.213951665208048,7.74322772026062
12.411630539556436,3.213951665208048,7.74322772026062
12.411630539556436,3.213951665208048,7.74322772026062
12.246887027097884,3.1819067286991642,7.74322772026062
12.246887027097884,3.1819067286991642,7.74322772026062
12.246887027097884,3.1819067286991642,7.74322772026062
12.246887027097884,3.1819067286991642,7.74322772026062
12.113789758417422,3.152251204263428,7.74322772026062
12.113789758417422,3.152251204263428,7.74322772026062
12.113789758417422,3.152251204263428,7.74322772026062
12.113789758417422,3.152251204263428,7.74322772026062
12.113789758417422,3.152251204263428,7.74322772026062
11.977343115567269,3.127306310123158,7.74322772026062
11.977343115567269,3.127306310123158,7.74322772026062
11.977343115567269,3.127306310123158,7.74322772026062
11.977343115567269,3.127306310123158,7.74322772026062
11.977343115567269,3.127306310123158,7.74322772026062
11.783508340110265,3.0870099431676565,7.74322772026062
11.783508340110265,3.0870099431676565,7.74322772026062
11.783508340110265,3.0870099431676565,7.74322772026062
11.783508340110265,3.0870099431676565,7.74322772026062
11.783508340110265,3.0870099431676565,7.74322772026062
11.627697188464753,3.057340446598216,7.74322772026062
11.627697188464753,3.057340446598216,7.74322772026062
11.627697188464753,3.057340446598216,7.74322772026062
11.627697188464753,3.057340446598216,7.74322772026062
11.627697188464753,3.057340446598216,7.74322772026062
11.467686105057531,3.025530113633213,7.74322772026062
11.467686105057531,3.025530113633213,7.74322772026062
11.467686105057531,3.025530113633213,7.74322772026062
11.467686105057531,3.025530113633213,7.74322772026062
11.30030600481972,2.9911096927112104,7.74322772026062
11.30030600481972,2.9911096927112104,7.74322772026062
11.30030600481972,2.9911096927112104,7.74322772026062
11.30030600481972,2.9911096927112104,7.74322772026062
11.30030600481972,2.9911096927112104,7.74322772026062
11.157916824427538,2.965747517668615,7.74322772026062
11.157916824427538,2.965747517668615,7.74322772026062
11.157916824427538,2.965747517668615,7.74322772026062
11.157916824427538,2.965747517668615,7.74322772026062
11.157916824427538,2.965747517668615,7.74322772026062
10.954065670140839,2.925557593106276,7.74322772026062
10.954065670140839,2.925557593106276,7.74322772026062
10.954065670140839,2.925557593106276,7.74322772026062
10.954065670140839,2.925557593106276,7.74322772026062
10.954065670140839,2.925557593106276,7.74322772026062
10.780650921330842,2.8930271964520813,7.74322772026062
10.780650921330842,2.8930271964520813,7.74322772026062
10.780650921330842,2.8930271964520813,7.74322772026062
10.780650921330842,2.8930271964520813,7.74322772026062
10.780650921330842,2.8930271964520813,7.74322772026062
10.607620202598689,2.853115471086266,7.74322772026062
10.607620202598689,2.853115471086266,7.74322772026062
10.607620202598689,2.853115471086266,7.74322772026062
10.607620202598689,2.853115471086266,7.74322772026062
10.607620202598689,2.853115471086266,7.74322772026062
10.455568948849624,2.813585950154697,7.74322772026062
10.455568948849624,2.813585950154697,7.74322772026062
10.455568948849624,2.813585950154697,7.74322772026062
10.455568948849624,2.813585950154697,7.74322772026062
10.455568948849624,2.813585950154697,7.74322772026062
10.296369169353612,2.782089426197003,7.74322772026062
10.296369169353612,2.782089426197003,7.74322772026062
10.296369169353612,2.782089426197003,7.74322772026062
10.296369169353612,2.782089426197003,7.74322772026062
10.296369169353612,2.782089426197003,7.74322772026062
10.143485257739142,2.7637292287591966,7.74322772026062
10.143485257739142,2.7637292287591966,7.74322772026062
10.143485257739142,2.7637292287591966,7.74322772026062
10.143485257739142,2.7637292287591966,7.74322772026062
10.143485257739142,2.7637292287591966,7.74322772026062
9.964374285530454,2.736686717030561,7.74322772026062
9.964374285530454,2.736686717030561,7.74322772026062
9.964374285530454,2.736686717030561,7.74322772026062
9.964374285530454,2.736686717030561,7.74322772026062
9.964374285530454,2.736686717030561,7.74322772026062
9.839930180207183,2.705363603471848,7.74322772026062
9.839930180207183,2.705363603471848,7.74322772026062
9.839930180207183,2.705363603471848,7.74322772026062
9.839930180207183,2.705363603471848,7.74322772026062
9.839930180207183,2.705363603471848,7.74322772026062
9.66320540565584,2.6612130221394623,7.74322772026062
9.66320540565584,2.6612130221394623,7.74322772026062
9.66320540565584,2.6612130221394623,7.74322772026062
9.66320540565584,2.6612130221394623,7.74322772026062
9.54441280502013,2.624248134903894,7.74322772026062
9.54441280502013,2.624248134903894,7.74322772026062
9.54441280502013,2.624248134903894,7.74322772026062
9.54441280502013,2.624248134903894,7.74322772026062
9.54441280502013,2.624248134903894,7.74322772026062
9.486376876567281,2.6110096945730463,7.74322772026062
9.486376876567281,2.6110096945730463,7.74322772026062
9.486376876567281,2.6110096945730463,7.74322772026062
9.486376876567281,2.6110096945730463,7.74322772026062
9.486376876567281,2.6110096945730463,7.74322772026062
9.32978584153924,2.5788313533246563,7.74322772026062
9.32978584153924,2.5788313533246563,7.74322772026062
9.32978584153924,2.5788313533246563,7.74322772026062
9.32978584153924,2.5788313533246563,7.74322772026062
9.32978584153924,2.5788313533246563,7.74322772026062
9.188840825050322,2.540852593177481,7.74322772026062
9.188840825050322,2.540852593177481,7.74322772026062
9.188840825050322,2.540852593177481,7.74322772026062
9.188840825050322,2.540852593177481,7.74322772026062
9.188840825050322,2.540852593177481,7.74322772026062
9.039030972283983,2.4943352372693144,7.74322772026062
9.039030972283983,2.4943352372693144,7.74322772026062
9.039030972283983,2.4943352372693144,7.74322772026062
9.039030972283983,2.4943352372693144,7.74322772026062
9.039030972283983,2.4943352372693144,7.74322772026062
8.897006877261893,2.470247890291946,7.74322772026062
8.897006877261893,2.470247890291946,7.74322772026062
8.897006877261893,2.470247890291946,7.74322772026062
8.897006877261893,2.470247890291946,7.74322772026062
8.897006877261893,2.470247890291946,7.74322772026062
8.742783581049148,2.439484785719599,7.74322772026062
8.742783581049148,2.439484785719599,7.74322772026062
8.742783581049148,2.439484785719599,7.74322772026062
8.742783581049148,2.439484785719599,7.74322772026062
8.530735838231738,2.383342523842443,7.74322772026062
8.530735838231738,2.383342523842443,7.74322772026062
8.530735838231738,2.383342523842443,7.74322772026062
8.530735838231738,2.383342523842443,7.74322772026062
8.530735838231738,2.383342523842443,7.74322772026062
8.33106270444453,2.3383145113493966,7.74322772026062
8.33106270444453,2.3383145113493966,7.74322772026062
8.33106270444453,2.3383145113493966,7.74322772026062
8.33106270444453,2.3383145113493966,7.74322772026062
8.33106270444453,2.3383145113493966,7.74322772026062
8.190317193787612,2.301399637528476,7.74322772026062
8.190317193787612,2.301399637528476,7.74322772026062
8.190317193787612,2.301399637528476,7.74322772026062
8.190317193787612,2.301399637528476,7.74322772026062
8.190317193787612,2.301399637528476,7.74322772026062
8.06313811356258,2.251164242130329,7.74322772026062
8.06313811356258,2.251164242130329,7.74322772026062
8.06313811356258,2.251164242130329,7.74322772026062
8.06313811356258,2.251164242130329,7.74322772026062
8.06313811356258,2.251164242130329,7.74322772026062
7.945792212684435,2.204323008480321,7.74322772026062
7.945792212684435,2.204323008480321,7.74322772026062
7.945792212684435,2.204323008480321,7.74322772026062
7.945792212684435,2.204323008480321,7.74322772026062
7.945792212684435,2.204323008480321,7.74322772026062
7.788260397827373,2.1534747858714347,7.74322772026062
7.788260397827373,2.1534747858714347,7.74322772026062
7.788260397827373,2.1534747858714347,7.74322772026062
7.788260397827373,2.1534747858714347,7.74322772026062
7.788260397827373,2.1534747858714347,7.74322772026062
7.613610193967035,2.1137897094966474,7.74322772026062
7.613610193967035,2.1137897094966474,7.74322772026062
7.613610193967035,2.1137897094966474,7.74322772026062
7.613610193967035,2.1137897094966474,7.74322772026062
7.613610193967035,2.1137897094966474,7.74322772026062
7.481846031316995,2.077012065790107,7.74322772026062
7.481846031316995,2.077012065790107,7.74322772026062
7.481846031316995,2.077012065790107,7.74322772026062
7.481846031316995,2.077012065790107,7.74322772026062
7.327818486386124,2.030486538160583,7.74322772026062
7.327818486386124,2.030486538160583,7.74322772026062
7.327818486386124,2.030486538160583,7.74322772026062
7.327818486386124,2.030486538160583,7.74322772026062
7.327818486386124,2.030486538160583,7.74322772026062
7.258371195203497,2.010454586788648,7.74322772026062
7.258371195203497,2.010454586788648,7.74322772026062
7.258371195203497,2.010454586788648,7.74322772026062
7.258371195203497,2.010454586788648,7.74322772026062
7.258371195203497,2.010454586788648,7.74322772026062
7.121729525741686,1.9691519546033374,7.74322772026062
7.121729525741686,1.9691519546033374,7.74322772026062
7.121729525741686,1.9691519546033374,7.74322772026062
7.121729525741686,1.9691519546033374,7.74322772026062
6.95125188514224,1.928259388713481,7.74322772026062
6.95125188514224,1.928259388713481,7.74322772026062
6.95125188514224,1.928259388713481,7.74322772026062
6.95125188514224,1.928259388713481,7.74322772026062
6.95125188514224,1.928259388713481,7.74322772026062
6.7622694690322405,1.8900591382087395,7.74322772026062
6.7622694690322405,1.8900591382087395,7.74322772026062
6.7622694690322405,1.8900591382087395,7.74322772026062
6.7622694690322405,1.8900591382087395,7.74322772026062
6.7622694690322405,1.8900591382087395,7.74322772026062
6.615799862411189,1.855286465812697,7.74322772026062
6.615799862411189,1.855286465812697,7.74322772026062
6.615799862411189,1.855286465812697,7.74322772026062
6.615799862411189,1.855286465812697,7.74322772026062
6.4793597197099935,1.8160099806616377,7.74322772026062
6.4793597197099935,1.8160099806616377,7.74322772026062
6.4793597197099935,1.8160099806616377,7.74322772026062
6.4793597197099935,1.8160099806616377,7.74322772026062
6.4793597197099935,1.8160099806616377,7.74322772026062
6.349541950461235,1.7750885931682507,7.74322772026062
6.349541950461235,1.7750885931682507,7.74322772026062
6.349541950461235,1.7750885931682507,7.74322772026062
6.349541950461235,1.7750885931682507,7.74322772026062
6.349541950461235,1.7750885931682507,7.74322772026062
6.195625392647802,1.730385854281511,7.74322772026062
6.195625392647802,1.730385854281511,7.74322772026062
6.195625392647802,1.730385854281511,7.74322772026062
6.195625392647802,1.730385854281511,7.74322772026062
6.195625392647802,1.730385854281511,7.74322772026062
6.064617230245891,1.6954148011667933,7.74322772026062
6.064617230245891,1.6954148011667933,7.74322772026062
6.064617230245891,1.6954148011667933,7.74322772026062
6.064617230245891,1.6954148011667933,7.74322772026062
6.064617230245891,1.6954148011667933,7.74322772026062
5.913993261728497,1.6525514802057502,7.74322772026062
5.913993261728497,1.6525514802057502,7.74322772026062
5.913993261728497,1.6525514802057502,7.74322772026062
5.913993261728497,1.6525514802057502,7.74322772026062
5.913993261728497,1.6525514802057502,7.74322772026062
5.777095887805843,1.6158420210648061,7.74322772026062
5.777095887805843,1.6158420210648061,7.74322772026062
5.777095887805843,1.6158420210648061,7.74322772026062
5.777095887805843,1.6158420210648061,7.74322772026062
5.777095887805843,1.6158420210648061,7.74322772026062
5.777095887805843,1.6158420210648061,7.74322772026062
5.6346449111691195,1.5799251469530808,7.74322772026062
5.6346449111691195,1.5799251469530808,7.74322772026062
5.6346449111691195,1.5799251469530808,7.74322772026062
5.6346449111691195,1.5799251469530808,7.74322772026062
5.6346449111691195,1.5799251469530808,7.74322772026062
5.518083223698484,1.5459681119159696,7.74322772026062
5.518083223698484,1.5459681119159696,7.74322772026062
5.518083223698484,1.5459681119159696,7.74322772026062
5.518083223698484,1.5459681119159696,7.74322772026062
5.518083223698484,1.5459681119159696,7.74322772026062
5.384627313359531,1.507625037415534,7.74322772026062
5.384627313359531,1.507625037415534,7.74322772026062
5.384627313359531,1.507625037415534,7.74322772026062
5.384627313359531,1.507625037415534,7.74322772026062
5.384627313359531,1.507625037415534,7.74322772026062
5.250909030819717,1.4638912077417041,7.74322772026062
5.250909030819717,1.4638912077417041,7.74322772026062
5.250909030819717,1.4638912077417041,7.74322772026062
5.250909030819717,1.4638912077417041,7.74322772026062
5.250909030819717,1.4638912077417041,7.74322772026062
5.1131759002061665,1.426386243905885,7.74322772026062
5.1131759002061665,1.426386243905885,7.74322772026062
5.1131759002061665,1.426386243905885,7.74322772026062
5.1131759002061665,1.426386243905885,7.74322772026062
5.000707385304985,1.3996410582464787,7.74322772026062
5.000707385304985,1.3996410582464787,7.74322772026062
5.000707385304985,1.3996410582464787,7.74322772026062
5.000707385304985,1.3996410582464787,7.74322772026062
5.000707385304985,1.3996410582464787,7.74322772026062
5.000707385304985,1.3996410582464787,7.74322772026062
4.843476278807359,1.3627254870811423,7.74322772026062
4.843476278807359,1.3627254870811423,7.74322772026062
4.843476278807359,1.3627254870811423,7.74322772026062
4.843476278807359,1.3627254870811423,7.74322772026062
4.843476278807359,1.3627254870811423,7.74322772026062
4.672271167381717,1.3308812555516434,7.74322772026062
4.672271167381717,1.3308812555516434,7.74322772026062
4.672271167381717,1.3308812555516434,7.74322772026062
4.672271167381717,1.3308812555516434,7.74322772026062
4.672271167381717,1.3308812555516434,7.74322772026062
4.5203237615204435,1.2851371145898964,7.74322772026062
4.5203237615204435,1.2851371145898964,7.74322772026062
4.5203237615204435,1.2851371145898964,7.74322772026062
4.5203237615204435,1.2851371145898964,7.74322772026062
4.5203237615204435,1.2851371145898964,7.74322772026062
4.373124231788701,1.2390575809808768,7.74322772026062
4.373124231788701,1.2390575809808768,7.74322772026062
4.373124231788701,1.2390575809808768,7.74322772026062
4.373124231788701,1.2390575809808768,7.74322772026062
4.373124231788701,1.2390575809808768,7.74322772026062
4.254672239552254,1.201809565874679,7.74322772026062
4.254672239552254,1.201809565874679,7.74322772026062
4.254672239552254,1.201809565874679,7.74322772026062
4.254672239552254,1.201809565874679,7.74322772026062
4.254672239552254,1.201809565874679,7.74322772026062
4.100792082740467,1.1527174470327293,7.74322772026062
4.100792082740467,1.1527174470327293,7.74322772026062
4.100792082740467,1.1527174470327293,7.74322772026062
4.100792082740467,1.1527174470327293,7.74322772026062
4.100792082740467,1.1527174470327293,7.74322772026062
3.9917413348996313,1.1090495042033122,7.74322772026062
3.9917413348996313,1.1090495042033122,7.74322772026062
3.9917413348996313,1.1090495042033122,7.74322772026062
3.9917413348996313,1.1090495042033122,7.74322772026062
3.9917413348996313,1.1090495042033122,7.74322772026062
3.877919137394172,1.0766618153024032,7.74322772026062
3.877919137394172,1.0766618153024032,7.74322772026062
3.877919137394172,1.0766618153024032,7.74322772026062
3.877919137394172,1.0766618153024032,7.74322772026062
3.877919137394172,1.0766618153024032,7.74322772026062
3.725897598584703,1.03102987469158,7.74322772026062
3.725897598584703,1.03102987469158,7.74322772026062
3.725897598584703,1.03102987469158,7.74322772026062
3.725897598584703,1.03102987469158,7.74322772026062
3.725897598584703,1.03102987469158,7.74322772026062
3.5885548476333735,0.9984923402774022,7.74322772026062
3.5885548476333735,0.9984923402774022,7.74322772026062
3.5885548476333735,0.9984923402774022,7.74322772026062
3.5885548476333735,0.9984923402774022,7.74322772026062
3.5885548476333735,0.9984923402774022,7.74322772026062
3.4338138898312365,0.9512824257734052,7.74322772026062
3.4338138898312365,0.9512824257734052,7.74322772026062
3.4338138898312365,0.9512824257734052,7.74322772026062
3.4338138898312365,0.9512824257734052,7.74322772026062
3.4338138898312365,0.9512824257734052,7.74322772026062
3.2709538884547738,0.9047945547941749,7.74322772026062
3.2709538884547738,0.9047945547941749,7.74322772026062
3.2709538884547738,0.9047945547941749,7.74322772026062
3.2709538884547738,0.9047945547941749,7.74322772026062
3.2709538884547738,0.9047945547941749,7.74322772026062
3.114584501465842,0.8579266432626608,7.74322772026062
3.114584501465842,0.8579266432626608,7.74322772026062
3.114584501465842,0.8579266432626608,7.74322772026062
3.114584501465842,0.8579266432626608,7.74322772026062
3.114584501465842,0.8579266432626608,7.74322772026062
2.963172373128666,0.8093818690562729,7.74322772026062
2.963172373128666,0.8093818690562729,7.74322772026062
2.963172373128666,0.8093818690562729,7.74322772026062
2.963172373128666,0.8093818690562729,7.74322772026062
2.963172373128666,0.8093818690562729,7.74322772026062
2.8105688323330993,0.7707632252299981,7.74322772026062
2.8105688323330993,0.7707632252299981,7.74322772026062
2.8105688323330993,0.7707632252299981,7.74322772026062
2.8105688323330993,0.7707632252299981,7.74322772026062
2.8105688323330993,0.7707632252299981,7.74322772026062
2.6859538684587743,0.7432019237541989,7.74322772026062
2.6859538684587743,0.7432019237541989,7.74322772026062
2.6859538684587743,0.7432019237541989,7.74322772026062
2.6859538684587743,0.7432019237541989,7.74322772026062
2.6859538684587743,0.7432019237541989,7.74322772026062
2.5776687454358918,0.7256253839444554,7.74322772026062
2.5776687454358918,0.7256253839444554,7.74322772026062
2.5776687454358918,0.7256253839444554,7.74322772026062
2.5776687454358918,0.7256253839444554,7.74322772026062
2.5776687454358918,0.7256253839444554,7.74322772026062
2.4357601002507487,0.7044290449648798,7.74322772026062
2.4357601002507487,0.7044290449648798,7.74322772026062
2.4357601002507487,0.7044290449648798,7.74322772026062
2.4357601002507487,0.7044290449648798,7.74322772026062
2.4357601002507487,0.7044290449648798,7.74322772026062
2.3064564448360114,0.6850339877236598,7.74322772026062
2.3064564448360114,0.6850339877236598,7.74322772026062
2.3064564448360114,0.6850339877236598,7.74322772026062
2.3064564448360114,0.6850339877236598,7.74322772026062
2.3064564448360114,0.6850339877236598,7.74322772026062
2.156140946417107,0.6514047307915708,7.74322772026062
2.156140946417107,0.6514047307915708,7.74322772026062
2.156140946417107,0.6514047307915708,7.74322772026062
2.156140946417107,0.6514047307915708,7.74322772026062
2.156140946417107,0.6514047307915708,7.74322772026062
2.0422463893415097,0.629678280341806,7.74322772026062
2.0422463893415097,0.629678280341806,7.74322772026062
2.0422463893415097,0.629678280341806,7.74322772026062
2.0422463893415097,0.629678280341806,7.74322772026062
2.0422463893415097,0.629678280341806,7.74322772026062
1.859099168844787,0.5742312618177343,7.74322772026062
1.859099168844787,0.5742312618177343,7.74322772026062
1.859099168844787,0.5742312618177343,7.74322772026062
1.859099168844787,0.5742312618177343,7.74322772026062
1.859099168844787,0.5742312618177343,7.74322772026062
1.7370933902272643,0.541815407330339,7.74322772026062
1.7370933902272643,0.541815407330339,7.74322772026062
1.7370933902272643,0.541815407330339,7.74322772026062
1.7370933902272643,0.541815407330339,7.74322772026062
1.7370933902272643,0.541815407330339,7.74322772026062
1.6068538764586118,0.4985846030092887,7.74322772026062
1.6068538764586118,0.4985846030092887,7.74322772026062
1.6068538764586118,0.4985846030092887,7.74322772026062
1.6068538764586118,0.4985846030092887,7.74322772026062
1.6068538764586118,0.4985846030092887,7.74322772026062
1.4945177987871585,0.46258455119397507,7.74322772026062
1.4945177987871585,0.46258455119397507,7.74322772026062
1.4945177987871585,0.46258455119397507,7.74322772026062
1.4945177987871585,0.46258455119397507,7.74322772026062
1.4945177987871585,0.46258455119397507,7.74322772026062
1.3416240716903047,0.4230191887583112,7.74322772026062
1.3416240716903047,0.4230191887583112,7.74322772026062
1.3416240716903047,0.4230191887583112,7.74322772026062
1.3416240716903047,0.4230191887583112,7.74322772026062
1.3416240716903047,0.4230191887583112,7.74322772026062
1.2139368890153848,0.3887674621772703,7.74322772026062
1.2139368890153848,0.3887674621772703,7.74322772026062
1.2139368890153848,0.3887674621772703,7.74322772026062
1.2139368890153848,0.3887674621772703,7.74322772026062
1.2139368890153848,0.3887674621772703,7.74322772026062
1.06007992069704,0.35210902166593083,7.74322772026062
1.06007992069704,0.35210902166593083,7.74322772026062
1.06007992069704,0.35210902166593083,7.74322772026062
1.06007992069704,0.35210902166593083,7.74322772026062
1.06007992069704,0.35210902166593083,7.74322772026062
