x,y,lap_time_s
1.8299608240587146,-0.11699229961394439,9.834190845489502
2.064981774362784,-0.10155481801527282,9.834190845489502
2.3477191967495066,-0.08095534699799449,9.834190845489502
2.5647300146625325,-0.07618744692082817,9.834190845489502
2.8290609337074315,-0.06141946687656136,9.834190845489502
3.074749808172708,-0.02408349161503111,9.834190845489502
3.182940446901173,0.002204028106332799,9.834190845489502
3.4790971332702663,0.034683975976792104,9.834190845489502
3.662821030408796,0.048781699960316324,9.834190845489502
3.922863142801699,0.06949329729828413,9.834190845489502
3.922863142801699,0.06949329729828413,9.834190845489502
3.922863142801699,0.06949329729828413,9.834190845489502
3.922863142801699,0.06949329729828413,9.834190845489502
3.922863142801699,0.06949329729828413,9.834190845489502
3.922863142801699,0.06949329729828413,9.834190845489502
3.922863142801699,0.06949329729828413,9.834190845489502
3.922863142801699,0.06949329729828413,9.834190845489502
3.922863142801699,0.06949329729828413,9.834190845489502
3.922863142801699,0.06949329729828413,9.834190845489502
3.922863142801699,0.06949329729828413,9.834190845489502
3.922863142801699,0.06949329729828413,9.834190845489502
4.390469986054954,0.12992545327386226,9.834190845489502
4.390469986054954,0.12992545327386226,9.834190845489502
4.390469986054954,0.12992545327386226,9.834190845489502
4.390469986054954,0.12992545327386226,9.834190845489502
4.390469986054954,0.12992545327386226,9.834190845489502
4.390469986054954,0.12992545327386226,9.834190845489502
4.390469986054954,0.12992545327386226,9.834190845489502
4.835349271547117,0.17355838633982673,9.834190845489502
4.835349271547117,0.17355838633982673,9.834190845489502
4.835349271547117,0.17355838633982673,9.834190845489502
4.835349271547117,0.17355838633982673,9.834190845489502
4.835349271547117,0.17355838633982673,9.834190845489502
5.120696092570427,0.21415746950026157,9.834190845489502
5.120696092570427,0.21415746950026157,9.834190845489502
5.120696092570427,0.21415746950026157,9.834190845489502
5.120696092570427,0.21415746950026157,9.834190845489502
5.120696092570427,0.21415746950026157,9.834190845489502
5.120696092570427,0.21415746950026157,9.834190845489502
5.381611346653346,0.2465747095248477,9.834190845489502
5.381611346653346,0.2465747095248477,9.834190845489502
5.381611346653346,0.2465747095248477,9.834190845489502
5.381611346653346,0.2465747095248477,9.834190845489502
5.381611346653346,0.2465747095248477,9.834190845489502
5.381611346653346,0.2465747095248477,9.834190845489502
5.381611346653346,0.2465747095248477,9.834190845489502
5.559192591146566,0.2588782988703287,9.834190845489502
5.559192591146566,0.2588782988703287,9.834190845489502
5.559192591146566,0.2588782988703287,9.834190845489502
5.559192591146566,0.2588782988703287,9.834190845489502
5.559192591146566,0.2588782988703287,9.834190845489502
5.559192591146566,0.2588782988703287,9.834190845489502
5.559192591146566,0.2588782988703287,9.834190845489502
5.849627989252095,0.27640568964344514,9.834190845489502
5.849627989252095,0.27640568964344514,9.834190845489502
5.849627989252095,0.27640568964344514,9.834190845489502
5.849627989252095,0.27640568964344514,9.834190845489502
5.849627989252095,0.27640568964344514,9.834190845489502
5.849627989252095,0.27640568964344514,9.834190845489502
6.137326158230135,0.3008784812535399,9.834190845489502
6.137326158230135,0.3008784812535399,9.834190845489502
6.137326158230135,0.3008784812535399,9.834190845489502
6.137326158230135,0.3008784812535399,9.834190845489502
6.137326158230135,0.3008784812535399,9.834190845489502
6.137326158230135,0.3008784812535399,9.834190845489502
6.137326158230135,0.3008784812535399,9.834190845489502
6.330918016595401,0.3234947468432399,9.834190845489502
6.330918016595401,0.3234947468432399,9.834190845489502
6.330918016595401,0.3234947468432399,9.834190845489502
6.330918016595401,0.3234947468432399,9.834190845489502
6.330918016595401,0.3234947468432399,9.834190845489502
6.330918016595401,0.3234947468432399,9.834190845489502
6.6180030559520215,0.3230544056591431,9.834190845489502
6.6180030559520215,0.3230544056591431,9.834190845489502
6.6180030559520215,0.3230544056591431,9.834190845489502
6.6180030559520215,0.3230544056591431,9.834190845489502
6.6180030559520215,0.3230544056591431,9.834190845489502
6.6180030559520215,0.3230544056591431,9.834190845489502
6.6180030559520215,0.3230544056591431,9.834190845489502
6.873895299372468,0.29495466432501516,9.834190845489502
6.873895299372468,0.29495466432501516,9.834190845489502
6.873895299372468,0.29495466432501516,9.834190845489502
6.873895299372468,0.29495466432501516,9.834190845489502
6.873895299372468,0.29495466432501516,9.834190845489502
6.873895299372468,0.29495466432501516,9.834190845489502
7.03607385180644,0.2598049098827682,9.834190845489502
7.03607385180644,0.2598049098827682,9.834190845489502
7.03607385180644,0.2598049098827682,9.834190845489502
7.03607385180644,0.2598049098827682,9.834190845489502
7.03607385180644,0.2598049098827682,9.834190845489502
7.03607385180644,0.2598049098827682,9.834190845489502
7.03607385180644,0.2598049098827682,9.834190845489502
7.326067407679923,0.2355842568705209,9.834190845489502
7.326067407679923,0.2355842568705209,9.834190845489502
7.326067407679923,0.2355842568705209,9.834190845489502
7.326067407679923,0.2355842568705209,9.834190845489502
7.326067407679923,0.2355842568705209,9.834190845489502
7.326067407679923,0.2355842568705209,9.834190845489502
7.326067407679923,0.2355842568705209,9.834190845489502
7.569211833635703,0.19828948179914552,9.834190845489502
7.569211833635703,0.19828948179914552,9.834190845489502
7.569211833635703,0.19828948179914552,9.834190845489502
7.569211833635703,0.19828948179914552,9.834190845489502
7.569211833635703,0.19828948179914552,9.834190845489502
7.569211833635703,0.19828948179914552,9.834190845489502
7.751708612583532,0.15459849091271569,9.834190845489502
7.751708612583532,0.15459849091271569,9.834190845489502
7.751708612583532,0.15459849091271569,9.834190845489502
7.751708612583532,0.15459849091271569,9.834190845489502
7.751708612583532,0.15459849091271569,9.834190845489502
7.751708612583532,0.15459849091271569,9.834190845489502
7.751708612583532,0.15459849091271569,9.834190845489502
7.982120040082809,0.10212062771025693,9.834190845489502
7.982120040082809,0.10212062771025693,9.834190845489502
7.982120040082809,0.10212062771025693,9.834190845489502
7.982120040082809,0.10212062771025693,9.834190845489502
7.982120040082809,0.10212062771025693,9.834190845489502
7.982120040082809,0.10212062771025693,9.834190845489502
7.982120040082809,0.10212062771025693,9.834190845489502
8.216622251953963,0.05815681863139387,9.834190845489502
8.216622251953963,0.05815681863139387,9.834190845489502
8.216622251953963,0.05815681863139387,9.834190845489502
8.216622251953963,0.05815681863139387,9.834190845489502
8.216622251953963,0.05815681863139387,9.834190845489502
8.216622251953963,0.05815681863139387,9.834190845489502
8.216622251953963,0.05815681863139387,9.834190845489502
8.367495802004477,0.027288009145729018,9.834190845489502
8.367495802004477,0.027288009145729018,9.834190845489502
8.367495802004477,0.027288009145729018,9.834190845489502
8.367495802004477,0.027288009145729018,9.834190845489502
8.367495802004477,0.027288009145729018,9.834190845489502
8.367495802004477,0.027288009145729018,9.834190845489502
8.613164154521042,-0.004251369770170585,9.834190845489502
8.613164154521042,-0.004251369770170585,9.834190845489502
8.613164154521042,-0.004251369770170585,9.834190845489502
8.613164154521042,-0.004251369770170585,9.834190845489502
8.613164154521042,-0.004251369770170585,9.834190845489502
8.613164154521042,-0.004251369770170585,9.834190845489502
8.613164154521042,-0.004251369770170585,9.834190845489502
8.613164154521042,-0.004251369770170585,9.834190845489502
8.613164154521042,-0.004251369770170585,9.834190845489502
8.613164154521042,-0.004251369770170585,9.834190845489502
8.613164154521042,-0.004251369770170585,9.834190845489502
8.613164154521042,-0.004251369770170585,9.834190845489502
8.827938144615944,-0.02112045595162033,9.834190845489502
8.827938144615944,-0.02112045595162033,9.834190845489502
8.827938144615944,-0.02112045595162033,9.834190845489502
8.827938144615944,-0.02112045595162033,9.834190845489502
8.827938144615944,-0.02112045595162033,9.834190845489502
8.827938144615944,-0.02112045595162033,9.834190845489502
8.827938144615944,-0.02112045595162033,9.834190845489502
8.827938144615944,-0.02112045595162033,9.834190845489502
8.827938144615944,-0.02112045595162033,9.834190845489502
8.827938144615944,-0.02112045595162033,9.834190845489502
8.827938144615944,-0.02112045595162033,9.834190845489502
8.827938144615944,-0.02112045595162033,9.834190845489502
9.09852422924734,-0.029668008846522195,9.834190845489502
9.09852422924734,-0.029668008846522195,9.834190845489502
9.09852422924734,-0.029668008846522195,9.834190845489502
9.09852422924734,-0.029668008846522195,9.834190845489502
9.09852422924734,-0.029668008846522195,9.834190845489502
9.09852422924734,-0.029668008846522195,9.834190845489502
9.09852422924734,-0.029668008846522195,9.834190845489502
9.09852422924734,-0.029668008846522195,9.834190845489502
9.458332508563736,0.03294013670169466,9.834190845489502
9.458332508563736,0.03294013670169466,9.834190845489502
9.458332508563736,0.03294013670169466,9.834190845489502
9.458332508563736,0.03294013670169466,9.834190845489502
9.458332508563736,0.03294013670169466,9.834190845489502
9.458332508563736,0.03294013670169466,9.834190845489502
9.557119153204699,0.07365085361489157,9.834190845489502
9.557119153204699,0.07365085361489157,9.834190845489502
9.557119153204699,0.07365085361489157,9.834190845489502
9.557119153204699,0.07365085361489157,9.834190845489502
9.557119153204699,0.07365085361489157,9.834190845489502
9.557119153204699,0.07365085361489157,9.834190845489502
9.557119153204699,0.07365085361489157,9.834190845489502
9.690472600038955,0.1752506223397421,9.834190845489502
9.690472600038955,0.1752506223397421,9.834190845489502
9.690472600038955,0.1752506223397421,9.834190845489502
9.690472600038955,0.1752506223397421,9.834190845489502
9.690472600038955,0.1752506223397421,9.834190845489502
9.690472600038955,0.1752506223397421,9.834190845489502
9.690472600038955,0.1752506223397421,9.834190845489502
9.757147774713072,0.2920377738677928,9.834190845489502
9.757147774713072,0.2920377738677928,9.834190845489502
9.757147774713072,0.2920377738677928,9.834190845489502
9.757147774713072,0.2920377738677928,9.834190845489502
9.757147774713072,0.2920377738677928,9.834190845489502
9.757147774713072,0.2920377738677928,9.834190845489502
9.75313077094813,0.39935918616836,9.834190845489502
9.75313077094813,0.39935918616836,9.834190845489502
9.75313077094813,0.39935918616836,9.834190845489502
9.75313077094813,0.39935918616836,9.834190845489502
9.75313077094813,0.39935918616836,9.834190845489502
9.75313077094813,0.39935918616836,9.834190845489502
9.749460723216618,0.522357141931829,9.834190845489502
9.749460723216618,0.522357141931829,9.834190845489502
9.749460723216618,0.522357141931829,9.834190845489502
9.749460723216618,0.522357141931829,9.834190845489502
9.749460723216618,0.522357141931829,9.834190845489502
9.749460723216618,0.522357141931829,9.834190845489502
9.749460723216618,0.522357141931829,9.834190845489502
9.744004135748066,0.6194221244379431,9.834190845489502
9.744004135748066,0.6194221244379431,9.834190845489502
9.744004135748066,0.6194221244379431,9.834190845489502
9.744004135748066,0.6194221244379431,9.834190845489502
9.744004135748066,0.6194221244379431,9.834190845489502
9.744004135748066,0.6194221244379431,9.834190845489502
9.664875327607483,0.7330374483943031,9.834190845489502
9.664875327607483,0.7330374483943031,9.834190845489502
9.664875327607483,0.7330374483943031,9.834190845489502
9.664875327607483,0.7330374483943031,9.834190845489502
9.664875327607483,0.7330374483943031,9.834190845489502
9.664875327607483,0.7330374483943031,9.834190845489502
9.644945827060981,0.7705292749784698,9.834190845489502
9.644945827060981,0.7705292749784698,9.834190845489502
9.644945827060981,0.7705292749784698,9.834190845489502
9.644945827060981,0.7705292749784698,9.834190845489502
9.644945827060981,0.7705292749784698,9.834190845489502
9.644945827060981,0.7705292749784698,9.834190845489502
9.61265600466525,0.8217380080935394,9.834190845489502
9.61265600466525,0.8217380080935394,9.834190845489502
9.61265600466525,0.8217380080935394,9.834190845489502
9.61265600466525,0.8217380080935394,9.834190845489502
9.61265600466525,0.8217380080935394,9.834190845489502
9.61265600466525,0.8217380080935394,9.834190845489502
9.61265600466525,0.8217380080935394,9.834190845489502
9.57306191187078,0.8162241951777544,9.834190845489502
9.57306191187078,0.8162241951777544,9.834190845489502
9.57306191187078,0.8162241951777544,9.834190845489502
9.57306191187078,0.8162241951777544,9.834190845489502
9.57306191187078,0.8162241951777544,9.834190845489502
9.57306191187078,0.8162241951777544,9.834190845489502
9.517144087553119,0.8002973194909067,9.834190845489502
9.517144087553119,0.8002973194909067,9.834190845489502
9.517144087553119,0.8002973194909067,9.834190845489502
9.517144087553119,0.8002973194909067,9.834190845489502
9.517144087553119,0.8002973194909067,9.834190845489502
9.517144087553119,0.8002973194909067,9.834190845489502
9.517144087553119,0.8002973194909067,9.834190845489502
9.473931478539162,0.7567559936317957,9.834190845489502
9.473931478539162,0.7567559936317957,9.834190845489502
9.473931478539162,0.7567559936317957,9.834190845489502
9.473931478539162,0.7567559936317957,9.834190845489502
9.473931478539162,0.7567559936317957,9.834190845489502
9.473931478539162,0.7567559936317957,9.834190845489502
9.479675174893467,0.6907278783039821,9.834190845489502
9.479675174893467,0.6907278783039821,9.834190845489502
9.479675174893467,0.6907278783039821,9.834190845489502
9.479675174893467,0.6907278783039821,9.834190845489502
9.479675174893467,0.6907278783039821,9.834190845489502
9.479675174893467,0.6907278783039821,9.834190845489502
9.479675174893467,0.6907278783039821,9.834190845489502
9.47514579956538,0.5879116643749092,9.834190845489502
9.47514579956538,0.5879116643749092,9.834190845489502
9.47514579956538,0.5879116643749092,9.834190845489502
9.47514579956538,0.5879116643749092,9.834190845489502
9.47514579956538,0.5879116643749092,9.834190845489502
9.47514579956538,0.5879116643749092,9.834190845489502
9.47514579956538,0.5879116643749092,9.834190845489502
9.495179488618076,0.5201228930347614,9.834190845489502
9.495179488618076,0.5201228930347614,9.834190845489502
9.495179488618076,0.5201228930347614,9.834190845489502
9.495179488618076,0.5201228930347614,9.834190845489502
9.495179488618076,0.5201228930347614,9.834190845489502
9.506660251898651,0.44488903567417853,9.834190845489502
9.506660251898651,0.44488903567417853,9.834190845489502
9.506660251898651,0.44488903567417853,9.834190845489502
9.506660251898651,0.44488903567417853,9.834190845489502
9.53394370841448,0.40884291685552404,9.834190845489502
9.53394370841448,0.40884291685552404,9.834190845489502
9.53394370841448,0.40884291685552404,9.834190845489502
9.53394370841448,0.40884291685552404,9.834190845489502
9.53394370841448,0.40884291685552404,9.834190845489502
9.553068487577232,0.38857804788745043,9.834190845489502
9.553068487577232,0.38857804788745043,9.834190845489502
9.553068487577232,0.38857804788745043,9.834190845489502
9.553068487577232,0.38857804788745043,9.834190845489502
9.585511520131037,0.3634796511218717,9.834190845489502
9.585511520131037,0.3634796511218717,9.834190845489502
9.585511520131037,0.3634796511218717,9.834190845489502
9.585511520131037,0.3634796511218717,9.834190845489502
9.585511520131037,0.3634796511218717,9.834190845489502
9.632781532606792,0.35383198114222064,9.834190845489502
9.632781532606792,0.35383198114222064,9.834190845489502
9.632781532606792,0.35383198114222064,9.834190845489502
9.632781532606792,0.35383198114222064,9.834190845489502
9.689608646898389,0.32360765727355106,9.834190845489502
9.689608646898389,0.32360765727355106,9.834190845489502
9.689608646898389,0.32360765727355106,9.834190845489502
9.689608646898389,0.32360765727355106,9.834190845489502
9.689608646898389,0.32360765727355106,9.834190845489502
9.71459386956824,0.3297337119978387,9.834190845489502
9.71459386956824,0.3297337119978387,9.834190845489502
9.71459386956824,0.3297337119978387,9.834190845489502
9.71459386956824,0.3297337119978387,9.834190845489502
9.71459386956824,0.3297337119978387,9.834190845489502
9.744112685734414,0.3238710077913171,9.834190845489502
9.744112685734414,0.3238710077913171,9.834190845489502
9.744112685734414,0.3238710077913171,9.834190845489502
9.744112685734414,0.3238710077913171,9.834190845489502
9.744112685734414,0.3238710077913171,9.834190845489502
9.744112685734414,0.3238710077913171,9.834190845489502
9.769341104873051,0.3411736216926435,9.834190845489502
9.769341104873051,0.3411736216926435,9.834190845489502
9.769341104873051,0.3411736216926435,9.834190845489502
9.769341104873051,0.3411736216926435,9.834190845489502
9.822920018451779,0.32898111989835355,9.834190845489502
9.822920018451779,0.32898111989835355,9.834190845489502
9.822920018451779,0.32898111989835355,9.834190845489502
9.822920018451779,0.32898111989835355,9.834190845489502
9.822920018451779,0.32898111989835355,9.834190845489502
9.843611369128658,0.34884232808330023,9.834190845489502
9.843611369128658,0.34884232808330023,9.834190845489502
9.843611369128658,0.34884232808330023,9.834190845489502
9.843611369128658,0.34884232808330023,9.834190845489502
9.891111611935543,0.34013959884638123,9.834190845489502
9.891111611935543,0.34013959884638123,9.834190845489502
9.891111611935543,0.34013959884638123,9.834190845489502
9.891111611935543,0.34013959884638123,9.834190845489502
9.891111611935543,0.34013959884638123,9.834190845489502
9.92075804940074,0.36442862273909016,9.834190845489502
9.92075804940074,0.36442862273909016,9.834190845489502
9.92075804940074,0.36442862273909016,9.834190845489502
9.92075804940074,0.36442862273909016,9.834190845489502
9.971085437643927,0.37541401353426446,9.834190845489502
9.971085437643927,0.37541401353426446,9.834190845489502
9.971085437643927,0.37541401353426446,9.834190845489502
9.971085437643927,0.37541401353426446,9.834190845489502
9.971085437643927,0.37541401353426446,9.834190845489502
9.973733990100774,0.35798858102885367,9.834190845489502
9.973733990100774,0.35798858102885367,9.834190845489502
9.973733990100774,0.35798858102885367,9.834190845489502
9.973733990100774,0.35798858102885367,9.834190845489502
9.978198156702792,0.37170274339121473,9.834190845489502
9.978198156702792,0.37170274339121473,9.834190845489502
9.978198156702792,0.37170274339121473,9.834190845489502
9.978198156702792,0.37170274339121473,9.834190845489502
9.978198156702792,0.37170274339121473,9.834190845489502
10.038414953734573,0.36353266855735483,9.834190845489502
10.038414953734573,0.36353266855735483,9.834190845489502
10.038414953734573,0.36353266855735483,9.834190845489502
10.038414953734573,0.36353266855735483,9.834190845489502
10.051179850656641,0.3815151025263846,9.834190845489502
10.051179850656641,0.3815151025263846,9.834190845489502
10.051179850656641,0.3815151025263846,9.834190845489502
10.051179850656641,0.3815151025263846,9.834190845489502
10.049780834354308,0.4033845497103007,9.834190845489502
10.049780834354308,0.4033845497103007,9.834190845489502
10.049780834354308,0.4033845497103007,9.834190845489502
10.049780834354308,0.4033845497103007,9.834190845489502
10.049780834354308,0.4033845497103007,9.834190845489502
10.077360038127955,0.40310688997523114,9.834190845489502
10.077360038127955,0.40310688997523114,9.834190845489502
10.077360038127955,0.40310688997523114,9.834190845489502
10.077360038127955,0.40310688997523114,9.834190845489502
10.107405253825926,0.43008865099093807,9.834190845489502
10.107405253825926,0.43008865099093807,9.834190845489502
10.107405253825926,0.43008865099093807,9.834190845489502
10.107405253825926,0.43008865099093807,9.834190845489502
10.107405253825926,0.43008865099093807,9.834190845489502
10.146177894826945,0.4229246736991253,9.834190845489502
10.146177894826945,0.4229246736991253,9.834190845489502
10.146177894826945,0.4229246736991253,9.834190845489502
10.146177894826945,0.4229246736991253,9.834190845489502
10.183352606605286,0.45829124143762484,9.834190845489502
10.183352606605286,0.45829124143762484,9.834190845489502
10.183352606605286,0.45829124143762484,9.834190845489502
10.183352606605286,0.45829124143762484,9.834190845489502
10.183352606605286,0.45829124143762484,9.834190845489502
10.188084448346073,0.5007956047571291,9.834190845489502
10.188084448346073,0.5007956047571291,9.834190845489502
10.188084448346073,0.5007956047571291,9.834190845489502
10.188084448346073,0.5007956047571291,9.834190845489502
10.199397137704189,0.5148179867884005,9.834190845489502
10.199397137704189,0.5148179867884005,9.834190845489502
10.199397137704189,0.5148179867884005,9.834190845489502
10.199397137704189,0.5148179867884005,9.834190845489502
10.199397137704189,0.5148179867884005,9.834190845489502
10.254559809948704,0.5438026172212261,9.834190845489502
10.254559809948704,0.5438026172212261,9.834190845489502
10.254559809948704,0.5438026172212261,9.834190845489502
10.254559809948704,0.5438026172212261,9.834190845489502
10.263763108843,0.560325773145633,9.834190845489502
10.263763108843,0.560325773145633,9.834190845489502
10.263763108843,0.560325773145633,9.834190845489502
10.263763108843,0.560325773145633,9.834190845489502
10.272717872673809,0.5673670258810452,9.834190845489502
10.272717872673809,0.5673670258810452,9.834190845489502
10.272717872673809,0.5673670258810452,9.834190845489502
10.272717872673809,0.5673670258810452,9.834190845489502
10.272717872673809,0.5673670258810452,9.834190845489502
10.313946502692385,0.6043034670339221,9.834190845489502
10.313946502692385,0.6043034670339221,9.834190845489502
10.313946502692385,0.6043034670339221,9.834190845489502
10.313946502692385,0.6043034670339221,9.834190845489502
10.304979091326729,0.6284337761246819,9.834190845489502
10.304979091326729,0.6284337761246819,9.834190845489502
10.304979091326729,0.6284337761246819,9.834190845489502
10.304979091326729,0.6284337761246819,9.834190845489502
10.34365915857033,0.6489772663488557,9.834190845489502
10.34365915857033,0.6489772663488557,9.834190845489502
10.34365915857033,0.6489772663488557,9.834190845489502
10.34365915857033,0.6489772663488557,9.834190845489502
10.34365915857033,0.6489772663488557,9.834190845489502
10.35597820961843,0.6727995483692167,9.834190845489502
10.35597820961843,0.6727995483692167,9.834190845489502
10.35597820961843,0.6727995483692167,9.834190845489502
10.35597820961843,0.6727995483692167,9.834190845489502
10.344636066290054,0.703627062232849,9.834190845489502
10.344636066290054,0.703627062232849,9.834190845489502
10.344636066290054,0.703627062232849,9.834190845489502
10.344636066290054,0.703627062232849,9.834190845489502
10.344636066290054,0.703627062232849,9.834190845489502
10.382525044187831,0.7324425372036326,9.834190845489502
10.382525044187831,0.7324425372036326,9.834190845489502
10.382525044187831,0.7324425372036326,9.834190845489502
10.382525044187831,0.7324425372036326,9.834190845489502
10.377493202564132,0.7577425480757052,9.834190845489502
10.377493202564132,0.7577425480757052,9.834190845489502
10.377493202564132,0.7577425480757052,9.834190845489502
10.377493202564132,0.7577425480757052,9.834190845489502
10.377493202564132,0.7577425480757052,9.834190845489502
10.368316877929082,0.7802726155978306,9.834190845489502
10.368316877929082,0.7802726155978306,9.834190845489502
10.368316877929082,0.7802726155978306,9.834190845489502
10.368316877929082,0.7802726155978306,9.834190845489502
10.416557538750444,0.79892740227202,9.834190845489502
10.416557538750444,0.79892740227202,9.834190845489502
10.416557538750444,0.79892740227202,9.834190845489502
10.416557538750444,0.79892740227202,9.834190845489502
10.428902268383618,0.8488711271868505,9.834190845489502
10.428902268383618,0.8488711271868505,9.834190845489502
10.428902268383618,0.8488711271868505,9.834190845489502
10.428902268383618,0.8488711271868505,9.834190845489502
10.452518821956346,0.8658106432238074,9.834190845489502
10.452518821956346,0.8658106432238074,9.834190845489502
10.452518821956346,0.8658106432238074,9.834190845489502
10.452518821956346,0.8658106432238074,9.834190845489502
10.452518821956346,0.8658106432238074,9.834190845489502
10.459928297705805,0.8898556754538303,9.834190845489502
10.459928297705805,0.8898556754538303,9.834190845489502
10.459928297705805,0.8898556754538303,9.834190845489502
10.459928297705805,0.8898556754538303,9.834190845489502
10.478689237743657,0.9191898663109324,9.834190845489502
10.478689237743657,0.9191898663109324,9.834190845489502
10.478689237743657,0.9191898663109324,9.834190845489502
10.478689237743657,0.9191898663109324,9.834190845489502
10.476447925811383,0.9417088791040701,9.834190845489502
10.476447925811383,0.9417088791040701,9.834190845489502
10.476447925811383,0.9417088791040701,9.834190845489502
10.476447925811383,0.9417088791040701,9.834190845489502
10.476447925811383,0.9417088791040701,9.834190845489502
10.481152959603506,0.9734966488821482,9.834190845489502
10.481152959603506,0.9734966488821482,9.834190845489502
10.481152959603506,0.9734966488821482,9.834190845489502
10.481152959603506,0.9734966488821482,9.834190845489502
10.493526855331671,1.005771526163974,9.834190845489502
10.493526855331671,1.005771526163974,9.834190845489502
10.493526855331671,1.005771526163974,9.834190845489502
10.493526855331671,1.005771526163974,9.834190845489502
10.493526855331671,1.005771526163974,9.834190845489502
10.490888866550094,1.0287160708476992,9.834190845489502
10.490888866550094,1.0287160708476992,9.834190845489502
10.490888866550094,1.0287160708476992,9.834190845489502
10.490888866550094,1.0287160708476992,9.834190845489502
10.493171814552412,1.064189092815857,9.834190845489502
10.493171814552412,1.064189092815857,9.834190845489502
10.493171814552412,1.064189092815857,9.834190845489502
10.493171814552412,1.064189092815857,9.834190845489502
10.49521281828635,1.0800084082809314,9.834190845489502
10.49521281828635,1.0800084082809314,9.834190845489502
10.49521281828635,1.0800084082809314,9.834190845489502
10.49521281828635,1.0800084082809314,9.834190845489502
10.49521281828635,1.0800084082809314,9.834190845489502
10.492654118147621,1.0939423228768423,9.834190845489502
10.492654118147621,1.0939423228768423,9.834190845489502
10.492654118147621,1.0939423228768423,9.834190845489502
10.492654118147621,1.0939423228768423,9.834190845489502
10.50739373668466,1.1401953648077665,9.834190845489502
10.50739373668466,1.1401953648077665,9.834190845489502
10.50739373668466,1.1401953648077665,9.834190845489502
10.50739373668466,1.1401953648077665,9.834190845489502
10.501262950665751,1.1603166870980104,9.834190845489502
10.501262950665751,1.1603166870980104,9.834190845489502
10.501262950665751,1.1603166870980104,9.834190845489502
10.501262950665751,1.1603166870980104,9.834190845489502
10.501262950665751,1.1603166870980104,9.834190845489502
10.495886232552161,1.178061073665006,9.834190845489502
10.495886232552161,1.178061073665006,9.834190845489502
10.495886232552161,1.178061073665006,9.834190845489502
10.495886232552161,1.178061073665006,9.834190845489502
10.495886232552161,1.178061073665006,9.834190845489502
10.50514280813132,1.2209341826792435,9.834190845489502
10.50514280813132,1.2209341826792435,9.834190845489502
10.50514280813132,1.2209341826792435,9.834190845489502
10.50514280813132,1.2209341826792435,9.834190845489502
10.500635130406138,1.2510287221016854,9.834190845489502
10.500635130406138,1.2510287221016854,9.834190845489502
10.500635130406138,1.2510287221016854,9.834190845489502
10.500635130406138,1.2510287221016854,9.834190845489502
10.500635130406138,1.2510287221016854,9.834190845489502
10.50385932888234,1.2881114310906157,9.834190845489502
10.50385932888234,1.2881114310906157,9.834190845489502
10.50385932888234,1.2881114310906157,9.834190845489502
10.50385932888234,1.2881114310906157,9.834190845489502
10.50385932888234,1.2881114310906157,9.834190845489502
10.497212680910282,1.3100743448531904,9.834190845489502
10.497212680910282,1.3100743448531904,9.834190845489502
10.497212680910282,1.3100743448531904,9.834190845489502
10.497212680910282,1.3100743448531904,9.834190845489502
10.497212680910282,1.3100743448531904,9.834190845489502
10.49563565846742,1.3496060974109148,9.834190845489502
10.49563565846742,1.3496060974109148,9.834190845489502
10.49563565846742,1.3496060974109148,9.834190845489502
10.49563565846742,1.3496060974109148,9.834190845489502
10.495264158203382,1.3645469264663588,9.834190845489502
10.495264158203382,1.3645469264663588,9.834190845489502
10.495264158203382,1.3645469264663588,9.834190845489502
10.495264158203382,1.3645469264663588,9.834190845489502
10.495264158203382,1.3645469264663588,9.834190845489502
10.495264158203382,1.3645469264663588,9.834190845489502
10.502605194044298,1.3831410430084354,9.834190845489502
10.502605194044298,1.3831410430084354,9.834190845489502
10.502605194044298,1.3831410430084354,9.834190845489502
10.502605194044298,1.3831410430084354,9.834190845489502
10.48442877078303,1.4060243262821648,9.834190845489502
10.48442877078303,1.4060243262821648,9.834190845489502
10.48442877078303,1.4060243262821648,9.834190845489502
10.48442877078303,1.4060243262821648,9.834190845489502
10.48442877078303,1.4060243262821648,9.834190845489502
10.485110994886657,1.4429228752754155,9.834190845489502
10.485110994886657,1.4429228752754155,9.834190845489502
10.485110994886657,1.4429228752754155,9.834190845489502
10.485110994886657,1.4429228752754155,9.834190845489502
10.485110994886657,1.4429228752754155,9.834190845489502
10.476907630308421,1.480768938682715,9.834190845489502
10.476907630308421,1.480768938682715,9.834190845489502
10.476907630308421,1.480768938682715,9.834190845489502
10.476907630308421,1.480768938682715,9.834190845489502
10.476907630308421,1.480768938682715,9.834190845489502
10.485453021058214,1.5021634508840649,9.834190845489502
10.485453021058214,1.5021634508840649,9.834190845489502
10.485453021058214,1.5021634508840649,9.834190845489502
10.485453021058214,1.5021634508840649,9.834190845489502
10.479719293192835,1.5277775007293937,9.834190845489502
10.479719293192835,1.5277775007293937,9.834190845489502
10.479719293192835,1.5277775007293937,9.834190845489502
10.479719293192835,1.5277775007293937,9.834190845489502
10.479719293192835,1.5277775007293937,9.834190845489502
10.461492287604665,1.5576826635294525,9.834190845489502
10.461492287604665,1.5576826635294525,9.834190845489502
10.461492287604665,1.5576826635294525,9.834190845489502
10.461492287604665,1.5576826635294525,9.834190845489502
10.461492287604665,1.5576826635294525,9.834190845489502
10.461492287604665,1.5576826635294525,9.834190845489502
10.451225306743014,1.5712308772329706,9.834190845489502
10.451225306743014,1.5712308772329706,9.834190845489502
10.451225306743014,1.5712308772329706,9.834190845489502
10.451225306743014,1.5712308772329706,9.834190845489502
10.451225306743014,1.5712308772329706,9.834190845489502
10.443918923096083,1.595336822822936,9.834190845489502
10.443918923096083,1.595336822822936,9.834190845489502
10.443918923096083,1.595336822822936,9.834190845489502
10.443918923096083,1.595336822822936,9.834190845489502
10.443918923096083,1.595336822822936,9.834190845489502
10.443918923096083,1.595336822822936,9.834190845489502
10.453132041298247,1.63755798922427,9.834190845489502
10.453132041298247,1.63755798922427,9.834190845489502
10.453132041298247,1.63755798922427,9.834190845489502
10.453132041298247,1.63755798922427,9.834190845489502
10.41662435075945,1.6582239991411634,9.834190845489502
10.41662435075945,1.6582239991411634,9.834190845489502
10.41662435075945,1.6582239991411634,9.834190845489502
10.41662435075945,1.6582239991411634,9.834190845489502
10.403930008675962,1.6993000093404718,9.834190845489502
10.403930008675962,1.6993000093404718,9.834190845489502
10.403930008675962,1.6993000093404718,9.834190845489502
10.403930008675962,1.6993000093404718,9.834190845489502
10.403930008675962,1.6993000093404718,9.834190845489502
10.377947892884059,1.7192781808217292,9.834190845489502
10.377947892884059,1.7192781808217292,9.834190845489502
10.377947892884059,1.7192781808217292,9.834190845489502
10.377947892884059,1.7192781808217292,9.834190845489502
10.377947892884059,1.7192781808217292,9.834190845489502
10.352714533923093,1.7378287657741864,9.834190845489502
10.352714533923093,1.7378287657741864,9.834190845489502
10.352714533923093,1.7378287657741864,9.834190845489502
10.352714533923093,1.7378287657741864,9.834190845489502
10.367573019107748,1.756376498881658,9.834190845489502
10.367573019107748,1.756376498881658,9.834190845489502
10.367573019107748,1.756376498881658,9.834190845489502
10.367573019107748,1.756376498881658,9.834190845489502
10.367573019107748,1.756376498881658,9.834190845489502
10.3294065608025,1.7949777714674129,9.834190845489502
10.3294065608025,1.7949777714674129,9.834190845489502
10.3294065608025,1.7949777714674129,9.834190845489502
10.3294065608025,1.7949777714674129,9.834190845489502
10.29557260917654,1.8247313496177529,9.834190845489502
10.29557260917654,1.8247313496177529,9.834190845489502
10.29557260917654,1.8247313496177529,9.834190845489502
10.29557260917654,1.8247313496177529,9.834190845489502
10.29557260917654,1.8247313496177529,9.834190845489502
10.263224556255242,1.8258032749923399,9.834190845489502
10.263224556255242,1.8258032749923399,9.834190845489502
10.263224556255242,1.8258032749923399,9.834190845489502
10.263224556255242,1.8258032749923399,9.834190845489502
10.240842304202115,1.8679753024901646,9.834190845489502
10.240842304202115,1.8679753024901646,9.834190845489502
10.240842304202115,1.8679753024901646,9.834190845489502
10.240842304202115,1.8679753024901646,9.834190845489502
10.240842304202115,1.8679753024901646,9.834190845489502
10.209670944484625,1.9050367930859662,9.834190845489502
10.209670944484625,1.9050367930859662,9.834190845489502
10.209670944484625,1.9050367930859662,9.834190845489502
10.209670944484625,1.9050367930859662,9.834190845489502
10.198172547308527,1.9440321930313609,9.834190845489502
10.198172547308527,1.9440321930313609,9.834190845489502
10.198172547308527,1.9440321930313609,9.834190845489502
10.198172547308527,1.9440321930313609,9.834190845489502
10.198172547308527,1.9440321930313609,9.834190845489502
10.162424707907745,1.9823844553584462,9.834190845489502
10.162424707907745,1.9823844553584462,9.834190845489502
10.162424707907745,1.9823844553584462,9.834190845489502
10.162424707907745,1.9823844553584462,9.834190845489502
10.12974047818248,2.0452672439216086,9.834190845489502
10.12974047818248,2.0452672439216086,9.834190845489502
10.12974047818248,2.0452672439216086,9.834190845489502
10.12974047818248,2.0452672439216086,9.834190845489502
10.12974047818248,2.0452672439216086,9.834190845489502
10.144250474069421,2.07397924189729,9.834190845489502
10.144250474069421,2.07397924189729,9.834190845489502
10.144250474069421,2.07397924189729,9.834190845489502
10.144250474069421,2.07397924189729,9.834190845489502
10.100679725759079,2.125480983509906,9.834190845489502
10.100679725759079,2.125480983509906,9.834190845489502
10.100679725759079,2.125480983509906,9.834190845489502
10.100679725759079,2.125480983509906,9.834190845489502
10.100679725759079,2.125480983509906,9.834190845489502
10.05143164603959,2.2001583618741636,9.834190845489502
10.05143164603959,2.2001583618741636,9.834190845489502
10.05143164603959,2.2001583618741636,9.834190845489502
10.05143164603959,2.2001583618741636,9.834190845489502
10.025561398617226,2.2671536170879625,9.834190845489502
10.025561398617226,2.2671536170879625,9.834190845489502
10.025561398617226,2.2671536170879625,9.834190845489502
10.025561398617226,2.2671536170879625,9.834190845489502
10.025561398617226,2.2671536170879625,9.834190845489502
10.019137418908876,2.2916896583089015,9.834190845489502
10.019137418908876,2.2916896583089015,9.834190845489502
10.019137418908876,2.2916896583089015,9.834190845489502
10.019137418908876,2.2916896583089015,9.834190845489502
10.019137418908876,2.2916896583089015,9.834190845489502
9.964549702628446,2.35681701063467,9.834190845489502
9.964549702628446,2.35681701063467,9.834190845489502
9.964549702628446,2.35681701063467,9.834190845489502
9.964549702628446,2.35681701063467,9.834190845489502
9.94829960158661,2.409432161951587,9.834190845489502
9.94829960158661,2.409432161951587,9.834190845489502
9.94829960158661,2.409432161951587,9.834190845489502
9.94829960158661,2.409432161951587,9.834190845489502
9.94829960158661,2.409432161951587,9.834190845489502
9.913837941806811,2.4803271658228647,9.834190845489502
9.913837941806811,2.4803271658228647,9.834190845489502
9.913837941806811,2.4803271658228647,9.834190845489502
9.913837941806811,2.4803271658228647,9.834190845489502
9.916828000396325,2.5541702231483425,9.834190845489502
9.916828000396325,2.5541702231483425,9.834190845489502
9.916828000396325,2.5541702231483425,9.834190845489502
9.916828000396325,2.5541702231483425,9.834190845489502
9.916828000396325,2.5541702231483425,9.834190845489502
9.873247146624315,2.6427638121713684,9.834190845489502
9.873247146624315,2.6427638121713684,9.834190845489502
9.873247146624315,2.6427638121713684,9.834190845489502
9.873247146624315,2.6427638121713684,9.834190845489502
9.83747699228314,2.7262384822790056,9.834190845489502
9.83747699228314,2.7262384822790056,9.834190845489502
9.83747699228314,2.7262384822790056,9.834190845489502
9.83747699228314,2.7262384822790056,9.834190845489502
9.83747699228314,2.7262384822790056,9.834190845489502
9.82589973885946,2.7772423729006293,9.834190845489502
9.82589973885946,2.7772423729006293,9.834190845489502
9.82589973885946,2.7772423729006293,9.834190845489502
9.82589973885946,2.7772423729006293,9.834190845489502
9.82589973885946,2.7772423729006293,9.834190845489502
9.803023734999933,2.8688511846115947,9.834190845489502
9.803023734999933,2.8688511846115947,9.834190845489502
9.803023734999933,2.8688511846115947,9.834190845489502
9.803023734999933,2.8688511846115947,9.834190845489502
9.784296270703921,2.966857724701365,9.834190845489502
9.784296270703921,2.966857724701365,9.834190845489502
9.784296270703921,2.966857724701365,9.834190845489502
9.784296270703921,2.966857724701365,9.834190845489502
9.784296270703921,2.966857724701365,9.834190845489502
9.784296270703921,2.966857724701365,9.834190845489502
9.764406339490886,3.0606778084735153,9.834190845489502
9.764406339490886,3.0606778084735153,9.834190845489502
9.764406339490886,3.0606778084735153,9.834190845489502
9.764406339490886,3.0606778084735153,9.834190845489502
9.764406339490886,3.0606778084735153,9.834190845489502
9.764406339490886,3.0606778084735153,9.834190845489502
9.706077405647708,3.1472391176242955,9.834190845489502
9.706077405647708,3.1472391176242955,9.834190845489502
9.706077405647708,3.1472391176242955,9.834190845489502
9.706077405647708,3.1472391176242955,9.834190845489502
9.706077405647708,3.1472391176242955,9.834190845489502
9.706077405647708,3.1472391176242955,9.834190845489502
9.706077405647708,3.1472391176242955,9.834190845489502
9.667788569308703,3.2920969857640023,9.834190845489502
9.667788569308703,3.2920969857640023,9.834190845489502
9.667788569308703,3.2920969857640023,9.834190845489502
9.667788569308703,3.2920969857640023,9.834190845489502
9.667788569308703,3.2920969857640023,9.834190845489502
9.634616135991157,3.389723457057882,9.834190845489502
9.634616135991157,3.389723457057882,9.834190845489502
9.634616135991157,3.389723457057882,9.834190845489502
9.634616135991157,3.389723457057882,9.834190845489502
9.606071508404536,3.4909989912917103,9.834190845489502
9.606071508404536,3.4909989912917103,9.834190845489502
9.606071508404536,3.4909989912917103,9.834190845489502
9.606071508404536,3.4909989912917103,9.834190845489502
9.606071508404536,3.4909989912917103,9.834190845489502
9.597101857511461,3.601157439593266,9.834190845489502
9.597101857511461,3.601157439593266,9.834190845489502
9.597101857511461,3.601157439593266,9.834190845489502
9.597101857511461,3.601157439593266,9.834190845489502
9.597101857511461,3.601157439593266,9.834190845489502
9.597101857511461,3.601157439593266,9.834190845489502
9.569495319634914,3.713152601213607,9.834190845489502
9.569495319634914,3.713152601213607,9.834190845489502
9.569495319634914,3.713152601213607,9.834190845489502
9.569495319634914,3.713152601213607,9.834190845489502
9.569495319634914,3.713152601213607,9.834190845489502
9.54197020877821,3.8197448842869117,9.834190845489502
9.54197020877821,3.8197448842869117,9.834190845489502
9.54197020877821,3.8197448842869117,9.834190845489502
9.54197020877821,3.8197448842869117,9.834190845489502
9.54197020877821,3.8197448842869117,9.834190845489502
9.54197020877821,3.8197448842869117,9.834190845489502
9.527141523640031,3.935254367680728,9.834190845489502
9.527141523640031,3.935254367680728,9.834190845489502
9.527141523640031,3.935254367680728,9.834190845489502
9.527141523640031,3.935254367680728,9.834190845489502
9.527141523640031,3.935254367680728,9.834190845489502
9.527141523640031,3.935254367680728,9.834190845489502
9.488852804351751,4.094093610062113,9.834190845489502
9.488852804351751,4.094093610062113,9.834190845489502
9.488852804351751,4.094093610062113,9.834190845489502
9.488852804351751,4.094093610062113,9.834190845489502
9.488852804351751,4.094093610062113,9.834190845489502
9.488852804351751,4.094093610062113,9.834190845489502
9.479910675969641,4.143737469126288,9.834190845489502
9.479910675969641,4.143737469126288,9.834190845489502
9.479910675969641,4.143737469126288,9.834190845489502
9.479910675969641,4.143737469126288,9.834190845489502
9.479910675969641,4.143737469126288,9.834190845489502
9.479910675969641,4.143737469126288,9.834190845489502
9.479910675969641,4.143737469126288,9.834190845489502
9.479910675969641,4.143737469126288,9.834190845489502
9.466048282419287,4.3585194941888785,9.834190845489502
9.466048282419287,4.3585194941888785,9.834190845489502
9.466048282419287,4.3585194941888785,9.834190845489502
9.466048282419287,4.3585194941888785,9.834190845489502
9.466048282419287,4.3585194941888785,9.834190845489502
9.466048282419287,4.3585194941888785,9.834190845489502
9.466048282419287,4.3585194941888785,9.834190845489502
9.454381065035655,4.523850386530276,9.834190845489502
9.454381065035655,4.523850386530276,9.834190845489502
9.454381065035655,4.523850386530276,9.834190845489502
9.454381065035655,4.523850386530276,9.834190845489502
9.454381065035655,4.523850386530276,9.834190845489502
9.438013562065708,4.692538437149028,9.834190845489502
9.438013562065708,4.692538437149028,9.834190845489502
9.438013562065708,4.692538437149028,9.834190845489502
9.438013562065708,4.692538437149028,9.834190845489502
9.438013562065708,4.692538437149028,9.834190845489502
9.45245058819973,4.810406583702848,9.834190845489502
9.45245058819973,4.810406583702848,9.834190845489502
9.45245058819973,4.810406583702848,9.834190845489502
9.45245058819973,4.810406583702848,9.834190845489502
9.45245058819973,4.810406583702848,9.834190845489502
9.45245058819973,4.810406583702848,9.834190845489502
9.452788369883722,4.925704612022047,9.834190845489502
9.452788369883722,4.925704612022047,9.834190845489502
9.452788369883722,4.925704612022047,9.834190845489502
9.452788369883722,4.925704612022047,9.834190845489502
9.452788369883722,4.925704612022047,9.834190845489502
9.460611542002393,5.054252080805345,9.834190845489502
9.460611542002393,5.054252080805345,9.834190845489502
9.460611542002393,5.054252080805345,9.834190845489502
9.460611542002393,5.054252080805345,9.834190845489502
9.460611542002393,5.054252080805345,9.834190845489502
9.46220211345466,5.175845549846593,9.834190845489502
9.46220211345466,5.175845549846593,9.834190845489502
9.46220211345466,5.175845549846593,9.834190845489502
9.46220211345466,5.175845549846593,9.834190845489502
9.46220211345466,5.175845549846593,9.834190845489502
9.460893428461738,5.3068821424921016,9.834190845489502
9.460893428461738,5.3068821424921016,9.834190845489502
9.460893428461738,5.3068821424921016,9.834190845489502
9.460893428461738,5.3068821424921016,9.834190845489502
9.460893428461738,5.3068821424921016,9.834190845489502
9.46057151460797,5.450009119168402,9.834190845489502
9.46057151460797,5.450009119168402,9.834190845489502
9.46057151460797,5.450009119168402,9.834190845489502
9.46057151460797,5.450009119168402,9.834190845489502
9.46057151460797,5.450009119168402,9.834190845489502
9.465386309006814,5.586048576241499,9.834190845489502
9.465386309006814,5.586048576241499,9.834190845489502
9.465386309006814,5.586048576241499,9.834190845489502
9.465386309006814,5.586048576241499,9.834190845489502
9.465386309006814,5.586048576241499,9.834190845489502
9.476407400826846,5.726456630948465,9.834190845489502
9.476407400826846,5.726456630948465,9.834190845489502
9.476407400826846,5.726456630948465,9.834190845489502
9.476407400826846,5.726456630948465,9.834190845489502
9.476407400826846,5.726456630948465,9.834190845489502
9.483298653831989,5.861676734283152,9.834190845489502
9.483298653831989,5.861676734283152,9.834190845489502
9.483298653831989,5.861676734283152,9.834190845489502
9.483298653831989,5.861676734283152,9.834190845489502
9.483298653831989,5.861676734283152,9.834190845489502
9.495048729394917,6.00418757740281,9.834190845489502
9.495048729394917,6.00418757740281,9.834190845489502
9.495048729394917,6.00418757740281,9.834190845489502
9.495048729394917,6.00418757740281,9.834190845489502
9.495048729394917,6.00418757740281,9.834190845489502
9.499297706125883,6.142363245020713,9.834190845489502
9.499297706125883,6.142363245020713,9.834190845489502
9.499297706125883,6.142363245020713,9.834190845489502
9.499297706125883,6.142363245020713,9.834190845489502
9.499297706125883,6.142363245020713,9.834190845489502
9.504960818885735,6.285278797168902,9.834190845489502
9.504960818885735,6.285278797168902,9.834190845489502
9.504960818885735,6.285278797168902,9.834190845489502
9.504960818885735,6.285278797168902,9.834190845489502
9.504960818885735,6.285278797168902,9.834190845489502
9.514984812445878,6.423863347762092,9.834190845489502
9.514984812445878,6.423863347762092,9.834190845489502
9.514984812445878,6.423863347762092,9.834190845489502
9.514984812445878,6.423863347762092,9.834190845489502
9.514984812445878,6.423863347762092,9.834190845489502
9.528889536645833,6.569741223360528,9.834190845489502
9.528889536645833,6.569741223360528,9.834190845489502
9.528889536645833,6.569741223360528,9.834190845489502
9.528889536645833,6.569741223360528,9.834190845489502
9.528889536645833,6.569741223360528,9.834190845489502
9.544044586645075,6.714569727018412,9.834190845489502
9.544044586645075,6.714569727018412,9.834190845489502
9.544044586645075,6.714569727018412,9.834190845489502
9.544044586645075,6.714569727018412,9.834190845489502
9.544044586645075,6.714569727018412,9.834190845489502
9.544044586645075,6.714569727018412,9.834190845489502
9.562286698224886,6.85816998892272,9.834190845489502
9.562286698224886,6.85816998892272,9.834190845489502
9.562286698224886,6.85816998892272,9.834190845489502
9.562286698224886,6.85816998892272,9.834190845489502
9.562286698224886,6.85816998892272,9.834190845489502
9.562286698224886,6.85816998892272,9.834190845489502
9.577483317398977,6.996781967065818,9.834190845489502
9.577483317398977,6.996781967065818,9.834190845489502
9.577483317398977,6.996781967065818,9.834190845489502
9.577483317398977,6.996781967065818,9.834190845489502
9.577483317398977,6.996781967065818,9.834190845489502
9.577483317398977,6.996781967065818,9.834190845489502
9.6004470681188,7.201894014197575,9.834190845489502
9.6004470681188,7.201894014197575,9.834190845489502
9.6004470681188,7.201894014197575,9.834190845489502
9.6004470681188,7.201894014197575,9.834190845489502
9.6004470681188,7.201894014197575,9.834190845489502
9.621670028174636,7.335435621063276,9.834190845489502
9.621670028174636,7.335435621063276,9.834190845489502
9.621670028174636,7.335435621063276,9.834190845489502
9.621670028174636,7.335435621063276,9.834190845489502
9.621670028174636,7.335435621063276,9.834190845489502
9.635232649101214,7.480662766509585,9.834190845489502
9.635232649101214,7.480662766509585,9.834190845489502
9.635232649101214,7.480662766509585,9.834190845489502
9.635232649101214,7.480662766509585,9.834190845489502
9.635232649101214,7.480662766509585,9.834190845489502
9.635232649101214,7.480662766509585,9.834190845489502
9.630009453622309,7.598799099438163,9.834190845489502
9.630009453622309,7.598799099438163,9.834190845489502
9.630009453622309,7.598799099438163,9.834190845489502
9.630009453622309,7.598799099438163,9.834190845489502
9.630009453622309,7.598799099438163,9.834190845489502
9.630009453622309,7.598799099438163,9.834190845489502
9.623310942251987,7.758058429094677,9.834190845489502
9.623310942251987,7.758058429094677,9.834190845489502
9.623310942251987,7.758058429094677,9.834190845489502
9.623310942251987,7.758058429094677,9.834190845489502
9.623310942251987,7.758058429094677,9.834190845489502
9.623310942251987,7.758058429094677,9.834190845489502
9.61305366624925,7.856787483748401,9.834190845489502
9.61305366624925,7.856787483748401,9.834190845489502
9.61305366624925,7.856787483748401,9.834190845489502
9.61305366624925,7.856787483748401,9.834190845489502
9.61305366624925,7.856787483748401,9.834190845489502
9.61305366624925,7.856787483748401,9.834190845489502
9.594400182583524,7.949530658426072,9.834190845489502
9.594400182583524,7.949530658426072,9.834190845489502
9.594400182583524,7.949530658426072,9.834190845489502
9.594400182583524,7.949530658426072,9.834190845489502
9.594400182583524,7.949530658426072,9.834190845489502
9.594400182583524,7.949530658426072,9.834190845489502
9.594400182583524,7.949530658426072,9.834190845489502
9.557141530566167,8.09421606359427,9.834190845489502
9.557141530566167,8.09421606359427,9.834190845489502
9.557141530566167,8.09421606359427,9.834190845489502
9.557141530566167,8.09421606359427,9.834190845489502
9.557141530566167,8.09421606359427,9.834190845489502
9.514187931468104,8.239859158606764,9.834190845489502
9.514187931468104,8.239859158606764,9.834190845489502
9.514187931468104,8.239859158606764,9.834190845489502
9.514187931468104,8.239859158606764,9.834190845489502
9.514187931468104,8.239859158606764,9.834190845489502
9.445590537129235,8.318564162479777,9.834190845489502
9.445590537129235,8.318564162479777,9.834190845489502
9.445590537129235,8.318564162479777,9.834190845489502
9.445590537129235,8.318564162479777,9.834190845489502
9.445590537129235,8.318564162479777,9.834190845489502
9.445590537129235,8.318564162479777,9.834190845489502
9.445590537129235,8.318564162479777,9.834190845489502
9.380714171148687,8.388351407529774,9.834190845489502
9.380714171148687,8.388351407529774,9.834190845489502
9.380714171148687,8.388351407529774,9.834190845489502
9.380714171148687,8.388351407529774,9.834190845489502
9.380714171148687,8.388351407529774,9.834190845489502
9.380714171148687,8.388351407529774,9.834190845489502
9.284627548356076,8.44447734381974,9.834190845489502
9.284627548356076,8.44447734381974,9.834190845489502
9.284627548356076,8.44447734381974,9.834190845489502
9.284627548356076,8.44447734381974,9.834190845489502
9.284627548356076,8.44447734381974,9.834190845489502
9.284627548356076,8.44447734381974,9.834190845489502
9.168406826349917,8.475747401987878,9.834190845489502
9.168406826349917,8.475747401987878,9.834190845489502
9.168406826349917,8.475747401987878,9.834190845489502
9.168406826349917,8.475747401987878,9.834190845489502
9.168406826349917,8.475747401987878,9.834190845489502
9.168406826349917,8.475747401987878,9.834190845489502
9.070846450435939,8.479705217051196,9.834190845489502
9.070846450435939,8.479705217051196,9.834190845489502
9.070846450435939,8.479705217051196,9.834190845489502
9.070846450435939,8.479705217051196,9.834190845489502
8.928547419135372,8.50296074573688,9.834190845489502
8.928547419135372,8.50296074573688,9.834190845489502
8.928547419135372,8.50296074573688,9.834190845489502
8.928547419135372,8.50296074573688,9.834190845489502
8.928547419135372,8.50296074573688,9.834190845489502
8.928547419135372,8.50296074573688,9.834190845489502
8.896399664444376,8.466726402405724,9.834190845489502
8.896399664444376,8.466726402405724,9.834190845489502
8.896399664444376,8.466726402405724,9.834190845489502
8.896399664444376,8.466726402405724,9.834190845489502
8.896399664444376,8.466726402405724,9.834190845489502
8.78136207080703,8.467973378933799,9.834190845489502
8.78136207080703,8.467973378933799,9.834190845489502
8.78136207080703,8.467973378933799,9.834190845489502
8.78136207080703,8.467973378933799,9.834190845489502
8.71494025097794,8.473018434765114,9.834190845489502
8.71494025097794,8.473018434765114,9.834190845489502
8.71494025097794,8.473018434765114,9.834190845489502
8.71494025097794,8.473018434765114,9.834190845489502
8.690040718246243,8.453514606941548,9.834190845489502
8.690040718246243,8.453514606941548,9.834190845489502
8.690040718246243,8.453514606941548,9.834190845489502
8.690040718246243,8.453514606941548,9.834190845489502
8.690040718246243,8.453514606941548,9.834190845489502
8.585976539936379,8.45039337681682,9.834190845489502
8.585976539936379,8.45039337681682,9.834190845489502
8.585976539936379,8.45039337681682,9.834190845489502
8.585976539936379,8.45039337681682,9.834190845489502
8.585976539936379,8.45039337681682,9.834190845489502
8.585976539936379,8.45039337681682,9.834190845489502
8.51704427747876,8.45772163514959,9.834190845489502
8.51704427747876,8.45772163514959,9.834190845489502
8.51704427747876,8.45772163514959,9.834190845489502
8.51704427747876,8.45772163514959,9.834190845489502
8.51704427747876,8.45772163514959,9.834190845489502
8.42755518205369,8.439433942821156,9.834190845489502
8.42755518205369,8.439433942821156,9.834190845489502
8.42755518205369,8.439433942821156,9.834190845489502
8.42755518205369,8.439433942821156,9.834190845489502
8.42755518205369,8.439433942821156,9.834190845489502
8.320640456315152,8.432547520795609,9.834190845489502
8.320640456315152,8.432547520795609,9.834190845489502
8.320640456315152,8.432547520795609,9.834190845489502
8.320640456315152,8.432547520795609,9.834190845489502
8.214367586368613,8.44384890610952,9.834190845489502
8.214367586368613,8.44384890610952,9.834190845489502
8.214367586368613,8.44384890610952,9.834190845489502
8.214367586368613,8.44384890610952,9.834190845489502
8.214367586368613,8.44384890610952,9.834190845489502
8.214367586368613,8.44384890610952,9.834190845489502
8.117857493456823,8.426642334454927,9.834190845489502
8.117857493456823,8.426642334454927,9.834190845489502
8.117857493456823,8.426642334454927,9.834190845489502
8.117857493456823,8.426642334454927,9.834190845489502
8.117857493456823,8.426642334454927,9.834190845489502
8.117857493456823,8.426642334454927,9.834190845489502
8.027437180890445,8.421147339041038,9.834190845489502
8.027437180890445,8.421147339041038,9.834190845489502
8.027437180890445,8.421147339041038,9.834190845489502
8.027437180890445,8.421147339041038,9.834190845489502
8.027437180890445,8.421147339041038,9.834190845489502
8.027437180890445,8.421147339041038,9.834190845489502
7.859233635399907,8.424064726313892,9.834190845489502
7.859233635399907,8.424064726313892,9.834190845489502
7.859233635399907,8.424064726313892,9.834190845489502
7.859233635399907,8.424064726313892,9.834190845489502
7.859233635399907,8.424064726313892,9.834190845489502
7.859233635399907,8.424064726313892,9.834190845489502
7.740762424696579,8.423790236985162,9.834190845489502
7.740762424696579,8.423790236985162,9.834190845489502
7.740762424696579,8.423790236985162,9.834190845489502
7.740762424696579,8.423790236985162,9.834190845489502
7.740762424696579,8.423790236985162,9.834190845489502
7.740762424696579,8.423790236985162,9.834190845489502
7.553034780207198,8.422355093199975,9.834190845489502
7.553034780207198,8.422355093199975,9.834190845489502
7.553034780207198,8.422355093199975,9.834190845489502
7.553034780207198,8.422355093199975,9.834190845489502
7.553034780207198,8.422355093199975,9.834190845489502
7.553034780207198,8.422355093199975,9.834190845489502
7.553034780207198,8.422355093199975,9.834190845489502
7.426905644134731,8.422966010768285,9.834190845489502
7.426905644134731,8.422966010768285,9.834190845489502
7.426905644134731,8.422966010768285,9.834190845489502
7.426905644134731,8.422966010768285,9.834190845489502
7.426905644134731,8.422966010768285,9.834190845489502
7.426905644134731,8.422966010768285,9.834190845489502
7.426905644134731,8.422966010768285,9.834190845489502
7.227076918523553,8.425621026555548,9.834190845489502
7.227076918523553,8.425621026555548,9.834190845489502
7.227076918523553,8.425621026555548,9.834190845489502
7.227076918523553,8.425621026555548,9.834190845489502
7.227076918523553,8.425621026555548,9.834190845489502
7.227076918523553,8.425621026555548,9.834190845489502
7.07295318726957,8.431240267865483,9.834190845489502
7.07295318726957,8.431240267865483,9.834190845489502
7.07295318726957,8.431240267865483,9.834190845489502
7.07295318726957,8.431240267865483,9.834190845489502
7.07295318726957,8.431240267865483,9.834190845489502
7.07295318726957,8.431240267865483,9.834190845489502
6.843336085153258,8.438797509947678,9.834190845489502
6.843336085153258,8.438797509947678,9.834190845489502
6.843336085153258,8.438797509947678,9.834190845489502
6.843336085153258,8.438797509947678,9.834190845489502
6.843336085153258,8.438797509947678,9.834190845489502
6.704798256403921,8.443928309175705,9.834190845489502
6.704798256403921,8.443928309175705,9.834190845489502
6.704798256403921,8.443928309175705,9.834190845489502
6.704798256403921,8.443928309175705,9.834190845489502
6.704798256403921,8.443928309175705,9.834190845489502
6.54343481846731,8.455057555424547,9.834190845489502
6.54343481846731,8.455057555424547,9.834190845489502
6.54343481846731,8.455057555424547,9.834190845489502
6.54343481846731,8.455057555424547,9.834190845489502
6.54343481846731,8.455057555424547,9.834190845489502
6.394688058058548,8.460322687772,9.834190845489502
6.394688058058548,8.460322687772,9.834190845489502
6.394688058058548,8.460322687772,9.834190845489502
6.394688058058548,8.460322687772,9.834190845489502
6.394688058058548,8.460322687772,9.834190845489502
6.250482980820488,8.473759640685138,9.834190845489502
6.250482980820488,8.473759640685138,9.834190845489502
6.250482980820488,8.473759640685138,9.834190845489502
6.250482980820488,8.473759640685138,9.834190845489502
6.086731008849185,8.485964722140249,9.834190845489502
6.086731008849185,8.485964722140249,9.834190845489502
6.086731008849185,8.485964722140249,9.834190845489502
6.086731008849185,8.485964722140249,9.834190845489502
5.912633557861146,8.486658320995293,9.834190845489502
5.912633557861146,8.486658320995293,9.834190845489502
5.912633557861146,8.486658320995293,9.834190845489502
5.912633557861146,8.486658320995293,9.834190845489502
5.912633557861146,8.486658320995293,9.834190845489502
5.912633557861146,8.486658320995293,9.834190845489502
5.846075845695226,8.483043482304673,9.834190845489502
5.846075845695226,8.483043482304673,9.834190845489502
5.846075845695226,8.483043482304673,9.834190845489502
5.846075845695226,8.483043482304673,9.834190845489502
5.846075845695226,8.483043482304673,9.834190845489502
5.5821265317358915,8.482055646059038,9.834190845489502
5.5821265317358915,8.482055646059038,9.834190845489502
5.5821265317358915,8.482055646059038,9.834190845489502
5.5821265317358915,8.482055646059038,9.834190845489502
5.407623582816192,8.475716758690234,9.834190845489502
5.407623582816192,8.475716758690234,9.834190845489502
5.407623582816192,8.475716758690234,9.834190845489502
5.407623582816192,8.475716758690234,9.834190845489502
5.407623582816192,8.475716758690234,9.834190845489502
5.346918707182718,8.477935575926848,9.834190845489502
5.346918707182718,8.477935575926848,9.834190845489502
5.346918707182718,8.477935575926848,9.834190845489502
5.346918707182718,8.477935575926848,9.834190845489502
5.346918707182718,8.477935575926848,9.834190845489502
5.346918707182718,8.477935575926848,9.834190845489502
5.346918707182718,8.477935575926848,9.834190845489502
5.081345865628579,8.473180524966878,9.834190845489502
5.081345865628579,8.473180524966878,9.834190845489502
5.081345865628579,8.473180524966878,9.834190845489502
5.081345865628579,8.473180524966878,9.834190845489502
5.081345865628579,8.473180524966878,9.834190845489502
5.081345865628579,8.473180524966878,9.834190845489502
5.081345865628579,8.473180524966878,9.834190845489502
5.081345865628579,8.473180524966878,9.834190845489502
4.907075873194156,8.47730406772711,9.834190845489502
4.907075873194156,8.47730406772711,9.834190845489502
4.907075873194156,8.47730406772711,9.834190845489502
4.907075873194156,8.47730406772711,9.834190845489502
4.907075873194156,8.47730406772711,9.834190845489502
4.661238834924295,8.51113191382727,9.834190845489502
4.661238834924295,8.51113191382727,9.834190845489502
4.661238834924295,8.51113191382727,9.834190845489502
4.661238834924295,8.51113191382727,9.834190845489502
4.661238834924295,8.51113191382727,9.834190845489502
4.512902965718351,8.532042624205438,9.834190845489502
4.512902965718351,8.532042624205438,9.834190845489502
4.512902965718351,8.532042624205438,9.834190845489502
4.512902965718351,8.532042624205438,9.834190845489502
4.3717975271815686,8.555248494156507,9.834190845489502
4.3717975271815686,8.555248494156507,9.834190845489502
4.3717975271815686,8.555248494156507,9.834190845489502
4.3717975271815686,8.555248494156507,9.834190845489502
4.174668588930851,8.560007252911912,9.834190845489502
4.174668588930851,8.560007252911912,9.834190845489502
4.174668588930851,8.560007252911912,9.834190845489502
4.174668588930851,8.560007252911912,9.834190845489502
4.174668588930851,8.560007252911912,9.834190845489502
3.982123074701583,8.565720915972221,9.834190845489502
3.982123074701583,8.565720915972221,9.834190845489502
3.982123074701583,8.565720915972221,9.834190845489502
3.982123074701583,8.565720915972221,9.834190845489502
3.811655238406077,8.576686819331258,9.834190845489502
3.811655238406077,8.576686819331258,9.834190845489502
3.811655238406077,8.576686819331258,9.834190845489502
3.811655238406077,8.576686819331258,9.834190845489502
3.811655238406077,8.576686819331258,9.834190845489502
3.7393714071129986,8.578892250926563,9.834190845489502
3.7393714071129986,8.578892250926563,9.834190845489502
3.7393714071129986,8.578892250926563,9.834190845489502
3.7393714071129986,8.578892250926563,9.834190845489502
3.7393714071129986,8.578892250926563,9.834190845489502
3.5352894674193367,8.586644078619495,9.834190845489502
3.5352894674193367,8.586644078619495,9.834190845489502
3.5352894674193367,8.586644078619495,9.834190845489502
3.5352894674193367,8.586644078619495,9.834190845489502
3.3566077461213775,8.603270697505502,9.834190845489502
3.3566077461213775,8.603270697505502,9.834190845489502
3.3566077461213775,8.603270697505502,9.834190845489502
3.3566077461213775,8.603270697505502,9.834190845489502
3.3566077461213775,8.603270697505502,9.834190845489502
3.3566077461213775,8.603270697505502,9.834190845489502
3.1892693237852963,8.619285095670612,9.834190845489502
3.1892693237852963,8.619285095670612,9.834190845489502
3.1892693237852963,8.619285095670612,9.834190845489502
3.1892693237852963,8.619285095670612,9.834190845489502
3.1892693237852963,8.619285095670612,9.834190845489502
3.1892693237852963,8.619285095670612,9.834190845489502
3.1892693237852963,8.619285095670612,9.834190845489502
3.1892693237852963,8.619285095670612,9.834190845489502
3.1892693237852963,8.619285095670612,9.834190845489502
2.9880857018520772,8.63345914195471,9.834190845489502
2.9880857018520772,8.63345914195471,9.834190845489502
2.9880857018520772,8.63345914195471,9.834190845489502
2.9880857018520772,8.63345914195471,9.834190845489502
2.9880857018520772,8.63345914195471,9.834190845489502
2.9880857018520772,8.63345914195471,9.834190845489502
2.9880857018520772,8.63345914195471,9.834190845489502
2.9880857018520772,8.63345914195471,9.834190845489502
2.9880857018520772,8.63345914195471,9.834190845489502
2.6413290494377226,8.626817869392339,9.834190845489502
2.6413290494377226,8.626817869392339,9.834190845489502
2.6413290494377226,8.626817869392339,9.834190845489502
2.6413290494377226,8.626817869392339,9.834190845489502
2.352998453785075,8.63801413382938,9.834190845489502
2.352998453785075,8.63801413382938,9.834190845489502
2.352998453785075,8.63801413382938,9.834190845489502
2.352998453785075,8.63801413382938,9.834190845489502
2.352998453785075,8.63801413382938,9.834190845489502
2.352998453785075,8.63801413382938,9.834190845489502
2.352998453785075,8.63801413382938,9.834190845489502
2.200930879188077,8.63651965719968,9.834190845489502
2.200930879188077,8.63651965719968,9.834190845489502
2.200930879188077,8.63651965719968,9.834190845489502
2.200930879188077,8.63651965719968,9.834190845489502
2.200930879188077,8.63651965719968,9.834190845489502
1.9637652307706892,8.641933890709675,9.834190845489502
1.9637652307706892,8.641933890709675,9.834190845489502
1.9637652307706892,8.641933890709675,9.834190845489502
1.9637652307706892,8.641933890709675,9.834190845489502
1.9637652307706892,8.641933890709675,9.834190845489502
1.9637652307706892,8.641933890709675,9.834190845489502
1.808305969568774,8.661013966064363,9.834190845489502
1.808305969568774,8.661013966064363,9.834190845489502
1.808305969568774,8.661013966064363,9.834190845489502
1.808305969568774,8.661013966064363,9.834190845489502
1.808305969568774,8.661013966064363,9.834190845489502
1.808305969568774,8.661013966064363,9.834190845489502
1.808305969568774,8.661013966064363,9.834190845489502
1.808305969568774,8.661013966064363,9.834190845489502
1.6633520978669538,8.668633193300177,9.834190845489502
1.6633520978669538,8.668633193300177,9.834190845489502
1.6633520978669538,8.668633193300177,9.834190845489502
1.6633520978669538,8.668633193300177,9.834190845489502
1.6633520978669538,8.668633193300177,9.834190845489502
1.6633520978669538,8.668633193300177,9.834190845489502
1.6633520978669538,8.668633193300177,9.834190845489502
1.6633520978669538,8.668633193300177,9.834190845489502
1.4326539919491224,8.67361584391142,9.834190845489502
1.4326539919491224,8.67361584391142,9.834190845489502
1.4326539919491224,8.67361584391142,9.834190845489502
1.4326539919491224,8.67361584391142,9.834190845489502
1.4326539919491224,8.67361584391142,9.834190845489502
1.4326539919491224,8.67361584391142,9.834190845489502
1.4326539919491224,8.67361584391142,9.834190845489502
1.0933544223595133,8.672353395332719,9.834190845489502
1.0933544223595133,8.672353395332719,9.834190845489502
1.0933544223595133,8.672353395332719,9.834190845489502
1.0933544223595133,8.672353395332719,9.834190845489502
1.0933544223595133,8.672353395332719,9.834190845489502
1.0933544223595133,8.672353395332719,9.834190845489502
0.9148329574316815,8.670340110471644,9.834190845489502
0.9148329574316815,8.670340110471644,9.834190845489502
0.9148329574316815,8.670340110471644,9.834190845489502
0.9148329574316815,8.670340110471644,9.834190845489502
0.9148329574316815,8.670340110471644,9.834190845489502
0.9148329574316815,8.670340110471644,9.834190845489502
0.6405533097682861,8.663227418851202,9.834190845489502
0.6405533097682861,8.663227418851202,9.834190845489502
0.6405533097682861,8.663227418851202,9.834190845489502
0.6405533097682861,8.663227418851202,9.834190845489502
0.6405533097682861,8.663227418851202,9.834190845489502
0.43536256180566746,8.64749730136704,9.834190845489502
0.43536256180566746,8.64749730136704,9.834190845489502
0.43536256180566746,8.64749730136704,9.834190845489502
0.43536256180566746,8.64749730136704,9.834190845489502
0.22959898426518432,8.634725550286994,9.834190845489502
0.22959898426518432,8.634725550286994,9.834190845489502
0.22959898426518432,8.634725550286994,9.834190845489502
0.22959898426518432,8.634725550286994,9.834190845489502
0.22959898426518432,8.634725550286994,9.834190845489502
0.02223887258335319,8.630436635588833,9.834190845489502
0.02223887258335319,8.630436635588833,9.834190845489502
0.02223887258335319,8.630436635588833,9.834190845489502
0.02223887258335319,8.630436635588833,9.834190845489502
-0.13200831589150233,8.632334857458925,9.834190845489502
-0.13200831589150233,8.632334857458925,9.834190845489502
-0.13200831589150233,8.632334857458925,9.834190845489502
-0.13200831589150233,8.632334857458925,9.834190845489502
-0.13200831589150233,8.632334857458925,9.834190845489502
-0.13200831589150233,8.632334857458925,9.834190845489502
-0.13200831589150233,8.632334857458925,9.834190845489502
-0.3412988620263648,8.639705041496557,9.834190845489502
-0.3412988620263648,8.639705041496557,9.834190845489502
-0.3412988620263648,8.639705041496557,9.834190845489502
-0.3412988620263648,8.639705041496557,9.834190845489502
-0.3412988620263648,8.639705041496557,9.834190845489502
-0.3412988620263648,8.639705041496557,9.834190845489502
-0.4895357826351435,8.65013692141546,9.834190845489502
-0.4895357826351435,8.65013692141546,9.834190845489502
-0.4895357826351435,8.65013692141546,9.834190845489502
-0.4895357826351435,8.65013692141546,9.834190845489502
-0.4895357826351435,8.65013692141546,9.834190845489502
-0.766863575547258,8.65122557346717,9.834190845489502
-0.766863575547258,8.65122557346717,9.834190845489502
-0.766863575547258,8.65122557346717,9.834190845489502
-0.766863575547258,8.65122557346717,9.834190845489502
-0.766863575547258,8.65122557346717,9.834190845489502
-0.766863575547258,8.65122557346717,9.834190845489502
-0.766863575547258,8.65122557346717,9.834190845489502
-0.9322706668113345,8.65636227479828,9.834190845489502
-0.9322706668113345,8.65636227479828,9.834190845489502
-0.9322706668113345,8.65636227479828,9.834190845489502
-0.9322706668113345,8.65636227479828,9.834190845489502
-1.0989324278098571,8.657824482101727,9.834190845489502
-1.0989324278098571,8.657824482101727,9.834190845489502
-1.0989324278098571,8.657824482101727,9.834190845489502
-1.0989324278098571,8.657824482101727,9.834190845489502
-1.0989324278098571,8.657824482101727,9.834190845489502
-1.2419790795315881,8.667762042056411,9.834190845489502
-1.2419790795315881,8.667762042056411,9.834190845489502
-1.2419790795315881,8.667762042056411,9.834190845489502
-1.2419790795315881,8.667762042056411,9.834190845489502
-1.4049718361076131,8.653480311100177,9.834190845489502
-1.4049718361076131,8.653480311100177,9.834190845489502
-1.4049718361076131,8.653480311100177,9.834190845489502
-1.4049718361076131,8.653480311100177,9.834190845489502
-1.4049718361076131,8.653480311100177,9.834190845489502
-1.4049718361076131,8.653480311100177,9.834190845489502
-1.5557567074799126,8.623825657032523,9.834190845489502
-1.5557567074799126,8.623825657032523,9.834190845489502
-1.5557567074799126,8.623825657032523,9.834190845489502
-1.5557567074799126,8.623825657032523,9.834190845489502
-1.5557567074799126,8.623825657032523,9.834190845489502
-1.708289538317957,8.58857750557996,9.834190845489502
-1.708289538317957,8.58857750557996,9.834190845489502
-1.708289538317957,8.58857750557996,9.834190845489502
-1.708289538317957,8.58857750557996,9.834190845489502
-1.708289538317957,8.58857750557996,9.834190845489502
-1.8899429755554134,8.568128390072147,9.834190845489502
-1.8899429755554134,8.568128390072147,9.834190845489502
-1.8899429755554134,8.568128390072147,9.834190845489502
-1.8899429755554134,8.568128390072147,9.834190845489502
-2.070874468408462,8.556716777608303,9.834190845489502
-2.070874468408462,8.556716777608303,9.834190845489502
-2.070874468408462,8.556716777608303,9.834190845489502
-2.070874468408462,8.556716777608303,9.834190845489502
-2.23823903135791,8.549273353951195,9.834190845489502
-2.23823903135791,8.549273353951195,9.834190845489502
-2.23823903135791,8.549273353951195,9.834190845489502
-2.23823903135791,8.549273353951195,9.834190845489502
-2.23823903135791,8.549273353951195,9.834190845489502
-2.3172009618997764,8.546536589591794,9.834190845489502
-2.3172009618997764,8.546536589591794,9.834190845489502
-2.3172009618997764,8.546536589591794,9.834190845489502
-2.3172009618997764,8.546536589591794,9.834190845489502
-2.5079714030876503,8.56040575782752,9.834190845489502
-2.5079714030876503,8.56040575782752,9.834190845489502
-2.5079714030876503,8.56040575782752,9.834190845489502
-2.5079714030876503,8.56040575782752,9.834190845489502
-2.5079714030876503,8.56040575782752,9.834190845489502
-2.7076963874676254,8.581207634304201,9.834190845489502
-2.7076963874676254,8.581207634304201,9.834190845489502
-2.7076963874676254,8.581207634304201,9.834190845489502
-2.7076963874676254,8.581207634304201,9.834190845489502
-2.843462251024338,8.603208057536133,9.834190845489502
-2.843462251024338,8.603208057536133,9.834190845489502
-2.843462251024338,8.603208057536133,9.834190845489502
-2.843462251024338,8.603208057536133,9.834190845489502
-2.843462251024338,8.603208057536133,9.834190845489502
-2.959498667277065,8.622883300371896,9.834190845489502
-2.959498667277065,8.622883300371896,9.834190845489502
-2.959498667277065,8.622883300371896,9.834190845489502
-2.959498667277065,8.622883300371896,9.834190845489502
-2.959498667277065,8.622883300371896,9.834190845489502
-3.1338924609256376,8.629703820603,9.834190845489502
-3.1338924609256376,8.629703820603,9.834190845489502
-3.1338924609256376,8.629703820603,9.834190845489502
-3.1338924609256376,8.629703820603,9.834190845489502
-3.1338924609256376,8.629703820603,9.834190845489502
-3.3386608689488297,8.629894302611666,9.834190845489502
-3.3386608689488297,8.629894302611666,9.834190845489502
-3.3386608689488297,8.629894302611666,9.834190845489502
-3.3386608689488297,8.629894302611666,9.834190845489502
-3.3386608689488297,8.629894302611666,9.834190845489502
-3.3386608689488297,8.629894302611666,9.834190845489502
-3.4714067886746345,8.621701205242028,9.834190845489502
-3.4714067886746345,8.621701205242028,9.834190845489502
-3.4714067886746345,8.621701205242028,9.834190845489502
-3.4714067886746345,8.621701205242028,9.834190845489502
-3.4714067886746345,8.621701205242028,9.834190845489502
-3.735024162427698,8.604071664575288,9.834190845489502
-3.735024162427698,8.604071664575288,9.834190845489502
-3.735024162427698,8.604071664575288,9.834190845489502
-3.735024162427698,8.604071664575288,9.834190845489502
-3.735024162427698,8.604071664575288,9.834190845489502
-3.872711023393439,8.596592207627197,9.834190845489502
-3.872711023393439,8.596592207627197,9.834190845489502
-3.872711023393439,8.596592207627197,9.834190845489502
-3.872711023393439,8.596592207627197,9.834190845489502
-3.872711023393439,8.596592207627197,9.834190845489502
-3.983746805342577,8.600128439433828,9.834190845489502
-3.983746805342577,8.600128439433828,9.834190845489502
-3.983746805342577,8.600128439433828,9.834190845489502
-3.983746805342577,8.600128439433828,9.834190845489502
-3.983746805342577,8.600128439433828,9.834190845489502
-4.127454858573037,8.60676034698824,9.834190845489502
-4.127454858573037,8.60676034698824,9.834190845489502
-4.127454858573037,8.60676034698824,9.834190845489502
-4.127454858573037,8.60676034698824,9.834190845489502
-4.127454858573037,8.60676034698824,9.834190845489502
-4.181601421066012,8.622954513819383,9.834190845489502
-4.181601421066012,8.622954513819383,9.834190845489502
-4.181601421066012,8.622954513819383,9.834190845489502
-4.181601421066012,8.622954513819383,9.834190845489502
-4.33440476449595,8.630717495583761,9.834190845489502
-4.33440476449595,8.630717495583761,9.834190845489502
-4.33440476449595,8.630717495583761,9.834190845489502
-4.33440476449595,8.630717495583761,9.834190845489502
-4.33440476449595,8.630717495583761,9.834190845489502
-4.413224466370591,8.627170010080608,9.834190845489502
-4.413224466370591,8.627170010080608,9.834190845489502
-4.413224466370591,8.627170010080608,9.834190845489502
-4.413224466370591,8.627170010080608,9.834190845489502
-4.542188902893997,8.616386515122997,9.834190845489502
-4.542188902893997,8.616386515122997,9.834190845489502
-4.542188902893997,8.616386515122997,9.834190845489502
-4.542188902893997,8.616386515122997,9.834190845489502
-4.542188902893997,8.616386515122997,9.834190845489502
-4.946637676338563,8.600342550944685,9.834190845489502
-4.946637676338563,8.600342550944685,9.834190845489502
-4.946637676338563,8.600342550944685,9.834190845489502
-4.946637676338563,8.600342550944685,9.834190845489502
-4.946637676338563,8.600342550944685,9.834190845489502
-5.227340612453422,8.584522104586995,9.834190845489502
-5.227340612453422,8.584522104586995,9.834190845489502
-5.227340612453422,8.584522104586995,9.834190845489502
-5.227340612453422,8.584522104586995,9.834190845489502
-5.546975802010956,8.55572585384648,9.834190845489502
-5.546975802010956,8.55572585384648,9.834190845489502
-5.546975802010956,8.55572585384648,9.834190845489502
-5.546975802010956,8.55572585384648,9.834190845489502
-5.546975802010956,8.55572585384648,9.834190845489502
-5.753054926915162,8.537681156577152,9.834190845489502
-5.753054926915162,8.537681156577152,9.834190845489502
-5.753054926915162,8.537681156577152,9.834190845489502
-5.753054926915162,8.537681156577152,9.834190845489502
-5.753054926915162,8.537681156577152,9.834190845489502
-5.9303272313196,8.52490719503445,9.834190845489502
-5.9303272313196,8.52490719503445,9.834190845489502
-5.9303272313196,8.52490719503445,9.834190845489502
-5.9303272313196,8.52490719503445,9.834190845489502
-6.101013704675687,8.52986026246621,9.834190845489502
-6.101013704675687,8.52986026246621,9.834190845489502
-6.101013704675687,8.52986026246621,9.834190845489502
-6.101013704675687,8.52986026246621,9.834190845489502
-6.101013704675687,8.52986026246621,9.834190845489502
-6.189845354896964,8.526004862867564,9.834190845489502
-6.189845354896964,8.526004862867564,9.834190845489502
-6.189845354896964,8.526004862867564,9.834190845489502
-6.189845354896964,8.526004862867564,9.834190845489502
-6.374020305370219,8.516639423799653,9.834190845489502
-6.374020305370219,8.516639423799653,9.834190845489502
-6.374020305370219,8.516639423799653,9.834190845489502
-6.374020305370219,8.516639423799653,9.834190845489502
-6.374020305370219,8.516639423799653,9.834190845489502
-6.556069323600458,8.515113969971473,9.834190845489502
-6.556069323600458,8.515113969971473,9.834190845489502
-6.556069323600458,8.515113969971473,9.834190845489502
-6.556069323600458,8.515113969971473,9.834190845489502
-6.774960890734239,8.531806216325746,9.834190845489502
-6.774960890734239,8.531806216325746,9.834190845489502
-6.774960890734239,8.531806216325746,9.834190845489502
-6.774960890734239,8.531806216325746,9.834190845489502
-6.897995960825881,8.553784503193405,9.834190845489502
-6.897995960825881,8.553784503193405,9.834190845489502
-6.897995960825881,8.553784503193405,9.834190845489502
-6.897995960825881,8.553784503193405,9.834190845489502
-7.082509244021998,8.567840754870359,9.834190845489502
-7.082509244021998,8.567840754870359,9.834190845489502
-7.082509244021998,8.567840754870359,9.834190845489502
-7.082509244021998,8.567840754870359,9.834190845489502
-7.250725312705816,8.563217296699996,9.834190845489502
-7.250725312705816,8.563217296699996,9.834190845489502
-7.250725312705816,8.563217296699996,9.834190845489502
-7.250725312705816,8.563217296699996,9.834190845489502
-7.327993237055057,8.566405240793765,9.834190845489502
-7.327993237055057,8.566405240793765,9.834190845489502
-7.327993237055057,8.566405240793765,9.834190845489502
-7.327993237055057,8.566405240793765,9.834190845489502
-7.327993237055057,8.566405240793765,9.834190845489502
-7.504587877287575,8.565775745851898,9.834190845489502
-7.504587877287575,8.565775745851898,9.834190845489502
-7.504587877287575,8.565775745851898,9.834190845489502
-7.504587877287575,8.565775745851898,9.834190845489502
-7.685059205184419,8.565192441971334,9.834190845489502
-7.685059205184419,8.565192441971334,9.834190845489502
-7.685059205184419,8.565192441971334,9.834190845489502
-7.685059205184419,8.565192441971334,9.834190845489502
-7.685059205184419,8.565192441971334,9.834190845489502
-7.778239537458186,8.561023679646178,9.834190845489502
-7.778239537458186,8.561023679646178,9.834190845489502
-7.778239537458186,8.561023679646178,9.834190845489502
-7.778239537458186,8.561023679646178,9.834190845489502
-7.967131237031139,8.559148123265896,9.834190845489502
-7.967131237031139,8.559148123265896,9.834190845489502
-7.967131237031139,8.559148123265896,9.834190845489502
-7.967131237031139,8.559148123265896,9.834190845489502
-7.967131237031139,8.559148123265896,9.834190845489502
-8.13556637627437,8.562853267992214,9.834190845489502
-8.13556637627437,8.562853267992214,9.834190845489502
-8.13556637627437,8.562853267992214,9.834190845489502
-8.13556637627437,8.562853267992214,9.834190845489502
-8.300514863159025,8.564660509878344,9.834190845489502
-8.300514863159025,8.564660509878344,9.834190845489502
-8.300514863159025,8.564660509878344,9.834190845489502
-8.300514863159025,8.564660509878344,9.834190845489502
-8.44869101146565,8.572632734116304,9.834190845489502
-8.44869101146565,8.572632734116304,9.834190845489502
-8.44869101146565,8.572632734116304,9.834190845489502
-8.44869101146565,8.572632734116304,9.834190845489502
-8.44869101146565,8.572632734116304,9.834190845489502
-8.516961419225341,8.576463869170196,9.834190845489502
-8.516961419225341,8.576463869170196,9.834190845489502
-8.516961419225341,8.576463869170196,9.834190845489502
-8.516961419225341,8.576463869170196,9.834190845489502
-8.67652662055864,8.612734632575497,9.834190845489502
-8.67652662055864,8.612734632575497,9.834190845489502
-8.67652662055864,8.612734632575497,9.834190845489502
-8.67652662055864,8.612734632575497,9.834190845489502
-8.67652662055864,8.612734632575497,9.834190845489502
-8.846506864209381,8.63683625461153,9.834190845489502
-8.846506864209381,8.63683625461153,9.834190845489502
-8.846506864209381,8.63683625461153,9.834190845489502
-8.846506864209381,8.63683625461153,9.834190845489502
-9.010116160049328,8.649734503191567,9.834190845489502
-9.010116160049328,8.649734503191567,9.834190845489502
-9.010116160049328,8.649734503191567,9.834190845489502
-9.010116160049328,8.649734503191567,9.834190845489502
-9.010116160049328,8.649734503191567,9.834190845489502
-9.09204539988837,8.654372506988722,9.834190845489502
-9.09204539988837,8.654372506988722,9.834190845489502
-9.09204539988837,8.654372506988722,9.834190845489502
-9.09204539988837,8.654372506988722,9.834190845489502
-9.25188549410183,8.6638029300214,9.834190845489502
-9.25188549410183,8.6638029300214,9.834190845489502
-9.25188549410183,8.6638029300214,9.834190845489502
-9.25188549410183,8.6638029300214,9.834190845489502
-9.25188549410183,8.6638029300214,9.834190845489502
-9.443056862109447,8.674429715631138,9.834190845489502
-9.443056862109447,8.674429715631138,9.834190845489502
-9.443056862109447,8.674429715631138,9.834190845489502
-9.443056862109447,8.674429715631138,9.834190845489502
-9.443056862109447,8.674429715631138,9.834190845489502
-9.608599917337425,8.678198760554729,9.834190845489502
-9.608599917337425,8.678198760554729,9.834190845489502
-9.608599917337425,8.678198760554729,9.834190845489502
-9.608599917337425,8.678198760554729,9.834190845489502
-9.608599917337425,8.678198760554729,9.834190845489502
-9.608599917337425,8.678198760554729,9.834190845489502
-9.608599917337425,8.678198760554729,9.834190845489502
-9.770219490386548,8.67644060268094,9.834190845489502
-9.770219490386548,8.67644060268094,9.834190845489502
-9.770219490386548,8.67644060268094,9.834190845489502
-9.770219490386548,8.67644060268094,9.834190845489502
-9.770219490386548,8.67644060268094,9.834190845489502
-9.770219490386548,8.67644060268094,9.834190845489502
-9.770219490386548,8.67644060268094,9.834190845489502
-10.034563610247396,8.691744416325461,9.834190845489502
-10.034563610247396,8.691744416325461,9.834190845489502
-10.034563610247396,8.691744416325461,9.834190845489502
-10.034563610247396,8.691744416325461,9.834190845489502
-10.034563610247396,8.691744416325461,9.834190845489502
-10.034563610247396,8.691744416325461,9.834190845489502
-10.309489414880693,8.693890269986245,9.834190845489502
-10.309489414880693,8.693890269986245,9.834190845489502
-10.309489414880693,8.693890269986245,9.834190845489502
-10.309489414880693,8.693890269986245,9.834190845489502
-10.467916826789443,8.694132072705345,9.834190845489502
-10.467916826789443,8.694132072705345,9.834190845489502
-10.467916826789443,8.694132072705345,9.834190845489502
-10.467916826789443,8.694132072705345,9.834190845489502
-10.467916826789443,8.694132072705345,9.834190845489502
-10.467916826789443,8.694132072705345,9.834190845489502
-10.467916826789443,8.694132072705345,9.834190845489502
-10.620978231920752,8.692440905065133,9.834190845489502
-10.620978231920752,8.692440905065133,9.834190845489502
-10.620978231920752,8.692440905065133,9.834190845489502
-10.620978231920752,8.692440905065133,9.834190845489502
-10.620978231920752,8.692440905065133,9.834190845489502
-10.620978231920752,8.692440905065133,9.834190845489502
-10.81654263013997,8.688273969771373,9.834190845489502
-10.81654263013997,8.688273969771373,9.834190845489502
-10.81654263013997,8.688273969771373,9.834190845489502
-10.81654263013997,8.688273969771373,9.834190845489502
-10.81654263013997,8.688273969771373,9.834190845489502
-11.062918780244491,8.685481592724166,9.834190845489502
-11.062918780244491,8.685481592724166,9.834190845489502
-11.062918780244491,8.685481592724166,9.834190845489502
-11.062918780244491,8.685481592724166,9.834190845489502
-11.062918780244491,8.685481592724166,9.834190845489502
-11.21689421738964,8.682922597584446,9.834190845489502
-11.21689421738964,8.682922597584446,9.834190845489502
-11.21689421738964,8.682922597584446,9.834190845489502
-11.21689421738964,8.682922597584446,9.834190845489502
-11.21689421738964,8.682922597584446,9.834190845489502
-11.405293377892402,8.675227317841578,9.834190845489502
-11.405293377892402,8.675227317841578,9.834190845489502
-11.405293377892402,8.675227317841578,9.834190845489502
-11.405293377892402,8.675227317841578,9.834190845489502
-11.405293377892402,8.675227317841578,9.834190845489502
-11.554880347356459,8.665681965730114,9.834190845489502
-11.554880347356459,8.665681965730114,9.834190845489502
-11.554880347356459,8.665681965730114,9.834190845489502
-11.554880347356459,8.665681965730114,9.834190845489502
-11.554880347356459,8.665681965730114,9.834190845489502
-11.723878929408258,8.659438584736632,9.834190845489502
-11.723878929408258,8.659438584736632,9.834190845489502
-11.723878929408258,8.659438584736632,9.834190845489502
-11.723878929408258,8.659438584736632,9.834190845489502
-11.89542130902188,8.647557424352938,9.834190845489502
-11.89542130902188,8.647557424352938,9.834190845489502
-11.89542130902188,8.647557424352938,9.834190845489502
-11.89542130902188,8.647557424352938,9.834190845489502
-11.89542130902188,8.647557424352938,9.834190845489502
-11.97686283876761,8.642579551624817,9.834190845489502
-11.97686283876761,8.642579551624817,9.834190845489502
-11.97686283876761,8.642579551624817,9.834190845489502
-11.97686283876761,8.642579551624817,9.834190845489502
-12.12279130837428,8.635969948970317,9.834190845489502
-12.12279130837428,8.635969948970317,9.834190845489502
-12.12279130837428,8.635969948970317,9.834190845489502
-12.12279130837428,8.635969948970317,9.834190845489502
-12.12279130837428,8.635969948970317,9.834190845489502
-12.297937766879517,8.627334526831484,9.834190845489502
-12.297937766879517,8.627334526831484,9.834190845489502
-12.297937766879517,8.627334526831484,9.834190845489502
-12.297937766879517,8.627334526831484,9.834190845489502
-12.443596879789759,8.614258518375621,9.834190845489502
-12.443596879789759,8.614258518375621,9.834190845489502
-12.443596879789759,8.614258518375621,9.834190845489502
-12.443596879789759,8.614258518375621,9.834190845489502
-12.570101325058603,8.601448421200462,9.834190845489502
-12.570101325058603,8.601448421200462,9.834190845489502
-12.570101325058603,8.601448421200462,9.834190845489502
-12.570101325058603,8.601448421200462,9.834190845489502
-12.570101325058603,8.601448421200462,9.834190845489502
-12.627830136800313,8.597758038501615,9.834190845489502
-12.627830136800313,8.597758038501615,9.834190845489502
-12.627830136800313,8.597758038501615,9.834190845489502
-12.627830136800313,8.597758038501615,9.834190845489502
-12.75624291282394,8.569889260457053,9.834190845489502
-12.75624291282394,8.569889260457053,9.834190845489502
-12.75624291282394,8.569889260457053,9.834190845489502
-12.75624291282394,8.569889260457053,9.834190845489502
-12.878398742561396,8.557264945404516,9.834190845489502
-12.878398742561396,8.557264945404516,9.834190845489502
-12.878398742561396,8.557264945404516,9.834190845489502
-12.878398742561396,8.557264945404516,9.834190845489502
-12.878398742561396,8.557264945404516,9.834190845489502
-12.938930704260537,8.537016162442084,9.834190845489502
-12.938930704260537,8.537016162442084,9.834190845489502
-12.938930704260537,8.537016162442084,9.834190845489502
-12.938930704260537,8.537016162442084,9.834190845489502
-12.938930704260537,8.537016162442084,9.834190845489502
-13.089078795975777,8.51278432783423,9.834190845489502
-13.089078795975777,8.51278432783423,9.834190845489502
-13.089078795975777,8.51278432783423,9.834190845489502
-13.089078795975777,8.51278432783423,9.834190845489502
-13.199655069987802,8.473678287807404,9.834190845489502
-13.199655069987802,8.473678287807404,9.834190845489502
-13.199655069987802,8.473678287807404,9.834190845489502
-13.199655069987802,8.473678287807404,9.834190845489502
-13.2949998617775,8.412953217668775,9.834190845489502
-13.2949998617775,8.412953217668775,9.834190845489502
-13.2949998617775,8.412953217668775,9.834190845489502
-13.2949998617775,8.412953217668775,9.834190845489502
-13.37094946880199,8.364179463351807,9.834190845489502
-13.37094946880199,8.364179463351807,9.834190845489502
-13.37094946880199,8.364179463351807,9.834190845489502
-13.37094946880199,8.364179463351807,9.834190845489502
-13.413198510295384,8.326924949331195,9.834190845489502
-13.413198510295384,8.326924949331195,9.834190845489502
-13.413198510295384,8.326924949331195,9.834190845489502
-13.413198510295384,8.326924949331195,9.834190845489502
-13.413198510295384,8.326924949331195,9.834190845489502
-13.470670467768798,8.253184361462631,9.834190845489502
-13.470670467768798,8.253184361462631,9.834190845489502
-13.470670467768798,8.253184361462631,9.834190845489502
-13.470670467768798,8.253184361462631,9.834190845489502
-13.56125157988423,8.097933253933654,9.834190845489502
-13.56125157988423,8.097933253933654,9.834190845489502
-13.56125157988423,8.097933253933654,9.834190845489502
-13.56125157988423,8.097933253933654,9.834190845489502
-13.591316956150536,8.036634975280682,9.834190845489502
-13.591316956150536,8.036634975280682,9.834190845489502
-13.591316956150536,8.036634975280682,9.834190845489502
-13.591316956150536,8.036634975280682,9.834190845489502
-13.60723807921432,7.951383595878036,9.834190845489502
-13.60723807921432,7.951383595878036,9.834190845489502
-13.60723807921432,7.951383595878036,9.834190845489502
-13.60723807921432,7.951383595878036,9.834190845489502
-13.61296510914327,7.865041662066813,9.834190845489502
-13.61296510914327,7.865041662066813,9.834190845489502
-13.61296510914327,7.865041662066813,9.834190845489502
-13.61296510914327,7.865041662066813,9.834190845489502
-13.610246353412602,7.820816481484021,9.834190845489502
-13.610246353412602,7.820816481484021,9.834190845489502
-13.610246353412602,7.820816481484021,9.834190845489502
-13.610246353412602,7.820816481484021,9.834190845489502
-13.610246353412602,7.820816481484021,9.834190845489502
-13.655572250700656,7.715524788778193,9.834190845489502
-13.655572250700656,7.715524788778193,9.834190845489502
-13.655572250700656,7.715524788778193,9.834190845489502
-13.655572250700656,7.715524788778193,9.834190845489502
-13.71820509557626,7.60941544774035,9.834190845489502
-13.71820509557626,7.60941544774035,9.834190845489502
-13.71820509557626,7.60941544774035,9.834190845489502
-13.71820509557626,7.60941544774035,9.834190845489502
-13.71820509557626,7.60941544774035,9.834190845489502
-13.71820509557626,7.60941544774035,9.834190845489502
-13.768546482999142,7.542836152336333,9.834190845489502
-13.768546482999142,7.542836152336333,9.834190845489502
-13.768546482999142,7.542836152336333,9.834190845489502
-13.768546482999142,7.542836152336333,9.834190845489502
-13.768546482999142,7.542836152336333,9.834190845489502
-13.768546482999142,7.542836152336333,9.834190845489502
-13.883181133971526,7.355947012918402,9.834190845489502
-13.883181133971526,7.355947012918402,9.834190845489502
-13.883181133971526,7.355947012918402,9.834190845489502
-13.883181133971526,7.355947012918402,9.834190845489502
-13.914278571065857,7.228261678033633,9.834190845489502
-13.914278571065857,7.228261678033633,9.834190845489502
-13.914278571065857,7.228261678033633,9.834190845489502
-13.914278571065857,7.228261678033633,9.834190845489502
-13.914278571065857,7.228261678033633,9.834190845489502
-13.914278571065857,7.228261678033633,9.834190845489502
-13.914278571065857,7.228261678033633,9.834190845489502
-13.93825823872721,7.104004071200367,9.834190845489502
-13.93825823872721,7.104004071200367,9.834190845489502
-13.93825823872721,7.104004071200367,9.834190845489502
-13.93825823872721,7.104004071200367,9.834190845489502
-13.93825823872721,7.104004071200367,9.834190845489502
-13.93825823872721,7.104004071200367,9.834190845489502
-13.989279751297138,6.889373570729598,9.834190845489502
-13.989279751297138,6.889373570729598,9.834190845489502
-13.989279751297138,6.889373570729598,9.834190845489502
-13.989279751297138,6.889373570729598,9.834190845489502
-13.989279751297138,6.889373570729598,9.834190845489502
-13.989279751297138,6.889373570729598,9.834190845489502
-14.040265266172435,6.758217776793617,9.834190845489502
-14.040265266172435,6.758217776793617,9.834190845489502
-14.040265266172435,6.758217776793617,9.834190845489502
-14.040265266172435,6.758217776793617,9.834190845489502
-14.040265266172435,6.758217776793617,9.834190845489502
-14.06036104473909,6.630062985145732,9.834190845489502
-14.06036104473909,6.630062985145732,9.834190845489502
-14.06036104473909,6.630062985145732,9.834190845489502
-14.06036104473909,6.630062985145732,9.834190845489502
-14.06036104473909,6.630062985145732,9.834190845489502
-14.06036104473909,6.630062985145732,9.834190845489502
-14.06036104473909,6.630062985145732,9.834190845489502
-14.086301744229353,6.513767390543989,9.834190845489502
-14.086301744229353,6.513767390543989,9.834190845489502
-14.086301744229353,6.513767390543989,9.834190845489502
-14.086301744229353,6.513767390543989,9.834190845489502
-14.086301744229353,6.513767390543989,9.834190845489502
-14.086301744229353,6.513767390543989,9.834190845489502
-14.138511273362342,6.310254699619015,9.834190845489502
-14.138511273362342,6.310254699619015,9.834190845489502
-14.138511273362342,6.310254699619015,9.834190845489502
-14.138511273362342,6.310254699619015,9.834190845489502
-14.138511273362342,6.310254699619015,9.834190845489502
-14.138511273362342,6.310254699619015,9.834190845489502
-14.16510354544837,6.132418899225096,9.834190845489502
-14.16510354544837,6.132418899225096,9.834190845489502
-14.16510354544837,6.132418899225096,9.834190845489502
-14.16510354544837,6.132418899225096,9.834190845489502
-14.16510354544837,6.132418899225096,9.834190845489502
-14.13944008831759,6.030291568443695,9.834190845489502
-14.13944008831759,6.030291568443695,9.834190845489502
-14.13944008831759,6.030291568443695,9.834190845489502
-14.13944008831759,6.030291568443695,9.834190845489502
-14.13944008831759,6.030291568443695,9.834190845489502
-14.13944008831759,6.030291568443695,9.834190845489502
-14.13944008831759,6.030291568443695,9.834190845489502
-14.153341451564938,5.941492441063442,9.834190845489502
-14.153341451564938,5.941492441063442,9.834190845489502
-14.153341451564938,5.941492441063442,9.834190845489502
-14.153341451564938,5.941492441063442,9.834190845489502
-14.153341451564938,5.941492441063442,9.834190845489502
-14.166978753011103,5.792923536907616,9.834190845489502
-14.166978753011103,5.792923536907616,9.834190845489502
-14.166978753011103,5.792923536907616,9.834190845489502
-14.166978753011103,5.792923536907616,9.834190845489502
-14.155654597173132,5.651509333790437,9.834190845489502
-14.155654597173132,5.651509333790437,9.834190845489502
-14.155654597173132,5.651509333790437,9.834190845489502
-14.155654597173132,5.651509333790437,9.834190845489502
-14.155654597173132,5.651509333790437,9.834190845489502
-14.122673536698665,5.590177799829609,9.834190845489502
-14.122673536698665,5.590177799829609,9.834190845489502
-14.122673536698665,5.590177799829609,9.834190845489502
-14.122673536698665,5.590177799829609,9.834190845489502
-14.122673536698665,5.590177799829609,9.834190845489502
-14.102312092559519,5.43736995516347,9.834190845489502
-14.102312092559519,5.43736995516347,9.834190845489502
-14.102312092559519,5.43736995516347,9.834190845489502
-14.102312092559519,5.43736995516347,9.834190845489502
-14.102312092559519,5.43736995516347,9.834190845489502
-14.094162647827394,5.400610900903707,9.834190845489502
-14.094162647827394,5.400610900903707,9.834190845489502
-14.094162647827394,5.400610900903707,9.834190845489502
-14.094162647827394,5.400610900903707,9.834190845489502
-14.094162647827394,5.400610900903707,9.834190845489502
-14.077160240558152,5.298402590345697,9.834190845489502
-14.077160240558152,5.298402590345697,9.834190845489502
-14.077160240558152,5.298402590345697,9.834190845489502
-14.077160240558152,5.298402590345697,9.834190845489502
-14.077160240558152,5.298402590345697,9.834190845489502
-14.070037001436734,5.132113096192191,9.834190845489502
-14.070037001436734,5.132113096192191,9.834190845489502
-14.070037001436734,5.132113096192191,9.834190845489502
-14.070037001436734,5.132113096192191,9.834190845489502
-14.070037001436734,5.132113096192191,9.834190845489502
-14.070037001436734,5.132113096192191,9.834190845489502
-14.077782619470026,5.080252538404405,9.834190845489502
-14.077782619470026,5.080252538404405,9.834190845489502
-14.077782619470026,5.080252538404405,9.834190845489502
-14.077782619470026,5.080252538404405,9.834190845489502
-14.077782619470026,5.080252538404405,9.834190845489502
-14.077782619470026,5.080252538404405,9.834190845489502
-14.077782619470026,5.080252538404405,9.834190845489502
-14.073510045819502,4.905274302660955,9.834190845489502
-14.073510045819502,4.905274302660955,9.834190845489502
-14.073510045819502,4.905274302660955,9.834190845489502
-14.073510045819502,4.905274302660955,9.834190845489502
-14.073510045819502,4.905274302660955,9.834190845489502
-14.073510045819502,4.905274302660955,9.834190845489502
-14.073510045819502,4.905274302660955,9.834190845489502
-14.069461487284235,4.716160303389291,9.834190845489502
-14.069461487284235,4.716160303389291,9.834190845489502
-14.069461487284235,4.716160303389291,9.834190845489502
-14.069461487284235,4.716160303389291,9.834190845489502
-14.069461487284235,4.716160303389291,9.834190845489502
-14.069461487284235,4.716160303389291,9.834190845489502
-14.089529264607894,4.583598424807764,9.834190845489502
-14.089529264607894,4.583598424807764,9.834190845489502
-14.089529264607894,4.583598424807764,9.834190845489502
-14.089529264607894,4.583598424807764,9.834190845489502
-14.089529264607894,4.583598424807764,9.834190845489502
-14.089633132054145,4.380922473556332,9.834190845489502
-14.089633132054145,4.380922473556332,9.834190845489502
-14.089633132054145,4.380922473556332,9.834190845489502
-14.089633132054145,4.380922473556332,9.834190845489502
-14.089633132054145,4.380922473556332,9.834190845489502
-14.089633132054145,4.380922473556332,9.834190845489502
-14.054759655557657,4.251930437553906,9.834190845489502
-14.054759655557657,4.251930437553906,9.834190845489502
-14.054759655557657,4.251930437553906,9.834190845489502
-14.054759655557657,4.251930437553906,9.834190845489502
-14.054759655557657,4.251930437553906,9.834190845489502
-14.054759655557657,4.251930437553906,9.834190845489502
-14.024559445186249,4.122145703426846,9.834190845489502
-14.024559445186249,4.122145703426846,9.834190845489502
-14.024559445186249,4.122145703426846,9.834190845489502
-14.024559445186249,4.122145703426846,9.834190845489502
-13.998839670992108,3.9161885616249394,9.834190845489502
-13.998839670992108,3.9161885616249394,9.834190845489502
-13.998839670992108,3.9161885616249394,9.834190845489502
-13.998839670992108,3.9161885616249394,9.834190845489502
-13.979001216242665,3.8527076694868994,9.834190845489502
-13.979001216242665,3.8527076694868994,9.834190845489502
-13.979001216242665,3.8527076694868994,9.834190845489502
-13.979001216242665,3.8527076694868994,9.834190845489502
-13.979001216242665,3.8527076694868994,9.834190845489502
-13.962753734265636,3.6409497700781355,9.834190845489502
-13.962753734265636,3.6409497700781355,9.834190845489502
-13.962753734265636,3.6409497700781355,9.834190845489502
-13.962753734265636,3.6409497700781355,9.834190845489502
-13.962753734265636,3.6409497700781355,9.834190845489502
-13.951392574260057,3.5713574653240263,9.834190845489502
-13.951392574260057,3.5713574653240263,9.834190845489502
-13.951392574260057,3.5713574653240263,9.834190845489502
-13.97454515570578,3.422810770652098,9.834190845489502
-13.97454515570578,3.422810770652098,9.834190845489502
-13.97454515570578,3.422810770652098,9.834190845489502
-13.97454515570578,3.422810770652098,9.834190845489502
-13.97454515570578,3.422810770652098,9.834190845489502
-13.958039994134614,3.2714647856744157,9.834190845489502
-13.958039994134614,3.2714647856744157,9.834190845489502
-13.958039994134614,3.2714647856744157,9.834190845489502
-13.958039994134614,3.2714647856744157,9.834190845489502
-13.958039994134614,3.2714647856744157,9.834190845489502
-13.948651105830404,3.2041688388495237,9.834190845489502
-13.948651105830404,3.2041688388495237,9.834190845489502
-13.948651105830404,3.2041688388495237,9.834190845489502
-13.948651105830404,3.2041688388495237,9.834190845489502
-13.954001474702045,3.043273907818074,9.834190845489502
-13.954001474702045,3.043273907818074,9.834190845489502
-13.954001474702045,3.043273907818074,9.834190845489502
-13.954001474702045,3.043273907818074,9.834190845489502
-13.954001474702045,3.043273907818074,9.834190845489502
-13.963308773883501,2.8924163431439154,9.834190845489502
-13.963308773883501,2.8924163431439154,9.834190845489502
-13.963308773883501,2.8924163431439154,9.834190845489502
-13.963308773883501,2.8924163431439154,9.834190845489502
-13.9482111963178,2.7253818132774748,9.834190845489502
-13.9482111963178,2.7253818132774748,9.834190845489502
-13.9482111963178,2.7253818132774748,9.834190845489502
-13.9482111963178,2.7253818132774748,9.834190845489502
-13.9482111963178,2.7253818132774748,9.834190845489502
-13.939031647511722,2.56969465282978,9.834190845489502
-13.939031647511722,2.56969465282978,9.834190845489502
-13.939031647511722,2.56969465282978,9.834190845489502
-13.939031647511722,2.56969465282978,9.834190845489502
-13.939031647511722,2.56969465282978,9.834190845489502
-13.939031647511722,2.56969465282978,9.834190845489502
-13.928430588136315,2.389991052844455,9.834190845489502
-13.928430588136315,2.389991052844455,9.834190845489502
-13.928430588136315,2.389991052844455,9.834190845489502
-13.928430588136315,2.389991052844455,9.834190845489502
-13.928430588136315,2.389991052844455,9.834190845489502
-13.928430588136315,2.389991052844455,9.834190845489502
-13.907575840217607,2.2203002187524694,9.834190845489502
-13.907575840217607,2.2203002187524694,9.834190845489502
-13.907575840217607,2.2203002187524694,9.834190845489502
-13.907575840217607,2.2203002187524694,9.834190845489502
-13.907575840217607,2.2203002187524694,9.834190845489502
-13.907575840217607,2.2203002187524694,9.834190845489502
-13.897666960591483,2.0429338628763345,9.834190845489502
-13.897666960591483,2.0429338628763345,9.834190845489502
-13.897666960591483,2.0429338628763345,9.834190845489502
-13.897666960591483,2.0429338628763345,9.834190845489502
-13.897666960591483,2.0429338628763345,9.834190845489502
-13.927674095250962,1.77599902538633,9.834190845489502
-13.927674095250962,1.77599902538633,9.834190845489502
-13.927674095250962,1.77599902538633,9.834190845489502
-13.927674095250962,1.77599902538633,9.834190845489502
-13.924090977708438,1.6136309654916277,9.834190845489502
-13.924090977708438,1.6136309654916277,9.834190845489502
-13.924090977708438,1.6136309654916277,9.834190845489502
-13.924090977708438,1.6136309654916277,9.834190845489502
-13.924090977708438,1.6136309654916277,9.834190845489502
-13.930787181515498,1.5172383531381584,9.834190845489502
-13.930787181515498,1.5172383531381584,9.834190845489502
-13.930787181515498,1.5172383531381584,9.834190845489502
-13.930787181515498,1.5172383531381584,9.834190845489502
-13.9096677691604,1.345541152516949,9.834190845489502
-13.9096677691604,1.345541152516949,9.834190845489502
-13.9096677691604,1.345541152516949,9.834190845489502
-13.9096677691604,1.345541152516949,9.834190845489502
-13.9096677691604,1.345541152516949,9.834190845489502
-13.885672530407895,1.1862813142574657,9.834190845489502
-13.885672530407895,1.1862813142574657,9.834190845489502
-13.885672530407895,1.1862813142574657,9.834190845489502
-13.885672530407895,1.1862813142574657,9.834190845489502
-13.87374183568178,1.0204463089487321,9.834190845489502
-13.87374183568178,1.0204463089487321,9.834190845489502
-13.87374183568178,1.0204463089487321,9.834190845489502
-13.87374183568178,1.0204463089487321,9.834190845489502
-13.87374183568178,1.0204463089487321,9.834190845489502
-13.855608565309684,0.8675020301808889,9.834190845489502
-13.855608565309684,0.8675020301808889,9.834190845489502
-13.855608565309684,0.8675020301808889,9.834190845489502
-13.855608565309684,0.8675020301808889,9.834190845489502
-13.846589359541305,0.7211123438541978,9.834190845489502
-13.846589359541305,0.7211123438541978,9.834190845489502
-13.846589359541305,0.7211123438541978,9.834190845489502
-13.846589359541305,0.7211123438541978,9.834190845489502
-13.846589359541305,0.7211123438541978,9.834190845489502
-13.828590455892392,0.6613897852335298,9.834190845489502
-13.828590455892392,0.6613897852335298,9.834190845489502
-13.828590455892392,0.6613897852335298,9.834190845489502
-13.828590455892392,0.6613897852335298,9.834190845489502
-13.78310066918668,0.5046054910196416,9.834190845489502
-13.78310066918668,0.5046054910196416,9.834190845489502
-13.78310066918668,0.5046054910196416,9.834190845489502
-13.78310066918668,0.5046054910196416,9.834190845489502
-13.78310066918668,0.5046054910196416,9.834190845489502
-13.77085217246539,0.36930997297677526,9.834190845489502
-13.77085217246539,0.36930997297677526,9.834190845489502
-13.77085217246539,0.36930997297677526,9.834190845489502
-13.77085217246539,0.36930997297677526,9.834190845489502
-13.750311512595248,0.22397550066165006,9.834190845489502
-13.750311512595248,0.22397550066165006,9.834190845489502
-13.750311512595248,0.22397550066165006,9.834190845489502
-13.750311512595248,0.22397550066165006,9.834190845489502
-13.750311512595248,0.22397550066165006,9.834190845489502
-13.724601818169724,0.17048924720175068,9.834190845489502
-13.724601818169724,0.17048924720175068,9.834190845489502
-13.724601818169724,0.17048924720175068,9.834190845489502
-13.724601818169724,0.17048924720175068,9.834190845489502
-13.724601818169724,0.17048924720175068,9.834190845489502
-13.663259883125233,0.05757987918056359,9.834190845489502
-13.663259883125233,0.05757987918056359,9.834190845489502
-13.663259883125233,0.05757987918056359,9.834190845489502
-13.663259883125233,0.05757987918056359,9.834190845489502
-13.663259883125233,0.05757987918056359,9.834190845489502
-13.663259883125233,0.05757987918056359,9.834190845489502
-13.59125265424477,-0.030739164050700398,9.834190845489502
-13.59125265424477,-0.030739164050700398,9.834190845489502
-13.59125265424477,-0.030739164050700398,9.834190845489502
-13.59125265424477,-0.030739164050700398,9.834190845489502
-13.48986545285306,-0.18607484891890116,9.834190845489502
-13.48986545285306,-0.18607484891890116,9.834190845489502
-13.48986545285306,-0.18607484891890116,9.834190845489502
-13.48986545285306,-0.18607484891890116,9.834190845489502
-13.48986545285306,-0.18607484891890116,9.834190845489502
-13.48986545285306,-0.18607484891890116,9.834190845489502
-13.48986545285306,-0.18607484891890116,9.834190845489502
-13.426287686292422,-0.24916970124878143,9.834190845489502
-13.426287686292422,-0.24916970124878143,9.834190845489502
-13.426287686292422,-0.24916970124878143,9.834190845489502
-13.426287686292422,-0.24916970124878143,9.834190845489502
-13.426287686292422,-0.24916970124878143,9.834190845489502
-13.426287686292422,-0.24916970124878143,9.834190845489502
-13.316683589045825,-0.3132571438407527,9.834190845489502
-13.316683589045825,-0.3132571438407527,9.834190845489502
-13.316683589045825,-0.3132571438407527,9.834190845489502
-13.316683589045825,-0.3132571438407527,9.834190845489502
-13.316683589045825,-0.3132571438407527,9.834190845489502
-13.316683589045825,-0.3132571438407527,9.834190845489502
-13.201779855295936,-0.39554907464229594,9.834190845489502
-13.201779855295936,-0.39554907464229594,9.834190845489502
-13.201779855295936,-0.39554907464229594,9.834190845489502
-13.201779855295936,-0.39554907464229594,9.834190845489502
-13.125683653881781,-0.40949039096212847,9.834190845489502
-13.125683653881781,-0.40949039096212847,9.834190845489502
-13.125683653881781,-0.40949039096212847,9.834190845489502
-13.125683653881781,-0.40949039096212847,9.834190845489502
-13.030534745014016,-0.42099016595811867,9.834190845489502
-13.030534745014016,-0.42099016595811867,9.834190845489502
-13.030534745014016,-0.42099016595811867,9.834190845489502
-13.030534745014016,-0.42099016595811867,9.834190845489502
-13.030534745014016,-0.42099016595811867,9.834190845489502
-13.030534745014016,-0.42099016595811867,9.834190845489502
-13.030534745014016,-0.42099016595811867,9.834190845489502
-13.0027289556133,-0.3725400076982488,9.834190845489502
-13.0027289556133,-0.3725400076982488,9.834190845489502
-13.0027289556133,-0.3725400076982488,9.834190845489502
-13.0027289556133,-0.3725400076982488,9.834190845489502
-12.782877454596749,-0.3917940725242679,9.834190845489502
-12.782877454596749,-0.3917940725242679,9.834190845489502
-12.782877454596749,-0.3917940725242679,9.834190845489502
-12.782877454596749,-0.3917940725242679,9.834190845489502
-12.782877454596749,-0.3917940725242679,9.834190845489502
-12.687478786652491,-0.3798242427916272,9.834190845489502
-12.687478786652491,-0.3798242427916272,9.834190845489502
-12.687478786652491,-0.3798242427916272,9.834190845489502
-12.687478786652491,-0.3798242427916272,9.834190845489502
-12.615264801629369,-0.3527212882782522,9.834190845489502
-12.615264801629369,-0.3527212882782522,9.834190845489502
-12.615264801629369,-0.3527212882782522,9.834190845489502
-12.615264801629369,-0.3527212882782522,9.834190845489502
-12.565908214946054,-0.3295079046582952,9.834190845489502
-12.565908214946054,-0.3295079046582952,9.834190845489502
-12.565908214946054,-0.3295079046582952,9.834190845489502
-12.565908214946054,-0.3295079046582952,9.834190845489502
-12.517568894957467,-0.27192124398859724,9.834190845489502
-12.517568894957467,-0.27192124398859724,9.834190845489502
-12.517568894957467,-0.27192124398859724,9.834190845489502
-12.517568894957467,-0.27192124398859724,9.834190845489502
-12.517568894957467,-0.27192124398859724,9.834190845489502
-12.446431601240663,-0.23429555776380367,9.834190845489502
-12.446431601240663,-0.23429555776380367,9.834190845489502
-12.446431601240663,-0.23429555776380367,9.834190845489502
-12.446431601240663,-0.23429555776380367,9.834190845489502
-12.446431601240663,-0.23429555776380367,9.834190845489502
-12.410252457593945,-0.1995381658707953,9.834190845489502
-12.410252457593945,-0.1995381658707953,9.834190845489502
-12.410252457593945,-0.1995381658707953,9.834190845489502
-12.410252457593945,-0.1995381658707953,9.834190845489502
-12.338678597406988,-0.18518195590458278,9.834190845489502
-12.338678597406988,-0.18518195590458278,9.834190845489502
-12.338678597406988,-0.18518195590458278,9.834190845489502
-12.338678597406988,-0.18518195590458278,9.834190845489502
-12.338678597406988,-0.18518195590458278,9.834190845489502
-12.243693998673715,-0.1585149756590598,9.834190845489502
-12.243693998673715,-0.1585149756590598,9.834190845489502
-12.243693998673715,-0.1585149756590598,9.834190845489502
-12.243693998673715,-0.1585149756590598,9.834190845489502
-12.192781043864688,-0.10335648831799106,9.834190845489502
-12.192781043864688,-0.10335648831799106,9.834190845489502
-12.192781043864688,-0.10335648831799106,9.834190845489502
-12.192781043864688,-0.10335648831799106,9.834190845489502
-12.192781043864688,-0.10335648831799106,9.834190845489502
-12.151960356363999,-0.0582487124637482,9.834190845489502
-12.151960356363999,-0.0582487124637482,9.834190845489502
-12.151960356363999,-0.0582487124637482,9.834190845489502
-12.151960356363999,-0.0582487124637482,9.834190845489502
-12.075502316786686,-0.02298430433360138,9.834190845489502
-12.075502316786686,-0.02298430433360138,9.834190845489502
-12.075502316786686,-0.02298430433360138,9.834190845489502
-12.075502316786686,-0.02298430433360138,9.834190845489502
-12.075502316786686,-0.02298430433360138,9.834190845489502
-12.053729047772912,-0.011400837528344112,9.834190845489502
-12.053729047772912,-0.011400837528344112,9.834190845489502
-12.053729047772912,-0.011400837528344112,9.834190845489502
-12.053729047772912,-0.011400837528344112,9.834190845489502
-11.982513456071919,0.020539729718000107,9.834190845489502
-11.982513456071919,0.020539729718000107,9.834190845489502
-11.982513456071919,0.020539729718000107,9.834190845489502
-11.982513456071919,0.020539729718000107,9.834190845489502
-11.920585854798052,0.03807236427319325,9.834190845489502
-11.920585854798052,0.03807236427319325,9.834190845489502
-11.920585854798052,0.03807236427319325,9.834190845489502
-11.920585854798052,0.03807236427319325,9.834190845489502
-11.920585854798052,0.03807236427319325,9.834190845489502
-11.872813857165744,0.04104948358921119,9.834190845489502
-11.872813857165744,0.04104948358921119,9.834190845489502
-11.872813857165744,0.04104948358921119,9.834190845489502
-11.872813857165744,0.04104948358921119,9.834190845489502
-11.872813857165744,0.04104948358921119,9.834190845489502
-11.815606878637361,0.033596358262896635,9.834190845489502
-11.815606878637361,0.033596358262896635,9.834190845489502
-11.815606878637361,0.033596358262896635,9.834190845489502
-11.815606878637361,0.033596358262896635,9.834190845489502
-11.732703758071628,0.03590530712553233,9.834190845489502
-11.732703758071628,0.03590530712553233,9.834190845489502
-11.732703758071628,0.03590530712553233,9.834190845489502
-11.732703758071628,0.03590530712553233,9.834190845489502
-11.732703758071628,0.03590530712553233,9.834190845489502
-11.68349509523268,0.04562150371058426,9.834190845489502
-11.68349509523268,0.04562150371058426,9.834190845489502
-11.68349509523268,0.04562150371058426,9.834190845489502
-11.68349509523268,0.04562150371058426,9.834190845489502
-11.68349509523268,0.04562150371058426,9.834190845489502
-11.62081447094045,0.03649973998614952,9.834190845489502
-11.62081447094045,0.03649973998614952,9.834190845489502
-11.62081447094045,0.03649973998614952,9.834190845489502
-11.62081447094045,0.03649973998614952,9.834190845489502
-11.62081447094045,0.03649973998614952,9.834190845489502
-11.62081447094045,0.03649973998614952,9.834190845489502
-11.62081447094045,0.03649973998614952,9.834190845489502
-11.62081447094045,0.03649973998614952,9.834190845489502
-11.549871917483289,0.050165433359555575,9.834190845489502
-11.549871917483289,0.050165433359555575,9.834190845489502
-11.549871917483289,0.050165433359555575,9.834190845489502
-11.549871917483289,0.050165433359555575,9.834190845489502
-11.549871917483289,0.050165433359555575,9.834190845489502
-11.549871917483289,0.050165433359555575,9.834190845489502
-11.549871917483289,0.050165433359555575,9.834190845489502
-11.46104658395978,0.0589925044556389,9.834190845489502
-11.46104658395978,0.0589925044556389,9.834190845489502
-11.46104658395978,0.0589925044556389,9.834190845489502
-11.46104658395978,0.0589925044556389,9.834190845489502
-11.46104658395978,0.0589925044556389,9.834190845489502
-11.46104658395978,0.0589925044556389,9.834190845489502
-11.367101124659412,0.04782064903050478,9.834190845489502
-11.367101124659412,0.04782064903050478,9.834190845489502
-11.367101124659412,0.04782064903050478,9.834190845489502
-11.367101124659412,0.04782064903050478,9.834190845489502
-11.367101124659412,0.04782064903050478,9.834190845489502
-11.367101124659412,0.04782064903050478,9.834190845489502
-11.367101124659412,0.04782064903050478,9.834190845489502
-11.367101124659412,0.04782064903050478,9.834190845489502
-11.299666296999199,0.03324812266444954,9.834190845489502
-11.299666296999199,0.03324812266444954,9.834190845489502
-11.299666296999199,0.03324812266444954,9.834190845489502
-11.299666296999199,0.03324812266444954,9.834190845489502
-11.299666296999199,0.03324812266444954,9.834190845489502
-11.142306940471931,0.016077048533182984,9.834190845489502
-11.142306940471931,0.016077048533182984,9.834190845489502
-11.142306940471931,0.016077048533182984,9.834190845489502
-11.142306940471931,0.016077048533182984,9.834190845489502
-11.142306940471931,0.016077048533182984,9.834190845489502
-11.142306940471931,0.016077048533182984,9.834190845489502
-11.059154919982916,-0.004126887693458138,9.834190845489502
-11.059154919982916,-0.004126887693458138,9.834190845489502
-11.059154919982916,-0.004126887693458138,9.834190845489502
-11.059154919982916,-0.004126887693458138,9.834190845489502
-11.059154919982916,-0.004126887693458138,9.834190845489502
-10.975661747028061,-0.014479557969159139,9.834190845489502
-10.975661747028061,-0.014479557969159139,9.834190845489502
-10.975661747028061,-0.014479557969159139,9.834190845489502
-10.975661747028061,-0.014479557969159139,9.834190845489502
-10.975661747028061,-0.014479557969159139,9.834190845489502
-10.975661747028061,-0.014479557969159139,9.834190845489502
-10.877013739572096,-0.05636709678035587,9.834190845489502
-10.877013739572096,-0.05636709678035587,9.834190845489502
-10.877013739572096,-0.05636709678035587,9.834190845489502
-10.877013739572096,-0.05636709678035587,9.834190845489502
-10.877013739572096,-0.05636709678035587,9.834190845489502
-10.773247302404268,-0.07254021177342554,9.834190845489502
-10.773247302404268,-0.07254021177342554,9.834190845489502
-10.773247302404268,-0.07254021177342554,9.834190845489502
-10.773247302404268,-0.07254021177342554,9.834190845489502
-10.773247302404268,-0.07254021177342554,9.834190845489502
-10.684781959128411,-0.08081158785119427,9.834190845489502
-10.684781959128411,-0.08081158785119427,9.834190845489502
-10.684781959128411,-0.08081158785119427,9.834190845489502
-10.684781959128411,-0.08081158785119427,9.834190845489502
-10.684781959128411,-0.08081158785119427,9.834190845489502
-10.615451457254414,-0.0865317179475541,9.834190845489502
-10.615451457254414,-0.0865317179475541,9.834190845489502
-10.615451457254414,-0.0865317179475541,9.834190845489502
-10.615451457254414,-0.0865317179475541,9.834190845489502
-10.615451457254414,-0.0865317179475541,9.834190845489502
-10.513662306588493,-0.10911371510958878,9.834190845489502
-10.513662306588493,-0.10911371510958878,9.834190845489502
-10.513662306588493,-0.10911371510958878,9.834190845489502
-10.513662306588493,-0.10911371510958878,9.834190845489502
-10.513662306588493,-0.10911371510958878,9.834190845489502
-10.40096073586078,-0.1316377827548972,9.834190845489502
-10.40096073586078,-0.1316377827548972,9.834190845489502
-10.40096073586078,-0.1316377827548972,9.834190845489502
-10.40096073586078,-0.1316377827548972,9.834190845489502
-10.40096073586078,-0.1316377827548972,9.834190845489502
-10.301734938192965,-0.15098247517133578,9.834190845489502
-10.301734938192965,-0.15098247517133578,9.834190845489502
-10.301734938192965,-0.15098247517133578,9.834190845489502
-10.301734938192965,-0.15098247517133578,9.834190845489502
-10.301734938192965,-0.15098247517133578,9.834190845489502
-10.196083010963264,-0.16766478512425623,9.834190845489502
-10.196083010963264,-0.16766478512425623,9.834190845489502
-10.196083010963264,-0.16766478512425623,9.834190845489502
-10.196083010963264,-0.16766478512425623,9.834190845489502
-10.196083010963264,-0.16766478512425623,9.834190845489502
-10.08039142386301,-0.1822136751074786,9.834190845489502
-10.08039142386301,-0.1822136751074786,9.834190845489502
-10.08039142386301,-0.1822136751074786,9.834190845489502
-10.08039142386301,-0.1822136751074786,9.834190845489502
-10.08039142386301,-0.1822136751074786,9.834190845489502
-9.973194814125653,-0.2180823014867633,9.834190845489502
-9.973194814125653,-0.2180823014867633,9.834190845489502
-9.973194814125653,-0.2180823014867633,9.834190845489502
-9.973194814125653,-0.2180823014867633,9.834190845489502
-9.973194814125653,-0.2180823014867633,9.834190845489502
-9.973194814125653,-0.2180823014867633,9.834190845489502
-9.88530326707324,-0.2413004369342973,9.834190845489502
-9.88530326707324,-0.2413004369342973,9.834190845489502
-9.88530326707324,-0.2413004369342973,9.834190845489502
-9.88530326707324,-0.2413004369342973,9.834190845489502
-9.88530326707324,-0.2413004369342973,9.834190845489502
-9.682359615564067,-0.2412860205127656,9.834190845489502
-9.682359615564067,-0.2412860205127656,9.834190845489502
-9.682359615564067,-0.2412860205127656,9.834190845489502
-9.682359615564067,-0.2412860205127656,9.834190845489502
-9.682359615564067,-0.2412860205127656,9.834190845489502
-9.682359615564067,-0.2412860205127656,9.834190845489502
-9.562496005694054,-0.26005423151583346,9.834190845489502
-9.562496005694054,-0.26005423151583346,9.834190845489502
-9.562496005694054,-0.26005423151583346,9.834190845489502
-9.562496005694054,-0.26005423151583346,9.834190845489502
-9.562496005694054,-0.26005423151583346,9.834190845489502
-9.453853167546932,-0.2658511606580036,9.834190845489502
-9.453853167546932,-0.2658511606580036,9.834190845489502
-9.453853167546932,-0.2658511606580036,9.834190845489502
-9.453853167546932,-0.2658511606580036,9.834190845489502
-9.453853167546932,-0.2658511606580036,9.834190845489502
-9.271457322404732,-0.28632242678225955,9.834190845489502
-9.271457322404732,-0.28632242678225955,9.834190845489502
-9.271457322404732,-0.28632242678225955,9.834190845489502
-9.271457322404732,-0.28632242678225955,9.834190845489502
-9.271457322404732,-0.28632242678225955,9.834190845489502
-9.271457322404732,-0.28632242678225955,9.834190845489502
-9.198459597867016,-0.27722360056468726,9.834190845489502
-9.198459597867016,-0.27722360056468726,9.834190845489502
-9.198459597867016,-0.27722360056468726,9.834190845489502
-9.198459597867016,-0.27722360056468726,9.834190845489502
-9.198459597867016,-0.27722360056468726,9.834190845489502
-9.198459597867016,-0.27722360056468726,9.834190845489502
-9.198459597867016,-0.27722360056468726,9.834190845489502
-8.997720430582895,-0.2820878728837637,9.834190845489502
-8.997720430582895,-0.2820878728837637,9.834190845489502
-8.997720430582895,-0.2820878728837637,9.834190845489502
-8.997720430582895,-0.2820878728837637,9.834190845489502
-8.997720430582895,-0.2820878728837637,9.834190845489502
-8.85173788267626,-0.2942139005796331,9.834190845489502
-8.85173788267626,-0.2942139005796331,9.834190845489502
-8.85173788267626,-0.2942139005796331,9.834190845489502
-8.85173788267626,-0.2942139005796331,9.834190845489502
-8.677161851592693,-0.28963788422422915,9.834190845489502
-8.677161851592693,-0.28963788422422915,9.834190845489502
-8.677161851592693,-0.28963788422422915,9.834190845489502
-8.677161851592693,-0.28963788422422915,9.834190845489502
-8.677161851592693,-0.28963788422422915,9.834190845489502
-8.550197249582816,-0.30185364363327394,9.834190845489502
-8.550197249582816,-0.30185364363327394,9.834190845489502
-8.550197249582816,-0.30185364363327394,9.834190845489502
-8.550197249582816,-0.30185364363327394,9.834190845489502
-8.550197249582816,-0.30185364363327394,9.834190845489502
-8.442072907795813,-0.2791386063283199,9.834190845489502
-8.442072907795813,-0.2791386063283199,9.834190845489502
-8.442072907795813,-0.2791386063283199,9.834190845489502
-8.442072907795813,-0.2791386063283199,9.834190845489502
-8.306188590430093,-0.28246662860628463,9.834190845489502
-8.306188590430093,-0.28246662860628463,9.834190845489502
-8.306188590430093,-0.28246662860628463,9.834190845489502
-8.306188590430093,-0.28246662860628463,9.834190845489502
-8.306188590430093,-0.28246662860628463,9.834190845489502
-8.306188590430093,-0.28246662860628463,9.834190845489502
-8.306188590430093,-0.28246662860628463,9.834190845489502
-8.15893338406081,-0.2834269108149695,9.834190845489502
-8.15893338406081,-0.2834269108149695,9.834190845489502
-8.15893338406081,-0.2834269108149695,9.834190845489502
-8.15893338406081,-0.2834269108149695,9.834190845489502
-8.15893338406081,-0.2834269108149695,9.834190845489502
-8.008312792770012,-0.28310142120645093,9.834190845489502
-8.008312792770012,-0.28310142120645093,9.834190845489502
-8.008312792770012,-0.28310142120645093,9.834190845489502
-8.008312792770012,-0.28310142120645093,9.834190845489502
-8.008312792770012,-0.28310142120645093,9.834190845489502
-7.839064262123844,-0.26807521522915945,9.834190845489502
-7.839064262123844,-0.26807521522915945,9.834190845489502
-7.839064262123844,-0.26807521522915945,9.834190845489502
-7.839064262123844,-0.26807521522915945,9.834190845489502
-7.839064262123844,-0.26807521522915945,9.834190845489502
-7.839064262123844,-0.26807521522915945,9.834190845489502
-7.682157351133589,-0.2544390750735247,9.834190845489502
-7.682157351133589,-0.2544390750735247,9.834190845489502
-7.682157351133589,-0.2544390750735247,9.834190845489502
-7.682157351133589,-0.2544390750735247,9.834190845489502
-7.43869779417477,-0.23662176852050404,9.834190845489502
-7.43869779417477,-0.23662176852050404,9.834190845489502
-7.43869779417477,-0.23662176852050404,9.834190845489502
-7.43869779417477,-0.23662176852050404,9.834190845489502
-7.43869779417477,-0.23662176852050404,9.834190845489502
-7.43869779417477,-0.23662176852050404,9.834190845489502
-7.43869779417477,-0.23662176852050404,9.834190845489502
-7.317474412289007,-0.23138355897691046,9.834190845489502
-7.317474412289007,-0.23138355897691046,9.834190845489502
-7.317474412289007,-0.23138355897691046,9.834190845489502
-7.317474412289007,-0.23138355897691046,9.834190845489502
-7.317474412289007,-0.23138355897691046,9.834190845489502
-7.093033427926846,-0.22098880392024303,9.834190845489502
-7.093033427926846,-0.22098880392024303,9.834190845489502
-7.093033427926846,-0.22098880392024303,9.834190845489502
-7.093033427926846,-0.22098880392024303,9.834190845489502
-7.093033427926846,-0.22098880392024303,9.834190845489502
-6.916360364486933,-0.22510495912881429,9.834190845489502
-6.916360364486933,-0.22510495912881429,9.834190845489502
-6.916360364486933,-0.22510495912881429,9.834190845489502
-6.916360364486933,-0.22510495912881429,9.834190845489502
-6.916360364486933,-0.22510495912881429,9.834190845489502
-6.916360364486933,-0.22510495912881429,9.834190845489502
-6.916360364486933,-0.22510495912881429,9.834190845489502
-6.752977125971482,-0.2205789017157695,9.834190845489502
-6.752977125971482,-0.2205789017157695,9.834190845489502
-6.752977125971482,-0.2205789017157695,9.834190845489502
-6.752977125971482,-0.2205789017157695,9.834190845489502
-6.752977125971482,-0.2205789017157695,9.834190845489502
-6.752977125971482,-0.2205789017157695,9.834190845489502
-6.498995063900074,-0.17800733622221673,9.834190845489502
-6.498995063900074,-0.17800733622221673,9.834190845489502
-6.498995063900074,-0.17800733622221673,9.834190845489502
-6.498995063900074,-0.17800733622221673,9.834190845489502
-6.498995063900074,-0.17800733622221673,9.834190845489502
-6.304191211584612,-0.15041204871519867,9.834190845489502
-6.304191211584612,-0.15041204871519867,9.834190845489502
-6.304191211584612,-0.15041204871519867,9.834190845489502
-6.304191211584612,-0.15041204871519867,9.834190845489502
-6.304191211584612,-0.15041204871519867,9.834190845489502
-6.304191211584612,-0.15041204871519867,9.834190845489502
-6.139914964749427,-0.15928341222261228,9.834190845489502
-6.139914964749427,-0.15928341222261228,9.834190845489502
-6.139914964749427,-0.15928341222261228,9.834190845489502
-6.139914964749427,-0.15928341222261228,9.834190845489502
-5.88597428082299,-0.17051376701083115,9.834190845489502
-5.88597428082299,-0.17051376701083115,9.834190845489502
-5.88597428082299,-0.17051376701083115,9.834190845489502
-5.88597428082299,-0.17051376701083115,9.834190845489502
-5.712943284486978,-0.17880449806845494,9.834190845489502
-5.712943284486978,-0.17880449806845494,9.834190845489502
-5.712943284486978,-0.17880449806845494,9.834190845489502
-5.712943284486978,-0.17880449806845494,9.834190845489502
-5.712943284486978,-0.17880449806845494,9.834190845489502
-5.619740462291745,-0.18241270891850406,9.834190845489502
-5.619740462291745,-0.18241270891850406,9.834190845489502
-5.619740462291745,-0.18241270891850406,9.834190845489502
-5.619740462291745,-0.18241270891850406,9.834190845489502
-5.619740462291745,-0.18241270891850406,9.834190845489502
-5.442988505598687,-0.1628224182335258,9.834190845489502
-5.442988505598687,-0.1628224182335258,9.834190845489502
-5.442988505598687,-0.1628224182335258,9.834190845489502
-5.442988505598687,-0.1628224182335258,9.834190845489502
-5.2745901020799195,-0.15119848506248243,9.834190845489502
-5.2745901020799195,-0.15119848506248243,9.834190845489502
-5.2745901020799195,-0.15119848506248243,9.834190845489502
-5.2745901020799195,-0.15119848506248243,9.834190845489502
-5.2745901020799195,-0.15119848506248243,9.834190845489502
-5.088435034788574,-0.14913839641652646,9.834190845489502
-5.088435034788574,-0.14913839641652646,9.834190845489502
-5.088435034788574,-0.14913839641652646,9.834190845489502
-5.088435034788574,-0.14913839641652646,9.834190845489502
-4.910887530142002,-0.1612193571478534,9.834190845489502
-4.910887530142002,-0.1612193571478534,9.834190845489502
-4.910887530142002,-0.1612193571478534,9.834190845489502
-4.910887530142002,-0.1612193571478534,9.834190845489502
-4.844128682655513,-0.16857178397661843,9.834190845489502
-4.844128682655513,-0.16857178397661843,9.834190845489502
-4.844128682655513,-0.16857178397661843,9.834190845489502
-4.844128682655513,-0.16857178397661843,9.834190845489502
-4.844128682655513,-0.16857178397661843,9.834190845489502
-4.626275466055953,-0.16400147052206604,9.834190845489502
-4.626275466055953,-0.16400147052206604,9.834190845489502
-4.626275466055953,-0.16400147052206604,9.834190845489502
-4.626275466055953,-0.16400147052206604,9.834190845489502
-4.435522495899122,-0.13511686086248398,9.834190845489502
-4.435522495899122,-0.13511686086248398,9.834190845489502
-4.435522495899122,-0.13511686086248398,9.834190845489502
-4.435522495899122,-0.13511686086248398,9.834190845489502
-4.303668980365188,-0.11382512654330006,9.834190845489502
-4.303668980365188,-0.11382512654330006,9.834190845489502
-4.303668980365188,-0.11382512654330006,9.834190845489502
-4.303668980365188,-0.11382512654330006,9.834190845489502
-4.303668980365188,-0.11382512654330006,9.834190845489502
-4.085302302023243,-0.10648072751475382,9.834190845489502
-4.085302302023243,-0.10648072751475382,9.834190845489502
-4.085302302023243,-0.10648072751475382,9.834190845489502
-4.085302302023243,-0.10648072751475382,9.834190845489502
-3.9101285563928228,-0.12292187307499948,9.834190845489502
-3.9101285563928228,-0.12292187307499948,9.834190845489502
-3.9101285563928228,-0.12292187307499948,9.834190845489502
-3.9101285563928228,-0.12292187307499948,9.834190845489502
-3.9101285563928228,-0.12292187307499948,9.834190845489502
-3.7613454781532174,-0.13916771191582977,9.834190845489502
-3.7613454781532174,-0.13916771191582977,9.834190845489502
-3.7613454781532174,-0.13916771191582977,9.834190845489502
-3.7613454781532174,-0.13916771191582977,9.834190845489502
-3.596510162766409,-0.15779575207744026,9.834190845489502
-3.596510162766409,-0.15779575207744026,9.834190845489502
-3.596510162766409,-0.15779575207744026,9.834190845489502
-3.596510162766409,-0.15779575207744026,9.834190845489502
-3.596510162766409,-0.15779575207744026,9.834190845489502
-3.503478095262539,-0.1750054405892587,9.834190845489502
-3.503478095262539,-0.1750054405892587,9.834190845489502
-3.503478095262539,-0.1750054405892587,9.834190845489502
-3.503478095262539,-0.1750054405892587,9.834190845489502
-3.32075683545923,-0.1895521392413274,9.834190845489502
-3.32075683545923,-0.1895521392413274,9.834190845489502
-3.32075683545923,-0.1895521392413274,9.834190845489502
-3.32075683545923,-0.1895521392413274,9.834190845489502
-3.152906939253896,-0.20160093721007943,9.834190845489502
-3.152906939253896,-0.20160093721007943,9.834190845489502
-3.152906939253896,-0.20160093721007943,9.834190845489502
-3.152906939253896,-0.20160093721007943,9.834190845489502
-3.152906939253896,-0.20160093721007943,9.834190845489502
-3.152906939253896,-0.20160093721007943,9.834190845489502
-2.977902335081916,-0.19977973833020862,9.834190845489502
-2.977902335081916,-0.19977973833020862,9.834190845489502
-2.977902335081916,-0.19977973833020862,9.834190845489502
-2.977902335081916,-0.19977973833020862,9.834190845489502
-2.8120176149343505,-0.19678521344151081,9.834190845489502
-2.8120176149343505,-0.19678521344151081,9.834190845489502
-2.8120176149343505,-0.19678521344151081,9.834190845489502
-2.8120176149343505,-0.19678521344151081,9.834190845489502
-2.721132550141076,-0.1854619567156054,9.834190845489502
-2.721132550141076,-0.1854619567156054,9.834190845489502
-2.721132550141076,-0.1854619567156054,9.834190845489502
-2.721132550141076,-0.1854619567156054,9.834190845489502
-2.721132550141076,-0.1854619567156054,9.834190845489502
-2.56060665591,-0.1764998326752755,9.834190845489502
-2.56060665591,-0.1764998326752755,9.834190845489502
-2.56060665591,-0.1764998326752755,9.834190845489502
-2.56060665591,-0.1764998326752755,9.834190845489502
-2.3388980222224256,-0.16142767958289947,9.834190845489502
-2.3388980222224256,-0.16142767958289947,9.834190845489502
-2.3388980222224256,-0.16142767958289947,9.834190845489502
-2.3388980222224256,-0.16142767958289947,9.834190845489502
-2.1443132080040486,-0.14417337183018872,9.834190845489502
-2.1443132080040486,-0.14417337183018872,9.834190845489502
-2.1443132080040486,-0.14417337183018872,9.834190845489502
-2.1443132080040486,-0.14417337183018872,9.834190845489502
-2.1443132080040486,-0.14417337183018872,9.834190845489502
-2.0591295271934964,-0.13733305376547447,9.834190845489502
-2.0591295271934964,-0.13733305376547447,9.834190845489502
-2.0591295271934964,-0.13733305376547447,9.834190845489502
-2.0591295271934964,-0.13733305376547447,9.834190845489502
-1.8929109566539173,-0.15965358091664536,9.834190845489502
-1.8929109566539173,-0.15965358091664536,9.834190845489502
-1.8929109566539173,-0.15965358091664536,9.834190845489502
-1.8929109566539173,-0.15965358091664536,9.834190845489502
-1.7630736683497101,-0.18781764788378802,9.834190845489502
-1.7630736683497101,-0.18781764788378802,9.834190845489502
-1.7630736683497101,-0.18781764788378802,9.834190845489502
-1.7630736683497101,-0.18781764788378802,9.834190845489502
-1.7630736683497101,-0.18781764788378802,9.834190845489502
-1.5941885610263153,-0.20340723488833878,9.834190845489502
-1.5941885610263153,-0.20340723488833878,9.834190845489502
-1.5941885610263153,-0.20340723488833878,9.834190845489502
-1.5941885610263153,-0.20340723488833878,9.834190845489502
-1.5102531280060978,-0.21172948043309445,9.834190845489502
-1.5102531280060978,-0.21172948043309445,9.834190845489502
-1.5102531280060978,-0.21172948043309445,9.834190845489502
-1.5102531280060978,-0.21172948043309445,9.834190845489502
-1.335267113816523,-0.21750302820091288,9.834190845489502
-1.335267113816523,-0.21750302820091288,9.834190845489502
-1.335267113816523,-0.21750302820091288,9.834190845489502
-1.335267113816523,-0.21750302820091288,9.834190845489502
-1.335267113816523,-0.21750302820091288,9.834190845489502
-1.1833532885388267,-0.22237814713972562,9.834190845489502
-1.1833532885388267,-0.22237814713972562,9.834190845489502
-1.1833532885388267,-0.22237814713972562,9.834190845489502
-1.1833532885388267,-0.22237814713972562,9.834190845489502
-1.012836619923336,-0.21651781650875662,9.834190845489502
-1.012836619923336,-0.21651781650875662,9.834190845489502
-1.012836619923336,-0.21651781650875662,9.834190845489502
-1.012836619923336,-0.21651781650875662,9.834190845489502
-1.012836619923336,-0.21651781650875662,9.834190845489502
