x,y,lap_time_s
1.0554191733022675,-0.19324214375778995,14.519426584243774
1.530936040118684,-0.17600889227398275,14.519426584243774
1.9194494302787386,-0.1994043690395921,14.519426584243774
2.3535945035462817,-0.2123320613582495,14.519426584243774
2.631894101101985,-0.22309951841087822,14.519426584243774
3.2416483449985583,-0.24847889495528902,14.519426584243774
3.8157768257198628,-0.28583628485862794,14.519426584243774
4.071142978001358,-0.30818102309507334,14.519426584243774
4.471549222060859,-0.3275617850862759,14.519426584243774
4.67476623245031,-0.35086409096383114,14.519426584243774
4.67476623245031,-0.35086409096383114,14.519426584243774
4.67476623245031,-0.35086409096383114,14.519426584243774
4.67476623245031,-0.35086409096383114,14.519426584243774
4.67476623245031,-0.35086409096383114,14.519426584243774
4.67476623245031,-0.35086409096383114,14.519426584243774
4.67476623245031,-0.35086409096383114,14.519426584243774
5.355806596331937,-0.41336845151369844,14.519426584243774
5.355806596331937,-0.41336845151369844,14.519426584243774
5.355806596331937,-0.41336845151369844,14.519426584243774
5.355806596331937,-0.41336845151369844,14.519426584243774
5.355806596331937,-0.41336845151369844,14.519426584243774
5.355806596331937,-0.41336845151369844,14.519426584243774
5.355806596331937,-0.41336845151369844,14.519426584243774
5.355806596331937,-0.41336845151369844,14.519426584243774
5.355806596331937,-0.41336845151369844,14.519426584243774
5.355806596331937,-0.41336845151369844,14.519426584243774
5.355806596331937,-0.41336845151369844,14.519426584243774
5.355806596331937,-0.41336845151369844,14.519426584243774
5.355806596331937,-0.41336845151369844,14.519426584243774
5.355806596331937,-0.41336845151369844,14.519426584243774
5.355806596331937,-0.41336845151369844,14.519426584243774
5.355806596331937,-0.41336845151369844,14.519426584243774
5.355806596331937,-0.41336845151369844,14.519426584243774
5.355806596331937,-0.41336845151369844,14.519426584243774
6.09123547937155,-0.49516699105575296,14.519426584243774
6.09123547937155,-0.49516699105575296,14.519426584243774
6.09123547937155,-0.49516699105575296,14.519426584243774
6.09123547937155,-0.49516699105575296,14.519426584243774
6.09123547937155,-0.49516699105575296,14.519426584243774
6.09123547937155,-0.49516699105575296,14.519426584243774
6.09123547937155,-0.49516699105575296,14.519426584243774
6.09123547937155,-0.49516699105575296,14.519426584243774
6.09123547937155,-0.49516699105575296,14.519426584243774
6.09123547937155,-0.49516699105575296,14.519426584243774
6.09123547937155,-0.49516699105575296,14.519426584243774
6.09123547937155,-0.49516699105575296,14.519426584243774
6.09123547937155,-0.49516699105575296,14.519426584243774
6.09123547937155,-0.49516699105575296,14.519426584243774
6.09123547937155,-0.49516699105575296,14.519426584243774
6.09123547937155,-0.49516699105575296,14.519426584243774
6.09123547937155,-0.49516699105575296,14.519426584243774
6.64027355995755,-0.5720452347925647,14.519426584243774
6.64027355995755,-0.5720452347925647,14.519426584243774
6.64027355995755,-0.5720452347925647,14.519426584243774
6.64027355995755,-0.5720452347925647,14.519426584243774
6.64027355995755,-0.5720452347925647,14.519426584243774
6.64027355995755,-0.5720452347925647,14.519426584243774
6.64027355995755,-0.5720452347925647,14.519426584243774
6.64027355995755,-0.5720452347925647,14.519426584243774
6.64027355995755,-0.5720452347925647,14.519426584243774
6.64027355995755,-0.5720452347925647,14.519426584243774
6.64027355995755,-0.5720452347925647,14.519426584243774
6.64027355995755,-0.5720452347925647,14.519426584243774
7.264006408181509,-0.6722135325737179,14.519426584243774
7.264006408181509,-0.6722135325737179,14.519426584243774
7.264006408181509,-0.6722135325737179,14.519426584243774
7.264006408181509,-0.6722135325737179,14.519426584243774
7.264006408181509,-0.6722135325737179,14.519426584243774
7.264006408181509,-0.6722135325737179,14.519426584243774
7.264006408181509,-0.6722135325737179,14.519426584243774
7.264006408181509,-0.6722135325737179,14.519426584243774
7.264006408181509,-0.6722135325737179,14.519426584243774
7.264006408181509,-0.6722135325737179,14.519426584243774
7.264006408181509,-0.6722135325737179,14.519426584243774
7.301984081439682,-0.6575871378177938,14.519426584243774
7.301984081439682,-0.6575871378177938,14.519426584243774
7.301984081439682,-0.6575871378177938,14.519426584243774
7.301984081439682,-0.6575871378177938,14.519426584243774
7.301984081439682,-0.6575871378177938,14.519426584243774
7.301984081439682,-0.6575871378177938,14.519426584243774
7.301984081439682,-0.6575871378177938,14.519426584243774
7.301984081439682,-0.6575871378177938,14.519426584243774
7.347168426237158,-0.6412822502093783,14.519426584243774
7.347168426237158,-0.6412822502093783,14.519426584243774
7.347168426237158,-0.6412822502093783,14.519426584243774
7.347168426237158,-0.6412822502093783,14.519426584243774
7.347168426237158,-0.6412822502093783,14.519426584243774
7.347168426237158,-0.6412822502093783,14.519426584243774
7.347168426237158,-0.6412822502093783,14.519426584243774
7.368551471911879,-0.6351912068571552,14.519426584243774
7.368551471911879,-0.6351912068571552,14.519426584243774
7.368551471911879,-0.6351912068571552,14.519426584243774
7.368551471911879,-0.6351912068571552,14.519426584243774
7.368551471911879,-0.6351912068571552,14.519426584243774
7.368551471911879,-0.6351912068571552,14.519426584243774
7.368551471911879,-0.6351912068571552,14.519426584243774
7.368551471911879,-0.6351912068571552,14.519426584243774
7.390711337180701,-0.6403272444429916,14.519426584243774
7.390711337180701,-0.6403272444429916,14.519426584243774
7.390711337180701,-0.6403272444429916,14.519426584243774
7.390711337180701,-0.6403272444429916,14.519426584243774
7.390711337180701,-0.6403272444429916,14.519426584243774
7.390711337180701,-0.6403272444429916,14.519426584243774
7.390711337180701,-0.6403272444429916,14.519426584243774
7.423202018206372,-0.6117110340744769,14.519426584243774
7.423202018206372,-0.6117110340744769,14.519426584243774
7.423202018206372,-0.6117110340744769,14.519426584243774
7.423202018206372,-0.6117110340744769,14.519426584243774
7.423202018206372,-0.6117110340744769,14.519426584243774
7.423202018206372,-0.6117110340744769,14.519426584243774
7.423202018206372,-0.6117110340744769,14.519426584243774
7.423202018206372,-0.6117110340744769,14.519426584243774
7.471634023882366,-0.6092521127653119,14.519426584243774
7.471634023882366,-0.6092521127653119,14.519426584243774
7.471634023882366,-0.6092521127653119,14.519426584243774
7.471634023882366,-0.6092521127653119,14.519426584243774
7.471634023882366,-0.6092521127653119,14.519426584243774
7.471634023882366,-0.6092521127653119,14.519426584243774
7.471634023882366,-0.6092521127653119,14.519426584243774
7.471634023882366,-0.6092521127653119,14.519426584243774
7.536986681416989,-0.5915744825749311,14.519426584243774
7.536986681416989,-0.5915744825749311,14.519426584243774
7.536986681416989,-0.5915744825749311,14.519426584243774
7.536986681416989,-0.5915744825749311,14.519426584243774
7.536986681416989,-0.5915744825749311,14.519426584243774
7.536986681416989,-0.5915744825749311,14.519426584243774
7.536986681416989,-0.5915744825749311,14.519426584243774
7.576858150657303,-0.5752011506038537,14.519426584243774
7.576858150657303,-0.5752011506038537,14.519426584243774
7.576858150657303,-0.5752011506038537,14.519426584243774
7.576858150657303,-0.5752011506038537,14.519426584243774
7.576858150657303,-0.5752011506038537,14.519426584243774
7.576858150657303,-0.5752011506038537,14.519426584243774
7.576858150657303,-0.5752011506038537,14.519426584243774
7.599592623118407,-0.543640155542444,14.519426584243774
7.599592623118407,-0.543640155542444,14.519426584243774
7.599592623118407,-0.543640155542444,14.519426584243774
7.599592623118407,-0.543640155542444,14.519426584243774
7.599592623118407,-0.543640155542444,14.519426584243774
7.599592623118407,-0.543640155542444,14.519426584243774
7.599592623118407,-0.543640155542444,14.519426584243774
7.599592623118407,-0.543640155542444,14.519426584243774
7.653680906658302,-0.5088366015574358,14.519426584243774
7.653680906658302,-0.5088366015574358,14.519426584243774
7.653680906658302,-0.5088366015574358,14.519426584243774
7.653680906658302,-0.5088366015574358,14.519426584243774
7.653680906658302,-0.5088366015574358,14.519426584243774
7.653680906658302,-0.5088366015574358,14.519426584243774
7.653680906658302,-0.5088366015574358,14.519426584243774
7.653680906658302,-0.5088366015574358,14.519426584243774
7.734249555746842,-0.4878228264238079,14.519426584243774
7.734249555746842,-0.4878228264238079,14.519426584243774
7.734249555746842,-0.4878228264238079,14.519426584243774
7.734249555746842,-0.4878228264238079,14.519426584243774
7.734249555746842,-0.4878228264238079,14.519426584243774
7.734249555746842,-0.4878228264238079,14.519426584243774
7.734249555746842,-0.4878228264238079,14.519426584243774
7.785136105087555,-0.4542334091631732,14.519426584243774
7.785136105087555,-0.4542334091631732,14.519426584243774
7.785136105087555,-0.4542334091631732,14.519426584243774
7.785136105087555,-0.4542334091631732,14.519426584243774
7.785136105087555,-0.4542334091631732,14.519426584243774
7.785136105087555,-0.4542334091631732,14.519426584243774
7.785136105087555,-0.4542334091631732,14.519426584243774
7.785136105087555,-0.4542334091631732,14.519426584243774
7.869310704594312,-0.4290384788067415,14.519426584243774
7.869310704594312,-0.4290384788067415,14.519426584243774
7.869310704594312,-0.4290384788067415,14.519426584243774
7.869310704594312,-0.4290384788067415,14.519426584243774
7.869310704594312,-0.4290384788067415,14.519426584243774
7.869310704594312,-0.4290384788067415,14.519426584243774
7.869310704594312,-0.4290384788067415,14.519426584243774
7.869310704594312,-0.4290384788067415,14.519426584243774
7.920552786465912,-0.3840789556249699,14.519426584243774
7.920552786465912,-0.3840789556249699,14.519426584243774
7.920552786465912,-0.3840789556249699,14.519426584243774
7.920552786465912,-0.3840789556249699,14.519426584243774
7.920552786465912,-0.3840789556249699,14.519426584243774
7.920552786465912,-0.3840789556249699,14.519426584243774
7.920552786465912,-0.3840789556249699,14.519426584243774
7.920552786465912,-0.3840789556249699,14.519426584243774
7.920552786465912,-0.3840789556249699,14.519426584243774
7.920552786465912,-0.3840789556249699,14.519426584243774
7.920552786465912,-0.3840789556249699,14.519426584243774
7.920552786465912,-0.3840789556249699,14.519426584243774
7.920552786465912,-0.3840789556249699,14.519426584243774
7.920552786465912,-0.3840789556249699,14.519426584243774
8.003155594091652,-0.3411180827290008,14.519426584243774
8.003155594091652,-0.3411180827290008,14.519426584243774
8.003155594091652,-0.3411180827290008,14.519426584243774
8.003155594091652,-0.3411180827290008,14.519426584243774
8.003155594091652,-0.3411180827290008,14.519426584243774
8.003155594091652,-0.3411180827290008,14.519426584243774
8.003155594091652,-0.3411180827290008,14.519426584243774
8.003155594091652,-0.3411180827290008,14.519426584243774
8.003155594091652,-0.3411180827290008,14.519426584243774
8.003155594091652,-0.3411180827290008,14.519426584243774
8.003155594091652,-0.3411180827290008,14.519426584243774
8.003155594091652,-0.3411180827290008,14.519426584243774
8.003155594091652,-0.3411180827290008,14.519426584243774
8.003155594091652,-0.3411180827290008,14.519426584243774
8.003155594091652,-0.3411180827290008,14.519426584243774
8.003155594091652,-0.3411180827290008,14.519426584243774
8.003155594091652,-0.3411180827290008,14.519426584243774
8.192361597300906,-0.22686737738760895,14.519426584243774
8.192361597300906,-0.22686737738760895,14.519426584243774
8.192361597300906,-0.22686737738760895,14.519426584243774
8.192361597300906,-0.22686737738760895,14.519426584243774
8.192361597300906,-0.22686737738760895,14.519426584243774
8.192361597300906,-0.22686737738760895,14.519426584243774
8.192361597300906,-0.22686737738760895,14.519426584243774
8.192361597300906,-0.22686737738760895,14.519426584243774
8.192361597300906,-0.22686737738760895,14.519426584243774
8.192361597300906,-0.22686737738760895,14.519426584243774
8.192361597300906,-0.22686737738760895,14.519426584243774
8.192361597300906,-0.22686737738760895,14.519426584243774
8.192361597300906,-0.22686737738760895,14.519426584243774
8.192361597300906,-0.22686737738760895,14.519426584243774
8.192361597300906,-0.22686737738760895,14.519426584243774
8.419098447547732,-0.06879138024916549,14.519426584243774
8.419098447547732,-0.06879138024916549,14.519426584243774
8.419098447547732,-0.06879138024916549,14.519426584243774
8.419098447547732,-0.06879138024916549,14.519426584243774
8.419098447547732,-0.06879138024916549,14.519426584243774
8.419098447547732,-0.06879138024916549,14.519426584243774
8.419098447547732,-0.06879138024916549,14.519426584243774
8.419098447547732,-0.06879138024916549,14.519426584243774
8.419098447547732,-0.06879138024916549,14.519426584243774
8.419098447547732,-0.06879138024916549,14.519426584243774
8.419098447547732,-0.06879138024916549,14.519426584243774
8.625185862612504,0.09459460175893238,14.519426584243774
8.625185862612504,0.09459460175893238,14.519426584243774
8.625185862612504,0.09459460175893238,14.519426584243774
8.625185862612504,0.09459460175893238,14.519426584243774
8.625185862612504,0.09459460175893238,14.519426584243774
8.625185862612504,0.09459460175893238,14.519426584243774
8.625185862612504,0.09459460175893238,14.519426584243774
8.76085393939326,0.2529890153577181,14.519426584243774
8.76085393939326,0.2529890153577181,14.519426584243774
8.76085393939326,0.2529890153577181,14.519426584243774
8.76085393939326,0.2529890153577181,14.519426584243774
8.76085393939326,0.2529890153577181,14.519426584243774
8.76085393939326,0.2529890153577181,14.519426584243774
8.811918054778761,0.33836638859337986,14.519426584243774
8.811918054778761,0.33836638859337986,14.519426584243774
8.811918054778761,0.33836638859337986,14.519426584243774
8.811918054778761,0.33836638859337986,14.519426584243774
8.811918054778761,0.33836638859337986,14.519426584243774
8.811918054778761,0.33836638859337986,14.519426584243774
8.811918054778761,0.33836638859337986,14.519426584243774
8.811918054778761,0.33836638859337986,14.519426584243774
8.9252048938825,0.3775305148784817,14.519426584243774
8.9252048938825,0.3775305148784817,14.519426584243774
8.9252048938825,0.3775305148784817,14.519426584243774
8.9252048938825,0.3775305148784817,14.519426584243774
8.9252048938825,0.3775305148784817,14.519426584243774
8.9252048938825,0.3775305148784817,14.519426584243774
8.9252048938825,0.3775305148784817,14.519426584243774
8.964856405991217,0.35704420997090774,14.519426584243774
8.964856405991217,0.35704420997090774,14.519426584243774
8.964856405991217,0.35704420997090774,14.519426584243774
8.964856405991217,0.35704420997090774,14.519426584243774
8.964856405991217,0.35704420997090774,14.519426584243774
8.964856405991217,0.35704420997090774,14.519426584243774
8.964856405991217,0.35704420997090774,14.519426584243774
8.964856405991217,0.35704420997090774,14.519426584243774
8.971332981054399,0.3325153867661441,14.519426584243774
8.971332981054399,0.3325153867661441,14.519426584243774
8.971332981054399,0.3325153867661441,14.519426584243774
8.971332981054399,0.3325153867661441,14.519426584243774
8.971332981054399,0.3325153867661441,14.519426584243774
8.971332981054399,0.3325153867661441,14.519426584243774
8.971332981054399,0.3325153867661441,14.519426584243774
8.977984893751604,0.3029643481192413,14.519426584243774
8.977984893751604,0.3029643481192413,14.519426584243774
8.977984893751604,0.3029643481192413,14.519426584243774
8.977984893751604,0.3029643481192413,14.519426584243774
8.977984893751604,0.3029643481192413,14.519426584243774
8.977984893751604,0.3029643481192413,14.519426584243774
8.977984893751604,0.3029643481192413,14.519426584243774
8.992959005306549,0.28824059769951743,14.519426584243774
8.992959005306549,0.28824059769951743,14.519426584243774
8.992959005306549,0.28824059769951743,14.519426584243774
8.992959005306549,0.28824059769951743,14.519426584243774
8.992959005306549,0.28824059769951743,14.519426584243774
8.992959005306549,0.28824059769951743,14.519426584243774
8.992959005306549,0.28824059769951743,14.519426584243774
8.992959005306549,0.28824059769951743,14.519426584243774
8.992959005306549,0.28824059769951743,14.519426584243774
8.992959005306549,0.28824059769951743,14.519426584243774
8.992959005306549,0.28824059769951743,14.519426584243774
8.992959005306549,0.28824059769951743,14.519426584243774
8.992959005306549,0.28824059769951743,14.519426584243774
9.005478134798173,0.29509421990521917,14.519426584243774
9.005478134798173,0.29509421990521917,14.519426584243774
9.005478134798173,0.29509421990521917,14.519426584243774
9.005478134798173,0.29509421990521917,14.519426584243774
9.005478134798173,0.29509421990521917,14.519426584243774
9.005478134798173,0.29509421990521917,14.519426584243774
9.005478134798173,0.29509421990521917,14.519426584243774
9.005478134798173,0.29509421990521917,14.519426584243774
9.005478134798173,0.29509421990521917,14.519426584243774
9.005478134798173,0.29509421990521917,14.519426584243774
9.005478134798173,0.29509421990521917,14.519426584243774
9.005478134798173,0.29509421990521917,14.519426584243774
9.005478134798173,0.29509421990521917,14.519426584243774
9.005478134798173,0.29509421990521917,14.519426584243774
9.062130346665857,0.3214761678011997,14.519426584243774
9.062130346665857,0.3214761678011997,14.519426584243774
9.062130346665857,0.3214761678011997,14.519426584243774
9.062130346665857,0.3214761678011997,14.519426584243774
9.062130346665857,0.3214761678011997,14.519426584243774
9.062130346665857,0.3214761678011997,14.519426584243774
9.062130346665857,0.3214761678011997,14.519426584243774
9.062130346665857,0.3214761678011997,14.519426584243774
9.062130346665857,0.3214761678011997,14.519426584243774
9.062130346665857,0.3214761678011997,14.519426584243774
9.062130346665857,0.3214761678011997,14.519426584243774
9.062130346665857,0.3214761678011997,14.519426584243774
9.062130346665857,0.3214761678011997,14.519426584243774
9.062130346665857,0.3214761678011997,14.519426584243774
9.062130346665857,0.3214761678011997,14.519426584243774
9.112456364171683,0.3230237638238095,14.519426584243774
9.112456364171683,0.3230237638238095,14.519426584243774
9.112456364171683,0.3230237638238095,14.519426584243774
9.112456364171683,0.3230237638238095,14.519426584243774
9.112456364171683,0.3230237638238095,14.519426584243774
9.112456364171683,0.3230237638238095,14.519426584243774
9.112456364171683,0.3230237638238095,14.519426584243774
9.112456364171683,0.3230237638238095,14.519426584243774
9.112456364171683,0.3230237638238095,14.519426584243774
9.112456364171683,0.3230237638238095,14.519426584243774
9.112456364171683,0.3230237638238095,14.519426584243774
9.112456364171683,0.3230237638238095,14.519426584243774
9.112456364171683,0.3230237638238095,14.519426584243774
9.165366052647164,0.34995926926987375,14.519426584243774
9.165366052647164,0.34995926926987375,14.519426584243774
9.165366052647164,0.34995926926987375,14.519426584243774
9.165366052647164,0.34995926926987375,14.519426584243774
9.165366052647164,0.34995926926987375,14.519426584243774
9.165366052647164,0.34995926926987375,14.519426584243774
9.165366052647164,0.34995926926987375,14.519426584243774
9.165366052647164,0.34995926926987375,14.519426584243774
9.165366052647164,0.34995926926987375,14.519426584243774
9.202771947359286,0.3757405715201891,14.519426584243774
9.202771947359286,0.3757405715201891,14.519426584243774
9.202771947359286,0.3757405715201891,14.519426584243774
9.202771947359286,0.3757405715201891,14.519426584243774
9.202771947359286,0.3757405715201891,14.519426584243774
9.202771947359286,0.3757405715201891,14.519426584243774
9.202771947359286,0.3757405715201891,14.519426584243774
9.202771947359286,0.3757405715201891,14.519426584243774
9.252785875684415,0.39179936831931006,14.519426584243774
9.252785875684415,0.39179936831931006,14.519426584243774
9.252785875684415,0.39179936831931006,14.519426584243774
9.252785875684415,0.39179936831931006,14.519426584243774
9.252785875684415,0.39179936831931006,14.519426584243774
9.252785875684415,0.39179936831931006,14.519426584243774
9.252785875684415,0.39179936831931006,14.519426584243774
9.252785875684415,0.39179936831931006,14.519426584243774
9.300096665814365,0.4439620891533317,14.519426584243774
9.300096665814365,0.4439620891533317,14.519426584243774
9.300096665814365,0.4439620891533317,14.519426584243774
9.300096665814365,0.4439620891533317,14.519426584243774
9.300096665814365,0.4439620891533317,14.519426584243774
9.300096665814365,0.4439620891533317,14.519426584243774
9.300096665814365,0.4439620891533317,14.519426584243774
9.300096665814365,0.4439620891533317,14.519426584243774
9.300096665814365,0.4439620891533317,14.519426584243774
9.3106086191632,0.5068566887552464,14.519426584243774
9.3106086191632,0.5068566887552464,14.519426584243774
9.3106086191632,0.5068566887552464,14.519426584243774
9.3106086191632,0.5068566887552464,14.519426584243774
9.3106086191632,0.5068566887552464,14.519426584243774
9.3106086191632,0.5068566887552464,14.519426584243774
9.3106086191632,0.5068566887552464,14.519426584243774
9.3106086191632,0.5068566887552464,14.519426584243774
9.3106086191632,0.5068566887552464,14.519426584243774
9.33658420716868,0.5418935210426992,14.519426584243774
9.33658420716868,0.5418935210426992,14.519426584243774
9.33658420716868,0.5418935210426992,14.519426584243774
9.33658420716868,0.5418935210426992,14.519426584243774
9.33658420716868,0.5418935210426992,14.519426584243774
9.33658420716868,0.5418935210426992,14.519426584243774
9.33658420716868,0.5418935210426992,14.519426584243774
9.33658420716868,0.5418935210426992,14.519426584243774
9.33658420716868,0.5418935210426992,14.519426584243774
9.358342892945377,0.628707761630304,14.519426584243774
9.358342892945377,0.628707761630304,14.519426584243774
9.358342892945377,0.628707761630304,14.519426584243774
9.358342892945377,0.628707761630304,14.519426584243774
9.358342892945377,0.628707761630304,14.519426584243774
9.358342892945377,0.628707761630304,14.519426584243774
9.358342892945377,0.628707761630304,14.519426584243774
9.358342892945377,0.628707761630304,14.519426584243774
9.42263044949801,0.650464192321772,14.519426584243774
9.42263044949801,0.650464192321772,14.519426584243774
9.42263044949801,0.650464192321772,14.519426584243774
9.42263044949801,0.650464192321772,14.519426584243774
9.42263044949801,0.650464192321772,14.519426584243774
9.42263044949801,0.650464192321772,14.519426584243774
9.42263044949801,0.650464192321772,14.519426584243774
9.42263044949801,0.650464192321772,14.519426584243774
9.42263044949801,0.650464192321772,14.519426584243774
9.440743532736095,0.688215680196939,14.519426584243774
9.440743532736095,0.688215680196939,14.519426584243774
9.440743532736095,0.688215680196939,14.519426584243774
9.440743532736095,0.688215680196939,14.519426584243774
9.440743532736095,0.688215680196939,14.519426584243774
9.440743532736095,0.688215680196939,14.519426584243774
9.440743532736095,0.688215680196939,14.519426584243774
9.440743532736095,0.688215680196939,14.519426584243774
9.430042884499231,0.7394808147437755,14.519426584243774
9.430042884499231,0.7394808147437755,14.519426584243774
9.430042884499231,0.7394808147437755,14.519426584243774
9.430042884499231,0.7394808147437755,14.519426584243774
9.430042884499231,0.7394808147437755,14.519426584243774
9.447299253172297,0.786746999705873,14.519426584243774
9.447299253172297,0.786746999705873,14.519426584243774
9.447299253172297,0.786746999705873,14.519426584243774
9.447299253172297,0.786746999705873,14.519426584243774
9.46031461692758,0.8298603753919341,14.519426584243774
9.46031461692758,0.8298603753919341,14.519426584243774
9.46031461692758,0.8298603753919341,14.519426584243774
9.46031461692758,0.8298603753919341,14.519426584243774
9.46031461692758,0.8298603753919341,14.519426584243774
9.461725792339779,0.8543474345635514,14.519426584243774
9.461725792339779,0.8543474345635514,14.519426584243774
9.461725792339779,0.8543474345635514,14.519426584243774
9.461725792339779,0.8543474345635514,14.519426584243774
9.439914421423888,0.9014385288856976,14.519426584243774
9.439914421423888,0.9014385288856976,14.519426584243774
9.439914421423888,0.9014385288856976,14.519426584243774
9.439914421423888,0.9014385288856976,14.519426584243774
9.439914421423888,0.9014385288856976,14.519426584243774
9.453194367970204,0.921296864469121,14.519426584243774
9.453194367970204,0.921296864469121,14.519426584243774
9.453194367970204,0.921296864469121,14.519426584243774
9.453194367970204,0.921296864469121,14.519426584243774
9.458098684815363,0.9566454113598681,14.519426584243774
9.458098684815363,0.9566454113598681,14.519426584243774
9.458098684815363,0.9566454113598681,14.519426584243774
9.458098684815363,0.9566454113598681,14.519426584243774
9.458098684815363,0.9566454113598681,14.519426584243774
9.468434117357717,0.9911929702325283,14.519426584243774
9.468434117357717,0.9911929702325283,14.519426584243774
9.468434117357717,0.9911929702325283,14.519426584243774
9.468434117357717,0.9911929702325283,14.519426584243774
9.468434117357717,0.9911929702325283,14.519426584243774
9.470044719792277,1.0270479316855419,14.519426584243774
9.470044719792277,1.0270479316855419,14.519426584243774
9.470044719792277,1.0270479316855419,14.519426584243774
9.465286730967309,1.0633740909888134,14.519426584243774
9.465286730967309,1.0633740909888134,14.519426584243774
9.465286730967309,1.0633740909888134,14.519426584243774
9.465286730967309,1.0633740909888134,14.519426584243774
9.465286730967309,1.0633740909888134,14.519426584243774
9.465286730967309,1.0633740909888134,14.519426584243774
9.462129643747671,1.0976236423406256,14.519426584243774
9.462129643747671,1.0976236423406256,14.519426584243774
9.462129643747671,1.0976236423406256,14.519426584243774
9.462129643747671,1.0976236423406256,14.519426584243774
9.462129643747671,1.0976236423406256,14.519426584243774
9.47186872638908,1.1220278598998659,14.519426584243774
9.47186872638908,1.1220278598998659,14.519426584243774
9.47186872638908,1.1220278598998659,14.519426584243774
9.47186872638908,1.1220278598998659,14.519426584243774
9.47186872638908,1.1220278598998659,14.519426584243774
9.464049278314478,1.1591685119666741,14.519426584243774
9.464049278314478,1.1591685119666741,14.519426584243774
9.464049278314478,1.1591685119666741,14.519426584243774
9.464049278314478,1.1591685119666741,14.519426584243774
9.464049278314478,1.1591685119666741,14.519426584243774
9.46713466887711,1.1818780235336313,14.519426584243774
9.46713466887711,1.1818780235336313,14.519426584243774
9.46713466887711,1.1818780235336313,14.519426584243774
9.46713466887711,1.1818780235336313,14.519426584243774
9.490943358892569,1.203450329110372,14.519426584243774
9.490943358892569,1.203450329110372,14.519426584243774
9.490943358892569,1.203450329110372,14.519426584243774
9.490943358892569,1.203450329110372,14.519426584243774
9.490943358892569,1.203450329110372,14.519426584243774
9.480218085726326,1.2336101755051254,14.519426584243774
9.480218085726326,1.2336101755051254,14.519426584243774
9.480218085726326,1.2336101755051254,14.519426584243774
9.480218085726326,1.2336101755051254,14.519426584243774
9.480218085726326,1.2336101755051254,14.519426584243774
9.478144021867086,1.2703850638477736,14.519426584243774
9.478144021867086,1.2703850638477736,14.519426584243774
9.478144021867086,1.2703850638477736,14.519426584243774
9.478144021867086,1.2703850638477736,14.519426584243774
9.493812611216512,1.301659263894866,14.519426584243774
9.493812611216512,1.301659263894866,14.519426584243774
9.493812611216512,1.301659263894866,14.519426584243774
9.493812611216512,1.301659263894866,14.519426584243774
9.47247644180419,1.3438885932505218,14.519426584243774
9.47247644180419,1.3438885932505218,14.519426584243774
9.47247644180419,1.3438885932505218,14.519426584243774
9.47247644180419,1.3438885932505218,14.519426584243774
9.47247644180419,1.3438885932505218,14.519426584243774
9.469222460164527,1.3886597792557978,14.519426584243774
9.469222460164527,1.3886597792557978,14.519426584243774
9.469222460164527,1.3886597792557978,14.519426584243774
9.469222460164527,1.3886597792557978,14.519426584243774
9.477474412773482,1.4346037176527542,14.519426584243774
9.477474412773482,1.4346037176527542,14.519426584243774
9.477474412773482,1.4346037176527542,14.519426584243774
9.477474412773482,1.4346037176527542,14.519426584243774
9.477474412773482,1.4346037176527542,14.519426584243774
9.489023481853389,1.4560647434764245,14.519426584243774
9.489023481853389,1.4560647434764245,14.519426584243774
9.489023481853389,1.4560647434764245,14.519426584243774
9.489023481853389,1.4560647434764245,14.519426584243774
9.47467052016756,1.520336508281523,14.519426584243774
9.47467052016756,1.520336508281523,14.519426584243774
9.47467052016756,1.520336508281523,14.519426584243774
9.47467052016756,1.520336508281523,14.519426584243774
9.47467052016756,1.520336508281523,14.519426584243774
9.464753008983202,1.5845044836071442,14.519426584243774
9.464753008983202,1.5845044836071442,14.519426584243774
9.464753008983202,1.5845044836071442,14.519426584243774
9.464753008983202,1.5845044836071442,14.519426584243774
9.45405780708193,1.6548627824557545,14.519426584243774
9.45405780708193,1.6548627824557545,14.519426584243774
9.45405780708193,1.6548627824557545,14.519426584243774
9.45405780708193,1.6548627824557545,14.519426584243774
9.45405780708193,1.6548627824557545,14.519426584243774
9.468721801371515,1.708919490499808,14.519426584243774
9.468721801371515,1.708919490499808,14.519426584243774
9.468721801371515,1.708919490499808,14.519426584243774
9.468721801371515,1.708919490499808,14.519426584243774
9.471912890288733,1.7811851016753193,14.519426584243774
9.471912890288733,1.7811851016753193,14.519426584243774
9.471912890288733,1.7811851016753193,14.519426584243774
9.471912890288733,1.7811851016753193,14.519426584243774
9.471912890288733,1.7811851016753193,14.519426584243774
9.478409445637647,1.819648948466332,14.519426584243774
9.478409445637647,1.819648948466332,14.519426584243774
9.478409445637647,1.819648948466332,14.519426584243774
9.478409445637647,1.819648948466332,14.519426584243774
9.478409445637647,1.819648948466332,14.519426584243774
9.474095828358331,1.8913448404902682,14.519426584243774
9.474095828358331,1.8913448404902682,14.519426584243774
9.474095828358331,1.8913448404902682,14.519426584243774
9.474095828358331,1.8913448404902682,14.519426584243774
9.460833714176475,1.961133791129197,14.519426584243774
9.460833714176475,1.961133791129197,14.519426584243774
9.460833714176475,1.961133791129197,14.519426584243774
9.460833714176475,1.961133791129197,14.519426584243774
9.460833714176475,1.961133791129197,14.519426584243774
9.475144009245724,2.057463535569122,14.519426584243774
9.475144009245724,2.057463535569122,14.519426584243774
9.475144009245724,2.057463535569122,14.519426584243774
9.475144009245724,2.057463535569122,14.519426584243774
9.475144009245724,2.057463535569122,14.519426584243774
9.475144009245724,2.057463535569122,14.519426584243774
9.475144009245724,2.057463535569122,14.519426584243774
9.475144009245724,2.057463535569122,14.519426584243774
9.475144009245724,2.057463535569122,14.519426584243774
9.471192456535968,2.1491508204152243,14.519426584243774
9.471192456535968,2.1491508204152243,14.519426584243774
9.471192456535968,2.1491508204152243,14.519426584243774
9.471192456535968,2.1491508204152243,14.519426584243774
9.471192456535968,2.1491508204152243,14.519426584243774
9.471192456535968,2.1491508204152243,14.519426584243774
9.471192456535968,2.1491508204152243,14.519426584243774
9.471192456535968,2.1491508204152243,14.519426584243774
9.471192456535968,2.1491508204152243,14.519426584243774
9.471192456535968,2.1491508204152243,14.519426584243774
9.471192456535968,2.1491508204152243,14.519426584243774
9.471192456535968,2.1491508204152243,14.519426584243774
9.471192456535968,2.1491508204152243,14.519426584243774
9.458483646363987,2.2869381584367803,14.519426584243774
9.458483646363987,2.2869381584367803,14.519426584243774
9.458483646363987,2.2869381584367803,14.519426584243774
9.458483646363987,2.2869381584367803,14.519426584243774
9.458483646363987,2.2869381584367803,14.519426584243774
9.458483646363987,2.2869381584367803,14.519426584243774
9.458483646363987,2.2869381584367803,14.519426584243774
9.458483646363987,2.2869381584367803,14.519426584243774
9.458483646363987,2.2869381584367803,14.519426584243774
9.458483646363987,2.2869381584367803,14.519426584243774
9.458483646363987,2.2869381584367803,14.519426584243774
9.458483646363987,2.2869381584367803,14.519426584243774
9.458483646363987,2.2869381584367803,14.519426584243774
9.445391724240059,2.5952368850943386,14.519426584243774
9.445391724240059,2.5952368850943386,14.519426584243774
9.445391724240059,2.5952368850943386,14.519426584243774
9.445391724240059,2.5952368850943386,14.519426584243774
9.445391724240059,2.5952368850943386,14.519426584243774
9.445391724240059,2.5952368850943386,14.519426584243774
9.445391724240059,2.5952368850943386,14.519426584243774
9.445391724240059,2.5952368850943386,14.519426584243774
9.445391724240059,2.5952368850943386,14.519426584243774
9.445391724240059,2.5952368850943386,14.519426584243774
9.445391724240059,2.5952368850943386,14.519426584243774
9.445391724240059,2.5952368850943386,14.519426584243774
9.445391724240059,2.5952368850943386,14.519426584243774
9.445391724240059,2.5952368850943386,14.519426584243774
9.445391724240059,2.5952368850943386,14.519426584243774
9.445391724240059,2.5952368850943386,14.519426584243774
9.445391724240059,2.5952368850943386,14.519426584243774
9.482301629519773,2.8818752194873145,14.519426584243774
9.482301629519773,2.8818752194873145,14.519426584243774
9.482301629519773,2.8818752194873145,14.519426584243774
9.482301629519773,2.8818752194873145,14.519426584243774
9.482301629519773,2.8818752194873145,14.519426584243774
9.482301629519773,2.8818752194873145,14.519426584243774
9.482301629519773,2.8818752194873145,14.519426584243774
9.482301629519773,2.8818752194873145,14.519426584243774
9.482301629519773,2.8818752194873145,14.519426584243774
9.482301629519773,2.8818752194873145,14.519426584243774
9.482301629519773,2.8818752194873145,14.519426584243774
9.482301629519773,2.8818752194873145,14.519426584243774
9.534895864047234,3.320409071543696,14.519426584243774
9.534895864047234,3.320409071543696,14.519426584243774
9.534895864047234,3.320409071543696,14.519426584243774
9.534895864047234,3.320409071543696,14.519426584243774
9.534895864047234,3.320409071543696,14.519426584243774
9.534895864047234,3.320409071543696,14.519426584243774
9.534895864047234,3.320409071543696,14.519426584243774
9.534895864047234,3.320409071543696,14.519426584243774
9.534895864047234,3.320409071543696,14.519426584243774
9.534895864047234,3.320409071543696,14.519426584243774
9.534895864047234,3.320409071543696,14.519426584243774
9.534895864047234,3.320409071543696,14.519426584243774
9.5723560654993,3.586740535948116,14.519426584243774
9.5723560654993,3.586740535948116,14.519426584243774
9.5723560654993,3.586740535948116,14.519426584243774
9.5723560654993,3.586740535948116,14.519426584243774
9.5723560654993,3.586740535948116,14.519426584243774
9.5723560654993,3.586740535948116,14.519426584243774
9.5723560654993,3.586740535948116,14.519426584243774
9.5723560654993,3.586740535948116,14.519426584243774
9.5723560654993,3.586740535948116,14.519426584243774
9.5723560654993,3.586740535948116,14.519426584243774
9.5723560654993,3.586740535948116,14.519426584243774
9.5723560654993,3.586740535948116,14.519426584243774
9.5723560654993,3.586740535948116,14.519426584243774
9.600740589124065,3.943540182846856,14.519426584243774
9.600740589124065,3.943540182846856,14.519426584243774
9.600740589124065,3.943540182846856,14.519426584243774
9.600740589124065,3.943540182846856,14.519426584243774
9.600740589124065,3.943540182846856,14.519426584243774
9.600740589124065,3.943540182846856,14.519426584243774
9.600740589124065,3.943540182846856,14.519426584243774
9.600740589124065,3.943540182846856,14.519426584243774
9.600740589124065,3.943540182846856,14.519426584243774
9.600740589124065,3.943540182846856,14.519426584243774
9.600740589124065,3.943540182846856,14.519426584243774
9.600740589124065,3.943540182846856,14.519426584243774
9.600740589124065,3.943540182846856,14.519426584243774
9.600740589124065,3.943540182846856,14.519426584243774
9.644769702089198,4.39785357370083,14.519426584243774
9.644769702089198,4.39785357370083,14.519426584243774
9.644769702089198,4.39785357370083,14.519426584243774
9.644769702089198,4.39785357370083,14.519426584243774
9.644769702089198,4.39785357370083,14.519426584243774
9.644769702089198,4.39785357370083,14.519426584243774
9.644769702089198,4.39785357370083,14.519426584243774
9.644769702089198,4.39785357370083,14.519426584243774
9.644769702089198,4.39785357370083,14.519426584243774
9.644769702089198,4.39785357370083,14.519426584243774
9.644769702089198,4.39785357370083,14.519426584243774
9.644769702089198,4.39785357370083,14.519426584243774
9.644769702089198,4.39785357370083,14.519426584243774
9.644769702089198,4.39785357370083,14.519426584243774
9.644769702089198,4.39785357370083,14.519426584243774
9.644769702089198,4.39785357370083,14.519426584243774
9.676110299920186,4.792090100419975,14.519426584243774
9.676110299920186,4.792090100419975,14.519426584243774
9.676110299920186,4.792090100419975,14.519426584243774
9.676110299920186,4.792090100419975,14.519426584243774
9.676110299920186,4.792090100419975,14.519426584243774
9.676110299920186,4.792090100419975,14.519426584243774
9.676110299920186,4.792090100419975,14.519426584243774
9.676110299920186,4.792090100419975,14.519426584243774
9.676110299920186,4.792090100419975,14.519426584243774
9.676110299920186,4.792090100419975,14.519426584243774
9.676110299920186,4.792090100419975,14.519426584243774
9.676110299920186,4.792090100419975,14.519426584243774
9.676110299920186,4.792090100419975,14.519426584243774
9.676110299920186,4.792090100419975,14.519426584243774
9.676110299920186,4.792090100419975,14.519426584243774
9.676110299920186,4.792090100419975,14.519426584243774
9.676110299920186,4.792090100419975,14.519426584243774
9.676110299920186,4.792090100419975,14.519426584243774
9.676110299920186,4.792090100419975,14.519426584243774
9.676110299920186,4.792090100419975,14.519426584243774
9.712640355354587,5.283414282093203,14.519426584243774
9.712640355354587,5.283414282093203,14.519426584243774
9.712640355354587,5.283414282093203,14.519426584243774
9.712640355354587,5.283414282093203,14.519426584243774
9.712640355354587,5.283414282093203,14.519426584243774
9.712640355354587,5.283414282093203,14.519426584243774
9.712640355354587,5.283414282093203,14.519426584243774
9.712640355354587,5.283414282093203,14.519426584243774
9.712640355354587,5.283414282093203,14.519426584243774
9.712640355354587,5.283414282093203,14.519426584243774
9.712640355354587,5.283414282093203,14.519426584243774
9.712640355354587,5.283414282093203,14.519426584243774
9.753678379942983,5.926041598013384,14.519426584243774
9.753678379942983,5.926041598013384,14.519426584243774
9.753678379942983,5.926041598013384,14.519426584243774
9.753678379942983,5.926041598013384,14.519426584243774
9.753678379942983,5.926041598013384,14.519426584243774
9.753678379942983,5.926041598013384,14.519426584243774
9.753678379942983,5.926041598013384,14.519426584243774
9.753678379942983,5.926041598013384,14.519426584243774
9.753678379942983,5.926041598013384,14.519426584243774
9.753678379942983,5.926041598013384,14.519426584243774
9.753678379942983,5.926041598013384,14.519426584243774
9.753678379942983,5.926041598013384,14.519426584243774
9.764150366714462,6.322199518214837,14.519426584243774
9.764150366714462,6.322199518214837,14.519426584243774
9.764150366714462,6.322199518214837,14.519426584243774
9.764150366714462,6.322199518214837,14.519426584243774
9.764150366714462,6.322199518214837,14.519426584243774
9.764150366714462,6.322199518214837,14.519426584243774
9.775014415182554,6.700740024428201,14.519426584243774
9.775014415182554,6.700740024428201,14.519426584243774
9.775014415182554,6.700740024428201,14.519426584243774
9.775014415182554,6.700740024428201,14.519426584243774
9.775014415182554,6.700740024428201,14.519426584243774
9.775014415182554,6.700740024428201,14.519426584243774
9.781855762036699,6.8678338520525735,14.519426584243774
9.781855762036699,6.8678338520525735,14.519426584243774
9.781855762036699,6.8678338520525735,14.519426584243774
9.781855762036699,6.8678338520525735,14.519426584243774
9.781855762036699,6.8678338520525735,14.519426584243774
9.781855762036699,6.8678338520525735,14.519426584243774
9.781855762036699,6.8678338520525735,14.519426584243774
9.781855762036699,6.8678338520525735,14.519426584243774
9.801345323013196,7.113040031222883,14.519426584243774
9.801345323013196,7.113040031222883,14.519426584243774
9.801345323013196,7.113040031222883,14.519426584243774
9.801345323013196,7.113040031222883,14.519426584243774
9.801345323013196,7.113040031222883,14.519426584243774
9.801345323013196,7.113040031222883,14.519426584243774
9.801345323013196,7.113040031222883,14.519426584243774
9.801345323013196,7.113040031222883,14.519426584243774
9.801345323013196,7.113040031222883,14.519426584243774
9.801345323013196,7.113040031222883,14.519426584243774
9.801345323013196,7.113040031222883,14.519426584243774
9.801345323013196,7.113040031222883,14.519426584243774
9.801345323013196,7.113040031222883,14.519426584243774
9.801345323013196,7.113040031222883,14.519426584243774
9.801345323013196,7.113040031222883,14.519426584243774
9.801345323013196,7.113040031222883,14.519426584243774
9.801345323013196,7.113040031222883,14.519426584243774
9.801345323013196,7.113040031222883,14.519426584243774
9.801345323013196,7.113040031222883,14.519426584243774
9.816780414976124,7.342648500043432,14.519426584243774
9.816780414976124,7.342648500043432,14.519426584243774
9.816780414976124,7.342648500043432,14.519426584243774
9.816780414976124,7.342648500043432,14.519426584243774
9.816780414976124,7.342648500043432,14.519426584243774
9.816780414976124,7.342648500043432,14.519426584243774
9.816780414976124,7.342648500043432,14.519426584243774
9.816780414976124,7.342648500043432,14.519426584243774
9.816780414976124,7.342648500043432,14.519426584243774
9.816780414976124,7.342648500043432,14.519426584243774
9.816780414976124,7.342648500043432,14.519426584243774
9.816780414976124,7.342648500043432,14.519426584243774
9.816780414976124,7.342648500043432,14.519426584243774
9.816780414976124,7.342648500043432,14.519426584243774
9.816780414976124,7.342648500043432,14.519426584243774
9.82772441297627,7.90181575118069,14.519426584243774
9.82772441297627,7.90181575118069,14.519426584243774
9.82772441297627,7.90181575118069,14.519426584243774
9.82772441297627,7.90181575118069,14.519426584243774
9.82772441297627,7.90181575118069,14.519426584243774
9.82772441297627,7.90181575118069,14.519426584243774
9.82772441297627,7.90181575118069,14.519426584243774
9.82772441297627,7.90181575118069,14.519426584243774
9.82772441297627,7.90181575118069,14.519426584243774
9.82772441297627,7.90181575118069,14.519426584243774
9.82772441297627,7.90181575118069,14.519426584243774
9.82772441297627,7.90181575118069,14.519426584243774
9.82772441297627,7.90181575118069,14.519426584243774
9.82772441297627,7.90181575118069,14.519426584243774
9.82772441297627,7.90181575118069,14.519426584243774
9.82772441297627,7.90181575118069,14.519426584243774
9.82772441297627,7.90181575118069,14.519426584243774
9.818416239925007,8.294538431675981,14.519426584243774
9.818416239925007,8.294538431675981,14.519426584243774
9.818416239925007,8.294538431675981,14.519426584243774
9.818416239925007,8.294538431675981,14.519426584243774
9.818416239925007,8.294538431675981,14.519426584243774
9.818416239925007,8.294538431675981,14.519426584243774
9.818416239925007,8.294538431675981,14.519426584243774
9.818416239925007,8.294538431675981,14.519426584243774
9.818416239925007,8.294538431675981,14.519426584243774
9.818416239925007,8.294538431675981,14.519426584243774
9.818416239925007,8.294538431675981,14.519426584243774
9.818416239925007,8.294538431675981,14.519426584243774
9.743987298037755,8.654308780087023,14.519426584243774
9.743987298037755,8.654308780087023,14.519426584243774
9.743987298037755,8.654308780087023,14.519426584243774
9.743987298037755,8.654308780087023,14.519426584243774
9.743987298037755,8.654308780087023,14.519426584243774
9.743987298037755,8.654308780087023,14.519426584243774
9.743987298037755,8.654308780087023,14.519426584243774
9.743987298037755,8.654308780087023,14.519426584243774
9.743987298037755,8.654308780087023,14.519426584243774
9.743987298037755,8.654308780087023,14.519426584243774
9.743987298037755,8.654308780087023,14.519426584243774
9.743987298037755,8.654308780087023,14.519426584243774
9.743987298037755,8.654308780087023,14.519426584243774
9.743987298037755,8.654308780087023,14.519426584243774
9.743987298037755,8.654308780087023,14.519426584243774
9.630215634970522,8.881677382325208,14.519426584243774
9.630215634970522,8.881677382325208,14.519426584243774
9.630215634970522,8.881677382325208,14.519426584243774
9.630215634970522,8.881677382325208,14.519426584243774
9.630215634970522,8.881677382325208,14.519426584243774
9.630215634970522,8.881677382325208,14.519426584243774
9.630215634970522,8.881677382325208,14.519426584243774
9.630215634970522,8.881677382325208,14.519426584243774
9.630215634970522,8.881677382325208,14.519426584243774
9.380008424913859,9.07494885941358,14.519426584243774
9.380008424913859,9.07494885941358,14.519426584243774
9.380008424913859,9.07494885941358,14.519426584243774
9.380008424913859,9.07494885941358,14.519426584243774
9.380008424913859,9.07494885941358,14.519426584243774
9.380008424913859,9.07494885941358,14.519426584243774
9.380008424913859,9.07494885941358,14.519426584243774
9.380008424913859,9.07494885941358,14.519426584243774
9.380008424913859,9.07494885941358,14.519426584243774
9.380008424913859,9.07494885941358,14.519426584243774
9.380008424913859,9.07494885941358,14.519426584243774
9.153213434934836,9.131289425355872,14.519426584243774
9.153213434934836,9.131289425355872,14.519426584243774
9.153213434934836,9.131289425355872,14.519426584243774
9.153213434934836,9.131289425355872,14.519426584243774
9.153213434934836,9.131289425355872,14.519426584243774
9.153213434934836,9.131289425355872,14.519426584243774
9.153213434934836,9.131289425355872,14.519426584243774
9.153213434934836,9.131289425355872,14.519426584243774
9.153213434934836,9.131289425355872,14.519426584243774
9.153213434934836,9.131289425355872,14.519426584243774
9.153213434934836,9.131289425355872,14.519426584243774
8.947024007695594,9.132897376972949,14.519426584243774
8.947024007695594,9.132897376972949,14.519426584243774
8.947024007695594,9.132897376972949,14.519426584243774
8.947024007695594,9.132897376972949,14.519426584243774
8.947024007695594,9.132897376972949,14.519426584243774
8.947024007695594,9.132897376972949,14.519426584243774
8.947024007695594,9.132897376972949,14.519426584243774
8.947024007695594,9.132897376972949,14.519426584243774
8.947024007695594,9.132897376972949,14.519426584243774
8.947024007695594,9.132897376972949,14.519426584243774
8.947024007695594,9.132897376972949,14.519426584243774
8.947024007695594,9.132897376972949,14.519426584243774
8.947024007695594,9.132897376972949,14.519426584243774
8.947024007695594,9.132897376972949,14.519426584243774
8.768137941968012,9.03140215140105,14.519426584243774
8.768137941968012,9.03140215140105,14.519426584243774
8.768137941968012,9.03140215140105,14.519426584243774
8.768137941968012,9.03140215140105,14.519426584243774
8.768137941968012,9.03140215140105,14.519426584243774
8.768137941968012,9.03140215140105,14.519426584243774
8.768137941968012,9.03140215140105,14.519426584243774
8.768137941968012,9.03140215140105,14.519426584243774
8.768137941968012,9.03140215140105,14.519426584243774
8.768137941968012,9.03140215140105,14.519426584243774
8.768137941968012,9.03140215140105,14.519426584243774
8.679561937588227,8.876522182826598,14.519426584243774
8.679561937588227,8.876522182826598,14.519426584243774
8.679561937588227,8.876522182826598,14.519426584243774
8.679561937588227,8.876522182826598,14.519426584243774
8.679561937588227,8.876522182826598,14.519426584243774
8.679561937588227,8.876522182826598,14.519426584243774
8.679561937588227,8.876522182826598,14.519426584243774
8.679561937588227,8.876522182826598,14.519426584243774
8.679561937588227,8.876522182826598,14.519426584243774
8.679561937588227,8.876522182826598,14.519426584243774
8.679561937588227,8.876522182826598,14.519426584243774
8.679561937588227,8.876522182826598,14.519426584243774
8.679561937588227,8.876522182826598,14.519426584243774
8.679561937588227,8.876522182826598,14.519426584243774
8.679561937588227,8.876522182826598,14.519426584243774
8.679561937588227,8.876522182826598,14.519426584243774
8.642884202072166,8.715136825048734,14.519426584243774
8.642884202072166,8.715136825048734,14.519426584243774
8.642884202072166,8.715136825048734,14.519426584243774
8.642884202072166,8.715136825048734,14.519426584243774
8.642884202072166,8.715136825048734,14.519426584243774
8.642884202072166,8.715136825048734,14.519426584243774
8.642884202072166,8.715136825048734,14.519426584243774
8.642884202072166,8.715136825048734,14.519426584243774
8.642884202072166,8.715136825048734,14.519426584243774
8.642884202072166,8.715136825048734,14.519426584243774
8.642884202072166,8.715136825048734,14.519426584243774
8.642884202072166,8.715136825048734,14.519426584243774
8.550347254479407,8.558231707618846,14.519426584243774
8.550347254479407,8.558231707618846,14.519426584243774
8.550347254479407,8.558231707618846,14.519426584243774
8.550347254479407,8.558231707618846,14.519426584243774
8.550347254479407,8.558231707618846,14.519426584243774
8.550347254479407,8.558231707618846,14.519426584243774
8.550347254479407,8.558231707618846,14.519426584243774
8.550347254479407,8.558231707618846,14.519426584243774
8.550347254479407,8.558231707618846,14.519426584243774
8.550347254479407,8.558231707618846,14.519426584243774
8.550347254479407,8.558231707618846,14.519426584243774
8.550347254479407,8.558231707618846,14.519426584243774
8.506024248783174,8.44695403458522,14.519426584243774
8.506024248783174,8.44695403458522,14.519426584243774
8.506024248783174,8.44695403458522,14.519426584243774
8.506024248783174,8.44695403458522,14.519426584243774
8.506024248783174,8.44695403458522,14.519426584243774
8.506024248783174,8.44695403458522,14.519426584243774
8.506024248783174,8.44695403458522,14.519426584243774
8.506024248783174,8.44695403458522,14.519426584243774
8.506024248783174,8.44695403458522,14.519426584243774
8.506024248783174,8.44695403458522,14.519426584243774
8.438198335023852,8.358482873828773,14.519426584243774
8.438198335023852,8.358482873828773,14.519426584243774
8.438198335023852,8.358482873828773,14.519426584243774
8.438198335023852,8.358482873828773,14.519426584243774
8.438198335023852,8.358482873828773,14.519426584243774
8.438198335023852,8.358482873828773,14.519426584243774
8.438198335023852,8.358482873828773,14.519426584243774
8.39399837895756,8.2937253336495,14.519426584243774
8.39399837895756,8.2937253336495,14.519426584243774
8.39399837895756,8.2937253336495,14.519426584243774
8.39399837895756,8.2937253336495,14.519426584243774
8.39399837895756,8.2937253336495,14.519426584243774
8.39399837895756,8.2937253336495,14.519426584243774
8.39399837895756,8.2937253336495,14.519426584243774
8.374969180445511,8.26897674827541,14.519426584243774
8.374969180445511,8.26897674827541,14.519426584243774
8.374969180445511,8.26897674827541,14.519426584243774
8.374969180445511,8.26897674827541,14.519426584243774
8.374969180445511,8.26897674827541,14.519426584243774
8.374969180445511,8.26897674827541,14.519426584243774
8.374969180445511,8.26897674827541,14.519426584243774
8.374969180445511,8.26897674827541,14.519426584243774
8.374969180445511,8.26897674827541,14.519426584243774
8.374969180445511,8.26897674827541,14.519426584243774
8.374969180445511,8.26897674827541,14.519426584243774
8.374969180445511,8.26897674827541,14.519426584243774
8.374969180445511,8.26897674827541,14.519426584243774
8.340757239332692,8.221496436253753,14.519426584243774
8.340757239332692,8.221496436253753,14.519426584243774
8.340757239332692,8.221496436253753,14.519426584243774
8.340757239332692,8.221496436253753,14.519426584243774
8.340757239332692,8.221496436253753,14.519426584243774
8.340757239332692,8.221496436253753,14.519426584243774
8.340757239332692,8.221496436253753,14.519426584243774
8.340757239332692,8.221496436253753,14.519426584243774
8.295342462249508,8.176281899443534,14.519426584243774
8.295342462249508,8.176281899443534,14.519426584243774
8.295342462249508,8.176281899443534,14.519426584243774
8.295342462249508,8.176281899443534,14.519426584243774
8.295342462249508,8.176281899443534,14.519426584243774
8.295342462249508,8.176281899443534,14.519426584243774
8.295342462249508,8.176281899443534,14.519426584243774
8.278579190879082,8.152352588163463,14.519426584243774
8.278579190879082,8.152352588163463,14.519426584243774
8.278579190879082,8.152352588163463,14.519426584243774
8.278579190879082,8.152352588163463,14.519426584243774
8.278579190879082,8.152352588163463,14.519426584243774
8.278579190879082,8.152352588163463,14.519426584243774
8.278579190879082,8.152352588163463,14.519426584243774
8.246391532456416,8.155465480924104,14.519426584243774
8.246391532456416,8.155465480924104,14.519426584243774
8.246391532456416,8.155465480924104,14.519426584243774
8.246391532456416,8.155465480924104,14.519426584243774
8.246391532456416,8.155465480924104,14.519426584243774
8.246391532456416,8.155465480924104,14.519426584243774
8.245088200105792,8.130944086465606,14.519426584243774
8.245088200105792,8.130944086465606,14.519426584243774
8.245088200105792,8.130944086465606,14.519426584243774
8.245088200105792,8.130944086465606,14.519426584243774
8.245088200105792,8.130944086465606,14.519426584243774
8.245088200105792,8.130944086465606,14.519426584243774
8.223546511791055,8.13846182766554,14.519426584243774
8.223546511791055,8.13846182766554,14.519426584243774
8.223546511791055,8.13846182766554,14.519426584243774
8.223546511791055,8.13846182766554,14.519426584243774
8.223546511791055,8.13846182766554,14.519426584243774
8.223546511791055,8.13846182766554,14.519426584243774
8.200695183377713,8.114701917112173,14.519426584243774
8.200695183377713,8.114701917112173,14.519426584243774
8.200695183377713,8.114701917112173,14.519426584243774
8.200695183377713,8.114701917112173,14.519426584243774
8.200695183377713,8.114701917112173,14.519426584243774
8.200695183377713,8.114701917112173,14.519426584243774
8.200695183377713,8.114701917112173,14.519426584243774
8.177232205887684,8.107282599885309,14.519426584243774
8.177232205887684,8.107282599885309,14.519426584243774
8.177232205887684,8.107282599885309,14.519426584243774
8.177232205887684,8.107282599885309,14.519426584243774
8.177232205887684,8.107282599885309,14.519426584243774
8.177232205887684,8.107282599885309,14.519426584243774
8.149206672570072,8.108998666172822,14.519426584243774
8.149206672570072,8.108998666172822,14.519426584243774
8.149206672570072,8.108998666172822,14.519426584243774
8.149206672570072,8.108998666172822,14.519426584243774
8.149206672570072,8.108998666172822,14.519426584243774
8.149206672570072,8.108998666172822,14.519426584243774
8.106888880516577,8.126141668212181,14.519426584243774
8.106888880516577,8.126141668212181,14.519426584243774
8.106888880516577,8.126141668212181,14.519426584243774
8.106888880516577,8.126141668212181,14.519426584243774
8.106888880516577,8.126141668212181,14.519426584243774
8.106888880516577,8.126141668212181,14.519426584243774
8.106888880516577,8.126141668212181,14.519426584243774
8.061715183501875,8.138118397276966,14.519426584243774
8.061715183501875,8.138118397276966,14.519426584243774
8.061715183501875,8.138118397276966,14.519426584243774
8.061715183501875,8.138118397276966,14.519426584243774
8.061715183501875,8.138118397276966,14.519426584243774
8.061715183501875,8.138118397276966,14.519426584243774
8.033401088742153,8.143665500342708,14.519426584243774
8.033401088742153,8.143665500342708,14.519426584243774
8.033401088742153,8.143665500342708,14.519426584243774
8.033401088742153,8.143665500342708,14.519426584243774
8.033401088742153,8.143665500342708,14.519426584243774
8.033401088742153,8.143665500342708,14.519426584243774
7.990055884139748,8.163714436631135,14.519426584243774
7.990055884139748,8.163714436631135,14.519426584243774
7.990055884139748,8.163714436631135,14.519426584243774
7.990055884139748,8.163714436631135,14.519426584243774
7.990055884139748,8.163714436631135,14.519426584243774
7.990055884139748,8.163714436631135,14.519426584243774
7.990055884139748,8.163714436631135,14.519426584243774
7.939869449405191,8.16231236482556,14.519426584243774
7.939869449405191,8.16231236482556,14.519426584243774
7.939869449405191,8.16231236482556,14.519426584243774
7.939869449405191,8.16231236482556,14.519426584243774
7.939869449405191,8.16231236482556,14.519426584243774
7.939869449405191,8.16231236482556,14.519426584243774
7.939869449405191,8.16231236482556,14.519426584243774
7.939869449405191,8.16231236482556,14.519426584243774
7.939869449405191,8.16231236482556,14.519426584243774
7.892243016758662,8.191194119457942,14.519426584243774
7.892243016758662,8.191194119457942,14.519426584243774
7.892243016758662,8.191194119457942,14.519426584243774
7.892243016758662,8.191194119457942,14.519426584243774
7.892243016758662,8.191194119457942,14.519426584243774
7.892243016758662,8.191194119457942,14.519426584243774
7.892243016758662,8.191194119457942,14.519426584243774
7.813094915871927,8.194549624541944,14.519426584243774
7.813094915871927,8.194549624541944,14.519426584243774
7.813094915871927,8.194549624541944,14.519426584243774
7.813094915871927,8.194549624541944,14.519426584243774
7.813094915871927,8.194549624541944,14.519426584243774
7.813094915871927,8.194549624541944,14.519426584243774
7.740447965425836,8.206327042063402,14.519426584243774
7.740447965425836,8.206327042063402,14.519426584243774
7.740447965425836,8.206327042063402,14.519426584243774
7.740447965425836,8.206327042063402,14.519426584243774
7.740447965425836,8.206327042063402,14.519426584243774
7.740447965425836,8.206327042063402,14.519426584243774
7.740447965425836,8.206327042063402,14.519426584243774
7.687697956023309,8.223883990094784,14.519426584243774
7.687697956023309,8.223883990094784,14.519426584243774
7.687697956023309,8.223883990094784,14.519426584243774
7.687697956023309,8.223883990094784,14.519426584243774
7.687697956023309,8.223883990094784,14.519426584243774
7.687697956023309,8.223883990094784,14.519426584243774
7.687697956023309,8.223883990094784,14.519426584243774
7.622792446518035,8.24025854208798,14.519426584243774
7.622792446518035,8.24025854208798,14.519426584243774
7.622792446518035,8.24025854208798,14.519426584243774
7.622792446518035,8.24025854208798,14.519426584243774
7.622792446518035,8.24025854208798,14.519426584243774
7.622792446518035,8.24025854208798,14.519426584243774
7.524176784968967,8.275372140379472,14.519426584243774
7.524176784968967,8.275372140379472,14.519426584243774
7.524176784968967,8.275372140379472,14.519426584243774
7.524176784968967,8.275372140379472,14.519426584243774
7.524176784968967,8.275372140379472,14.519426584243774
7.524176784968967,8.275372140379472,14.519426584243774
7.524176784968967,8.275372140379472,14.519426584243774
7.421394812498297,8.303733183457608,14.519426584243774
7.421394812498297,8.303733183457608,14.519426584243774
7.421394812498297,8.303733183457608,14.519426584243774
7.421394812498297,8.303733183457608,14.519426584243774
7.421394812498297,8.303733183457608,14.519426584243774
7.421394812498297,8.303733183457608,14.519426584243774
7.353970605483856,8.29919141939962,14.519426584243774
7.353970605483856,8.29919141939962,14.519426584243774
7.353970605483856,8.29919141939962,14.519426584243774
7.353970605483856,8.29919141939962,14.519426584243774
7.353970605483856,8.29919141939962,14.519426584243774
7.353970605483856,8.29919141939962,14.519426584243774
7.353970605483856,8.29919141939962,14.519426584243774
7.244437982863026,8.341029862375397,14.519426584243774
7.244437982863026,8.341029862375397,14.519426584243774
7.244437982863026,8.341029862375397,14.519426584243774
7.244437982863026,8.341029862375397,14.519426584243774
7.244437982863026,8.341029862375397,14.519426584243774
7.244437982863026,8.341029862375397,14.519426584243774
7.151085528128537,8.359370198230526,14.519426584243774
7.151085528128537,8.359370198230526,14.519426584243774
7.151085528128537,8.359370198230526,14.519426584243774
7.151085528128537,8.359370198230526,14.519426584243774
7.151085528128537,8.359370198230526,14.519426584243774
7.151085528128537,8.359370198230526,14.519426584243774
7.151085528128537,8.359370198230526,14.519426584243774
7.032737931959232,8.382610228717105,14.519426584243774
7.032737931959232,8.382610228717105,14.519426584243774
7.032737931959232,8.382610228717105,14.519426584243774
7.032737931959232,8.382610228717105,14.519426584243774
7.032737931959232,8.382610228717105,14.519426584243774
7.032737931959232,8.382610228717105,14.519426584243774
7.032737931959232,8.382610228717105,14.519426584243774
6.971534014910468,8.407741011675025,14.519426584243774
6.971534014910468,8.407741011675025,14.519426584243774
6.971534014910468,8.407741011675025,14.519426584243774
6.971534014910468,8.407741011675025,14.519426584243774
6.971534014910468,8.407741011675025,14.519426584243774
6.971534014910468,8.407741011675025,14.519426584243774
6.971534014910468,8.407741011675025,14.519426584243774
6.859798485762087,8.414196356124608,14.519426584243774
6.859798485762087,8.414196356124608,14.519426584243774
6.859798485762087,8.414196356124608,14.519426584243774
6.859798485762087,8.414196356124608,14.519426584243774
6.859798485762087,8.414196356124608,14.519426584243774
6.859798485762087,8.414196356124608,14.519426584243774
6.721783372245845,8.436856789464336,14.519426584243774
6.721783372245845,8.436856789464336,14.519426584243774
6.721783372245845,8.436856789464336,14.519426584243774
6.721783372245845,8.436856789464336,14.519426584243774
6.721783372245845,8.436856789464336,14.519426584243774
6.721783372245845,8.436856789464336,14.519426584243774
6.721783372245845,8.436856789464336,14.519426584243774
6.5812679361142585,8.46745451222398,14.519426584243774
6.5812679361142585,8.46745451222398,14.519426584243774
6.5812679361142585,8.46745451222398,14.519426584243774
6.5812679361142585,8.46745451222398,14.519426584243774
6.5812679361142585,8.46745451222398,14.519426584243774
6.5812679361142585,8.46745451222398,14.519426584243774
6.5812679361142585,8.46745451222398,14.519426584243774
6.469488248393371,8.510569227100328,14.519426584243774
6.469488248393371,8.510569227100328,14.519426584243774
6.469488248393371,8.510569227100328,14.519426584243774
6.469488248393371,8.510569227100328,14.519426584243774
6.469488248393371,8.510569227100328,14.519426584243774
6.469488248393371,8.510569227100328,14.519426584243774
6.469488248393371,8.510569227100328,14.519426584243774
6.32389021561011,8.515757316672431,14.519426584243774
6.32389021561011,8.515757316672431,14.519426584243774
6.32389021561011,8.515757316672431,14.519426584243774
6.32389021561011,8.515757316672431,14.519426584243774
6.32389021561011,8.515757316672431,14.519426584243774
6.32389021561011,8.515757316672431,14.519426584243774
6.130403225463618,8.519284954413399,14.519426584243774
6.130403225463618,8.519284954413399,14.519426584243774
6.130403225463618,8.519284954413399,14.519426584243774
6.130403225463618,8.519284954413399,14.519426584243774
6.130403225463618,8.519284954413399,14.519426584243774
6.130403225463618,8.519284954413399,14.519426584243774
6.130403225463618,8.519284954413399,14.519426584243774
6.012885820067411,8.52522106430334,14.519426584243774
6.012885820067411,8.52522106430334,14.519426584243774
6.012885820067411,8.52522106430334,14.519426584243774
6.012885820067411,8.52522106430334,14.519426584243774
6.012885820067411,8.52522106430334,14.519426584243774
6.012885820067411,8.52522106430334,14.519426584243774
6.012885820067411,8.52522106430334,14.519426584243774
5.831972407381707,8.549779545908653,14.519426584243774
5.831972407381707,8.549779545908653,14.519426584243774
5.831972407381707,8.549779545908653,14.519426584243774
5.831972407381707,8.549779545908653,14.519426584243774
5.831972407381707,8.549779545908653,14.519426584243774
5.831972407381707,8.549779545908653,14.519426584243774
5.831972407381707,8.549779545908653,14.519426584243774
5.629598481370339,8.571849225566412,14.519426584243774
5.629598481370339,8.571849225566412,14.519426584243774
5.629598481370339,8.571849225566412,14.519426584243774
5.629598481370339,8.571849225566412,14.519426584243774
5.629598481370339,8.571849225566412,14.519426584243774
5.629598481370339,8.571849225566412,14.519426584243774
5.400169320800823,8.571933745976937,14.519426584243774
5.400169320800823,8.571933745976937,14.519426584243774
5.400169320800823,8.571933745976937,14.519426584243774
5.400169320800823,8.571933745976937,14.519426584243774
5.400169320800823,8.571933745976937,14.519426584243774
5.400169320800823,8.571933745976937,14.519426584243774
5.400169320800823,8.571933745976937,14.519426584243774
5.400169320800823,8.571933745976937,14.519426584243774
5.400169320800823,8.571933745976937,14.519426584243774
5.400169320800823,8.571933745976937,14.519426584243774
5.400169320800823,8.571933745976937,14.519426584243774
5.400169320800823,8.571933745976937,14.519426584243774
5.400169320800823,8.571933745976937,14.519426584243774
5.400169320800823,8.571933745976937,14.519426584243774
5.400169320800823,8.571933745976937,14.519426584243774
5.400169320800823,8.571933745976937,14.519426584243774
5.400169320800823,8.571933745976937,14.519426584243774
5.400169320800823,8.571933745976937,14.519426584243774
5.400169320800823,8.571933745976937,14.519426584243774
5.249219430609818,8.573952315653543,14.519426584243774
5.249219430609818,8.573952315653543,14.519426584243774
5.249219430609818,8.573952315653543,14.519426584243774
5.249219430609818,8.573952315653543,14.519426584243774
5.249219430609818,8.573952315653543,14.519426584243774
5.249219430609818,8.573952315653543,14.519426584243774
5.249219430609818,8.573952315653543,14.519426584243774
5.249219430609818,8.573952315653543,14.519426584243774
5.249219430609818,8.573952315653543,14.519426584243774
5.249219430609818,8.573952315653543,14.519426584243774
5.249219430609818,8.573952315653543,14.519426584243774
5.249219430609818,8.573952315653543,14.519426584243774
5.249219430609818,8.573952315653543,14.519426584243774
4.706172564543809,8.623470067691155,14.519426584243774
4.706172564543809,8.623470067691155,14.519426584243774
4.706172564543809,8.623470067691155,14.519426584243774
4.706172564543809,8.623470067691155,14.519426584243774
4.706172564543809,8.623470067691155,14.519426584243774
4.706172564543809,8.623470067691155,14.519426584243774
4.706172564543809,8.623470067691155,14.519426584243774
4.706172564543809,8.623470067691155,14.519426584243774
4.706172564543809,8.623470067691155,14.519426584243774
4.706172564543809,8.623470067691155,14.519426584243774
4.706172564543809,8.623470067691155,14.519426584243774
4.706172564543809,8.623470067691155,14.519426584243774
4.706172564543809,8.623470067691155,14.519426584243774
4.706172564543809,8.623470067691155,14.519426584243774
4.32983398767867,8.6433918110746,14.519426584243774
4.32983398767867,8.6433918110746,14.519426584243774
4.32983398767867,8.6433918110746,14.519426584243774
4.32983398767867,8.6433918110746,14.519426584243774
4.32983398767867,8.6433918110746,14.519426584243774
4.32983398767867,8.6433918110746,14.519426584243774
4.32983398767867,8.6433918110746,14.519426584243774
3.9246522598812725,8.648175866231488,14.519426584243774
3.9246522598812725,8.648175866231488,14.519426584243774
3.9246522598812725,8.648175866231488,14.519426584243774
3.9246522598812725,8.648175866231488,14.519426584243774
3.9246522598812725,8.648175866231488,14.519426584243774
3.9246522598812725,8.648175866231488,14.519426584243774
3.9246522598812725,8.648175866231488,14.519426584243774
3.9246522598812725,8.648175866231488,14.519426584243774
3.9246522598812725,8.648175866231488,14.519426584243774
3.9246522598812725,8.648175866231488,14.519426584243774
3.9246522598812725,8.648175866231488,14.519426584243774
3.9246522598812725,8.648175866231488,14.519426584243774
3.9246522598812725,8.648175866231488,14.519426584243774
3.9246522598812725,8.648175866231488,14.519426584243774
3.9246522598812725,8.648175866231488,14.519426584243774
3.9246522598812725,8.648175866231488,14.519426584243774
3.9246522598812725,8.648175866231488,14.519426584243774
3.9246522598812725,8.648175866231488,14.519426584243774
3.7152684836728165,8.680202925124268,14.519426584243774
3.7152684836728165,8.680202925124268,14.519426584243774
3.7152684836728165,8.680202925124268,14.519426584243774
3.7152684836728165,8.680202925124268,14.519426584243774
3.7152684836728165,8.680202925124268,14.519426584243774
3.7152684836728165,8.680202925124268,14.519426584243774
3.7152684836728165,8.680202925124268,14.519426584243774
3.7152684836728165,8.680202925124268,14.519426584243774
3.7152684836728165,8.680202925124268,14.519426584243774
3.1390862993218454,8.699979674466027,14.519426584243774
3.1390862993218454,8.699979674466027,14.519426584243774
3.1390862993218454,8.699979674466027,14.519426584243774
3.1390862993218454,8.699979674466027,14.519426584243774
3.1390862993218454,8.699979674466027,14.519426584243774
3.1390862993218454,8.699979674466027,14.519426584243774
2.8104025063646176,8.686137484599975,14.519426584243774
2.8104025063646176,8.686137484599975,14.519426584243774
2.8104025063646176,8.686137484599975,14.519426584243774
2.8104025063646176,8.686137484599975,14.519426584243774
2.8104025063646176,8.686137484599975,14.519426584243774
2.8104025063646176,8.686137484599975,14.519426584243774
2.8104025063646176,8.686137484599975,14.519426584243774
2.5694368453404413,8.687726253006034,14.519426584243774
2.5694368453404413,8.687726253006034,14.519426584243774
2.5694368453404413,8.687726253006034,14.519426584243774
2.5694368453404413,8.687726253006034,14.519426584243774
2.5694368453404413,8.687726253006034,14.519426584243774
2.5694368453404413,8.687726253006034,14.519426584243774
2.430489396819209,8.669425969827547,14.519426584243774
2.430489396819209,8.669425969827547,14.519426584243774
2.430489396819209,8.669425969827547,14.519426584243774
2.430489396819209,8.669425969827547,14.519426584243774
2.430489396819209,8.669425969827547,14.519426584243774
2.430489396819209,8.669425969827547,14.519426584243774
2.430489396819209,8.669425969827547,14.519426584243774
2.1693479620085716,8.658037688260546,14.519426584243774
2.1693479620085716,8.658037688260546,14.519426584243774
2.1693479620085716,8.658037688260546,14.519426584243774
2.1693479620085716,8.658037688260546,14.519426584243774
2.1693479620085716,8.658037688260546,14.519426584243774
2.1693479620085716,8.658037688260546,14.519426584243774
2.1693479620085716,8.658037688260546,14.519426584243774
2.004325685031325,8.678981536494847,14.519426584243774
2.004325685031325,8.678981536494847,14.519426584243774
2.004325685031325,8.678981536494847,14.519426584243774
2.004325685031325,8.678981536494847,14.519426584243774
2.004325685031325,8.678981536494847,14.519426584243774
1.7537471363820767,8.699545855991078,14.519426584243774
1.7537471363820767,8.699545855991078,14.519426584243774
1.7537471363820767,8.699545855991078,14.519426584243774
1.7537471363820767,8.699545855991078,14.519426584243774
1.7537471363820767,8.699545855991078,14.519426584243774
1.5445938094293115,8.705851908249185,14.519426584243774
1.5445938094293115,8.705851908249185,14.519426584243774
1.5445938094293115,8.705851908249185,14.519426584243774
1.5445938094293115,8.705851908249185,14.519426584243774
1.5445938094293115,8.705851908249185,14.519426584243774
1.5445938094293115,8.705851908249185,14.519426584243774
1.5445938094293115,8.705851908249185,14.519426584243774
1.3559548869839753,8.701033353164945,14.519426584243774
1.3559548869839753,8.701033353164945,14.519426584243774
1.3559548869839753,8.701033353164945,14.519426584243774
1.3559548869839753,8.701033353164945,14.519426584243774
1.3559548869839753,8.701033353164945,14.519426584243774
1.3559548869839753,8.701033353164945,14.519426584243774
1.0561955779317977,8.686675192189451,14.519426584243774
1.0561955779317977,8.686675192189451,14.519426584243774
1.0561955779317977,8.686675192189451,14.519426584243774
1.0561955779317977,8.686675192189451,14.519426584243774
1.0561955779317977,8.686675192189451,14.519426584243774
1.0561955779317977,8.686675192189451,14.519426584243774
1.0561955779317977,8.686675192189451,14.519426584243774
1.0561955779317977,8.686675192189451,14.519426584243774
1.0561955779317977,8.686675192189451,14.519426584243774
0.8788194654277158,8.702724265546172,14.519426584243774
0.8788194654277158,8.702724265546172,14.519426584243774
0.8788194654277158,8.702724265546172,14.519426584243774
0.8788194654277158,8.702724265546172,14.519426584243774
0.8788194654277158,8.702724265546172,14.519426584243774
0.5219847197063702,8.680104824528255,14.519426584243774
0.5219847197063702,8.680104824528255,14.519426584243774
0.5219847197063702,8.680104824528255,14.519426584243774
0.5219847197063702,8.680104824528255,14.519426584243774
0.5219847197063702,8.680104824528255,14.519426584243774
0.5219847197063702,8.680104824528255,14.519426584243774
0.34249658816702294,8.7059006270869,14.519426584243774
0.34249658816702294,8.7059006270869,14.519426584243774
0.34249658816702294,8.7059006270869,14.519426584243774
0.34249658816702294,8.7059006270869,14.519426584243774
0.34249658816702294,8.7059006270869,14.519426584243774
0.1576133171866402,8.704366040743732,14.519426584243774
0.1576133171866402,8.704366040743732,14.519426584243774
0.1576133171866402,8.704366040743732,14.519426584243774
0.1576133171866402,8.704366040743732,14.519426584243774
0.1576133171866402,8.704366040743732,14.519426584243774
-0.010347308080233054,8.691102708212577,14.519426584243774
-0.010347308080233054,8.691102708212577,14.519426584243774
-0.010347308080233054,8.691102708212577,14.519426584243774
-0.010347308080233054,8.691102708212577,14.519426584243774
-0.010347308080233054,8.691102708212577,14.519426584243774
-0.19096926389204866,8.671933422781748,14.519426584243774
-0.19096926389204866,8.671933422781748,14.519426584243774
-0.19096926389204866,8.671933422781748,14.519426584243774
-0.19096926389204866,8.671933422781748,14.519426584243774
-0.19096926389204866,8.671933422781748,14.519426584243774
-0.3617276693278853,8.651449652821762,14.519426584243774
-0.3617276693278853,8.651449652821762,14.519426584243774
-0.3617276693278853,8.651449652821762,14.519426584243774
-0.3617276693278853,8.651449652821762,14.519426584243774
-0.3617276693278853,8.651449652821762,14.519426584243774
-0.5202627470170463,8.63583315505825,14.519426584243774
-0.5202627470170463,8.63583315505825,14.519426584243774
-0.5202627470170463,8.63583315505825,14.519426584243774
-0.5202627470170463,8.63583315505825,14.519426584243774
-0.6581618827448883,8.619908906585822,14.519426584243774
-0.6581618827448883,8.619908906585822,14.519426584243774
-0.6581618827448883,8.619908906585822,14.519426584243774
-0.6581618827448883,8.619908906585822,14.519426584243774
-0.6581618827448883,8.619908906585822,14.519426584243774
-0.8538597324065794,8.603527194648658,14.519426584243774
-0.8538597324065794,8.603527194648658,14.519426584243774
-0.8538597324065794,8.603527194648658,14.519426584243774
-0.8538597324065794,8.603527194648658,14.519426584243774
-0.8538597324065794,8.603527194648658,14.519426584243774
-1.0112610344776674,8.58914826695085,14.519426584243774
-1.0112610344776674,8.58914826695085,14.519426584243774
-1.0112610344776674,8.58914826695085,14.519426584243774
-1.0112610344776674,8.58914826695085,14.519426584243774
-1.0112610344776674,8.58914826695085,14.519426584243774
-1.2209260931607324,8.588046999242009,14.519426584243774
-1.2209260931607324,8.588046999242009,14.519426584243774
-1.2209260931607324,8.588046999242009,14.519426584243774
-1.2209260931607324,8.588046999242009,14.519426584243774
-1.3711443407447328,8.601843974804993,14.519426584243774
-1.3711443407447328,8.601843974804993,14.519426584243774
-1.3711443407447328,8.601843974804993,14.519426584243774
-1.3711443407447328,8.601843974804993,14.519426584243774
-1.3711443407447328,8.601843974804993,14.519426584243774
-1.5398190928555848,8.631345726858283,14.519426584243774
-1.5398190928555848,8.631345726858283,14.519426584243774
-1.5398190928555848,8.631345726858283,14.519426584243774
-1.5398190928555848,8.631345726858283,14.519426584243774
-1.5398190928555848,8.631345726858283,14.519426584243774
-1.7130471809633632,8.646031844743543,14.519426584243774
-1.7130471809633632,8.646031844743543,14.519426584243774
-1.7130471809633632,8.646031844743543,14.519426584243774
-1.7130471809633632,8.646031844743543,14.519426584243774
-1.7130471809633632,8.646031844743543,14.519426584243774
-1.8552402125684362,8.645224312749699,14.519426584243774
-1.8552402125684362,8.645224312749699,14.519426584243774
-1.8552402125684362,8.645224312749699,14.519426584243774
-1.8552402125684362,8.645224312749699,14.519426584243774
-1.8552402125684362,8.645224312749699,14.519426584243774
-2.038207534206295,8.63275523313956,14.519426584243774
-2.038207534206295,8.63275523313956,14.519426584243774
-2.038207534206295,8.63275523313956,14.519426584243774
-2.038207534206295,8.63275523313956,14.519426584243774
-2.038207534206295,8.63275523313956,14.519426584243774
-2.198386806376397,8.621677672362127,14.519426584243774
-2.198386806376397,8.621677672362127,14.519426584243774
-2.198386806376397,8.621677672362127,14.519426584243774
-2.198386806376397,8.621677672362127,14.519426584243774
-2.376228206615147,8.62422588866507,14.519426584243774
-2.376228206615147,8.62422588866507,14.519426584243774
-2.376228206615147,8.62422588866507,14.519426584243774
-2.376228206615147,8.62422588866507,14.519426584243774
-2.376228206615147,8.62422588866507,14.519426584243774
-2.515650519760777,8.62723091973982,14.519426584243774
-2.515650519760777,8.62723091973982,14.519426584243774
-2.515650519760777,8.62723091973982,14.519426584243774
-2.515650519760777,8.62723091973982,14.519426584243774
-2.515650519760777,8.62723091973982,14.519426584243774
-2.515650519760777,8.62723091973982,14.519426584243774
-2.515650519760777,8.62723091973982,14.519426584243774
-2.515650519760777,8.62723091973982,14.519426584243774
-2.515650519760777,8.62723091973982,14.519426584243774
-2.515650519760777,8.62723091973982,14.519426584243774
-2.515650519760777,8.62723091973982,14.519426584243774
-2.515650519760777,8.62723091973982,14.519426584243774
-2.682616762945063,8.624120653987998,14.519426584243774
-2.682616762945063,8.624120653987998,14.519426584243774
-2.682616762945063,8.624120653987998,14.519426584243774
-2.682616762945063,8.624120653987998,14.519426584243774
-2.682616762945063,8.624120653987998,14.519426584243774
-2.682616762945063,8.624120653987998,14.519426584243774
-2.682616762945063,8.624120653987998,14.519426584243774
-2.682616762945063,8.624120653987998,14.519426584243774
-2.682616762945063,8.624120653987998,14.519426584243774
-2.682616762945063,8.624120653987998,14.519426584243774
-2.682616762945063,8.624120653987998,14.519426584243774
-3.0337637848846866,8.602199793640901,14.519426584243774
-3.0337637848846866,8.602199793640901,14.519426584243774
-3.0337637848846866,8.602199793640901,14.519426584243774
-3.0337637848846866,8.602199793640901,14.519426584243774
-3.0337637848846866,8.602199793640901,14.519426584243774
-3.0337637848846866,8.602199793640901,14.519426584243774
-3.0337637848846866,8.602199793640901,14.519426584243774
-3.0337637848846866,8.602199793640901,14.519426584243774
-3.0337637848846866,8.602199793640901,14.519426584243774
-3.0337637848846866,8.602199793640901,14.519426584243774
-3.3934059992832566,8.5788823212368,14.519426584243774
-3.3934059992832566,8.5788823212368,14.519426584243774
-3.3934059992832566,8.5788823212368,14.519426584243774
-3.3934059992832566,8.5788823212368,14.519426584243774
-3.3934059992832566,8.5788823212368,14.519426584243774
-3.3934059992832566,8.5788823212368,14.519426584243774
-3.728799987141932,8.537886018373953,14.519426584243774
-3.728799987141932,8.537886018373953,14.519426584243774
-3.728799987141932,8.537886018373953,14.519426584243774
-3.728799987141932,8.537886018373953,14.519426584243774
-3.728799987141932,8.537886018373953,14.519426584243774
-3.9786702942562204,8.529257981093709,14.519426584243774
-3.9786702942562204,8.529257981093709,14.519426584243774
-3.9786702942562204,8.529257981093709,14.519426584243774
-3.9786702942562204,8.529257981093709,14.519426584243774
-3.9786702942562204,8.529257981093709,14.519426584243774
-4.17085055374389,8.528195792674374,14.519426584243774
-4.17085055374389,8.528195792674374,14.519426584243774
-4.17085055374389,8.528195792674374,14.519426584243774
-4.17085055374389,8.528195792674374,14.519426584243774
-4.17085055374389,8.528195792674374,14.519426584243774
-4.17085055374389,8.528195792674374,14.519426584243774
-4.359638690746184,8.534527554343878,14.519426584243774
-4.359638690746184,8.534527554343878,14.519426584243774
-4.359638690746184,8.534527554343878,14.519426584243774
-4.359638690746184,8.534527554343878,14.519426584243774
-4.359638690746184,8.534527554343878,14.519426584243774
-4.539506294038897,8.542178064582696,14.519426584243774
-4.539506294038897,8.542178064582696,14.519426584243774
-4.539506294038897,8.542178064582696,14.519426584243774
-4.539506294038897,8.542178064582696,14.519426584243774
-4.539506294038897,8.542178064582696,14.519426584243774
-4.742354577225909,8.52689151658751,14.519426584243774
-4.742354577225909,8.52689151658751,14.519426584243774
-4.742354577225909,8.52689151658751,14.519426584243774
-4.742354577225909,8.52689151658751,14.519426584243774
-4.742354577225909,8.52689151658751,14.519426584243774
-4.9854975771326115,8.496829947104514,14.519426584243774
-4.9854975771326115,8.496829947104514,14.519426584243774
-4.9854975771326115,8.496829947104514,14.519426584243774
-4.9854975771326115,8.496829947104514,14.519426584243774
-4.9854975771326115,8.496829947104514,14.519426584243774
-5.189886035527641,8.48744082297662,14.519426584243774
-5.189886035527641,8.48744082297662,14.519426584243774
-5.189886035527641,8.48744082297662,14.519426584243774
-5.189886035527641,8.48744082297662,14.519426584243774
-5.189886035527641,8.48744082297662,14.519426584243774
-5.3700823571207295,8.489334119285495,14.519426584243774
-5.3700823571207295,8.489334119285495,14.519426584243774
-5.3700823571207295,8.489334119285495,14.519426584243774
-5.3700823571207295,8.489334119285495,14.519426584243774
-5.552971118837041,8.491348280781747,14.519426584243774
-5.552971118837041,8.491348280781747,14.519426584243774
-5.552971118837041,8.491348280781747,14.519426584243774
-5.552971118837041,8.491348280781747,14.519426584243774
-5.552971118837041,8.491348280781747,14.519426584243774
-5.7379918733814455,8.489817243264884,14.519426584243774
-5.7379918733814455,8.489817243264884,14.519426584243774
-5.7379918733814455,8.489817243264884,14.519426584243774
-5.7379918733814455,8.489817243264884,14.519426584243774
-5.7379918733814455,8.489817243264884,14.519426584243774
-5.7379918733814455,8.489817243264884,14.519426584243774
-5.914412321750229,8.48582316521474,14.519426584243774
-5.914412321750229,8.48582316521474,14.519426584243774
-5.914412321750229,8.48582316521474,14.519426584243774
-5.914412321750229,8.48582316521474,14.519426584243774
-6.087743485550893,8.486015334579845,14.519426584243774
-6.087743485550893,8.486015334579845,14.519426584243774
-6.087743485550893,8.486015334579845,14.519426584243774
-6.087743485550893,8.486015334579845,14.519426584243774
-6.087743485550893,8.486015334579845,14.519426584243774
-6.087743485550893,8.486015334579845,14.519426584243774
-6.278678304112086,8.495278987148788,14.519426584243774
-6.278678304112086,8.495278987148788,14.519426584243774
-6.278678304112086,8.495278987148788,14.519426584243774
-6.278678304112086,8.495278987148788,14.519426584243774
-6.278678304112086,8.495278987148788,14.519426584243774
-6.467273969315141,8.503346847915918,14.519426584243774
-6.467273969315141,8.503346847915918,14.519426584243774
-6.467273969315141,8.503346847915918,14.519426584243774
-6.467273969315141,8.503346847915918,14.519426584243774
-6.467273969315141,8.503346847915918,14.519426584243774
-6.649183879974927,8.51047370132643,14.519426584243774
-6.649183879974927,8.51047370132643,14.519426584243774
-6.649183879974927,8.51047370132643,14.519426584243774
-6.649183879974927,8.51047370132643,14.519426584243774
-6.649183879974927,8.51047370132643,14.519426584243774
-6.82701983438994,8.514218127380126,14.519426584243774
-6.82701983438994,8.514218127380126,14.519426584243774
-6.82701983438994,8.514218127380126,14.519426584243774
-6.82701983438994,8.514218127380126,14.519426584243774
-6.82701983438994,8.514218127380126,14.519426584243774
-6.980439815622496,8.506670863376772,14.519426584243774
-6.980439815622496,8.506670863376772,14.519426584243774
-6.980439815622496,8.506670863376772,14.519426584243774
-6.980439815622496,8.506670863376772,14.519426584243774
-6.980439815622496,8.506670863376772,14.519426584243774
-6.980439815622496,8.506670863376772,14.519426584243774
-7.152038886810656,8.502428177951447,14.519426584243774
-7.152038886810656,8.502428177951447,14.519426584243774
-7.152038886810656,8.502428177951447,14.519426584243774
-7.152038886810656,8.502428177951447,14.519426584243774
-7.393526198651919,8.505425783314102,14.519426584243774
-7.393526198651919,8.505425783314102,14.519426584243774
-7.393526198651919,8.505425783314102,14.519426584243774
-7.393526198651919,8.505425783314102,14.519426584243774
-7.393526198651919,8.505425783314102,14.519426584243774
-7.393526198651919,8.505425783314102,14.519426584243774
-7.605343013229114,8.506150142947869,14.519426584243774
-7.605343013229114,8.506150142947869,14.519426584243774
-7.605343013229114,8.506150142947869,14.519426584243774
-7.605343013229114,8.506150142947869,14.519426584243774
-7.605343013229114,8.506150142947869,14.519426584243774
-7.789138660081609,8.505616230758399,14.519426584243774
-7.789138660081609,8.505616230758399,14.519426584243774
-7.789138660081609,8.505616230758399,14.519426584243774
-7.789138660081609,8.505616230758399,14.519426584243774
-7.789138660081609,8.505616230758399,14.519426584243774
-7.789138660081609,8.505616230758399,14.519426584243774
-7.9835139536610775,8.520562590824122,14.519426584243774
-7.9835139536610775,8.520562590824122,14.519426584243774
-7.9835139536610775,8.520562590824122,14.519426584243774
-7.9835139536610775,8.520562590824122,14.519426584243774
-8.158579001614532,8.531193100667833,14.519426584243774
-8.158579001614532,8.531193100667833,14.519426584243774
-8.158579001614532,8.531193100667833,14.519426584243774
-8.158579001614532,8.531193100667833,14.519426584243774
-8.332305878332203,8.540225714796268,14.519426584243774
-8.332305878332203,8.540225714796268,14.519426584243774
-8.332305878332203,8.540225714796268,14.519426584243774
-8.332305878332203,8.540225714796268,14.519426584243774
-8.332305878332203,8.540225714796268,14.519426584243774
-8.332305878332203,8.540225714796268,14.519426584243774
-8.547022960134818,8.547377716085922,14.519426584243774
-8.547022960134818,8.547377716085922,14.519426584243774
-8.547022960134818,8.547377716085922,14.519426584243774
-8.547022960134818,8.547377716085922,14.519426584243774
-8.740042846602007,8.557489102238733,14.519426584243774
-8.740042846602007,8.557489102238733,14.519426584243774
-8.740042846602007,8.557489102238733,14.519426584243774
-8.740042846602007,8.557489102238733,14.519426584243774
-8.740042846602007,8.557489102238733,14.519426584243774
-8.740042846602007,8.557489102238733,14.519426584243774
-8.835412364088166,8.55861399827416,14.519426584243774
-8.835412364088166,8.55861399827416,14.519426584243774
-8.835412364088166,8.55861399827416,14.519426584243774
-8.835412364088166,8.55861399827416,14.519426584243774
-8.835412364088166,8.55861399827416,14.519426584243774
-9.089602165660358,8.558488413131222,14.519426584243774
-9.089602165660358,8.558488413131222,14.519426584243774
-9.089602165660358,8.558488413131222,14.519426584243774
-9.089602165660358,8.558488413131222,14.519426584243774
-9.089602165660358,8.558488413131222,14.519426584243774
-9.257731985596932,8.561322314751282,14.519426584243774
-9.257731985596932,8.561322314751282,14.519426584243774
-9.257731985596932,8.561322314751282,14.519426584243774
-9.257731985596932,8.561322314751282,14.519426584243774
-9.257731985596932,8.561322314751282,14.519426584243774
-9.425989290324404,8.562866398650382,14.519426584243774
-9.425989290324404,8.562866398650382,14.519426584243774
-9.425989290324404,8.562866398650382,14.519426584243774
-9.425989290324404,8.562866398650382,14.519426584243774
-9.615139955302185,8.563950327651648,14.519426584243774
-9.615139955302185,8.563950327651648,14.519426584243774
-9.615139955302185,8.563950327651648,14.519426584243774
-9.615139955302185,8.563950327651648,14.519426584243774
-9.615139955302185,8.563950327651648,14.519426584243774
-9.615139955302185,8.563950327651648,14.519426584243774
-9.695345794038753,8.562974477860632,14.519426584243774
-9.695345794038753,8.562974477860632,14.519426584243774
-9.695345794038753,8.562974477860632,14.519426584243774
-9.695345794038753,8.562974477860632,14.519426584243774
-9.695345794038753,8.562974477860632,14.519426584243774
-9.97492406801216,8.568646956824157,14.519426584243774
-9.97492406801216,8.568646956824157,14.519426584243774
-9.97492406801216,8.568646956824157,14.519426584243774
-9.97492406801216,8.568646956824157,14.519426584243774
-9.97492406801216,8.568646956824157,14.519426584243774
-10.14226012053827,8.575501232562791,14.519426584243774
-10.14226012053827,8.575501232562791,14.519426584243774
-10.14226012053827,8.575501232562791,14.519426584243774
-10.14226012053827,8.575501232562791,14.519426584243774
-10.14226012053827,8.575501232562791,14.519426584243774
-10.14226012053827,8.575501232562791,14.519426584243774
-10.333615446344302,8.582686455548055,14.519426584243774
-10.333615446344302,8.582686455548055,14.519426584243774
-10.333615446344302,8.582686455548055,14.519426584243774
-10.333615446344302,8.582686455548055,14.519426584243774
-10.333615446344302,8.582686455548055,14.519426584243774
-10.5088384018218,8.58952053563236,14.519426584243774
-10.5088384018218,8.58952053563236,14.519426584243774
-10.5088384018218,8.58952053563236,14.519426584243774
-10.5088384018218,8.58952053563236,14.519426584243774
-10.5088384018218,8.58952053563236,14.519426584243774
-10.701349738495372,8.599402761918649,14.519426584243774
-10.701349738495372,8.599402761918649,14.519426584243774
-10.701349738495372,8.599402761918649,14.519426584243774
-10.701349738495372,8.599402761918649,14.519426584243774
-10.701349738495372,8.599402761918649,14.519426584243774
-10.889672728231593,8.592320839964433,14.519426584243774
-10.889672728231593,8.592320839964433,14.519426584243774
-10.889672728231593,8.592320839964433,14.519426584243774
-10.889672728231593,8.592320839964433,14.519426584243774
-10.889672728231593,8.592320839964433,14.519426584243774
-10.889672728231593,8.592320839964433,14.519426584243774
-11.085898820228376,8.59643348118563,14.519426584243774
-11.085898820228376,8.59643348118563,14.519426584243774
-11.085898820228376,8.59643348118563,14.519426584243774
-11.085898820228376,8.59643348118563,14.519426584243774
-11.085898820228376,8.59643348118563,14.519426584243774
-11.085898820228376,8.59643348118563,14.519426584243774
-11.239540098838434,8.598131948007815,14.519426584243774
-11.239540098838434,8.598131948007815,14.519426584243774
-11.239540098838434,8.598131948007815,14.519426584243774
-11.239540098838434,8.598131948007815,14.519426584243774
-11.239540098838434,8.598131948007815,14.519426584243774
-11.239540098838434,8.598131948007815,14.519426584243774
-11.487464180516676,8.603706976733884,14.519426584243774
-11.487464180516676,8.603706976733884,14.519426584243774
-11.487464180516676,8.603706976733884,14.519426584243774
-11.487464180516676,8.603706976733884,14.519426584243774
-11.487464180516676,8.603706976733884,14.519426584243774
-11.487464180516676,8.603706976733884,14.519426584243774
-11.487464180516676,8.603706976733884,14.519426584243774
-11.487464180516676,8.603706976733884,14.519426584243774
-11.487464180516676,8.603706976733884,14.519426584243774
-11.487464180516676,8.603706976733884,14.519426584243774
-11.672163492641523,8.607361053886127,14.519426584243774
-11.672163492641523,8.607361053886127,14.519426584243774
-11.672163492641523,8.607361053886127,14.519426584243774
-11.672163492641523,8.607361053886127,14.519426584243774
-11.672163492641523,8.607361053886127,14.519426584243774
-11.672163492641523,8.607361053886127,14.519426584243774
-11.672163492641523,8.607361053886127,14.519426584243774
-11.672163492641523,8.607361053886127,14.519426584243774
-11.672163492641523,8.607361053886127,14.519426584243774
-11.672163492641523,8.607361053886127,14.519426584243774
-11.672163492641523,8.607361053886127,14.519426584243774
-11.672163492641523,8.607361053886127,14.519426584243774
-11.672163492641523,8.607361053886127,14.519426584243774
-11.672163492641523,8.607361053886127,14.519426584243774
-11.983715763163325,8.613089752209527,14.519426584243774
-11.983715763163325,8.613089752209527,14.519426584243774
-11.983715763163325,8.613089752209527,14.519426584243774
-11.983715763163325,8.613089752209527,14.519426584243774
-11.983715763163325,8.613089752209527,14.519426584243774
-11.983715763163325,8.613089752209527,14.519426584243774
-11.983715763163325,8.613089752209527,14.519426584243774
-11.983715763163325,8.613089752209527,14.519426584243774
-11.983715763163325,8.613089752209527,14.519426584243774
-11.983715763163325,8.613089752209527,14.519426584243774
-11.983715763163325,8.613089752209527,14.519426584243774
-11.983715763163325,8.613089752209527,14.519426584243774
-11.983715763163325,8.613089752209527,14.519426584243774
-11.983715763163325,8.613089752209527,14.519426584243774
-12.521476757163502,8.620778948161094,14.519426584243774
-12.521476757163502,8.620778948161094,14.519426584243774
-12.521476757163502,8.620778948161094,14.519426584243774
-12.521476757163502,8.620778948161094,14.519426584243774
-12.521476757163502,8.620778948161094,14.519426584243774
-12.521476757163502,8.620778948161094,14.519426584243774
-12.521476757163502,8.620778948161094,14.519426584243774
-12.521476757163502,8.620778948161094,14.519426584243774
-12.521476757163502,8.620778948161094,14.519426584243774
-12.521476757163502,8.620778948161094,14.519426584243774
-12.521476757163502,8.620778948161094,14.519426584243774
-12.521476757163502,8.620778948161094,14.519426584243774
-12.521476757163502,8.620778948161094,14.519426584243774
-12.807032578223499,8.599762803546344,14.519426584243774
-12.807032578223499,8.599762803546344,14.519426584243774
-12.807032578223499,8.599762803546344,14.519426584243774
-12.807032578223499,8.599762803546344,14.519426584243774
-12.807032578223499,8.599762803546344,14.519426584243774
-12.807032578223499,8.599762803546344,14.519426584243774
-12.807032578223499,8.599762803546344,14.519426584243774
-12.807032578223499,8.599762803546344,14.519426584243774
-12.807032578223499,8.599762803546344,14.519426584243774
-12.807032578223499,8.599762803546344,14.519426584243774
-12.807032578223499,8.599762803546344,14.519426584243774
-12.807032578223499,8.599762803546344,14.519426584243774
-13.180648654935956,8.554635230069735,14.519426584243774
-13.180648654935956,8.554635230069735,14.519426584243774
-13.180648654935956,8.554635230069735,14.519426584243774
-13.180648654935956,8.554635230069735,14.519426584243774
-13.180648654935956,8.554635230069735,14.519426584243774
-13.180648654935956,8.554635230069735,14.519426584243774
-13.180648654935956,8.554635230069735,14.519426584243774
-13.180648654935956,8.554635230069735,14.519426584243774
-13.180648654935956,8.554635230069735,14.519426584243774
-13.180648654935956,8.554635230069735,14.519426584243774
-13.180648654935956,8.554635230069735,14.519426584243774
-13.180648654935956,8.554635230069735,14.519426584243774
-13.38907784424107,8.479833456124322,14.519426584243774
-13.38907784424107,8.479833456124322,14.519426584243774
-13.38907784424107,8.479833456124322,14.519426584243774
-13.38907784424107,8.479833456124322,14.519426584243774
-13.38907784424107,8.479833456124322,14.519426584243774
-13.38907784424107,8.479833456124322,14.519426584243774
-13.38907784424107,8.479833456124322,14.519426584243774
-13.38907784424107,8.479833456124322,14.519426584243774
-13.38907784424107,8.479833456124322,14.519426584243774
-13.6161299797545,8.308671979646942,14.519426584243774
-13.6161299797545,8.308671979646942,14.519426584243774
-13.6161299797545,8.308671979646942,14.519426584243774
-13.6161299797545,8.308671979646942,14.519426584243774
-13.6161299797545,8.308671979646942,14.519426584243774
-13.6161299797545,8.308671979646942,14.519426584243774
-13.6161299797545,8.308671979646942,14.519426584243774
-13.6161299797545,8.308671979646942,14.519426584243774
-13.6161299797545,8.308671979646942,14.519426584243774
-13.6161299797545,8.308671979646942,14.519426584243774
-13.6161299797545,8.308671979646942,14.519426584243774
-13.6161299797545,8.308671979646942,14.519426584243774
-13.6161299797545,8.308671979646942,14.519426584243774
-13.6161299797545,8.308671979646942,14.519426584243774
-13.703914175232434,8.167034907811201,14.519426584243774
-13.703914175232434,8.167034907811201,14.519426584243774
-13.703914175232434,8.167034907811201,14.519426584243774
-13.703914175232434,8.167034907811201,14.519426584243774
-13.703914175232434,8.167034907811201,14.519426584243774
-13.703914175232434,8.167034907811201,14.519426584243774
-13.703914175232434,8.167034907811201,14.519426584243774
-13.703914175232434,8.167034907811201,14.519426584243774
-13.703914175232434,8.167034907811201,14.519426584243774
-13.703914175232434,8.167034907811201,14.519426584243774
-13.703914175232434,8.167034907811201,14.519426584243774
-13.703914175232434,8.167034907811201,14.519426584243774
-13.703914175232434,8.167034907811201,14.519426584243774
-13.738032553219686,7.895546258852352,14.519426584243774
-13.738032553219686,7.895546258852352,14.519426584243774
-13.738032553219686,7.895546258852352,14.519426584243774
-13.738032553219686,7.895546258852352,14.519426584243774
-13.738032553219686,7.895546258852352,14.519426584243774
-13.738032553219686,7.895546258852352,14.519426584243774
-13.738032553219686,7.895546258852352,14.519426584243774
-13.738032553219686,7.895546258852352,14.519426584243774
-13.738032553219686,7.895546258852352,14.519426584243774
-13.738032553219686,7.895546258852352,14.519426584243774
-13.738032553219686,7.895546258852352,14.519426584243774
-13.503725732910727,7.670017349777272,14.519426584243774
-13.503725732910727,7.670017349777272,14.519426584243774
-13.503725732910727,7.670017349777272,14.519426584243774
-13.503725732910727,7.670017349777272,14.519426584243774
-13.503725732910727,7.670017349777272,14.519426584243774
-13.503725732910727,7.670017349777272,14.519426584243774
-13.503725732910727,7.670017349777272,14.519426584243774
-13.503725732910727,7.670017349777272,14.519426584243774
-13.503725732910727,7.670017349777272,14.519426584243774
-13.503725732910727,7.670017349777272,14.519426584243774
-13.503725732910727,7.670017349777272,14.519426584243774
-13.421126776560154,7.557376229833417,14.519426584243774
-13.421126776560154,7.557376229833417,14.519426584243774
-13.421126776560154,7.557376229833417,14.519426584243774
-13.421126776560154,7.557376229833417,14.519426584243774
-13.421126776560154,7.557376229833417,14.519426584243774
-13.421126776560154,7.557376229833417,14.519426584243774
-13.421126776560154,7.557376229833417,14.519426584243774
-13.421126776560154,7.557376229833417,14.519426584243774
-13.421126776560154,7.557376229833417,14.519426584243774
-13.421126776560154,7.557376229833417,14.519426584243774
-13.421126776560154,7.557376229833417,14.519426584243774
-13.421126776560154,7.557376229833417,14.519426584243774
-13.421126776560154,7.557376229833417,14.519426584243774
-13.291848648153943,7.523877360835923,14.519426584243774
-13.291848648153943,7.523877360835923,14.519426584243774
-13.291848648153943,7.523877360835923,14.519426584243774
-13.291848648153943,7.523877360835923,14.519426584243774
-13.291848648153943,7.523877360835923,14.519426584243774
-13.291848648153943,7.523877360835923,14.519426584243774
-13.291848648153943,7.523877360835923,14.519426584243774
-13.291848648153943,7.523877360835923,14.519426584243774
-13.168511229994095,7.60960219994539,14.519426584243774
-13.168511229994095,7.60960219994539,14.519426584243774
-13.168511229994095,7.60960219994539,14.519426584243774
-13.168511229994095,7.60960219994539,14.519426584243774
-13.168511229994095,7.60960219994539,14.519426584243774
-13.168511229994095,7.60960219994539,14.519426584243774
-13.168511229994095,7.60960219994539,14.519426584243774
-13.153000902250449,7.742107657109544,14.519426584243774
-13.153000902250449,7.742107657109544,14.519426584243774
-13.153000902250449,7.742107657109544,14.519426584243774
-13.153000902250449,7.742107657109544,14.519426584243774
-13.153000902250449,7.742107657109544,14.519426584243774
-13.153000902250449,7.742107657109544,14.519426584243774
-13.153000902250449,7.742107657109544,14.519426584243774
-13.111451119030937,7.819059433095131,14.519426584243774
-13.111451119030937,7.819059433095131,14.519426584243774
-13.111451119030937,7.819059433095131,14.519426584243774
-13.111451119030937,7.819059433095131,14.519426584243774
-13.111451119030937,7.819059433095131,14.519426584243774
-13.111451119030937,7.819059433095131,14.519426584243774
-13.111451119030937,7.819059433095131,14.519426584243774
-13.111451119030937,7.819059433095131,14.519426584243774
-13.072166044447973,7.891675331582226,14.519426584243774
-13.072166044447973,7.891675331582226,14.519426584243774
-13.072166044447973,7.891675331582226,14.519426584243774
-13.072166044447973,7.891675331582226,14.519426584243774
-13.072166044447973,7.891675331582226,14.519426584243774
-13.072166044447973,7.891675331582226,14.519426584243774
-13.072166044447973,7.891675331582226,14.519426584243774
-13.060076766426787,8.024897477653127,14.519426584243774
-13.060076766426787,8.024897477653127,14.519426584243774
-13.060076766426787,8.024897477653127,14.519426584243774
-13.060076766426787,8.024897477653127,14.519426584243774
-13.060076766426787,8.024897477653127,14.519426584243774
-13.060076766426787,8.024897477653127,14.519426584243774
-13.060076766426787,8.024897477653127,14.519426584243774
-13.066957407234998,8.101512501952095,14.519426584243774
-13.066957407234998,8.101512501952095,14.519426584243774
-13.066957407234998,8.101512501952095,14.519426584243774
-13.066957407234998,8.101512501952095,14.519426584243774
-13.066957407234998,8.101512501952095,14.519426584243774
-13.066957407234998,8.101512501952095,14.519426584243774
-13.066957407234998,8.101512501952095,14.519426584243774
-13.066957407234998,8.101512501952095,14.519426584243774
-13.066957407234998,8.101512501952095,14.519426584243774
-13.061866516299219,8.170219164702948,14.519426584243774
-13.061866516299219,8.170219164702948,14.519426584243774
-13.061866516299219,8.170219164702948,14.519426584243774
-13.061866516299219,8.170219164702948,14.519426584243774
-13.061866516299219,8.170219164702948,14.519426584243774
-13.061866516299219,8.170219164702948,14.519426584243774
-13.061866516299219,8.170219164702948,14.519426584243774
-13.061866516299219,8.170219164702948,14.519426584243774
-13.061866516299219,8.170219164702948,14.519426584243774
-13.061866516299219,8.170219164702948,14.519426584243774
-13.061866516299219,8.170219164702948,14.519426584243774
-13.061866516299219,8.170219164702948,14.519426584243774
-13.061866516299219,8.170219164702948,14.519426584243774
-13.061866516299219,8.170219164702948,14.519426584243774
-13.10846733844745,8.255586761769319,14.519426584243774
-13.10846733844745,8.255586761769319,14.519426584243774
-13.10846733844745,8.255586761769319,14.519426584243774
-13.10846733844745,8.255586761769319,14.519426584243774
-13.10846733844745,8.255586761769319,14.519426584243774
-13.10846733844745,8.255586761769319,14.519426584243774
-13.10846733844745,8.255586761769319,14.519426584243774
-13.10846733844745,8.255586761769319,14.519426584243774
-13.150285474826456,8.329683683872636,14.519426584243774
-13.150285474826456,8.329683683872636,14.519426584243774
-13.150285474826456,8.329683683872636,14.519426584243774
-13.150285474826456,8.329683683872636,14.519426584243774
-13.150285474826456,8.329683683872636,14.519426584243774
-13.150285474826456,8.329683683872636,14.519426584243774
-13.150285474826456,8.329683683872636,14.519426584243774
-13.150285474826456,8.329683683872636,14.519426584243774
-13.188166462951866,8.372247121707343,14.519426584243774
-13.188166462951866,8.372247121707343,14.519426584243774
-13.188166462951866,8.372247121707343,14.519426584243774
-13.188166462951866,8.372247121707343,14.519426584243774
-13.188166462951866,8.372247121707343,14.519426584243774
-13.188166462951866,8.372247121707343,14.519426584243774
-13.188166462951866,8.372247121707343,14.519426584243774
-13.248608922605662,8.437706094738978,14.519426584243774
-13.248608922605662,8.437706094738978,14.519426584243774
-13.248608922605662,8.437706094738978,14.519426584243774
-13.248608922605662,8.437706094738978,14.519426584243774
-13.248608922605662,8.437706094738978,14.519426584243774
-13.248608922605662,8.437706094738978,14.519426584243774
-13.248608922605662,8.437706094738978,14.519426584243774
-13.285022269976615,8.479989265823173,14.519426584243774
-13.285022269976615,8.479989265823173,14.519426584243774
-13.285022269976615,8.479989265823173,14.519426584243774
-13.285022269976615,8.479989265823173,14.519426584243774
-13.285022269976615,8.479989265823173,14.519426584243774
-13.285022269976615,8.479989265823173,14.519426584243774
-13.285022269976615,8.479989265823173,14.519426584243774
-13.285022269976615,8.479989265823173,14.519426584243774
-13.285022269976615,8.479989265823173,14.519426584243774
-13.285022269976615,8.479989265823173,14.519426584243774
-13.285022269976615,8.479989265823173,14.519426584243774
-13.285022269976615,8.479989265823173,14.519426584243774
-13.285022269976615,8.479989265823173,14.519426584243774
-13.285022269976615,8.479989265823173,14.519426584243774
-13.285022269976615,8.479989265823173,14.519426584243774
-13.285022269976615,8.479989265823173,14.519426584243774
-13.319069671717461,8.493308209337412,14.519426584243774
-13.319069671717461,8.493308209337412,14.519426584243774
-13.319069671717461,8.493308209337412,14.519426584243774
-13.319069671717461,8.493308209337412,14.519426584243774
-13.319069671717461,8.493308209337412,14.519426584243774
-13.319069671717461,8.493308209337412,14.519426584243774
-13.319069671717461,8.493308209337412,14.519426584243774
-13.319069671717461,8.493308209337412,14.519426584243774
-13.319069671717461,8.493308209337412,14.519426584243774
-13.319069671717461,8.493308209337412,14.519426584243774
-13.319069671717461,8.493308209337412,14.519426584243774
-13.319069671717461,8.493308209337412,14.519426584243774
-13.319069671717461,8.493308209337412,14.519426584243774
-13.361501928357939,8.52123973112055,14.519426584243774
-13.361501928357939,8.52123973112055,14.519426584243774
-13.361501928357939,8.52123973112055,14.519426584243774
-13.361501928357939,8.52123973112055,14.519426584243774
-13.361501928357939,8.52123973112055,14.519426584243774
-13.361501928357939,8.52123973112055,14.519426584243774
-13.361501928357939,8.52123973112055,14.519426584243774
-13.361501928357939,8.52123973112055,14.519426584243774
-13.361501928357939,8.52123973112055,14.519426584243774
-13.361501928357939,8.52123973112055,14.519426584243774
-13.361501928357939,8.52123973112055,14.519426584243774
-13.361501928357939,8.52123973112055,14.519426584243774
-13.361501928357939,8.52123973112055,14.519426584243774
-13.438276696429517,8.569161766793785,14.519426584243774
-13.438276696429517,8.569161766793785,14.519426584243774
-13.438276696429517,8.569161766793785,14.519426584243774
-13.438276696429517,8.569161766793785,14.519426584243774
-13.438276696429517,8.569161766793785,14.519426584243774
-13.438276696429517,8.569161766793785,14.519426584243774
-13.438276696429517,8.569161766793785,14.519426584243774
-13.438276696429517,8.569161766793785,14.519426584243774
-13.438276696429517,8.569161766793785,14.519426584243774
-13.438276696429517,8.569161766793785,14.519426584243774
-13.438276696429517,8.569161766793785,14.519426584243774
-13.438276696429517,8.569161766793785,14.519426584243774
-13.438276696429517,8.569161766793785,14.519426584243774
-13.537202693656987,8.62440210642552,14.519426584243774
-13.537202693656987,8.62440210642552,14.519426584243774
-13.537202693656987,8.62440210642552,14.519426584243774
-13.537202693656987,8.62440210642552,14.519426584243774
-13.537202693656987,8.62440210642552,14.519426584243774
-13.537202693656987,8.62440210642552,14.519426584243774
-13.537202693656987,8.62440210642552,14.519426584243774
-13.537202693656987,8.62440210642552,14.519426584243774
-13.537202693656987,8.62440210642552,14.519426584243774
-13.537202693656987,8.62440210642552,14.519426584243774
-13.537202693656987,8.62440210642552,14.519426584243774
-13.593296353431658,8.663688066684626,14.519426584243774
-13.593296353431658,8.663688066684626,14.519426584243774
-13.593296353431658,8.663688066684626,14.519426584243774
-13.593296353431658,8.663688066684626,14.519426584243774
-13.593296353431658,8.663688066684626,14.519426584243774
-13.593296353431658,8.663688066684626,14.519426584243774
-13.593296353431658,8.663688066684626,14.519426584243774
-13.593296353431658,8.663688066684626,14.519426584243774
-13.593296353431658,8.663688066684626,14.519426584243774
-13.593296353431658,8.663688066684626,14.519426584243774
-13.593296353431658,8.663688066684626,14.519426584243774
-13.593296353431658,8.663688066684626,14.519426584243774
-13.593296353431658,8.663688066684626,14.519426584243774
-13.593296353431658,8.663688066684626,14.519426584243774
-13.593296353431658,8.663688066684626,14.519426584243774
-13.647194241154695,8.678127179219558,14.519426584243774
-13.647194241154695,8.678127179219558,14.519426584243774
-13.647194241154695,8.678127179219558,14.519426584243774
-13.647194241154695,8.678127179219558,14.519426584243774
-13.647194241154695,8.678127179219558,14.519426584243774
-13.647194241154695,8.678127179219558,14.519426584243774
-13.647194241154695,8.678127179219558,14.519426584243774
-13.647194241154695,8.678127179219558,14.519426584243774
-13.647194241154695,8.678127179219558,14.519426584243774
-13.647194241154695,8.678127179219558,14.519426584243774
-13.647194241154695,8.678127179219558,14.519426584243774
-13.647194241154695,8.678127179219558,14.519426584243774
-13.771302419727414,8.689449814559502,14.519426584243774
-13.771302419727414,8.689449814559502,14.519426584243774
-13.771302419727414,8.689449814559502,14.519426584243774
-13.771302419727414,8.689449814559502,14.519426584243774
-13.771302419727414,8.689449814559502,14.519426584243774
-13.771302419727414,8.689449814559502,14.519426584243774
-13.771302419727414,8.689449814559502,14.519426584243774
-13.771302419727414,8.689449814559502,14.519426584243774
-13.771302419727414,8.689449814559502,14.519426584243774
-13.771302419727414,8.689449814559502,14.519426584243774
-13.771302419727414,8.689449814559502,14.519426584243774
-13.771302419727414,8.689449814559502,14.519426584243774
-13.771302419727414,8.689449814559502,14.519426584243774
-13.771302419727414,8.689449814559502,14.519426584243774
-13.771302419727414,8.689449814559502,14.519426584243774
-13.771302419727414,8.689449814559502,14.519426584243774
-13.771302419727414,8.689449814559502,14.519426584243774
-13.771302419727414,8.689449814559502,14.519426584243774
-13.855058642209906,8.691173766941516,14.519426584243774
-13.855058642209906,8.691173766941516,14.519426584243774
-13.855058642209906,8.691173766941516,14.519426584243774
-13.855058642209906,8.691173766941516,14.519426584243774
-13.855058642209906,8.691173766941516,14.519426584243774
-13.855058642209906,8.691173766941516,14.519426584243774
-13.855058642209906,8.691173766941516,14.519426584243774
-13.855058642209906,8.691173766941516,14.519426584243774
-13.855058642209906,8.691173766941516,14.519426584243774
-13.855058642209906,8.691173766941516,14.519426584243774
-13.855058642209906,8.691173766941516,14.519426584243774
-13.855058642209906,8.691173766941516,14.519426584243774
-13.855058642209906,8.691173766941516,14.519426584243774
-13.855058642209906,8.691173766941516,14.519426584243774
-13.963920438347138,8.69455739268116,14.519426584243774
-13.963920438347138,8.69455739268116,14.519426584243774
-13.963920438347138,8.69455739268116,14.519426584243774
-13.963920438347138,8.69455739268116,14.519426584243774
-13.963920438347138,8.69455739268116,14.519426584243774
-13.963920438347138,8.69455739268116,14.519426584243774
-13.963920438347138,8.69455739268116,14.519426584243774
-13.963920438347138,8.69455739268116,14.519426584243774
-13.963920438347138,8.69455739268116,14.519426584243774
-13.963920438347138,8.69455739268116,14.519426584243774
-13.963920438347138,8.69455739268116,14.519426584243774
-13.963920438347138,8.69455739268116,14.519426584243774
-13.963920438347138,8.69455739268116,14.519426584243774
-14.074993850813472,8.700627632012116,14.519426584243774
-14.074993850813472,8.700627632012116,14.519426584243774
-14.074993850813472,8.700627632012116,14.519426584243774
-14.074993850813472,8.700627632012116,14.519426584243774
-14.074993850813472,8.700627632012116,14.519426584243774
-14.074993850813472,8.700627632012116,14.519426584243774
-14.074993850813472,8.700627632012116,14.519426584243774
-14.074993850813472,8.700627632012116,14.519426584243774
-14.074993850813472,8.700627632012116,14.519426584243774
-14.074993850813472,8.700627632012116,14.519426584243774
-14.074993850813472,8.700627632012116,14.519426584243774
-14.074993850813472,8.700627632012116,14.519426584243774
-14.16020743135335,8.695943651882981,14.519426584243774
-14.16020743135335,8.695943651882981,14.519426584243774
-14.16020743135335,8.695943651882981,14.519426584243774
-14.16020743135335,8.695943651882981,14.519426584243774
-14.16020743135335,8.695943651882981,14.519426584243774
-14.16020743135335,8.695943651882981,14.519426584243774
-14.16020743135335,8.695943651882981,14.519426584243774
-14.16020743135335,8.695943651882981,14.519426584243774
-14.16020743135335,8.695943651882981,14.519426584243774
-14.16020743135335,8.695943651882981,14.519426584243774
-14.16020743135335,8.695943651882981,14.519426584243774
-14.16020743135335,8.695943651882981,14.519426584243774
-14.16020743135335,8.695943651882981,14.519426584243774
-14.16020743135335,8.695943651882981,14.519426584243774
-14.16020743135335,8.695943651882981,14.519426584243774
-14.211771916978545,8.68769634979208,14.519426584243774
-14.211771916978545,8.68769634979208,14.519426584243774
-14.211771916978545,8.68769634979208,14.519426584243774
-14.211771916978545,8.68769634979208,14.519426584243774
-14.211771916978545,8.68769634979208,14.519426584243774
-14.211771916978545,8.68769634979208,14.519426584243774
-14.211771916978545,8.68769634979208,14.519426584243774
-14.211771916978545,8.68769634979208,14.519426584243774
-14.112711413252836,8.69813341417122,14.519426584243774
-14.112711413252836,8.69813341417122,14.519426584243774
-14.112711413252836,8.69813341417122,14.519426584243774
-14.112711413252836,8.69813341417122,14.519426584243774
-14.112711413252836,8.69813341417122,14.519426584243774
-14.112711413252836,8.69813341417122,14.519426584243774
-14.112711413252836,8.69813341417122,14.519426584243774
-13.955564200269386,8.640790901901376,14.519426584243774
-13.955564200269386,8.640790901901376,14.519426584243774
-13.955564200269386,8.640790901901376,14.519426584243774
-13.955564200269386,8.640790901901376,14.519426584243774
-13.955564200269386,8.640790901901376,14.519426584243774
-13.955564200269386,8.640790901901376,14.519426584243774
-13.808918819194712,8.631345994162261,14.519426584243774
-13.808918819194712,8.631345994162261,14.519426584243774
-13.808918819194712,8.631345994162261,14.519426584243774
-13.808918819194712,8.631345994162261,14.519426584243774
-13.808918819194712,8.631345994162261,14.519426584243774
-13.746631146492835,8.606504442460079,14.519426584243774
-13.746631146492835,8.606504442460079,14.519426584243774
-13.746631146492835,8.606504442460079,14.519426584243774
-13.746631146492835,8.606504442460079,14.519426584243774
-13.746631146492835,8.606504442460079,14.519426584243774
-13.746631146492835,8.606504442460079,14.519426584243774
-13.746631146492835,8.606504442460079,14.519426584243774
-13.746631146492835,8.606504442460079,14.519426584243774
-13.746631146492835,8.606504442460079,14.519426584243774
-13.746631146492835,8.606504442460079,14.519426584243774
-13.746631146492835,8.606504442460079,14.519426584243774
-13.713604607191375,8.5940877939224,14.519426584243774
-13.713604607191375,8.5940877939224,14.519426584243774
-13.713604607191375,8.5940877939224,14.519426584243774
-13.713604607191375,8.5940877939224,14.519426584243774
-13.713604607191375,8.5940877939224,14.519426584243774
-13.713604607191375,8.5940877939224,14.519426584243774
-13.713604607191375,8.5940877939224,14.519426584243774
-13.713604607191375,8.5940877939224,14.519426584243774
-13.713604607191375,8.5940877939224,14.519426584243774
-13.713604607191375,8.5940877939224,14.519426584243774
-13.713604607191375,8.5940877939224,14.519426584243774
-13.662597655668685,8.591353676205568,14.519426584243774
-13.662597655668685,8.591353676205568,14.519426584243774
-13.662597655668685,8.591353676205568,14.519426584243774
-13.662597655668685,8.591353676205568,14.519426584243774
-13.662597655668685,8.591353676205568,14.519426584243774
-13.662597655668685,8.591353676205568,14.519426584243774
-13.662597655668685,8.591353676205568,14.519426584243774
-13.662597655668685,8.591353676205568,14.519426584243774
-13.662597655668685,8.591353676205568,14.519426584243774
-13.662597655668685,8.591353676205568,14.519426584243774
-13.662597655668685,8.591353676205568,14.519426584243774
-13.662597655668685,8.591353676205568,14.519426584243774
-13.662597655668685,8.591353676205568,14.519426584243774
-13.61020547561191,8.586787003215646,14.519426584243774
-13.61020547561191,8.586787003215646,14.519426584243774
-13.61020547561191,8.586787003215646,14.519426584243774
-13.61020547561191,8.586787003215646,14.519426584243774
-13.61020547561191,8.586787003215646,14.519426584243774
-13.61020547561191,8.586787003215646,14.519426584243774
-13.61020547561191,8.586787003215646,14.519426584243774
-13.61020547561191,8.586787003215646,14.519426584243774
-13.61020547561191,8.586787003215646,14.519426584243774
-13.61020547561191,8.586787003215646,14.519426584243774
-13.61020547561191,8.586787003215646,14.519426584243774
-13.556613250198813,8.593587182686479,14.519426584243774
-13.556613250198813,8.593587182686479,14.519426584243774
-13.556613250198813,8.593587182686479,14.519426584243774
-13.556613250198813,8.593587182686479,14.519426584243774
-13.556613250198813,8.593587182686479,14.519426584243774
-13.556613250198813,8.593587182686479,14.519426584243774
-13.556613250198813,8.593587182686479,14.519426584243774
-13.556613250198813,8.593587182686479,14.519426584243774
-13.556613250198813,8.593587182686479,14.519426584243774
-13.556613250198813,8.593587182686479,14.519426584243774
-13.556613250198813,8.593587182686479,14.519426584243774
-13.556613250198813,8.593587182686479,14.519426584243774
-13.556613250198813,8.593587182686479,14.519426584243774
-13.519535884098556,8.591291940548574,14.519426584243774
-13.519535884098556,8.591291940548574,14.519426584243774
-13.519535884098556,8.591291940548574,14.519426584243774
-13.519535884098556,8.591291940548574,14.519426584243774
-13.519535884098556,8.591291940548574,14.519426584243774
-13.519535884098556,8.591291940548574,14.519426584243774
-13.519535884098556,8.591291940548574,14.519426584243774
-13.519535884098556,8.591291940548574,14.519426584243774
-13.519535884098556,8.591291940548574,14.519426584243774
-13.519535884098556,8.591291940548574,14.519426584243774
-13.519535884098556,8.591291940548574,14.519426584243774
-13.519535884098556,8.591291940548574,14.519426584243774
-13.519535884098556,8.591291940548574,14.519426584243774
-13.457409568745197,8.574030535919318,14.519426584243774
-13.457409568745197,8.574030535919318,14.519426584243774
-13.457409568745197,8.574030535919318,14.519426584243774
-13.457409568745197,8.574030535919318,14.519426584243774
-13.457409568745197,8.574030535919318,14.519426584243774
-13.457409568745197,8.574030535919318,14.519426584243774
-13.457409568745197,8.574030535919318,14.519426584243774
-13.457409568745197,8.574030535919318,14.519426584243774
-13.457409568745197,8.574030535919318,14.519426584243774
-13.457409568745197,8.574030535919318,14.519426584243774
-13.457409568745197,8.574030535919318,14.519426584243774
-13.457409568745197,8.574030535919318,14.519426584243774
-13.457409568745197,8.574030535919318,14.519426584243774
-13.457409568745197,8.574030535919318,14.519426584243774
-13.368581529605255,8.541231545784354,14.519426584243774
-13.368581529605255,8.541231545784354,14.519426584243774
-13.368581529605255,8.541231545784354,14.519426584243774
-13.368581529605255,8.541231545784354,14.519426584243774
-13.368581529605255,8.541231545784354,14.519426584243774
-13.368581529605255,8.541231545784354,14.519426584243774
-13.368581529605255,8.541231545784354,14.519426584243774
-13.368581529605255,8.541231545784354,14.519426584243774
-13.368581529605255,8.541231545784354,14.519426584243774
-13.368581529605255,8.541231545784354,14.519426584243774
-13.368581529605255,8.541231545784354,14.519426584243774
-13.368581529605255,8.541231545784354,14.519426584243774
-13.368581529605255,8.541231545784354,14.519426584243774
-13.368581529605255,8.541231545784354,14.519426584243774
-13.284264011246961,8.500827550880453,14.519426584243774
-13.284264011246961,8.500827550880453,14.519426584243774
-13.284264011246961,8.500827550880453,14.519426584243774
-13.284264011246961,8.500827550880453,14.519426584243774
-13.284264011246961,8.500827550880453,14.519426584243774
-13.284264011246961,8.500827550880453,14.519426584243774
-13.284264011246961,8.500827550880453,14.519426584243774
-13.284264011246961,8.500827550880453,14.519426584243774
-13.284264011246961,8.500827550880453,14.519426584243774
-13.284264011246961,8.500827550880453,14.519426584243774
-13.284264011246961,8.500827550880453,14.519426584243774
-13.284264011246961,8.500827550880453,14.519426584243774
-13.240052766281623,8.461973809149415,14.519426584243774
-13.240052766281623,8.461973809149415,14.519426584243774
-13.240052766281623,8.461973809149415,14.519426584243774
-13.240052766281623,8.461973809149415,14.519426584243774
-13.240052766281623,8.461973809149415,14.519426584243774
-13.240052766281623,8.461973809149415,14.519426584243774
-13.240052766281623,8.461973809149415,14.519426584243774
-13.240052766281623,8.461973809149415,14.519426584243774
-13.240052766281623,8.461973809149415,14.519426584243774
-13.240052766281623,8.461973809149415,14.519426584243774
-13.202970031578982,8.41739107521337,14.519426584243774
-13.202970031578982,8.41739107521337,14.519426584243774
-13.202970031578982,8.41739107521337,14.519426584243774
-13.202970031578982,8.41739107521337,14.519426584243774
-13.202970031578982,8.41739107521337,14.519426584243774
-13.202970031578982,8.41739107521337,14.519426584243774
-13.202970031578982,8.41739107521337,14.519426584243774
-13.202970031578982,8.41739107521337,14.519426584243774
-13.202970031578982,8.41739107521337,14.519426584243774
-13.202970031578982,8.41739107521337,14.519426584243774
-13.202970031578982,8.41739107521337,14.519426584243774
-13.168635463350505,8.367054448944895,14.519426584243774
-13.168635463350505,8.367054448944895,14.519426584243774
-13.168635463350505,8.367054448944895,14.519426584243774
-13.168635463350505,8.367054448944895,14.519426584243774
-13.168635463350505,8.367054448944895,14.519426584243774
-13.168635463350505,8.367054448944895,14.519426584243774
-13.168635463350505,8.367054448944895,14.519426584243774
-13.168635463350505,8.367054448944895,14.519426584243774
-13.168635463350505,8.367054448944895,14.519426584243774
-13.168635463350505,8.367054448944895,14.519426584243774
-13.168635463350505,8.367054448944895,14.519426584243774
-13.122418037465927,8.28275965775892,14.519426584243774
-13.122418037465927,8.28275965775892,14.519426584243774
-13.122418037465927,8.28275965775892,14.519426584243774
-13.122418037465927,8.28275965775892,14.519426584243774
-13.122418037465927,8.28275965775892,14.519426584243774
-13.122418037465927,8.28275965775892,14.519426584243774
-13.122418037465927,8.28275965775892,14.519426584243774
-13.122418037465927,8.28275965775892,14.519426584243774
-13.122418037465927,8.28275965775892,14.519426584243774
-13.122418037465927,8.28275965775892,14.519426584243774
-13.080814619142831,8.189300862085084,14.519426584243774
-13.080814619142831,8.189300862085084,14.519426584243774
-13.080814619142831,8.189300862085084,14.519426584243774
-13.080814619142831,8.189300862085084,14.519426584243774
-13.080814619142831,8.189300862085084,14.519426584243774
-13.080814619142831,8.189300862085084,14.519426584243774
-13.080814619142831,8.189300862085084,14.519426584243774
-13.080814619142831,8.189300862085084,14.519426584243774
-13.080814619142831,8.189300862085084,14.519426584243774
-13.080814619142831,8.189300862085084,14.519426584243774
-13.080814619142831,8.189300862085084,14.519426584243774
-13.080814619142831,8.189300862085084,14.519426584243774
-13.080814619142831,8.189300862085084,14.519426584243774
-13.080814619142831,8.189300862085084,14.519426584243774
-13.066315946393749,8.165352336692719,14.519426584243774
-13.066315946393749,8.165352336692719,14.519426584243774
-13.066315946393749,8.165352336692719,14.519426584243774
-13.066315946393749,8.165352336692719,14.519426584243774
-13.066315946393749,8.165352336692719,14.519426584243774
-13.066315946393749,8.165352336692719,14.519426584243774
-13.066315946393749,8.165352336692719,14.519426584243774
-13.066315946393749,8.165352336692719,14.519426584243774
-13.066315946393749,8.165352336692719,14.519426584243774
-13.023208119671331,8.105691754187418,14.519426584243774
-13.023208119671331,8.105691754187418,14.519426584243774
-13.023208119671331,8.105691754187418,14.519426584243774
-13.023208119671331,8.105691754187418,14.519426584243774
-13.023208119671331,8.105691754187418,14.519426584243774
-13.023208119671331,8.105691754187418,14.519426584243774
-13.023208119671331,8.105691754187418,14.519426584243774
-13.023208119671331,8.105691754187418,14.519426584243774
-13.023208119671331,8.105691754187418,14.519426584243774
-13.023208119671331,8.105691754187418,14.519426584243774
-12.966405718013723,8.072667150915098,14.519426584243774
-12.966405718013723,8.072667150915098,14.519426584243774
-12.966405718013723,8.072667150915098,14.519426584243774
-12.966405718013723,8.072667150915098,14.519426584243774
-12.966405718013723,8.072667150915098,14.519426584243774
-12.966405718013723,8.072667150915098,14.519426584243774
-12.966405718013723,8.072667150915098,14.519426584243774
-12.966405718013723,8.072667150915098,14.519426584243774
-12.966405718013723,8.072667150915098,14.519426584243774
-12.968072050087919,8.012753583085683,14.519426584243774
-12.968072050087919,8.012753583085683,14.519426584243774
-12.968072050087919,8.012753583085683,14.519426584243774
-12.968072050087919,8.012753583085683,14.519426584243774
-12.968072050087919,8.012753583085683,14.519426584243774
-12.968072050087919,8.012753583085683,14.519426584243774
-12.968072050087919,8.012753583085683,14.519426584243774
-12.968072050087919,8.012753583085683,14.519426584243774
-12.968072050087919,8.012753583085683,14.519426584243774
-12.968072050087919,8.012753583085683,14.519426584243774
-12.968072050087919,8.012753583085683,14.519426584243774
-12.919098562822036,8.061723950488332,14.519426584243774
-12.919098562822036,8.061723950488332,14.519426584243774
-12.919098562822036,8.061723950488332,14.519426584243774
-12.919098562822036,8.061723950488332,14.519426584243774
-12.919098562822036,8.061723950488332,14.519426584243774
-12.919098562822036,8.061723950488332,14.519426584243774
-12.919098562822036,8.061723950488332,14.519426584243774
-12.919098562822036,8.061723950488332,14.519426584243774
-12.919098562822036,8.061723950488332,14.519426584243774
-12.919098562822036,8.061723950488332,14.519426584243774
-12.919098562822036,8.061723950488332,14.519426584243774
-12.919098562822036,8.061723950488332,14.519426584243774
-12.881899731277207,8.071533885855088,14.519426584243774
-12.881899731277207,8.071533885855088,14.519426584243774
-12.881899731277207,8.071533885855088,14.519426584243774
-12.881899731277207,8.071533885855088,14.519426584243774
-12.881899731277207,8.071533885855088,14.519426584243774
-12.881899731277207,8.071533885855088,14.519426584243774
-12.881899731277207,8.071533885855088,14.519426584243774
-12.881899731277207,8.071533885855088,14.519426584243774
-12.881899731277207,8.071533885855088,14.519426584243774
-12.881899731277207,8.071533885855088,14.519426584243774
-12.881899731277207,8.071533885855088,14.519426584243774
-12.858999598895773,8.092453374480328,14.519426584243774
-12.858999598895773,8.092453374480328,14.519426584243774
-12.858999598895773,8.092453374480328,14.519426584243774
-12.858999598895773,8.092453374480328,14.519426584243774
-12.858999598895773,8.092453374480328,14.519426584243774
-12.858999598895773,8.092453374480328,14.519426584243774
-12.858999598895773,8.092453374480328,14.519426584243774
-12.858999598895773,8.092453374480328,14.519426584243774
-12.858999598895773,8.092453374480328,14.519426584243774
-12.850075545625904,8.06910934368253,14.519426584243774
-12.850075545625904,8.06910934368253,14.519426584243774
-12.850075545625904,8.06910934368253,14.519426584243774
-12.850075545625904,8.06910934368253,14.519426584243774
-12.850075545625904,8.06910934368253,14.519426584243774
-12.850075545625904,8.06910934368253,14.519426584243774
-12.791897637931589,8.111126009948734,14.519426584243774
-12.791897637931589,8.111126009948734,14.519426584243774
-12.791897637931589,8.111126009948734,14.519426584243774
-12.791897637931589,8.111126009948734,14.519426584243774
-12.791897637931589,8.111126009948734,14.519426584243774
-12.791897637931589,8.111126009948734,14.519426584243774
-12.791897637931589,8.111126009948734,14.519426584243774
-12.763770066716791,8.10750833516177,14.519426584243774
-12.763770066716791,8.10750833516177,14.519426584243774
-12.763770066716791,8.10750833516177,14.519426584243774
-12.763770066716791,8.10750833516177,14.519426584243774
-12.763770066716791,8.10750833516177,14.519426584243774
-12.763770066716791,8.10750833516177,14.519426584243774
-12.763770066716791,8.10750833516177,14.519426584243774
-12.76157399878435,8.082178549306738,14.519426584243774
-12.76157399878435,8.082178549306738,14.519426584243774
-12.76157399878435,8.082178549306738,14.519426584243774
-12.76157399878435,8.082178549306738,14.519426584243774
-12.76157399878435,8.082178549306738,14.519426584243774
-12.76157399878435,8.082178549306738,14.519426584243774
-12.728646378276226,8.061891506340112,14.519426584243774
-12.728646378276226,8.061891506340112,14.519426584243774
-12.728646378276226,8.061891506340112,14.519426584243774
-12.728646378276226,8.061891506340112,14.519426584243774
-12.728646378276226,8.061891506340112,14.519426584243774
-12.728646378276226,8.061891506340112,14.519426584243774
-12.732316852724209,8.06265861321363,14.519426584243774
-12.732316852724209,8.06265861321363,14.519426584243774
-12.732316852724209,8.06265861321363,14.519426584243774
-12.732316852724209,8.06265861321363,14.519426584243774
-12.732316852724209,8.06265861321363,14.519426584243774
-12.732316852724209,8.06265861321363,14.519426584243774
-12.732316852724209,8.06265861321363,14.519426584243774
-12.739782039751287,8.07375919046494,14.519426584243774
-12.739782039751287,8.07375919046494,14.519426584243774
-12.739782039751287,8.07375919046494,14.519426584243774
-12.739782039751287,8.07375919046494,14.519426584243774
-12.739782039751287,8.07375919046494,14.519426584243774
-12.739782039751287,8.07375919046494,14.519426584243774
-12.739782039751287,8.07375919046494,14.519426584243774
-12.739782039751287,8.07375919046494,14.519426584243774
-12.739782039751287,8.07375919046494,14.519426584243774
-12.739782039751287,8.07375919046494,14.519426584243774
-12.732994275594617,8.080854740656125,14.519426584243774
-12.732994275594617,8.080854740656125,14.519426584243774
-12.732994275594617,8.080854740656125,14.519426584243774
-12.732994275594617,8.080854740656125,14.519426584243774
-12.732994275594617,8.080854740656125,14.519426584243774
-12.732994275594617,8.080854740656125,14.519426584243774
-12.732994275594617,8.080854740656125,14.519426584243774
-12.732994275594617,8.080854740656125,14.519426584243774
-12.703459146063201,8.09418979103037,14.519426584243774
-12.703459146063201,8.09418979103037,14.519426584243774
-12.703459146063201,8.09418979103037,14.519426584243774
-12.703459146063201,8.09418979103037,14.519426584243774
-12.703459146063201,8.09418979103037,14.519426584243774
-12.703459146063201,8.09418979103037,14.519426584243774
-12.703459146063201,8.09418979103037,14.519426584243774
-12.703459146063201,8.09418979103037,14.519426584243774
-12.703459146063201,8.09418979103037,14.519426584243774
-12.686474280409332,8.087100348047072,14.519426584243774
-12.686474280409332,8.087100348047072,14.519426584243774
-12.686474280409332,8.087100348047072,14.519426584243774
-12.686474280409332,8.087100348047072,14.519426584243774
-12.686474280409332,8.087100348047072,14.519426584243774
-12.686474280409332,8.087100348047072,14.519426584243774
-12.686474280409332,8.087100348047072,14.519426584243774
-12.686474280409332,8.087100348047072,14.519426584243774
-12.686474280409332,8.087100348047072,14.519426584243774
-12.686474280409332,8.087100348047072,14.519426584243774
-12.686474280409332,8.087100348047072,14.519426584243774
-12.686474280409332,8.087100348047072,14.519426584243774
-12.686474280409332,8.087100348047072,14.519426584243774
-12.639351959445674,8.06183484341215,14.519426584243774
-12.639351959445674,8.06183484341215,14.519426584243774
-12.639351959445674,8.06183484341215,14.519426584243774
-12.639351959445674,8.06183484341215,14.519426584243774
-12.639351959445674,8.06183484341215,14.519426584243774
-12.639351959445674,8.06183484341215,14.519426584243774
-12.639351959445674,8.06183484341215,14.519426584243774
-12.639351959445674,8.06183484341215,14.519426584243774
-12.639351959445674,8.06183484341215,14.519426584243774
-12.59262728781349,8.056591547432133,14.519426584243774
-12.59262728781349,8.056591547432133,14.519426584243774
-12.59262728781349,8.056591547432133,14.519426584243774
-12.59262728781349,8.056591547432133,14.519426584243774
-12.59262728781349,8.056591547432133,14.519426584243774
-12.59262728781349,8.056591547432133,14.519426584243774
-12.59262728781349,8.056591547432133,14.519426584243774
-12.59262728781349,8.056591547432133,14.519426584243774
-12.59262728781349,8.056591547432133,14.519426584243774
-12.553796435881077,8.036495631251082,14.519426584243774
-12.553796435881077,8.036495631251082,14.519426584243774
-12.553796435881077,8.036495631251082,14.519426584243774
-12.553796435881077,8.036495631251082,14.519426584243774
-12.553796435881077,8.036495631251082,14.519426584243774
-12.553796435881077,8.036495631251082,14.519426584243774
-12.553796435881077,8.036495631251082,14.519426584243774
-12.553796435881077,8.036495631251082,14.519426584243774
-12.553796435881077,8.036495631251082,14.519426584243774
-12.53539487785466,8.03629267774097,14.519426584243774
-12.53539487785466,8.03629267774097,14.519426584243774
-12.53539487785466,8.03629267774097,14.519426584243774
-12.53539487785466,8.03629267774097,14.519426584243774
-12.53539487785466,8.03629267774097,14.519426584243774
-12.534421663163574,8.047233148657602,14.519426584243774
-12.534421663163574,8.047233148657602,14.519426584243774
-12.534421663163574,8.047233148657602,14.519426584243774
-12.534421663163574,8.047233148657602,14.519426584243774
-12.534421663163574,8.047233148657602,14.519426584243774
-12.533628864158274,8.038380918405739,14.519426584243774
-12.533628864158274,8.038380918405739,14.519426584243774
-12.533628864158274,8.038380918405739,14.519426584243774
-12.533628864158274,8.038380918405739,14.519426584243774
-12.533628864158274,8.038380918405739,14.519426584243774
-12.533994851342637,8.036481979386517,14.519426584243774
-12.533994851342637,8.036481979386517,14.519426584243774
-12.533994851342637,8.036481979386517,14.519426584243774
-12.533994851342637,8.036481979386517,14.519426584243774
-12.533994851342637,8.036481979386517,14.519426584243774
-12.544584686456945,8.057073096893538,14.519426584243774
-12.544584686456945,8.057073096893538,14.519426584243774
-12.544584686456945,8.057073096893538,14.519426584243774
-12.544584686456945,8.057073096893538,14.519426584243774
-12.544584686456945,8.057073096893538,14.519426584243774
-12.544584686456945,8.057073096893538,14.519426584243774
-12.520463679004893,8.046605774234651,14.519426584243774
-12.520463679004893,8.046605774234651,14.519426584243774
-12.520463679004893,8.046605774234651,14.519426584243774
-12.520463679004893,8.046605774234651,14.519426584243774
-12.520463679004893,8.046605774234651,14.519426584243774
-12.523948154980227,8.049775231338183,14.519426584243774
-12.523948154980227,8.049775231338183,14.519426584243774
-12.523948154980227,8.049775231338183,14.519426584243774
-12.523948154980227,8.049775231338183,14.519426584243774
-12.523948154980227,8.049775231338183,14.519426584243774
-12.523948154980227,8.049775231338183,14.519426584243774
-12.529736673318,8.065772658054303,14.519426584243774
-12.529736673318,8.065772658054303,14.519426584243774
-12.529736673318,8.065772658054303,14.519426584243774
-12.529736673318,8.065772658054303,14.519426584243774
-12.529736673318,8.065772658054303,14.519426584243774
-12.529736673318,8.065772658054303,14.519426584243774
-12.529736673318,8.065772658054303,14.519426584243774
-12.529736673318,8.065772658054303,14.519426584243774
-12.529736673318,8.065772658054303,14.519426584243774
-12.53968603715749,8.079331714036785,14.519426584243774
-12.53968603715749,8.079331714036785,14.519426584243774
-12.53968603715749,8.079331714036785,14.519426584243774
-12.53968603715749,8.079331714036785,14.519426584243774
-12.53968603715749,8.079331714036785,14.519426584243774
-12.53968603715749,8.079331714036785,14.519426584243774
-12.53968603715749,8.079331714036785,14.519426584243774
-12.53968603715749,8.079331714036785,14.519426584243774
-12.53968603715749,8.079331714036785,14.519426584243774
-12.534881163555701,8.072635254749317,14.519426584243774
-12.534881163555701,8.072635254749317,14.519426584243774
-12.534881163555701,8.072635254749317,14.519426584243774
-12.534881163555701,8.072635254749317,14.519426584243774
-12.534881163555701,8.072635254749317,14.519426584243774
-12.534881163555701,8.072635254749317,14.519426584243774
-12.534881163555701,8.072635254749317,14.519426584243774
-12.534881163555701,8.072635254749317,14.519426584243774
-12.511215335372992,8.076047583739136,14.519426584243774
-12.511215335372992,8.076047583739136,14.519426584243774
-12.511215335372992,8.076047583739136,14.519426584243774
-12.511215335372992,8.076047583739136,14.519426584243774
-12.511215335372992,8.076047583739136,14.519426584243774
-12.511215335372992,8.076047583739136,14.519426584243774
-12.511215335372992,8.076047583739136,14.519426584243774
-12.511215335372992,8.076047583739136,14.519426584243774
-12.508257379443668,8.068174815570252,14.519426584243774
-12.508257379443668,8.068174815570252,14.519426584243774
-12.508257379443668,8.068174815570252,14.519426584243774
-12.508257379443668,8.068174815570252,14.519426584243774
-12.508257379443668,8.068174815570252,14.519426584243774
-12.508257379443668,8.068174815570252,14.519426584243774
-12.471635367243172,8.075463792172167,14.519426584243774
-12.471635367243172,8.075463792172167,14.519426584243774
-12.471635367243172,8.075463792172167,14.519426584243774
-12.471635367243172,8.075463792172167,14.519426584243774
-12.471635367243172,8.075463792172167,14.519426584243774
-12.471635367243172,8.075463792172167,14.519426584243774
-12.449528459381447,8.079981545639292,14.519426584243774
-12.449528459381447,8.079981545639292,14.519426584243774
-12.449528459381447,8.079981545639292,14.519426584243774
-12.449528459381447,8.079981545639292,14.519426584243774
-12.449528459381447,8.079981545639292,14.519426584243774
-12.449528459381447,8.079981545639292,14.519426584243774
-12.450895686330604,8.082045951525586,14.519426584243774
-12.450895686330604,8.082045951525586,14.519426584243774
-12.450895686330604,8.082045951525586,14.519426584243774
-12.450895686330604,8.082045951525586,14.519426584243774
-12.450895686330604,8.082045951525586,14.519426584243774
-12.450895686330604,8.082045951525586,14.519426584243774
-12.439286190215757,8.071596776708146,14.519426584243774
-12.439286190215757,8.071596776708146,14.519426584243774
-12.439286190215757,8.071596776708146,14.519426584243774
-12.439286190215757,8.071596776708146,14.519426584243774
-12.439286190215757,8.071596776708146,14.519426584243774
-12.415158889024458,8.04966401081072,14.519426584243774
-12.415158889024458,8.04966401081072,14.519426584243774
-12.415158889024458,8.04966401081072,14.519426584243774
-12.415158889024458,8.04966401081072,14.519426584243774
-12.415158889024458,8.04966401081072,14.519426584243774
-12.415158889024458,8.04966401081072,14.519426584243774
-12.415158889024458,8.04966401081072,14.519426584243774
-12.415158889024458,8.04966401081072,14.519426584243774
-12.415158889024458,8.04966401081072,14.519426584243774
-12.415158889024458,8.04966401081072,14.519426584243774
-12.44548569811972,8.062776358304086,14.519426584243774
-12.44548569811972,8.062776358304086,14.519426584243774
-12.44548569811972,8.062776358304086,14.519426584243774
-12.44548569811972,8.062776358304086,14.519426584243774
-12.44548569811972,8.062776358304086,14.519426584243774
-12.44548569811972,8.062776358304086,14.519426584243774
-12.370047832972933,8.035212675469223,14.519426584243774
-12.370047832972933,8.035212675469223,14.519426584243774
-12.370047832972933,8.035212675469223,14.519426584243774
-12.370047832972933,8.035212675469223,14.519426584243774
-12.370047832972933,8.035212675469223,14.519426584243774
-12.370047832972933,8.035212675469223,14.519426584243774
-12.370047832972933,8.035212675469223,14.519426584243774
-12.356082162596202,8.032238303335117,14.519426584243774
-12.356082162596202,8.032238303335117,14.519426584243774
-12.356082162596202,8.032238303335117,14.519426584243774
-12.356082162596202,8.032238303335117,14.519426584243774
-12.356082162596202,8.032238303335117,14.519426584243774
-12.356082162596202,8.032238303335117,14.519426584243774
-12.348165154960531,8.023444162519993,14.519426584243774
-12.348165154960531,8.023444162519993,14.519426584243774
-12.348165154960531,8.023444162519993,14.519426584243774
-12.348165154960531,8.023444162519993,14.519426584243774
-12.348165154960531,8.023444162519993,14.519426584243774
-12.348165154960531,8.023444162519993,14.519426584243774
-12.362777547350209,8.03204042135656,14.519426584243774
-12.362777547350209,8.03204042135656,14.519426584243774
-12.362777547350209,8.03204042135656,14.519426584243774
-12.362777547350209,8.03204042135656,14.519426584243774
-12.362777547350209,8.03204042135656,14.519426584243774
-12.362777547350209,8.03204042135656,14.519426584243774
-12.357724354601118,8.018308587890811,14.519426584243774
-12.357724354601118,8.018308587890811,14.519426584243774
-12.357724354601118,8.018308587890811,14.519426584243774
-12.357724354601118,8.018308587890811,14.519426584243774
-12.357724354601118,8.018308587890811,14.519426584243774
-12.357724354601118,8.018308587890811,14.519426584243774
-12.316393286489872,8.005125763922933,14.519426584243774
-12.316393286489872,8.005125763922933,14.519426584243774
-12.316393286489872,8.005125763922933,14.519426584243774
-12.316393286489872,8.005125763922933,14.519426584243774
-12.316393286489872,8.005125763922933,14.519426584243774
-12.316393286489872,8.005125763922933,14.519426584243774
-12.32528896722934,8.031473222607897,14.519426584243774
-12.32528896722934,8.031473222607897,14.519426584243774
-12.32528896722934,8.031473222607897,14.519426584243774
-12.32528896722934,8.031473222607897,14.519426584243774
-12.32528896722934,8.031473222607897,14.519426584243774
-12.32528896722934,8.031473222607897,14.519426584243774
-12.32528896722934,8.031473222607897,14.519426584243774
-12.32528896722934,8.031473222607897,14.519426584243774
-12.32528896722934,8.031473222607897,14.519426584243774
-12.32528896722934,8.031473222607897,14.519426584243774
-12.32528896722934,8.031473222607897,14.519426584243774
-12.32528896722934,8.031473222607897,14.519426584243774
-12.35427207280384,8.040255138594349,14.519426584243774
-12.35427207280384,8.040255138594349,14.519426584243774
-12.35427207280384,8.040255138594349,14.519426584243774
-12.35427207280384,8.040255138594349,14.519426584243774
-12.35427207280384,8.040255138594349,14.519426584243774
-12.35427207280384,8.040255138594349,14.519426584243774
-12.35427207280384,8.040255138594349,14.519426584243774
-12.35427207280384,8.040255138594349,14.519426584243774
-12.35427207280384,8.040255138594349,14.519426584243774
-12.35427207280384,8.040255138594349,14.519426584243774
-12.35427207280384,8.040255138594349,14.519426584243774
-12.35427207280384,8.040255138594349,14.519426584243774
-12.35427207280384,8.040255138594349,14.519426584243774
-12.333405465768013,8.042541027607104,14.519426584243774
-12.333405465768013,8.042541027607104,14.519426584243774
-12.333405465768013,8.042541027607104,14.519426584243774
-12.333405465768013,8.042541027607104,14.519426584243774
-12.333405465768013,8.042541027607104,14.519426584243774
-12.333405465768013,8.042541027607104,14.519426584243774
-12.333405465768013,8.042541027607104,14.519426584243774
-12.333405465768013,8.042541027607104,14.519426584243774
-12.333405465768013,8.042541027607104,14.519426584243774
-12.293455788358001,8.01586532789121,14.519426584243774
-12.293455788358001,8.01586532789121,14.519426584243774
-12.293455788358001,8.01586532789121,14.519426584243774
-12.293455788358001,8.01586532789121,14.519426584243774
-12.293455788358001,8.01586532789121,14.519426584243774
-12.293455788358001,8.01586532789121,14.519426584243774
-12.293455788358001,8.01586532789121,14.519426584243774
-12.293455788358001,8.01586532789121,14.519426584243774
-12.293455788358001,8.01586532789121,14.519426584243774
-12.310312281624405,8.02666150269677,14.519426584243774
-12.310312281624405,8.02666150269677,14.519426584243774
-12.310312281624405,8.02666150269677,14.519426584243774
-12.310312281624405,8.02666150269677,14.519426584243774
-12.310312281624405,8.02666150269677,14.519426584243774
-12.310312281624405,8.02666150269677,14.519426584243774
-12.310312281624405,8.02666150269677,14.519426584243774
-12.309350871407917,8.035919391270944,14.519426584243774
-12.309350871407917,8.035919391270944,14.519426584243774
-12.309350871407917,8.035919391270944,14.519426584243774
-12.309350871407917,8.035919391270944,14.519426584243774
-12.309350871407917,8.035919391270944,14.519426584243774
-12.309350871407917,8.035919391270944,14.519426584243774
-12.309350871407917,8.035919391270944,14.519426584243774
-12.309350871407917,8.035919391270944,14.519426584243774
-12.309350871407917,8.035919391270944,14.519426584243774
-12.309350871407917,8.035919391270944,14.519426584243774
-12.299981307960856,8.036365771645006,14.519426584243774
-12.299981307960856,8.036365771645006,14.519426584243774
-12.299981307960856,8.036365771645006,14.519426584243774
-12.299981307960856,8.036365771645006,14.519426584243774
-12.299981307960856,8.036365771645006,14.519426584243774
-12.299981307960856,8.036365771645006,14.519426584243774
-12.299981307960856,8.036365771645006,14.519426584243774
-12.299981307960856,8.036365771645006,14.519426584243774
-12.299981307960856,8.036365771645006,14.519426584243774
-12.299981307960856,8.036365771645006,14.519426584243774
-12.299981307960856,8.036365771645006,14.519426584243774
-12.28021732483895,8.016653270398667,14.519426584243774
-12.28021732483895,8.016653270398667,14.519426584243774
-12.28021732483895,8.016653270398667,14.519426584243774
-12.28021732483895,8.016653270398667,14.519426584243774
-12.28021732483895,8.016653270398667,14.519426584243774
-12.28021732483895,8.016653270398667,14.519426584243774
-12.28021732483895,8.016653270398667,14.519426584243774
-12.28021732483895,8.016653270398667,14.519426584243774
-12.28021732483895,8.016653270398667,14.519426584243774
-12.28021732483895,8.016653270398667,14.519426584243774
-12.28021732483895,8.016653270398667,14.519426584243774
-12.28021732483895,8.016653270398667,14.519426584243774
-12.28021732483895,8.016653270398667,14.519426584243774
-12.28021732483895,8.016653270398667,14.519426584243774
-12.28021732483895,8.016653270398667,14.519426584243774
-12.28021732483895,8.016653270398667,14.519426584243774
-12.286602155944712,8.029765280957458,14.519426584243774
-12.286602155944712,8.029765280957458,14.519426584243774
-12.286602155944712,8.029765280957458,14.519426584243774
-12.286602155944712,8.029765280957458,14.519426584243774
-12.286602155944712,8.029765280957458,14.519426584243774
-12.286602155944712,8.029765280957458,14.519426584243774
-12.286602155944712,8.029765280957458,14.519426584243774
-12.286602155944712,8.029765280957458,14.519426584243774
-12.286602155944712,8.029765280957458,14.519426584243774
-12.286602155944712,8.029765280957458,14.519426584243774
-12.286602155944712,8.029765280957458,14.519426584243774
-12.287948467333269,8.04060945673228,14.519426584243774
-12.287948467333269,8.04060945673228,14.519426584243774
-12.287948467333269,8.04060945673228,14.519426584243774
-12.287948467333269,8.04060945673228,14.519426584243774
-12.287948467333269,8.04060945673228,14.519426584243774
-12.287948467333269,8.04060945673228,14.519426584243774
-12.287948467333269,8.04060945673228,14.519426584243774
-12.287948467333269,8.04060945673228,14.519426584243774
-12.287948467333269,8.04060945673228,14.519426584243774
-12.287948467333269,8.04060945673228,14.519426584243774
-12.287948467333269,8.04060945673228,14.519426584243774
-12.287948467333269,8.04060945673228,14.519426584243774
-12.278661890625322,8.039481352586682,14.519426584243774
-12.278661890625322,8.039481352586682,14.519426584243774
-12.278661890625322,8.039481352586682,14.519426584243774
-12.278661890625322,8.039481352586682,14.519426584243774
-12.278661890625322,8.039481352586682,14.519426584243774
-12.278661890625322,8.039481352586682,14.519426584243774
-12.278661890625322,8.039481352586682,14.519426584243774
-12.278661890625322,8.039481352586682,14.519426584243774
-12.278661890625322,8.039481352586682,14.519426584243774
-12.278661890625322,8.039481352586682,14.519426584243774
-12.278661890625322,8.039481352586682,14.519426584243774
-12.273026416784269,8.039487954664084,14.519426584243774
-12.273026416784269,8.039487954664084,14.519426584243774
-12.273026416784269,8.039487954664084,14.519426584243774
-12.273026416784269,8.039487954664084,14.519426584243774
-12.273026416784269,8.039487954664084,14.519426584243774
-12.273026416784269,8.039487954664084,14.519426584243774
-12.28083202263366,8.048503726665768,14.519426584243774
-12.28083202263366,8.048503726665768,14.519426584243774
-12.28083202263366,8.048503726665768,14.519426584243774
-12.28083202263366,8.048503726665768,14.519426584243774
-12.28083202263366,8.048503726665768,14.519426584243774
-12.28083202263366,8.048503726665768,14.519426584243774
-12.28083202263366,8.048503726665768,14.519426584243774
-12.28083202263366,8.048503726665768,14.519426584243774
-12.28083202263366,8.048503726665768,14.519426584243774
-12.28083202263366,8.048503726665768,14.519426584243774
-12.28083202263366,8.048503726665768,14.519426584243774
-12.28083202263366,8.048503726665768,14.519426584243774
-12.28083202263366,8.048503726665768,14.519426584243774
-12.28083202263366,8.048503726665768,14.519426584243774
-12.28083202263366,8.048503726665768,14.519426584243774
-12.28083202263366,8.048503726665768,14.519426584243774
-12.28083202263366,8.048503726665768,14.519426584243774
-12.283238442474616,8.050704646667446,14.519426584243774
-12.283238442474616,8.050704646667446,14.519426584243774
-12.283238442474616,8.050704646667446,14.519426584243774
-12.283238442474616,8.050704646667446,14.519426584243774
-12.283238442474616,8.050704646667446,14.519426584243774
-12.283238442474616,8.050704646667446,14.519426584243774
-12.283238442474616,8.050704646667446,14.519426584243774
-12.283238442474616,8.050704646667446,14.519426584243774
-12.283238442474616,8.050704646667446,14.519426584243774
-12.283238442474616,8.050704646667446,14.519426584243774
-12.283238442474616,8.050704646667446,14.519426584243774
-12.283238442474616,8.050704646667446,14.519426584243774
-12.241676500591936,8.045137795967054,14.519426584243774
-12.241676500591936,8.045137795967054,14.519426584243774
-12.241676500591936,8.045137795967054,14.519426584243774
-12.241676500591936,8.045137795967054,14.519426584243774
-12.241676500591936,8.045137795967054,14.519426584243774
-12.241676500591936,8.045137795967054,14.519426584243774
-12.241676500591936,8.045137795967054,14.519426584243774
-12.218854259406823,8.059059076855212,14.519426584243774
-12.218854259406823,8.059059076855212,14.519426584243774
-12.218854259406823,8.059059076855212,14.519426584243774
-12.218854259406823,8.059059076855212,14.519426584243774
-12.218854259406823,8.059059076855212,14.519426584243774
-12.218854259406823,8.059059076855212,14.519426584243774
-12.218854259406823,8.059059076855212,14.519426584243774
-12.218854259406823,8.059059076855212,14.519426584243774
-12.208534382532953,8.059625120014035,14.519426584243774
-12.208534382532953,8.059625120014035,14.519426584243774
-12.208534382532953,8.059625120014035,14.519426584243774
-12.208534382532953,8.059625120014035,14.519426584243774
-12.208534382532953,8.059625120014035,14.519426584243774
-12.208534382532953,8.059625120014035,14.519426584243774
-12.208534382532953,8.059625120014035,14.519426584243774
-12.207996322037156,8.063794061867982,14.519426584243774
-12.207996322037156,8.063794061867982,14.519426584243774
-12.207996322037156,8.063794061867982,14.519426584243774
-12.207996322037156,8.063794061867982,14.519426584243774
-12.207996322037156,8.063794061867982,14.519426584243774
-12.207996322037156,8.063794061867982,14.519426584243774
-12.207996322037156,8.063794061867982,14.519426584243774
-12.187178300590226,8.04369148174579,14.519426584243774
-12.187178300590226,8.04369148174579,14.519426584243774
-12.187178300590226,8.04369148174579,14.519426584243774
-12.187178300590226,8.04369148174579,14.519426584243774
-12.187178300590226,8.04369148174579,14.519426584243774
-12.187178300590226,8.04369148174579,14.519426584243774
-12.187178300590226,8.04369148174579,14.519426584243774
-12.187178300590226,8.04369148174579,14.519426584243774
-12.16616274532882,8.026943375060286,14.519426584243774
-12.16616274532882,8.026943375060286,14.519426584243774
-12.16616274532882,8.026943375060286,14.519426584243774
-12.16616274532882,8.026943375060286,14.519426584243774
-12.16616274532882,8.026943375060286,14.519426584243774
-12.16616274532882,8.026943375060286,14.519426584243774
-12.16616274532882,8.026943375060286,14.519426584243774
-12.16616274532882,8.026943375060286,14.519426584243774
-12.16616274532882,8.026943375060286,14.519426584243774
-12.16616274532882,8.026943375060286,14.519426584243774
-12.16616274532882,8.026943375060286,14.519426584243774
-12.16616274532882,8.026943375060286,14.519426584243774
-12.16616274532882,8.026943375060286,14.519426584243774
-12.176798491960803,8.040300849957644,14.519426584243774
-12.176798491960803,8.040300849957644,14.519426584243774
-12.176798491960803,8.040300849957644,14.519426584243774
-12.176798491960803,8.040300849957644,14.519426584243774
-12.176798491960803,8.040300849957644,14.519426584243774
-12.176798491960803,8.040300849957644,14.519426584243774
-12.176798491960803,8.040300849957644,14.519426584243774
-12.176798491960803,8.040300849957644,14.519426584243774
-12.176798491960803,8.040300849957644,14.519426584243774
-12.176798491960803,8.040300849957644,14.519426584243774
-12.176798491960803,8.040300849957644,14.519426584243774
-12.176798491960803,8.040300849957644,14.519426584243774
-12.181144627464136,8.047744192739145,14.519426584243774
-12.181144627464136,8.047744192739145,14.519426584243774
-12.181144627464136,8.047744192739145,14.519426584243774
-12.181144627464136,8.047744192739145,14.519426584243774
-12.181144627464136,8.047744192739145,14.519426584243774
-12.181144627464136,8.047744192739145,14.519426584243774
-12.181144627464136,8.047744192739145,14.519426584243774
-12.181144627464136,8.047744192739145,14.519426584243774
-12.181144627464136,8.047744192739145,14.519426584243774
-12.181144627464136,8.047744192739145,14.519426584243774
-12.181144627464136,8.047744192739145,14.519426584243774
-12.181144627464136,8.047744192739145,14.519426584243774
-12.181144627464136,8.047744192739145,14.519426584243774
-12.154171682070059,8.031677349796656,14.519426584243774
-12.154171682070059,8.031677349796656,14.519426584243774
-12.154171682070059,8.031677349796656,14.519426584243774
-12.154171682070059,8.031677349796656,14.519426584243774
-12.154171682070059,8.031677349796656,14.519426584243774
-12.154171682070059,8.031677349796656,14.519426584243774
-12.154171682070059,8.031677349796656,14.519426584243774
-12.154171682070059,8.031677349796656,14.519426584243774
-12.154171682070059,8.031677349796656,14.519426584243774
-12.154171682070059,8.031677349796656,14.519426584243774
-12.154171682070059,8.031677349796656,14.519426584243774
-12.154171682070059,8.031677349796656,14.519426584243774
-12.154171682070059,8.031677349796656,14.519426584243774
-12.154171682070059,8.031677349796656,14.519426584243774
-12.154171682070059,8.031677349796656,14.519426584243774
-12.154171682070059,8.031677349796656,14.519426584243774
-12.153742103207932,8.03534060996182,14.519426584243774
-12.153742103207932,8.03534060996182,14.519426584243774
-12.153742103207932,8.03534060996182,14.519426584243774
-12.153742103207932,8.03534060996182,14.519426584243774
-12.153742103207932,8.03534060996182,14.519426584243774
-12.153742103207932,8.03534060996182,14.519426584243774
-12.153742103207932,8.03534060996182,14.519426584243774
-12.153742103207932,8.03534060996182,14.519426584243774
-12.153742103207932,8.03534060996182,14.519426584243774
-12.153742103207932,8.03534060996182,14.519426584243774
-12.153742103207932,8.03534060996182,14.519426584243774
-12.153742103207932,8.03534060996182,14.519426584243774
-12.153742103207932,8.03534060996182,14.519426584243774
-12.153742103207932,8.03534060996182,14.519426584243774
-12.148640653136555,8.037827101023158,14.519426584243774
-12.148640653136555,8.037827101023158,14.519426584243774
-12.148640653136555,8.037827101023158,14.519426584243774
-12.148640653136555,8.037827101023158,14.519426584243774
-12.148640653136555,8.037827101023158,14.519426584243774
-12.148640653136555,8.037827101023158,14.519426584243774
-12.148640653136555,8.037827101023158,14.519426584243774
-12.148640653136555,8.037827101023158,14.519426584243774
-12.148640653136555,8.037827101023158,14.519426584243774
-12.148640653136555,8.037827101023158,14.519426584243774
-12.148640653136555,8.037827101023158,14.519426584243774
-12.148640653136555,8.037827101023158,14.519426584243774
-13.62038821775856,5.395529739117437,14.519426584243774
-13.62038821775856,5.395529739117437,14.519426584243774
-13.62038821775856,5.395529739117437,14.519426584243774
-13.62038821775856,5.395529739117437,14.519426584243774
-13.62038821775856,5.395529739117437,14.519426584243774
-13.62038821775856,5.395529739117437,14.519426584243774
-13.62038821775856,5.395529739117437,14.519426584243774
-13.62038821775856,5.395529739117437,14.519426584243774
-13.62038821775856,5.395529739117437,14.519426584243774
-13.62038821775856,5.395529739117437,14.519426584243774
-13.62038821775856,5.395529739117437,14.519426584243774
-13.62038821775856,5.395529739117437,14.519426584243774
-13.62038821775856,5.395529739117437,14.519426584243774
-13.62038821775856,5.395529739117437,14.519426584243774
-13.62038821775856,5.395529739117437,14.519426584243774
-13.717683202854673,5.054297590972236,14.519426584243774
-13.717683202854673,5.054297590972236,14.519426584243774
-13.717683202854673,5.054297590972236,14.519426584243774
-13.717683202854673,5.054297590972236,14.519426584243774
-13.717683202854673,5.054297590972236,14.519426584243774
-13.717683202854673,5.054297590972236,14.519426584243774
-13.717683202854673,5.054297590972236,14.519426584243774
-13.717683202854673,5.054297590972236,14.519426584243774
-13.717683202854673,5.054297590972236,14.519426584243774
-13.717683202854673,5.054297590972236,14.519426584243774
-13.717683202854673,5.054297590972236,14.519426584243774
-13.717683202854673,5.054297590972236,14.519426584243774
-13.71027507049843,5.011763621490758,14.519426584243774
-13.71027507049843,5.011763621490758,14.519426584243774
-13.71027507049843,5.011763621490758,14.519426584243774
-13.71027507049843,5.011763621490758,14.519426584243774
-13.71027507049843,5.011763621490758,14.519426584243774
-13.71027507049843,5.011763621490758,14.519426584243774
-13.71027507049843,5.011763621490758,14.519426584243774
-13.71027507049843,5.011763621490758,14.519426584243774
-13.71027507049843,5.011763621490758,14.519426584243774
-13.71027507049843,5.011763621490758,14.519426584243774
-13.71027507049843,5.011763621490758,14.519426584243774
-13.71027507049843,5.011763621490758,14.519426584243774
-13.71027507049843,5.011763621490758,14.519426584243774
-13.757412453760775,4.959949167680289,14.519426584243774
-13.757412453760775,4.959949167680289,14.519426584243774
-13.757412453760775,4.959949167680289,14.519426584243774
-13.757412453760775,4.959949167680289,14.519426584243774
-13.757412453760775,4.959949167680289,14.519426584243774
-13.757412453760775,4.959949167680289,14.519426584243774
-13.757412453760775,4.959949167680289,14.519426584243774
-13.757412453760775,4.959949167680289,14.519426584243774
-13.757412453760775,4.959949167680289,14.519426584243774
-13.757412453760775,4.959949167680289,14.519426584243774
-13.757412453760775,4.959949167680289,14.519426584243774
-13.757412453760775,4.959949167680289,14.519426584243774
-13.757412453760775,4.959949167680289,14.519426584243774
-13.80384042582064,4.876252628496701,14.519426584243774
-13.80384042582064,4.876252628496701,14.519426584243774
-13.80384042582064,4.876252628496701,14.519426584243774
-13.80384042582064,4.876252628496701,14.519426584243774
-13.80384042582064,4.876252628496701,14.519426584243774
-13.80384042582064,4.876252628496701,14.519426584243774
-13.80384042582064,4.876252628496701,14.519426584243774
-13.80384042582064,4.876252628496701,14.519426584243774
-13.80384042582064,4.876252628496701,14.519426584243774
-13.80384042582064,4.876252628496701,14.519426584243774
-13.80384042582064,4.876252628496701,14.519426584243774
-13.853593675593403,4.7776722509680525,14.519426584243774
-13.853593675593403,4.7776722509680525,14.519426584243774
-13.853593675593403,4.7776722509680525,14.519426584243774
-13.853593675593403,4.7776722509680525,14.519426584243774
-13.853593675593403,4.7776722509680525,14.519426584243774
-13.853593675593403,4.7776722509680525,14.519426584243774
-13.853593675593403,4.7776722509680525,14.519426584243774
-13.853593675593403,4.7776722509680525,14.519426584243774
-13.853593675593403,4.7776722509680525,14.519426584243774
-13.853593675593403,4.7776722509680525,14.519426584243774
-13.853593675593403,4.7776722509680525,14.519426584243774
-13.853593675593403,4.7776722509680525,14.519426584243774
-13.853593675593403,4.7776722509680525,14.519426584243774
-13.853593675593403,4.7776722509680525,14.519426584243774
-13.853593675593403,4.7776722509680525,14.519426584243774
-13.882702793313415,4.691123462142662,14.519426584243774
-13.882702793313415,4.691123462142662,14.519426584243774
-13.882702793313415,4.691123462142662,14.519426584243774
-13.882702793313415,4.691123462142662,14.519426584243774
-13.882702793313415,4.691123462142662,14.519426584243774
-13.882702793313415,4.691123462142662,14.519426584243774
-13.882702793313415,4.691123462142662,14.519426584243774
-13.882702793313415,4.691123462142662,14.519426584243774
-13.882702793313415,4.691123462142662,14.519426584243774
-13.882702793313415,4.691123462142662,14.519426584243774
-13.882702793313415,4.691123462142662,14.519426584243774
-13.882702793313415,4.691123462142662,14.519426584243774
-13.882702793313415,4.691123462142662,14.519426584243774
-13.882702793313415,4.691123462142662,14.519426584243774
-13.918411832535085,4.555061205129995,14.519426584243774
-13.918411832535085,4.555061205129995,14.519426584243774
-13.918411832535085,4.555061205129995,14.519426584243774
-13.918411832535085,4.555061205129995,14.519426584243774
-13.918411832535085,4.555061205129995,14.519426584243774
-13.918411832535085,4.555061205129995,14.519426584243774
-13.918411832535085,4.555061205129995,14.519426584243774
-13.918411832535085,4.555061205129995,14.519426584243774
-13.918411832535085,4.555061205129995,14.519426584243774
-13.918411832535085,4.555061205129995,14.519426584243774
-13.965050819865155,4.38561834510856,14.519426584243774
-13.965050819865155,4.38561834510856,14.519426584243774
-13.965050819865155,4.38561834510856,14.519426584243774
-13.965050819865155,4.38561834510856,14.519426584243774
-13.965050819865155,4.38561834510856,14.519426584243774
-13.965050819865155,4.38561834510856,14.519426584243774
-13.965050819865155,4.38561834510856,14.519426584243774
-13.965050819865155,4.38561834510856,14.519426584243774
-13.965050819865155,4.38561834510856,14.519426584243774
-13.967513922508383,4.262198820143028,14.519426584243774
-13.967513922508383,4.262198820143028,14.519426584243774
-13.967513922508383,4.262198820143028,14.519426584243774
-13.967513922508383,4.262198820143028,14.519426584243774
-13.967513922508383,4.262198820143028,14.519426584243774
-13.967513922508383,4.262198820143028,14.519426584243774
-13.967513922508383,4.262198820143028,14.519426584243774
-13.967513922508383,4.262198820143028,14.519426584243774
-13.94373217809002,4.164056772077184,14.519426584243774
-13.94373217809002,4.164056772077184,14.519426584243774
-13.94373217809002,4.164056772077184,14.519426584243774
-13.94373217809002,4.164056772077184,14.519426584243774
-13.94373217809002,4.164056772077184,14.519426584243774
-13.94373217809002,4.164056772077184,14.519426584243774
-13.94373217809002,4.164056772077184,14.519426584243774
-13.94373217809002,4.164056772077184,14.519426584243774
-13.94373217809002,4.164056772077184,14.519426584243774
-13.981129986638662,4.012525073982969,14.519426584243774
-13.981129986638662,4.012525073982969,14.519426584243774
-13.981129986638662,4.012525073982969,14.519426584243774
-13.981129986638662,4.012525073982969,14.519426584243774
-13.981129986638662,4.012525073982969,14.519426584243774
-13.981129986638662,4.012525073982969,14.519426584243774
-13.981129986638662,4.012525073982969,14.519426584243774
-13.981129986638662,4.012525073982969,14.519426584243774
-13.981129986638662,4.012525073982969,14.519426584243774
-13.981129986638662,4.012525073982969,14.519426584243774
-13.981129986638662,4.012525073982969,14.519426584243774
-13.981129986638662,4.012525073982969,14.519426584243774
-13.981129986638662,4.012525073982969,14.519426584243774
-13.981129986638662,4.012525073982969,14.519426584243774
-13.977530795393555,3.8933796088130426,14.519426584243774
-13.977530795393555,3.8933796088130426,14.519426584243774
-13.977530795393555,3.8933796088130426,14.519426584243774
-13.977530795393555,3.8933796088130426,14.519426584243774
-13.977530795393555,3.8933796088130426,14.519426584243774
-13.977530795393555,3.8933796088130426,14.519426584243774
-13.977530795393555,3.8933796088130426,14.519426584243774
-13.977530795393555,3.8933796088130426,14.519426584243774
-13.977530795393555,3.8933796088130426,14.519426584243774
-13.977530795393555,3.8933796088130426,14.519426584243774
-13.977530795393555,3.8933796088130426,14.519426584243774
-13.977530795393555,3.8933796088130426,14.519426584243774
-13.977530795393555,3.8933796088130426,14.519426584243774
-13.977530795393555,3.8933796088130426,14.519426584243774
-13.977530795393555,3.8933796088130426,14.519426584243774
-13.977530795393555,3.8933796088130426,14.519426584243774
-13.977530795393555,3.8933796088130426,14.519426584243774
-13.977530795393555,3.8933796088130426,14.519426584243774
-13.977530795393555,3.8933796088130426,14.519426584243774
-13.977530795393555,3.8933796088130426,14.519426584243774
-13.977530795393555,3.8933796088130426,14.519426584243774
-13.979286501245214,3.6300352595618044,14.519426584243774
-13.979286501245214,3.6300352595618044,14.519426584243774
-13.979286501245214,3.6300352595618044,14.519426584243774
-13.979286501245214,3.6300352595618044,14.519426584243774
-13.979286501245214,3.6300352595618044,14.519426584243774
-13.979286501245214,3.6300352595618044,14.519426584243774
-13.979286501245214,3.6300352595618044,14.519426584243774
-13.979286501245214,3.6300352595618044,14.519426584243774
-13.979286501245214,3.6300352595618044,14.519426584243774
-13.979286501245214,3.6300352595618044,14.519426584243774
-13.979286501245214,3.6300352595618044,14.519426584243774
-13.979286501245214,3.6300352595618044,14.519426584243774
-13.96612287211122,3.2288249644247875,14.519426584243774
-13.96612287211122,3.2288249644247875,14.519426584243774
-13.96612287211122,3.2288249644247875,14.519426584243774
-13.96612287211122,3.2288249644247875,14.519426584243774
-13.96612287211122,3.2288249644247875,14.519426584243774
-13.96612287211122,3.2288249644247875,14.519426584243774
-13.96612287211122,3.2288249644247875,14.519426584243774
-13.96612287211122,3.2288249644247875,14.519426584243774
-13.96612287211122,3.2288249644247875,14.519426584243774
-13.96612287211122,3.2288249644247875,14.519426584243774
-13.96612287211122,3.2288249644247875,14.519426584243774
-13.993211431799883,2.9291570924704082,14.519426584243774
-13.993211431799883,2.9291570924704082,14.519426584243774
-13.993211431799883,2.9291570924704082,14.519426584243774
-13.993211431799883,2.9291570924704082,14.519426584243774
-13.993211431799883,2.9291570924704082,14.519426584243774
-13.993211431799883,2.9291570924704082,14.519426584243774
-13.993211431799883,2.9291570924704082,14.519426584243774
-13.993211431799883,2.9291570924704082,14.519426584243774
-13.993211431799883,2.9291570924704082,14.519426584243774
-13.993211431799883,2.9291570924704082,14.519426584243774
-14.000240323730482,2.6251614621584896,14.519426584243774
-14.000240323730482,2.6251614621584896,14.519426584243774
-14.000240323730482,2.6251614621584896,14.519426584243774
-14.000240323730482,2.6251614621584896,14.519426584243774
-14.000240323730482,2.6251614621584896,14.519426584243774
-14.000240323730482,2.6251614621584896,14.519426584243774
-14.000240323730482,2.6251614621584896,14.519426584243774
-14.000240323730482,2.6251614621584896,14.519426584243774
-14.000240323730482,2.6251614621584896,14.519426584243774
-14.000240323730482,2.6251614621584896,14.519426584243774
-14.000240323730482,2.6251614621584896,14.519426584243774
-14.00098756029604,2.356186745457902,14.519426584243774
-14.00098756029604,2.356186745457902,14.519426584243774
-14.00098756029604,2.356186745457902,14.519426584243774
-14.00098756029604,2.356186745457902,14.519426584243774
-14.00098756029604,2.356186745457902,14.519426584243774
-14.00098756029604,2.356186745457902,14.519426584243774
-14.00098756029604,2.356186745457902,14.519426584243774
-14.00098756029604,2.356186745457902,14.519426584243774
-14.00098756029604,2.356186745457902,14.519426584243774
-14.00098756029604,2.356186745457902,14.519426584243774
-14.046401555116962,2.065823683185664,14.519426584243774
-14.046401555116962,2.065823683185664,14.519426584243774
-14.046401555116962,2.065823683185664,14.519426584243774
-14.046401555116962,2.065823683185664,14.519426584243774
-14.046401555116962,2.065823683185664,14.519426584243774
-14.046401555116962,2.065823683185664,14.519426584243774
-14.046401555116962,2.065823683185664,14.519426584243774
-14.046401555116962,2.065823683185664,14.519426584243774
-14.046401555116962,2.065823683185664,14.519426584243774
-14.046401555116962,2.065823683185664,14.519426584243774
-14.032135012768276,1.7757088626210857,14.519426584243774
-14.032135012768276,1.7757088626210857,14.519426584243774
-14.032135012768276,1.7757088626210857,14.519426584243774
-14.032135012768276,1.7757088626210857,14.519426584243774
-14.032135012768276,1.7757088626210857,14.519426584243774
-14.032135012768276,1.7757088626210857,14.519426584243774
-14.032135012768276,1.7757088626210857,14.519426584243774
-14.032135012768276,1.7757088626210857,14.519426584243774
-14.032135012768276,1.7757088626210857,14.519426584243774
-14.032135012768276,1.7757088626210857,14.519426584243774
-14.032135012768276,1.7757088626210857,14.519426584243774
-14.052796392004455,1.4857628651421402,14.519426584243774
-14.052796392004455,1.4857628651421402,14.519426584243774
-14.052796392004455,1.4857628651421402,14.519426584243774
-14.052796392004455,1.4857628651421402,14.519426584243774
-14.052796392004455,1.4857628651421402,14.519426584243774
-14.052796392004455,1.4857628651421402,14.519426584243774
-14.052796392004455,1.4857628651421402,14.519426584243774
-14.052796392004455,1.4857628651421402,14.519426584243774
-14.052796392004455,1.4857628651421402,14.519426584243774
-14.052796392004455,1.4857628651421402,14.519426584243774
-14.00279653207109,1.2091929518675908,14.519426584243774
-14.00279653207109,1.2091929518675908,14.519426584243774
-14.00279653207109,1.2091929518675908,14.519426584243774
-14.00279653207109,1.2091929518675908,14.519426584243774
-14.00279653207109,1.2091929518675908,14.519426584243774
-14.00279653207109,1.2091929518675908,14.519426584243774
-14.00279653207109,1.2091929518675908,14.519426584243774
-14.00279653207109,1.2091929518675908,14.519426584243774
-14.00279653207109,1.2091929518675908,14.519426584243774
-14.00279653207109,1.2091929518675908,14.519426584243774
-14.00279653207109,1.2091929518675908,14.519426584243774
-13.950619085025117,0.8707614625346932,14.519426584243774
-13.950619085025117,0.8707614625346932,14.519426584243774
-13.950619085025117,0.8707614625346932,14.519426584243774
-13.950619085025117,0.8707614625346932,14.519426584243774
-13.950619085025117,0.8707614625346932,14.519426584243774
-13.950619085025117,0.8707614625346932,14.519426584243774
-13.950619085025117,0.8707614625346932,14.519426584243774
-13.950619085025117,0.8707614625346932,14.519426584243774
-13.950619085025117,0.8707614625346932,14.519426584243774
-13.950619085025117,0.8707614625346932,14.519426584243774
-13.882393824887728,0.6644740533450141,14.519426584243774
-13.882393824887728,0.6644740533450141,14.519426584243774
-13.882393824887728,0.6644740533450141,14.519426584243774
-13.882393824887728,0.6644740533450141,14.519426584243774
-13.882393824887728,0.6644740533450141,14.519426584243774
-13.882393824887728,0.6644740533450141,14.519426584243774
-13.882393824887728,0.6644740533450141,14.519426584243774
-13.882393824887728,0.6644740533450141,14.519426584243774
-13.882393824887728,0.6644740533450141,14.519426584243774
-13.79626530061263,0.4483743007276898,14.519426584243774
-13.79626530061263,0.4483743007276898,14.519426584243774
-13.79626530061263,0.4483743007276898,14.519426584243774
-13.79626530061263,0.4483743007276898,14.519426584243774
-13.79626530061263,0.4483743007276898,14.519426584243774
-13.79626530061263,0.4483743007276898,14.519426584243774
-13.69084277047474,0.3264682863957625,14.519426584243774
-13.69084277047474,0.3264682863957625,14.519426584243774
-13.69084277047474,0.3264682863957625,14.519426584243774
-13.69084277047474,0.3264682863957625,14.519426584243774
-13.69084277047474,0.3264682863957625,14.519426584243774
-13.60505916671126,0.21739609087778694,14.519426584243774
-13.60505916671126,0.21739609087778694,14.519426584243774
-13.60505916671126,0.21739609087778694,14.519426584243774
-13.60505916671126,0.21739609087778694,14.519426584243774
-13.501558520485805,0.15780187379904273,14.519426584243774
-13.501558520485805,0.15780187379904273,14.519426584243774
-13.501558520485805,0.15780187379904273,14.519426584243774
-13.501558520485805,0.15780187379904273,14.519426584243774
-13.501558520485805,0.15780187379904273,14.519426584243774
-13.501558520485805,0.15780187379904273,14.519426584243774
-13.40439726021898,0.11100065527762384,14.519426584243774
-13.40439726021898,0.11100065527762384,14.519426584243774
-13.40439726021898,0.11100065527762384,14.519426584243774
-13.40439726021898,0.11100065527762384,14.519426584243774
-13.340843371297074,0.05642712206024517,14.519426584243774
-13.340843371297074,0.05642712206024517,14.519426584243774
-13.340843371297074,0.05642712206024517,14.519426584243774
-13.340843371297074,0.05642712206024517,14.519426584243774
-13.340843371297074,0.05642712206024517,14.519426584243774
-13.340843371297074,0.05642712206024517,14.519426584243774
-13.25983204489594,0.016339886520507302,14.519426584243774
-13.25983204489594,0.016339886520507302,14.519426584243774
-13.25983204489594,0.016339886520507302,14.519426584243774
-13.25983204489594,0.016339886520507302,14.519426584243774
-13.25983204489594,0.016339886520507302,14.519426584243774
-13.200762586562703,-0.0492324480769214,14.519426584243774
-13.200762586562703,-0.0492324480769214,14.519426584243774
-13.200762586562703,-0.0492324480769214,14.519426584243774
-13.200762586562703,-0.0492324480769214,14.519426584243774
-13.099556315306028,-0.09944659210930841,14.519426584243774
-13.099556315306028,-0.09944659210930841,14.519426584243774
-13.099556315306028,-0.09944659210930841,14.519426584243774
-13.099556315306028,-0.09944659210930841,14.519426584243774
-13.035535344500014,-0.11211626172484229,14.519426584243774
-13.035535344500014,-0.11211626172484229,14.519426584243774
-13.035535344500014,-0.11211626172484229,14.519426584243774
-13.035535344500014,-0.11211626172484229,14.519426584243774
-13.035535344500014,-0.11211626172484229,14.519426584243774
-12.92638187258793,-0.1518278705970077,14.519426584243774
-12.92638187258793,-0.1518278705970077,14.519426584243774
-12.92638187258793,-0.1518278705970077,14.519426584243774
-12.92638187258793,-0.1518278705970077,14.519426584243774
-12.880981463555816,-0.18443002399274405,14.519426584243774
-12.880981463555816,-0.18443002399274405,14.519426584243774
-12.880981463555816,-0.18443002399274405,14.519426584243774
-12.880981463555816,-0.18443002399274405,14.519426584243774
-12.880981463555816,-0.18443002399274405,14.519426584243774
-12.777078842728011,-0.2044709337159661,14.519426584243774
-12.777078842728011,-0.2044709337159661,14.519426584243774
-12.777078842728011,-0.2044709337159661,14.519426584243774
-12.777078842728011,-0.2044709337159661,14.519426584243774
-12.777078842728011,-0.2044709337159661,14.519426584243774
-12.715835537324852,-0.2681607020895719,14.519426584243774
-12.715835537324852,-0.2681607020895719,14.519426584243774
-12.715835537324852,-0.2681607020895719,14.519426584243774
-12.715835537324852,-0.2681607020895719,14.519426584243774
-12.67317193427724,-0.3062613819352864,14.519426584243774
-12.67317193427724,-0.3062613819352864,14.519426584243774
-12.67317193427724,-0.3062613819352864,14.519426584243774
-12.67317193427724,-0.3062613819352864,14.519426584243774
-12.67317193427724,-0.3062613819352864,14.519426584243774
-12.67317193427724,-0.3062613819352864,14.519426584243774
-12.67317193427724,-0.3062613819352864,14.519426584243774
-12.67317193427724,-0.3062613819352864,14.519426584243774
-12.57127955164143,-0.29659440904322715,14.519426584243774
-12.57127955164143,-0.29659440904322715,14.519426584243774
-12.57127955164143,-0.29659440904322715,14.519426584243774
-12.57127955164143,-0.29659440904322715,14.519426584243774
-12.57127955164143,-0.29659440904322715,14.519426584243774
-12.457656561185921,-0.32044978423116655,14.519426584243774
-12.457656561185921,-0.32044978423116655,14.519426584243774
-12.457656561185921,-0.32044978423116655,14.519426584243774
-12.457656561185921,-0.32044978423116655,14.519426584243774
-12.457656561185921,-0.32044978423116655,14.519426584243774
-12.457656561185921,-0.32044978423116655,14.519426584243774
-12.457656561185921,-0.32044978423116655,14.519426584243774
-12.457656561185921,-0.32044978423116655,14.519426584243774
-12.347334998313105,-0.35966923739539847,14.519426584243774
-12.347334998313105,-0.35966923739539847,14.519426584243774
-12.347334998313105,-0.35966923739539847,14.519426584243774
-12.347334998313105,-0.35966923739539847,14.519426584243774
-12.347334998313105,-0.35966923739539847,14.519426584243774
-12.347334998313105,-0.35966923739539847,14.519426584243774
-12.347334998313105,-0.35966923739539847,14.519426584243774
-12.251746050487066,-0.35687210517801116,14.519426584243774
-12.251746050487066,-0.35687210517801116,14.519426584243774
-12.251746050487066,-0.35687210517801116,14.519426584243774
-12.251746050487066,-0.35687210517801116,14.519426584243774
-12.251746050487066,-0.35687210517801116,14.519426584243774
-12.096228992574186,-0.390630330624511,14.519426584243774
-12.096228992574186,-0.390630330624511,14.519426584243774
-12.096228992574186,-0.390630330624511,14.519426584243774
-12.096228992574186,-0.390630330624511,14.519426584243774
-12.096228992574186,-0.390630330624511,14.519426584243774
-12.096228992574186,-0.390630330624511,14.519426584243774
-12.096228992574186,-0.390630330624511,14.519426584243774
-11.99456167612179,-0.41109996879514693,14.519426584243774
-11.99456167612179,-0.41109996879514693,14.519426584243774
-11.99456167612179,-0.41109996879514693,14.519426584243774
-11.99456167612179,-0.41109996879514693,14.519426584243774
-11.99456167612179,-0.41109996879514693,14.519426584243774
-11.99456167612179,-0.41109996879514693,14.519426584243774
-11.839777526949502,-0.4438481344683422,14.519426584243774
-11.839777526949502,-0.4438481344683422,14.519426584243774
-11.839777526949502,-0.4438481344683422,14.519426584243774
-11.839777526949502,-0.4438481344683422,14.519426584243774
-11.839777526949502,-0.4438481344683422,14.519426584243774
-11.729184212710093,-0.46347339109606894,14.519426584243774
-11.729184212710093,-0.46347339109606894,14.519426584243774
-11.729184212710093,-0.46347339109606894,14.519426584243774
-11.729184212710093,-0.46347339109606894,14.519426584243774
-11.729184212710093,-0.46347339109606894,14.519426584243774
-11.60695631786213,-0.4883747817277046,14.519426584243774
-11.60695631786213,-0.4883747817277046,14.519426584243774
-11.60695631786213,-0.4883747817277046,14.519426584243774
-11.60695631786213,-0.4883747817277046,14.519426584243774
-11.60695631786213,-0.4883747817277046,14.519426584243774
-11.487550380469667,-0.5046897910907081,14.519426584243774
-11.487550380469667,-0.5046897910907081,14.519426584243774
-11.487550380469667,-0.5046897910907081,14.519426584243774
-11.487550380469667,-0.5046897910907081,14.519426584243774
-11.487550380469667,-0.5046897910907081,14.519426584243774
-11.365637601086592,-0.5070900089390742,14.519426584243774
-11.365637601086592,-0.5070900089390742,14.519426584243774
-11.365637601086592,-0.5070900089390742,14.519426584243774
-11.365637601086592,-0.5070900089390742,14.519426584243774
-11.365637601086592,-0.5070900089390742,14.519426584243774
-11.251930823716949,-0.49830353300393415,14.519426584243774
-11.251930823716949,-0.49830353300393415,14.519426584243774
-11.251930823716949,-0.49830353300393415,14.519426584243774
-11.251930823716949,-0.49830353300393415,14.519426584243774
-11.251930823716949,-0.49830353300393415,14.519426584243774
-11.141389630263562,-0.5118493995775619,14.519426584243774
-11.141389630263562,-0.5118493995775619,14.519426584243774
-11.141389630263562,-0.5118493995775619,14.519426584243774
-11.141389630263562,-0.5118493995775619,14.519426584243774
-11.141389630263562,-0.5118493995775619,14.519426584243774
-11.141389630263562,-0.5118493995775619,14.519426584243774
-11.004542496028915,-0.5076589101728616,14.519426584243774
-11.004542496028915,-0.5076589101728616,14.519426584243774
-11.004542496028915,-0.5076589101728616,14.519426584243774
-11.004542496028915,-0.5076589101728616,14.519426584243774
-11.004542496028915,-0.5076589101728616,14.519426584243774
-11.004542496028915,-0.5076589101728616,14.519426584243774
-10.811013925040307,-0.49375160600527357,14.519426584243774
-10.811013925040307,-0.49375160600527357,14.519426584243774
-10.811013925040307,-0.49375160600527357,14.519426584243774
-10.811013925040307,-0.49375160600527357,14.519426584243774
-10.811013925040307,-0.49375160600527357,14.519426584243774
-10.811013925040307,-0.49375160600527357,14.519426584243774
-10.811013925040307,-0.49375160600527357,14.519426584243774
-10.811013925040307,-0.49375160600527357,14.519426584243774
-10.811013925040307,-0.49375160600527357,14.519426584243774
-10.59745571289279,-0.5036907035009408,14.519426584243774
-10.59745571289279,-0.5036907035009408,14.519426584243774
-10.59745571289279,-0.5036907035009408,14.519426584243774
-10.59745571289279,-0.5036907035009408,14.519426584243774
-10.59745571289279,-0.5036907035009408,14.519426584243774
-10.59745571289279,-0.5036907035009408,14.519426584243774
-10.59745571289279,-0.5036907035009408,14.519426584243774
-10.59745571289279,-0.5036907035009408,14.519426584243774
-10.59745571289279,-0.5036907035009408,14.519426584243774
-10.59745571289279,-0.5036907035009408,14.519426584243774
-10.59745571289279,-0.5036907035009408,14.519426584243774
-10.59745571289279,-0.5036907035009408,14.519426584243774
-10.59745571289279,-0.5036907035009408,14.519426584243774
-10.388644286056953,-0.527574258226154,14.519426584243774
-10.388644286056953,-0.527574258226154,14.519426584243774
-10.388644286056953,-0.527574258226154,14.519426584243774
-10.388644286056953,-0.527574258226154,14.519426584243774
-10.388644286056953,-0.527574258226154,14.519426584243774
-10.388644286056953,-0.527574258226154,14.519426584243774
-10.388644286056953,-0.527574258226154,14.519426584243774
-10.388644286056953,-0.527574258226154,14.519426584243774
-10.388644286056953,-0.527574258226154,14.519426584243774
-10.388644286056953,-0.527574258226154,14.519426584243774
-10.388644286056953,-0.527574258226154,14.519426584243774
-10.388644286056953,-0.527574258226154,14.519426584243774
-10.039505096339997,-0.5251296665511807,14.519426584243774
-10.039505096339997,-0.5251296665511807,14.519426584243774
-10.039505096339997,-0.5251296665511807,14.519426584243774
-10.039505096339997,-0.5251296665511807,14.519426584243774
-10.039505096339997,-0.5251296665511807,14.519426584243774
-10.039505096339997,-0.5251296665511807,14.519426584243774
-10.039505096339997,-0.5251296665511807,14.519426584243774
-10.039505096339997,-0.5251296665511807,14.519426584243774
-10.039505096339997,-0.5251296665511807,14.519426584243774
-10.039505096339997,-0.5251296665511807,14.519426584243774
-9.697446069834433,-0.5315019332836577,14.519426584243774
-9.697446069834433,-0.5315019332836577,14.519426584243774
-9.697446069834433,-0.5315019332836577,14.519426584243774
-9.697446069834433,-0.5315019332836577,14.519426584243774
-9.697446069834433,-0.5315019332836577,14.519426584243774
-9.697446069834433,-0.5315019332836577,14.519426584243774
-9.697446069834433,-0.5315019332836577,14.519426584243774
-9.697446069834433,-0.5315019332836577,14.519426584243774
-9.697446069834433,-0.5315019332836577,14.519426584243774
-9.697446069834433,-0.5315019332836577,14.519426584243774
-9.402814750334846,-0.49504888051030954,14.519426584243774
-9.402814750334846,-0.49504888051030954,14.519426584243774
-9.402814750334846,-0.49504888051030954,14.519426584243774
-9.402814750334846,-0.49504888051030954,14.519426584243774
-9.402814750334846,-0.49504888051030954,14.519426584243774
-9.402814750334846,-0.49504888051030954,14.519426584243774
-9.402814750334846,-0.49504888051030954,14.519426584243774
-9.402814750334846,-0.49504888051030954,14.519426584243774
-9.112570541365036,-0.4831686220023721,14.519426584243774
-9.112570541365036,-0.4831686220023721,14.519426584243774
-9.112570541365036,-0.4831686220023721,14.519426584243774
-9.112570541365036,-0.4831686220023721,14.519426584243774
-9.112570541365036,-0.4831686220023721,14.519426584243774
-9.112570541365036,-0.4831686220023721,14.519426584243774
-9.112570541365036,-0.4831686220023721,14.519426584243774
-8.871513713870344,-0.4389395570049503,14.519426584243774
-8.871513713870344,-0.4389395570049503,14.519426584243774
-8.871513713870344,-0.4389395570049503,14.519426584243774
-8.871513713870344,-0.4389395570049503,14.519426584243774
-8.871513713870344,-0.4389395570049503,14.519426584243774
-8.871513713870344,-0.4389395570049503,14.519426584243774
-8.871513713870344,-0.4389395570049503,14.519426584243774
-8.638669644538684,-0.39748287185082587,14.519426584243774
-8.638669644538684,-0.39748287185082587,14.519426584243774
-8.638669644538684,-0.39748287185082587,14.519426584243774
-8.638669644538684,-0.39748287185082587,14.519426584243774
-8.638669644538684,-0.39748287185082587,14.519426584243774
-8.638669644538684,-0.39748287185082587,14.519426584243774
-8.638669644538684,-0.39748287185082587,14.519426584243774
-8.638669644538684,-0.39748287185082587,14.519426584243774
-8.411590170530783,-0.3557108969317242,14.519426584243774
-8.411590170530783,-0.3557108969317242,14.519426584243774
-8.411590170530783,-0.3557108969317242,14.519426584243774
-8.411590170530783,-0.3557108969317242,14.519426584243774
-8.411590170530783,-0.3557108969317242,14.519426584243774
-8.411590170530783,-0.3557108969317242,14.519426584243774
-8.411590170530783,-0.3557108969317242,14.519426584243774
-8.411590170530783,-0.3557108969317242,14.519426584243774
-8.178554083080225,-0.312161411813539,14.519426584243774
-8.178554083080225,-0.312161411813539,14.519426584243774
-8.178554083080225,-0.312161411813539,14.519426584243774
-8.178554083080225,-0.312161411813539,14.519426584243774
-8.178554083080225,-0.312161411813539,14.519426584243774
-8.178554083080225,-0.312161411813539,14.519426584243774
-8.178554083080225,-0.312161411813539,14.519426584243774
-8.178554083080225,-0.312161411813539,14.519426584243774
-7.9552093135523485,-0.2670197336948806,14.519426584243774
-7.9552093135523485,-0.2670197336948806,14.519426584243774
-7.9552093135523485,-0.2670197336948806,14.519426584243774
-7.9552093135523485,-0.2670197336948806,14.519426584243774
-7.9552093135523485,-0.2670197336948806,14.519426584243774
-7.9552093135523485,-0.2670197336948806,14.519426584243774
-7.9552093135523485,-0.2670197336948806,14.519426584243774
-7.9552093135523485,-0.2670197336948806,14.519426584243774
-7.9552093135523485,-0.2670197336948806,14.519426584243774
-7.720217572633084,-0.22105057685560248,14.519426584243774
-7.720217572633084,-0.22105057685560248,14.519426584243774
-7.720217572633084,-0.22105057685560248,14.519426584243774
-7.720217572633084,-0.22105057685560248,14.519426584243774
-7.720217572633084,-0.22105057685560248,14.519426584243774
-7.720217572633084,-0.22105057685560248,14.519426584243774
-7.720217572633084,-0.22105057685560248,14.519426584243774
-7.720217572633084,-0.22105057685560248,14.519426584243774
-7.720217572633084,-0.22105057685560248,14.519426584243774
-7.720217572633084,-0.22105057685560248,14.519426584243774
-7.720217572633084,-0.22105057685560248,14.519426584243774
-7.398518083888783,-0.16979294745736576,14.519426584243774
-7.398518083888783,-0.16979294745736576,14.519426584243774
-7.398518083888783,-0.16979294745736576,14.519426584243774
-7.398518083888783,-0.16979294745736576,14.519426584243774
-7.398518083888783,-0.16979294745736576,14.519426584243774
-7.398518083888783,-0.16979294745736576,14.519426584243774
-7.398518083888783,-0.16979294745736576,14.519426584243774
-7.398518083888783,-0.16979294745736576,14.519426584243774
-7.398518083888783,-0.16979294745736576,14.519426584243774
-7.398518083888783,-0.16979294745736576,14.519426584243774
-7.398518083888783,-0.16979294745736576,14.519426584243774
-7.072757120844026,-0.12288317260192197,14.519426584243774
-7.072757120844026,-0.12288317260192197,14.519426584243774
-7.072757120844026,-0.12288317260192197,14.519426584243774
-7.072757120844026,-0.12288317260192197,14.519426584243774
-7.072757120844026,-0.12288317260192197,14.519426584243774
-7.072757120844026,-0.12288317260192197,14.519426584243774
-7.072757120844026,-0.12288317260192197,14.519426584243774
-7.072757120844026,-0.12288317260192197,14.519426584243774
-7.072757120844026,-0.12288317260192197,14.519426584243774
-7.072757120844026,-0.12288317260192197,14.519426584243774
-7.072757120844026,-0.12288317260192197,14.519426584243774
-6.679450944879337,-0.05679609668854689,14.519426584243774
-6.679450944879337,-0.05679609668854689,14.519426584243774
-6.679450944879337,-0.05679609668854689,14.519426584243774
-6.679450944879337,-0.05679609668854689,14.519426584243774
-6.679450944879337,-0.05679609668854689,14.519426584243774
-6.679450944879337,-0.05679609668854689,14.519426584243774
-6.679450944879337,-0.05679609668854689,14.519426584243774
-6.679450944879337,-0.05679609668854689,14.519426584243774
-6.679450944879337,-0.05679609668854689,14.519426584243774
-6.679450944879337,-0.05679609668854689,14.519426584243774
-6.3606998339716885,-0.009442062011592742,14.519426584243774
-6.3606998339716885,-0.009442062011592742,14.519426584243774
-6.3606998339716885,-0.009442062011592742,14.519426584243774
-6.3606998339716885,-0.009442062011592742,14.519426584243774
-6.3606998339716885,-0.009442062011592742,14.519426584243774
-6.3606998339716885,-0.009442062011592742,14.519426584243774
-6.3606998339716885,-0.009442062011592742,14.519426584243774
-6.3606998339716885,-0.009442062011592742,14.519426584243774
-6.3606998339716885,-0.009442062011592742,14.519426584243774
-6.3606998339716885,-0.009442062011592742,14.519426584243774
-6.043357543103,0.019025791753433764,14.519426584243774
-6.043357543103,0.019025791753433764,14.519426584243774
-6.043357543103,0.019025791753433764,14.519426584243774
-6.043357543103,0.019025791753433764,14.519426584243774
-6.043357543103,0.019025791753433764,14.519426584243774
-6.043357543103,0.019025791753433764,14.519426584243774
-6.043357543103,0.019025791753433764,14.519426584243774
-6.043357543103,0.019025791753433764,14.519426584243774
-6.043357543103,0.019025791753433764,14.519426584243774
-6.043357543103,0.019025791753433764,14.519426584243774
-5.7255765143479085,0.06408665432701996,14.519426584243774
-5.7255765143479085,0.06408665432701996,14.519426584243774
-5.7255765143479085,0.06408665432701996,14.519426584243774
-5.7255765143479085,0.06408665432701996,14.519426584243774
-5.7255765143479085,0.06408665432701996,14.519426584243774
-5.7255765143479085,0.06408665432701996,14.519426584243774
-5.7255765143479085,0.06408665432701996,14.519426584243774
-5.7255765143479085,0.06408665432701996,14.519426584243774
-5.7255765143479085,0.06408665432701996,14.519426584243774
-5.442545328375107,0.10467607331184593,14.519426584243774
-5.442545328375107,0.10467607331184593,14.519426584243774
-5.442545328375107,0.10467607331184593,14.519426584243774
-5.442545328375107,0.10467607331184593,14.519426584243774
-5.442545328375107,0.10467607331184593,14.519426584243774
-5.442545328375107,0.10467607331184593,14.519426584243774
-5.442545328375107,0.10467607331184593,14.519426584243774
-5.442545328375107,0.10467607331184593,14.519426584243774
-5.442545328375107,0.10467607331184593,14.519426584243774
-5.143322140001253,0.1308966110956436,14.519426584243774
-5.143322140001253,0.1308966110956436,14.519426584243774
-5.143322140001253,0.1308966110956436,14.519426584243774
-5.143322140001253,0.1308966110956436,14.519426584243774
-5.143322140001253,0.1308966110956436,14.519426584243774
-5.143322140001253,0.1308966110956436,14.519426584243774
-5.143322140001253,0.1308966110956436,14.519426584243774
-5.143322140001253,0.1308966110956436,14.519426584243774
-5.143322140001253,0.1308966110956436,14.519426584243774
-4.897414229711959,0.10670762653392132,14.519426584243774
-4.897414229711959,0.10670762653392132,14.519426584243774
-4.897414229711959,0.10670762653392132,14.519426584243774
-4.897414229711959,0.10670762653392132,14.519426584243774
-4.897414229711959,0.10670762653392132,14.519426584243774
-4.897414229711959,0.10670762653392132,14.519426584243774
-4.897414229711959,0.10670762653392132,14.519426584243774
-4.897414229711959,0.10670762653392132,14.519426584243774
-4.897414229711959,0.10670762653392132,14.519426584243774
-4.576613456586822,0.10965821745680368,14.519426584243774
-4.576613456586822,0.10965821745680368,14.519426584243774
-4.576613456586822,0.10965821745680368,14.519426584243774
-4.576613456586822,0.10965821745680368,14.519426584243774
-4.576613456586822,0.10965821745680368,14.519426584243774
-4.576613456586822,0.10965821745680368,14.519426584243774
-4.576613456586822,0.10965821745680368,14.519426584243774
-4.576613456586822,0.10965821745680368,14.519426584243774
-4.351310612283867,0.10187324968676259,14.519426584243774
-4.351310612283867,0.10187324968676259,14.519426584243774
-4.351310612283867,0.10187324968676259,14.519426584243774
-4.351310612283867,0.10187324968676259,14.519426584243774
-4.351310612283867,0.10187324968676259,14.519426584243774
-4.351310612283867,0.10187324968676259,14.519426584243774
-4.351310612283867,0.10187324968676259,14.519426584243774
-4.351310612283867,0.10187324968676259,14.519426584243774
-4.351310612283867,0.10187324968676259,14.519426584243774
-4.027877451129462,0.03998871364185449,14.519426584243774
-4.027877451129462,0.03998871364185449,14.519426584243774
-4.027877451129462,0.03998871364185449,14.519426584243774
-4.027877451129462,0.03998871364185449,14.519426584243774
-4.027877451129462,0.03998871364185449,14.519426584243774
-4.027877451129462,0.03998871364185449,14.519426584243774
-4.027877451129462,0.03998871364185449,14.519426584243774
-4.027877451129462,0.03998871364185449,14.519426584243774
-4.027877451129462,0.03998871364185449,14.519426584243774
-4.027877451129462,0.03998871364185449,14.519426584243774
-3.8101679336240992,0.03786006255826868,14.519426584243774
-3.8101679336240992,0.03786006255826868,14.519426584243774
-3.8101679336240992,0.03786006255826868,14.519426584243774
-3.8101679336240992,0.03786006255826868,14.519426584243774
-3.8101679336240992,0.03786006255826868,14.519426584243774
-3.8101679336240992,0.03786006255826868,14.519426584243774
-3.8101679336240992,0.03786006255826868,14.519426584243774
-3.8101679336240992,0.03786006255826868,14.519426584243774
-3.8101679336240992,0.03786006255826868,14.519426584243774
-3.8101679336240992,0.03786006255826868,14.519426584243774
-3.4791068998466166,0.006300164517307142,14.519426584243774
-3.4791068998466166,0.006300164517307142,14.519426584243774
-3.4791068998466166,0.006300164517307142,14.519426584243774
-3.4791068998466166,0.006300164517307142,14.519426584243774
-3.4791068998466166,0.006300164517307142,14.519426584243774
-3.4791068998466166,0.006300164517307142,14.519426584243774
-3.4791068998466166,0.006300164517307142,14.519426584243774
-3.4791068998466166,0.006300164517307142,14.519426584243774
-3.4791068998466166,0.006300164517307142,14.519426584243774
-3.1551467669086146,-0.01294985656188519,14.519426584243774
-3.1551467669086146,-0.01294985656188519,14.519426584243774
-3.1551467669086146,-0.01294985656188519,14.519426584243774
-3.1551467669086146,-0.01294985656188519,14.519426584243774
-3.1551467669086146,-0.01294985656188519,14.519426584243774
-3.1551467669086146,-0.01294985656188519,14.519426584243774
-3.1551467669086146,-0.01294985656188519,14.519426584243774
-3.1551467669086146,-0.01294985656188519,14.519426584243774
-3.1551467669086146,-0.01294985656188519,14.519426584243774
-2.8477258521633924,-0.034139137035861924,14.519426584243774
-2.8477258521633924,-0.034139137035861924,14.519426584243774
-2.8477258521633924,-0.034139137035861924,14.519426584243774
-2.8477258521633924,-0.034139137035861924,14.519426584243774
-2.8477258521633924,-0.034139137035861924,14.519426584243774
-2.8477258521633924,-0.034139137035861924,14.519426584243774
-2.8477258521633924,-0.034139137035861924,14.519426584243774
-2.8477258521633924,-0.034139137035861924,14.519426584243774
-2.8477258521633924,-0.034139137035861924,14.519426584243774
-2.534549968137037,-0.05611498064460528,14.519426584243774
-2.534549968137037,-0.05611498064460528,14.519426584243774
-2.534549968137037,-0.05611498064460528,14.519426584243774
-2.534549968137037,-0.05611498064460528,14.519426584243774
-2.534549968137037,-0.05611498064460528,14.519426584243774
-2.534549968137037,-0.05611498064460528,14.519426584243774
-2.534549968137037,-0.05611498064460528,14.519426584243774
-2.534549968137037,-0.05611498064460528,14.519426584243774
-2.534549968137037,-0.05611498064460528,14.519426584243774
-2.2989875131833744,-0.06646809909467509,14.519426584243774
-2.2989875131833744,-0.06646809909467509,14.519426584243774
-2.2989875131833744,-0.06646809909467509,14.519426584243774
-2.2989875131833744,-0.06646809909467509,14.519426584243774
-2.2989875131833744,-0.06646809909467509,14.519426584243774
-2.2989875131833744,-0.06646809909467509,14.519426584243774
-2.2989875131833744,-0.06646809909467509,14.519426584243774
-1.9820252946917607,-0.0960554600504595,14.519426584243774
-1.9820252946917607,-0.0960554600504595,14.519426584243774
-1.9820252946917607,-0.0960554600504595,14.519426584243774
-1.9820252946917607,-0.0960554600504595,14.519426584243774
-1.9820252946917607,-0.0960554600504595,14.519426584243774
-1.9820252946917607,-0.0960554600504595,14.519426584243774
-1.9820252946917607,-0.0960554600504595,14.519426584243774
-1.9820252946917607,-0.0960554600504595,14.519426584243774
-1.9820252946917607,-0.0960554600504595,14.519426584243774
-1.9820252946917607,-0.0960554600504595,14.519426584243774
-1.9820252946917607,-0.0960554600504595,14.519426584243774
-1.9820252946917607,-0.0960554600504595,14.519426584243774
-1.9820252946917607,-0.0960554600504595,14.519426584243774
-1.9820252946917607,-0.0960554600504595,14.519426584243774
-1.9820252946917607,-0.0960554600504595,14.519426584243774
-1.9820252946917607,-0.0960554600504595,14.519426584243774
-1.7648780215943733,-0.14420725853613106,14.519426584243774
-1.7648780215943733,-0.14420725853613106,14.519426584243774
-1.7648780215943733,-0.14420725853613106,14.519426584243774
-1.7648780215943733,-0.14420725853613106,14.519426584243774
-1.7648780215943733,-0.14420725853613106,14.519426584243774
-1.7648780215943733,-0.14420725853613106,14.519426584243774
-1.7648780215943733,-0.14420725853613106,14.519426584243774
-1.7648780215943733,-0.14420725853613106,14.519426584243774
-1.7648780215943733,-0.14420725853613106,14.519426584243774
-1.2697943199570676,-0.15604949983684774,14.519426584243774
-1.2697943199570676,-0.15604949983684774,14.519426584243774
-1.2697943199570676,-0.15604949983684774,14.519426584243774
-1.2697943199570676,-0.15604949983684774,14.519426584243774
-1.2697943199570676,-0.15604949983684774,14.519426584243774
-1.2697943199570676,-0.15604949983684774,14.519426584243774
-1.2697943199570676,-0.15604949983684774,14.519426584243774
-1.0219930020561951,-0.1624276058024123,14.519426584243774
-1.0219930020561951,-0.1624276058024123,14.519426584243774
-1.0219930020561951,-0.1624276058024123,14.519426584243774
-1.0219930020561951,-0.1624276058024123,14.519426584243774
-1.0219930020561951,-0.1624276058024123,14.519426584243774
-1.0219930020561951,-0.1624276058024123,14.519426584243774
-1.0219930020561951,-0.1624276058024123,14.519426584243774
-1.0219930020561951,-0.1624276058024123,14.519426584243774
-1.0219930020561951,-0.1624276058024123,14.519426584243774
