x,y,lap_time_s
-2.825649030261157,-0.6131267689079648,9.392321109771729
-2.99553155826948,-0.6565498901065825,9.392321109771729
-3.1645099398991148,-0.6987542376449757,9.392321109771729
-3.3269693969465255,-0.7394908537895213,9.392321109771729
-3.508303727385439,-0.7650301807851331,9.392321109771729
-3.631108015456408,-0.7656317263477848,9.392321109771729
-3.755974557626383,-0.777468406491932,9.392321109771729
-3.9198108182152285,-0.8061788269289801,9.392321109771729
-4.0935641022876155,-0.8465551440680743,9.392321109771729
-4.253126271193458,-0.8824124187379452,9.392321109771729
-4.253126271193458,-0.8824124187379452,9.392321109771729
-4.253126271193458,-0.8824124187379452,9.392321109771729
-4.253126271193458,-0.8824124187379452,9.392321109771729
-4.408582258462938,-0.9190896528217275,9.392321109771729
-4.408582258462938,-0.9190896528217275,9.392321109771729
-4.408582258462938,-0.9190896528217275,9.392321109771729
-4.408582258462938,-0.9190896528217275,9.392321109771729
-4.408582258462938,-0.9190896528217275,9.392321109771729
-4.607186638396629,-0.9500276038720366,9.392321109771729
-4.607186638396629,-0.9500276038720366,9.392321109771729
-4.607186638396629,-0.9500276038720366,9.392321109771729
-4.607186638396629,-0.9500276038720366,9.392321109771729
-4.607186638396629,-0.9500276038720366,9.392321109771729
-4.70857285423812,-0.9526613170731073,9.392321109771729
-4.70857285423812,-0.9526613170731073,9.392321109771729
-4.70857285423812,-0.9526613170731073,9.392321109771729
-4.70857285423812,-0.9526613170731073,9.392321109771729
-4.70857285423812,-0.9526613170731073,9.392321109771729
-4.945525529073348,-0.9821692980052154,9.392321109771729
-4.945525529073348,-0.9821692980052154,9.392321109771729
-4.945525529073348,-0.9821692980052154,9.392321109771729
-4.945525529073348,-0.9821692980052154,9.392321109771729
-4.945525529073348,-0.9821692980052154,9.392321109771729
-4.945525529073348,-0.9821692980052154,9.392321109771729
-5.159576428419405,-1.023966940386214,9.392321109771729
-5.159576428419405,-1.023966940386214,9.392321109771729
-5.159576428419405,-1.023966940386214,9.392321109771729
-5.159576428419405,-1.023966940386214,9.392321109771729
-5.159576428419405,-1.023966940386214,9.392321109771729
-5.34907183084457,-1.045443218627207,9.392321109771729
-5.34907183084457,-1.045443218627207,9.392321109771729
-5.34907183084457,-1.045443218627207,9.392321109771729
-5.34907183084457,-1.045443218627207,9.392321109771729
-5.34907183084457,-1.045443218627207,9.392321109771729
-5.502716252768886,-1.072109776484128,9.392321109771729
-5.502716252768886,-1.072109776484128,9.392321109771729
-5.502716252768886,-1.072109776484128,9.392321109771729
-5.502716252768886,-1.072109776484128,9.392321109771729
-5.502716252768886,-1.072109776484128,9.392321109771729
-5.677266941472401,-1.0948626985730245,9.392321109771729
-5.677266941472401,-1.0948626985730245,9.392321109771729
-5.677266941472401,-1.0948626985730245,9.392321109771729
-5.677266941472401,-1.0948626985730245,9.392321109771729
-5.677266941472401,-1.0948626985730245,9.392321109771729
-5.7782505249385725,-1.0890711224635914,9.392321109771729
-5.7782505249385725,-1.0890711224635914,9.392321109771729
-5.7782505249385725,-1.0890711224635914,9.392321109771729
-5.7782505249385725,-1.0890711224635914,9.392321109771729
-5.7782505249385725,-1.0890711224635914,9.392321109771729
-5.879044002108785,-1.080851513701033,9.392321109771729
-5.879044002108785,-1.080851513701033,9.392321109771729
-5.879044002108785,-1.080851513701033,9.392321109771729
-5.879044002108785,-1.080851513701033,9.392321109771729
-5.879044002108785,-1.080851513701033,9.392321109771729
-6.019480819355247,-1.1017107676613134,9.392321109771729
-6.019480819355247,-1.1017107676613134,9.392321109771729
-6.019480819355247,-1.1017107676613134,9.392321109771729
-6.019480819355247,-1.1017107676613134,9.392321109771729
-6.019480819355247,-1.1017107676613134,9.392321109771729
-6.161756354235528,-1.1255069438929737,9.392321109771729
-6.161756354235528,-1.1255069438929737,9.392321109771729
-6.161756354235528,-1.1255069438929737,9.392321109771729
-6.161756354235528,-1.1255069438929737,9.392321109771729
-6.161756354235528,-1.1255069438929737,9.392321109771729
-6.320333533005688,-1.1509508932864485,9.392321109771729
-6.320333533005688,-1.1509508932864485,9.392321109771729
-6.320333533005688,-1.1509508932864485,9.392321109771729
-6.320333533005688,-1.1509508932864485,9.392321109771729
-6.320333533005688,-1.1509508932864485,9.392321109771729
-6.443686774235039,-1.1661694870745054,9.392321109771729
-6.443686774235039,-1.1661694870745054,9.392321109771729
-6.443686774235039,-1.1661694870745054,9.392321109771729
-6.443686774235039,-1.1661694870745054,9.392321109771729
-6.443686774235039,-1.1661694870745054,9.392321109771729
-6.508625587227968,-1.1701565772213967,9.392321109771729
-6.508625587227968,-1.1701565772213967,9.392321109771729
-6.508625587227968,-1.1701565772213967,9.392321109771729
-6.508625587227968,-1.1701565772213967,9.392321109771729
-6.508625587227968,-1.1701565772213967,9.392321109771729
-6.649567168921818,-1.2081702026267582,9.392321109771729
-6.649567168921818,-1.2081702026267582,9.392321109771729
-6.649567168921818,-1.2081702026267582,9.392321109771729
-6.649567168921818,-1.2081702026267582,9.392321109771729
-6.649567168921818,-1.2081702026267582,9.392321109771729
-6.656555028508902,-1.2104007347930488,9.392321109771729
-6.656555028508902,-1.2104007347930488,9.392321109771729
-6.656555028508902,-1.2104007347930488,9.392321109771729
-6.656555028508902,-1.2104007347930488,9.392321109771729
-6.656555028508902,-1.2104007347930488,9.392321109771729
-6.722512006941898,-1.2314029653879943,9.392321109771729
-6.722512006941898,-1.2314029653879943,9.392321109771729
-6.722512006941898,-1.2314029653879943,9.392321109771729
-6.722512006941898,-1.2314029653879943,9.392321109771729
-6.722512006941898,-1.2314029653879943,9.392321109771729
-6.722512006941898,-1.2314029653879943,9.392321109771729
-6.8263138490576125,-1.285252113019937,9.392321109771729
-6.8263138490576125,-1.285252113019937,9.392321109771729
-6.8263138490576125,-1.285252113019937,9.392321109771729
-6.8263138490576125,-1.285252113019937,9.392321109771729
-6.8263138490576125,-1.285252113019937,9.392321109771729
-6.911942305786232,-1.3351029371484913,9.392321109771729
-6.911942305786232,-1.3351029371484913,9.392321109771729
-6.911942305786232,-1.3351029371484913,9.392321109771729
-6.911942305786232,-1.3351029371484913,9.392321109771729
-6.911942305786232,-1.3351029371484913,9.392321109771729
-7.0009534542378375,-1.4070434563196101,9.392321109771729
-7.0009534542378375,-1.4070434563196101,9.392321109771729
-7.0009534542378375,-1.4070434563196101,9.392321109771729
-7.0009534542378375,-1.4070434563196101,9.392321109771729
-7.0009534542378375,-1.4070434563196101,9.392321109771729
-7.0009534542378375,-1.4070434563196101,9.392321109771729
-7.088881309497796,-1.467598233268787,9.392321109771729
-7.088881309497796,-1.467598233268787,9.392321109771729
-7.088881309497796,-1.467598233268787,9.392321109771729
-7.088881309497796,-1.467598233268787,9.392321109771729
-7.088881309497796,-1.467598233268787,9.392321109771729
-7.16007453244986,-1.5367972268214318,9.392321109771729
-7.16007453244986,-1.5367972268214318,9.392321109771729
-7.16007453244986,-1.5367972268214318,9.392321109771729
-7.16007453244986,-1.5367972268214318,9.392321109771729
-7.16007453244986,-1.5367972268214318,9.392321109771729
-7.1806716455946,-1.5855663362969517,9.392321109771729
-7.1806716455946,-1.5855663362969517,9.392321109771729
-7.1806716455946,-1.5855663362969517,9.392321109771729
-7.1806716455946,-1.5855663362969517,9.392321109771729
-7.1806716455946,-1.5855663362969517,9.392321109771729
-7.2623579870231465,-1.6538231274280237,9.392321109771729
-7.2623579870231465,-1.6538231274280237,9.392321109771729
-7.2623579870231465,-1.6538231274280237,9.392321109771729
-7.2623579870231465,-1.6538231274280237,9.392321109771729
-7.2623579870231465,-1.6538231274280237,9.392321109771729
-7.319503946397244,-1.7117693570721189,9.392321109771729
-7.319503946397244,-1.7117693570721189,9.392321109771729
-7.319503946397244,-1.7117693570721189,9.392321109771729
-7.319503946397244,-1.7117693570721189,9.392321109771729
-7.319503946397244,-1.7117693570721189,9.392321109771729
-7.403268594339034,-1.761464197459261,9.392321109771729
-7.403268594339034,-1.761464197459261,9.392321109771729
-7.403268594339034,-1.761464197459261,9.392321109771729
-7.403268594339034,-1.761464197459261,9.392321109771729
-7.403268594339034,-1.761464197459261,9.392321109771729
-7.403268594339034,-1.761464197459261,9.392321109771729
-7.482880322356596,-1.8045706553369427,9.392321109771729
-7.482880322356596,-1.8045706553369427,9.392321109771729
-7.482880322356596,-1.8045706553369427,9.392321109771729
-7.482880322356596,-1.8045706553369427,9.392321109771729
-7.482880322356596,-1.8045706553369427,9.392321109771729
-7.654044160287612,-1.8847168199263635,9.392321109771729
-7.654044160287612,-1.8847168199263635,9.392321109771729
-7.654044160287612,-1.8847168199263635,9.392321109771729
-7.654044160287612,-1.8847168199263635,9.392321109771729
-7.654044160287612,-1.8847168199263635,9.392321109771729
-7.754141587520555,-1.9299989568192637,9.392321109771729
-7.754141587520555,-1.9299989568192637,9.392321109771729
-7.754141587520555,-1.9299989568192637,9.392321109771729
-7.754141587520555,-1.9299989568192637,9.392321109771729
-7.754141587520555,-1.9299989568192637,9.392321109771729
-7.83953580934264,-1.9851889555063047,9.392321109771729
-7.83953580934264,-1.9851889555063047,9.392321109771729
-7.83953580934264,-1.9851889555063047,9.392321109771729
-7.83953580934264,-1.9851889555063047,9.392321109771729
-7.83953580934264,-1.9851889555063047,9.392321109771729
-8.023670279672857,-2.0656631664255114,9.392321109771729
-8.023670279672857,-2.0656631664255114,9.392321109771729
-8.023670279672857,-2.0656631664255114,9.392321109771729
-8.023670279672857,-2.0656631664255114,9.392321109771729
-8.023670279672857,-2.0656631664255114,9.392321109771729
-8.176539273274418,-2.14459238986191,9.392321109771729
-8.176539273274418,-2.14459238986191,9.392321109771729
-8.176539273274418,-2.14459238986191,9.392321109771729
-8.176539273274418,-2.14459238986191,9.392321109771729
-8.176539273274418,-2.14459238986191,9.392321109771729
-8.281815247264454,-2.1806397203257206,9.392321109771729
-8.281815247264454,-2.1806397203257206,9.392321109771729
-8.281815247264454,-2.1806397203257206,9.392321109771729
-8.281815247264454,-2.1806397203257206,9.392321109771729
-8.281815247264454,-2.1806397203257206,9.392321109771729
-8.323629345395792,-2.2238464960714164,9.392321109771729
-8.323629345395792,-2.2238464960714164,9.392321109771729
-8.323629345395792,-2.2238464960714164,9.392321109771729
-8.323629345395792,-2.2238464960714164,9.392321109771729
-8.323629345395792,-2.2238464960714164,9.392321109771729
-8.323629345395792,-2.2238464960714164,9.392321109771729
-8.414280074397839,-2.2783194111285257,9.392321109771729
-8.414280074397839,-2.2783194111285257,9.392321109771729
-8.414280074397839,-2.2783194111285257,9.392321109771729
-8.414280074397839,-2.2783194111285257,9.392321109771729
-8.414280074397839,-2.2783194111285257,9.392321109771729
-8.6035713334152,-2.34681103658005,9.392321109771729
-8.6035713334152,-2.34681103658005,9.392321109771729
-8.6035713334152,-2.34681103658005,9.392321109771729
-8.6035713334152,-2.34681103658005,9.392321109771729
-8.6035713334152,-2.34681103658005,9.392321109771729
-8.844843656205823,-2.4268347408495248,9.392321109771729
-8.844843656205823,-2.4268347408495248,9.392321109771729
-8.844843656205823,-2.4268347408495248,9.392321109771729
-8.844843656205823,-2.4268347408495248,9.392321109771729
-8.844843656205823,-2.4268347408495248,9.392321109771729
-9.022364131749526,-2.4835139647310904,9.392321109771729
-9.022364131749526,-2.4835139647310904,9.392321109771729
-9.022364131749526,-2.4835139647310904,9.392321109771729
-9.022364131749526,-2.4835139647310904,9.392321109771729
-9.022364131749526,-2.4835139647310904,9.392321109771729
-9.174148378116051,-2.542046714896236,9.392321109771729
-9.174148378116051,-2.542046714896236,9.392321109771729
-9.174148378116051,-2.542046714896236,9.392321109771729
-9.174148378116051,-2.542046714896236,9.392321109771729
-9.174148378116051,-2.542046714896236,9.392321109771729
-9.349384969438853,-2.608724127283811,9.392321109771729
-9.349384969438853,-2.608724127283811,9.392321109771729
-9.349384969438853,-2.608724127283811,9.392321109771729
-9.349384969438853,-2.608724127283811,9.392321109771729
-9.349384969438853,-2.608724127283811,9.392321109771729
-9.470089604229205,-2.658684131283096,9.392321109771729
-9.470089604229205,-2.658684131283096,9.392321109771729
-9.470089604229205,-2.658684131283096,9.392321109771729
-9.470089604229205,-2.658684131283096,9.392321109771729
-9.470089604229205,-2.658684131283096,9.392321109771729
-9.553468522806423,-2.6880015758313314,9.392321109771729
-9.553468522806423,-2.6880015758313314,9.392321109771729
-9.553468522806423,-2.6880015758313314,9.392321109771729
-9.553468522806423,-2.6880015758313314,9.392321109771729
-9.553468522806423,-2.6880015758313314,9.392321109771729
-9.610457366823798,-2.7203739108374823,9.392321109771729
-9.610457366823798,-2.7203739108374823,9.392321109771729
-9.610457366823798,-2.7203739108374823,9.392321109771729
-9.610457366823798,-2.7203739108374823,9.392321109771729
-9.610457366823798,-2.7203739108374823,9.392321109771729
-9.706000387901465,-2.7615016482149985,9.392321109771729
-9.706000387901465,-2.7615016482149985,9.392321109771729
-9.706000387901465,-2.7615016482149985,9.392321109771729
-9.706000387901465,-2.7615016482149985,9.392321109771729
-9.706000387901465,-2.7615016482149985,9.392321109771729
-9.898724460458071,-2.8323511241294037,9.392321109771729
-9.898724460458071,-2.8323511241294037,9.392321109771729
-9.898724460458071,-2.8323511241294037,9.392321109771729
-9.898724460458071,-2.8323511241294037,9.392321109771729
-9.898724460458071,-2.8323511241294037,9.392321109771729
-10.014693015221956,-2.87671913438096,9.392321109771729
-10.014693015221956,-2.87671913438096,9.392321109771729
-10.014693015221956,-2.87671913438096,9.392321109771729
-10.014693015221956,-2.87671913438096,9.392321109771729
-10.014693015221956,-2.87671913438096,9.392321109771729
-10.15113130173625,-2.911047681986526,9.392321109771729
-10.15113130173625,-2.911047681986526,9.392321109771729
-10.15113130173625,-2.911047681986526,9.392321109771729
-10.15113130173625,-2.911047681986526,9.392321109771729
-10.15113130173625,-2.911047681986526,9.392321109771729
-10.346315607627114,-2.9714225593405588,9.392321109771729
-10.346315607627114,-2.9714225593405588,9.392321109771729
-10.346315607627114,-2.9714225593405588,9.392321109771729
-10.346315607627114,-2.9714225593405588,9.392321109771729
-10.346315607627114,-2.9714225593405588,9.392321109771729
-10.346315607627114,-2.9714225593405588,9.392321109771729
-10.52339246981094,-3.018454882073521,9.392321109771729
-10.52339246981094,-3.018454882073521,9.392321109771729
-10.52339246981094,-3.018454882073521,9.392321109771729
-10.52339246981094,-3.018454882073521,9.392321109771729
-10.52339246981094,-3.018454882073521,9.392321109771729
-10.68289704533121,-3.063805089187287,9.392321109771729
-10.68289704533121,-3.063805089187287,9.392321109771729
-10.68289704533121,-3.063805089187287,9.392321109771729
-10.68289704533121,-3.063805089187287,9.392321109771729
-10.68289704533121,-3.063805089187287,9.392321109771729
-10.792850376279134,-3.093531423212194,9.392321109771729
-10.792850376279134,-3.093531423212194,9.392321109771729
-10.792850376279134,-3.093531423212194,9.392321109771729
-10.792850376279134,-3.093531423212194,9.392321109771729
-10.792850376279134,-3.093531423212194,9.392321109771729
-10.97227534633338,-3.150912085005576,9.392321109771729
-10.97227534633338,-3.150912085005576,9.392321109771729
-10.97227534633338,-3.150912085005576,9.392321109771729
-10.97227534633338,-3.150912085005576,9.392321109771729
-10.97227534633338,-3.150912085005576,9.392321109771729
-11.09429390479894,-3.1919228713587477,9.392321109771729
-11.09429390479894,-3.1919228713587477,9.392321109771729
-11.09429390479894,-3.1919228713587477,9.392321109771729
-11.09429390479894,-3.1919228713587477,9.392321109771729
-11.09429390479894,-3.1919228713587477,9.392321109771729
-11.222887414356276,-3.2214917028938768,9.392321109771729
-11.222887414356276,-3.2214917028938768,9.392321109771729
-11.222887414356276,-3.2214917028938768,9.392321109771729
-11.222887414356276,-3.2214917028938768,9.392321109771729
-11.222887414356276,-3.2214917028938768,9.392321109771729
-11.36164880996947,-3.25791403353258,9.392321109771729
-11.36164880996947,-3.25791403353258,9.392321109771729
-11.36164880996947,-3.25791403353258,9.392321109771729
-11.36164880996947,-3.25791403353258,9.392321109771729
-11.36164880996947,-3.25791403353258,9.392321109771729
-11.574597731528245,-3.313277949714454,9.392321109771729
-11.574597731528245,-3.313277949714454,9.392321109771729
-11.574597731528245,-3.313277949714454,9.392321109771729
-11.574597731528245,-3.313277949714454,9.392321109771729
-11.574597731528245,-3.313277949714454,9.392321109771729
-11.692632853629787,-3.3385312291230957,9.392321109771729
-11.692632853629787,-3.3385312291230957,9.392321109771729
-11.692632853629787,-3.3385312291230957,9.392321109771729
-11.692632853629787,-3.3385312291230957,9.392321109771729
-11.692632853629787,-3.3385312291230957,9.392321109771729
-11.831235312820043,-3.3636321822624264,9.392321109771729
-11.831235312820043,-3.3636321822624264,9.392321109771729
-11.831235312820043,-3.3636321822624264,9.392321109771729
-11.831235312820043,-3.3636321822624264,9.392321109771729
-11.831235312820043,-3.3636321822624264,9.392321109771729
-12.017545538923494,-3.4092514560170732,9.392321109771729
-12.017545538923494,-3.4092514560170732,9.392321109771729
-12.017545538923494,-3.4092514560170732,9.392321109771729
-12.017545538923494,-3.4092514560170732,9.392321109771729
-12.017545538923494,-3.4092514560170732,9.392321109771729
-12.150480667071909,-3.4366499205059324,9.392321109771729
-12.150480667071909,-3.4366499205059324,9.392321109771729
-12.150480667071909,-3.4366499205059324,9.392321109771729
-12.150480667071909,-3.4366499205059324,9.392321109771729
-12.150480667071909,-3.4366499205059324,9.392321109771729
-12.316170423049574,-3.491347387504478,9.392321109771729
-12.316170423049574,-3.491347387504478,9.392321109771729
-12.316170423049574,-3.491347387504478,9.392321109771729
-12.316170423049574,-3.491347387504478,9.392321109771729
-12.316170423049574,-3.491347387504478,9.392321109771729
-12.510495807208738,-3.5340181745519597,9.392321109771729
-12.510495807208738,-3.5340181745519597,9.392321109771729
-12.510495807208738,-3.5340181745519597,9.392321109771729
-12.510495807208738,-3.5340181745519597,9.392321109771729
-12.510495807208738,-3.5340181745519597,9.392321109771729
-12.687189583439899,-3.567686372927602,9.392321109771729
-12.687189583439899,-3.567686372927602,9.392321109771729
-12.687189583439899,-3.567686372927602,9.392321109771729
-12.687189583439899,-3.567686372927602,9.392321109771729
-12.687189583439899,-3.567686372927602,9.392321109771729
-12.822684665077638,-3.589236716340358,9.392321109771729
-12.822684665077638,-3.589236716340358,9.392321109771729
-12.822684665077638,-3.589236716340358,9.392321109771729
-12.822684665077638,-3.589236716340358,9.392321109771729
-12.822684665077638,-3.589236716340358,9.392321109771729
-12.940239099375223,-3.6049341575152276,9.392321109771729
-12.940239099375223,-3.6049341575152276,9.392321109771729
-12.940239099375223,-3.6049341575152276,9.392321109771729
-12.940239099375223,-3.6049341575152276,9.392321109771729
-12.940239099375223,-3.6049341575152276,9.392321109771729
-13.151590286688666,-3.655425235956044,9.392321109771729
-13.151590286688666,-3.655425235956044,9.392321109771729
-13.151590286688666,-3.655425235956044,9.392321109771729
-13.151590286688666,-3.655425235956044,9.392321109771729
-13.151590286688666,-3.655425235956044,9.392321109771729
-13.292775371895338,-3.6878016685447976,9.392321109771729
-13.292775371895338,-3.6878016685447976,9.392321109771729
-13.292775371895338,-3.6878016685447976,9.392321109771729
-13.292775371895338,-3.6878016685447976,9.392321109771729
-13.292775371895338,-3.6878016685447976,9.392321109771729
-13.389131836600551,-3.708778739502336,9.392321109771729
-13.389131836600551,-3.708778739502336,9.392321109771729
-13.389131836600551,-3.708778739502336,9.392321109771729
-13.389131836600551,-3.708778739502336,9.392321109771729
-13.389131836600551,-3.708778739502336,9.392321109771729
-13.544799490725312,-3.740306539958064,9.392321109771729
-13.544799490725312,-3.740306539958064,9.392321109771729
-13.544799490725312,-3.740306539958064,9.392321109771729
-13.544799490725312,-3.740306539958064,9.392321109771729
-13.544799490725312,-3.740306539958064,9.392321109771729
-13.724658938272738,-3.7763378147765763,9.392321109771729
-13.724658938272738,-3.7763378147765763,9.392321109771729
-13.724658938272738,-3.7763378147765763,9.392321109771729
-13.724658938272738,-3.7763378147765763,9.392321109771729
-13.724658938272738,-3.7763378147765763,9.392321109771729
-13.898903697869358,-3.8176324978041163,9.392321109771729
-13.898903697869358,-3.8176324978041163,9.392321109771729
-13.898903697869358,-3.8176324978041163,9.392321109771729
-13.898903697869358,-3.8176324978041163,9.392321109771729
-13.898903697869358,-3.8176324978041163,9.392321109771729
-14.068189367840285,-3.8498898390114666,9.392321109771729
-14.068189367840285,-3.8498898390114666,9.392321109771729
-14.068189367840285,-3.8498898390114666,9.392321109771729
-14.068189367840285,-3.8498898390114666,9.392321109771729
-14.068189367840285,-3.8498898390114666,9.392321109771729
-14.252832369528186,-3.890154861361392,9.392321109771729
-14.252832369528186,-3.890154861361392,9.392321109771729
-14.252832369528186,-3.890154861361392,9.392321109771729
-14.252832369528186,-3.890154861361392,9.392321109771729
-14.252832369528186,-3.890154861361392,9.392321109771729
-14.42988165694295,-3.9173825095512824,9.392321109771729
-14.42988165694295,-3.9173825095512824,9.392321109771729
-14.42988165694295,-3.9173825095512824,9.392321109771729
-14.42988165694295,-3.9173825095512824,9.392321109771729
-14.42988165694295,-3.9173825095512824,9.392321109771729
-14.554595805698822,-3.940114692444907,9.392321109771729
-14.554595805698822,-3.940114692444907,9.392321109771729
-14.554595805698822,-3.940114692444907,9.392321109771729
-14.554595805698822,-3.940114692444907,9.392321109771729
-14.554595805698822,-3.940114692444907,9.392321109771729
-14.554595805698822,-3.940114692444907,9.392321109771729
-14.70827777115036,-3.969878941853597,9.392321109771729
-14.70827777115036,-3.969878941853597,9.392321109771729
-14.70827777115036,-3.969878941853597,9.392321109771729
-14.70827777115036,-3.969878941853597,9.392321109771729
-14.70827777115036,-3.969878941853597,9.392321109771729
-14.848946937727067,-3.985490907011477,9.392321109771729
-14.848946937727067,-3.985490907011477,9.392321109771729
-14.848946937727067,-3.985490907011477,9.392321109771729
-14.848946937727067,-3.985490907011477,9.392321109771729
-15.002326962846139,-4.013018173828305,9.392321109771729
-15.002326962846139,-4.013018173828305,9.392321109771729
-15.002326962846139,-4.013018173828305,9.392321109771729
-15.002326962846139,-4.013018173828305,9.392321109771729
-15.002326962846139,-4.013018173828305,9.392321109771729
-15.002326962846139,-4.013018173828305,9.392321109771729
-15.154257008022872,-4.045100052951325,9.392321109771729
-15.154257008022872,-4.045100052951325,9.392321109771729
-15.154257008022872,-4.045100052951325,9.392321109771729
-15.154257008022872,-4.045100052951325,9.392321109771729
-15.154257008022872,-4.045100052951325,9.392321109771729
-15.344603772987142,-4.087912553393524,9.392321109771729
-15.344603772987142,-4.087912553393524,9.392321109771729
-15.344603772987142,-4.087912553393524,9.392321109771729
-15.344603772987142,-4.087912553393524,9.392321109771729
-15.344603772987142,-4.087912553393524,9.392321109771729
-15.493729934979752,-4.122246655744099,9.392321109771729
-15.493729934979752,-4.122246655744099,9.392321109771729
-15.493729934979752,-4.122246655744099,9.392321109771729
-15.493729934979752,-4.122246655744099,9.392321109771729
-15.493729934979752,-4.122246655744099,9.392321109771729
-15.665082163808565,-4.154399915502773,9.392321109771729
-15.665082163808565,-4.154399915502773,9.392321109771729
-15.665082163808565,-4.154399915502773,9.392321109771729
-15.665082163808565,-4.154399915502773,9.392321109771729
-15.665082163808565,-4.154399915502773,9.392321109771729
-15.827033269694187,-4.184945104666244,9.392321109771729
-15.827033269694187,-4.184945104666244,9.392321109771729
-15.827033269694187,-4.184945104666244,9.392321109771729
-15.827033269694187,-4.184945104666244,9.392321109771729
-15.827033269694187,-4.184945104666244,9.392321109771729
-16.037784400247787,-4.216634434150762,9.392321109771729
-16.037784400247787,-4.216634434150762,9.392321109771729
-16.037784400247787,-4.216634434150762,9.392321109771729
-16.037784400247787,-4.216634434150762,9.392321109771729
-16.037784400247787,-4.216634434150762,9.392321109771729
-16.247072744966225,-4.2620934785311535,9.392321109771729
-16.247072744966225,-4.2620934785311535,9.392321109771729
-16.247072744966225,-4.2620934785311535,9.392321109771729
-16.247072744966225,-4.2620934785311535,9.392321109771729
-16.247072744966225,-4.2620934785311535,9.392321109771729
-16.413117022376237,-4.306126339693073,9.392321109771729
-16.413117022376237,-4.306126339693073,9.392321109771729
-16.413117022376237,-4.306126339693073,9.392321109771729
-16.413117022376237,-4.306126339693073,9.392321109771729
-16.413117022376237,-4.306126339693073,9.392321109771729
-16.58824544528935,-4.353456816530137,9.392321109771729
-16.58824544528935,-4.353456816530137,9.392321109771729
-16.58824544528935,-4.353456816530137,9.392321109771729
-16.58824544528935,-4.353456816530137,9.392321109771729
-16.58824544528935,-4.353456816530137,9.392321109771729
-16.81492128511715,-4.4180447722170655,9.392321109771729
-16.81492128511715,-4.4180447722170655,9.392321109771729
-16.81492128511715,-4.4180447722170655,9.392321109771729
-16.81492128511715,-4.4180447722170655,9.392321109771729
-16.81492128511715,-4.4180447722170655,9.392321109771729
-17.002878892266185,-4.462580630941529,9.392321109771729
-17.002878892266185,-4.462580630941529,9.392321109771729
-17.002878892266185,-4.462580630941529,9.392321109771729
-17.002878892266185,-4.462580630941529,9.392321109771729
-17.002878892266185,-4.462580630941529,9.392321109771729
-17.12033584029407,-4.487667929808337,9.392321109771729
-17.12033584029407,-4.487667929808337,9.392321109771729
-17.12033584029407,-4.487667929808337,9.392321109771729
-17.12033584029407,-4.487667929808337,9.392321109771729
-17.12033584029407,-4.487667929808337,9.392321109771729
-17.407764821241784,-4.554516310517065,9.392321109771729
-17.407764821241784,-4.554516310517065,9.392321109771729
-17.407764821241784,-4.554516310517065,9.392321109771729
-17.407764821241784,-4.554516310517065,9.392321109771729
-17.407764821241784,-4.554516310517065,9.392321109771729
-17.45989767931735,-4.563263548798584,9.392321109771729
-17.45989767931735,-4.563263548798584,9.392321109771729
-17.45989767931735,-4.563263548798584,9.392321109771729
-17.45989767931735,-4.563263548798584,9.392321109771729
-17.45989767931735,-4.563263548798584,9.392321109771729
-17.60253210376206,-4.584905935815614,9.392321109771729
-17.60253210376206,-4.584905935815614,9.392321109771729
-17.60253210376206,-4.584905935815614,9.392321109771729
-17.60253210376206,-4.584905935815614,9.392321109771729
-17.60253210376206,-4.584905935815614,9.392321109771729
-17.838466041908966,-4.655527704662342,9.392321109771729
-17.838466041908966,-4.655527704662342,9.392321109771729
-17.838466041908966,-4.655527704662342,9.392321109771729
-17.838466041908966,-4.655527704662342,9.392321109771729
-17.838466041908966,-4.655527704662342,9.392321109771729
-17.838466041908966,-4.655527704662342,9.392321109771729
-18.02413064661786,-4.706581125199274,9.392321109771729
-18.02413064661786,-4.706581125199274,9.392321109771729
-18.02413064661786,-4.706581125199274,9.392321109771729
-18.02413064661786,-4.706581125199274,9.392321109771729
-18.02413064661786,-4.706581125199274,9.392321109771729
-18.02413064661786,-4.706581125199274,9.392321109771729
-18.25441916724429,-4.772616302662998,9.392321109771729
-18.25441916724429,-4.772616302662998,9.392321109771729
-18.25441916724429,-4.772616302662998,9.392321109771729
-18.25441916724429,-4.772616302662998,9.392321109771729
-18.434437935057645,-4.817624531590085,9.392321109771729
-18.434437935057645,-4.817624531590085,9.392321109771729
-18.434437935057645,-4.817624531590085,9.392321109771729
-18.434437935057645,-4.817624531590085,9.392321109771729
-18.434437935057645,-4.817624531590085,9.392321109771729
-18.634491767115694,-4.878952992453437,9.392321109771729
-18.634491767115694,-4.878952992453437,9.392321109771729
-18.634491767115694,-4.878952992453437,9.392321109771729
-18.634491767115694,-4.878952992453437,9.392321109771729
-18.634491767115694,-4.878952992453437,9.392321109771729
-18.769707058284748,-4.919747516008495,9.392321109771729
-18.769707058284748,-4.919747516008495,9.392321109771729
-18.769707058284748,-4.919747516008495,9.392321109771729
-18.769707058284748,-4.919747516008495,9.392321109771729
-18.769707058284748,-4.919747516008495,9.392321109771729
-18.94403948724209,-4.968654389500649,9.392321109771729
-18.94403948724209,-4.968654389500649,9.392321109771729
-18.94403948724209,-4.968654389500649,9.392321109771729
-18.94403948724209,-4.968654389500649,9.392321109771729
-18.94403948724209,-4.968654389500649,9.392321109771729
-19.094792318690494,-5.003532356809952,9.392321109771729
-19.094792318690494,-5.003532356809952,9.392321109771729
-19.094792318690494,-5.003532356809952,9.392321109771729
-19.094792318690494,-5.003532356809952,9.392321109771729
-19.094792318690494,-5.003532356809952,9.392321109771729
-19.23604514340839,-5.035008799444802,9.392321109771729
-19.23604514340839,-5.035008799444802,9.392321109771729
-19.23604514340839,-5.035008799444802,9.392321109771729
-19.23604514340839,-5.035008799444802,9.392321109771729
-19.23604514340839,-5.035008799444802,9.392321109771729
-19.38472333265502,-5.071033893434768,9.392321109771729
-19.38472333265502,-5.071033893434768,9.392321109771729
-19.38472333265502,-5.071033893434768,9.392321109771729
-19.38472333265502,-5.071033893434768,9.392321109771729
-19.38472333265502,-5.071033893434768,9.392321109771729
-19.535309246695494,-5.088856931219968,9.392321109771729
-19.535309246695494,-5.088856931219968,9.392321109771729
-19.535309246695494,-5.088856931219968,9.392321109771729
-19.535309246695494,-5.088856931219968,9.392321109771729
-19.535309246695494,-5.088856931219968,9.392321109771729
-19.6834584266142,-5.120828279862555,9.392321109771729
-19.6834584266142,-5.120828279862555,9.392321109771729
-19.6834584266142,-5.120828279862555,9.392321109771729
-19.6834584266142,-5.120828279862555,9.392321109771729
-19.6834584266142,-5.120828279862555,9.392321109771729
-19.839451147835376,-5.167348494891704,9.392321109771729
-19.839451147835376,-5.167348494891704,9.392321109771729
-19.839451147835376,-5.167348494891704,9.392321109771729
-19.839451147835376,-5.167348494891704,9.392321109771729
-19.839451147835376,-5.167348494891704,9.392321109771729
-19.98140368580416,-5.203865595314686,9.392321109771729
-19.98140368580416,-5.203865595314686,9.392321109771729
-19.98140368580416,-5.203865595314686,9.392321109771729
-19.98140368580416,-5.203865595314686,9.392321109771729
-20.095914821374844,-5.2312166893370176,9.392321109771729
-20.095914821374844,-5.2312166893370176,9.392321109771729
-20.095914821374844,-5.2312166893370176,9.392321109771729
-20.095914821374844,-5.2312166893370176,9.392321109771729
-20.095914821374844,-5.2312166893370176,9.392321109771729
-20.2492813110681,-5.2649743569401055,9.392321109771729
-20.2492813110681,-5.2649743569401055,9.392321109771729
-20.2492813110681,-5.2649743569401055,9.392321109771729
-20.2492813110681,-5.2649743569401055,9.392321109771729
-20.2492813110681,-5.2649743569401055,9.392321109771729
-20.413616165865854,-5.30227244154631,9.392321109771729
-20.413616165865854,-5.30227244154631,9.392321109771729
-20.413616165865854,-5.30227244154631,9.392321109771729
-20.413616165865854,-5.30227244154631,9.392321109771729
-20.413616165865854,-5.30227244154631,9.392321109771729
-20.545933511864668,-5.357156442654022,9.392321109771729
-20.545933511864668,-5.357156442654022,9.392321109771729
-20.545933511864668,-5.357156442654022,9.392321109771729
-20.545933511864668,-5.357156442654022,9.392321109771729
-20.545933511864668,-5.357156442654022,9.392321109771729
-20.690709892767934,-5.412544862315363,9.392321109771729
-20.690709892767934,-5.412544862315363,9.392321109771729
-20.690709892767934,-5.412544862315363,9.392321109771729
-20.690709892767934,-5.412544862315363,9.392321109771729
-20.690709892767934,-5.412544862315363,9.392321109771729
-20.796927622169836,-5.44360038887504,9.392321109771729
-20.796927622169836,-5.44360038887504,9.392321109771729
-20.796927622169836,-5.44360038887504,9.392321109771729
-20.796927622169836,-5.44360038887504,9.392321109771729
-20.981136971204485,-5.492203494252753,9.392321109771729
-20.981136971204485,-5.492203494252753,9.392321109771729
-20.981136971204485,-5.492203494252753,9.392321109771729
-20.981136971204485,-5.492203494252753,9.392321109771729
-20.981136971204485,-5.492203494252753,9.392321109771729
-21.1380779993224,-5.536736462222794,9.392321109771729
-21.1380779993224,-5.536736462222794,9.392321109771729
-21.1380779993224,-5.536736462222794,9.392321109771729
-21.1380779993224,-5.536736462222794,9.392321109771729
-21.1380779993224,-5.536736462222794,9.392321109771729
-21.30355959981944,-5.586166162910848,9.392321109771729
-21.30355959981944,-5.586166162910848,9.392321109771729
-21.30355959981944,-5.586166162910848,9.392321109771729
-21.30355959981944,-5.586166162910848,9.392321109771729
-21.30355959981944,-5.586166162910848,9.392321109771729
-21.469660056270435,-5.638187822673552,9.392321109771729
-21.469660056270435,-5.638187822673552,9.392321109771729
-21.469660056270435,-5.638187822673552,9.392321109771729
-21.469660056270435,-5.638187822673552,9.392321109771729
-21.469660056270435,-5.638187822673552,9.392321109771729
-21.61431569802831,-5.702622716007597,9.392321109771729
-21.61431569802831,-5.702622716007597,9.392321109771729
-21.61431569802831,-5.702622716007597,9.392321109771729
-21.61431569802831,-5.702622716007597,9.392321109771729
-21.61431569802831,-5.702622716007597,9.392321109771729
-21.74398698312876,-5.752957193179306,9.392321109771729
-21.74398698312876,-5.752957193179306,9.392321109771729
-21.74398698312876,-5.752957193179306,9.392321109771729
-21.74398698312876,-5.752957193179306,9.392321109771729
-21.885107819093548,-5.786081234902113,9.392321109771729
-21.885107819093548,-5.786081234902113,9.392321109771729
-21.885107819093548,-5.786081234902113,9.392321109771729
-21.885107819093548,-5.786081234902113,9.392321109771729
-21.885107819093548,-5.786081234902113,9.392321109771729
-21.93117056331708,-5.793647841778705,9.392321109771729
-21.93117056331708,-5.793647841778705,9.392321109771729
-21.93117056331708,-5.793647841778705,9.392321109771729
-21.93117056331708,-5.793647841778705,9.392321109771729
-21.93117056331708,-5.793647841778705,9.392321109771729
-22.080652437067435,-5.837275873508579,9.392321109771729
-22.080652437067435,-5.837275873508579,9.392321109771729
-22.080652437067435,-5.837275873508579,9.392321109771729
-22.080652437067435,-5.837275873508579,9.392321109771729
-22.080652437067435,-5.837275873508579,9.392321109771729
-22.28229575166826,-5.90743162405388,9.392321109771729
-22.28229575166826,-5.90743162405388,9.392321109771729
-22.28229575166826,-5.90743162405388,9.392321109771729
-22.28229575166826,-5.90743162405388,9.392321109771729
-22.417002169818044,-5.963414187146147,9.392321109771729
-22.417002169818044,-5.963414187146147,9.392321109771729
-22.417002169818044,-5.963414187146147,9.392321109771729
-22.417002169818044,-5.963414187146147,9.392321109771729
-22.417002169818044,-5.963414187146147,9.392321109771729
-22.5520842691601,-6.016305044598265,9.392321109771729
-22.5520842691601,-6.016305044598265,9.392321109771729
-22.5520842691601,-6.016305044598265,9.392321109771729
-22.5520842691601,-6.016305044598265,9.392321109771729
-22.5520842691601,-6.016305044598265,9.392321109771729
-22.705660040289708,-6.063060317234812,9.392321109771729
-22.705660040289708,-6.063060317234812,9.392321109771729
-22.705660040289708,-6.063060317234812,9.392321109771729
-22.705660040289708,-6.063060317234812,9.392321109771729
-22.859483213549847,-6.104998536846744,9.392321109771729
-22.859483213549847,-6.104998536846744,9.392321109771729
-22.859483213549847,-6.104998536846744,9.392321109771729
-22.859483213549847,-6.104998536846744,9.392321109771729
-22.859483213549847,-6.104998536846744,9.392321109771729
-23.037005497344182,-6.151014425653769,9.392321109771729
-23.037005497344182,-6.151014425653769,9.392321109771729
-23.037005497344182,-6.151014425653769,9.392321109771729
-23.037005497344182,-6.151014425653769,9.392321109771729
-23.037005497344182,-6.151014425653769,9.392321109771729
-23.12830470911329,-6.17591029895072,9.392321109771729
-23.12830470911329,-6.17591029895072,9.392321109771729
-23.12830470911329,-6.17591029895072,9.392321109771729
-23.12830470911329,-6.17591029895072,9.392321109771729
-23.12830470911329,-6.17591029895072,9.392321109771729
-23.284671800170045,-6.215959246142458,9.392321109771729
-23.284671800170045,-6.215959246142458,9.392321109771729
-23.284671800170045,-6.215959246142458,9.392321109771729
-23.284671800170045,-6.215959246142458,9.392321109771729
-23.284671800170045,-6.215959246142458,9.392321109771729
-23.40919757375067,-6.248267236762312,9.392321109771729
-23.40919757375067,-6.248267236762312,9.392321109771729
-23.40919757375067,-6.248267236762312,9.392321109771729
-23.40919757375067,-6.248267236762312,9.392321109771729
-23.40919757375067,-6.248267236762312,9.392321109771729
-23.536051656327402,-6.274186756294295,9.392321109771729
-23.536051656327402,-6.274186756294295,9.392321109771729
-23.536051656327402,-6.274186756294295,9.392321109771729
-23.536051656327402,-6.274186756294295,9.392321109771729
-23.536051656327402,-6.274186756294295,9.392321109771729
-23.665495674177663,-6.312989849180301,9.392321109771729
-23.665495674177663,-6.312989849180301,9.392321109771729
-23.665495674177663,-6.312989849180301,9.392321109771729
-23.665495674177663,-6.312989849180301,9.392321109771729
-23.665495674177663,-6.312989849180301,9.392321109771729
-23.817706196272873,-6.36668943522131,9.392321109771729
-23.817706196272873,-6.36668943522131,9.392321109771729
-23.817706196272873,-6.36668943522131,9.392321109771729
-23.817706196272873,-6.36668943522131,9.392321109771729
-23.968588246278244,-6.415398280145614,9.392321109771729
-23.968588246278244,-6.415398280145614,9.392321109771729
-23.968588246278244,-6.415398280145614,9.392321109771729
-23.968588246278244,-6.415398280145614,9.392321109771729
-23.968588246278244,-6.415398280145614,9.392321109771729
-24.052863107223033,-6.444892985510735,9.392321109771729
-24.052863107223033,-6.444892985510735,9.392321109771729
-24.052863107223033,-6.444892985510735,9.392321109771729
-24.052863107223033,-6.444892985510735,9.392321109771729
-24.052863107223033,-6.444892985510735,9.392321109771729
-24.188654862022386,-6.480369293986589,9.392321109771729
-24.188654862022386,-6.480369293986589,9.392321109771729
-24.188654862022386,-6.480369293986589,9.392321109771729
-24.188654862022386,-6.480369293986589,9.392321109771729
-24.188654862022386,-6.480369293986589,9.392321109771729
-24.30454604304955,-6.50509361644096,9.392321109771729
-24.30454604304955,-6.50509361644096,9.392321109771729
-24.30454604304955,-6.50509361644096,9.392321109771729
-24.30454604304955,-6.50509361644096,9.392321109771729
-24.30454604304955,-6.50509361644096,9.392321109771729
-24.44381217947502,-6.535603712595291,9.392321109771729
-24.44381217947502,-6.535603712595291,9.392321109771729
-24.44381217947502,-6.535603712595291,9.392321109771729
-24.44381217947502,-6.535603712595291,9.392321109771729
-24.593003772962415,-6.577019238388623,9.392321109771729
-24.593003772962415,-6.577019238388623,9.392321109771729
-24.593003772962415,-6.577019238388623,9.392321109771729
-24.593003772962415,-6.577019238388623,9.392321109771729
-24.593003772962415,-6.577019238388623,9.392321109771729
-24.77429542909975,-6.6255052280045215,9.392321109771729
-24.77429542909975,-6.6255052280045215,9.392321109771729
-24.77429542909975,-6.6255052280045215,9.392321109771729
-24.77429542909975,-6.6255052280045215,9.392321109771729
-24.77429542909975,-6.6255052280045215,9.392321109771729
-24.95140631419411,-6.6797494495989564,9.392321109771729
-24.95140631419411,-6.6797494495989564,9.392321109771729
-24.95140631419411,-6.6797494495989564,9.392321109771729
-24.95140631419411,-6.6797494495989564,9.392321109771729
-25.122417203255857,-6.721817015254098,9.392321109771729
-25.122417203255857,-6.721817015254098,9.392321109771729
-25.122417203255857,-6.721817015254098,9.392321109771729
-25.122417203255857,-6.721817015254098,9.392321109771729
-25.122417203255857,-6.721817015254098,9.392321109771729
-25.210310968536895,-6.73907685495359,9.392321109771729
-25.210310968536895,-6.73907685495359,9.392321109771729
-25.210310968536895,-6.73907685495359,9.392321109771729
-25.210310968536895,-6.73907685495359,9.392321109771729
-25.210310968536895,-6.73907685495359,9.392321109771729
-25.341378788710607,-6.774574188342919,9.392321109771729
-25.341378788710607,-6.774574188342919,9.392321109771729
-25.341378788710607,-6.774574188342919,9.392321109771729
-25.341378788710607,-6.774574188342919,9.392321109771729
-25.51764446397074,-6.816399858185895,9.392321109771729
-25.51764446397074,-6.816399858185895,9.392321109771729
-25.51764446397074,-6.816399858185895,9.392321109771729
-25.51764446397074,-6.816399858185895,9.392321109771729
-25.51764446397074,-6.816399858185895,9.392321109771729
-25.673781372683997,-6.854931850016072,9.392321109771729
-25.673781372683997,-6.854931850016072,9.392321109771729
-25.673781372683997,-6.854931850016072,9.392321109771729
-25.673781372683997,-6.854931850016072,9.392321109771729
-25.673781372683997,-6.854931850016072,9.392321109771729
-25.79572392251385,-6.8840032302235805,9.392321109771729
-25.79572392251385,-6.8840032302235805,9.392321109771729
-25.79572392251385,-6.8840032302235805,9.392321109771729
-25.79572392251385,-6.8840032302235805,9.392321109771729
-25.901965777556,-6.910303998122119,9.392321109771729
-25.901965777556,-6.910303998122119,9.392321109771729
-25.901965777556,-6.910303998122119,9.392321109771729
-25.901965777556,-6.910303998122119,9.392321109771729
-25.901965777556,-6.910303998122119,9.392321109771729
-26.02160935734315,-6.941240056191295,9.392321109771729
-26.02160935734315,-6.941240056191295,9.392321109771729
-26.02160935734315,-6.941240056191295,9.392321109771729
-26.02160935734315,-6.941240056191295,9.392321109771729
-26.02160935734315,-6.941240056191295,9.392321109771729
-26.134502673997027,-6.9767229159383355,9.392321109771729
-26.134502673997027,-6.9767229159383355,9.392321109771729
-26.134502673997027,-6.9767229159383355,9.392321109771729
-26.134502673997027,-6.9767229159383355,9.392321109771729
-26.134502673997027,-6.9767229159383355,9.392321109771729
-26.25643716846453,-7.013434607474359,9.392321109771729
-26.25643716846453,-7.013434607474359,9.392321109771729
-26.25643716846453,-7.013434607474359,9.392321109771729
-26.25643716846453,-7.013434607474359,9.392321109771729
-26.25643716846453,-7.013434607474359,9.392321109771729
-26.163004056067635,-6.9983693998127805,9.392321109771729
-26.163004056067635,-6.9983693998127805,9.392321109771729
-26.163004056067635,-6.9983693998127805,9.392321109771729
-26.163004056067635,-6.9983693998127805,9.392321109771729
-26.163004056067635,-6.9983693998127805,9.392321109771729
-26.06237414938187,-6.977815160845742,9.392321109771729
-26.06237414938187,-6.977815160845742,9.392321109771729
-26.06237414938187,-6.977815160845742,9.392321109771729
-26.06237414938187,-6.977815160845742,9.392321109771729
-26.06237414938187,-6.977815160845742,9.392321109771729
-26.087728061246228,-6.986760611749627,9.392321109771729
-26.087728061246228,-6.986760611749627,9.392321109771729
-26.087728061246228,-6.986760611749627,9.392321109771729
-26.087728061246228,-6.986760611749627,9.392321109771729
-26.087728061246228,-6.986760611749627,9.392321109771729
-26.10006992108492,-6.991291043999859,9.392321109771729
-26.10006992108492,-6.991291043999859,9.392321109771729
-26.10006992108492,-6.991291043999859,9.392321109771729
-26.10006992108492,-6.991291043999859,9.392321109771729
-26.10006992108492,-6.991291043999859,9.392321109771729
-26.163036401044696,-7.0163507914786685,9.392321109771729
-26.163036401044696,-7.0163507914786685,9.392321109771729
-26.163036401044696,-7.0163507914786685,9.392321109771729
-26.163036401044696,-7.0163507914786685,9.392321109771729
-26.163036401044696,-7.0163507914786685,9.392321109771729
-26.195527738988766,-7.033931367008217,9.392321109771729
-26.195527738988766,-7.033931367008217,9.392321109771729
-26.195527738988766,-7.033931367008217,9.392321109771729
-26.195527738988766,-7.033931367008217,9.392321109771729
-26.28477900855965,-7.0683010189248705,9.392321109771729
-26.28477900855965,-7.0683010189248705,9.392321109771729
-26.28477900855965,-7.0683010189248705,9.392321109771729
-26.28477900855965,-7.0683010189248705,9.392321109771729
-26.28477900855965,-7.0683010189248705,9.392321109771729
-26.395402776693377,-7.1052286487792085,9.392321109771729
-26.395402776693377,-7.1052286487792085,9.392321109771729
-26.395402776693377,-7.1052286487792085,9.392321109771729
-26.395402776693377,-7.1052286487792085,9.392321109771729
-26.395402776693377,-7.1052286487792085,9.392321109771729
-26.421525911968356,-7.120830966455557,9.392321109771729
-26.421525911968356,-7.120830966455557,9.392321109771729
-26.421525911968356,-7.120830966455557,9.392321109771729
-26.421525911968356,-7.120830966455557,9.392321109771729
-26.531134162187247,-7.160699833933177,9.392321109771729
-26.531134162187247,-7.160699833933177,9.392321109771729
-26.531134162187247,-7.160699833933177,9.392321109771729
-26.531134162187247,-7.160699833933177,9.392321109771729
-26.531134162187247,-7.160699833933177,9.392321109771729
-26.62911204194002,-7.192270188558346,9.392321109771729
-26.62911204194002,-7.192270188558346,9.392321109771729
-26.62911204194002,-7.192270188558346,9.392321109771729
-26.62911204194002,-7.192270188558346,9.392321109771729
-26.732603281884348,-7.220643622383673,9.392321109771729
-26.732603281884348,-7.220643622383673,9.392321109771729
-26.732603281884348,-7.220643622383673,9.392321109771729
-26.732603281884348,-7.220643622383673,9.392321109771729
-26.732603281884348,-7.220643622383673,9.392321109771729
-26.76295300040895,-7.22671747865899,9.392321109771729
-26.76295300040895,-7.22671747865899,9.392321109771729
-26.76295300040895,-7.22671747865899,9.392321109771729
-26.76295300040895,-7.22671747865899,9.392321109771729
-26.76295300040895,-7.22671747865899,9.392321109771729
-26.869513952548544,-7.2640621691289855,9.392321109771729
-26.869513952548544,-7.2640621691289855,9.392321109771729
-26.869513952548544,-7.2640621691289855,9.392321109771729
-26.869513952548544,-7.2640621691289855,9.392321109771729
-26.869513952548544,-7.2640621691289855,9.392321109771729
-26.990544790319536,-7.300218052776268,9.392321109771729
-26.990544790319536,-7.300218052776268,9.392321109771729
-26.990544790319536,-7.300218052776268,9.392321109771729
-26.990544790319536,-7.300218052776268,9.392321109771729
-26.990544790319536,-7.300218052776268,9.392321109771729
-27.10857195958497,-7.327556334251283,9.392321109771729
-27.10857195958497,-7.327556334251283,9.392321109771729
-27.10857195958497,-7.327556334251283,9.392321109771729
-27.10857195958497,-7.327556334251283,9.392321109771729
-27.10857195958497,-7.327556334251283,9.392321109771729
-27.244256041696804,-7.36250591452179,9.392321109771729
-27.244256041696804,-7.36250591452179,9.392321109771729
-27.244256041696804,-7.36250591452179,9.392321109771729
-27.244256041696804,-7.36250591452179,9.392321109771729
-27.244256041696804,-7.36250591452179,9.392321109771729
-27.354739456034594,-7.3909512452531665,9.392321109771729
-27.354739456034594,-7.3909512452531665,9.392321109771729
-27.475340056666482,-7.423141038497026,9.392321109771729
-27.475340056666482,-7.423141038497026,9.392321109771729
-27.475340056666482,-7.423141038497026,9.392321109771729
-27.475340056666482,-7.423141038497026,9.392321109771729
-27.475340056666482,-7.423141038497026,9.392321109771729
-27.53675893738635,-7.4343156592975115,9.392321109771729
-27.53675893738635,-7.4343156592975115,9.392321109771729
-27.53675893738635,-7.4343156592975115,9.392321109771729
-27.53675893738635,-7.4343156592975115,9.392321109771729
-27.53675893738635,-7.4343156592975115,9.392321109771729
-27.707425170507356,-7.490730518175258,9.392321109771729
-27.707425170507356,-7.490730518175258,9.392321109771729
-27.707425170507356,-7.490730518175258,9.392321109771729
-27.707425170507356,-7.490730518175258,9.392321109771729
-27.707425170507356,-7.490730518175258,9.392321109771729
-27.818478865587327,-7.523969505327087,9.392321109771729
-27.818478865587327,-7.523969505327087,9.392321109771729
-27.818478865587327,-7.523969505327087,9.392321109771729
-27.818478865587327,-7.523969505327087,9.392321109771729
-27.933815919508582,-7.555420190777228,9.392321109771729
-27.933815919508582,-7.555420190777228,9.392321109771729
-27.933815919508582,-7.555420190777228,9.392321109771729
-27.933815919508582,-7.555420190777228,9.392321109771729
-27.933815919508582,-7.555420190777228,9.392321109771729
-28.05899619312245,-7.585258306399509,9.392321109771729
-28.05899619312245,-7.585258306399509,9.392321109771729
-28.05899619312245,-7.585258306399509,9.392321109771729
-28.05899619312245,-7.585258306399509,9.392321109771729
-28.05899619312245,-7.585258306399509,9.392321109771729
-28.11764374206257,-7.600416652030539,9.392321109771729
-28.11764374206257,-7.600416652030539,9.392321109771729
-28.11764374206257,-7.600416652030539,9.392321109771729
-28.11764374206257,-7.600416652030539,9.392321109771729
-28.11764374206257,-7.600416652030539,9.392321109771729
-28.237602585864128,-7.628038548451697,9.392321109771729
-28.237602585864128,-7.628038548451697,9.392321109771729
-28.237602585864128,-7.628038548451697,9.392321109771729
-28.237602585864128,-7.628038548451697,9.392321109771729
-28.237602585864128,-7.628038548451697,9.392321109771729
-28.35186644093664,-7.65348981683443,9.392321109771729
-28.35186644093664,-7.65348981683443,9.392321109771729
-28.35186644093664,-7.65348981683443,9.392321109771729
-28.35186644093664,-7.65348981683443,9.392321109771729
-28.35186644093664,-7.65348981683443,9.392321109771729
-28.47377569860929,-7.677546583209261,9.392321109771729
-28.47377569860929,-7.677546583209261,9.392321109771729
-28.47377569860929,-7.677546583209261,9.392321109771729
-28.47377569860929,-7.677546583209261,9.392321109771729
-28.593566746743424,-7.699760050204921,9.392321109771729
-28.593566746743424,-7.699760050204921,9.392321109771729
-28.593566746743424,-7.699760050204921,9.392321109771729
-28.593566746743424,-7.699760050204921,9.392321109771729
-28.593566746743424,-7.699760050204921,9.392321109771729
-28.73811065083346,-7.744880032738366,9.392321109771729
-28.73811065083346,-7.744880032738366,9.392321109771729
-28.73811065083346,-7.744880032738366,9.392321109771729
-28.73811065083346,-7.744880032738366,9.392321109771729
-28.73811065083346,-7.744880032738366,9.392321109771729
-28.86576575964249,-7.779290192397549,9.392321109771729
-28.86576575964249,-7.779290192397549,9.392321109771729
-28.86576575964249,-7.779290192397549,9.392321109771729
-28.86576575964249,-7.779290192397549,9.392321109771729
-29.000692959352698,-7.812209147184356,9.392321109771729
-29.000692959352698,-7.812209147184356,9.392321109771729
-29.000692959352698,-7.812209147184356,9.392321109771729
-29.000692959352698,-7.812209147184356,9.392321109771729
-29.000692959352698,-7.812209147184356,9.392321109771729
-29.13864402055867,-7.838572760818311,9.392321109771729
-29.13864402055867,-7.838572760818311,9.392321109771729
-29.13864402055867,-7.838572760818311,9.392321109771729
-29.13864402055867,-7.838572760818311,9.392321109771729
-29.13864402055867,-7.838572760818311,9.392321109771729
-29.27603331492333,-7.866814837244661,9.392321109771729
-29.27603331492333,-7.866814837244661,9.392321109771729
-29.27603331492333,-7.866814837244661,9.392321109771729
-29.27603331492333,-7.866814837244661,9.392321109771729
-29.27603331492333,-7.866814837244661,9.392321109771729
-29.402610940203438,-7.897564420217877,9.392321109771729
-29.402610940203438,-7.897564420217877,9.392321109771729
-29.402610940203438,-7.897564420217877,9.392321109771729
-29.402610940203438,-7.897564420217877,9.392321109771729
-29.402610940203438,-7.897564420217877,9.392321109771729
-29.53151890046597,-7.9279260480296,9.392321109771729
-29.53151890046597,-7.9279260480296,9.392321109771729
-29.53151890046597,-7.9279260480296,9.392321109771729
-29.53151890046597,-7.9279260480296,9.392321109771729
-29.53151890046597,-7.9279260480296,9.392321109771729
-29.670562311820415,-7.962296357348983,9.392321109771729
-29.670562311820415,-7.962296357348983,9.392321109771729
-29.670562311820415,-7.962296357348983,9.392321109771729
-29.670562311820415,-7.962296357348983,9.392321109771729
-29.670562311820415,-7.962296357348983,9.392321109771729
-29.82251094717166,-8.000139371286107,9.392321109771729
-29.82251094717166,-8.000139371286107,9.392321109771729
-29.82251094717166,-8.000139371286107,9.392321109771729
-29.82251094717166,-8.000139371286107,9.392321109771729
-29.82251094717166,-8.000139371286107,9.392321109771729
-29.966574217794253,-8.0374197569806,9.392321109771729
-29.966574217794253,-8.0374197569806,9.392321109771729
-29.966574217794253,-8.0374197569806,9.392321109771729
-29.966574217794253,-8.0374197569806,9.392321109771729
-29.966574217794253,-8.0374197569806,9.392321109771729
-30.107006921686974,-8.071780244032247,9.392321109771729
-30.107006921686974,-8.071780244032247,9.392321109771729
-30.107006921686974,-8.071780244032247,9.392321109771729
-30.107006921686974,-8.071780244032247,9.392321109771729
-30.107006921686974,-8.071780244032247,9.392321109771729
-30.239371909742292,-8.103923527972619,9.392321109771729
-30.239371909742292,-8.103923527972619,9.392321109771729
-30.239371909742292,-8.103923527972619,9.392321109771729
-30.239371909742292,-8.103923527972619,9.392321109771729
-30.239371909742292,-8.103923527972619,9.392321109771729
-30.379837740378857,-8.136651886465778,9.392321109771729
-30.379837740378857,-8.136651886465778,9.392321109771729
-30.379837740378857,-8.136651886465778,9.392321109771729
-30.379837740378857,-8.136651886465778,9.392321109771729
-30.379837740378857,-8.136651886465778,9.392321109771729
-30.514571855511853,-8.172762409395338,9.392321109771729
-30.514571855511853,-8.172762409395338,9.392321109771729
-30.514571855511853,-8.172762409395338,9.392321109771729
-30.514571855511853,-8.172762409395338,9.392321109771729
-30.514571855511853,-8.172762409395338,9.392321109771729
-30.638952423986915,-8.205029215946444,9.392321109771729
-30.638952423986915,-8.205029215946444,9.392321109771729
-30.638952423986915,-8.205029215946444,9.392321109771729
-30.638952423986915,-8.205029215946444,9.392321109771729
-30.638952423986915,-8.205029215946444,9.392321109771729
-30.788954463694257,-8.238546047711939,9.392321109771729
-30.788954463694257,-8.238546047711939,9.392321109771729
-30.788954463694257,-8.238546047711939,9.392321109771729
-30.788954463694257,-8.238546047711939,9.392321109771729
-30.788954463694257,-8.238546047711939,9.392321109771729
-30.923211079671546,-8.269122425484015,9.392321109771729
-30.923211079671546,-8.269122425484015,9.392321109771729
-30.923211079671546,-8.269122425484015,9.392321109771729
-30.923211079671546,-8.269122425484015,9.392321109771729
-30.923211079671546,-8.269122425484015,9.392321109771729
-31.061925262322482,-8.303288410219576,9.392321109771729
-31.061925262322482,-8.303288410219576,9.392321109771729
-31.061925262322482,-8.303288410219576,9.392321109771729
-31.061925262322482,-8.303288410219576,9.392321109771729
-31.061925262322482,-8.303288410219576,9.392321109771729
-31.2018038693471,-8.33909092892148,9.392321109771729
-31.2018038693471,-8.33909092892148,9.392321109771729
-31.2018038693471,-8.33909092892148,9.392321109771729
-31.2018038693471,-8.33909092892148,9.392321109771729
-31.2018038693471,-8.33909092892148,9.392321109771729
-31.343471128885685,-8.37046688557256,9.392321109771729
-31.343471128885685,-8.37046688557256,9.392321109771729
-31.343471128885685,-8.37046688557256,9.392321109771729
-31.343471128885685,-8.37046688557256,9.392321109771729
-31.343471128885685,-8.37046688557256,9.392321109771729
-31.47472864835134,-8.406074411777377,9.392321109771729
-31.47472864835134,-8.406074411777377,9.392321109771729
-31.47472864835134,-8.406074411777377,9.392321109771729
-31.47472864835134,-8.406074411777377,9.392321109771729
-31.47472864835134,-8.406074411777377,9.392321109771729
-31.609984425677975,-8.435131306424557,9.392321109771729
-31.609984425677975,-8.435131306424557,9.392321109771729
-31.609984425677975,-8.435131306424557,9.392321109771729
-31.609984425677975,-8.435131306424557,9.392321109771729
-31.609984425677975,-8.435131306424557,9.392321109771729
-31.748117822049878,-8.474107069942487,9.392321109771729
-31.748117822049878,-8.474107069942487,9.392321109771729
-31.748117822049878,-8.474107069942487,9.392321109771729
-31.748117822049878,-8.474107069942487,9.392321109771729
-31.748117822049878,-8.474107069942487,9.392321109771729
-31.877775469780094,-8.508595633122223,9.392321109771729
-31.877775469780094,-8.508595633122223,9.392321109771729
-31.877775469780094,-8.508595633122223,9.392321109771729
-31.877775469780094,-8.508595633122223,9.392321109771729
-31.877775469780094,-8.508595633122223,9.392321109771729
-32.02356454259449,-8.55006111798385,9.392321109771729
-32.02356454259449,-8.55006111798385,9.392321109771729
-32.02356454259449,-8.55006111798385,9.392321109771729
-32.02356454259449,-8.55006111798385,9.392321109771729
-32.02356454259449,-8.55006111798385,9.392321109771729
-32.162148275562686,-8.585409881249683,9.392321109771729
-32.162148275562686,-8.585409881249683,9.392321109771729
-32.162148275562686,-8.585409881249683,9.392321109771729
-32.162148275562686,-8.585409881249683,9.392321109771729
-32.162148275562686,-8.585409881249683,9.392321109771729
-32.29527645970873,-8.623282954537451,9.392321109771729
-32.29527645970873,-8.623282954537451,9.392321109771729
-32.29527645970873,-8.623282954537451,9.392321109771729
-32.29527645970873,-8.623282954537451,9.392321109771729
-32.29527645970873,-8.623282954537451,9.392321109771729
-32.44422629931279,-8.658277001312568,9.392321109771729
-32.44422629931279,-8.658277001312568,9.392321109771729
-32.44422629931279,-8.658277001312568,9.392321109771729
-32.44422629931279,-8.658277001312568,9.392321109771729
-32.44422629931279,-8.658277001312568,9.392321109771729
-32.58725681715158,-8.690081394053317,9.392321109771729
-32.58725681715158,-8.690081394053317,9.392321109771729
-32.58725681715158,-8.690081394053317,9.392321109771729
-32.58725681715158,-8.690081394053317,9.392321109771729
-32.58725681715158,-8.690081394053317,9.392321109771729
-32.72691254347855,-8.728995629518979,9.392321109771729
-32.72691254347855,-8.728995629518979,9.392321109771729
-32.72691254347855,-8.728995629518979,9.392321109771729
-32.72691254347855,-8.728995629518979,9.392321109771729
-32.72691254347855,-8.728995629518979,9.392321109771729
-32.86943162832966,-8.769597105366369,9.392321109771729
-32.86943162832966,-8.769597105366369,9.392321109771729
-32.86943162832966,-8.769597105366369,9.392321109771729
-32.86943162832966,-8.769597105366369,9.392321109771729
-32.86943162832966,-8.769597105366369,9.392321109771729
-33.00776822423198,-8.814742201542002,9.392321109771729
-33.00776822423198,-8.814742201542002,9.392321109771729
-33.00776822423198,-8.814742201542002,9.392321109771729
-33.00776822423198,-8.814742201542002,9.392321109771729
-33.00776822423198,-8.814742201542002,9.392321109771729
-33.15709221028925,-8.85140563805842,9.392321109771729
-33.15709221028925,-8.85140563805842,9.392321109771729
-33.15709221028925,-8.85140563805842,9.392321109771729
-33.15709221028925,-8.85140563805842,9.392321109771729
-33.15709221028925,-8.85140563805842,9.392321109771729
-33.300998287915476,-8.886928568466052,9.392321109771729
-33.300998287915476,-8.886928568466052,9.392321109771729
-33.300998287915476,-8.886928568466052,9.392321109771729
-33.300998287915476,-8.886928568466052,9.392321109771729
-33.300998287915476,-8.886928568466052,9.392321109771729
-33.412524059782584,-8.918074615582885,9.392321109771729
-33.412524059782584,-8.918074615582885,9.392321109771729
-33.412524059782584,-8.918074615582885,9.392321109771729
-33.412524059782584,-8.918074615582885,9.392321109771729
-33.412524059782584,-8.918074615582885,9.392321109771729
-33.52364658546637,-8.952133058473892,9.392321109771729
-33.52364658546637,-8.952133058473892,9.392321109771729
-33.52364658546637,-8.952133058473892,9.392321109771729
-33.52364658546637,-8.952133058473892,9.392321109771729
-33.52364658546637,-8.952133058473892,9.392321109771729
-33.63744066273272,-8.982811088388875,9.392321109771729
-33.63744066273272,-8.982811088388875,9.392321109771729
-33.63744066273272,-8.982811088388875,9.392321109771729
-33.63744066273272,-8.982811088388875,9.392321109771729
-33.63744066273272,-8.982811088388875,9.392321109771729
-33.79786878716124,-9.005330465419824,9.392321109771729
-33.79786878716124,-9.005330465419824,9.392321109771729
-33.79786878716124,-9.005330465419824,9.392321109771729
-33.79786878716124,-9.005330465419824,9.392321109771729
-33.79786878716124,-9.005330465419824,9.392321109771729
-33.930673740461955,-9.028034973262663,9.392321109771729
-33.930673740461955,-9.028034973262663,9.392321109771729
-33.930673740461955,-9.028034973262663,9.392321109771729
-33.930673740461955,-9.028034973262663,9.392321109771729
-33.930673740461955,-9.028034973262663,9.392321109771729
-34.05107963890964,-9.050894326712829,9.392321109771729
-34.05107963890964,-9.050894326712829,9.392321109771729
-34.05107963890964,-9.050894326712829,9.392321109771729
-34.05107963890964,-9.050894326712829,9.392321109771729
-34.16739893155968,-9.06548930225624,9.392321109771729
-34.16739893155968,-9.06548930225624,9.392321109771729
-34.16739893155968,-9.06548930225624,9.392321109771729
-34.16739893155968,-9.06548930225624,9.392321109771729
-34.16739893155968,-9.06548930225624,9.392321109771729
-34.250821203137754,-9.067668661665563,9.392321109771729
-34.250821203137754,-9.067668661665563,9.392321109771729
-34.250821203137754,-9.067668661665563,9.392321109771729
-34.250821203137754,-9.067668661665563,9.392321109771729
-34.250821203137754,-9.067668661665563,9.392321109771729
-34.34144963367985,-9.067252748139554,9.392321109771729
-34.34144963367985,-9.067252748139554,9.392321109771729
-34.34144963367985,-9.067252748139554,9.392321109771729
-34.34144963367985,-9.067252748139554,9.392321109771729
-34.34144963367985,-9.067252748139554,9.392321109771729
-34.417814224132364,-9.053372192858234,9.392321109771729
-34.417814224132364,-9.053372192858234,9.392321109771729
-34.417814224132364,-9.053372192858234,9.392321109771729
-34.417814224132364,-9.053372192858234,9.392321109771729
-34.51292439122366,-9.009558879222443,9.392321109771729
-34.51292439122366,-9.009558879222443,9.392321109771729
-34.51292439122366,-9.009558879222443,9.392321109771729
-34.51292439122366,-9.009558879222443,9.392321109771729
-34.51292439122366,-9.009558879222443,9.392321109771729
-34.59712898841513,-8.963298167916419,9.392321109771729
-34.59712898841513,-8.963298167916419,9.392321109771729
-34.59712898841513,-8.963298167916419,9.392321109771729
-34.59712898841513,-8.963298167916419,9.392321109771729
-34.63954881698336,-8.888128592215441,9.392321109771729
-34.63954881698336,-8.888128592215441,9.392321109771729
-34.63954881698336,-8.888128592215441,9.392321109771729
-34.63954881698336,-8.888128592215441,9.392321109771729
-34.63954881698336,-8.888128592215441,9.392321109771729
-34.67088465958067,-8.839438381202703,9.392321109771729
-34.67088465958067,-8.839438381202703,9.392321109771729
-34.67088465958067,-8.839438381202703,9.392321109771729
-34.67088465958067,-8.839438381202703,9.392321109771729
-34.67088465958067,-8.839438381202703,9.392321109771729
-34.74013805236247,-8.756447690048988,9.392321109771729
-34.74013805236247,-8.756447690048988,9.392321109771729
-34.74013805236247,-8.756447690048988,9.392321109771729
-34.74013805236247,-8.756447690048988,9.392321109771729
-34.81591585466488,-8.695792478115989,9.392321109771729
-34.81591585466488,-8.695792478115989,9.392321109771729
-34.81591585466488,-8.695792478115989,9.392321109771729
-34.81591585466488,-8.695792478115989,9.392321109771729
-34.81591585466488,-8.695792478115989,9.392321109771729
-34.88635436747215,-8.61983436005067,9.392321109771729
-34.88635436747215,-8.61983436005067,9.392321109771729
-34.88635436747215,-8.61983436005067,9.392321109771729
-34.88635436747215,-8.61983436005067,9.392321109771729
-34.99039233254647,-8.524823276524053,9.392321109771729
-34.99039233254647,-8.524823276524053,9.392321109771729
-34.99039233254647,-8.524823276524053,9.392321109771729
-34.99039233254647,-8.524823276524053,9.392321109771729
-34.99039233254647,-8.524823276524053,9.392321109771729
-35.081345587857165,-8.445084083986654,9.392321109771729
-35.081345587857165,-8.445084083986654,9.392321109771729
-35.081345587857165,-8.445084083986654,9.392321109771729
-35.081345587857165,-8.445084083986654,9.392321109771729
-35.16644505684481,-8.34674349928804,9.392321109771729
-35.16644505684481,-8.34674349928804,9.392321109771729
-35.16644505684481,-8.34674349928804,9.392321109771729
-35.16644505684481,-8.34674349928804,9.392321109771729
-35.16644505684481,-8.34674349928804,9.392321109771729
-35.24237775042965,-8.281669648242367,9.392321109771729
-35.24237775042965,-8.281669648242367,9.392321109771729
-35.24237775042965,-8.281669648242367,9.392321109771729
-35.24237775042965,-8.281669648242367,9.392321109771729
-35.339524587038596,-8.187997982630028,9.392321109771729
-35.339524587038596,-8.187997982630028,9.392321109771729
-35.339524587038596,-8.187997982630028,9.392321109771729
-35.339524587038596,-8.187997982630028,9.392321109771729
-35.339524587038596,-8.187997982630028,9.392321109771729
-35.43057836100587,-8.0996235050905,9.392321109771729
-35.43057836100587,-8.0996235050905,9.392321109771729
-35.43057836100587,-8.0996235050905,9.392321109771729
-35.43057836100587,-8.0996235050905,9.392321109771729
-35.5147664424682,-8.003338200754133,9.392321109771729
-35.5147664424682,-8.003338200754133,9.392321109771729
-35.5147664424682,-8.003338200754133,9.392321109771729
-35.5147664424682,-8.003338200754133,9.392321109771729
-35.5147664424682,-8.003338200754133,9.392321109771729
-35.57164187184648,-7.952592993747753,9.392321109771729
-35.57164187184648,-7.952592993747753,9.392321109771729
-35.57164187184648,-7.952592993747753,9.392321109771729
-35.57164187184648,-7.952592993747753,9.392321109771729
-35.662230579177624,-7.857382801484032,9.392321109771729
-35.662230579177624,-7.857382801484032,9.392321109771729
-35.662230579177624,-7.857382801484032,9.392321109771729
-35.662230579177624,-7.857382801484032,9.392321109771729
-35.662230579177624,-7.857382801484032,9.392321109771729
-35.749714890518696,-7.77834950344273,9.392321109771729
-35.749714890518696,-7.77834950344273,9.392321109771729
-35.749714890518696,-7.77834950344273,9.392321109771729
-35.749714890518696,-7.77834950344273,9.392321109771729
-35.81923548882305,-7.691349847812245,9.392321109771729
-35.81923548882305,-7.691349847812245,9.392321109771729
-35.81923548882305,-7.691349847812245,9.392321109771729
-35.81923548882305,-7.691349847812245,9.392321109771729
-35.81923548882305,-7.691349847812245,9.392321109771729
-35.81923548882305,-7.691349847812245,9.392321109771729
-35.90345558109273,-7.607468330249023,9.392321109771729
-35.90345558109273,-7.607468330249023,9.392321109771729
-35.90345558109273,-7.607468330249023,9.392321109771729
-35.90345558109273,-7.607468330249023,9.392321109771729
-35.90345558109273,-7.607468330249023,9.392321109771729
-35.96835782438096,-7.526989897886027,9.392321109771729
-35.96835782438096,-7.526989897886027,9.392321109771729
-35.96835782438096,-7.526989897886027,9.392321109771729
-35.96835782438096,-7.526989897886027,9.392321109771729
-36.011329569587566,-7.442822024299208,9.392321109771729
-36.011329569587566,-7.442822024299208,9.392321109771729
-36.011329569587566,-7.442822024299208,9.392321109771729
-36.011329569587566,-7.442822024299208,9.392321109771729
-36.078727300491636,-7.351872584687539,9.392321109771729
-36.078727300491636,-7.351872584687539,9.392321109771729
-36.078727300491636,-7.351872584687539,9.392321109771729
-36.078727300491636,-7.351872584687539,9.392321109771729
-36.078727300491636,-7.351872584687539,9.392321109771729
-36.097757444462424,-7.29683039103851,9.392321109771729
-36.097757444462424,-7.29683039103851,9.392321109771729
-36.097757444462424,-7.29683039103851,9.392321109771729
-36.097757444462424,-7.29683039103851,9.392321109771729
-36.15335968698358,-7.202202989988564,9.392321109771729
-36.15335968698358,-7.202202989988564,9.392321109771729
-36.15335968698358,-7.202202989988564,9.392321109771729
-36.15335968698358,-7.202202989988564,9.392321109771729
-36.15335968698358,-7.202202989988564,9.392321109771729
-36.2078324902254,-7.105280029209739,9.392321109771729
-36.2078324902254,-7.105280029209739,9.392321109771729
-36.2078324902254,-7.105280029209739,9.392321109771729
-36.2078324902254,-7.105280029209739,9.392321109771729
-18.87707156972996,41.84598527396029,9.392321109771729
-18.87707156972996,41.84598527396029,9.392321109771729
-18.87707156972996,41.84598527396029,9.392321109771729
-18.87707156972996,41.84598527396029,9.392321109771729
-18.87707156972996,41.84598527396029,9.392321109771729
-25.017967793117442,35.87486725810989,9.392321109771729
-25.017967793117442,35.87486725810989,9.392321109771729
-25.017967793117442,35.87486725810989,9.392321109771729
-25.017967793117442,35.87486725810989,9.392321109771729
-25.017967793117442,35.87486725810989,9.392321109771729
-25.003060320532015,35.85958371140851,9.392321109771729
-25.003060320532015,35.85958371140851,9.392321109771729
-25.003060320532015,35.85958371140851,9.392321109771729
-25.003060320532015,35.85958371140851,9.392321109771729
-25.003060320532015,35.85958371140851,9.392321109771729
-25.003060320532015,35.85958371140851,9.392321109771729
-24.979583986410216,35.843294137477635,9.392321109771729
-24.979583986410216,35.843294137477635,9.392321109771729
-24.979583986410216,35.843294137477635,9.392321109771729
-24.979583986410216,35.843294137477635,9.392321109771729
-24.979583986410216,35.843294137477635,9.392321109771729
-24.94337225085079,35.82259173292092,9.392321109771729
-24.94337225085079,35.82259173292092,9.392321109771729
-24.94337225085079,35.82259173292092,9.392321109771729
-24.94337225085079,35.82259173292092,9.392321109771729
-24.94337225085079,35.82259173292092,9.392321109771729
-24.913618367860266,35.805839203937545,9.392321109771729
-24.913618367860266,35.805839203937545,9.392321109771729
-24.913618367860266,35.805839203937545,9.392321109771729
-24.913618367860266,35.805839203937545,9.392321109771729
-24.913618367860266,35.805839203937545,9.392321109771729
-24.875270513196142,35.796196605946115,9.392321109771729
-24.875270513196142,35.796196605946115,9.392321109771729
-24.875270513196142,35.796196605946115,9.392321109771729
-24.875270513196142,35.796196605946115,9.392321109771729
-24.875270513196142,35.796196605946115,9.392321109771729
-24.875270513196142,35.796196605946115,9.392321109771729
-24.845200734791238,35.78684168716062,9.392321109771729
-24.845200734791238,35.78684168716062,9.392321109771729
-24.845200734791238,35.78684168716062,9.392321109771729
-24.845200734791238,35.78684168716062,9.392321109771729
-24.845200734791238,35.78684168716062,9.392321109771729
-24.823763007481116,35.77732941980218,9.392321109771729
-24.823763007481116,35.77732941980218,9.392321109771729
-24.823763007481116,35.77732941980218,9.392321109771729
-24.823763007481116,35.77732941980218,9.392321109771729
-24.823763007481116,35.77732941980218,9.392321109771729
-24.81666219114836,35.76570572329953,9.392321109771729
-24.81666219114836,35.76570572329953,9.392321109771729
-24.81666219114836,35.76570572329953,9.392321109771729
-24.81666219114836,35.76570572329953,9.392321109771729
-24.81666219114836,35.76570572329953,9.392321109771729
-24.81666219114836,35.76570572329953,9.392321109771729
-24.80475965971136,35.75880837423583,9.392321109771729
-24.80475965971136,35.75880837423583,9.392321109771729
-24.80475965971136,35.75880837423583,9.392321109771729
-24.80475965971136,35.75880837423583,9.392321109771729
-24.80475965971136,35.75880837423583,9.392321109771729
-24.80475965971136,35.75880837423583,9.392321109771729
-24.80475965971136,35.75880837423583,9.392321109771729
-24.80475965971136,35.75880837423583,9.392321109771729
-24.80475965971136,35.75880837423583,9.392321109771729
-24.80475965971136,35.75880837423583,9.392321109771729
-24.80475965971136,35.75880837423583,9.392321109771729
-24.80475965971136,35.75880837423583,9.392321109771729
-24.80475965971136,35.75880837423583,9.392321109771729
-24.767864041176225,35.75301779303346,9.392321109771729
-24.767864041176225,35.75301779303346,9.392321109771729
-24.767864041176225,35.75301779303346,9.392321109771729
-24.767864041176225,35.75301779303346,9.392321109771729
-24.767864041176225,35.75301779303346,9.392321109771729
-24.767864041176225,35.75301779303346,9.392321109771729
-24.767864041176225,35.75301779303346,9.392321109771729
-24.767864041176225,35.75301779303346,9.392321109771729
-24.767864041176225,35.75301779303346,9.392321109771729
-24.767864041176225,35.75301779303346,9.392321109771729
-24.767864041176225,35.75301779303346,9.392321109771729
-24.767864041176225,35.75301779303346,9.392321109771729
-24.767864041176225,35.75301779303346,9.392321109771729
-24.71752547115319,35.75897586099609,9.392321109771729
-24.71752547115319,35.75897586099609,9.392321109771729
-24.71752547115319,35.75897586099609,9.392321109771729
-24.71752547115319,35.75897586099609,9.392321109771729
-24.71752547115319,35.75897586099609,9.392321109771729
-24.71752547115319,35.75897586099609,9.392321109771729
-24.71752547115319,35.75897586099609,9.392321109771729
-24.65560045590359,35.771367548334524,9.392321109771729
-24.65560045590359,35.771367548334524,9.392321109771729
-24.65560045590359,35.771367548334524,9.392321109771729
-24.65560045590359,35.771367548334524,9.392321109771729
-24.65560045590359,35.771367548334524,9.392321109771729
-24.65560045590359,35.771367548334524,9.392321109771729
-24.65560045590359,35.771367548334524,9.392321109771729
-24.619025490040094,35.79093648311342,9.392321109771729
-24.619025490040094,35.79093648311342,9.392321109771729
-24.619025490040094,35.79093648311342,9.392321109771729
-24.619025490040094,35.79093648311342,9.392321109771729
-24.619025490040094,35.79093648311342,9.392321109771729
-24.619025490040094,35.79093648311342,9.392321109771729
-24.619025490040094,35.79093648311342,9.392321109771729
-24.584231133130054,35.81053772607236,9.392321109771729
-24.584231133130054,35.81053772607236,9.392321109771729
-24.584231133130054,35.81053772607236,9.392321109771729
-24.584231133130054,35.81053772607236,9.392321109771729
-24.584231133130054,35.81053772607236,9.392321109771729
-24.584231133130054,35.81053772607236,9.392321109771729
-24.584231133130054,35.81053772607236,9.392321109771729
-24.584231133130054,35.81053772607236,9.392321109771729
-24.574964003205704,35.8249368767275,9.392321109771729
-24.574964003205704,35.8249368767275,9.392321109771729
-24.574964003205704,35.8249368767275,9.392321109771729
-24.574964003205704,35.8249368767275,9.392321109771729
-24.574964003205704,35.8249368767275,9.392321109771729
-24.574964003205704,35.8249368767275,9.392321109771729
-24.574964003205704,35.8249368767275,9.392321109771729
-24.574964003205704,35.8249368767275,9.392321109771729
-24.53021583328051,35.86780299520737,9.392321109771729
-24.53021583328051,35.86780299520737,9.392321109771729
-24.53021583328051,35.86780299520737,9.392321109771729
-24.53021583328051,35.86780299520737,9.392321109771729
-24.53021583328051,35.86780299520737,9.392321109771729
-24.53021583328051,35.86780299520737,9.392321109771729
-24.53021583328051,35.86780299520737,9.392321109771729
-24.53021583328051,35.86780299520737,9.392321109771729
-24.51843964108978,35.90158411417494,9.392321109771729
-24.51843964108978,35.90158411417494,9.392321109771729
-24.51843964108978,35.90158411417494,9.392321109771729
-24.51843964108978,35.90158411417494,9.392321109771729
-24.51843964108978,35.90158411417494,9.392321109771729
-24.51843964108978,35.90158411417494,9.392321109771729
-24.51843964108978,35.90158411417494,9.392321109771729
-24.50371281612718,35.94344456047888,9.392321109771729
-24.50371281612718,35.94344456047888,9.392321109771729
-24.50371281612718,35.94344456047888,9.392321109771729
-24.50371281612718,35.94344456047888,9.392321109771729
-24.50371281612718,35.94344456047888,9.392321109771729
-24.47478549655791,35.99239261917342,9.392321109771729
-24.47478549655791,35.99239261917342,9.392321109771729
-24.47478549655791,35.99239261917342,9.392321109771729
-24.47478549655791,35.99239261917342,9.392321109771729
-24.47478549655791,35.99239261917342,9.392321109771729
-24.456007900894107,36.03354547561675,9.392321109771729
-24.456007900894107,36.03354547561675,9.392321109771729
-24.456007900894107,36.03354547561675,9.392321109771729
-24.456007900894107,36.03354547561675,9.392321109771729
-24.456007900894107,36.03354547561675,9.392321109771729
-24.456007900894107,36.03354547561675,9.392321109771729
-24.435055926381075,36.06769335768493,9.392321109771729
-24.435055926381075,36.06769335768493,9.392321109771729
-24.435055926381075,36.06769335768493,9.392321109771729
-24.435055926381075,36.06769335768493,9.392321109771729
-24.435055926381075,36.06769335768493,9.392321109771729
-24.420991410961083,36.098655602297924,9.392321109771729
-24.420991410961083,36.098655602297924,9.392321109771729
-24.420991410961083,36.098655602297924,9.392321109771729
-24.420991410961083,36.098655602297924,9.392321109771729
-24.420991410961083,36.098655602297924,9.392321109771729
-24.40783122342579,36.13321338013643,9.392321109771729
-24.40783122342579,36.13321338013643,9.392321109771729
-24.40783122342579,36.13321338013643,9.392321109771729
-24.40783122342579,36.13321338013643,9.392321109771729
-24.40783122342579,36.13321338013643,9.392321109771729
-24.38402845302278,36.1657727735538,9.392321109771729
-24.38402845302278,36.1657727735538,9.392321109771729
-24.38402845302278,36.1657727735538,9.392321109771729
-24.38402845302278,36.1657727735538,9.392321109771729
-24.38402845302278,36.1657727735538,9.392321109771729
-24.38402845302278,36.1657727735538,9.392321109771729
-24.382748518723805,36.19854980556587,9.392321109771729
-24.382748518723805,36.19854980556587,9.392321109771729
-24.382748518723805,36.19854980556587,9.392321109771729
-24.382748518723805,36.19854980556587,9.392321109771729
-24.382748518723805,36.19854980556587,9.392321109771729
-24.390229054384868,36.24511084618325,9.392321109771729
-24.390229054384868,36.24511084618325,9.392321109771729
-24.390229054384868,36.24511084618325,9.392321109771729
-24.390229054384868,36.24511084618325,9.392321109771729
-24.390229054384868,36.24511084618325,9.392321109771729
-24.390229054384868,36.24511084618325,9.392321109771729
-24.39471330862322,36.275857099842796,9.392321109771729
-24.39471330862322,36.275857099842796,9.392321109771729
-24.39471330862322,36.275857099842796,9.392321109771729
-24.39471330862322,36.275857099842796,9.392321109771729
-24.39471330862322,36.275857099842796,9.392321109771729
-24.39426029791406,36.316631851860315,9.392321109771729
-24.39426029791406,36.316631851860315,9.392321109771729
-24.39426029791406,36.316631851860315,9.392321109771729
-24.39426029791406,36.316631851860315,9.392321109771729
-24.39426029791406,36.316631851860315,9.392321109771729
-24.39426029791406,36.316631851860315,9.392321109771729
-24.407882818080587,36.35067771198281,9.392321109771729
-24.407882818080587,36.35067771198281,9.392321109771729
-24.407882818080587,36.35067771198281,9.392321109771729
-24.407882818080587,36.35067771198281,9.392321109771729
-24.407882818080587,36.35067771198281,9.392321109771729
-24.407882818080587,36.35067771198281,9.392321109771729
-24.393165020265688,36.39010102013669,9.392321109771729
-24.393165020265688,36.39010102013669,9.392321109771729
-24.393165020265688,36.39010102013669,9.392321109771729
-24.393165020265688,36.39010102013669,9.392321109771729
-24.393165020265688,36.39010102013669,9.392321109771729
-24.393165020265688,36.39010102013669,9.392321109771729
-24.393165020265688,36.39010102013669,9.392321109771729
-24.393165020265688,36.39010102013669,9.392321109771729
-24.393165020265688,36.39010102013669,9.392321109771729
-24.398373632772838,36.42442701064212,9.392321109771729
-24.398373632772838,36.42442701064212,9.392321109771729
-24.398373632772838,36.42442701064212,9.392321109771729
-24.398373632772838,36.42442701064212,9.392321109771729
-24.398373632772838,36.42442701064212,9.392321109771729
-24.398373632772838,36.42442701064212,9.392321109771729
-24.398373632772838,36.42442701064212,9.392321109771729
-24.41539077186598,36.480159583407435,9.392321109771729
-24.41539077186598,36.480159583407435,9.392321109771729
-24.41539077186598,36.480159583407435,9.392321109771729
-24.41539077186598,36.480159583407435,9.392321109771729
-24.41539077186598,36.480159583407435,9.392321109771729
-24.41539077186598,36.480159583407435,9.392321109771729
-24.41539077186598,36.480159583407435,9.392321109771729
-24.41539077186598,36.480159583407435,9.392321109771729
-24.41674685196432,36.52392094497077,9.392321109771729
-24.41674685196432,36.52392094497077,9.392321109771729
-24.41674685196432,36.52392094497077,9.392321109771729
-24.41674685196432,36.52392094497077,9.392321109771729
-24.41674685196432,36.52392094497077,9.392321109771729
-24.41674685196432,36.52392094497077,9.392321109771729
-24.41674685196432,36.52392094497077,9.392321109771729
-24.42879176197004,36.583356804138546,9.392321109771729
-24.42879176197004,36.583356804138546,9.392321109771729
-24.42879176197004,36.583356804138546,9.392321109771729
-24.42879176197004,36.583356804138546,9.392321109771729
-24.42879176197004,36.583356804138546,9.392321109771729
-24.42879176197004,36.583356804138546,9.392321109771729
-24.42879176197004,36.583356804138546,9.392321109771729
-24.443146082304875,36.624143030275675,9.392321109771729
-24.443146082304875,36.624143030275675,9.392321109771729
-24.443146082304875,36.624143030275675,9.392321109771729
-24.443146082304875,36.624143030275675,9.392321109771729
-24.443146082304875,36.624143030275675,9.392321109771729
-24.443146082304875,36.624143030275675,9.392321109771729
-24.443146082304875,36.624143030275675,9.392321109771729
-24.443146082304875,36.624143030275675,9.392321109771729
-24.458148199864752,36.67012697648062,9.392321109771729
-24.458148199864752,36.67012697648062,9.392321109771729
-24.458148199864752,36.67012697648062,9.392321109771729
-24.458148199864752,36.67012697648062,9.392321109771729
-24.458148199864752,36.67012697648062,9.392321109771729
-24.458148199864752,36.67012697648062,9.392321109771729
-24.458148199864752,36.67012697648062,9.392321109771729
-24.458148199864752,36.67012697648062,9.392321109771729
-24.458148199864752,36.67012697648062,9.392321109771729
-24.458148199864752,36.67012697648062,9.392321109771729
-24.458148199864752,36.67012697648062,9.392321109771729
-24.458148199864752,36.67012697648062,9.392321109771729
-24.482528981860657,36.72139169538666,9.392321109771729
-24.482528981860657,36.72139169538666,9.392321109771729
-24.482528981860657,36.72139169538666,9.392321109771729
-24.482528981860657,36.72139169538666,9.392321109771729
-24.482528981860657,36.72139169538666,9.392321109771729
-24.511465819494433,36.79656799151138,9.392321109771729
-24.511465819494433,36.79656799151138,9.392321109771729
-24.511465819494433,36.79656799151138,9.392321109771729
-24.511465819494433,36.79656799151138,9.392321109771729
-24.511465819494433,36.79656799151138,9.392321109771729
-24.511465819494433,36.79656799151138,9.392321109771729
-24.511465819494433,36.79656799151138,9.392321109771729
-24.52983913168583,36.82926307981662,9.392321109771729
-24.52983913168583,36.82926307981662,9.392321109771729
-24.52983913168583,36.82926307981662,9.392321109771729
-24.52983913168583,36.82926307981662,9.392321109771729
-24.52983913168583,36.82926307981662,9.392321109771729
-24.52983913168583,36.82926307981662,9.392321109771729
-24.509360490796666,36.80844748840567,9.392321109771729
-24.509360490796666,36.80844748840567,9.392321109771729
-24.509360490796666,36.80844748840567,9.392321109771729
-24.509360490796666,36.80844748840567,9.392321109771729
-24.509360490796666,36.80844748840567,9.392321109771729
-24.509360490796666,36.80844748840567,9.392321109771729
-24.473199698910484,36.7802570125838,9.392321109771729
-24.473199698910484,36.7802570125838,9.392321109771729
-24.473199698910484,36.7802570125838,9.392321109771729
-24.473199698910484,36.7802570125838,9.392321109771729
-24.473199698910484,36.7802570125838,9.392321109771729
-24.443197818501442,36.76747659661153,9.392321109771729
-24.443197818501442,36.76747659661153,9.392321109771729
-24.443197818501442,36.76747659661153,9.392321109771729
-24.443197818501442,36.76747659661153,9.392321109771729
-24.443197818501442,36.76747659661153,9.392321109771729
-24.375013125378093,36.760802120195464,9.392321109771729
-24.375013125378093,36.760802120195464,9.392321109771729
-24.375013125378093,36.760802120195464,9.392321109771729
-24.375013125378093,36.760802120195464,9.392321109771729
-24.375013125378093,36.760802120195464,9.392321109771729
-24.338896027058176,36.75050793349115,9.392321109771729
-24.338896027058176,36.75050793349115,9.392321109771729
-24.338896027058176,36.75050793349115,9.392321109771729
-24.338896027058176,36.75050793349115,9.392321109771729
-24.338896027058176,36.75050793349115,9.392321109771729
-24.299640468350713,36.736115575713676,9.392321109771729
-24.299640468350713,36.736115575713676,9.392321109771729
-24.299640468350713,36.736115575713676,9.392321109771729
-24.299640468350713,36.736115575713676,9.392321109771729
-24.299640468350713,36.736115575713676,9.392321109771729
-24.269201696000923,36.715611282261825,9.392321109771729
-24.269201696000923,36.715611282261825,9.392321109771729
-24.269201696000923,36.715611282261825,9.392321109771729
-24.269201696000923,36.715611282261825,9.392321109771729
-24.255089158082523,36.71618309778157,9.392321109771729
-24.255089158082523,36.71618309778157,9.392321109771729
-24.255089158082523,36.71618309778157,9.392321109771729
-24.255089158082523,36.71618309778157,9.392321109771729
-24.255089158082523,36.71618309778157,9.392321109771729
-24.255089158082523,36.71618309778157,9.392321109771729
-24.2473400262011,36.710158395472234,9.392321109771729
-24.2473400262011,36.710158395472234,9.392321109771729
-24.2473400262011,36.710158395472234,9.392321109771729
-24.2473400262011,36.710158395472234,9.392321109771729
-24.2473400262011,36.710158395472234,9.392321109771729
-24.21828714655107,36.684604752470094,9.392321109771729
-24.21828714655107,36.684604752470094,9.392321109771729
-24.21828714655107,36.684604752470094,9.392321109771729
-24.21828714655107,36.684604752470094,9.392321109771729
-24.21828714655107,36.684604752470094,9.392321109771729
-24.201749645053837,36.66046463802676,9.392321109771729
-24.201749645053837,36.66046463802676,9.392321109771729
-24.201749645053837,36.66046463802676,9.392321109771729
-24.201749645053837,36.66046463802676,9.392321109771729
-24.201749645053837,36.66046463802676,9.392321109771729
-24.21263177917832,36.65340205163328,9.392321109771729
-24.21263177917832,36.65340205163328,9.392321109771729
-24.21263177917832,36.65340205163328,9.392321109771729
-24.21263177917832,36.65340205163328,9.392321109771729
-24.21263177917832,36.65340205163328,9.392321109771729
-24.221413466020184,36.634345949479304,9.392321109771729
-24.221413466020184,36.634345949479304,9.392321109771729
-24.221413466020184,36.634345949479304,9.392321109771729
-24.221413466020184,36.634345949479304,9.392321109771729
-24.221413466020184,36.634345949479304,9.392321109771729
-24.231231917428484,36.60795258517105,9.392321109771729
-24.231231917428484,36.60795258517105,9.392321109771729
-24.231231917428484,36.60795258517105,9.392321109771729
-24.231231917428484,36.60795258517105,9.392321109771729
-24.231231917428484,36.60795258517105,9.392321109771729
-24.232522255095056,36.60582342371501,9.392321109771729
-24.232522255095056,36.60582342371501,9.392321109771729
-24.232522255095056,36.60582342371501,9.392321109771729
-24.232522255095056,36.60582342371501,9.392321109771729
-24.232522255095056,36.60582342371501,9.392321109771729
-24.238402089514455,36.59396419916772,9.392321109771729
-24.238402089514455,36.59396419916772,9.392321109771729
-24.238402089514455,36.59396419916772,9.392321109771729
-24.238402089514455,36.59396419916772,9.392321109771729
-24.238402089514455,36.59396419916772,9.392321109771729
-24.236954842525044,36.576594411613584,9.392321109771729
-24.236954842525044,36.576594411613584,9.392321109771729
-24.236954842525044,36.576594411613584,9.392321109771729
-24.236954842525044,36.576594411613584,9.392321109771729
-24.24861296870142,36.56984697434017,9.392321109771729
-24.24861296870142,36.56984697434017,9.392321109771729
-24.24861296870142,36.56984697434017,9.392321109771729
-24.24861296870142,36.56984697434017,9.392321109771729
-24.24861296870142,36.56984697434017,9.392321109771729
-24.244512589587202,36.55200077448418,9.392321109771729
-24.244512589587202,36.55200077448418,9.392321109771729
-24.244512589587202,36.55200077448418,9.392321109771729
-24.244512589587202,36.55200077448418,9.392321109771729
-24.244512589587202,36.55200077448418,9.392321109771729
-24.23352045553421,36.54475000457555,9.392321109771729
-24.23352045553421,36.54475000457555,9.392321109771729
-24.23352045553421,36.54475000457555,9.392321109771729
-24.23352045553421,36.54475000457555,9.392321109771729
-24.23352045553421,36.54475000457555,9.392321109771729
-24.24631941611712,36.53612111671132,9.392321109771729
-24.24631941611712,36.53612111671132,9.392321109771729
-24.24631941611712,36.53612111671132,9.392321109771729
-24.24631941611712,36.53612111671132,9.392321109771729
-24.24631941611712,36.53612111671132,9.392321109771729
-24.23215754705481,36.52046814069384,9.392321109771729
-24.23215754705481,36.52046814069384,9.392321109771729
-24.23215754705481,36.52046814069384,9.392321109771729
-24.23215754705481,36.52046814069384,9.392321109771729
-24.23215754705481,36.52046814069384,9.392321109771729
-24.25866374213862,36.50946762528202,9.392321109771729
-24.25866374213862,36.50946762528202,9.392321109771729
-24.25866374213862,36.50946762528202,9.392321109771729
-24.25866374213862,36.50946762528202,9.392321109771729
-24.25802025733832,36.49315594353793,9.392321109771729
-24.25802025733832,36.49315594353793,9.392321109771729
-24.25802025733832,36.49315594353793,9.392321109771729
-24.25802025733832,36.49315594353793,9.392321109771729
-24.25802025733832,36.49315594353793,9.392321109771729
-24.28597036006084,36.467792131432454,9.392321109771729
-24.28597036006084,36.467792131432454,9.392321109771729
-24.28597036006084,36.467792131432454,9.392321109771729
-24.28597036006084,36.467792131432454,9.392321109771729
-24.28597036006084,36.467792131432454,9.392321109771729
-24.316959678379714,36.44911217238504,9.392321109771729
-24.316959678379714,36.44911217238504,9.392321109771729
-24.316959678379714,36.44911217238504,9.392321109771729
-24.316959678379714,36.44911217238504,9.392321109771729
-24.316959678379714,36.44911217238504,9.392321109771729
-24.3394236438074,36.423352304037415,9.392321109771729
-24.3394236438074,36.423352304037415,9.392321109771729
-24.3394236438074,36.423352304037415,9.392321109771729
-24.3394236438074,36.423352304037415,9.392321109771729
-24.3394236438074,36.423352304037415,9.392321109771729
-24.381188015923208,36.391513168188546,9.392321109771729
-24.381188015923208,36.391513168188546,9.392321109771729
-24.381188015923208,36.391513168188546,9.392321109771729
-24.381188015923208,36.391513168188546,9.392321109771729
-24.381188015923208,36.391513168188546,9.392321109771729
-24.413054060758398,36.36687510975687,9.392321109771729
-24.413054060758398,36.36687510975687,9.392321109771729
-24.413054060758398,36.36687510975687,9.392321109771729
-24.413054060758398,36.36687510975687,9.392321109771729
-24.413054060758398,36.36687510975687,9.392321109771729
-24.45823407310196,36.337410378708704,9.392321109771729
-24.45823407310196,36.337410378708704,9.392321109771729
-24.45823407310196,36.337410378708704,9.392321109771729
-24.45823407310196,36.337410378708704,9.392321109771729
-24.504394576142932,36.305280534841536,9.392321109771729
-24.504394576142932,36.305280534841536,9.392321109771729
-24.504394576142932,36.305280534841536,9.392321109771729
-24.504394576142932,36.305280534841536,9.392321109771729
-24.504394576142932,36.305280534841536,9.392321109771729
-24.51457483035178,36.29089346771127,9.392321109771729
-24.51457483035178,36.29089346771127,9.392321109771729
-24.51457483035178,36.29089346771127,9.392321109771729
-24.51457483035178,36.29089346771127,9.392321109771729
-24.51457483035178,36.29089346771127,9.392321109771729
-24.55747242503618,36.253500261656875,9.392321109771729
-24.55747242503618,36.253500261656875,9.392321109771729
-24.55747242503618,36.253500261656875,9.392321109771729
-24.55747242503618,36.253500261656875,9.392321109771729
-24.6024266116192,36.221552772662584,9.392321109771729
-24.6024266116192,36.221552772662584,9.392321109771729
-24.6024266116192,36.221552772662584,9.392321109771729
-24.6024266116192,36.221552772662584,9.392321109771729
-24.6024266116192,36.221552772662584,9.392321109771729
-24.647736145603652,36.190027141205796,9.392321109771729
-24.647736145603652,36.190027141205796,9.392321109771729
-24.647736145603652,36.190027141205796,9.392321109771729
-24.647736145603652,36.190027141205796,9.392321109771729
-24.647736145603652,36.190027141205796,9.392321109771729
-24.701829814191075,36.155590223237304,9.392321109771729
-24.701829814191075,36.155590223237304,9.392321109771729
-24.701829814191075,36.155590223237304,9.392321109771729
-24.701829814191075,36.155590223237304,9.392321109771729
-24.764179524105955,36.11921428140452,9.392321109771729
-24.764179524105955,36.11921428140452,9.392321109771729
-24.764179524105955,36.11921428140452,9.392321109771729
-24.764179524105955,36.11921428140452,9.392321109771729
-24.764179524105955,36.11921428140452,9.392321109771729
-24.85669660746735,36.08237855016397,9.392321109771729
-24.85669660746735,36.08237855016397,9.392321109771729
-24.85669660746735,36.08237855016397,9.392321109771729
-24.85669660746735,36.08237855016397,9.392321109771729
-24.85669660746735,36.08237855016397,9.392321109771729
-24.936633062082002,36.04022640214495,9.392321109771729
-24.936633062082002,36.04022640214495,9.392321109771729
-24.936633062082002,36.04022640214495,9.392321109771729
-24.936633062082002,36.04022640214495,9.392321109771729
-24.936633062082002,36.04022640214495,9.392321109771729
-25.01784356412838,35.997880214432605,9.392321109771729
-25.01784356412838,35.997880214432605,9.392321109771729
-25.01784356412838,35.997880214432605,9.392321109771729
-25.01784356412838,35.997880214432605,9.392321109771729
-25.09434678550002,35.962678275183364,9.392321109771729
-25.09434678550002,35.962678275183364,9.392321109771729
-25.09434678550002,35.962678275183364,9.392321109771729
-25.09434678550002,35.962678275183364,9.392321109771729
-25.09434678550002,35.962678275183364,9.392321109771729
-25.119628818492878,35.94088337201317,9.392321109771729
-25.119628818492878,35.94088337201317,9.392321109771729
-25.119628818492878,35.94088337201317,9.392321109771729
-25.119628818492878,35.94088337201317,9.392321109771729
-25.119628818492878,35.94088337201317,9.392321109771729
-25.2243488894421,35.90208622996569,9.392321109771729
-25.2243488894421,35.90208622996569,9.392321109771729
-25.2243488894421,35.90208622996569,9.392321109771729
-25.2243488894421,35.90208622996569,9.392321109771729
-25.2243488894421,35.90208622996569,9.392321109771729
-25.325811047844542,35.87096822781177,9.392321109771729
-25.325811047844542,35.87096822781177,9.392321109771729
-25.325811047844542,35.87096822781177,9.392321109771729
-25.325811047844542,35.87096822781177,9.392321109771729
-25.325811047844542,35.87096822781177,9.392321109771729
-25.426096307286066,35.84239007958161,9.392321109771729
-25.426096307286066,35.84239007958161,9.392321109771729
-25.426096307286066,35.84239007958161,9.392321109771729
-25.426096307286066,35.84239007958161,9.392321109771729
-25.426096307286066,35.84239007958161,9.392321109771729
-25.528844809346815,35.8129495358828,9.392321109771729
-25.528844809346815,35.8129495358828,9.392321109771729
-25.528844809346815,35.8129495358828,9.392321109771729
-25.528844809346815,35.8129495358828,9.392321109771729
-25.528844809346815,35.8129495358828,9.392321109771729
-25.631215321116127,35.77617191964614,9.392321109771729
-25.631215321116127,35.77617191964614,9.392321109771729
-25.631215321116127,35.77617191964614,9.392321109771729
-25.631215321116127,35.77617191964614,9.392321109771729
-25.631215321116127,35.77617191964614,9.392321109771729
-25.758583800572808,35.74002872596267,9.392321109771729
-25.758583800572808,35.74002872596267,9.392321109771729
-25.758583800572808,35.74002872596267,9.392321109771729
-25.758583800572808,35.74002872596267,9.392321109771729
-25.758583800572808,35.74002872596267,9.392321109771729
-25.88896009790933,35.7105008087943,9.392321109771729
-25.88896009790933,35.7105008087943,9.392321109771729
-25.88896009790933,35.7105008087943,9.392321109771729
-25.88896009790933,35.7105008087943,9.392321109771729
-25.88896009790933,35.7105008087943,9.392321109771729
-26.0202920259904,35.68168702854547,9.392321109771729
-26.0202920259904,35.68168702854547,9.392321109771729
-26.0202920259904,35.68168702854547,9.392321109771729
-26.0202920259904,35.68168702854547,9.392321109771729
-26.0202920259904,35.68168702854547,9.392321109771729
-26.164438237891165,35.65698051637254,9.392321109771729
-26.164438237891165,35.65698051637254,9.392321109771729
-26.164438237891165,35.65698051637254,9.392321109771729
-26.164438237891165,35.65698051637254,9.392321109771729
-26.164438237891165,35.65698051637254,9.392321109771729
-26.301625413021355,35.63495995794974,9.392321109771729
-26.301625413021355,35.63495995794974,9.392321109771729
-26.301625413021355,35.63495995794974,9.392321109771729
-26.301625413021355,35.63495995794974,9.392321109771729
-26.301625413021355,35.63495995794974,9.392321109771729
-26.44352522529553,35.615378113873696,9.392321109771729
-26.44352522529553,35.615378113873696,9.392321109771729
-26.44352522529553,35.615378113873696,9.392321109771729
-26.44352522529553,35.615378113873696,9.392321109771729
-26.44352522529553,35.615378113873696,9.392321109771729
-26.610224086348094,35.58510165971285,9.392321109771729
-26.610224086348094,35.58510165971285,9.392321109771729
-26.610224086348094,35.58510165971285,9.392321109771729
-26.610224086348094,35.58510165971285,9.392321109771729
-26.610224086348094,35.58510165971285,9.392321109771729
-26.83923905383732,35.55979429359628,9.392321109771729
-26.83923905383732,35.55979429359628,9.392321109771729
-26.83923905383732,35.55979429359628,9.392321109771729
-26.83923905383732,35.55979429359628,9.392321109771729
-26.83923905383732,35.55979429359628,9.392321109771729
-27.040111838670214,35.544892479163494,9.392321109771729
-27.040111838670214,35.544892479163494,9.392321109771729
-27.040111838670214,35.544892479163494,9.392321109771729
-27.040111838670214,35.544892479163494,9.392321109771729
-27.040111838670214,35.544892479163494,9.392321109771729
-27.241510587764324,35.53748384873699,9.392321109771729
-27.241510587764324,35.53748384873699,9.392321109771729
-27.241510587764324,35.53748384873699,9.392321109771729
-27.241510587764324,35.53748384873699,9.392321109771729
-27.241510587764324,35.53748384873699,9.392321109771729
-27.465587902107924,35.522699656469264,9.392321109771729
-27.465587902107924,35.522699656469264,9.392321109771729
-27.465587902107924,35.522699656469264,9.392321109771729
-27.465587902107924,35.522699656469264,9.392321109771729
-27.465587902107924,35.522699656469264,9.392321109771729
-27.670652595661707,35.518473850295756,9.392321109771729
-27.670652595661707,35.518473850295756,9.392321109771729
-27.670652595661707,35.518473850295756,9.392321109771729
-27.670652595661707,35.518473850295756,9.392321109771729
-27.670652595661707,35.518473850295756,9.392321109771729
-27.878447465467335,35.51664294472386,9.392321109771729
-27.878447465467335,35.51664294472386,9.392321109771729
-27.878447465467335,35.51664294472386,9.392321109771729
-27.878447465467335,35.51664294472386,9.392321109771729
-27.878447465467335,35.51664294472386,9.392321109771729
-28.080674969232835,35.5187077522066,9.392321109771729
-28.080674969232835,35.5187077522066,9.392321109771729
-28.080674969232835,35.5187077522066,9.392321109771729
-28.080674969232835,35.5187077522066,9.392321109771729
-28.080674969232835,35.5187077522066,9.392321109771729
-28.26354720097377,35.52754450866483,9.392321109771729
-28.26354720097377,35.52754450866483,9.392321109771729
-28.26354720097377,35.52754450866483,9.392321109771729
-28.26354720097377,35.52754450866483,9.392321109771729
-28.420773177668153,35.54734118361338,9.392321109771729
-28.420773177668153,35.54734118361338,9.392321109771729
-28.420773177668153,35.54734118361338,9.392321109771729
-28.420773177668153,35.54734118361338,9.392321109771729
-28.420773177668153,35.54734118361338,9.392321109771729
-28.584585097371374,35.572096983042506,9.392321109771729
-28.584585097371374,35.572096983042506,9.392321109771729
-28.584585097371374,35.572096983042506,9.392321109771729
-28.584585097371374,35.572096983042506,9.392321109771729
-28.740620942677573,35.591870314068935,9.392321109771729
-28.740620942677573,35.591870314068935,9.392321109771729
-28.740620942677573,35.591870314068935,9.392321109771729
-28.740620942677573,35.591870314068935,9.392321109771729
-28.82409087162703,35.59550833559287,9.392321109771729
-28.82409087162703,35.59550833559287,9.392321109771729
-28.82409087162703,35.59550833559287,9.392321109771729
-28.82409087162703,35.59550833559287,9.392321109771729
-28.82409087162703,35.59550833559287,9.392321109771729
-28.989388583221235,35.61097999409219,9.392321109771729
-28.989388583221235,35.61097999409219,9.392321109771729
-28.989388583221235,35.61097999409219,9.392321109771729
-28.989388583221235,35.61097999409219,9.392321109771729
-29.164046011415273,35.624518574873015,9.392321109771729
-29.164046011415273,35.624518574873015,9.392321109771729
-29.164046011415273,35.624518574873015,9.392321109771729
-29.164046011415273,35.624518574873015,9.392321109771729
-29.164046011415273,35.624518574873015,9.392321109771729
-29.32690237870357,35.64315378223706,9.392321109771729
-29.32690237870357,35.64315378223706,9.392321109771729
-29.32690237870357,35.64315378223706,9.392321109771729
-29.32690237870357,35.64315378223706,9.392321109771729
-29.478700244784154,35.66645017405231,9.392321109771729
-29.478700244784154,35.66645017405231,9.392321109771729
-29.478700244784154,35.66645017405231,9.392321109771729
-29.478700244784154,35.66645017405231,9.392321109771729
-29.578715803736422,35.67471901194631,9.392321109771729
-29.578715803736422,35.67471901194631,9.392321109771729
-29.578715803736422,35.67471901194631,9.392321109771729
-29.578715803736422,35.67471901194631,9.392321109771729
-29.578715803736422,35.67471901194631,9.392321109771729
-29.763453022530747,35.696763492612746,9.392321109771729
-29.763453022530747,35.696763492612746,9.392321109771729
-29.763453022530747,35.696763492612746,9.392321109771729
-29.763453022530747,35.696763492612746,9.392321109771729
-29.92969516923402,35.71666903434728,9.392321109771729
-29.92969516923402,35.71666903434728,9.392321109771729
-29.92969516923402,35.71666903434728,9.392321109771729
-29.92969516923402,35.71666903434728,9.392321109771729
-29.92969516923402,35.71666903434728,9.392321109771729
-30.029728776123783,35.728860545104375,9.392321109771729
-30.029728776123783,35.728860545104375,9.392321109771729
-30.029728776123783,35.728860545104375,9.392321109771729
-30.029728776123783,35.728860545104375,9.392321109771729
-30.19515196182826,35.7562418695802,9.392321109771729
-30.19515196182826,35.7562418695802,9.392321109771729
-30.19515196182826,35.7562418695802,9.392321109771729
-30.19515196182826,35.7562418695802,9.392321109771729
-30.19515196182826,35.7562418695802,9.392321109771729
-30.33965030377563,35.7872307925315,9.392321109771729
-30.33965030377563,35.7872307925315,9.392321109771729
-30.33965030377563,35.7872307925315,9.392321109771729
-30.33965030377563,35.7872307925315,9.392321109771729
-30.48128295306494,35.81566282337347,9.392321109771729
-30.48128295306494,35.81566282337347,9.392321109771729
-30.48128295306494,35.81566282337347,9.392321109771729
-30.48128295306494,35.81566282337347,9.392321109771729
-30.48128295306494,35.81566282337347,9.392321109771729
-30.48128295306494,35.81566282337347,9.392321109771729
-30.64059198687642,35.85099330790664,9.392321109771729
-30.64059198687642,35.85099330790664,9.392321109771729
-30.64059198687642,35.85099330790664,9.392321109771729
-30.64059198687642,35.85099330790664,9.392321109771729
-30.64059198687642,35.85099330790664,9.392321109771729
-30.64059198687642,35.85099330790664,9.392321109771729
-30.823565092285918,35.893165139239215,9.392321109771729
-30.823565092285918,35.893165139239215,9.392321109771729
-30.823565092285918,35.893165139239215,9.392321109771729
-30.823565092285918,35.893165139239215,9.392321109771729
-30.823565092285918,35.893165139239215,9.392321109771729
-30.823565092285918,35.893165139239215,9.392321109771729
-30.823565092285918,35.893165139239215,9.392321109771729
-31.04397618814818,35.96526801711977,9.392321109771729
-31.04397618814818,35.96526801711977,9.392321109771729
-31.04397618814818,35.96526801711977,9.392321109771729
-31.04397618814818,35.96526801711977,9.392321109771729
-31.04397618814818,35.96526801711977,9.392321109771729
-31.150668494470846,36.009701900469885,9.392321109771729
-31.150668494470846,36.009701900469885,9.392321109771729
-31.150668494470846,36.009701900469885,9.392321109771729
-31.150668494470846,36.009701900469885,9.392321109771729
-31.150668494470846,36.009701900469885,9.392321109771729
-31.150668494470846,36.009701900469885,9.392321109771729
-31.150668494470846,36.009701900469885,9.392321109771729
-31.25652505967121,36.048972459323885,9.392321109771729
-31.25652505967121,36.048972459323885,9.392321109771729
-31.25652505967121,36.048972459323885,9.392321109771729
-31.25652505967121,36.048972459323885,9.392321109771729
-31.25652505967121,36.048972459323885,9.392321109771729
-31.25652505967121,36.048972459323885,9.392321109771729
-31.46201267704008,36.104797847812655,9.392321109771729
-31.46201267704008,36.104797847812655,9.392321109771729
-31.46201267704008,36.104797847812655,9.392321109771729
-31.46201267704008,36.104797847812655,9.392321109771729
-31.46201267704008,36.104797847812655,9.392321109771729
-31.619761093812695,36.14042455169747,9.392321109771729
-31.619761093812695,36.14042455169747,9.392321109771729
-31.619761093812695,36.14042455169747,9.392321109771729
-31.619761093812695,36.14042455169747,9.392321109771729
-31.764456908458076,36.1692347925897,9.392321109771729
-31.764456908458076,36.1692347925897,9.392321109771729
-31.764456908458076,36.1692347925897,9.392321109771729
-31.764456908458076,36.1692347925897,9.392321109771729
-31.764456908458076,36.1692347925897,9.392321109771729
-31.9014153343767,36.196883203318336,9.392321109771729
-31.9014153343767,36.196883203318336,9.392321109771729
-31.9014153343767,36.196883203318336,9.392321109771729
-31.9014153343767,36.196883203318336,9.392321109771729
-31.9014153343767,36.196883203318336,9.392321109771729
-32.039866428502165,36.2198420350966,9.392321109771729
-32.039866428502165,36.2198420350966,9.392321109771729
-32.039866428502165,36.2198420350966,9.392321109771729
-32.039866428502165,36.2198420350966,9.392321109771729
-32.039866428502165,36.2198420350966,9.392321109771729
-32.19029155086982,36.242758613275335,9.392321109771729
-32.19029155086982,36.242758613275335,9.392321109771729
-32.19029155086982,36.242758613275335,9.392321109771729
-32.19029155086982,36.242758613275335,9.392321109771729
-32.19029155086982,36.242758613275335,9.392321109771729
-32.19029155086982,36.242758613275335,9.392321109771729
-32.36996559983249,36.265946706644485,9.392321109771729
-32.36996559983249,36.265946706644485,9.392321109771729
-32.36996559983249,36.265946706644485,9.392321109771729
-32.36996559983249,36.265946706644485,9.392321109771729
-32.36996559983249,36.265946706644485,9.392321109771729
-32.54609697921887,36.28846205323256,9.392321109771729
-32.54609697921887,36.28846205323256,9.392321109771729
-32.54609697921887,36.28846205323256,9.392321109771729
-32.54609697921887,36.28846205323256,9.392321109771729
-32.54609697921887,36.28846205323256,9.392321109771729
-32.54609697921887,36.28846205323256,9.392321109771729
-32.54609697921887,36.28846205323256,9.392321109771729
-32.726231234427004,36.31204212256014,9.392321109771729
-32.726231234427004,36.31204212256014,9.392321109771729
-32.726231234427004,36.31204212256014,9.392321109771729
-32.726231234427004,36.31204212256014,9.392321109771729
-32.726231234427004,36.31204212256014,9.392321109771729
-32.726231234427004,36.31204212256014,9.392321109771729
-32.726231234427004,36.31204212256014,9.392321109771729
-32.99724783628256,36.3504678086456,9.392321109771729
-32.99724783628256,36.3504678086456,9.392321109771729
-32.99724783628256,36.3504678086456,9.392321109771729
-32.99724783628256,36.3504678086456,9.392321109771729
-32.99724783628256,36.3504678086456,9.392321109771729
-32.99724783628256,36.3504678086456,9.392321109771729
-32.99724783628256,36.3504678086456,9.392321109771729
-32.99724783628256,36.3504678086456,9.392321109771729
-33.27088476453197,36.385580912503386,9.392321109771729
-33.27088476453197,36.385580912503386,9.392321109771729
-33.27088476453197,36.385580912503386,9.392321109771729
-33.27088476453197,36.385580912503386,9.392321109771729
-33.27088476453197,36.385580912503386,9.392321109771729
-33.27088476453197,36.385580912503386,9.392321109771729
-33.27088476453197,36.385580912503386,9.392321109771729
-33.58643112047378,36.432466005272204,9.392321109771729
-33.58643112047378,36.432466005272204,9.392321109771729
-33.58643112047378,36.432466005272204,9.392321109771729
-33.58643112047378,36.432466005272204,9.392321109771729
-33.58643112047378,36.432466005272204,9.392321109771729
-33.58643112047378,36.432466005272204,9.392321109771729
-33.58643112047378,36.432466005272204,9.392321109771729
-33.873462298526874,36.48141571068781,9.392321109771729
-33.873462298526874,36.48141571068781,9.392321109771729
-33.873462298526874,36.48141571068781,9.392321109771729
-33.873462298526874,36.48141571068781,9.392321109771729
-33.873462298526874,36.48141571068781,9.392321109771729
-33.873462298526874,36.48141571068781,9.392321109771729
-33.873462298526874,36.48141571068781,9.392321109771729
-33.873462298526874,36.48141571068781,9.392321109771729
-34.16139584133469,36.54147293337048,9.392321109771729
-34.16139584133469,36.54147293337048,9.392321109771729
-34.16139584133469,36.54147293337048,9.392321109771729
-34.16139584133469,36.54147293337048,9.392321109771729
-34.16139584133469,36.54147293337048,9.392321109771729
-34.16139584133469,36.54147293337048,9.392321109771729
-34.16139584133469,36.54147293337048,9.392321109771729
-34.16139584133469,36.54147293337048,9.392321109771729
-34.42479643865886,36.60346134039272,9.392321109771729
-34.42479643865886,36.60346134039272,9.392321109771729
-34.42479643865886,36.60346134039272,9.392321109771729
-34.42479643865886,36.60346134039272,9.392321109771729
-34.42479643865886,36.60346134039272,9.392321109771729
-34.42479643865886,36.60346134039272,9.392321109771729
-34.42479643865886,36.60346134039272,9.392321109771729
-34.70697591505383,36.67297843618391,9.392321109771729
-34.70697591505383,36.67297843618391,9.392321109771729
-34.70697591505383,36.67297843618391,9.392321109771729
-34.70697591505383,36.67297843618391,9.392321109771729
-34.70697591505383,36.67297843618391,9.392321109771729
-34.70697591505383,36.67297843618391,9.392321109771729
-34.70697591505383,36.67297843618391,9.392321109771729
-22.83914987853527,26.748702098065266,9.392321109771729
-22.83914987853527,26.748702098065266,9.392321109771729
-22.83914987853527,26.748702098065266,9.392321109771729
-22.83914987853527,26.748702098065266,9.392321109771729
-22.83914987853527,26.748702098065266,9.392321109771729
-22.83914987853527,26.748702098065266,9.392321109771729
-22.83914987853527,26.748702098065266,9.392321109771729
-22.83914987853527,26.748702098065266,9.392321109771729
7.6480045590734616,2.3783689837845836,9.392321109771729
7.6480045590734616,2.3783689837845836,9.392321109771729
7.6480045590734616,2.3783689837845836,9.392321109771729
7.6480045590734616,2.3783689837845836,9.392321109771729
7.6480045590734616,2.3783689837845836,9.392321109771729
7.6480045590734616,2.3783689837845836,9.392321109771729
7.6480045590734616,2.3783689837845836,9.392321109771729
7.570162495978483,2.366873635245291,9.392321109771729
7.570162495978483,2.366873635245291,9.392321109771729
7.570162495978483,2.366873635245291,9.392321109771729
7.570162495978483,2.366873635245291,9.392321109771729
7.570162495978483,2.366873635245291,9.392321109771729
7.570162495978483,2.366873635245291,9.392321109771729
7.570162495978483,2.366873635245291,9.392321109771729
7.508485261373389,2.3582213475293834,9.392321109771729
7.508485261373389,2.3582213475293834,9.392321109771729
7.508485261373389,2.3582213475293834,9.392321109771729
7.508485261373389,2.3582213475293834,9.392321109771729
7.508485261373389,2.3582213475293834,9.392321109771729
7.508485261373389,2.3582213475293834,9.392321109771729
7.508485261373389,2.3582213475293834,9.392321109771729
7.448827967622179,2.349891529118871,9.392321109771729
7.448827967622179,2.349891529118871,9.392321109771729
7.448827967622179,2.349891529118871,9.392321109771729
7.448827967622179,2.349891529118871,9.392321109771729
7.448827967622179,2.349891529118871,9.392321109771729
7.448827967622179,2.349891529118871,9.392321109771729
7.448771131403779,2.3446556807012477,9.392321109771729
7.448771131403779,2.3446556807012477,9.392321109771729
7.448771131403779,2.3446556807012477,9.392321109771729
7.448771131403779,2.3446556807012477,9.392321109771729
7.448771131403779,2.3446556807012477,9.392321109771729
7.448771131403779,2.3446556807012477,9.392321109771729
7.448771131403779,2.3446556807012477,9.392321109771729
7.382366291829275,2.3132771271688926,9.392321109771729
7.382366291829275,2.3132771271688926,9.392321109771729
7.382366291829275,2.3132771271688926,9.392321109771729
7.382366291829275,2.3132771271688926,9.392321109771729
7.382366291829275,2.3132771271688926,9.392321109771729
7.382366291829275,2.3132771271688926,9.392321109771729
7.382366291829275,2.3132771271688926,9.392321109771729
7.337611736494668,2.3018543649847683,9.392321109771729
7.337611736494668,2.3018543649847683,9.392321109771729
7.337611736494668,2.3018543649847683,9.392321109771729
7.337611736494668,2.3018543649847683,9.392321109771729
7.337611736494668,2.3018543649847683,9.392321109771729
7.337611736494668,2.3018543649847683,9.392321109771729
7.337611736494668,2.3018543649847683,9.392321109771729
7.337611736494668,2.3018543649847683,9.392321109771729
7.337611736494668,2.3018543649847683,9.392321109771729
7.337611736494668,2.3018543649847683,9.392321109771729
7.337611736494668,2.3018543649847683,9.392321109771729
7.308348047275967,2.293722114995455,9.392321109771729
7.308348047275967,2.293722114995455,9.392321109771729
7.308348047275967,2.293722114995455,9.392321109771729
7.308348047275967,2.293722114995455,9.392321109771729
7.308348047275967,2.293722114995455,9.392321109771729
7.308348047275967,2.293722114995455,9.392321109771729
7.308348047275967,2.293722114995455,9.392321109771729
7.308348047275967,2.293722114995455,9.392321109771729
7.167083523732629,2.2590084121808287,9.392321109771729
7.167083523732629,2.2590084121808287,9.392321109771729
7.167083523732629,2.2590084121808287,9.392321109771729
7.167083523732629,2.2590084121808287,9.392321109771729
7.167083523732629,2.2590084121808287,9.392321109771729
7.167083523732629,2.2590084121808287,9.392321109771729
7.167083523732629,2.2590084121808287,9.392321109771729
7.089301796464888,2.2361439561098995,9.392321109771729
7.089301796464888,2.2361439561098995,9.392321109771729
7.089301796464888,2.2361439561098995,9.392321109771729
7.089301796464888,2.2361439561098995,9.392321109771729
7.089301796464888,2.2361439561098995,9.392321109771729
7.089301796464888,2.2361439561098995,9.392321109771729
7.089301796464888,2.2361439561098995,9.392321109771729
7.0347770379509145,2.201826310563951,9.392321109771729
7.0347770379509145,2.201826310563951,9.392321109771729
7.0347770379509145,2.201826310563951,9.392321109771729
7.0347770379509145,2.201826310563951,9.392321109771729
7.0347770379509145,2.201826310563951,9.392321109771729
7.0347770379509145,2.201826310563951,9.392321109771729
7.0347770379509145,2.201826310563951,9.392321109771729
6.854620317192316,2.155256982412871,9.392321109771729
6.854620317192316,2.155256982412871,9.392321109771729
6.854620317192316,2.155256982412871,9.392321109771729
6.854620317192316,2.155256982412871,9.392321109771729
6.854620317192316,2.155256982412871,9.392321109771729
6.854620317192316,2.155256982412871,9.392321109771729
6.854620317192316,2.155256982412871,9.392321109771729
6.858551046250666,2.116499343950565,9.392321109771729
6.858551046250666,2.116499343950565,9.392321109771729
6.858551046250666,2.116499343950565,9.392321109771729
6.858551046250666,2.116499343950565,9.392321109771729
6.858551046250666,2.116499343950565,9.392321109771729
6.858551046250666,2.116499343950565,9.392321109771729
6.858551046250666,2.116499343950565,9.392321109771729
6.858551046250666,2.116499343950565,9.392321109771729
6.757795404404905,2.064922570463765,9.392321109771729
6.757795404404905,2.064922570463765,9.392321109771729
6.757795404404905,2.064922570463765,9.392321109771729
6.757795404404905,2.064922570463765,9.392321109771729
6.757795404404905,2.064922570463765,9.392321109771729
6.757795404404905,2.064922570463765,9.392321109771729
6.757795404404905,2.064922570463765,9.392321109771729
6.667236717123853,2.0034944553461824,9.392321109771729
6.667236717123853,2.0034944553461824,9.392321109771729
6.667236717123853,2.0034944553461824,9.392321109771729
6.667236717123853,2.0034944553461824,9.392321109771729
6.667236717123853,2.0034944553461824,9.392321109771729
6.667236717123853,2.0034944553461824,9.392321109771729
6.667236717123853,2.0034944553461824,9.392321109771729
6.5897032528466895,1.9522990709697527,9.392321109771729
6.5897032528466895,1.9522990709697527,9.392321109771729
6.5897032528466895,1.9522990709697527,9.392321109771729
6.5897032528466895,1.9522990709697527,9.392321109771729
6.5897032528466895,1.9522990709697527,9.392321109771729
6.5897032528466895,1.9522990709697527,9.392321109771729
6.5897032528466895,1.9522990709697527,9.392321109771729
6.430542569042204,1.8834358606863035,9.392321109771729
6.430542569042204,1.8834358606863035,9.392321109771729
6.430542569042204,1.8834358606863035,9.392321109771729
6.430542569042204,1.8834358606863035,9.392321109771729
6.430542569042204,1.8834358606863035,9.392321109771729
6.430542569042204,1.8834358606863035,9.392321109771729
6.430542569042204,1.8834358606863035,9.392321109771729
6.255770240295814,1.8089301142234895,9.392321109771729
6.255770240295814,1.8089301142234895,9.392321109771729
6.255770240295814,1.8089301142234895,9.392321109771729
6.255770240295814,1.8089301142234895,9.392321109771729
6.255770240295814,1.8089301142234895,9.392321109771729
6.255770240295814,1.8089301142234895,9.392321109771729
6.255770240295814,1.8089301142234895,9.392321109771729
6.255770240295814,1.8089301142234895,9.392321109771729
6.186855174354739,1.7497716488860944,9.392321109771729
6.186855174354739,1.7497716488860944,9.392321109771729
6.186855174354739,1.7497716488860944,9.392321109771729
6.186855174354739,1.7497716488860944,9.392321109771729
6.186855174354739,1.7497716488860944,9.392321109771729
6.186855174354739,1.7497716488860944,9.392321109771729
6.186855174354739,1.7497716488860944,9.392321109771729
6.049880858052475,1.6866367647247333,9.392321109771729
6.049880858052475,1.6866367647247333,9.392321109771729
6.049880858052475,1.6866367647247333,9.392321109771729
6.049880858052475,1.6866367647247333,9.392321109771729
6.049880858052475,1.6866367647247333,9.392321109771729
6.049880858052475,1.6866367647247333,9.392321109771729
6.049880858052475,1.6866367647247333,9.392321109771729
6.049880858052475,1.6866367647247333,9.392321109771729
5.944153915299362,1.6366314678888063,9.392321109771729
5.944153915299362,1.6366314678888063,9.392321109771729
5.944153915299362,1.6366314678888063,9.392321109771729
5.944153915299362,1.6366314678888063,9.392321109771729
5.944153915299362,1.6366314678888063,9.392321109771729
5.944153915299362,1.6366314678888063,9.392321109771729
5.944153915299362,1.6366314678888063,9.392321109771729
5.834154154004297,1.575376499938687,9.392321109771729
5.834154154004297,1.575376499938687,9.392321109771729
5.834154154004297,1.575376499938687,9.392321109771729
5.834154154004297,1.575376499938687,9.392321109771729
5.834154154004297,1.575376499938687,9.392321109771729
5.834154154004297,1.575376499938687,9.392321109771729
5.651664465432588,1.5065182410880995,9.392321109771729
5.651664465432588,1.5065182410880995,9.392321109771729
5.651664465432588,1.5065182410880995,9.392321109771729
5.651664465432588,1.5065182410880995,9.392321109771729
5.651664465432588,1.5065182410880995,9.392321109771729
5.651664465432588,1.5065182410880995,9.392321109771729
5.651664465432588,1.5065182410880995,9.392321109771729
5.535288827890643,1.4672101278637717,9.392321109771729
5.535288827890643,1.4672101278637717,9.392321109771729
5.535288827890643,1.4672101278637717,9.392321109771729
5.535288827890643,1.4672101278637717,9.392321109771729
5.535288827890643,1.4672101278637717,9.392321109771729
5.535288827890643,1.4672101278637717,9.392321109771729
5.401181191416804,1.4041297749204324,9.392321109771729
5.401181191416804,1.4041297749204324,9.392321109771729
5.401181191416804,1.4041297749204324,9.392321109771729
5.401181191416804,1.4041297749204324,9.392321109771729
5.401181191416804,1.4041297749204324,9.392321109771729
5.401181191416804,1.4041297749204324,9.392321109771729
5.268990201986272,1.3584693374234154,9.392321109771729
5.268990201986272,1.3584693374234154,9.392321109771729
5.268990201986272,1.3584693374234154,9.392321109771729
5.268990201986272,1.3584693374234154,9.392321109771729
5.268990201986272,1.3584693374234154,9.392321109771729
5.268990201986272,1.3584693374234154,9.392321109771729
5.268990201986272,1.3584693374234154,9.392321109771729
5.063528134307062,1.2851785600848082,9.392321109771729
5.063528134307062,1.2851785600848082,9.392321109771729
5.063528134307062,1.2851785600848082,9.392321109771729
5.063528134307062,1.2851785600848082,9.392321109771729
5.063528134307062,1.2851785600848082,9.392321109771729
5.063528134307062,1.2851785600848082,9.392321109771729
4.941992525738405,1.2418949588534194,9.392321109771729
4.941992525738405,1.2418949588534194,9.392321109771729
4.941992525738405,1.2418949588534194,9.392321109771729
4.941992525738405,1.2418949588534194,9.392321109771729
4.941992525738405,1.2418949588534194,9.392321109771729
4.941992525738405,1.2418949588534194,9.392321109771729
4.941992525738405,1.2418949588534194,9.392321109771729
4.763852801502702,1.173881266014384,9.392321109771729
4.763852801502702,1.173881266014384,9.392321109771729
4.763852801502702,1.173881266014384,9.392321109771729
4.763852801502702,1.173881266014384,9.392321109771729
4.763852801502702,1.173881266014384,9.392321109771729
4.763852801502702,1.173881266014384,9.392321109771729
4.56029950619609,1.1038777602159995,9.392321109771729
4.56029950619609,1.1038777602159995,9.392321109771729
4.56029950619609,1.1038777602159995,9.392321109771729
4.56029950619609,1.1038777602159995,9.392321109771729
4.56029950619609,1.1038777602159995,9.392321109771729
4.56029950619609,1.1038777602159995,9.392321109771729
4.408112981335998,1.0622214873519404,9.392321109771729
4.408112981335998,1.0622214873519404,9.392321109771729
4.408112981335998,1.0622214873519404,9.392321109771729
4.408112981335998,1.0622214873519404,9.392321109771729
4.408112981335998,1.0622214873519404,9.392321109771729
4.408112981335998,1.0622214873519404,9.392321109771729
4.408112981335998,1.0622214873519404,9.392321109771729
4.208385677263665,1.0088348326300849,9.392321109771729
4.208385677263665,1.0088348326300849,9.392321109771729
4.208385677263665,1.0088348326300849,9.392321109771729
4.208385677263665,1.0088348326300849,9.392321109771729
4.208385677263665,1.0088348326300849,9.392321109771729
4.208385677263665,1.0088348326300849,9.392321109771729
4.0400506782771215,0.9572031353977316,9.392321109771729
4.0400506782771215,0.9572031353977316,9.392321109771729
4.0400506782771215,0.9572031353977316,9.392321109771729
4.0400506782771215,0.9572031353977316,9.392321109771729
4.0400506782771215,0.9572031353977316,9.392321109771729
4.0400506782771215,0.9572031353977316,9.392321109771729
4.0400506782771215,0.9572031353977316,9.392321109771729
3.805888213708964,0.8699252261574645,9.392321109771729
3.805888213708964,0.8699252261574645,9.392321109771729
3.805888213708964,0.8699252261574645,9.392321109771729
3.805888213708964,0.8699252261574645,9.392321109771729
3.805888213708964,0.8699252261574645,9.392321109771729
3.805888213708964,0.8699252261574645,9.392321109771729
3.6505391620180663,0.8208317847691513,9.392321109771729
3.6505391620180663,0.8208317847691513,9.392321109771729
3.6505391620180663,0.8208317847691513,9.392321109771729
3.6505391620180663,0.8208317847691513,9.392321109771729
3.6505391620180663,0.8208317847691513,9.392321109771729
3.6505391620180663,0.8208317847691513,9.392321109771729
3.4247855706431807,0.7585164594162088,9.392321109771729
3.4247855706431807,0.7585164594162088,9.392321109771729
3.4247855706431807,0.7585164594162088,9.392321109771729
3.4247855706431807,0.7585164594162088,9.392321109771729
3.4247855706431807,0.7585164594162088,9.392321109771729
3.30062641633266,0.7251940680113674,9.392321109771729
3.30062641633266,0.7251940680113674,9.392321109771729
3.30062641633266,0.7251940680113674,9.392321109771729
3.30062641633266,0.7251940680113674,9.392321109771729
3.30062641633266,0.7251940680113674,9.392321109771729
3.131909739132197,0.6871271706675057,9.392321109771729
3.131909739132197,0.6871271706675057,9.392321109771729
3.131909739132197,0.6871271706675057,9.392321109771729
3.131909739132197,0.6871271706675057,9.392321109771729
3.131909739132197,0.6871271706675057,9.392321109771729
3.007906486359051,0.6491760774308168,9.392321109771729
3.007906486359051,0.6491760774308168,9.392321109771729
3.007906486359051,0.6491760774308168,9.392321109771729
3.007906486359051,0.6491760774308168,9.392321109771729
3.007906486359051,0.6491760774308168,9.392321109771729
3.007906486359051,0.6491760774308168,9.392321109771729
2.804396360652748,0.5912135093445989,9.392321109771729
2.804396360652748,0.5912135093445989,9.392321109771729
2.804396360652748,0.5912135093445989,9.392321109771729
2.804396360652748,0.5912135093445989,9.392321109771729
2.804396360652748,0.5912135093445989,9.392321109771729
2.6424549412231193,0.5474050136035771,9.392321109771729
2.6424549412231193,0.5474050136035771,9.392321109771729
2.6424549412231193,0.5474050136035771,9.392321109771729
2.6424549412231193,0.5474050136035771,9.392321109771729
2.6424549412231193,0.5474050136035771,9.392321109771729
2.5026391321803394,0.5189344502847998,9.392321109771729
2.5026391321803394,0.5189344502847998,9.392321109771729
2.5026391321803394,0.5189344502847998,9.392321109771729
2.5026391321803394,0.5189344502847998,9.392321109771729
2.5026391321803394,0.5189344502847998,9.392321109771729
2.346617730008467,0.4918405493106389,9.392321109771729
2.346617730008467,0.4918405493106389,9.392321109771729
2.346617730008467,0.4918405493106389,9.392321109771729
2.346617730008467,0.4918405493106389,9.392321109771729
2.346617730008467,0.4918405493106389,9.392321109771729
2.346617730008467,0.4918405493106389,9.392321109771729
2.1832460120948483,0.4725140567455601,9.392321109771729
2.1832460120948483,0.4725140567455601,9.392321109771729
2.1832460120948483,0.4725140567455601,9.392321109771729
2.1832460120948483,0.4725140567455601,9.392321109771729
2.1832460120948483,0.4725140567455601,9.392321109771729
2.018071150140062,0.41793985387721816,9.392321109771729
2.018071150140062,0.41793985387721816,9.392321109771729
2.018071150140062,0.41793985387721816,9.392321109771729
2.018071150140062,0.41793985387721816,9.392321109771729
2.018071150140062,0.41793985387721816,9.392321109771729
1.835693040960797,0.354318880953991,9.392321109771729
1.835693040960797,0.354318880953991,9.392321109771729
1.835693040960797,0.354318880953991,9.392321109771729
1.835693040960797,0.354318880953991,9.392321109771729
1.835693040960797,0.354318880953991,9.392321109771729
1.6537351486943292,0.31506774763606343,9.392321109771729
1.6537351486943292,0.31506774763606343,9.392321109771729
1.6537351486943292,0.31506774763606343,9.392321109771729
1.6537351486943292,0.31506774763606343,9.392321109771729
1.6537351486943292,0.31506774763606343,9.392321109771729
1.517657565012788,0.2800230076684534,9.392321109771729
1.517657565012788,0.2800230076684534,9.392321109771729
1.517657565012788,0.2800230076684534,9.392321109771729
1.517657565012788,0.2800230076684534,9.392321109771729
1.517657565012788,0.2800230076684534,9.392321109771729
1.517657565012788,0.2800230076684534,9.392321109771729
1.3836401274286503,0.25071332354019327,9.392321109771729
1.3836401274286503,0.25071332354019327,9.392321109771729
1.3836401274286503,0.25071332354019327,9.392321109771729
1.3836401274286503,0.25071332354019327,9.392321109771729
1.3836401274286503,0.25071332354019327,9.392321109771729
1.247413895131421,0.21879696672125482,9.392321109771729
1.247413895131421,0.21879696672125482,9.392321109771729
1.247413895131421,0.21879696672125482,9.392321109771729
1.247413895131421,0.21879696672125482,9.392321109771729
1.247413895131421,0.21879696672125482,9.392321109771729
1.0668907795098952,0.17501654560483798,9.392321109771729
1.0668907795098952,0.17501654560483798,9.392321109771729
1.0668907795098952,0.17501654560483798,9.392321109771729
1.0668907795098952,0.17501654560483798,9.392321109771729
1.0668907795098952,0.17501654560483798,9.392321109771729
