x,y,lap_time_s
-4.2555194094827415,-0.7382696826325891,12.46399188041687
-4.362848489619285,-0.731386664785221,12.46399188041687
-4.503300780350732,-0.737134439146213,12.46399188041687
-4.676151879674864,-0.7519222861169079,12.46399188041687
-4.817944294020428,-0.7665952559840823,12.46399188041687
-4.947800004183657,-0.7880656426157274,12.46399188041687
-5.133887547984347,-0.8109899762375619,12.46399188041687
-5.253144010047206,-0.8044638933014312,12.46399188041687
-5.435562541006657,-0.8087100739751611,12.46399188041687
-5.60631873983743,-0.8199133357799815,12.46399188041687
-5.7414933413024745,-0.8224856706814307,12.46399188041687
-5.7414933413024745,-0.8224856706814307,12.46399188041687
-5.7414933413024745,-0.8224856706814307,12.46399188041687
-5.7414933413024745,-0.8224856706814307,12.46399188041687
-5.7414933413024745,-0.8224856706814307,12.46399188041687
-5.7414933413024745,-0.8224856706814307,12.46399188041687
-5.7414933413024745,-0.8224856706814307,12.46399188041687
-5.7414933413024745,-0.8224856706814307,12.46399188041687
-5.860049742699065,-0.8219522653552489,12.46399188041687
-5.860049742699065,-0.8219522653552489,12.46399188041687
-5.860049742699065,-0.8219522653552489,12.46399188041687
-5.860049742699065,-0.8219522653552489,12.46399188041687
-5.985616748479727,-0.824563462236414,12.46399188041687
-5.985616748479727,-0.824563462236414,12.46399188041687
-5.985616748479727,-0.824563462236414,12.46399188041687
-5.985616748479727,-0.824563462236414,12.46399188041687
-5.985616748479727,-0.824563462236414,12.46399188041687
-6.171874421531643,-0.842042466532245,12.46399188041687
-6.171874421531643,-0.842042466532245,12.46399188041687
-6.171874421531643,-0.842042466532245,12.46399188041687
-6.171874421531643,-0.842042466532245,12.46399188041687
-6.171874421531643,-0.842042466532245,12.46399188041687
-6.322077737562773,-0.8425661501342456,12.46399188041687
-6.322077737562773,-0.8425661501342456,12.46399188041687
-6.322077737562773,-0.8425661501342456,12.46399188041687
-6.322077737562773,-0.8425661501342456,12.46399188041687
-6.322077737562773,-0.8425661501342456,12.46399188041687
-6.444729475997822,-0.8443769393191126,12.46399188041687
-6.444729475997822,-0.8443769393191126,12.46399188041687
-6.444729475997822,-0.8443769393191126,12.46399188041687
-6.444729475997822,-0.8443769393191126,12.46399188041687
-6.444729475997822,-0.8443769393191126,12.46399188041687
-6.533688140884461,-0.901280148042703,12.46399188041687
-6.533688140884461,-0.901280148042703,12.46399188041687
-6.533688140884461,-0.901280148042703,12.46399188041687
-6.533688140884461,-0.901280148042703,12.46399188041687
-6.533688140884461,-0.901280148042703,12.46399188041687
-6.495044187950382,-0.9212841432990169,12.46399188041687
-6.495044187950382,-0.9212841432990169,12.46399188041687
-6.495044187950382,-0.9212841432990169,12.46399188041687
-6.495044187950382,-0.9212841432990169,12.46399188041687
-6.495044187950382,-0.9212841432990169,12.46399188041687
-6.523729352943911,-0.9504104765395688,12.46399188041687
-6.523729352943911,-0.9504104765395688,12.46399188041687
-6.523729352943911,-0.9504104765395688,12.46399188041687
-6.523729352943911,-0.9504104765395688,12.46399188041687
-6.523729352943911,-0.9504104765395688,12.46399188041687
-6.523729352943911,-0.9504104765395688,12.46399188041687
-6.5374351384768605,-0.9697740910665053,12.46399188041687
-6.5374351384768605,-0.9697740910665053,12.46399188041687
-6.5374351384768605,-0.9697740910665053,12.46399188041687
-6.5374351384768605,-0.9697740910665053,12.46399188041687
-6.5374351384768605,-0.9697740910665053,12.46399188041687
-6.548267741421222,-0.9776373427339746,12.46399188041687
-6.548267741421222,-0.9776373427339746,12.46399188041687
-6.548267741421222,-0.9776373427339746,12.46399188041687
-6.548267741421222,-0.9776373427339746,12.46399188041687
-6.548267741421222,-0.9776373427339746,12.46399188041687
-6.56380337746413,-0.9982011942921666,12.46399188041687
-6.56380337746413,-0.9982011942921666,12.46399188041687
-6.56380337746413,-0.9982011942921666,12.46399188041687
-6.56380337746413,-0.9982011942921666,12.46399188041687
-6.56380337746413,-0.9982011942921666,12.46399188041687
-6.553771936984879,-1.010983136089602,12.46399188041687
-6.553771936984879,-1.010983136089602,12.46399188041687
-6.553771936984879,-1.010983136089602,12.46399188041687
-6.553771936984879,-1.010983136089602,12.46399188041687
-6.553771936984879,-1.010983136089602,12.46399188041687
-6.581239927228699,-1.0265223267467218,12.46399188041687
-6.581239927228699,-1.0265223267467218,12.46399188041687
-6.581239927228699,-1.0265223267467218,12.46399188041687
-6.581239927228699,-1.0265223267467218,12.46399188041687
-6.581239927228699,-1.0265223267467218,12.46399188041687
-6.569915116166967,-1.0234014530196904,12.46399188041687
-6.569915116166967,-1.0234014530196904,12.46399188041687
-6.569915116166967,-1.0234014530196904,12.46399188041687
-6.569915116166967,-1.0234014530196904,12.46399188041687
-6.569915116166967,-1.0234014530196904,12.46399188041687
-6.513886065375477,-1.0167968153611713,12.46399188041687
-6.513886065375477,-1.0167968153611713,12.46399188041687
-6.513886065375477,-1.0167968153611713,12.46399188041687
-6.513886065375477,-1.0167968153611713,12.46399188041687
-6.513886065375477,-1.0167968153611713,12.46399188041687
-6.477215033277476,-1.0183444299713136,12.46399188041687
-6.477215033277476,-1.0183444299713136,12.46399188041687
-6.477215033277476,-1.0183444299713136,12.46399188041687
-6.477215033277476,-1.0183444299713136,12.46399188041687
-6.477215033277476,-1.0183444299713136,12.46399188041687
-6.459141686123623,-1.0201416191745911,12.46399188041687
-6.459141686123623,-1.0201416191745911,12.46399188041687
-6.459141686123623,-1.0201416191745911,12.46399188041687
-6.459141686123623,-1.0201416191745911,12.46399188041687
-6.459141686123623,-1.0201416191745911,12.46399188041687
-6.425497841735041,-1.0277215159779172,12.46399188041687
-6.425497841735041,-1.0277215159779172,12.46399188041687
-6.425497841735041,-1.0277215159779172,12.46399188041687
-6.425497841735041,-1.0277215159779172,12.46399188041687
-6.425497841735041,-1.0277215159779172,12.46399188041687
-6.418355898378916,-1.0459149562773462,12.46399188041687
-6.418355898378916,-1.0459149562773462,12.46399188041687
-6.418355898378916,-1.0459149562773462,12.46399188041687
-6.418355898378916,-1.0459149562773462,12.46399188041687
-6.418355898378916,-1.0459149562773462,12.46399188041687
-6.4044618167995315,-1.0545943306603391,12.46399188041687
-6.4044618167995315,-1.0545943306603391,12.46399188041687
-6.4044618167995315,-1.0545943306603391,12.46399188041687
-6.4044618167995315,-1.0545943306603391,12.46399188041687
-6.4044618167995315,-1.0545943306603391,12.46399188041687
-6.372896108948801,-1.0779657093522386,12.46399188041687
-6.372896108948801,-1.0779657093522386,12.46399188041687
-6.372896108948801,-1.0779657093522386,12.46399188041687
-6.372896108948801,-1.0779657093522386,12.46399188041687
-6.372896108948801,-1.0779657093522386,12.46399188041687
-6.330052067321512,-1.0812592175056583,12.46399188041687
-6.330052067321512,-1.0812592175056583,12.46399188041687
-6.330052067321512,-1.0812592175056583,12.46399188041687
-6.330052067321512,-1.0812592175056583,12.46399188041687
-6.330052067321512,-1.0812592175056583,12.46399188041687
-6.330052067321512,-1.0812592175056583,12.46399188041687
-6.333979827990444,-1.1034901663147947,12.46399188041687
-6.333979827990444,-1.1034901663147947,12.46399188041687
-6.333979827990444,-1.1034901663147947,12.46399188041687
-6.333979827990444,-1.1034901663147947,12.46399188041687
-6.333979827990444,-1.1034901663147947,12.46399188041687
-6.311689070167196,-1.1213719061690637,12.46399188041687
-6.311689070167196,-1.1213719061690637,12.46399188041687
-6.311689070167196,-1.1213719061690637,12.46399188041687
-6.311689070167196,-1.1213719061690637,12.46399188041687
-6.311689070167196,-1.1213719061690637,12.46399188041687
-6.28869517982398,-1.1380473072835027,12.46399188041687
-6.28869517982398,-1.1380473072835027,12.46399188041687
-6.28869517982398,-1.1380473072835027,12.46399188041687
-6.28869517982398,-1.1380473072835027,12.46399188041687
-6.28869517982398,-1.1380473072835027,12.46399188041687
-6.2852210135332065,-1.1769977773474647,12.46399188041687
-6.2852210135332065,-1.1769977773474647,12.46399188041687
-6.2852210135332065,-1.1769977773474647,12.46399188041687
-6.2852210135332065,-1.1769977773474647,12.46399188041687
-6.2852210135332065,-1.1769977773474647,12.46399188041687
-6.273277447175262,-1.1988612208392653,12.46399188041687
-6.273277447175262,-1.1988612208392653,12.46399188041687
-6.273277447175262,-1.1988612208392653,12.46399188041687
-6.273277447175262,-1.1988612208392653,12.46399188041687
-6.273277447175262,-1.1988612208392653,12.46399188041687
-6.273277447175262,-1.1988612208392653,12.46399188041687
-6.260713560231258,-1.1990038029544632,12.46399188041687
-6.260713560231258,-1.1990038029544632,12.46399188041687
-6.260713560231258,-1.1990038029544632,12.46399188041687
-6.260713560231258,-1.1990038029544632,12.46399188041687
-6.260713560231258,-1.1990038029544632,12.46399188041687
-6.263742628389361,-1.2160087474597334,12.46399188041687
-6.263742628389361,-1.2160087474597334,12.46399188041687
-6.263742628389361,-1.2160087474597334,12.46399188041687
-6.263742628389361,-1.2160087474597334,12.46399188041687
-6.263742628389361,-1.2160087474597334,12.46399188041687
-6.234251992055729,-1.242640900698019,12.46399188041687
-6.234251992055729,-1.242640900698019,12.46399188041687
-6.234251992055729,-1.242640900698019,12.46399188041687
-6.234251992055729,-1.242640900698019,12.46399188041687
-6.234251992055729,-1.242640900698019,12.46399188041687
-6.234251992055729,-1.242640900698019,12.46399188041687
-6.214464933847536,-1.2623802725882838,12.46399188041687
-6.214464933847536,-1.2623802725882838,12.46399188041687
-6.214464933847536,-1.2623802725882838,12.46399188041687
-6.214464933847536,-1.2623802725882838,12.46399188041687
-6.214464933847536,-1.2623802725882838,12.46399188041687
-6.095459562197905,-1.2635086993662212,12.46399188041687
-6.095459562197905,-1.2635086993662212,12.46399188041687
-6.095459562197905,-1.2635086993662212,12.46399188041687
-6.095459562197905,-1.2635086993662212,12.46399188041687
-6.095459562197905,-1.2635086993662212,12.46399188041687
-6.037484620244204,-1.2677539249687235,12.46399188041687
-6.037484620244204,-1.2677539249687235,12.46399188041687
-6.037484620244204,-1.2677539249687235,12.46399188041687
-6.037484620244204,-1.2677539249687235,12.46399188041687
-6.037484620244204,-1.2677539249687235,12.46399188041687
-5.958116003386436,-1.2731603686059911,12.46399188041687
-5.958116003386436,-1.2731603686059911,12.46399188041687
-5.958116003386436,-1.2731603686059911,12.46399188041687
-5.958116003386436,-1.2731603686059911,12.46399188041687
-5.958116003386436,-1.2731603686059911,12.46399188041687
-5.958116003386436,-1.2731603686059911,12.46399188041687
-5.89880886893351,-1.294018021412758,12.46399188041687
-5.89880886893351,-1.294018021412758,12.46399188041687
-5.89880886893351,-1.294018021412758,12.46399188041687
-5.89880886893351,-1.294018021412758,12.46399188041687
-5.89880886893351,-1.294018021412758,12.46399188041687
-5.852019602663929,-1.318584730828609,12.46399188041687
-5.852019602663929,-1.318584730828609,12.46399188041687
-5.852019602663929,-1.318584730828609,12.46399188041687
-5.852019602663929,-1.318584730828609,12.46399188041687
-5.852019602663929,-1.318584730828609,12.46399188041687
-5.81858932394051,-1.3382185419539623,12.46399188041687
-5.81858932394051,-1.3382185419539623,12.46399188041687
-5.81858932394051,-1.3382185419539623,12.46399188041687
-5.81858932394051,-1.3382185419539623,12.46399188041687
-5.81858932394051,-1.3382185419539623,12.46399188041687
-5.713650121266657,-1.3428695485707787,12.46399188041687
-5.713650121266657,-1.3428695485707787,12.46399188041687
-5.713650121266657,-1.3428695485707787,12.46399188041687
-5.713650121266657,-1.3428695485707787,12.46399188041687
-5.713650121266657,-1.3428695485707787,12.46399188041687
-5.713650121266657,-1.3428695485707787,12.46399188041687
-5.708031614616503,-1.3708506325269563,12.46399188041687
-5.708031614616503,-1.3708506325269563,12.46399188041687
-5.708031614616503,-1.3708506325269563,12.46399188041687
-5.708031614616503,-1.3708506325269563,12.46399188041687
-5.708031614616503,-1.3708506325269563,12.46399188041687
-5.720196798145406,-1.4009644139570676,12.46399188041687
-5.720196798145406,-1.4009644139570676,12.46399188041687
-5.720196798145406,-1.4009644139570676,12.46399188041687
-5.720196798145406,-1.4009644139570676,12.46399188041687
-5.720196798145406,-1.4009644139570676,12.46399188041687
-5.7505017695315095,-1.4388646812521728,12.46399188041687
-5.7505017695315095,-1.4388646812521728,12.46399188041687
-5.7505017695315095,-1.4388646812521728,12.46399188041687
-5.7505017695315095,-1.4388646812521728,12.46399188041687
-5.7505017695315095,-1.4388646812521728,12.46399188041687
-5.702659014006824,-1.4596214021386484,12.46399188041687
-5.702659014006824,-1.4596214021386484,12.46399188041687
-5.702659014006824,-1.4596214021386484,12.46399188041687
-5.702659014006824,-1.4596214021386484,12.46399188041687
-5.702659014006824,-1.4596214021386484,12.46399188041687
-5.702659014006824,-1.4596214021386484,12.46399188041687
-5.651367133374822,-1.471461738652037,12.46399188041687
-5.651367133374822,-1.471461738652037,12.46399188041687
-5.651367133374822,-1.471461738652037,12.46399188041687
-5.651367133374822,-1.471461738652037,12.46399188041687
-5.651367133374822,-1.471461738652037,12.46399188041687
-5.695102532300912,-1.5275118247365091,12.46399188041687
-5.695102532300912,-1.5275118247365091,12.46399188041687
-5.695102532300912,-1.5275118247365091,12.46399188041687
-5.695102532300912,-1.5275118247365091,12.46399188041687
-5.695102532300912,-1.5275118247365091,12.46399188041687
-5.648368906389243,-1.5364880037547757,12.46399188041687
-5.648368906389243,-1.5364880037547757,12.46399188041687
-5.648368906389243,-1.5364880037547757,12.46399188041687
-5.648368906389243,-1.5364880037547757,12.46399188041687
-5.648368906389243,-1.5364880037547757,12.46399188041687
-5.648368906389243,-1.5364880037547757,12.46399188041687
-5.660732592297207,-1.563264326795597,12.46399188041687
-5.660732592297207,-1.563264326795597,12.46399188041687
-5.660732592297207,-1.563264326795597,12.46399188041687
-5.660732592297207,-1.563264326795597,12.46399188041687
-5.660732592297207,-1.563264326795597,12.46399188041687
-5.5609531997138895,-1.580788136346229,12.46399188041687
-5.5609531997138895,-1.580788136346229,12.46399188041687
-5.5609531997138895,-1.580788136346229,12.46399188041687
-5.5609531997138895,-1.580788136346229,12.46399188041687
-5.5609531997138895,-1.580788136346229,12.46399188041687
-5.548116540687037,-1.5967853769879867,12.46399188041687
-5.548116540687037,-1.5967853769879867,12.46399188041687
-5.548116540687037,-1.5967853769879867,12.46399188041687
-5.548116540687037,-1.5967853769879867,12.46399188041687
-5.548116540687037,-1.5967853769879867,12.46399188041687
-5.548116540687037,-1.5967853769879867,12.46399188041687
-5.551931006103776,-1.6289515378113943,12.46399188041687
-5.551931006103776,-1.6289515378113943,12.46399188041687
-5.551931006103776,-1.6289515378113943,12.46399188041687
-5.551931006103776,-1.6289515378113943,12.46399188041687
-5.551931006103776,-1.6289515378113943,12.46399188041687
-5.51398988436603,-1.6512096071651161,12.46399188041687
-5.51398988436603,-1.6512096071651161,12.46399188041687
-5.51398988436603,-1.6512096071651161,12.46399188041687
-5.51398988436603,-1.6512096071651161,12.46399188041687
-5.51398988436603,-1.6512096071651161,12.46399188041687
-5.515396013365211,-1.68934032442623,12.46399188041687
-5.515396013365211,-1.68934032442623,12.46399188041687
-5.515396013365211,-1.68934032442623,12.46399188041687
-5.515396013365211,-1.68934032442623,12.46399188041687
-5.515396013365211,-1.68934032442623,12.46399188041687
-5.557120166161716,-1.7290112024431492,12.46399188041687
-5.557120166161716,-1.7290112024431492,12.46399188041687
-5.557120166161716,-1.7290112024431492,12.46399188041687
-5.557120166161716,-1.7290112024431492,12.46399188041687
-5.557120166161716,-1.7290112024431492,12.46399188041687
-5.602339317061322,-1.7595107420775506,12.46399188041687
-5.602339317061322,-1.7595107420775506,12.46399188041687
-5.602339317061322,-1.7595107420775506,12.46399188041687
-5.602339317061322,-1.7595107420775506,12.46399188041687
-5.602339317061322,-1.7595107420775506,12.46399188041687
-5.602339317061322,-1.7595107420775506,12.46399188041687
-5.600428400938737,-1.7895465652951135,12.46399188041687
-5.600428400938737,-1.7895465652951135,12.46399188041687
-5.600428400938737,-1.7895465652951135,12.46399188041687
-5.600428400938737,-1.7895465652951135,12.46399188041687
-5.600428400938737,-1.7895465652951135,12.46399188041687
-5.5580203542389395,-1.8177901694803207,12.46399188041687
-5.5580203542389395,-1.8177901694803207,12.46399188041687
-5.5580203542389395,-1.8177901694803207,12.46399188041687
-5.5580203542389395,-1.8177901694803207,12.46399188041687
-5.5580203542389395,-1.8177901694803207,12.46399188041687
-5.6206357754107925,-1.856250315561504,12.46399188041687
-5.6206357754107925,-1.856250315561504,12.46399188041687
-5.6206357754107925,-1.856250315561504,12.46399188041687
-5.6206357754107925,-1.856250315561504,12.46399188041687
-5.6206357754107925,-1.856250315561504,12.46399188041687
-5.608502062698013,-1.8816924459703566,12.46399188041687
-5.608502062698013,-1.8816924459703566,12.46399188041687
-5.608502062698013,-1.8816924459703566,12.46399188041687
-5.608502062698013,-1.8816924459703566,12.46399188041687
-5.608502062698013,-1.8816924459703566,12.46399188041687
-5.638893410592161,-1.9249185310016768,12.46399188041687
-5.638893410592161,-1.9249185310016768,12.46399188041687
-5.638893410592161,-1.9249185310016768,12.46399188041687
-5.638893410592161,-1.9249185310016768,12.46399188041687
-5.638893410592161,-1.9249185310016768,12.46399188041687
-5.638893410592161,-1.9249185310016768,12.46399188041687
-5.649464842756044,-1.9719874364997356,12.46399188041687
-5.649464842756044,-1.9719874364997356,12.46399188041687
-5.649464842756044,-1.9719874364997356,12.46399188041687
-5.649464842756044,-1.9719874364997356,12.46399188041687
-5.649464842756044,-1.9719874364997356,12.46399188041687
-5.684587708415068,-2.0071583500926797,12.46399188041687
-5.684587708415068,-2.0071583500926797,12.46399188041687
-5.684587708415068,-2.0071583500926797,12.46399188041687
-5.684587708415068,-2.0071583500926797,12.46399188041687
-5.684587708415068,-2.0071583500926797,12.46399188041687
-5.784743831684208,-2.056379026958665,12.46399188041687
-5.784743831684208,-2.056379026958665,12.46399188041687
-5.784743831684208,-2.056379026958665,12.46399188041687
-5.784743831684208,-2.056379026958665,12.46399188041687
-5.784743831684208,-2.056379026958665,12.46399188041687
-5.881635583389732,-2.114325883933678,12.46399188041687
-5.881635583389732,-2.114325883933678,12.46399188041687
-5.881635583389732,-2.114325883933678,12.46399188041687
-5.881635583389732,-2.114325883933678,12.46399188041687
-5.881635583389732,-2.114325883933678,12.46399188041687
-5.89323606611646,-2.147841555651157,12.46399188041687
-5.89323606611646,-2.147841555651157,12.46399188041687
-5.89323606611646,-2.147841555651157,12.46399188041687
-5.89323606611646,-2.147841555651157,12.46399188041687
-5.89323606611646,-2.147841555651157,12.46399188041687
-5.89323606611646,-2.147841555651157,12.46399188041687
-5.896933280321427,-2.19037322081231,12.46399188041687
-5.896933280321427,-2.19037322081231,12.46399188041687
-5.896933280321427,-2.19037322081231,12.46399188041687
-5.896933280321427,-2.19037322081231,12.46399188041687
-5.896933280321427,-2.19037322081231,12.46399188041687
-5.937230916403639,-2.2241825764514735,12.46399188041687
-5.937230916403639,-2.2241825764514735,12.46399188041687
-5.937230916403639,-2.2241825764514735,12.46399188041687
-5.937230916403639,-2.2241825764514735,12.46399188041687
-5.937230916403639,-2.2241825764514735,12.46399188041687
-5.983879607443559,-2.2746850373782337,12.46399188041687
-5.983879607443559,-2.2746850373782337,12.46399188041687
-5.983879607443559,-2.2746850373782337,12.46399188041687
-5.983879607443559,-2.2746850373782337,12.46399188041687
-5.983879607443559,-2.2746850373782337,12.46399188041687
-5.983879607443559,-2.2746850373782337,12.46399188041687
-5.975495405037502,-2.3010186583224708,12.46399188041687
-5.975495405037502,-2.3010186583224708,12.46399188041687
-5.975495405037502,-2.3010186583224708,12.46399188041687
-5.975495405037502,-2.3010186583224708,12.46399188041687
-5.975495405037502,-2.3010186583224708,12.46399188041687
-5.9379424849585005,-2.3244644229871914,12.46399188041687
-5.9379424849585005,-2.3244644229871914,12.46399188041687
-5.9379424849585005,-2.3244644229871914,12.46399188041687
-5.9379424849585005,-2.3244644229871914,12.46399188041687
-5.9379424849585005,-2.3244644229871914,12.46399188041687
-5.9379424849585005,-2.3244644229871914,12.46399188041687
-6.078574103359499,-2.378396006821971,12.46399188041687
-6.078574103359499,-2.378396006821971,12.46399188041687
-6.078574103359499,-2.378396006821971,12.46399188041687
-6.078574103359499,-2.378396006821971,12.46399188041687
-6.078574103359499,-2.378396006821971,12.46399188041687
-6.065540527496355,-2.3924302370031696,12.46399188041687
-6.065540527496355,-2.3924302370031696,12.46399188041687
-6.065540527496355,-2.3924302370031696,12.46399188041687
-6.065540527496355,-2.3924302370031696,12.46399188041687
-6.065540527496355,-2.3924302370031696,12.46399188041687
-6.018483682796735,-2.4000454632830395,12.46399188041687
-6.018483682796735,-2.4000454632830395,12.46399188041687
-6.018483682796735,-2.4000454632830395,12.46399188041687
-6.018483682796735,-2.4000454632830395,12.46399188041687
-6.018483682796735,-2.4000454632830395,12.46399188041687
-6.018483682796735,-2.4000454632830395,12.46399188041687
-6.037395367581756,-2.424956193048213,12.46399188041687
-6.037395367581756,-2.424956193048213,12.46399188041687
-6.037395367581756,-2.424956193048213,12.46399188041687
-6.037395367581756,-2.424956193048213,12.46399188041687
-6.037395367581756,-2.424956193048213,12.46399188041687
-6.049258111135775,-2.4433829645436718,12.46399188041687
-6.049258111135775,-2.4433829645436718,12.46399188041687
-6.049258111135775,-2.4433829645436718,12.46399188041687
-6.049258111135775,-2.4433829645436718,12.46399188041687
-6.049258111135775,-2.4433829645436718,12.46399188041687
-6.0740805668962,-2.464637274678417,12.46399188041687
-6.0740805668962,-2.464637274678417,12.46399188041687
-6.0740805668962,-2.464637274678417,12.46399188041687
-6.0740805668962,-2.464637274678417,12.46399188041687
-6.0740805668962,-2.464637274678417,12.46399188041687
-6.139010918247979,-2.4956091872305164,12.46399188041687
-6.139010918247979,-2.4956091872305164,12.46399188041687
-6.139010918247979,-2.4956091872305164,12.46399188041687
-6.139010918247979,-2.4956091872305164,12.46399188041687
-6.139010918247979,-2.4956091872305164,12.46399188041687
-6.139010918247979,-2.4956091872305164,12.46399188041687
-6.118510369014089,-2.5007306470238073,12.46399188041687
-6.118510369014089,-2.5007306470238073,12.46399188041687
-6.118510369014089,-2.5007306470238073,12.46399188041687
-6.118510369014089,-2.5007306470238073,12.46399188041687
-6.118510369014089,-2.5007306470238073,12.46399188041687
-6.153149637836405,-2.4931999791311554,12.46399188041687
-6.153149637836405,-2.4931999791311554,12.46399188041687
-6.153149637836405,-2.4931999791311554,12.46399188041687
-6.153149637836405,-2.4931999791311554,12.46399188041687
-6.153149637836405,-2.4931999791311554,12.46399188041687
-6.1472791484280105,-2.4619381402406906,12.46399188041687
-6.1472791484280105,-2.4619381402406906,12.46399188041687
-6.1472791484280105,-2.4619381402406906,12.46399188041687
-6.1472791484280105,-2.4619381402406906,12.46399188041687
-6.1472791484280105,-2.4619381402406906,12.46399188041687
-6.1269728286247975,-2.4357819501640394,12.46399188041687
-6.1269728286247975,-2.4357819501640394,12.46399188041687
-6.1269728286247975,-2.4357819501640394,12.46399188041687
-6.1269728286247975,-2.4357819501640394,12.46399188041687
-6.1269728286247975,-2.4357819501640394,12.46399188041687
-6.1269728286247975,-2.4357819501640394,12.46399188041687
-6.090574305716936,-2.4080624113394045,12.46399188041687
-6.090574305716936,-2.4080624113394045,12.46399188041687
-6.090574305716936,-2.4080624113394045,12.46399188041687
-6.090574305716936,-2.4080624113394045,12.46399188041687
-6.090574305716936,-2.4080624113394045,12.46399188041687
-6.075052513707378,-2.4109931012980383,12.46399188041687
-6.075052513707378,-2.4109931012980383,12.46399188041687
-6.075052513707378,-2.4109931012980383,12.46399188041687
-6.075052513707378,-2.4109931012980383,12.46399188041687
-6.075052513707378,-2.4109931012980383,12.46399188041687
-6.09380136339005,-2.4303826567216187,12.46399188041687
-6.09380136339005,-2.4303826567216187,12.46399188041687
-6.09380136339005,-2.4303826567216187,12.46399188041687
-6.09380136339005,-2.4303826567216187,12.46399188041687
-6.09380136339005,-2.4303826567216187,12.46399188041687
-6.09380136339005,-2.4303826567216187,12.46399188041687
-6.106162165266471,-2.446276001812703,12.46399188041687
-6.106162165266471,-2.446276001812703,12.46399188041687
-6.106162165266471,-2.446276001812703,12.46399188041687
-6.106162165266471,-2.446276001812703,12.46399188041687
-6.106162165266471,-2.446276001812703,12.46399188041687
-6.100201339787077,-2.44696555429664,12.46399188041687
-6.100201339787077,-2.44696555429664,12.46399188041687
-6.100201339787077,-2.44696555429664,12.46399188041687
-6.100201339787077,-2.44696555429664,12.46399188041687
-6.100201339787077,-2.44696555429664,12.46399188041687
-6.074404766606093,-2.433301318359185,12.46399188041687
-6.074404766606093,-2.433301318359185,12.46399188041687
-6.074404766606093,-2.433301318359185,12.46399188041687
-6.074404766606093,-2.433301318359185,12.46399188041687
-6.074404766606093,-2.433301318359185,12.46399188041687
-6.066959225607969,-2.4224509991208256,12.46399188041687
-6.066959225607969,-2.4224509991208256,12.46399188041687
-6.066959225607969,-2.4224509991208256,12.46399188041687
-6.066959225607969,-2.4224509991208256,12.46399188041687
-6.066959225607969,-2.4224509991208256,12.46399188041687
-6.066959225607969,-2.4224509991208256,12.46399188041687
-6.047228533540294,-2.4120280871745505,12.46399188041687
-6.047228533540294,-2.4120280871745505,12.46399188041687
-6.047228533540294,-2.4120280871745505,12.46399188041687
-6.047228533540294,-2.4120280871745505,12.46399188041687
-6.047228533540294,-2.4120280871745505,12.46399188041687
-5.976327261541959,-2.3980896908410663,12.46399188041687
-5.976327261541959,-2.3980896908410663,12.46399188041687
-5.976327261541959,-2.3980896908410663,12.46399188041687
-5.976327261541959,-2.3980896908410663,12.46399188041687
-5.976327261541959,-2.3980896908410663,12.46399188041687
-5.953883553261307,-2.3978136043255196,12.46399188041687
-5.953883553261307,-2.3978136043255196,12.46399188041687
-5.953883553261307,-2.3978136043255196,12.46399188041687
-5.953883553261307,-2.3978136043255196,12.46399188041687
-5.953883553261307,-2.3978136043255196,12.46399188041687
-5.953883553261307,-2.3978136043255196,12.46399188041687
-6.001871982808682,-2.41192291978855,12.46399188041687
-6.001871982808682,-2.41192291978855,12.46399188041687
-6.001871982808682,-2.41192291978855,12.46399188041687
-6.001871982808682,-2.41192291978855,12.46399188041687
-6.001871982808682,-2.41192291978855,12.46399188041687
-5.961850252641197,-2.4052992849054236,12.46399188041687
-5.961850252641197,-2.4052992849054236,12.46399188041687
-5.961850252641197,-2.4052992849054236,12.46399188041687
-5.961850252641197,-2.4052992849054236,12.46399188041687
-5.961850252641197,-2.4052992849054236,12.46399188041687
-5.990609045220719,-2.4104268990706372,12.46399188041687
-5.990609045220719,-2.4104268990706372,12.46399188041687
-5.990609045220719,-2.4104268990706372,12.46399188041687
-5.990609045220719,-2.4104268990706372,12.46399188041687
-5.990609045220719,-2.4104268990706372,12.46399188041687
-5.964035610445236,-2.4118880541740135,12.46399188041687
-5.964035610445236,-2.4118880541740135,12.46399188041687
-5.964035610445236,-2.4118880541740135,12.46399188041687
-5.964035610445236,-2.4118880541740135,12.46399188041687
-5.964035610445236,-2.4118880541740135,12.46399188041687
-5.954219267899895,-2.3887976139659695,12.46399188041687
-5.954219267899895,-2.3887976139659695,12.46399188041687
-5.954219267899895,-2.3887976139659695,12.46399188041687
-5.954219267899895,-2.3887976139659695,12.46399188041687
-5.954219267899895,-2.3887976139659695,12.46399188041687
-5.954219267899895,-2.3887976139659695,12.46399188041687
-5.942330578017516,-2.390665767571117,12.46399188041687
-5.942330578017516,-2.390665767571117,12.46399188041687
-5.942330578017516,-2.390665767571117,12.46399188041687
-5.942330578017516,-2.390665767571117,12.46399188041687
-5.942330578017516,-2.390665767571117,12.46399188041687
-5.940086880825351,-2.3870338944222227,12.46399188041687
-5.940086880825351,-2.3870338944222227,12.46399188041687
-5.940086880825351,-2.3870338944222227,12.46399188041687
-5.940086880825351,-2.3870338944222227,12.46399188041687
-5.8955169490666055,-2.3683008211163,12.46399188041687
-5.8955169490666055,-2.3683008211163,12.46399188041687
-5.8955169490666055,-2.3683008211163,12.46399188041687
-5.8955169490666055,-2.3683008211163,12.46399188041687
-5.8955169490666055,-2.3683008211163,12.46399188041687
-5.8955169490666055,-2.3683008211163,12.46399188041687
-5.897935732697516,-2.3641192737549104,12.46399188041687
-5.897935732697516,-2.3641192737549104,12.46399188041687
-5.897935732697516,-2.3641192737549104,12.46399188041687
-5.897935732697516,-2.3641192737549104,12.46399188041687
-5.897935732697516,-2.3641192737549104,12.46399188041687
-5.868401377975399,-2.3524909511387624,12.46399188041687
-5.868401377975399,-2.3524909511387624,12.46399188041687
-5.868401377975399,-2.3524909511387624,12.46399188041687
-5.868401377975399,-2.3524909511387624,12.46399188041687
-5.868401377975399,-2.3524909511387624,12.46399188041687
-5.883133869272186,-2.3171980961911998,12.46399188041687
-5.883133869272186,-2.3171980961911998,12.46399188041687
-5.883133869272186,-2.3171980961911998,12.46399188041687
-5.883133869272186,-2.3171980961911998,12.46399188041687
-5.883133869272186,-2.3171980961911998,12.46399188041687
-5.883133869272186,-2.3171980961911998,12.46399188041687
-5.894955034973643,-2.309321290794147,12.46399188041687
-5.894955034973643,-2.309321290794147,12.46399188041687
-5.894955034973643,-2.309321290794147,12.46399188041687
-5.894955034973643,-2.309321290794147,12.46399188041687
-5.894955034973643,-2.309321290794147,12.46399188041687
-5.769332514566536,-2.27078628621859,12.46399188041687
-5.769332514566536,-2.27078628621859,12.46399188041687
-5.769332514566536,-2.27078628621859,12.46399188041687
-5.769332514566536,-2.27078628621859,12.46399188041687
-5.769332514566536,-2.27078628621859,12.46399188041687
-5.7088953998681555,-2.247297616079053,12.46399188041687
-5.7088953998681555,-2.247297616079053,12.46399188041687
-5.7088953998681555,-2.247297616079053,12.46399188041687
-5.7088953998681555,-2.247297616079053,12.46399188041687
-5.7088953998681555,-2.247297616079053,12.46399188041687
-5.7088953998681555,-2.247297616079053,12.46399188041687
-5.6712164776771985,-2.235479647430881,12.46399188041687
-5.6712164776771985,-2.235479647430881,12.46399188041687
-5.6712164776771985,-2.235479647430881,12.46399188041687
-5.6712164776771985,-2.235479647430881,12.46399188041687
-5.6712164776771985,-2.235479647430881,12.46399188041687
-5.6472517009045795,-2.2126955498594856,12.46399188041687
-5.6472517009045795,-2.2126955498594856,12.46399188041687
-5.6472517009045795,-2.2126955498594856,12.46399188041687
-5.6472517009045795,-2.2126955498594856,12.46399188041687
-5.6472517009045795,-2.2126955498594856,12.46399188041687
-5.650619720752014,-2.1966702920984367,12.46399188041687
-5.650619720752014,-2.1966702920984367,12.46399188041687
-5.650619720752014,-2.1966702920984367,12.46399188041687
-5.650619720752014,-2.1966702920984367,12.46399188041687
-5.650619720752014,-2.1966702920984367,12.46399188041687
-5.6565750103483206,-2.1736783708600886,12.46399188041687
-5.6565750103483206,-2.1736783708600886,12.46399188041687
-5.6565750103483206,-2.1736783708600886,12.46399188041687
-5.6565750103483206,-2.1736783708600886,12.46399188041687
-5.6565750103483206,-2.1736783708600886,12.46399188041687
-5.645096348413284,-2.1531255306357373,12.46399188041687
-5.645096348413284,-2.1531255306357373,12.46399188041687
-5.645096348413284,-2.1531255306357373,12.46399188041687
-5.645096348413284,-2.1531255306357373,12.46399188041687
-5.645096348413284,-2.1531255306357373,12.46399188041687
-5.645096348413284,-2.1531255306357373,12.46399188041687
-5.635400811647597,-2.1288264438410662,12.46399188041687
-5.635400811647597,-2.1288264438410662,12.46399188041687
-5.635400811647597,-2.1288264438410662,12.46399188041687
-5.635400811647597,-2.1288264438410662,12.46399188041687
-5.635400811647597,-2.1288264438410662,12.46399188041687
-5.592989408494558,-2.091421927952093,12.46399188041687
-5.592989408494558,-2.091421927952093,12.46399188041687
-5.592989408494558,-2.091421927952093,12.46399188041687
-5.592989408494558,-2.091421927952093,12.46399188041687
-5.592989408494558,-2.091421927952093,12.46399188041687
-5.685380426152398,-2.086769386251248,12.46399188041687
-5.685380426152398,-2.086769386251248,12.46399188041687
-5.685380426152398,-2.086769386251248,12.46399188041687
-5.685380426152398,-2.086769386251248,12.46399188041687
-5.685380426152398,-2.086769386251248,12.46399188041687
-5.676778336161633,-2.065676072448312,12.46399188041687
-5.676778336161633,-2.065676072448312,12.46399188041687
-5.676778336161633,-2.065676072448312,12.46399188041687
-5.676778336161633,-2.065676072448312,12.46399188041687
-5.676778336161633,-2.065676072448312,12.46399188041687
-5.729227939904005,-2.053991889216457,12.46399188041687
-5.729227939904005,-2.053991889216457,12.46399188041687
-5.729227939904005,-2.053991889216457,12.46399188041687
-5.729227939904005,-2.053991889216457,12.46399188041687
-5.774498823229716,-2.027334565258065,12.46399188041687
-5.774498823229716,-2.027334565258065,12.46399188041687
-5.774498823229716,-2.027334565258065,12.46399188041687
-5.774498823229716,-2.027334565258065,12.46399188041687
-5.774498823229716,-2.027334565258065,12.46399188041687
-5.774498823229716,-2.027334565258065,12.46399188041687
-5.788690963673969,-2.001951780343943,12.46399188041687
-5.788690963673969,-2.001951780343943,12.46399188041687
-5.788690963673969,-2.001951780343943,12.46399188041687
-5.788690963673969,-2.001951780343943,12.46399188041687
-5.788690963673969,-2.001951780343943,12.46399188041687
-5.7731295735479415,-1.9651667648714926,12.46399188041687
-5.7731295735479415,-1.9651667648714926,12.46399188041687
-5.7731295735479415,-1.9651667648714926,12.46399188041687
-5.7731295735479415,-1.9651667648714926,12.46399188041687
-5.740638234035258,-1.92998360751632,12.46399188041687
-5.740638234035258,-1.92998360751632,12.46399188041687
-5.740638234035258,-1.92998360751632,12.46399188041687
-5.740638234035258,-1.92998360751632,12.46399188041687
-5.740638234035258,-1.92998360751632,12.46399188041687
-5.734432986413627,-1.9087018019104187,12.46399188041687
-5.734432986413627,-1.9087018019104187,12.46399188041687
-5.734432986413627,-1.9087018019104187,12.46399188041687
-5.734432986413627,-1.9087018019104187,12.46399188041687
-5.734432986413627,-1.9087018019104187,12.46399188041687
-5.637904242074055,-1.8533596414806195,12.46399188041687
-5.637904242074055,-1.8533596414806195,12.46399188041687
-5.637904242074055,-1.8533596414806195,12.46399188041687
-5.637904242074055,-1.8533596414806195,12.46399188041687
-5.637904242074055,-1.8533596414806195,12.46399188041687
-5.637904242074055,-1.8533596414806195,12.46399188041687
-5.5835430259571694,-1.8132084933992598,12.46399188041687
-5.5835430259571694,-1.8132084933992598,12.46399188041687
-5.5835430259571694,-1.8132084933992598,12.46399188041687
-5.5835430259571694,-1.8132084933992598,12.46399188041687
-5.43179534789088,-1.734711152249508,12.46399188041687
-5.43179534789088,-1.734711152249508,12.46399188041687
-5.43179534789088,-1.734711152249508,12.46399188041687
-5.43179534789088,-1.734711152249508,12.46399188041687
-5.43179534789088,-1.734711152249508,12.46399188041687
-5.4199133519404645,-1.698456888562423,12.46399188041687
-5.4199133519404645,-1.698456888562423,12.46399188041687
-5.4199133519404645,-1.698456888562423,12.46399188041687
-5.4199133519404645,-1.698456888562423,12.46399188041687
-5.4199133519404645,-1.698456888562423,12.46399188041687
-5.381638896775261,-1.647984496004664,12.46399188041687
-5.381638896775261,-1.647984496004664,12.46399188041687
-5.381638896775261,-1.647984496004664,12.46399188041687
-5.381638896775261,-1.647984496004664,12.46399188041687
-5.381638896775261,-1.647984496004664,12.46399188041687
-5.381638896775261,-1.647984496004664,12.46399188041687
-5.445036950994795,-1.6447074328700098,12.46399188041687
-5.445036950994795,-1.6447074328700098,12.46399188041687
-5.445036950994795,-1.6447074328700098,12.46399188041687
-5.445036950994795,-1.6447074328700098,12.46399188041687
-5.445036950994795,-1.6447074328700098,12.46399188041687
-5.4490650805206196,-1.6211414012420196,12.46399188041687
-5.4490650805206196,-1.6211414012420196,12.46399188041687
-5.4490650805206196,-1.6211414012420196,12.46399188041687
-5.4490650805206196,-1.6211414012420196,12.46399188041687
-5.4490650805206196,-1.6211414012420196,12.46399188041687
-5.502078535353229,-1.6064374059828066,12.46399188041687
-5.502078535353229,-1.6064374059828066,12.46399188041687
-5.502078535353229,-1.6064374059828066,12.46399188041687
-5.502078535353229,-1.6064374059828066,12.46399188041687
-5.502078535353229,-1.6064374059828066,12.46399188041687
-5.451290898527558,-1.5693291402936123,12.46399188041687
-5.451290898527558,-1.5693291402936123,12.46399188041687
-5.451290898527558,-1.5693291402936123,12.46399188041687
-5.451290898527558,-1.5693291402936123,12.46399188041687
-5.451290898527558,-1.5693291402936123,12.46399188041687
-5.323076787403066,-1.5121416047269332,12.46399188041687
-5.323076787403066,-1.5121416047269332,12.46399188041687
-5.323076787403066,-1.5121416047269332,12.46399188041687
-5.323076787403066,-1.5121416047269332,12.46399188041687
-5.323076787403066,-1.5121416047269332,12.46399188041687
-5.32439587680246,-1.4760720536459468,12.46399188041687
-5.32439587680246,-1.4760720536459468,12.46399188041687
-5.32439587680246,-1.4760720536459468,12.46399188041687
-5.32439587680246,-1.4760720536459468,12.46399188041687
-5.32439587680246,-1.4760720536459468,12.46399188041687
-5.359438822288117,-1.4537881143688158,12.46399188041687
-5.359438822288117,-1.4537881143688158,12.46399188041687
-5.359438822288117,-1.4537881143688158,12.46399188041687
-5.359438822288117,-1.4537881143688158,12.46399188041687
-5.359438822288117,-1.4537881143688158,12.46399188041687
-5.350347261880022,-1.4260959921122565,12.46399188041687
-5.350347261880022,-1.4260959921122565,12.46399188041687
-5.350347261880022,-1.4260959921122565,12.46399188041687
-5.350347261880022,-1.4260959921122565,12.46399188041687
-5.350347261880022,-1.4260959921122565,12.46399188041687
-5.356916923012296,-1.3826079392629567,12.46399188041687
-5.356916923012296,-1.3826079392629567,12.46399188041687
-5.356916923012296,-1.3826079392629567,12.46399188041687
-5.356916923012296,-1.3826079392629567,12.46399188041687
-5.356916923012296,-1.3826079392629567,12.46399188041687
-5.382801698934317,-1.3504710836770468,12.46399188041687
-5.382801698934317,-1.3504710836770468,12.46399188041687
-5.382801698934317,-1.3504710836770468,12.46399188041687
-5.382801698934317,-1.3504710836770468,12.46399188041687
-5.382801698934317,-1.3504710836770468,12.46399188041687
-5.370568831712508,-1.3244471330513086,12.46399188041687
-5.370568831712508,-1.3244471330513086,12.46399188041687
-5.370568831712508,-1.3244471330513086,12.46399188041687
-5.370568831712508,-1.3244471330513086,12.46399188041687
-5.370568831712508,-1.3244471330513086,12.46399188041687
-5.242078579758226,-1.258046414060811,12.46399188041687
-5.242078579758226,-1.258046414060811,12.46399188041687
-5.242078579758226,-1.258046414060811,12.46399188041687
-5.242078579758226,-1.258046414060811,12.46399188041687
-5.242078579758226,-1.258046414060811,12.46399188041687
-5.24150194527866,-1.2242330755099635,12.46399188041687
-5.24150194527866,-1.2242330755099635,12.46399188041687
-5.24150194527866,-1.2242330755099635,12.46399188041687
-5.24150194527866,-1.2242330755099635,12.46399188041687
-5.24150194527866,-1.2242330755099635,12.46399188041687
-5.238072514967202,-1.2023894514054285,12.46399188041687
-5.238072514967202,-1.2023894514054285,12.46399188041687
-5.238072514967202,-1.2023894514054285,12.46399188041687
-5.238072514967202,-1.2023894514054285,12.46399188041687
-5.238072514967202,-1.2023894514054285,12.46399188041687
-5.265089441035238,-1.1750457104383993,12.46399188041687
-5.265089441035238,-1.1750457104383993,12.46399188041687
-5.265089441035238,-1.1750457104383993,12.46399188041687
-5.265089441035238,-1.1750457104383993,12.46399188041687
-5.265089441035238,-1.1750457104383993,12.46399188041687
-5.307306618143206,-1.146233404074982,12.46399188041687
-5.307306618143206,-1.146233404074982,12.46399188041687
-5.307306618143206,-1.146233404074982,12.46399188041687
-5.307306618143206,-1.146233404074982,12.46399188041687
-5.307306618143206,-1.146233404074982,12.46399188041687
-5.32046532763741,-1.1046741113448935,12.46399188041687
-5.32046532763741,-1.1046741113448935,12.46399188041687
-5.32046532763741,-1.1046741113448935,12.46399188041687
-5.32046532763741,-1.1046741113448935,12.46399188041687
-5.32046532763741,-1.1046741113448935,12.46399188041687
-5.385975024852732,-1.0936623971457085,12.46399188041687
-5.385975024852732,-1.0936623971457085,12.46399188041687
-5.385975024852732,-1.0936623971457085,12.46399188041687
-5.385975024852732,-1.0936623971457085,12.46399188041687
-5.385975024852732,-1.0936623971457085,12.46399188041687
-5.460948633416742,-1.0752426294779978,12.46399188041687
-5.460948633416742,-1.0752426294779978,12.46399188041687
-5.460948633416742,-1.0752426294779978,12.46399188041687
-5.460948633416742,-1.0752426294779978,12.46399188041687
-5.460948633416742,-1.0752426294779978,12.46399188041687
-5.424335416622172,-1.0205997108133231,12.46399188041687
-5.424335416622172,-1.0205997108133231,12.46399188041687
-5.424335416622172,-1.0205997108133231,12.46399188041687
-5.424335416622172,-1.0205997108133231,12.46399188041687
-5.424335416622172,-1.0205997108133231,12.46399188041687
-5.424335416622172,-1.0205997108133231,12.46399188041687
-5.416125268623235,-0.9905612920021579,12.46399188041687
-5.416125268623235,-0.9905612920021579,12.46399188041687
-5.416125268623235,-0.9905612920021579,12.46399188041687
-5.416125268623235,-0.9905612920021579,12.46399188041687
-5.416125268623235,-0.9905612920021579,12.46399188041687
-5.4502593471700855,-0.9575212333386649,12.46399188041687
-5.4502593471700855,-0.9575212333386649,12.46399188041687
-5.4502593471700855,-0.9575212333386649,12.46399188041687
-5.4502593471700855,-0.9575212333386649,12.46399188041687
-5.4502593471700855,-0.9575212333386649,12.46399188041687
-5.3967243245553655,-0.9078843074950032,12.46399188041687
-5.3967243245553655,-0.9078843074950032,12.46399188041687
-5.3967243245553655,-0.9078843074950032,12.46399188041687
-5.3967243245553655,-0.9078843074950032,12.46399188041687
-5.3967243245553655,-0.9078843074950032,12.46399188041687
-5.351568622881884,-0.8642628246203367,12.46399188041687
-5.351568622881884,-0.8642628246203367,12.46399188041687
-5.351568622881884,-0.8642628246203367,12.46399188041687
-5.351568622881884,-0.8642628246203367,12.46399188041687
-5.351568622881884,-0.8642628246203367,12.46399188041687
-5.315761844128053,-0.8251921649785008,12.46399188041687
-5.315761844128053,-0.8251921649785008,12.46399188041687
-5.315761844128053,-0.8251921649785008,12.46399188041687
-5.315761844128053,-0.8251921649785008,12.46399188041687
-5.315761844128053,-0.8251921649785008,12.46399188041687
-5.345245565023125,-0.8011846416076213,12.46399188041687
-5.345245565023125,-0.8011846416076213,12.46399188041687
-5.345245565023125,-0.8011846416076213,12.46399188041687
-5.345245565023125,-0.8011846416076213,12.46399188041687
-5.345245565023125,-0.8011846416076213,12.46399188041687
-5.253761125549145,-0.748882135301603,12.46399188041687
-5.253761125549145,-0.748882135301603,12.46399188041687
-5.253761125549145,-0.748882135301603,12.46399188041687
-5.253761125549145,-0.748882135301603,12.46399188041687
-5.253761125549145,-0.748882135301603,12.46399188041687
-5.1322351220828395,-0.6968603266332042,12.46399188041687
-5.1322351220828395,-0.6968603266332042,12.46399188041687
-5.1322351220828395,-0.6968603266332042,12.46399188041687
-5.1322351220828395,-0.6968603266332042,12.46399188041687
-5.1322351220828395,-0.6968603266332042,12.46399188041687
-5.120837533026734,-0.659918824558587,12.46399188041687
-5.120837533026734,-0.659918824558587,12.46399188041687
-5.120837533026734,-0.659918824558587,12.46399188041687
-5.120837533026734,-0.659918824558587,12.46399188041687
-5.120837533026734,-0.659918824558587,12.46399188041687
-5.205295785451655,-0.6685554324201283,12.46399188041687
-5.205295785451655,-0.6685554324201283,12.46399188041687
-5.205295785451655,-0.6685554324201283,12.46399188041687
-5.205295785451655,-0.6685554324201283,12.46399188041687
-5.205295785451655,-0.6685554324201283,12.46399188041687
-5.133026584972439,-0.628215241566259,12.46399188041687
-5.133026584972439,-0.628215241566259,12.46399188041687
-5.133026584972439,-0.628215241566259,12.46399188041687
-5.133026584972439,-0.628215241566259,12.46399188041687
-5.133026584972439,-0.628215241566259,12.46399188041687
-5.105744726493018,-0.592155939149362,12.46399188041687
-5.105744726493018,-0.592155939149362,12.46399188041687
-5.105744726493018,-0.592155939149362,12.46399188041687
-5.105744726493018,-0.592155939149362,12.46399188041687
-5.105744726493018,-0.592155939149362,12.46399188041687
-5.092416350326247,-0.5612532321607856,12.46399188041687
-5.092416350326247,-0.5612532321607856,12.46399188041687
-5.092416350326247,-0.5612532321607856,12.46399188041687
-5.092416350326247,-0.5612532321607856,12.46399188041687
-5.092416350326247,-0.5612532321607856,12.46399188041687
-5.167860056443914,-0.5545222549932963,12.46399188041687
-5.167860056443914,-0.5545222549932963,12.46399188041687
-5.167860056443914,-0.5545222549932963,12.46399188041687
-5.167860056443914,-0.5545222549932963,12.46399188041687
-5.167860056443914,-0.5545222549932963,12.46399188041687
-5.183398583140052,-0.5391915020676139,12.46399188041687
-5.183398583140052,-0.5391915020676139,12.46399188041687
-5.183398583140052,-0.5391915020676139,12.46399188041687
-5.183398583140052,-0.5391915020676139,12.46399188041687
-5.183398583140052,-0.5391915020676139,12.46399188041687
-5.1593813141347855,-0.49840250958667115,12.46399188041687
-5.1593813141347855,-0.49840250958667115,12.46399188041687
-5.1593813141347855,-0.49840250958667115,12.46399188041687
-5.1593813141347855,-0.49840250958667115,12.46399188041687
-5.1593813141347855,-0.49840250958667115,12.46399188041687
-5.142729914896509,-0.4814276361371904,12.46399188041687
-5.142729914896509,-0.4814276361371904,12.46399188041687
-5.142729914896509,-0.4814276361371904,12.46399188041687
-5.142729914896509,-0.4814276361371904,12.46399188041687
-5.142729914896509,-0.4814276361371904,12.46399188041687
-5.17005733128087,-0.46602162012981285,12.46399188041687
-5.17005733128087,-0.46602162012981285,12.46399188041687
-5.17005733128087,-0.46602162012981285,12.46399188041687
-5.17005733128087,-0.46602162012981285,12.46399188041687
-5.17005733128087,-0.46602162012981285,12.46399188041687
-5.313088856000298,-0.5705123815276257,12.46399188041687
-5.313088856000298,-0.5705123815276257,12.46399188041687
-5.313088856000298,-0.5705123815276257,12.46399188041687
-5.313088856000298,-0.5705123815276257,12.46399188041687
-5.313088856000298,-0.5705123815276257,12.46399188041687
-5.226865654530144,-0.5918952668847024,12.46399188041687
-5.226865654530144,-0.5918952668847024,12.46399188041687
-5.226865654530144,-0.5918952668847024,12.46399188041687
-5.226865654530144,-0.5918952668847024,12.46399188041687
-5.226865654530144,-0.5918952668847024,12.46399188041687
-5.226865654530144,-0.5918952668847024,12.46399188041687
-5.147379155801891,-0.6127408122191327,12.46399188041687
-5.147379155801891,-0.6127408122191327,12.46399188041687
-5.147379155801891,-0.6127408122191327,12.46399188041687
-5.147379155801891,-0.6127408122191327,12.46399188041687
-5.147379155801891,-0.6127408122191327,12.46399188041687
-5.125195879939274,-0.6548710488550258,12.46399188041687
-5.125195879939274,-0.6548710488550258,12.46399188041687
-5.125195879939274,-0.6548710488550258,12.46399188041687
-5.125195879939274,-0.6548710488550258,12.46399188041687
-5.125195879939274,-0.6548710488550258,12.46399188041687
-5.080900476291559,-0.6820417920403723,12.46399188041687
-5.080900476291559,-0.6820417920403723,12.46399188041687
-5.080900476291559,-0.6820417920403723,12.46399188041687
-5.080900476291559,-0.6820417920403723,12.46399188041687
-5.080900476291559,-0.6820417920403723,12.46399188041687
-5.087372073607943,-0.7065680095663134,12.46399188041687
-5.087372073607943,-0.7065680095663134,12.46399188041687
-5.087372073607943,-0.7065680095663134,12.46399188041687
-5.087372073607943,-0.7065680095663134,12.46399188041687
-5.087372073607943,-0.7065680095663134,12.46399188041687
-5.126186793306362,-0.7205814181876344,12.46399188041687
-5.126186793306362,-0.7205814181876344,12.46399188041687
-5.126186793306362,-0.7205814181876344,12.46399188041687
-5.126186793306362,-0.7205814181876344,12.46399188041687
-5.126186793306362,-0.7205814181876344,12.46399188041687
-5.126186793306362,-0.7205814181876344,12.46399188041687
-5.14147408597156,-0.7297632972238615,12.46399188041687
-5.14147408597156,-0.7297632972238615,12.46399188041687
-5.14147408597156,-0.7297632972238615,12.46399188041687
-5.14147408597156,-0.7297632972238615,12.46399188041687
-5.14147408597156,-0.7297632972238615,12.46399188041687
-5.150961823163819,-0.7366295687384261,12.46399188041687
-5.150961823163819,-0.7366295687384261,12.46399188041687
-5.150961823163819,-0.7366295687384261,12.46399188041687
-5.150961823163819,-0.7366295687384261,12.46399188041687
-5.150961823163819,-0.7366295687384261,12.46399188041687
-5.127580222277076,-0.7433030675962815,12.46399188041687
-5.127580222277076,-0.7433030675962815,12.46399188041687
-5.127580222277076,-0.7433030675962815,12.46399188041687
-5.127580222277076,-0.7433030675962815,12.46399188041687
-5.127580222277076,-0.7433030675962815,12.46399188041687
-5.0897790098839035,-0.7328137008673107,12.46399188041687
-5.0897790098839035,-0.7328137008673107,12.46399188041687
-5.0897790098839035,-0.7328137008673107,12.46399188041687
-5.0897790098839035,-0.7328137008673107,12.46399188041687
-5.0897790098839035,-0.7328137008673107,12.46399188041687
-5.0897790098839035,-0.7328137008673107,12.46399188041687
-5.091452592724529,-0.7392547408514176,12.46399188041687
-5.091452592724529,-0.7392547408514176,12.46399188041687
-5.091452592724529,-0.7392547408514176,12.46399188041687
-5.091452592724529,-0.7392547408514176,12.46399188041687
-5.091452592724529,-0.7392547408514176,12.46399188041687
-5.071901207867646,-0.7549595997906804,12.46399188041687
-5.071901207867646,-0.7549595997906804,12.46399188041687
-5.071901207867646,-0.7549595997906804,12.46399188041687
-5.071901207867646,-0.7549595997906804,12.46399188041687
-5.071901207867646,-0.7549595997906804,12.46399188041687
-5.112498534689581,-0.7742104210837317,12.46399188041687
-5.112498534689581,-0.7742104210837317,12.46399188041687
-5.112498534689581,-0.7742104210837317,12.46399188041687
-5.112498534689581,-0.7742104210837317,12.46399188041687
-5.112498534689581,-0.7742104210837317,12.46399188041687
-5.131925466188834,-0.7974256746810731,12.46399188041687
-5.131925466188834,-0.7974256746810731,12.46399188041687
-5.131925466188834,-0.7974256746810731,12.46399188041687
-5.131925466188834,-0.7974256746810731,12.46399188041687
-5.131925466188834,-0.7974256746810731,12.46399188041687
-5.131925466188834,-0.7974256746810731,12.46399188041687
-5.174088239534866,-0.8162933177093719,12.46399188041687
-5.174088239534866,-0.8162933177093719,12.46399188041687
-5.174088239534866,-0.8162933177093719,12.46399188041687
-5.174088239534866,-0.8162933177093719,12.46399188041687
-5.174088239534866,-0.8162933177093719,12.46399188041687
-5.1244502576563535,-0.844848161562958,12.46399188041687
-5.1244502576563535,-0.844848161562958,12.46399188041687
-5.1244502576563535,-0.844848161562958,12.46399188041687
-5.1244502576563535,-0.844848161562958,12.46399188041687
-5.1244502576563535,-0.844848161562958,12.46399188041687
-5.087121798767817,-0.8562647993705282,12.46399188041687
-5.087121798767817,-0.8562647993705282,12.46399188041687
-5.087121798767817,-0.8562647993705282,12.46399188041687
-5.087121798767817,-0.8562647993705282,12.46399188041687
-5.087121798767817,-0.8562647993705282,12.46399188041687
-5.087121798767817,-0.8562647993705282,12.46399188041687
-5.080219779899206,-0.8591295113697598,12.46399188041687
-5.080219779899206,-0.8591295113697598,12.46399188041687
-5.080219779899206,-0.8591295113697598,12.46399188041687
-5.080219779899206,-0.8591295113697598,12.46399188041687
-5.080219779899206,-0.8591295113697598,12.46399188041687
-4.6510793704569355,-0.7728131787656967,12.46399188041687
-4.6510793704569355,-0.7728131787656967,12.46399188041687
-4.6510793704569355,-0.7728131787656967,12.46399188041687
-4.6510793704569355,-0.7728131787656967,12.46399188041687
-4.6510793704569355,-0.7728131787656967,12.46399188041687
-4.6510793704569355,-0.7728131787656967,12.46399188041687
-4.872976379804305,-0.8094103398839345,12.46399188041687
-4.872976379804305,-0.8094103398839345,12.46399188041687
-4.872976379804305,-0.8094103398839345,12.46399188041687
-4.872976379804305,-0.8094103398839345,12.46399188041687
-4.872976379804305,-0.8094103398839345,12.46399188041687
-4.93500511134746,-0.819240294662232,12.46399188041687
-4.93500511134746,-0.819240294662232,12.46399188041687
-4.93500511134746,-0.819240294662232,12.46399188041687
-4.93500511134746,-0.819240294662232,12.46399188041687
-4.93500511134746,-0.819240294662232,12.46399188041687
-5.039262946882711,-0.8520270585102437,12.46399188041687
-5.039262946882711,-0.8520270585102437,12.46399188041687
-5.039262946882711,-0.8520270585102437,12.46399188041687
-5.039262946882711,-0.8520270585102437,12.46399188041687
-5.039262946882711,-0.8520270585102437,12.46399188041687
-5.0554824797842475,-0.8580179136249366,12.46399188041687
-5.0554824797842475,-0.8580179136249366,12.46399188041687
-5.0554824797842475,-0.8580179136249366,12.46399188041687
-5.0554824797842475,-0.8580179136249366,12.46399188041687
-5.0554824797842475,-0.8580179136249366,12.46399188041687
-5.050514905198632,-0.865638683371465,12.46399188041687
-5.050514905198632,-0.865638683371465,12.46399188041687
-5.050514905198632,-0.865638683371465,12.46399188041687
-5.050514905198632,-0.865638683371465,12.46399188041687
-5.050514905198632,-0.865638683371465,12.46399188041687
-5.050721045001939,-0.8700447702795714,12.46399188041687
-5.050721045001939,-0.8700447702795714,12.46399188041687
-5.050721045001939,-0.8700447702795714,12.46399188041687
-5.050721045001939,-0.8700447702795714,12.46399188041687
-5.050721045001939,-0.8700447702795714,12.46399188041687
-5.107187636096814,-0.8687065515500418,12.46399188041687
-5.107187636096814,-0.8687065515500418,12.46399188041687
-5.107187636096814,-0.8687065515500418,12.46399188041687
-5.107187636096814,-0.8687065515500418,12.46399188041687
-5.107187636096814,-0.8687065515500418,12.46399188041687
-5.107187636096814,-0.8687065515500418,12.46399188041687
-5.084148628207676,-0.8686242327587923,12.46399188041687
-5.084148628207676,-0.8686242327587923,12.46399188041687
-5.084148628207676,-0.8686242327587923,12.46399188041687
-5.084148628207676,-0.8686242327587923,12.46399188041687
-5.084148628207676,-0.8686242327587923,12.46399188041687
-5.084148628207676,-0.8686242327587923,12.46399188041687
-5.076466758733476,-0.8800974551434,12.46399188041687
-5.076466758733476,-0.8800974551434,12.46399188041687
-5.076466758733476,-0.8800974551434,12.46399188041687
-5.076466758733476,-0.8800974551434,12.46399188041687
-5.076466758733476,-0.8800974551434,12.46399188041687
-5.076466758733476,-0.8800974551434,12.46399188041687
-5.0741481152589545,-0.8875475585917575,12.46399188041687
-5.0741481152589545,-0.8875475585917575,12.46399188041687
-5.0741481152589545,-0.8875475585917575,12.46399188041687
-5.0741481152589545,-0.8875475585917575,12.46399188041687
-5.0741481152589545,-0.8875475585917575,12.46399188041687
-5.0741481152589545,-0.8875475585917575,12.46399188041687
-5.0741481152589545,-0.8875475585917575,12.46399188041687
-5.163192895496197,-0.9211255652778231,12.46399188041687
-5.163192895496197,-0.9211255652778231,12.46399188041687
-5.163192895496197,-0.9211255652778231,12.46399188041687
-5.163192895496197,-0.9211255652778231,12.46399188041687
-5.163192895496197,-0.9211255652778231,12.46399188041687
-5.163192895496197,-0.9211255652778231,12.46399188041687
-5.163192895496197,-0.9211255652778231,12.46399188041687
-5.223799371021464,-0.9448533243993804,12.46399188041687
-5.223799371021464,-0.9448533243993804,12.46399188041687
-5.223799371021464,-0.9448533243993804,12.46399188041687
-5.223799371021464,-0.9448533243993804,12.46399188041687
-5.223799371021464,-0.9448533243993804,12.46399188041687
-5.223799371021464,-0.9448533243993804,12.46399188041687
-5.255091333871156,-0.9682935398974869,12.46399188041687
-5.255091333871156,-0.9682935398974869,12.46399188041687
-5.255091333871156,-0.9682935398974869,12.46399188041687
-5.255091333871156,-0.9682935398974869,12.46399188041687
-5.255091333871156,-0.9682935398974869,12.46399188041687
-5.255091333871156,-0.9682935398974869,12.46399188041687
-5.255091333871156,-0.9682935398974869,12.46399188041687
-5.343976372592195,-1.0184830764493584,12.46399188041687
-5.343976372592195,-1.0184830764493584,12.46399188041687
-5.343976372592195,-1.0184830764493584,12.46399188041687
-5.343976372592195,-1.0184830764493584,12.46399188041687
-5.343976372592195,-1.0184830764493584,12.46399188041687
-5.343976372592195,-1.0184830764493584,12.46399188041687
-5.459346065326354,-1.0921276065916357,12.46399188041687
-5.459346065326354,-1.0921276065916357,12.46399188041687
-5.459346065326354,-1.0921276065916357,12.46399188041687
-5.459346065326354,-1.0921276065916357,12.46399188041687
-5.459346065326354,-1.0921276065916357,12.46399188041687
-5.52026796547429,-1.1208396436597827,12.46399188041687
-5.52026796547429,-1.1208396436597827,12.46399188041687
-5.52026796547429,-1.1208396436597827,12.46399188041687
-5.52026796547429,-1.1208396436597827,12.46399188041687
-5.52026796547429,-1.1208396436597827,12.46399188041687
-5.52026796547429,-1.1208396436597827,12.46399188041687
-5.581620107263861,-1.1498901422864305,12.46399188041687
-5.581620107263861,-1.1498901422864305,12.46399188041687
-5.581620107263861,-1.1498901422864305,12.46399188041687
-5.581620107263861,-1.1498901422864305,12.46399188041687
-5.581620107263861,-1.1498901422864305,12.46399188041687
-5.677382588723914,-1.1932326401436701,12.46399188041687
-5.677382588723914,-1.1932326401436701,12.46399188041687
-5.677382588723914,-1.1932326401436701,12.46399188041687
-5.677382588723914,-1.1932326401436701,12.46399188041687
-5.677382588723914,-1.1932326401436701,12.46399188041687
-5.780224305139171,-1.2350367607940647,12.46399188041687
-5.780224305139171,-1.2350367607940647,12.46399188041687
-5.780224305139171,-1.2350367607940647,12.46399188041687
-5.780224305139171,-1.2350367607940647,12.46399188041687
-5.780224305139171,-1.2350367607940647,12.46399188041687
-5.871081970898868,-1.2795379457706302,12.46399188041687
-5.871081970898868,-1.2795379457706302,12.46399188041687
-5.871081970898868,-1.2795379457706302,12.46399188041687
-5.871081970898868,-1.2795379457706302,12.46399188041687
-5.871081970898868,-1.2795379457706302,12.46399188041687
-5.957496175377367,-1.3222423945541106,12.46399188041687
-5.957496175377367,-1.3222423945541106,12.46399188041687
-5.957496175377367,-1.3222423945541106,12.46399188041687
-5.957496175377367,-1.3222423945541106,12.46399188041687
-5.957496175377367,-1.3222423945541106,12.46399188041687
-6.0158166819624945,-1.3596148910264196,12.46399188041687
-6.0158166819624945,-1.3596148910264196,12.46399188041687
-6.0158166819624945,-1.3596148910264196,12.46399188041687
-6.0158166819624945,-1.3596148910264196,12.46399188041687
-6.0158166819624945,-1.3596148910264196,12.46399188041687
-6.0158166819624945,-1.3596148910264196,12.46399188041687
-6.0158166819624945,-1.3596148910264196,12.46399188041687
-6.0692912256861495,-1.403884346568999,12.46399188041687
-6.0692912256861495,-1.403884346568999,12.46399188041687
-6.0692912256861495,-1.403884346568999,12.46399188041687
-6.0692912256861495,-1.403884346568999,12.46399188041687
-6.0692912256861495,-1.403884346568999,12.46399188041687
-6.0692912256861495,-1.403884346568999,12.46399188041687
-6.0692912256861495,-1.403884346568999,12.46399188041687
-6.253176603160968,-1.4919427745383764,12.46399188041687
-6.253176603160968,-1.4919427745383764,12.46399188041687
-6.253176603160968,-1.4919427745383764,12.46399188041687
-6.253176603160968,-1.4919427745383764,12.46399188041687
-6.253176603160968,-1.4919427745383764,12.46399188041687
-6.253176603160968,-1.4919427745383764,12.46399188041687
-6.253176603160968,-1.4919427745383764,12.46399188041687
-6.359782147876542,-1.5698193396220443,12.46399188041687
-6.359782147876542,-1.5698193396220443,12.46399188041687
-6.359782147876542,-1.5698193396220443,12.46399188041687
-6.359782147876542,-1.5698193396220443,12.46399188041687
-6.359782147876542,-1.5698193396220443,12.46399188041687
-6.359782147876542,-1.5698193396220443,12.46399188041687
-6.359782147876542,-1.5698193396220443,12.46399188041687
-6.4667476599602205,-1.6079453910544945,12.46399188041687
-6.4667476599602205,-1.6079453910544945,12.46399188041687
-6.4667476599602205,-1.6079453910544945,12.46399188041687
-6.4667476599602205,-1.6079453910544945,12.46399188041687
-6.4667476599602205,-1.6079453910544945,12.46399188041687
-6.4667476599602205,-1.6079453910544945,12.46399188041687
-6.4667476599602205,-1.6079453910544945,12.46399188041687
-6.617255544527672,-1.6838166685938492,12.46399188041687
-6.617255544527672,-1.6838166685938492,12.46399188041687
-6.617255544527672,-1.6838166685938492,12.46399188041687
-6.617255544527672,-1.6838166685938492,12.46399188041687
-6.617255544527672,-1.6838166685938492,12.46399188041687
-6.617255544527672,-1.6838166685938492,12.46399188041687
-6.617255544527672,-1.6838166685938492,12.46399188041687
-6.743414223892402,-1.750336410510395,12.46399188041687
-6.743414223892402,-1.750336410510395,12.46399188041687
-6.743414223892402,-1.750336410510395,12.46399188041687
-6.743414223892402,-1.750336410510395,12.46399188041687
-6.743414223892402,-1.750336410510395,12.46399188041687
-6.743414223892402,-1.750336410510395,12.46399188041687
-6.929782287641248,-1.826940250938296,12.46399188041687
-6.929782287641248,-1.826940250938296,12.46399188041687
-6.929782287641248,-1.826940250938296,12.46399188041687
-6.929782287641248,-1.826940250938296,12.46399188041687
-6.929782287641248,-1.826940250938296,12.46399188041687
-6.929782287641248,-1.826940250938296,12.46399188041687
-6.929782287641248,-1.826940250938296,12.46399188041687
-7.049498495123394,-1.8731136065298457,12.46399188041687
-7.049498495123394,-1.8731136065298457,12.46399188041687
-7.049498495123394,-1.8731136065298457,12.46399188041687
-7.049498495123394,-1.8731136065298457,12.46399188041687
-7.049498495123394,-1.8731136065298457,12.46399188041687
-7.049498495123394,-1.8731136065298457,12.46399188041687
-7.049498495123394,-1.8731136065298457,12.46399188041687
-7.132629279314041,-1.8962121433051788,12.46399188041687
-7.132629279314041,-1.8962121433051788,12.46399188041687
-7.132629279314041,-1.8962121433051788,12.46399188041687
-7.132629279314041,-1.8962121433051788,12.46399188041687
-7.132629279314041,-1.8962121433051788,12.46399188041687
-7.132629279314041,-1.8962121433051788,12.46399188041687
-7.296728345878149,-1.9662242789295263,12.46399188041687
-7.296728345878149,-1.9662242789295263,12.46399188041687
-7.296728345878149,-1.9662242789295263,12.46399188041687
-7.296728345878149,-1.9662242789295263,12.46399188041687
-7.296728345878149,-1.9662242789295263,12.46399188041687
-7.296728345878149,-1.9662242789295263,12.46399188041687
-7.296728345878149,-1.9662242789295263,12.46399188041687
-7.429901997027391,-2.023159866512099,12.46399188041687
-7.429901997027391,-2.023159866512099,12.46399188041687
-7.429901997027391,-2.023159866512099,12.46399188041687
-7.429901997027391,-2.023159866512099,12.46399188041687
-7.429901997027391,-2.023159866512099,12.46399188041687
-7.660063064991267,-2.1088866243124875,12.46399188041687
-7.660063064991267,-2.1088866243124875,12.46399188041687
-7.660063064991267,-2.1088866243124875,12.46399188041687
-7.660063064991267,-2.1088866243124875,12.46399188041687
-7.660063064991267,-2.1088866243124875,12.46399188041687
-7.660063064991267,-2.1088866243124875,12.46399188041687
-7.85869382423628,-2.1769981435809815,12.46399188041687
-7.85869382423628,-2.1769981435809815,12.46399188041687
-7.85869382423628,-2.1769981435809815,12.46399188041687
-7.85869382423628,-2.1769981435809815,12.46399188041687
-7.85869382423628,-2.1769981435809815,12.46399188041687
-7.958990396542068,-2.212354595678156,12.46399188041687
-7.958990396542068,-2.212354595678156,12.46399188041687
-7.958990396542068,-2.212354595678156,12.46399188041687
-7.958990396542068,-2.212354595678156,12.46399188041687
-7.958990396542068,-2.212354595678156,12.46399188041687
-7.958990396542068,-2.212354595678156,12.46399188041687
-8.051748189400072,-2.2479508677613023,12.46399188041687
-8.051748189400072,-2.2479508677613023,12.46399188041687
-8.051748189400072,-2.2479508677613023,12.46399188041687
-8.051748189400072,-2.2479508677613023,12.46399188041687
-8.051748189400072,-2.2479508677613023,12.46399188041687
-8.25227411673436,-2.311246653843069,12.46399188041687
-8.25227411673436,-2.311246653843069,12.46399188041687
-8.25227411673436,-2.311246653843069,12.46399188041687
-8.25227411673436,-2.311246653843069,12.46399188041687
-8.25227411673436,-2.311246653843069,12.46399188041687
-8.25227411673436,-2.311246653843069,12.46399188041687
-8.290447966313812,-2.3310344386460558,12.46399188041687
-8.290447966313812,-2.3310344386460558,12.46399188041687
-8.290447966313812,-2.3310344386460558,12.46399188041687
-8.290447966313812,-2.3310344386460558,12.46399188041687
-8.290447966313812,-2.3310344386460558,12.46399188041687
-8.412460949275202,-2.386946762009748,12.46399188041687
-8.412460949275202,-2.386946762009748,12.46399188041687
-8.412460949275202,-2.386946762009748,12.46399188041687
-8.412460949275202,-2.386946762009748,12.46399188041687
-8.412460949275202,-2.386946762009748,12.46399188041687
-8.412460949275202,-2.386946762009748,12.46399188041687
-8.539852004887969,-2.428397437252203,12.46399188041687
-8.539852004887969,-2.428397437252203,12.46399188041687
-8.539852004887969,-2.428397437252203,12.46399188041687
-8.539852004887969,-2.428397437252203,12.46399188041687
-8.539852004887969,-2.428397437252203,12.46399188041687
-8.761347381646518,-2.4904329668965293,12.46399188041687
-8.761347381646518,-2.4904329668965293,12.46399188041687
-8.761347381646518,-2.4904329668965293,12.46399188041687
-8.761347381646518,-2.4904329668965293,12.46399188041687
-8.761347381646518,-2.4904329668965293,12.46399188041687
-8.761347381646518,-2.4904329668965293,12.46399188041687
-8.929690902775189,-2.5331017288930133,12.46399188041687
-8.929690902775189,-2.5331017288930133,12.46399188041687
-8.929690902775189,-2.5331017288930133,12.46399188041687
-8.929690902775189,-2.5331017288930133,12.46399188041687
-8.929690902775189,-2.5331017288930133,12.46399188041687
-9.122127504441194,-2.6125201948016685,12.46399188041687
-9.122127504441194,-2.6125201948016685,12.46399188041687
-9.122127504441194,-2.6125201948016685,12.46399188041687
-9.122127504441194,-2.6125201948016685,12.46399188041687
-9.122127504441194,-2.6125201948016685,12.46399188041687
-9.271053175730428,-2.655976145203222,12.46399188041687
-9.271053175730428,-2.655976145203222,12.46399188041687
-9.271053175730428,-2.655976145203222,12.46399188041687
-9.271053175730428,-2.655976145203222,12.46399188041687
-9.271053175730428,-2.655976145203222,12.46399188041687
-9.271053175730428,-2.655976145203222,12.46399188041687
-9.462305062786692,-2.7008162259158226,12.46399188041687
-9.462305062786692,-2.7008162259158226,12.46399188041687
-9.462305062786692,-2.7008162259158226,12.46399188041687
-9.462305062786692,-2.7008162259158226,12.46399188041687
-9.462305062786692,-2.7008162259158226,12.46399188041687
-9.594597568623316,-2.73574142342162,12.46399188041687
-9.594597568623316,-2.73574142342162,12.46399188041687
-9.594597568623316,-2.73574142342162,12.46399188041687
-9.594597568623316,-2.73574142342162,12.46399188041687
-9.594597568623316,-2.73574142342162,12.46399188041687
-9.594597568623316,-2.73574142342162,12.46399188041687
-9.754736345618808,-2.7729854202651216,12.46399188041687
-9.754736345618808,-2.7729854202651216,12.46399188041687
-9.754736345618808,-2.7729854202651216,12.46399188041687
-9.754736345618808,-2.7729854202651216,12.46399188041687
-9.754736345618808,-2.7729854202651216,12.46399188041687
-9.754736345618808,-2.7729854202651216,12.46399188041687
-9.959584244943088,-2.8364734461724592,12.46399188041687
-9.959584244943088,-2.8364734461724592,12.46399188041687
-9.959584244943088,-2.8364734461724592,12.46399188041687
-9.959584244943088,-2.8364734461724592,12.46399188041687
-9.959584244943088,-2.8364734461724592,12.46399188041687
-10.124010479358873,-2.883802276701169,12.46399188041687
-10.124010479358873,-2.883802276701169,12.46399188041687
-10.124010479358873,-2.883802276701169,12.46399188041687
-10.124010479358873,-2.883802276701169,12.46399188041687
-10.124010479358873,-2.883802276701169,12.46399188041687
-10.28617045196002,-2.933302616547091,12.46399188041687
-10.28617045196002,-2.933302616547091,12.46399188041687
-10.28617045196002,-2.933302616547091,12.46399188041687
-10.28617045196002,-2.933302616547091,12.46399188041687
-10.28617045196002,-2.933302616547091,12.46399188041687
-10.28617045196002,-2.933302616547091,12.46399188041687
-10.453365832305888,-2.9723419231008164,12.46399188041687
-10.453365832305888,-2.9723419231008164,12.46399188041687
-10.453365832305888,-2.9723419231008164,12.46399188041687
-10.453365832305888,-2.9723419231008164,12.46399188041687
-10.453365832305888,-2.9723419231008164,12.46399188041687
-10.453365832305888,-2.9723419231008164,12.46399188041687
-10.674760459535955,-3.013523123809083,12.46399188041687
-10.674760459535955,-3.013523123809083,12.46399188041687
-10.674760459535955,-3.013523123809083,12.46399188041687
-10.674760459535955,-3.013523123809083,12.46399188041687
-10.674760459535955,-3.013523123809083,12.46399188041687
-10.81897883193232,-3.0483148441932584,12.46399188041687
-10.81897883193232,-3.0483148441932584,12.46399188041687
-10.81897883193232,-3.0483148441932584,12.46399188041687
-10.81897883193232,-3.0483148441932584,12.46399188041687
-10.81897883193232,-3.0483148441932584,12.46399188041687
-11.011358624843897,-3.0928917277813857,12.46399188041687
-11.011358624843897,-3.0928917277813857,12.46399188041687
-11.011358624843897,-3.0928917277813857,12.46399188041687
-11.011358624843897,-3.0928917277813857,12.46399188041687
-11.011358624843897,-3.0928917277813857,12.46399188041687
-11.191625264974503,-3.1378038961156594,12.46399188041687
-11.191625264974503,-3.1378038961156594,12.46399188041687
-11.191625264974503,-3.1378038961156594,12.46399188041687
-11.191625264974503,-3.1378038961156594,12.46399188041687
-11.191625264974503,-3.1378038961156594,12.46399188041687
-11.365989941070536,-3.170639535253877,12.46399188041687
-11.365989941070536,-3.170639535253877,12.46399188041687
-11.365989941070536,-3.170639535253877,12.46399188041687
-11.365989941070536,-3.170639535253877,12.46399188041687
-11.365989941070536,-3.170639535253877,12.46399188041687
-11.57438045733863,-3.222324139862356,12.46399188041687
-11.57438045733863,-3.222324139862356,12.46399188041687
-11.57438045733863,-3.222324139862356,12.46399188041687
-11.57438045733863,-3.222324139862356,12.46399188041687
-11.57438045733863,-3.222324139862356,12.46399188041687
-11.665908951582983,-3.2673293407526574,12.46399188041687
-11.665908951582983,-3.2673293407526574,12.46399188041687
-11.665908951582983,-3.2673293407526574,12.46399188041687
-11.665908951582983,-3.2673293407526574,12.46399188041687
-11.665908951582983,-3.2673293407526574,12.46399188041687
-11.75025665437726,-3.297138244379556,12.46399188041687
-11.75025665437726,-3.297138244379556,12.46399188041687
-11.75025665437726,-3.297138244379556,12.46399188041687
-11.75025665437726,-3.297138244379556,12.46399188041687
-11.75025665437726,-3.297138244379556,12.46399188041687
-11.88488111305723,-3.322590672573498,12.46399188041687
-11.88488111305723,-3.322590672573498,12.46399188041687
-11.88488111305723,-3.322590672573498,12.46399188041687
-11.88488111305723,-3.322590672573498,12.46399188041687
-11.88488111305723,-3.322590672573498,12.46399188041687
-12.036981269997687,-3.3493324782556506,12.46399188041687
-12.036981269997687,-3.3493324782556506,12.46399188041687
-12.036981269997687,-3.3493324782556506,12.46399188041687
-12.036981269997687,-3.3493324782556506,12.46399188041687
-12.036981269997687,-3.3493324782556506,12.46399188041687
-12.162589939166116,-3.3668523325720843,12.46399188041687
-12.162589939166116,-3.3668523325720843,12.46399188041687
-12.162589939166116,-3.3668523325720843,12.46399188041687
-12.162589939166116,-3.3668523325720843,12.46399188041687
-12.162589939166116,-3.3668523325720843,12.46399188041687
-12.336978740619333,-3.4028281114089807,12.46399188041687
-12.336978740619333,-3.4028281114089807,12.46399188041687
-12.336978740619333,-3.4028281114089807,12.46399188041687
-12.336978740619333,-3.4028281114089807,12.46399188041687
-12.336978740619333,-3.4028281114089807,12.46399188041687
-12.52225496420943,-3.4432226128171664,12.46399188041687
-12.52225496420943,-3.4432226128171664,12.46399188041687
-12.52225496420943,-3.4432226128171664,12.46399188041687
-12.52225496420943,-3.4432226128171664,12.46399188041687
-12.52225496420943,-3.4432226128171664,12.46399188041687
-12.52225496420943,-3.4432226128171664,12.46399188041687
-12.694348745532604,-3.4826563322089057,12.46399188041687
-12.694348745532604,-3.4826563322089057,12.46399188041687
-12.694348745532604,-3.4826563322089057,12.46399188041687
-12.694348745532604,-3.4826563322089057,12.46399188041687
-12.694348745532604,-3.4826563322089057,12.46399188041687
-12.814916456452767,-3.5045385729192096,12.46399188041687
-12.814916456452767,-3.5045385729192096,12.46399188041687
-12.814916456452767,-3.5045385729192096,12.46399188041687
-12.814916456452767,-3.5045385729192096,12.46399188041687
-12.814916456452767,-3.5045385729192096,12.46399188041687
-12.814916456452767,-3.5045385729192096,12.46399188041687
-13.015526927534834,-3.548224512113465,12.46399188041687
-13.015526927534834,-3.548224512113465,12.46399188041687
-13.015526927534834,-3.548224512113465,12.46399188041687
-13.015526927534834,-3.548224512113465,12.46399188041687
-13.015526927534834,-3.548224512113465,12.46399188041687
-13.015526927534834,-3.548224512113465,12.46399188041687
-13.280142284097023,-3.600966370359791,12.46399188041687
-13.280142284097023,-3.600966370359791,12.46399188041687
-13.280142284097023,-3.600966370359791,12.46399188041687
-13.280142284097023,-3.600966370359791,12.46399188041687
-13.280142284097023,-3.600966370359791,12.46399188041687
-13.280142284097023,-3.600966370359791,12.46399188041687
-13.368889362325293,-3.613169088339365,12.46399188041687
-13.368889362325293,-3.613169088339365,12.46399188041687
-13.368889362325293,-3.613169088339365,12.46399188041687
-13.368889362325293,-3.613169088339365,12.46399188041687
-13.368889362325293,-3.613169088339365,12.46399188041687
-13.368889362325293,-3.613169088339365,12.46399188041687
-13.368889362325293,-3.613169088339365,12.46399188041687
-13.609056692289101,-3.6504793002132967,12.46399188041687
-13.609056692289101,-3.6504793002132967,12.46399188041687
-13.609056692289101,-3.6504793002132967,12.46399188041687
-13.609056692289101,-3.6504793002132967,12.46399188041687
-13.609056692289101,-3.6504793002132967,12.46399188041687
-13.609056692289101,-3.6504793002132967,12.46399188041687
-13.609056692289101,-3.6504793002132967,12.46399188041687
-13.85939709652313,-3.7034897823778987,12.46399188041687
-13.85939709652313,-3.7034897823778987,12.46399188041687
-13.85939709652313,-3.7034897823778987,12.46399188041687
-13.85939709652313,-3.7034897823778987,12.46399188041687
-13.85939709652313,-3.7034897823778987,12.46399188041687
-13.85939709652313,-3.7034897823778987,12.46399188041687
-13.85939709652313,-3.7034897823778987,12.46399188041687
-13.953835495222245,-3.712803092545083,12.46399188041687
-13.953835495222245,-3.712803092545083,12.46399188041687
-13.953835495222245,-3.712803092545083,12.46399188041687
-13.953835495222245,-3.712803092545083,12.46399188041687
-13.953835495222245,-3.712803092545083,12.46399188041687
-13.953835495222245,-3.712803092545083,12.46399188041687
-13.953835495222245,-3.712803092545083,12.46399188041687
-14.147046261760112,-3.748846648201474,12.46399188041687
-14.147046261760112,-3.748846648201474,12.46399188041687
-14.147046261760112,-3.748846648201474,12.46399188041687
-14.147046261760112,-3.748846648201474,12.46399188041687
-14.147046261760112,-3.748846648201474,12.46399188041687
-14.147046261760112,-3.748846648201474,12.46399188041687
-14.147046261760112,-3.748846648201474,12.46399188041687
-14.300177022475765,-3.7700149004786128,12.46399188041687
-14.300177022475765,-3.7700149004786128,12.46399188041687
-14.300177022475765,-3.7700149004786128,12.46399188041687
-14.300177022475765,-3.7700149004786128,12.46399188041687
-14.300177022475765,-3.7700149004786128,12.46399188041687
-14.300177022475765,-3.7700149004786128,12.46399188041687
-14.300177022475765,-3.7700149004786128,12.46399188041687
-14.490301691016095,-3.8215484834187743,12.46399188041687
-14.490301691016095,-3.8215484834187743,12.46399188041687
-14.490301691016095,-3.8215484834187743,12.46399188041687
-14.490301691016095,-3.8215484834187743,12.46399188041687
-14.490301691016095,-3.8215484834187743,12.46399188041687
-14.490301691016095,-3.8215484834187743,12.46399188041687
-14.490301691016095,-3.8215484834187743,12.46399188041687
-14.646208955159139,-3.8555243975012905,12.46399188041687
-14.646208955159139,-3.8555243975012905,12.46399188041687
-14.646208955159139,-3.8555243975012905,12.46399188041687
-14.646208955159139,-3.8555243975012905,12.46399188041687
-14.646208955159139,-3.8555243975012905,12.46399188041687
-14.646208955159139,-3.8555243975012905,12.46399188041687
-14.646208955159139,-3.8555243975012905,12.46399188041687
-14.835238324513954,-3.9036865010260495,12.46399188041687
-14.835238324513954,-3.9036865010260495,12.46399188041687
-14.835238324513954,-3.9036865010260495,12.46399188041687
-14.835238324513954,-3.9036865010260495,12.46399188041687
-14.835238324513954,-3.9036865010260495,12.46399188041687
-14.835238324513954,-3.9036865010260495,12.46399188041687
-14.835238324513954,-3.9036865010260495,12.46399188041687
-15.057931353896429,-3.9522535717890377,12.46399188041687
-15.057931353896429,-3.9522535717890377,12.46399188041687
-15.057931353896429,-3.9522535717890377,12.46399188041687
-15.057931353896429,-3.9522535717890377,12.46399188041687
-15.057931353896429,-3.9522535717890377,12.46399188041687
-15.057931353896429,-3.9522535717890377,12.46399188041687
-15.057931353896429,-3.9522535717890377,12.46399188041687
-15.2185835840148,-4.006574132972063,12.46399188041687
-15.2185835840148,-4.006574132972063,12.46399188041687
-15.2185835840148,-4.006574132972063,12.46399188041687
-15.2185835840148,-4.006574132972063,12.46399188041687
-15.2185835840148,-4.006574132972063,12.46399188041687
-15.2185835840148,-4.006574132972063,12.46399188041687
-15.2185835840148,-4.006574132972063,12.46399188041687
-15.450909653423443,-4.070228776392788,12.46399188041687
-15.450909653423443,-4.070228776392788,12.46399188041687
-15.450909653423443,-4.070228776392788,12.46399188041687
-15.450909653423443,-4.070228776392788,12.46399188041687
-15.450909653423443,-4.070228776392788,12.46399188041687
-15.450909653423443,-4.070228776392788,12.46399188041687
-15.450909653423443,-4.070228776392788,12.46399188041687
-15.56147142300679,-4.109334977977475,12.46399188041687
-15.56147142300679,-4.109334977977475,12.46399188041687
-15.56147142300679,-4.109334977977475,12.46399188041687
-15.56147142300679,-4.109334977977475,12.46399188041687
-15.56147142300679,-4.109334977977475,12.46399188041687
-15.56147142300679,-4.109334977977475,12.46399188041687
-15.80472165920116,-4.183838025426623,12.46399188041687
-15.80472165920116,-4.183838025426623,12.46399188041687
-15.80472165920116,-4.183838025426623,12.46399188041687
-15.80472165920116,-4.183838025426623,12.46399188041687
-15.80472165920116,-4.183838025426623,12.46399188041687
-15.80472165920116,-4.183838025426623,12.46399188041687
-15.916312015972819,-4.223563967989924,12.46399188041687
-15.916312015972819,-4.223563967989924,12.46399188041687
-15.916312015972819,-4.223563967989924,12.46399188041687
-15.916312015972819,-4.223563967989924,12.46399188041687
-15.916312015972819,-4.223563967989924,12.46399188041687
-15.916312015972819,-4.223563967989924,12.46399188041687
-15.916312015972819,-4.223563967989924,12.46399188041687
-16.01938090770283,-4.259857430579105,12.46399188041687
-16.01938090770283,-4.259857430579105,12.46399188041687
-16.01938090770283,-4.259857430579105,12.46399188041687
-16.01938090770283,-4.259857430579105,12.46399188041687
-16.01938090770283,-4.259857430579105,12.46399188041687
-16.01938090770283,-4.259857430579105,12.46399188041687
-16.213510513421475,-4.315839789542573,12.46399188041687
-16.213510513421475,-4.315839789542573,12.46399188041687
-16.213510513421475,-4.315839789542573,12.46399188041687
-16.213510513421475,-4.315839789542573,12.46399188041687
-16.213510513421475,-4.315839789542573,12.46399188041687
-16.213510513421475,-4.315839789542573,12.46399188041687
-16.213510513421475,-4.315839789542573,12.46399188041687
-16.449749555012254,-4.382775572800991,12.46399188041687
-16.449749555012254,-4.382775572800991,12.46399188041687
-16.449749555012254,-4.382775572800991,12.46399188041687
-16.449749555012254,-4.382775572800991,12.46399188041687
-16.449749555012254,-4.382775572800991,12.46399188041687
-16.449749555012254,-4.382775572800991,12.46399188041687
-16.449749555012254,-4.382775572800991,12.46399188041687
-16.598536403278505,-4.4354067003739015,12.46399188041687
-16.598536403278505,-4.4354067003739015,12.46399188041687
-16.598536403278505,-4.4354067003739015,12.46399188041687
-16.598536403278505,-4.4354067003739015,12.46399188041687
-16.598536403278505,-4.4354067003739015,12.46399188041687
-16.598536403278505,-4.4354067003739015,12.46399188041687
-16.598536403278505,-4.4354067003739015,12.46399188041687
-16.792629681819378,-4.49911354505843,12.46399188041687
-16.792629681819378,-4.49911354505843,12.46399188041687
-16.792629681819378,-4.49911354505843,12.46399188041687
-16.792629681819378,-4.49911354505843,12.46399188041687
-16.792629681819378,-4.49911354505843,12.46399188041687
-16.792629681819378,-4.49911354505843,12.46399188041687
-16.792629681819378,-4.49911354505843,12.46399188041687
-17.070956763895225,-4.582202803749682,12.46399188041687
-17.070956763895225,-4.582202803749682,12.46399188041687
-17.070956763895225,-4.582202803749682,12.46399188041687
-17.070956763895225,-4.582202803749682,12.46399188041687
-17.070956763895225,-4.582202803749682,12.46399188041687
-17.070956763895225,-4.582202803749682,12.46399188041687
-17.18090609605031,-4.604947423135932,12.46399188041687
-17.18090609605031,-4.604947423135932,12.46399188041687
-17.18090609605031,-4.604947423135932,12.46399188041687
-17.18090609605031,-4.604947423135932,12.46399188041687
-17.18090609605031,-4.604947423135932,12.46399188041687
-17.18090609605031,-4.604947423135932,12.46399188041687
-17.18090609605031,-4.604947423135932,12.46399188041687
-17.406323813547136,-4.661393065697458,12.46399188041687
-17.406323813547136,-4.661393065697458,12.46399188041687
-17.406323813547136,-4.661393065697458,12.46399188041687
-17.406323813547136,-4.661393065697458,12.46399188041687
-17.406323813547136,-4.661393065697458,12.46399188041687
-17.406323813547136,-4.661393065697458,12.46399188041687
-17.629780871159372,-4.724319455763777,12.46399188041687
-17.629780871159372,-4.724319455763777,12.46399188041687
-17.629780871159372,-4.724319455763777,12.46399188041687
-17.629780871159372,-4.724319455763777,12.46399188041687
-17.629780871159372,-4.724319455763777,12.46399188041687
-17.629780871159372,-4.724319455763777,12.46399188041687
-17.629780871159372,-4.724319455763777,12.46399188041687
-17.774678327130726,-4.768636951171414,12.46399188041687
-17.774678327130726,-4.768636951171414,12.46399188041687
-17.774678327130726,-4.768636951171414,12.46399188041687
-17.774678327130726,-4.768636951171414,12.46399188041687
-17.774678327130726,-4.768636951171414,12.46399188041687
-17.774678327130726,-4.768636951171414,12.46399188041687
-17.774678327130726,-4.768636951171414,12.46399188041687
-17.956089974398033,-4.823435428859957,12.46399188041687
-17.956089974398033,-4.823435428859957,12.46399188041687
-17.956089974398033,-4.823435428859957,12.46399188041687
-17.956089974398033,-4.823435428859957,12.46399188041687
-17.956089974398033,-4.823435428859957,12.46399188041687
-17.956089974398033,-4.823435428859957,12.46399188041687
-17.956089974398033,-4.823435428859957,12.46399188041687
-18.20788760318498,-4.886324488794852,12.46399188041687
-18.20788760318498,-4.886324488794852,12.46399188041687
-18.20788760318498,-4.886324488794852,12.46399188041687
-18.20788760318498,-4.886324488794852,12.46399188041687
-18.20788760318498,-4.886324488794852,12.46399188041687
-18.20788760318498,-4.886324488794852,12.46399188041687
-18.423867255245177,-4.943443994386967,12.46399188041687
-18.423867255245177,-4.943443994386967,12.46399188041687
-18.423867255245177,-4.943443994386967,12.46399188041687
-18.423867255245177,-4.943443994386967,12.46399188041687
-18.423867255245177,-4.943443994386967,12.46399188041687
-18.423867255245177,-4.943443994386967,12.46399188041687
-18.423867255245177,-4.943443994386967,12.46399188041687
-18.646858970894538,-4.982708507426485,12.46399188041687
-18.646858970894538,-4.982708507426485,12.46399188041687
-18.646858970894538,-4.982708507426485,12.46399188041687
-18.646858970894538,-4.982708507426485,12.46399188041687
-18.646858970894538,-4.982708507426485,12.46399188041687
-18.646858970894538,-4.982708507426485,12.46399188041687
-18.646858970894538,-4.982708507426485,12.46399188041687
-18.90880908820997,-5.036947539067729,12.46399188041687
-18.90880908820997,-5.036947539067729,12.46399188041687
-18.90880908820997,-5.036947539067729,12.46399188041687
-18.90880908820997,-5.036947539067729,12.46399188041687
-18.90880908820997,-5.036947539067729,12.46399188041687
-18.90880908820997,-5.036947539067729,12.46399188041687
-18.90880908820997,-5.036947539067729,12.46399188041687
-19.074751104283557,-5.070992717610606,12.46399188041687
-19.074751104283557,-5.070992717610606,12.46399188041687
-19.074751104283557,-5.070992717610606,12.46399188041687
-19.074751104283557,-5.070992717610606,12.46399188041687
-19.074751104283557,-5.070992717610606,12.46399188041687
-19.29606028330813,-5.135584739568098,12.46399188041687
-19.29606028330813,-5.135584739568098,12.46399188041687
-19.29606028330813,-5.135584739568098,12.46399188041687
-19.29606028330813,-5.135584739568098,12.46399188041687
-19.29606028330813,-5.135584739568098,12.46399188041687
-19.29606028330813,-5.135584739568098,12.46399188041687
-19.465271301487505,-5.183102287014263,12.46399188041687
-19.465271301487505,-5.183102287014263,12.46399188041687
-19.465271301487505,-5.183102287014263,12.46399188041687
-19.465271301487505,-5.183102287014263,12.46399188041687
-19.465271301487505,-5.183102287014263,12.46399188041687
-19.465271301487505,-5.183102287014263,12.46399188041687
-19.769513883036986,-5.259810128656957,12.46399188041687
-19.769513883036986,-5.259810128656957,12.46399188041687
-19.769513883036986,-5.259810128656957,12.46399188041687
-19.769513883036986,-5.259810128656957,12.46399188041687
-19.769513883036986,-5.259810128656957,12.46399188041687
-19.769513883036986,-5.259810128656957,12.46399188041687
-20.008451896056858,-5.321282647336873,12.46399188041687
-20.008451896056858,-5.321282647336873,12.46399188041687
-20.008451896056858,-5.321282647336873,12.46399188041687
-20.008451896056858,-5.321282647336873,12.46399188041687
-20.008451896056858,-5.321282647336873,12.46399188041687
-20.008451896056858,-5.321282647336873,12.46399188041687
-20.17048682004479,-5.363801903473555,12.46399188041687
-20.17048682004479,-5.363801903473555,12.46399188041687
-20.17048682004479,-5.363801903473555,12.46399188041687
-20.17048682004479,-5.363801903473555,12.46399188041687
-20.17048682004479,-5.363801903473555,12.46399188041687
-20.17048682004479,-5.363801903473555,12.46399188041687
-20.40226703280246,-5.430187032711324,12.46399188041687
-20.40226703280246,-5.430187032711324,12.46399188041687
-20.40226703280246,-5.430187032711324,12.46399188041687
-20.40226703280246,-5.430187032711324,12.46399188041687
-20.40226703280246,-5.430187032711324,12.46399188041687
-20.40226703280246,-5.430187032711324,12.46399188041687
-20.40226703280246,-5.430187032711324,12.46399188041687
-20.40226703280246,-5.430187032711324,12.46399188041687
-20.47567086426152,-5.452605489452654,12.46399188041687
-20.47567086426152,-5.452605489452654,12.46399188041687
-20.47567086426152,-5.452605489452654,12.46399188041687
-20.47567086426152,-5.452605489452654,12.46399188041687
-20.47567086426152,-5.452605489452654,12.46399188041687
-20.67963849662048,-5.511444554928876,12.46399188041687
-20.67963849662048,-5.511444554928876,12.46399188041687
-20.67963849662048,-5.511444554928876,12.46399188041687
-20.67963849662048,-5.511444554928876,12.46399188041687
-20.67963849662048,-5.511444554928876,12.46399188041687
-20.67963849662048,-5.511444554928876,12.46399188041687
-21.00298060898539,-5.576344418077742,12.46399188041687
-21.00298060898539,-5.576344418077742,12.46399188041687
-21.00298060898539,-5.576344418077742,12.46399188041687
-21.00298060898539,-5.576344418077742,12.46399188041687
-21.00298060898539,-5.576344418077742,12.46399188041687
-21.123487410093386,-5.592771176807345,12.46399188041687
-21.123487410093386,-5.592771176807345,12.46399188041687
-21.123487410093386,-5.592771176807345,12.46399188041687
-21.123487410093386,-5.592771176807345,12.46399188041687
-21.123487410093386,-5.592771176807345,12.46399188041687
-21.33897535309945,-5.640292667217149,12.46399188041687
-21.33897535309945,-5.640292667217149,12.46399188041687
-21.33897535309945,-5.640292667217149,12.46399188041687
-21.33897535309945,-5.640292667217149,12.46399188041687
-21.33897535309945,-5.640292667217149,12.46399188041687
-21.54952425184263,-5.688166301955513,12.46399188041687
-21.54952425184263,-5.688166301955513,12.46399188041687
-21.54952425184263,-5.688166301955513,12.46399188041687
-21.54952425184263,-5.688166301955513,12.46399188041687
-21.54952425184263,-5.688166301955513,12.46399188041687
-21.54952425184263,-5.688166301955513,12.46399188041687
-21.75037828888241,-5.735439435986737,12.46399188041687
-21.75037828888241,-5.735439435986737,12.46399188041687
-21.75037828888241,-5.735439435986737,12.46399188041687
-21.75037828888241,-5.735439435986737,12.46399188041687
-21.75037828888241,-5.735439435986737,12.46399188041687
-21.894076347814714,-5.7741520977946195,12.46399188041687
-21.894076347814714,-5.7741520977946195,12.46399188041687
-21.894076347814714,-5.7741520977946195,12.46399188041687
-21.894076347814714,-5.7741520977946195,12.46399188041687
-21.894076347814714,-5.7741520977946195,12.46399188041687
-21.96658275430309,-5.791764811113852,12.46399188041687
-21.96658275430309,-5.791764811113852,12.46399188041687
-21.96658275430309,-5.791764811113852,12.46399188041687
-21.96658275430309,-5.791764811113852,12.46399188041687
-21.96658275430309,-5.791764811113852,12.46399188041687
-22.091272353546394,-5.826887986845538,12.46399188041687
-22.091272353546394,-5.826887986845538,12.46399188041687
-22.091272353546394,-5.826887986845538,12.46399188041687
-22.091272353546394,-5.826887986845538,12.46399188041687
-22.091272353546394,-5.826887986845538,12.46399188041687
-22.091272353546394,-5.826887986845538,12.46399188041687
-22.091272353546394,-5.826887986845538,12.46399188041687
-22.091272353546394,-5.826887986845538,12.46399188041687
-22.091272353546394,-5.826887986845538,12.46399188041687
-22.21058306931822,-5.855782111327012,12.46399188041687
-22.21058306931822,-5.855782111327012,12.46399188041687
-22.21058306931822,-5.855782111327012,12.46399188041687
-22.21058306931822,-5.855782111327012,12.46399188041687
-22.21058306931822,-5.855782111327012,12.46399188041687
-22.21058306931822,-5.855782111327012,12.46399188041687
-22.21058306931822,-5.855782111327012,12.46399188041687
-22.21058306931822,-5.855782111327012,12.46399188041687
-22.629335685895676,-5.962648088247571,12.46399188041687
-22.629335685895676,-5.962648088247571,12.46399188041687
-22.629335685895676,-5.962648088247571,12.46399188041687
-22.629335685895676,-5.962648088247571,12.46399188041687
-22.629335685895676,-5.962648088247571,12.46399188041687
-22.629335685895676,-5.962648088247571,12.46399188041687
-22.629335685895676,-5.962648088247571,12.46399188041687
-22.629335685895676,-5.962648088247571,12.46399188041687
-22.629335685895676,-5.962648088247571,12.46399188041687
-22.79495839664095,-6.002490738180647,12.46399188041687
-22.79495839664095,-6.002490738180647,12.46399188041687
-22.79495839664095,-6.002490738180647,12.46399188041687
-22.79495839664095,-6.002490738180647,12.46399188041687
-22.79495839664095,-6.002490738180647,12.46399188041687
-22.79495839664095,-6.002490738180647,12.46399188041687
-22.79495839664095,-6.002490738180647,12.46399188041687
-23.133282644319927,-6.0875992382254696,12.46399188041687
-23.133282644319927,-6.0875992382254696,12.46399188041687
-23.133282644319927,-6.0875992382254696,12.46399188041687
-23.133282644319927,-6.0875992382254696,12.46399188041687
-23.133282644319927,-6.0875992382254696,12.46399188041687
-23.22723218408974,-6.1167099198720765,12.46399188041687
-23.22723218408974,-6.1167099198720765,12.46399188041687
-23.22723218408974,-6.1167099198720765,12.46399188041687
-23.22723218408974,-6.1167099198720765,12.46399188041687
-23.22723218408974,-6.1167099198720765,12.46399188041687
-23.22723218408974,-6.1167099198720765,12.46399188041687
-23.407421347812672,-6.1773316512930085,12.46399188041687
-23.407421347812672,-6.1773316512930085,12.46399188041687
-23.407421347812672,-6.1773316512930085,12.46399188041687
-23.407421347812672,-6.1773316512930085,12.46399188041687
-23.407421347812672,-6.1773316512930085,12.46399188041687
-23.627806175182393,-6.243475768245303,12.46399188041687
-23.627806175182393,-6.243475768245303,12.46399188041687
-23.627806175182393,-6.243475768245303,12.46399188041687
-23.627806175182393,-6.243475768245303,12.46399188041687
-23.627806175182393,-6.243475768245303,12.46399188041687
-23.627806175182393,-6.243475768245303,12.46399188041687
-23.771581897013018,-6.286605327111771,12.46399188041687
-23.771581897013018,-6.286605327111771,12.46399188041687
-23.771581897013018,-6.286605327111771,12.46399188041687
-23.771581897013018,-6.286605327111771,12.46399188041687
-23.771581897013018,-6.286605327111771,12.46399188041687
-23.829287789827482,-6.301546010719422,12.46399188041687
-23.829287789827482,-6.301546010719422,12.46399188041687
-23.829287789827482,-6.301546010719422,12.46399188041687
-23.829287789827482,-6.301546010719422,12.46399188041687
-23.829287789827482,-6.301546010719422,12.46399188041687
-23.829287789827482,-6.301546010719422,12.46399188041687
-23.943079292533913,-6.324304252827132,12.46399188041687
-23.943079292533913,-6.324304252827132,12.46399188041687
-23.943079292533913,-6.324304252827132,12.46399188041687
-23.943079292533913,-6.324304252827132,12.46399188041687
-23.943079292533913,-6.324304252827132,12.46399188041687
-23.943079292533913,-6.324304252827132,12.46399188041687
-24.145313151970324,-6.392040408306333,12.46399188041687
-24.145313151970324,-6.392040408306333,12.46399188041687
-24.145313151970324,-6.392040408306333,12.46399188041687
-24.145313151970324,-6.392040408306333,12.46399188041687
-24.145313151970324,-6.392040408306333,12.46399188041687
-24.145313151970324,-6.392040408306333,12.46399188041687
-4.011932195033075,-1.1749402317999071,12.46399188041687
-4.011932195033075,-1.1749402317999071,12.46399188041687
-4.011932195033075,-1.1749402317999071,12.46399188041687
-4.011932195033075,-1.1749402317999071,12.46399188041687
-4.011932195033075,-1.1749402317999071,12.46399188041687
-4.011932195033075,-1.1749402317999071,12.46399188041687
-3.417035244054512,-1.0323307935154216,12.46399188041687
-3.417035244054512,-1.0323307935154216,12.46399188041687
-3.417035244054512,-1.0323307935154216,12.46399188041687
-3.417035244054512,-1.0323307935154216,12.46399188041687
-3.417035244054512,-1.0323307935154216,12.46399188041687
-3.4202014271333177,-1.0366085616759357,12.46399188041687
-3.4202014271333177,-1.0366085616759357,12.46399188041687
-3.4202014271333177,-1.0366085616759357,12.46399188041687
-3.4202014271333177,-1.0366085616759357,12.46399188041687
-3.4202014271333177,-1.0366085616759357,12.46399188041687
-3.4629979831198634,-1.043663329851574,12.46399188041687
-3.4629979831198634,-1.043663329851574,12.46399188041687
-3.4629979831198634,-1.043663329851574,12.46399188041687
-3.4629979831198634,-1.043663329851574,12.46399188041687
-3.4629979831198634,-1.043663329851574,12.46399188041687
-3.4629979831198634,-1.043663329851574,12.46399188041687
-3.4927089914063174,-1.050600843090288,12.46399188041687
-3.4927089914063174,-1.050600843090288,12.46399188041687
-3.4927089914063174,-1.050600843090288,12.46399188041687
-3.4927089914063174,-1.050600843090288,12.46399188041687
-3.4927089914063174,-1.050600843090288,12.46399188041687
-3.4748777487158224,-1.0351413641931146,12.46399188041687
-3.4748777487158224,-1.0351413641931146,12.46399188041687
-3.4748777487158224,-1.0351413641931146,12.46399188041687
-3.4748777487158224,-1.0351413641931146,12.46399188041687
-3.4748777487158224,-1.0351413641931146,12.46399188041687
-3.4748777487158224,-1.0351413641931146,12.46399188041687
-3.532686887034495,-1.037621643893378,12.46399188041687
-3.532686887034495,-1.037621643893378,12.46399188041687
-3.532686887034495,-1.037621643893378,12.46399188041687
-3.532686887034495,-1.037621643893378,12.46399188041687
-3.532686887034495,-1.037621643893378,12.46399188041687
-3.537785751009704,-1.0245651176835044,12.46399188041687
-3.537785751009704,-1.0245651176835044,12.46399188041687
-3.537785751009704,-1.0245651176835044,12.46399188041687
-3.537785751009704,-1.0245651176835044,12.46399188041687
-3.537785751009704,-1.0245651176835044,12.46399188041687
-3.537785751009704,-1.0245651176835044,12.46399188041687
-3.5743089092729523,-1.0308354279306409,12.46399188041687
-3.5743089092729523,-1.0308354279306409,12.46399188041687
-3.5743089092729523,-1.0308354279306409,12.46399188041687
-3.5743089092729523,-1.0308354279306409,12.46399188041687
-3.5743089092729523,-1.0308354279306409,12.46399188041687
-3.616173872545164,-1.0336164732548194,12.46399188041687
-3.616173872545164,-1.0336164732548194,12.46399188041687
-3.616173872545164,-1.0336164732548194,12.46399188041687
-3.616173872545164,-1.0336164732548194,12.46399188041687
-3.616173872545164,-1.0336164732548194,12.46399188041687
-3.59649544365174,-1.0190600074383114,12.46399188041687
-3.59649544365174,-1.0190600074383114,12.46399188041687
-3.59649544365174,-1.0190600074383114,12.46399188041687
-3.59649544365174,-1.0190600074383114,12.46399188041687
-3.59649544365174,-1.0190600074383114,12.46399188041687
-3.6607543277581795,-1.043537613813141,12.46399188041687
-3.6607543277581795,-1.043537613813141,12.46399188041687
-3.6607543277581795,-1.043537613813141,12.46399188041687
-3.6607543277581795,-1.043537613813141,12.46399188041687
-3.6607543277581795,-1.043537613813141,12.46399188041687
-3.6914495577424624,-1.042455676856057,12.46399188041687
-3.6914495577424624,-1.042455676856057,12.46399188041687
-3.6914495577424624,-1.042455676856057,12.46399188041687
-3.6914495577424624,-1.042455676856057,12.46399188041687
-3.6914495577424624,-1.042455676856057,12.46399188041687
-3.6914495577424624,-1.042455676856057,12.46399188041687
-3.7281447005246093,-1.0464369763556856,12.46399188041687
-3.7281447005246093,-1.0464369763556856,12.46399188041687
-3.7281447005246093,-1.0464369763556856,12.46399188041687
-3.7281447005246093,-1.0464369763556856,12.46399188041687
-3.7281447005246093,-1.0464369763556856,12.46399188041687
-3.7281447005246093,-1.0464369763556856,12.46399188041687
-3.829643151219263,-1.0696394711946295,12.46399188041687
-3.829643151219263,-1.0696394711946295,12.46399188041687
-3.829643151219263,-1.0696394711946295,12.46399188041687
-3.829643151219263,-1.0696394711946295,12.46399188041687
-3.829643151219263,-1.0696394711946295,12.46399188041687
-3.9669720265622335,-1.094887796719981,12.46399188041687
-3.9669720265622335,-1.094887796719981,12.46399188041687
-3.9669720265622335,-1.094887796719981,12.46399188041687
-3.9669720265622335,-1.094887796719981,12.46399188041687
-3.9669720265622335,-1.094887796719981,12.46399188041687
-4.032174704165563,-1.1189814117522283,12.46399188041687
-4.032174704165563,-1.1189814117522283,12.46399188041687
-4.032174704165563,-1.1189814117522283,12.46399188041687
-4.032174704165563,-1.1189814117522283,12.46399188041687
-4.032174704165563,-1.1189814117522283,12.46399188041687
-4.162374267300285,-1.1475523665422556,12.46399188041687
-4.162374267300285,-1.1475523665422556,12.46399188041687
-4.162374267300285,-1.1475523665422556,12.46399188041687
-4.162374267300285,-1.1475523665422556,12.46399188041687
-4.162374267300285,-1.1475523665422556,12.46399188041687
-4.162374267300285,-1.1475523665422556,12.46399188041687
-4.224969677015149,-1.1692508610356118,12.46399188041687
-4.224969677015149,-1.1692508610356118,12.46399188041687
-4.224969677015149,-1.1692508610356118,12.46399188041687
-4.224969677015149,-1.1692508610356118,12.46399188041687
-4.224969677015149,-1.1692508610356118,12.46399188041687
-4.302274891153383,-1.1963554624957762,12.46399188041687
-4.302274891153383,-1.1963554624957762,12.46399188041687
-4.302274891153383,-1.1963554624957762,12.46399188041687
-4.302274891153383,-1.1963554624957762,12.46399188041687
-4.302274891153383,-1.1963554624957762,12.46399188041687
-4.423961958924716,-1.2372954286632605,12.46399188041687
-4.423961958924716,-1.2372954286632605,12.46399188041687
-4.423961958924716,-1.2372954286632605,12.46399188041687
-4.423961958924716,-1.2372954286632605,12.46399188041687
-4.423961958924716,-1.2372954286632605,12.46399188041687
-4.423961958924716,-1.2372954286632605,12.46399188041687
-4.515254094968244,-1.2567184942899607,12.46399188041687
-4.515254094968244,-1.2567184942899607,12.46399188041687
-4.515254094968244,-1.2567184942899607,12.46399188041687
-4.515254094968244,-1.2567184942899607,12.46399188041687
-4.515254094968244,-1.2567184942899607,12.46399188041687
-4.657832136362659,-1.271501167454095,12.46399188041687
-4.657832136362659,-1.271501167454095,12.46399188041687
-4.657832136362659,-1.271501167454095,12.46399188041687
-4.657832136362659,-1.271501167454095,12.46399188041687
-4.657832136362659,-1.271501167454095,12.46399188041687
-4.7487528302691535,-1.290427477934428,12.46399188041687
-4.7487528302691535,-1.290427477934428,12.46399188041687
-4.7487528302691535,-1.290427477934428,12.46399188041687
-4.7487528302691535,-1.290427477934428,12.46399188041687
-4.7487528302691535,-1.290427477934428,12.46399188041687
-4.7487528302691535,-1.290427477934428,12.46399188041687
-4.880613148048459,-1.3039628183992724,12.46399188041687
-4.880613148048459,-1.3039628183992724,12.46399188041687
-4.880613148048459,-1.3039628183992724,12.46399188041687
-4.880613148048459,-1.3039628183992724,12.46399188041687
-4.880613148048459,-1.3039628183992724,12.46399188041687
-4.880613148048459,-1.3039628183992724,12.46399188041687
-4.958791290541323,-1.3156413030438954,12.46399188041687
-4.958791290541323,-1.3156413030438954,12.46399188041687
-4.958791290541323,-1.3156413030438954,12.46399188041687
-4.958791290541323,-1.3156413030438954,12.46399188041687
-4.958791290541323,-1.3156413030438954,12.46399188041687
-4.958791290541323,-1.3156413030438954,12.46399188041687
-5.073640122320683,-1.3375376914832113,12.46399188041687
-5.073640122320683,-1.3375376914832113,12.46399188041687
-5.073640122320683,-1.3375376914832113,12.46399188041687
-5.073640122320683,-1.3375376914832113,12.46399188041687
-5.073640122320683,-1.3375376914832113,12.46399188041687
-5.073640122320683,-1.3375376914832113,12.46399188041687
-5.277213180178178,-1.3804181702428167,12.46399188041687
-5.277213180178178,-1.3804181702428167,12.46399188041687
-5.277213180178178,-1.3804181702428167,12.46399188041687
-5.277213180178178,-1.3804181702428167,12.46399188041687
-5.277213180178178,-1.3804181702428167,12.46399188041687
-5.387200725067359,-1.4027914253264184,12.46399188041687
-5.387200725067359,-1.4027914253264184,12.46399188041687
-5.387200725067359,-1.4027914253264184,12.46399188041687
-5.387200725067359,-1.4027914253264184,12.46399188041687
-5.387200725067359,-1.4027914253264184,12.46399188041687
-5.387200725067359,-1.4027914253264184,12.46399188041687
-5.5249271610904875,-1.4325944597419544,12.46399188041687
-5.5249271610904875,-1.4325944597419544,12.46399188041687
-5.5249271610904875,-1.4325944597419544,12.46399188041687
-5.5249271610904875,-1.4325944597419544,12.46399188041687
-5.5249271610904875,-1.4325944597419544,12.46399188041687
-5.646459935664609,-1.4614850337395227,12.46399188041687
-5.646459935664609,-1.4614850337395227,12.46399188041687
-5.646459935664609,-1.4614850337395227,12.46399188041687
-5.646459935664609,-1.4614850337395227,12.46399188041687
-5.646459935664609,-1.4614850337395227,12.46399188041687
-5.717838009305407,-1.4897559714200481,12.46399188041687
-5.717838009305407,-1.4897559714200481,12.46399188041687
-5.717838009305407,-1.4897559714200481,12.46399188041687
-5.717838009305407,-1.4897559714200481,12.46399188041687
-5.717838009305407,-1.4897559714200481,12.46399188041687
-5.807094719321572,-1.5209589982970046,12.46399188041687
-5.807094719321572,-1.5209589982970046,12.46399188041687
-5.807094719321572,-1.5209589982970046,12.46399188041687
-5.807094719321572,-1.5209589982970046,12.46399188041687
-5.807094719321572,-1.5209589982970046,12.46399188041687
-5.9132219620505575,-1.5518388304481585,12.46399188041687
-5.9132219620505575,-1.5518388304481585,12.46399188041687
-5.9132219620505575,-1.5518388304481585,12.46399188041687
-5.9132219620505575,-1.5518388304481585,12.46399188041687
-5.9132219620505575,-1.5518388304481585,12.46399188041687
-5.9132219620505575,-1.5518388304481585,12.46399188041687
-6.011920928108022,-1.5835263785013187,12.46399188041687
-6.011920928108022,-1.5835263785013187,12.46399188041687
-6.011920928108022,-1.5835263785013187,12.46399188041687
-6.011920928108022,-1.5835263785013187,12.46399188041687
-6.011920928108022,-1.5835263785013187,12.46399188041687
-6.109240954858405,-1.6146134201706905,12.46399188041687
-6.109240954858405,-1.6146134201706905,12.46399188041687
-6.109240954858405,-1.6146134201706905,12.46399188041687
-6.109240954858405,-1.6146134201706905,12.46399188041687
-6.109240954858405,-1.6146134201706905,12.46399188041687
-6.229265072827308,-1.6518169923936843,12.46399188041687
-6.229265072827308,-1.6518169923936843,12.46399188041687
-6.229265072827308,-1.6518169923936843,12.46399188041687
-6.229265072827308,-1.6518169923936843,12.46399188041687
-6.229265072827308,-1.6518169923936843,12.46399188041687
-6.329017178316752,-1.6828719737316178,12.46399188041687
-6.329017178316752,-1.6828719737316178,12.46399188041687
-6.329017178316752,-1.6828719737316178,12.46399188041687
-6.329017178316752,-1.6828719737316178,12.46399188041687
-6.329017178316752,-1.6828719737316178,12.46399188041687
-6.329017178316752,-1.6828719737316178,12.46399188041687
-6.452387002787089,-1.7136548330874413,12.46399188041687
-6.452387002787089,-1.7136548330874413,12.46399188041687
-6.452387002787089,-1.7136548330874413,12.46399188041687
-6.452387002787089,-1.7136548330874413,12.46399188041687
-6.452387002787089,-1.7136548330874413,12.46399188041687
-6.597519973647661,-1.749625157265596,12.46399188041687
-6.597519973647661,-1.749625157265596,12.46399188041687
-6.597519973647661,-1.749625157265596,12.46399188041687
-6.597519973647661,-1.749625157265596,12.46399188041687
-6.597519973647661,-1.749625157265596,12.46399188041687
-6.597519973647661,-1.749625157265596,12.46399188041687
-6.600517560991327,-1.7407370531813646,12.46399188041687
-6.600517560991327,-1.7407370531813646,12.46399188041687
-6.600517560991327,-1.7407370531813646,12.46399188041687
-6.600517560991327,-1.7407370531813646,12.46399188041687
-6.600517560991327,-1.7407370531813646,12.46399188041687
-6.82391681558328,-1.7963801558671522,12.46399188041687
-6.82391681558328,-1.7963801558671522,12.46399188041687
-6.82391681558328,-1.7963801558671522,12.46399188041687
-6.82391681558328,-1.7963801558671522,12.46399188041687
-6.82391681558328,-1.7963801558671522,12.46399188041687
-6.972295775989483,-1.840569585056498,12.46399188041687
-6.972295775989483,-1.840569585056498,12.46399188041687
-6.972295775989483,-1.840569585056498,12.46399188041687
-6.972295775989483,-1.840569585056498,12.46399188041687
-6.972295775989483,-1.840569585056498,12.46399188041687
-6.972295775989483,-1.840569585056498,12.46399188041687
-7.057401929172458,-1.8597053808089086,12.46399188041687
-7.057401929172458,-1.8597053808089086,12.46399188041687
-7.057401929172458,-1.8597053808089086,12.46399188041687
-7.057401929172458,-1.8597053808089086,12.46399188041687
-7.057401929172458,-1.8597053808089086,12.46399188041687
-7.226854714496517,-1.901336064971403,12.46399188041687
-7.226854714496517,-1.901336064971403,12.46399188041687
-7.226854714496517,-1.901336064971403,12.46399188041687
-7.226854714496517,-1.901336064971403,12.46399188041687
-7.226854714496517,-1.901336064971403,12.46399188041687
-7.357162371649536,-1.9411555167877597,12.46399188041687
-7.357162371649536,-1.9411555167877597,12.46399188041687
-7.357162371649536,-1.9411555167877597,12.46399188041687
-7.357162371649536,-1.9411555167877597,12.46399188041687
-7.357162371649536,-1.9411555167877597,12.46399188041687
-7.357162371649536,-1.9411555167877597,12.46399188041687
-7.357162371649536,-1.9411555167877597,12.46399188041687
-7.357162371649536,-1.9411555167877597,12.46399188041687
-7.357162371649536,-1.9411555167877597,12.46399188041687
-7.357162371649536,-1.9411555167877597,12.46399188041687
-7.5461068288886,-1.987220745836958,12.46399188041687
-7.5461068288886,-1.987220745836958,12.46399188041687
-7.5461068288886,-1.987220745836958,12.46399188041687
-7.5461068288886,-1.987220745836958,12.46399188041687
-7.5461068288886,-1.987220745836958,12.46399188041687
-7.5461068288886,-1.987220745836958,12.46399188041687
-7.835948273547947,-2.06290243166709,12.46399188041687
-7.835948273547947,-2.06290243166709,12.46399188041687
-7.835948273547947,-2.06290243166709,12.46399188041687
-7.835948273547947,-2.06290243166709,12.46399188041687
-7.835948273547947,-2.06290243166709,12.46399188041687
-7.835948273547947,-2.06290243166709,12.46399188041687
-7.835948273547947,-2.06290243166709,12.46399188041687
-8.013856266915345,-2.109029968621667,12.46399188041687
-8.013856266915345,-2.109029968621667,12.46399188041687
-8.013856266915345,-2.109029968621667,12.46399188041687
-8.013856266915345,-2.109029968621667,12.46399188041687
-8.013856266915345,-2.109029968621667,12.46399188041687
-8.013856266915345,-2.109029968621667,12.46399188041687
-8.013856266915345,-2.109029968621667,12.46399188041687
-8.187681652501425,-2.1611720832014205,12.46399188041687
-8.187681652501425,-2.1611720832014205,12.46399188041687
-8.187681652501425,-2.1611720832014205,12.46399188041687
-8.187681652501425,-2.1611720832014205,12.46399188041687
-8.187681652501425,-2.1611720832014205,12.46399188041687
-8.187681652501425,-2.1611720832014205,12.46399188041687
-8.448893328226026,-2.2323973043489787,12.46399188041687
-8.448893328226026,-2.2323973043489787,12.46399188041687
-8.448893328226026,-2.2323973043489787,12.46399188041687
-8.448893328226026,-2.2323973043489787,12.46399188041687
-8.448893328226026,-2.2323973043489787,12.46399188041687
-8.448893328226026,-2.2323973043489787,12.46399188041687
-8.448893328226026,-2.2323973043489787,12.46399188041687
-8.448893328226026,-2.2323973043489787,12.46399188041687
-8.676580854901431,-2.298315032682723,12.46399188041687
-8.676580854901431,-2.298315032682723,12.46399188041687
-8.676580854901431,-2.298315032682723,12.46399188041687
-8.676580854901431,-2.298315032682723,12.46399188041687
-8.676580854901431,-2.298315032682723,12.46399188041687
-8.676580854901431,-2.298315032682723,12.46399188041687
-8.910029222067015,-2.3626653006636844,12.46399188041687
-8.910029222067015,-2.3626653006636844,12.46399188041687
-8.910029222067015,-2.3626653006636844,12.46399188041687
-8.910029222067015,-2.3626653006636844,12.46399188041687
-8.910029222067015,-2.3626653006636844,12.46399188041687
-8.910029222067015,-2.3626653006636844,12.46399188041687
-8.910029222067015,-2.3626653006636844,12.46399188041687
-9.04765526187655,-2.3913278952729042,12.46399188041687
-9.04765526187655,-2.3913278952729042,12.46399188041687
-9.04765526187655,-2.3913278952729042,12.46399188041687
-9.04765526187655,-2.3913278952729042,12.46399188041687
-9.04765526187655,-2.3913278952729042,12.46399188041687
-9.04765526187655,-2.3913278952729042,12.46399188041687
-9.04765526187655,-2.3913278952729042,12.46399188041687
-9.266584076791533,-2.430000902773321,12.46399188041687
-9.266584076791533,-2.430000902773321,12.46399188041687
-9.266584076791533,-2.430000902773321,12.46399188041687
-9.266584076791533,-2.430000902773321,12.46399188041687
-9.266584076791533,-2.430000902773321,12.46399188041687
-9.266584076791533,-2.430000902773321,12.46399188041687
-9.266584076791533,-2.430000902773321,12.46399188041687
-9.266584076791533,-2.430000902773321,12.46399188041687
-9.540144089481583,-2.497783642022945,12.46399188041687
-9.540144089481583,-2.497783642022945,12.46399188041687
-9.540144089481583,-2.497783642022945,12.46399188041687
-9.540144089481583,-2.497783642022945,12.46399188041687
-9.741165018619306,-2.5557975932595767,12.46399188041687
-9.741165018619306,-2.5557975932595767,12.46399188041687
-9.741165018619306,-2.5557975932595767,12.46399188041687
-9.741165018619306,-2.5557975932595767,12.46399188041687
-9.741165018619306,-2.5557975932595767,12.46399188041687
-9.8351754182563,-2.585691748981587,12.46399188041687
-9.8351754182563,-2.585691748981587,12.46399188041687
-9.8351754182563,-2.585691748981587,12.46399188041687
-9.8351754182563,-2.585691748981587,12.46399188041687
-9.8351754182563,-2.585691748981587,12.46399188041687
-9.964731846491986,-2.629473587913436,12.46399188041687
-9.964731846491986,-2.629473587913436,12.46399188041687
-9.964731846491986,-2.629473587913436,12.46399188041687
-9.964731846491986,-2.629473587913436,12.46399188041687
-9.964731846491986,-2.629473587913436,12.46399188041687
-10.115826634222291,-2.6736758755452,12.46399188041687
-10.115826634222291,-2.6736758755452,12.46399188041687
-10.115826634222291,-2.6736758755452,12.46399188041687
-10.115826634222291,-2.6736758755452,12.46399188041687
-10.115826634222291,-2.6736758755452,12.46399188041687
-10.247875914204254,-2.699382943548673,12.46399188041687
-10.247875914204254,-2.699382943548673,12.46399188041687
-10.247875914204254,-2.699382943548673,12.46399188041687
-10.247875914204254,-2.699382943548673,12.46399188041687
-10.247875914204254,-2.699382943548673,12.46399188041687
-10.247875914204254,-2.699382943548673,12.46399188041687
-10.335793023016835,-2.718296526785979,12.46399188041687
-10.335793023016835,-2.718296526785979,12.46399188041687
-10.335793023016835,-2.718296526785979,12.46399188041687
-10.335793023016835,-2.718296526785979,12.46399188041687
-10.335793023016835,-2.718296526785979,12.46399188041687
-10.46517205389718,-2.7524252372554843,12.46399188041687
-10.46517205389718,-2.7524252372554843,12.46399188041687
-10.46517205389718,-2.7524252372554843,12.46399188041687
-10.46517205389718,-2.7524252372554843,12.46399188041687
-10.46517205389718,-2.7524252372554843,12.46399188041687
-10.46517205389718,-2.7524252372554843,12.46399188041687
-10.54601146735262,-2.7689324129260364,12.46399188041687
-10.54601146735262,-2.7689324129260364,12.46399188041687
-10.54601146735262,-2.7689324129260364,12.46399188041687
-10.54601146735262,-2.7689324129260364,12.46399188041687
-10.54601146735262,-2.7689324129260364,12.46399188041687
-10.68826182343627,-2.8080826714927607,12.46399188041687
-10.68826182343627,-2.8080826714927607,12.46399188041687
-10.68826182343627,-2.8080826714927607,12.46399188041687
-10.68826182343627,-2.8080826714927607,12.46399188041687
-10.68826182343627,-2.8080826714927607,12.46399188041687
-10.7702982111764,-2.831442137577801,12.46399188041687
-10.7702982111764,-2.831442137577801,12.46399188041687
-10.7702982111764,-2.831442137577801,12.46399188041687
-10.7702982111764,-2.831442137577801,12.46399188041687
-10.7702982111764,-2.831442137577801,12.46399188041687
-10.92282232783632,-2.865792340333344,12.46399188041687
-10.92282232783632,-2.865792340333344,12.46399188041687
-10.92282232783632,-2.865792340333344,12.46399188041687
-10.92282232783632,-2.865792340333344,12.46399188041687
-10.92282232783632,-2.865792340333344,12.46399188041687
-10.92282232783632,-2.865792340333344,12.46399188041687
-11.116254953283665,-2.9097407638966706,12.46399188041687
-11.116254953283665,-2.9097407638966706,12.46399188041687
-11.116254953283665,-2.9097407638966706,12.46399188041687
-11.116254953283665,-2.9097407638966706,12.46399188041687
-11.116254953283665,-2.9097407638966706,12.46399188041687
-11.227087964277468,-2.9408792223944755,12.46399188041687
-11.227087964277468,-2.9408792223944755,12.46399188041687
-11.227087964277468,-2.9408792223944755,12.46399188041687
-11.227087964277468,-2.9408792223944755,12.46399188041687
-11.227087964277468,-2.9408792223944755,12.46399188041687
-11.227087964277468,-2.9408792223944755,12.46399188041687
-11.381584851633125,-2.9854003970745304,12.46399188041687
-11.381584851633125,-2.9854003970745304,12.46399188041687
-11.381584851633125,-2.9854003970745304,12.46399188041687
-11.381584851633125,-2.9854003970745304,12.46399188041687
-11.381584851633125,-2.9854003970745304,12.46399188041687
-11.381584851633125,-2.9854003970745304,12.46399188041687
-11.55280824170718,-3.0382814201612813,12.46399188041687
-11.55280824170718,-3.0382814201612813,12.46399188041687
-11.55280824170718,-3.0382814201612813,12.46399188041687
-11.55280824170718,-3.0382814201612813,12.46399188041687
-11.55280824170718,-3.0382814201612813,12.46399188041687
-11.55280824170718,-3.0382814201612813,12.46399188041687
-11.76190666112438,-3.0899605090122817,12.46399188041687
-11.76190666112438,-3.0899605090122817,12.46399188041687
-11.76190666112438,-3.0899605090122817,12.46399188041687
-11.76190666112438,-3.0899605090122817,12.46399188041687
-11.76190666112438,-3.0899605090122817,12.46399188041687
-11.76190666112438,-3.0899605090122817,12.46399188041687
-11.76190666112438,-3.0899605090122817,12.46399188041687
-11.872810951244608,-3.1058576788932473,12.46399188041687
-11.872810951244608,-3.1058576788932473,12.46399188041687
-11.872810951244608,-3.1058576788932473,12.46399188041687
-11.872810951244608,-3.1058576788932473,12.46399188041687
-11.872810951244608,-3.1058576788932473,12.46399188041687
-12.049164830684719,-3.148926325312476,12.46399188041687
-12.049164830684719,-3.148926325312476,12.46399188041687
-12.049164830684719,-3.148926325312476,12.46399188041687
-12.049164830684719,-3.148926325312476,12.46399188041687
-12.049164830684719,-3.148926325312476,12.46399188041687
-12.147029059139538,-3.1713069931223887,12.46399188041687
-12.147029059139538,-3.1713069931223887,12.46399188041687
-12.147029059139538,-3.1713069931223887,12.46399188041687
-12.147029059139538,-3.1713069931223887,12.46399188041687
-12.147029059139538,-3.1713069931223887,12.46399188041687
-12.312849191087338,-3.2186323870323617,12.46399188041687
-12.312849191087338,-3.2186323870323617,12.46399188041687
-12.312849191087338,-3.2186323870323617,12.46399188041687
-12.312849191087338,-3.2186323870323617,12.46399188041687
-12.312849191087338,-3.2186323870323617,12.46399188041687
-12.312849191087338,-3.2186323870323617,12.46399188041687
-12.477119812158282,-3.2784620078499414,12.46399188041687
-12.477119812158282,-3.2784620078499414,12.46399188041687
-12.477119812158282,-3.2784620078499414,12.46399188041687
-12.477119812158282,-3.2784620078499414,12.46399188041687
-12.477119812158282,-3.2784620078499414,12.46399188041687
-12.629902022440174,-3.333935513396905,12.46399188041687
-12.629902022440174,-3.333935513396905,12.46399188041687
-12.629902022440174,-3.333935513396905,12.46399188041687
-12.629902022440174,-3.333935513396905,12.46399188041687
-12.629902022440174,-3.333935513396905,12.46399188041687
-12.795252275461268,-3.3906093619383473,12.46399188041687
-12.795252275461268,-3.3906093619383473,12.46399188041687
-12.795252275461268,-3.3906093619383473,12.46399188041687
-12.795252275461268,-3.3906093619383473,12.46399188041687
-12.795252275461268,-3.3906093619383473,12.46399188041687
-12.912530848921262,-3.4290974582989016,12.46399188041687
-12.912530848921262,-3.4290974582989016,12.46399188041687
-12.912530848921262,-3.4290974582989016,12.46399188041687
-12.912530848921262,-3.4290974582989016,12.46399188041687
-12.912530848921262,-3.4290974582989016,12.46399188041687
-12.912530848921262,-3.4290974582989016,12.46399188041687
-13.103458101674336,-3.4863329815704462,12.46399188041687
-13.103458101674336,-3.4863329815704462,12.46399188041687
-13.103458101674336,-3.4863329815704462,12.46399188041687
-13.103458101674336,-3.4863329815704462,12.46399188041687
-13.103458101674336,-3.4863329815704462,12.46399188041687
-13.103458101674336,-3.4863329815704462,12.46399188041687
-13.29188274867441,-3.537813340910299,12.46399188041687
-13.29188274867441,-3.537813340910299,12.46399188041687
-13.29188274867441,-3.537813340910299,12.46399188041687
-13.29188274867441,-3.537813340910299,12.46399188041687
-13.29188274867441,-3.537813340910299,12.46399188041687
-13.391693977414171,-3.561424151055845,12.46399188041687
-13.391693977414171,-3.561424151055845,12.46399188041687
-13.391693977414171,-3.561424151055845,12.46399188041687
-13.391693977414171,-3.561424151055845,12.46399188041687
-13.391693977414171,-3.561424151055845,12.46399188041687
-13.55271156595121,-3.5987331340233535,12.46399188041687
-13.55271156595121,-3.5987331340233535,12.46399188041687
-13.55271156595121,-3.5987331340233535,12.46399188041687
-13.55271156595121,-3.5987331340233535,12.46399188041687
-13.55271156595121,-3.5987331340233535,12.46399188041687
-13.719934793643937,-3.6389630739494283,12.46399188041687
-13.719934793643937,-3.6389630739494283,12.46399188041687
-13.719934793643937,-3.6389630739494283,12.46399188041687
-13.719934793643937,-3.6389630739494283,12.46399188041687
-13.719934793643937,-3.6389630739494283,12.46399188041687
-13.857469570285643,-3.6760947332821567,12.46399188041687
-13.857469570285643,-3.6760947332821567,12.46399188041687
-13.857469570285643,-3.6760947332821567,12.46399188041687
-13.857469570285643,-3.6760947332821567,12.46399188041687
-13.857469570285643,-3.6760947332821567,12.46399188041687
-13.941465896806548,-3.695221030007357,12.46399188041687
-13.941465896806548,-3.695221030007357,12.46399188041687
-13.941465896806548,-3.695221030007357,12.46399188041687
-13.941465896806548,-3.695221030007357,12.46399188041687
-13.941465896806548,-3.695221030007357,12.46399188041687
-14.155069599516688,-3.760965412453524,12.46399188041687
-14.155069599516688,-3.760965412453524,12.46399188041687
-14.155069599516688,-3.760965412453524,12.46399188041687
-14.155069599516688,-3.760965412453524,12.46399188041687
-14.155069599516688,-3.760965412453524,12.46399188041687
-14.223982198501101,-3.787237396457254,12.46399188041687
-14.223982198501101,-3.787237396457254,12.46399188041687
-14.223982198501101,-3.787237396457254,12.46399188041687
-14.223982198501101,-3.787237396457254,12.46399188041687
-14.223982198501101,-3.787237396457254,12.46399188041687
-14.223982198501101,-3.787237396457254,12.46399188041687
-14.3449415460929,-3.826884223469642,12.46399188041687
-14.3449415460929,-3.826884223469642,12.46399188041687
-14.3449415460929,-3.826884223469642,12.46399188041687
-14.3449415460929,-3.826884223469642,12.46399188041687
-14.3449415460929,-3.826884223469642,12.46399188041687
-14.474195995194824,-3.8678956850102946,12.46399188041687
-14.474195995194824,-3.8678956850102946,12.46399188041687
-14.474195995194824,-3.8678956850102946,12.46399188041687
-14.474195995194824,-3.8678956850102946,12.46399188041687
-14.474195995194824,-3.8678956850102946,12.46399188041687
-14.609366882208198,-3.897384196698413,12.46399188041687
-14.609366882208198,-3.897384196698413,12.46399188041687
-14.609366882208198,-3.897384196698413,12.46399188041687
-14.609366882208198,-3.897384196698413,12.46399188041687
-14.609366882208198,-3.897384196698413,12.46399188041687
-14.609366882208198,-3.897384196698413,12.46399188041687
-14.763992287440454,-3.941958860003719,12.46399188041687
-14.763992287440454,-3.941958860003719,12.46399188041687
-14.763992287440454,-3.941958860003719,12.46399188041687
-14.763992287440454,-3.941958860003719,12.46399188041687
-14.763992287440454,-3.941958860003719,12.46399188041687
-14.950440146023421,-3.993801451442387,12.46399188041687
-14.950440146023421,-3.993801451442387,12.46399188041687
-14.950440146023421,-3.993801451442387,12.46399188041687
-14.950440146023421,-3.993801451442387,12.46399188041687
-14.950440146023421,-3.993801451442387,12.46399188041687
-15.013267820379234,-4.00647402712063,12.46399188041687
-15.013267820379234,-4.00647402712063,12.46399188041687
-15.013267820379234,-4.00647402712063,12.46399188041687
-15.013267820379234,-4.00647402712063,12.46399188041687
-15.013267820379234,-4.00647402712063,12.46399188041687
-15.155980966315244,-4.0400630897321905,12.46399188041687
-15.155980966315244,-4.0400630897321905,12.46399188041687
-15.155980966315244,-4.0400630897321905,12.46399188041687
-15.155980966315244,-4.0400630897321905,12.46399188041687
-15.155980966315244,-4.0400630897321905,12.46399188041687
-15.235242916590929,-4.056563835238311,12.46399188041687
-15.235242916590929,-4.056563835238311,12.46399188041687
-15.235242916590929,-4.056563835238311,12.46399188041687
-15.235242916590929,-4.056563835238311,12.46399188041687
-15.235242916590929,-4.056563835238311,12.46399188041687
-15.235242916590929,-4.056563835238311,12.46399188041687
-15.332039830083854,-4.080160279798959,12.46399188041687
-15.332039830083854,-4.080160279798959,12.46399188041687
-15.332039830083854,-4.080160279798959,12.46399188041687
-15.332039830083854,-4.080160279798959,12.46399188041687
-15.332039830083854,-4.080160279798959,12.46399188041687
-15.50946280934196,-4.126155799549766,12.46399188041687
-15.50946280934196,-4.126155799549766,12.46399188041687
-15.50946280934196,-4.126155799549766,12.46399188041687
-15.50946280934196,-4.126155799549766,12.46399188041687
-15.50946280934196,-4.126155799549766,12.46399188041687
-15.604653045151444,-4.15082803475847,12.46399188041687
-15.604653045151444,-4.15082803475847,12.46399188041687
-15.604653045151444,-4.15082803475847,12.46399188041687
-15.604653045151444,-4.15082803475847,12.46399188041687
-15.604653045151444,-4.15082803475847,12.46399188041687
-15.773795248480534,-4.197438434197912,12.46399188041687
-15.773795248480534,-4.197438434197912,12.46399188041687
-15.773795248480534,-4.197438434197912,12.46399188041687
-15.773795248480534,-4.197438434197912,12.46399188041687
-15.773795248480534,-4.197438434197912,12.46399188041687
-15.773795248480534,-4.197438434197912,12.46399188041687
-15.950888063627882,-4.242160575770481,12.46399188041687
-15.950888063627882,-4.242160575770481,12.46399188041687
-15.950888063627882,-4.242160575770481,12.46399188041687
-15.950888063627882,-4.242160575770481,12.46399188041687
-15.950888063627882,-4.242160575770481,12.46399188041687
-16.052273757696273,-4.2717943336988204,12.46399188041687
-16.052273757696273,-4.2717943336988204,12.46399188041687
-16.052273757696273,-4.2717943336988204,12.46399188041687
-16.052273757696273,-4.2717943336988204,12.46399188041687
-16.052273757696273,-4.2717943336988204,12.46399188041687
-16.052273757696273,-4.2717943336988204,12.46399188041687
-16.268329934195265,-4.330038770827823,12.46399188041687
-16.268329934195265,-4.330038770827823,12.46399188041687
-16.268329934195265,-4.330038770827823,12.46399188041687
-16.268329934195265,-4.330038770827823,12.46399188041687
-16.268329934195265,-4.330038770827823,12.46399188041687
-16.430771948853764,-4.373219409531185,12.46399188041687
-16.430771948853764,-4.373219409531185,12.46399188041687
-16.430771948853764,-4.373219409531185,12.46399188041687
-16.430771948853764,-4.373219409531185,12.46399188041687
-16.430771948853764,-4.373219409531185,12.46399188041687
-16.54686822811573,-4.401613270503631,12.46399188041687
-16.54686822811573,-4.401613270503631,12.46399188041687
-16.54686822811573,-4.401613270503631,12.46399188041687
-16.54686822811573,-4.401613270503631,12.46399188041687
-16.54686822811573,-4.401613270503631,12.46399188041687
-16.652883608039907,-4.431509693387913,12.46399188041687
-16.652883608039907,-4.431509693387913,12.46399188041687
-16.652883608039907,-4.431509693387913,12.46399188041687
-16.652883608039907,-4.431509693387913,12.46399188041687
-16.652883608039907,-4.431509693387913,12.46399188041687
-16.652883608039907,-4.431509693387913,12.46399188041687
-16.652883608039907,-4.431509693387913,12.46399188041687
-16.780006978590883,-4.463989515317615,12.46399188041687
-16.780006978590883,-4.463989515317615,12.46399188041687
-16.780006978590883,-4.463989515317615,12.46399188041687
-16.780006978590883,-4.463989515317615,12.46399188041687
-16.780006978590883,-4.463989515317615,12.46399188041687
-17.01082489480158,-4.531629946322446,12.46399188041687
-17.01082489480158,-4.531629946322446,12.46399188041687
-17.01082489480158,-4.531629946322446,12.46399188041687
-17.01082489480158,-4.531629946322446,12.46399188041687
-17.01082489480158,-4.531629946322446,12.46399188041687
-17.01082489480158,-4.531629946322446,12.46399188041687
-17.050679479340374,-4.537769081437467,12.46399188041687
-17.050679479340374,-4.537769081437467,12.46399188041687
-17.050679479340374,-4.537769081437467,12.46399188041687
-17.050679479340374,-4.537769081437467,12.46399188041687
-17.050679479340374,-4.537769081437467,12.46399188041687
-17.17677477555105,-4.574660622352371,12.46399188041687
-17.17677477555105,-4.574660622352371,12.46399188041687
-17.17677477555105,-4.574660622352371,12.46399188041687
-17.17677477555105,-4.574660622352371,12.46399188041687
-17.17677477555105,-4.574660622352371,12.46399188041687
-17.291906524351848,-4.614982048845618,12.46399188041687
-17.291906524351848,-4.614982048845618,12.46399188041687
-17.291906524351848,-4.614982048845618,12.46399188041687
-17.291906524351848,-4.614982048845618,12.46399188041687
-17.291906524351848,-4.614982048845618,12.46399188041687
-17.291906524351848,-4.614982048845618,12.46399188041687
-17.291906524351848,-4.614982048845618,12.46399188041687
-17.441917642407226,-4.659557437121754,12.46399188041687
-17.441917642407226,-4.659557437121754,12.46399188041687
-17.441917642407226,-4.659557437121754,12.46399188041687
-17.441917642407226,-4.659557437121754,12.46399188041687
-17.441917642407226,-4.659557437121754,12.46399188041687
-17.613627071356063,-4.71030476771253,12.46399188041687
-17.613627071356063,-4.71030476771253,12.46399188041687
-17.613627071356063,-4.71030476771253,12.46399188041687
-17.613627071356063,-4.71030476771253,12.46399188041687
-17.613627071356063,-4.71030476771253,12.46399188041687
-17.723067908800317,-4.743661201319423,12.46399188041687
-17.723067908800317,-4.743661201319423,12.46399188041687
-17.723067908800317,-4.743661201319423,12.46399188041687
-17.723067908800317,-4.743661201319423,12.46399188041687
-17.723067908800317,-4.743661201319423,12.46399188041687
-17.723067908800317,-4.743661201319423,12.46399188041687
-17.723067908800317,-4.743661201319423,12.46399188041687
-17.893344102976453,-4.789040244244,12.46399188041687
-17.893344102976453,-4.789040244244,12.46399188041687
-17.893344102976453,-4.789040244244,12.46399188041687
-17.893344102976453,-4.789040244244,12.46399188041687
-17.893344102976453,-4.789040244244,12.46399188041687
-18.030647665853007,-4.8210929825184055,12.46399188041687
-18.030647665853007,-4.8210929825184055,12.46399188041687
-18.030647665853007,-4.8210929825184055,12.46399188041687
-18.030647665853007,-4.8210929825184055,12.46399188041687
-18.030647665853007,-4.8210929825184055,12.46399188041687
-18.030647665853007,-4.8210929825184055,12.46399188041687
-18.030647665853007,-4.8210929825184055,12.46399188041687
-18.132541655790252,-4.842069301923501,12.46399188041687
-18.132541655790252,-4.842069301923501,12.46399188041687
-18.132541655790252,-4.842069301923501,12.46399188041687
-18.132541655790252,-4.842069301923501,12.46399188041687
-18.132541655790252,-4.842069301923501,12.46399188041687
-18.132541655790252,-4.842069301923501,12.46399188041687
-18.302471451559324,-4.886144000254843,12.46399188041687
-18.302471451559324,-4.886144000254843,12.46399188041687
-18.302471451559324,-4.886144000254843,12.46399188041687
-18.302471451559324,-4.886144000254843,12.46399188041687
-18.302471451559324,-4.886144000254843,12.46399188041687
-18.398889363095222,-4.9078282079094055,12.46399188041687
-18.398889363095222,-4.9078282079094055,12.46399188041687
-18.398889363095222,-4.9078282079094055,12.46399188041687
-18.398889363095222,-4.9078282079094055,12.46399188041687
-18.398889363095222,-4.9078282079094055,12.46399188041687
-18.58043215242382,-4.961683311042676,12.46399188041687
-18.58043215242382,-4.961683311042676,12.46399188041687
-18.58043215242382,-4.961683311042676,12.46399188041687
-18.58043215242382,-4.961683311042676,12.46399188041687
-18.58043215242382,-4.961683311042676,12.46399188041687
-18.739581011098526,-5.006773715269201,12.46399188041687
-18.739581011098526,-5.006773715269201,12.46399188041687
-18.739581011098526,-5.006773715269201,12.46399188041687
-18.739581011098526,-5.006773715269201,12.46399188041687
-18.739581011098526,-5.006773715269201,12.46399188041687
18.55734612006843,4.629229056306578,12.46399188041687
18.55734612006843,4.629229056306578,12.46399188041687
18.55734612006843,4.629229056306578,12.46399188041687
18.55734612006843,4.629229056306578,12.46399188041687
18.55734612006843,4.629229056306578,12.46399188041687
18.280300445857822,4.492460087883139,12.46399188041687
18.280300445857822,4.492460087883139,12.46399188041687
18.280300445857822,4.492460087883139,12.46399188041687
18.280300445857822,4.492460087883139,12.46399188041687
18.280300445857822,4.492460087883139,12.46399188041687
18.280708657072438,4.489467229184396,12.46399188041687
18.280708657072438,4.489467229184396,12.46399188041687
18.280708657072438,4.489467229184396,12.46399188041687
18.280708657072438,4.489467229184396,12.46399188041687
18.246236867889028,4.47670452453695,12.46399188041687
18.246236867889028,4.47670452453695,12.46399188041687
18.246236867889028,4.47670452453695,12.46399188041687
18.246236867889028,4.47670452453695,12.46399188041687
18.246236867889028,4.47670452453695,12.46399188041687
18.22776853952492,4.471632320904401,12.46399188041687
18.22776853952492,4.471632320904401,12.46399188041687
18.22776853952492,4.471632320904401,12.46399188041687
18.22776853952492,4.471632320904401,12.46399188041687
18.22776853952492,4.471632320904401,12.46399188041687
18.21398830275569,4.477976064542405,12.46399188041687
18.21398830275569,4.477976064542405,12.46399188041687
18.21398830275569,4.477976064542405,12.46399188041687
18.21398830275569,4.477976064542405,12.46399188041687
18.18041136332394,4.469582286290658,12.46399188041687
18.18041136332394,4.469582286290658,12.46399188041687
18.18041136332394,4.469582286290658,12.46399188041687
18.18041136332394,4.469582286290658,12.46399188041687
18.18041136332394,4.469582286290658,12.46399188041687
18.140237134254516,4.449747665558465,12.46399188041687
18.140237134254516,4.449747665558465,12.46399188041687
18.140237134254516,4.449747665558465,12.46399188041687
18.140237134254516,4.449747665558465,12.46399188041687
18.140237134254516,4.449747665558465,12.46399188041687
18.044893056395292,4.4104731569883855,12.46399188041687
18.044893056395292,4.4104731569883855,12.46399188041687
18.044893056395292,4.4104731569883855,12.46399188041687
18.044893056395292,4.4104731569883855,12.46399188041687
18.044893056395292,4.4104731569883855,12.46399188041687
18.03208409215025,4.418502329225913,12.46399188041687
18.03208409215025,4.418502329225913,12.46399188041687
18.03208409215025,4.418502329225913,12.46399188041687
18.03208409215025,4.418502329225913,12.46399188041687
18.03208409215025,4.418502329225913,12.46399188041687
18.150935437791286,4.492771483335305,12.46399188041687
18.150935437791286,4.492771483335305,12.46399188041687
18.150935437791286,4.492771483335305,12.46399188041687
18.150935437791286,4.492771483335305,12.46399188041687
18.150935437791286,4.492771483335305,12.46399188041687
18.16973603881992,4.520809887340792,12.46399188041687
18.16973603881992,4.520809887340792,12.46399188041687
18.16973603881992,4.520809887340792,12.46399188041687
18.16973603881992,4.520809887340792,12.46399188041687
18.10031413707192,4.507187446386111,12.46399188041687
18.10031413707192,4.507187446386111,12.46399188041687
18.10031413707192,4.507187446386111,12.46399188041687
18.10031413707192,4.507187446386111,12.46399188041687
18.10031413707192,4.507187446386111,12.46399188041687
18.02138869685143,4.499405287360311,12.46399188041687
18.02138869685143,4.499405287360311,12.46399188041687
18.02138869685143,4.499405287360311,12.46399188041687
18.02138869685143,4.499405287360311,12.46399188041687
18.02138869685143,4.499405287360311,12.46399188041687
17.999484995312308,4.520981633008685,12.46399188041687
17.999484995312308,4.520981633008685,12.46399188041687
17.999484995312308,4.520981633008685,12.46399188041687
17.999484995312308,4.520981633008685,12.46399188041687
17.999484995312308,4.520981633008685,12.46399188041687
17.965057310051,4.522075978513045,12.46399188041687
17.965057310051,4.522075978513045,12.46399188041687
17.965057310051,4.522075978513045,12.46399188041687
17.965057310051,4.522075978513045,12.46399188041687
17.894184867593516,4.494323630599858,12.46399188041687
17.894184867593516,4.494323630599858,12.46399188041687
17.894184867593516,4.494323630599858,12.46399188041687
17.894184867593516,4.494323630599858,12.46399188041687
17.894184867593516,4.494323630599858,12.46399188041687
17.85086441178809,4.492339272796964,12.46399188041687
17.85086441178809,4.492339272796964,12.46399188041687
17.85086441178809,4.492339272796964,12.46399188041687
17.85086441178809,4.492339272796964,12.46399188041687
17.85086441178809,4.492339272796964,12.46399188041687
17.83732050108466,4.523233469159825,12.46399188041687
17.83732050108466,4.523233469159825,12.46399188041687
17.83732050108466,4.523233469159825,12.46399188041687
17.83732050108466,4.523233469159825,12.46399188041687
17.797387262264234,4.537990050710619,12.46399188041687
17.797387262264234,4.537990050710619,12.46399188041687
17.797387262264234,4.537990050710619,12.46399188041687
17.797387262264234,4.537990050710619,12.46399188041687
17.797387262264234,4.537990050710619,12.46399188041687
17.797387262264234,4.537990050710619,12.46399188041687
17.797387262264234,4.537990050710619,12.46399188041687
17.770946196831204,4.5566309749601785,12.46399188041687
17.770946196831204,4.5566309749601785,12.46399188041687
17.770946196831204,4.5566309749601785,12.46399188041687
17.770946196831204,4.5566309749601785,12.46399188041687
17.770946196831204,4.5566309749601785,12.46399188041687
17.770946196831204,4.5566309749601785,12.46399188041687
17.690489374866488,4.559383653718366,12.46399188041687
17.690489374866488,4.559383653718366,12.46399188041687
17.690489374866488,4.559383653718366,12.46399188041687
17.690489374866488,4.559383653718366,12.46399188041687
17.690489374866488,4.559383653718366,12.46399188041687
17.690489374866488,4.559383653718366,12.46399188041687
17.62094985863005,4.558524852502693,12.46399188041687
17.62094985863005,4.558524852502693,12.46399188041687
17.62094985863005,4.558524852502693,12.46399188041687
17.62094985863005,4.558524852502693,12.46399188041687
17.62094985863005,4.558524852502693,12.46399188041687
17.450540520571124,4.523354479275478,12.46399188041687
17.450540520571124,4.523354479275478,12.46399188041687
17.450540520571124,4.523354479275478,12.46399188041687
17.450540520571124,4.523354479275478,12.46399188041687
17.450540520571124,4.523354479275478,12.46399188041687
17.393624145394707,4.522622573379254,12.46399188041687
17.393624145394707,4.522622573379254,12.46399188041687
17.393624145394707,4.522622573379254,12.46399188041687
17.393624145394707,4.522622573379254,12.46399188041687
17.393624145394707,4.522622573379254,12.46399188041687
17.29447187513773,4.514134863740959,12.46399188041687
17.29447187513773,4.514134863740959,12.46399188041687
17.29447187513773,4.514134863740959,12.46399188041687
17.29447187513773,4.514134863740959,12.46399188041687
17.29447187513773,4.514134863740959,12.46399188041687
17.20336981414077,4.511098141845333,12.46399188041687
17.20336981414077,4.511098141845333,12.46399188041687
17.20336981414077,4.511098141845333,12.46399188041687
17.20336981414077,4.511098141845333,12.46399188041687
17.179770222439622,4.523604573650185,12.46399188041687
17.179770222439622,4.523604573650185,12.46399188041687
17.179770222439622,4.523604573650185,12.46399188041687
17.179770222439622,4.523604573650185,12.46399188041687
17.179770222439622,4.523604573650185,12.46399188041687
17.087196785633292,4.525678694886197,12.46399188041687
17.087196785633292,4.525678694886197,12.46399188041687
17.087196785633292,4.525678694886197,12.46399188041687
17.087196785633292,4.525678694886197,12.46399188041687
17.087196785633292,4.525678694886197,12.46399188041687
16.996289845711885,4.51849492049991,12.46399188041687
16.996289845711885,4.51849492049991,12.46399188041687
16.996289845711885,4.51849492049991,12.46399188041687
16.996289845711885,4.51849492049991,12.46399188041687
16.89283077463386,4.509531904973535,12.46399188041687
16.89283077463386,4.509531904973535,12.46399188041687
16.89283077463386,4.509531904973535,12.46399188041687
16.89283077463386,4.509531904973535,12.46399188041687
16.796468335328502,4.501088329111316,12.46399188041687
16.796468335328502,4.501088329111316,12.46399188041687
16.796468335328502,4.501088329111316,12.46399188041687
16.796468335328502,4.501088329111316,12.46399188041687
16.796468335328502,4.501088329111316,12.46399188041687
16.679570271319736,4.4733914045787735,12.46399188041687
16.679570271319736,4.4733914045787735,12.46399188041687
16.679570271319736,4.4733914045787735,12.46399188041687
16.679570271319736,4.4733914045787735,12.46399188041687
16.616201460421777,4.453918194408191,12.46399188041687
16.616201460421777,4.453918194408191,12.46399188041687
16.616201460421777,4.453918194408191,12.46399188041687
16.616201460421777,4.453918194408191,12.46399188041687
16.616201460421777,4.453918194408191,12.46399188041687
16.49628267927206,4.426653256461901,12.46399188041687
16.49628267927206,4.426653256461901,12.46399188041687
16.49628267927206,4.426653256461901,12.46399188041687
16.49628267927206,4.426653256461901,12.46399188041687
16.49628267927206,4.426653256461901,12.46399188041687
16.379246229082717,4.407236834721627,12.46399188041687
16.379246229082717,4.407236834721627,12.46399188041687
16.379246229082717,4.407236834721627,12.46399188041687
16.379246229082717,4.407236834721627,12.46399188041687
16.241884388851982,4.391212616330483,12.46399188041687
16.241884388851982,4.391212616330483,12.46399188041687
16.241884388851982,4.391212616330483,12.46399188041687
16.241884388851982,4.391212616330483,12.46399188041687
16.241884388851982,4.391212616330483,12.46399188041687
16.105720338402136,4.377774036554372,12.46399188041687
16.105720338402136,4.377774036554372,12.46399188041687
16.105720338402136,4.377774036554372,12.46399188041687
16.105720338402136,4.377774036554372,12.46399188041687
16.105720338402136,4.377774036554372,12.46399188041687
15.980161786025468,4.373310471622945,12.46399188041687
15.980161786025468,4.373310471622945,12.46399188041687
15.980161786025468,4.373310471622945,12.46399188041687
15.980161786025468,4.373310471622945,12.46399188041687
15.980161786025468,4.373310471622945,12.46399188041687
15.8701445621538,4.363771923462351,12.46399188041687
15.8701445621538,4.363771923462351,12.46399188041687
15.8701445621538,4.363771923462351,12.46399188041687
15.8701445621538,4.363771923462351,12.46399188041687
15.8701445621538,4.363771923462351,12.46399188041687
15.758062366566032,4.3507521962306335,12.46399188041687
15.758062366566032,4.3507521962306335,12.46399188041687
15.758062366566032,4.3507521962306335,12.46399188041687
15.758062366566032,4.3507521962306335,12.46399188041687
15.758062366566032,4.3507521962306335,12.46399188041687
15.630894507253293,4.326174208559353,12.46399188041687
15.630894507253293,4.326174208559353,12.46399188041687
15.630894507253293,4.326174208559353,12.46399188041687
15.630894507253293,4.326174208559353,12.46399188041687
15.504003873326724,4.294746425239193,12.46399188041687
15.504003873326724,4.294746425239193,12.46399188041687
15.504003873326724,4.294746425239193,12.46399188041687
15.504003873326724,4.294746425239193,12.46399188041687
15.504003873326724,4.294746425239193,12.46399188041687
15.343027828879986,4.258144808094868,12.46399188041687
15.343027828879986,4.258144808094868,12.46399188041687
15.343027828879986,4.258144808094868,12.46399188041687
15.343027828879986,4.258144808094868,12.46399188041687
15.343027828879986,4.258144808094868,12.46399188041687
15.298609511973508,4.242185228804363,12.46399188041687
15.298609511973508,4.242185228804363,12.46399188041687
15.298609511973508,4.242185228804363,12.46399188041687
15.298609511973508,4.242185228804363,12.46399188041687
15.298609511973508,4.242185228804363,12.46399188041687
15.191974697741696,4.221985908444571,12.46399188041687
15.191974697741696,4.221985908444571,12.46399188041687
15.191974697741696,4.221985908444571,12.46399188041687
15.191974697741696,4.221985908444571,12.46399188041687
15.191974697741696,4.221985908444571,12.46399188041687
15.072950497148422,4.193518866427187,12.46399188041687
15.072950497148422,4.193518866427187,12.46399188041687
15.072950497148422,4.193518866427187,12.46399188041687
15.072950497148422,4.193518866427187,12.46399188041687
15.072950497148422,4.193518866427187,12.46399188041687
14.946597450429538,4.159406797753509,12.46399188041687
14.946597450429538,4.159406797753509,12.46399188041687
14.946597450429538,4.159406797753509,12.46399188041687
14.946597450429538,4.159406797753509,12.46399188041687
14.828701326193919,4.147964563831454,12.46399188041687
14.828701326193919,4.147964563831454,12.46399188041687
14.828701326193919,4.147964563831454,12.46399188041687
14.828701326193919,4.147964563831454,12.46399188041687
14.828701326193919,4.147964563831454,12.46399188041687
14.710697404820257,4.110430967688336,12.46399188041687
14.710697404820257,4.110430967688336,12.46399188041687
14.710697404820257,4.110430967688336,12.46399188041687
14.710697404820257,4.110430967688336,12.46399188041687
14.710697404820257,4.110430967688336,12.46399188041687
14.596883681000516,4.085051583388349,12.46399188041687
14.596883681000516,4.085051583388349,12.46399188041687
14.596883681000516,4.085051583388349,12.46399188041687
14.596883681000516,4.085051583388349,12.46399188041687
14.596883681000516,4.085051583388349,12.46399188041687
14.45319553369642,4.043390296161163,12.46399188041687
14.45319553369642,4.043390296161163,12.46399188041687
14.45319553369642,4.043390296161163,12.46399188041687
14.45319553369642,4.043390296161163,12.46399188041687
14.403956829489417,4.044351418343236,12.46399188041687
14.403956829489417,4.044351418343236,12.46399188041687
14.403956829489417,4.044351418343236,12.46399188041687
14.403956829489417,4.044351418343236,12.46399188041687
14.403956829489417,4.044351418343236,12.46399188041687
14.272364882233763,4.010723967339425,12.46399188041687
14.272364882233763,4.010723967339425,12.46399188041687
14.272364882233763,4.010723967339425,12.46399188041687
14.272364882233763,4.010723967339425,12.46399188041687
14.272364882233763,4.010723967339425,12.46399188041687
14.156279647579739,3.9709108693658015,12.46399188041687
14.156279647579739,3.9709108693658015,12.46399188041687
14.156279647579739,3.9709108693658015,12.46399188041687
14.156279647579739,3.9709108693658015,12.46399188041687
14.053929381975276,3.9357088345292612,12.46399188041687
14.053929381975276,3.9357088345292612,12.46399188041687
14.053929381975276,3.9357088345292612,12.46399188041687
14.053929381975276,3.9357088345292612,12.46399188041687
14.053929381975276,3.9357088345292612,12.46399188041687
13.936004414165417,3.89149278051548,12.46399188041687
13.936004414165417,3.89149278051548,12.46399188041687
13.936004414165417,3.89149278051548,12.46399188041687
13.936004414165417,3.89149278051548,12.46399188041687
13.936004414165417,3.89149278051548,12.46399188041687
13.79157973726636,3.836387585372539,12.46399188041687
13.79157973726636,3.836387585372539,12.46399188041687
13.79157973726636,3.836387585372539,12.46399188041687
13.79157973726636,3.836387585372539,12.46399188041687
13.79157973726636,3.836387585372539,12.46399188041687
13.65030607882627,3.783827206750064,12.46399188041687
13.65030607882627,3.783827206750064,12.46399188041687
13.65030607882627,3.783827206750064,12.46399188041687
13.65030607882627,3.783827206750064,12.46399188041687
13.65030607882627,3.783827206750064,12.46399188041687
13.65030607882627,3.783827206750064,12.46399188041687
13.505536760590298,3.733688380598256,12.46399188041687
13.505536760590298,3.733688380598256,12.46399188041687
13.505536760590298,3.733688380598256,12.46399188041687
13.505536760590298,3.733688380598256,12.46399188041687
13.505536760590298,3.733688380598256,12.46399188041687
13.505536760590298,3.733688380598256,12.46399188041687
13.37430806696859,3.6898119923713817,12.46399188041687
13.37430806696859,3.6898119923713817,12.46399188041687
13.37430806696859,3.6898119923713817,12.46399188041687
13.37430806696859,3.6898119923713817,12.46399188041687
13.37430806696859,3.6898119923713817,12.46399188041687
13.37430806696859,3.6898119923713817,12.46399188041687
13.185703292976694,3.633607848288988,12.46399188041687
13.185703292976694,3.633607848288988,12.46399188041687
13.185703292976694,3.633607848288988,12.46399188041687
13.185703292976694,3.633607848288988,12.46399188041687
13.185703292976694,3.633607848288988,12.46399188041687
13.058397716160835,3.611612813723827,12.46399188041687
13.058397716160835,3.611612813723827,12.46399188041687
13.058397716160835,3.611612813723827,12.46399188041687
13.058397716160835,3.611612813723827,12.46399188041687
13.058397716160835,3.611612813723827,12.46399188041687
13.058397716160835,3.611612813723827,12.46399188041687
13.058397716160835,3.611612813723827,12.46399188041687
12.923202415872545,3.5820558117193704,12.46399188041687
12.923202415872545,3.5820558117193704,12.46399188041687
12.923202415872545,3.5820558117193704,12.46399188041687
12.923202415872545,3.5820558117193704,12.46399188041687
12.923202415872545,3.5820558117193704,12.46399188041687
12.923202415872545,3.5820558117193704,12.46399188041687
12.718813673315417,3.5206925822620674,12.46399188041687
12.718813673315417,3.5206925822620674,12.46399188041687
12.718813673315417,3.5206925822620674,12.46399188041687
12.718813673315417,3.5206925822620674,12.46399188041687
12.718813673315417,3.5206925822620674,12.46399188041687
12.718813673315417,3.5206925822620674,12.46399188041687
12.718813673315417,3.5206925822620674,12.46399188041687
12.606202705023364,3.4798239492108523,12.46399188041687
12.606202705023364,3.4798239492108523,12.46399188041687
12.606202705023364,3.4798239492108523,12.46399188041687
12.606202705023364,3.4798239492108523,12.46399188041687
12.606202705023364,3.4798239492108523,12.46399188041687
12.414927271433317,3.412007712250159,12.46399188041687
12.414927271433317,3.412007712250159,12.46399188041687
12.414927271433317,3.412007712250159,12.46399188041687
12.414927271433317,3.412007712250159,12.46399188041687
12.414927271433317,3.412007712250159,12.46399188041687
12.414927271433317,3.412007712250159,12.46399188041687
12.323899145938832,3.378118831152453,12.46399188041687
12.323899145938832,3.378118831152453,12.46399188041687
12.323899145938832,3.378118831152453,12.46399188041687
12.323899145938832,3.378118831152453,12.46399188041687
12.323899145938832,3.378118831152453,12.46399188041687
12.323899145938832,3.378118831152453,12.46399188041687
12.323899145938832,3.378118831152453,12.46399188041687
12.12480585216658,3.315094517968001,12.46399188041687
12.12480585216658,3.315094517968001,12.46399188041687
12.12480585216658,3.315094517968001,12.46399188041687
12.12480585216658,3.315094517968001,12.46399188041687
12.12480585216658,3.315094517968001,12.46399188041687
12.12480585216658,3.315094517968001,12.46399188041687
12.001945106178173,3.27491602520531,12.46399188041687
12.001945106178173,3.27491602520531,12.46399188041687
12.001945106178173,3.27491602520531,12.46399188041687
12.001945106178173,3.27491602520531,12.46399188041687
12.001945106178173,3.27491602520531,12.46399188041687
12.001945106178173,3.27491602520531,12.46399188041687
11.768141542202322,3.210965721814039,12.46399188041687
11.768141542202322,3.210965721814039,12.46399188041687
11.768141542202322,3.210965721814039,12.46399188041687
11.768141542202322,3.210965721814039,12.46399188041687
11.639601777479708,3.1732089756257786,12.46399188041687
11.639601777479708,3.1732089756257786,12.46399188041687
11.639601777479708,3.1732089756257786,12.46399188041687
11.639601777479708,3.1732089756257786,12.46399188041687
11.639601777479708,3.1732089756257786,12.46399188041687
11.524290498257834,3.137440950273904,12.46399188041687
11.524290498257834,3.137440950273904,12.46399188041687
11.524290498257834,3.137440950273904,12.46399188041687
11.524290498257834,3.137440950273904,12.46399188041687
11.524290498257834,3.137440950273904,12.46399188041687
11.402401026120723,3.104195708634937,12.46399188041687
11.402401026120723,3.104195708634937,12.46399188041687
11.402401026120723,3.104195708634937,12.46399188041687
11.402401026120723,3.104195708634937,12.46399188041687
11.402401026120723,3.104195708634937,12.46399188041687
11.318525431598356,3.07754220471819,12.46399188041687
11.318525431598356,3.07754220471819,12.46399188041687
11.318525431598356,3.07754220471819,12.46399188041687
11.318525431598356,3.07754220471819,12.46399188041687
11.318525431598356,3.07754220471819,12.46399188041687
11.187138570383201,3.0439349241292137,12.46399188041687
11.187138570383201,3.0439349241292137,12.46399188041687
11.187138570383201,3.0439349241292137,12.46399188041687
11.187138570383201,3.0439349241292137,12.46399188041687
11.187138570383201,3.0439349241292137,12.46399188041687
11.046665529880569,3.002321427461738,12.46399188041687
11.046665529880569,3.002321427461738,12.46399188041687
11.046665529880569,3.002321427461738,12.46399188041687
11.046665529880569,3.002321427461738,12.46399188041687
11.046665529880569,3.002321427461738,12.46399188041687
10.906387123123691,2.9622717428490892,12.46399188041687
10.906387123123691,2.9622717428490892,12.46399188041687
10.906387123123691,2.9622717428490892,12.46399188041687
10.906387123123691,2.9622717428490892,12.46399188041687
10.906387123123691,2.9622717428490892,12.46399188041687
10.756349004459862,2.927214695828391,12.46399188041687
10.756349004459862,2.927214695828391,12.46399188041687
10.756349004459862,2.927214695828391,12.46399188041687
10.756349004459862,2.927214695828391,12.46399188041687
10.756349004459862,2.927214695828391,12.46399188041687
10.599087185730626,2.888577866805081,12.46399188041687
10.599087185730626,2.888577866805081,12.46399188041687
10.599087185730626,2.888577866805081,12.46399188041687
10.599087185730626,2.888577866805081,12.46399188041687
10.599087185730626,2.888577866805081,12.46399188041687
10.45584432139193,2.851999386787255,12.46399188041687
10.45584432139193,2.851999386787255,12.46399188041687
10.45584432139193,2.851999386787255,12.46399188041687
10.45584432139193,2.851999386787255,12.46399188041687
10.45584432139193,2.851999386787255,12.46399188041687
10.321983916511297,2.817660596443249,12.46399188041687
10.321983916511297,2.817660596443249,12.46399188041687
10.321983916511297,2.817660596443249,12.46399188041687
10.321983916511297,2.817660596443249,12.46399188041687
10.321983916511297,2.817660596443249,12.46399188041687
10.167758949611457,2.7788466946084527,12.46399188041687
10.167758949611457,2.7788466946084527,12.46399188041687
10.167758949611457,2.7788466946084527,12.46399188041687
10.167758949611457,2.7788466946084527,12.46399188041687
10.167758949611457,2.7788466946084527,12.46399188041687
10.042146882625762,2.75241042109467,12.46399188041687
10.042146882625762,2.75241042109467,12.46399188041687
10.042146882625762,2.75241042109467,12.46399188041687
10.042146882625762,2.75241042109467,12.46399188041687
10.042146882625762,2.75241042109467,12.46399188041687
9.899813733151053,2.7106283855510145,12.46399188041687
9.899813733151053,2.7106283855510145,12.46399188041687
9.899813733151053,2.7106283855510145,12.46399188041687
9.899813733151053,2.7106283855510145,12.46399188041687
9.757930827499122,2.6601733932011227,12.46399188041687
9.757930827499122,2.6601733932011227,12.46399188041687
9.757930827499122,2.6601733932011227,12.46399188041687
9.757930827499122,2.6601733932011227,12.46399188041687
9.757930827499122,2.6601733932011227,12.46399188041687
9.620543314266524,2.622076237242605,12.46399188041687
9.620543314266524,2.622076237242605,12.46399188041687
9.620543314266524,2.622076237242605,12.46399188041687
9.620543314266524,2.622076237242605,12.46399188041687
9.620543314266524,2.622076237242605,12.46399188041687
9.539670147425637,2.5945988068367565,12.46399188041687
9.539670147425637,2.5945988068367565,12.46399188041687
9.539670147425637,2.5945988068367565,12.46399188041687
9.539670147425637,2.5945988068367565,12.46399188041687
9.539670147425637,2.5945988068367565,12.46399188041687
9.539670147425637,2.5945988068367565,12.46399188041687
9.386913456342002,2.5478922741195036,12.46399188041687
9.386913456342002,2.5478922741195036,12.46399188041687
9.386913456342002,2.5478922741195036,12.46399188041687
9.386913456342002,2.5478922741195036,12.46399188041687
9.117862336166214,2.4855163551803066,12.46399188041687
9.117862336166214,2.4855163551803066,12.46399188041687
9.117862336166214,2.4855163551803066,12.46399188041687
9.117862336166214,2.4855163551803066,12.46399188041687
9.117862336166214,2.4855163551803066,12.46399188041687
8.95705259369587,2.4448612476782663,12.46399188041687
8.95705259369587,2.4448612476782663,12.46399188041687
8.95705259369587,2.4448612476782663,12.46399188041687
8.95705259369587,2.4448612476782663,12.46399188041687
8.95705259369587,2.4448612476782663,12.46399188041687
8.795909521456133,2.4034065792682533,12.46399188041687
8.795909521456133,2.4034065792682533,12.46399188041687
8.795909521456133,2.4034065792682533,12.46399188041687
8.795909521456133,2.4034065792682533,12.46399188041687
8.795909521456133,2.4034065792682533,12.46399188041687
8.67842948023647,2.3702069318280365,12.46399188041687
8.67842948023647,2.3702069318280365,12.46399188041687
8.67842948023647,2.3702069318280365,12.46399188041687
8.67842948023647,2.3702069318280365,12.46399188041687
8.67842948023647,2.3702069318280365,12.46399188041687
8.565370184191705,2.3432840137123083,12.46399188041687
8.565370184191705,2.3432840137123083,12.46399188041687
8.565370184191705,2.3432840137123083,12.46399188041687
8.565370184191705,2.3432840137123083,12.46399188041687
8.565370184191705,2.3432840137123083,12.46399188041687
8.417768127624473,2.31049344920097,12.46399188041687
8.417768127624473,2.31049344920097,12.46399188041687
8.417768127624473,2.31049344920097,12.46399188041687
8.417768127624473,2.31049344920097,12.46399188041687
8.417768127624473,2.31049344920097,12.46399188041687
8.260934678728292,2.2951372398183163,12.46399188041687
8.260934678728292,2.2951372398183163,12.46399188041687
8.260934678728292,2.2951372398183163,12.46399188041687
8.260934678728292,2.2951372398183163,12.46399188041687
8.260934678728292,2.2951372398183163,12.46399188041687
8.260934678728292,2.2951372398183163,12.46399188041687
8.095359613417935,2.2468216438709034,12.46399188041687
8.095359613417935,2.2468216438709034,12.46399188041687
8.095359613417935,2.2468216438709034,12.46399188041687
8.095359613417935,2.2468216438709034,12.46399188041687
7.887080462980662,2.1907059504865525,12.46399188041687
7.887080462980662,2.1907059504865525,12.46399188041687
7.887080462980662,2.1907059504865525,12.46399188041687
7.887080462980662,2.1907059504865525,12.46399188041687
7.887080462980662,2.1907059504865525,12.46399188041687
7.887080462980662,2.1907059504865525,12.46399188041687
7.818683183742289,2.170650718361667,12.46399188041687
7.818683183742289,2.170650718361667,12.46399188041687
7.818683183742289,2.170650718361667,12.46399188041687
7.818683183742289,2.170650718361667,12.46399188041687
7.818683183742289,2.170650718361667,12.46399188041687
7.818683183742289,2.170650718361667,12.46399188041687
7.584234330990184,2.1069251796527393,12.46399188041687
7.584234330990184,2.1069251796527393,12.46399188041687
7.584234330990184,2.1069251796527393,12.46399188041687
7.584234330990184,2.1069251796527393,12.46399188041687
7.584234330990184,2.1069251796527393,12.46399188041687
7.437733916693385,2.0655503797684944,12.46399188041687
7.437733916693385,2.0655503797684944,12.46399188041687
7.437733916693385,2.0655503797684944,12.46399188041687
7.437733916693385,2.0655503797684944,12.46399188041687
7.437733916693385,2.0655503797684944,12.46399188041687
7.437733916693385,2.0655503797684944,12.46399188041687
7.290609544174956,2.0269801158840712,12.46399188041687
7.290609544174956,2.0269801158840712,12.46399188041687
7.290609544174956,2.0269801158840712,12.46399188041687
7.290609544174956,2.0269801158840712,12.46399188041687
7.290609544174956,2.0269801158840712,12.46399188041687
7.043111423991857,1.9739424115775168,12.46399188041687
7.043111423991857,1.9739424115775168,12.46399188041687
7.043111423991857,1.9739424115775168,12.46399188041687
7.043111423991857,1.9739424115775168,12.46399188041687
7.043111423991857,1.9739424115775168,12.46399188041687
6.917197669068794,1.9477073819886088,12.46399188041687
6.917197669068794,1.9477073819886088,12.46399188041687
6.917197669068794,1.9477073819886088,12.46399188041687
6.917197669068794,1.9477073819886088,12.46399188041687
6.917197669068794,1.9477073819886088,12.46399188041687
6.917197669068794,1.9477073819886088,12.46399188041687
6.782877972921138,1.9143803518223272,12.46399188041687
6.782877972921138,1.9143803518223272,12.46399188041687
6.782877972921138,1.9143803518223272,12.46399188041687
6.782877972921138,1.9143803518223272,12.46399188041687
6.782877972921138,1.9143803518223272,12.46399188041687
6.600993713924248,1.8634168155130035,12.46399188041687
6.600993713924248,1.8634168155130035,12.46399188041687
6.600993713924248,1.8634168155130035,12.46399188041687
6.600993713924248,1.8634168155130035,12.46399188041687
6.600993713924248,1.8634168155130035,12.46399188041687
6.495170052512711,1.8409206069748811,12.46399188041687
6.495170052512711,1.8409206069748811,12.46399188041687
6.495170052512711,1.8409206069748811,12.46399188041687
6.495170052512711,1.8409206069748811,12.46399188041687
6.495170052512711,1.8409206069748811,12.46399188041687
6.367345971642275,1.800564356904598,12.46399188041687
6.367345971642275,1.800564356904598,12.46399188041687
6.367345971642275,1.800564356904598,12.46399188041687
6.367345971642275,1.800564356904598,12.46399188041687
6.367345971642275,1.800564356904598,12.46399188041687
6.2272679127788315,1.7558409461258198,12.46399188041687
6.2272679127788315,1.7558409461258198,12.46399188041687
6.2272679127788315,1.7558409461258198,12.46399188041687
6.2272679127788315,1.7558409461258198,12.46399188041687
6.2272679127788315,1.7558409461258198,12.46399188041687
6.085827841916854,1.7195919474615733,12.46399188041687
6.085827841916854,1.7195919474615733,12.46399188041687
6.085827841916854,1.7195919474615733,12.46399188041687
6.085827841916854,1.7195919474615733,12.46399188041687
5.949341138935546,1.684781309978102,12.46399188041687
5.949341138935546,1.684781309978102,12.46399188041687
5.949341138935546,1.684781309978102,12.46399188041687
5.949341138935546,1.684781309978102,12.46399188041687
5.949341138935546,1.684781309978102,12.46399188041687
5.858048040636886,1.6558655280438013,12.46399188041687
5.858048040636886,1.6558655280438013,12.46399188041687
5.858048040636886,1.6558655280438013,12.46399188041687
5.858048040636886,1.6558655280438013,12.46399188041687
5.858048040636886,1.6558655280438013,12.46399188041687
5.726254775646518,1.615919705151859,12.46399188041687
5.726254775646518,1.615919705151859,12.46399188041687
5.726254775646518,1.615919705151859,12.46399188041687
5.726254775646518,1.615919705151859,12.46399188041687
5.726254775646518,1.615919705151859,12.46399188041687
5.610308140249413,1.5763442558620282,12.46399188041687
5.610308140249413,1.5763442558620282,12.46399188041687
5.610308140249413,1.5763442558620282,12.46399188041687
5.610308140249413,1.5763442558620282,12.46399188041687
5.610308140249413,1.5763442558620282,12.46399188041687
5.474750324464231,1.5357262559138511,12.46399188041687
5.474750324464231,1.5357262559138511,12.46399188041687
5.474750324464231,1.5357262559138511,12.46399188041687
5.474750324464231,1.5357262559138511,12.46399188041687
5.474750324464231,1.5357262559138511,12.46399188041687
5.31185308344451,1.4867082332888706,12.46399188041687
5.31185308344451,1.4867082332888706,12.46399188041687
5.31185308344451,1.4867082332888706,12.46399188041687
5.31185308344451,1.4867082332888706,12.46399188041687
5.31185308344451,1.4867082332888706,12.46399188041687
5.191379561625986,1.4517977323290023,12.46399188041687
5.191379561625986,1.4517977323290023,12.46399188041687
5.191379561625986,1.4517977323290023,12.46399188041687
5.191379561625986,1.4517977323290023,12.46399188041687
5.191379561625986,1.4517977323290023,12.46399188041687
5.04707434745607,1.401620261528784,12.46399188041687
5.04707434745607,1.401620261528784,12.46399188041687
5.04707434745607,1.401620261528784,12.46399188041687
5.04707434745607,1.401620261528784,12.46399188041687
5.04707434745607,1.401620261528784,12.46399188041687
4.917700443717013,1.364520709704982,12.46399188041687
4.917700443717013,1.364520709704982,12.46399188041687
4.917700443717013,1.364520709704982,12.46399188041687
4.917700443717013,1.364520709704982,12.46399188041687
4.917700443717013,1.364520709704982,12.46399188041687
4.772051029961394,1.3269163919684583,12.46399188041687
4.772051029961394,1.3269163919684583,12.46399188041687
4.772051029961394,1.3269163919684583,12.46399188041687
4.772051029961394,1.3269163919684583,12.46399188041687
4.772051029961394,1.3269163919684583,12.46399188041687
4.602421323090304,1.2876033396885929,12.46399188041687
4.602421323090304,1.2876033396885929,12.46399188041687
4.602421323090304,1.2876033396885929,12.46399188041687
4.602421323090304,1.2876033396885929,12.46399188041687
4.4588469764607135,1.2491362362926435,12.46399188041687
4.4588469764607135,1.2491362362926435,12.46399188041687
4.4588469764607135,1.2491362362926435,12.46399188041687
4.4588469764607135,1.2491362362926435,12.46399188041687
4.4588469764607135,1.2491362362926435,12.46399188041687
4.335153275331515,1.2221735412273491,12.46399188041687
4.335153275331515,1.2221735412273491,12.46399188041687
4.335153275331515,1.2221735412273491,12.46399188041687
4.335153275331515,1.2221735412273491,12.46399188041687
4.335153275331515,1.2221735412273491,12.46399188041687
4.279092099329096,1.2051922538849666,12.46399188041687
4.279092099329096,1.2051922538849666,12.46399188041687
4.279092099329096,1.2051922538849666,12.46399188041687
4.279092099329096,1.2051922538849666,12.46399188041687
4.279092099329096,1.2051922538849666,12.46399188041687
4.154905119938789,1.1666486030054155,12.46399188041687
4.154905119938789,1.1666486030054155,12.46399188041687
4.154905119938789,1.1666486030054155,12.46399188041687
4.154905119938789,1.1666486030054155,12.46399188041687
4.154905119938789,1.1666486030054155,12.46399188041687
4.036343145400384,1.1306296929765964,12.46399188041687
4.036343145400384,1.1306296929765964,12.46399188041687
4.036343145400384,1.1306296929765964,12.46399188041687
4.036343145400384,1.1306296929765964,12.46399188041687
4.036343145400384,1.1306296929765964,12.46399188041687
3.9179881722068393,1.092445347108364,12.46399188041687
3.9179881722068393,1.092445347108364,12.46399188041687
3.9179881722068393,1.092445347108364,12.46399188041687
3.9179881722068393,1.092445347108364,12.46399188041687
3.9179881722068393,1.092445347108364,12.46399188041687
3.7690127585383717,1.049481586422817,12.46399188041687
3.7690127585383717,1.049481586422817,12.46399188041687
3.7690127585383717,1.049481586422817,12.46399188041687
3.7690127585383717,1.049481586422817,12.46399188041687
3.7690127585383717,1.049481586422817,12.46399188041687
3.6232183649090968,1.0081865683071636,12.46399188041687
3.6232183649090968,1.0081865683071636,12.46399188041687
3.6232183649090968,1.0081865683071636,12.46399188041687
3.6232183649090968,1.0081865683071636,12.46399188041687
3.6232183649090968,1.0081865683071636,12.46399188041687
3.4478090682755194,0.9562404943874298,12.46399188041687
3.4478090682755194,0.9562404943874298,12.46399188041687
3.4478090682755194,0.9562404943874298,12.46399188041687
3.4478090682755194,0.9562404943874298,12.46399188041687
3.4478090682755194,0.9562404943874298,12.46399188041687
3.3418218039854053,0.9272538100241251,12.46399188041687
3.3418218039854053,0.9272538100241251,12.46399188041687
3.3418218039854053,0.9272538100241251,12.46399188041687
3.3418218039854053,0.9272538100241251,12.46399188041687
3.3418218039854053,0.9272538100241251,12.46399188041687
3.183529360182242,0.8886298764060392,12.46399188041687
3.183529360182242,0.8886298764060392,12.46399188041687
3.183529360182242,0.8886298764060392,12.46399188041687
3.183529360182242,0.8886298764060392,12.46399188041687
3.183529360182242,0.8886298764060392,12.46399188041687
3.0361201173589656,0.8501399656933094,12.46399188041687
3.0361201173589656,0.8501399656933094,12.46399188041687
3.0361201173589656,0.8501399656933094,12.46399188041687
3.0361201173589656,0.8501399656933094,12.46399188041687
3.0361201173589656,0.8501399656933094,12.46399188041687
2.893361149912886,0.8209074727473458,12.46399188041687
2.893361149912886,0.8209074727473458,12.46399188041687
2.893361149912886,0.8209074727473458,12.46399188041687
2.893361149912886,0.8209074727473458,12.46399188041687
2.893361149912886,0.8209074727473458,12.46399188041687
2.752997520937618,0.7920975725839288,12.46399188041687
2.752997520937618,0.7920975725839288,12.46399188041687
2.752997520937618,0.7920975725839288,12.46399188041687
2.752997520937618,0.7920975725839288,12.46399188041687
2.752997520937618,0.7920975725839288,12.46399188041687
2.588368647773309,0.7522478892450908,12.46399188041687
2.588368647773309,0.7522478892450908,12.46399188041687
2.588368647773309,0.7522478892450908,12.46399188041687
2.588368647773309,0.7522478892450908,12.46399188041687
2.588368647773309,0.7522478892450908,12.46399188041687
2.4627829468356177,0.7177964696191914,12.46399188041687
2.4627829468356177,0.7177964696191914,12.46399188041687
2.4627829468356177,0.7177964696191914,12.46399188041687
2.4627829468356177,0.7177964696191914,12.46399188041687
2.4627829468356177,0.7177964696191914,12.46399188041687
2.316860978442649,0.6825271749033747,12.46399188041687
2.316860978442649,0.6825271749033747,12.46399188041687
2.316860978442649,0.6825271749033747,12.46399188041687
2.316860978442649,0.6825271749033747,12.46399188041687
2.316860978442649,0.6825271749033747,12.46399188041687
2.135435538615648,0.6424370974946999,12.46399188041687
2.135435538615648,0.6424370974946999,12.46399188041687
2.135435538615648,0.6424370974946999,12.46399188041687
2.135435538615648,0.6424370974946999,12.46399188041687
2.135435538615648,0.6424370974946999,12.46399188041687
1.9579163610091936,0.6015247953672669,12.46399188041687
1.9579163610091936,0.6015247953672669,12.46399188041687
1.9579163610091936,0.6015247953672669,12.46399188041687
1.9579163610091936,0.6015247953672669,12.46399188041687
1.9579163610091936,0.6015247953672669,12.46399188041687
1.8072823594902283,0.5630379457715414,12.46399188041687
1.8072823594902283,0.5630379457715414,12.46399188041687
1.8072823594902283,0.5630379457715414,12.46399188041687
1.8072823594902283,0.5630379457715414,12.46399188041687
1.8072823594902283,0.5630379457715414,12.46399188041687
1.6358574466817553,0.5159229137585355,12.46399188041687
1.6358574466817553,0.5159229137585355,12.46399188041687
1.6358574466817553,0.5159229137585355,12.46399188041687
1.6358574466817553,0.5159229137585355,12.46399188041687
1.6358574466817553,0.5159229137585355,12.46399188041687
1.4660311331334785,0.4664553237976933,12.46399188041687
1.4660311331334785,0.4664553237976933,12.46399188041687
1.4660311331334785,0.4664553237976933,12.46399188041687
1.4660311331334785,0.4664553237976933,12.46399188041687
1.4660311331334785,0.4664553237976933,12.46399188041687
1.3106820097370482,0.4196445475183399,12.46399188041687
1.3106820097370482,0.4196445475183399,12.46399188041687
1.3106820097370482,0.4196445475183399,12.46399188041687
1.3106820097370482,0.4196445475183399,12.46399188041687
1.3106820097370482,0.4196445475183399,12.46399188041687
1.1747257393105046,0.3804024615793141,12.46399188041687
1.1747257393105046,0.3804024615793141,12.46399188041687
1.1747257393105046,0.3804024615793141,12.46399188041687
1.1747257393105046,0.3804024615793141,12.46399188041687
1.1747257393105046,0.3804024615793141,12.46399188041687
1.1747257393105046,0.3804024615793141,12.46399188041687
1.0459119986366185,0.3388488783402016,12.46399188041687
1.0459119986366185,0.3388488783402016,12.46399188041687
1.0459119986366185,0.3388488783402016,12.46399188041687
1.0459119986366185,0.3388488783402016,12.46399188041687
1.0459119986366185,0.3388488783402016,12.46399188041687
1.0459119986366185,0.3388488783402016,12.46399188041687
