x,y,lap_time_s
2.459838893603116,0.06722780662497363,11.905149698257446
2.6085839160698745,0.0891584212909675,11.905149698257446
2.868427514860524,0.11707343363990959,11.905149698257446
3.4170797546519807,0.16939358194313425,11.905149698257446
3.942958827471457,0.23353412872731366,11.905149698257446
4.2982016749809375,0.2700992346479004,11.905149698257446
4.431573649259878,0.2941306113006464,11.905149698257446
4.699033016200131,0.3374943024337756,11.905149698257446
4.863697896222082,0.3687266192229659,11.905149698257446
5.15662704013751,0.4084456685640154,11.905149698257446
5.15662704013751,0.4084456685640154,11.905149698257446
5.15662704013751,0.4084456685640154,11.905149698257446
5.312614143383138,0.4478881111644745,11.905149698257446
5.312614143383138,0.4478881111644745,11.905149698257446
5.312614143383138,0.4478881111644745,11.905149698257446
5.312614143383138,0.4478881111644745,11.905149698257446
5.312614143383138,0.4478881111644745,11.905149698257446
5.312614143383138,0.4478881111644745,11.905149698257446
5.312614143383138,0.4478881111644745,11.905149698257446
5.296422870197944,0.43349341668620905,11.905149698257446
5.296422870197944,0.43349341668620905,11.905149698257446
5.296422870197944,0.43349341668620905,11.905149698257446
5.296422870197944,0.43349341668620905,11.905149698257446
5.296422870197944,0.43349341668620905,11.905149698257446
5.296422870197944,0.43349341668620905,11.905149698257446
5.296422870197944,0.43349341668620905,11.905149698257446
5.296422870197944,0.43349341668620905,11.905149698257446
5.296422870197944,0.43349341668620905,11.905149698257446
5.274127986321084,0.42648190317944507,11.905149698257446
5.274127986321084,0.42648190317944507,11.905149698257446
5.274127986321084,0.42648190317944507,11.905149698257446
5.274127986321084,0.42648190317944507,11.905149698257446
5.274127986321084,0.42648190317944507,11.905149698257446
5.274127986321084,0.42648190317944507,11.905149698257446
5.274127986321084,0.42648190317944507,11.905149698257446
5.274127986321084,0.42648190317944507,11.905149698257446
5.284574027770874,0.4250753997625842,11.905149698257446
5.284574027770874,0.4250753997625842,11.905149698257446
5.284574027770874,0.4250753997625842,11.905149698257446
5.284574027770874,0.4250753997625842,11.905149698257446
5.284574027770874,0.4250753997625842,11.905149698257446
5.284574027770874,0.4250753997625842,11.905149698257446
5.330481234630427,0.41396364700837546,11.905149698257446
5.330481234630427,0.41396364700837546,11.905149698257446
5.330481234630427,0.41396364700837546,11.905149698257446
5.330481234630427,0.41396364700837546,11.905149698257446
5.330481234630427,0.41396364700837546,11.905149698257446
5.330481234630427,0.41396364700837546,11.905149698257446
5.330481234630427,0.41396364700837546,11.905149698257446
5.364578662913459,0.39953489233281114,11.905149698257446
5.364578662913459,0.39953489233281114,11.905149698257446
5.364578662913459,0.39953489233281114,11.905149698257446
5.364578662913459,0.39953489233281114,11.905149698257446
5.364578662913459,0.39953489233281114,11.905149698257446
5.364578662913459,0.39953489233281114,11.905149698257446
5.364578662913459,0.39953489233281114,11.905149698257446
5.427828472289102,0.3822839973029602,11.905149698257446
5.427828472289102,0.3822839973029602,11.905149698257446
5.427828472289102,0.3822839973029602,11.905149698257446
5.427828472289102,0.3822839973029602,11.905149698257446
5.427828472289102,0.3822839973029602,11.905149698257446
5.427828472289102,0.3822839973029602,11.905149698257446
5.427828472289102,0.3822839973029602,11.905149698257446
5.468062491468893,0.37525527644420775,11.905149698257446
5.468062491468893,0.37525527644420775,11.905149698257446
5.468062491468893,0.37525527644420775,11.905149698257446
5.468062491468893,0.37525527644420775,11.905149698257446
5.468062491468893,0.37525527644420775,11.905149698257446
5.468062491468893,0.37525527644420775,11.905149698257446
5.468062491468893,0.37525527644420775,11.905149698257446
5.541921999452177,0.35040411006864275,11.905149698257446
5.541921999452177,0.35040411006864275,11.905149698257446
5.541921999452177,0.35040411006864275,11.905149698257446
5.541921999452177,0.35040411006864275,11.905149698257446
5.541921999452177,0.35040411006864275,11.905149698257446
5.541921999452177,0.35040411006864275,11.905149698257446
5.541921999452177,0.35040411006864275,11.905149698257446
5.635869882605839,0.3352905507916523,11.905149698257446
5.635869882605839,0.3352905507916523,11.905149698257446
5.635869882605839,0.3352905507916523,11.905149698257446
5.635869882605839,0.3352905507916523,11.905149698257446
5.635869882605839,0.3352905507916523,11.905149698257446
5.635869882605839,0.3352905507916523,11.905149698257446
5.635869882605839,0.3352905507916523,11.905149698257446
5.685444628157218,0.3018893674779505,11.905149698257446
5.685444628157218,0.3018893674779505,11.905149698257446
5.685444628157218,0.3018893674779505,11.905149698257446
5.685444628157218,0.3018893674779505,11.905149698257446
5.685444628157218,0.3018893674779505,11.905149698257446
5.685444628157218,0.3018893674779505,11.905149698257446
5.78866566310635,0.274978018274196,11.905149698257446
5.78866566310635,0.274978018274196,11.905149698257446
5.78866566310635,0.274978018274196,11.905149698257446
5.78866566310635,0.274978018274196,11.905149698257446
5.78866566310635,0.274978018274196,11.905149698257446
5.78866566310635,0.274978018274196,11.905149698257446
5.78866566310635,0.274978018274196,11.905149698257446
5.871912192855156,0.26933935177556767,11.905149698257446
5.871912192855156,0.26933935177556767,11.905149698257446
5.871912192855156,0.26933935177556767,11.905149698257446
5.871912192855156,0.26933935177556767,11.905149698257446
5.871912192855156,0.26933935177556767,11.905149698257446
5.871912192855156,0.26933935177556767,11.905149698257446
5.871912192855156,0.26933935177556767,11.905149698257446
5.930221578337229,0.23191452145839972,11.905149698257446
5.930221578337229,0.23191452145839972,11.905149698257446
5.930221578337229,0.23191452145839972,11.905149698257446
5.930221578337229,0.23191452145839972,11.905149698257446
5.930221578337229,0.23191452145839972,11.905149698257446
5.930221578337229,0.23191452145839972,11.905149698257446
5.930221578337229,0.23191452145839972,11.905149698257446
6.0137184609016,0.198812187171818,11.905149698257446
6.0137184609016,0.198812187171818,11.905149698257446
6.0137184609016,0.198812187171818,11.905149698257446
6.0137184609016,0.198812187171818,11.905149698257446
6.0137184609016,0.198812187171818,11.905149698257446
6.0137184609016,0.198812187171818,11.905149698257446
6.119084224346362,0.1571486651151382,11.905149698257446
6.119084224346362,0.1571486651151382,11.905149698257446
6.119084224346362,0.1571486651151382,11.905149698257446
6.119084224346362,0.1571486651151382,11.905149698257446
6.119084224346362,0.1571486651151382,11.905149698257446
6.119084224346362,0.1571486651151382,11.905149698257446
6.18468410268308,0.127385737710408,11.905149698257446
6.18468410268308,0.127385737710408,11.905149698257446
6.18468410268308,0.127385737710408,11.905149698257446
6.18468410268308,0.127385737710408,11.905149698257446
6.18468410268308,0.127385737710408,11.905149698257446
6.18468410268308,0.127385737710408,11.905149698257446
6.18468410268308,0.127385737710408,11.905149698257446
6.337524485572702,0.10837256891790725,11.905149698257446
6.337524485572702,0.10837256891790725,11.905149698257446
6.337524485572702,0.10837256891790725,11.905149698257446
6.337524485572702,0.10837256891790725,11.905149698257446
6.337524485572702,0.10837256891790725,11.905149698257446
6.435234223459938,0.10700684308678576,11.905149698257446
6.435234223459938,0.10700684308678576,11.905149698257446
6.435234223459938,0.10700684308678576,11.905149698257446
6.435234223459938,0.10700684308678576,11.905149698257446
6.435234223459938,0.10700684308678576,11.905149698257446
6.568604271758419,0.07421481480348478,11.905149698257446
6.568604271758419,0.07421481480348478,11.905149698257446
6.568604271758419,0.07421481480348478,11.905149698257446
6.568604271758419,0.07421481480348478,11.905149698257446
6.568604271758419,0.07421481480348478,11.905149698257446
6.613392672045604,0.06309482311730302,11.905149698257446
6.613392672045604,0.06309482311730302,11.905149698257446
6.613392672045604,0.06309482311730302,11.905149698257446
6.613392672045604,0.06309482311730302,11.905149698257446
6.613392672045604,0.06309482311730302,11.905149698257446
6.717501936125466,0.04077643318983021,11.905149698257446
6.717501936125466,0.04077643318983021,11.905149698257446
6.717501936125466,0.04077643318983021,11.905149698257446
6.717501936125466,0.04077643318983021,11.905149698257446
6.717501936125466,0.04077643318983021,11.905149698257446
6.820169623942657,0.015483010598136634,11.905149698257446
6.820169623942657,0.015483010598136634,11.905149698257446
6.820169623942657,0.015483010598136634,11.905149698257446
6.820169623942657,0.015483010598136634,11.905149698257446
6.820169623942657,0.015483010598136634,11.905149698257446
6.919300265148891,-0.008328408180111846,11.905149698257446
6.919300265148891,-0.008328408180111846,11.905149698257446
6.919300265148891,-0.008328408180111846,11.905149698257446
6.919300265148891,-0.008328408180111846,11.905149698257446
7.067110278431035,-0.013396394748841942,11.905149698257446
7.067110278431035,-0.013396394748841942,11.905149698257446
7.067110278431035,-0.013396394748841942,11.905149698257446
7.067110278431035,-0.013396394748841942,11.905149698257446
7.067110278431035,-0.013396394748841942,11.905149698257446
7.176402071856335,-0.03360600410278953,11.905149698257446
7.176402071856335,-0.03360600410278953,11.905149698257446
7.176402071856335,-0.03360600410278953,11.905149698257446
7.176402071856335,-0.03360600410278953,11.905149698257446
7.176402071856335,-0.03360600410278953,11.905149698257446
7.291936127452802,-0.03733515457743084,11.905149698257446
7.291936127452802,-0.03733515457743084,11.905149698257446
7.291936127452802,-0.03733515457743084,11.905149698257446
7.291936127452802,-0.03733515457743084,11.905149698257446
7.291936127452802,-0.03733515457743084,11.905149698257446
7.291936127452802,-0.03733515457743084,11.905149698257446
7.291936127452802,-0.03733515457743084,11.905149698257446
7.291936127452802,-0.03733515457743084,11.905149698257446
7.412557886488283,-0.038126479803829376,11.905149698257446
7.412557886488283,-0.038126479803829376,11.905149698257446
7.412557886488283,-0.038126479803829376,11.905149698257446
7.412557886488283,-0.038126479803829376,11.905149698257446
7.412557886488283,-0.038126479803829376,11.905149698257446
7.412557886488283,-0.038126479803829376,11.905149698257446
7.412557886488283,-0.038126479803829376,11.905149698257446
7.412557886488283,-0.038126479803829376,11.905149698257446
7.5278360266681075,-0.04597711130255007,11.905149698257446
7.5278360266681075,-0.04597711130255007,11.905149698257446
7.5278360266681075,-0.04597711130255007,11.905149698257446
7.5278360266681075,-0.04597711130255007,11.905149698257446
7.5278360266681075,-0.04597711130255007,11.905149698257446
7.5278360266681075,-0.04597711130255007,11.905149698257446
7.5278360266681075,-0.04597711130255007,11.905149698257446
7.613308300350608,-0.052553244256090655,11.905149698257446
7.613308300350608,-0.052553244256090655,11.905149698257446
7.613308300350608,-0.052553244256090655,11.905149698257446
7.613308300350608,-0.052553244256090655,11.905149698257446
7.613308300350608,-0.052553244256090655,11.905149698257446
7.613308300350608,-0.052553244256090655,11.905149698257446
7.613308300350608,-0.052553244256090655,11.905149698257446
7.613308300350608,-0.052553244256090655,11.905149698257446
7.75270352632657,-0.04641498126365092,11.905149698257446
7.75270352632657,-0.04641498126365092,11.905149698257446
7.75270352632657,-0.04641498126365092,11.905149698257446
7.75270352632657,-0.04641498126365092,11.905149698257446
7.75270352632657,-0.04641498126365092,11.905149698257446
7.75270352632657,-0.04641498126365092,11.905149698257446
7.75270352632657,-0.04641498126365092,11.905149698257446
7.859682546504086,-0.018154928117618246,11.905149698257446
7.859682546504086,-0.018154928117618246,11.905149698257446
7.859682546504086,-0.018154928117618246,11.905149698257446
7.859682546504086,-0.018154928117618246,11.905149698257446
7.859682546504086,-0.018154928117618246,11.905149698257446
7.859682546504086,-0.018154928117618246,11.905149698257446
7.859682546504086,-0.018154928117618246,11.905149698257446
7.933673491519258,0.011871822146340257,11.905149698257446
7.933673491519258,0.011871822146340257,11.905149698257446
7.933673491519258,0.011871822146340257,11.905149698257446
7.933673491519258,0.011871822146340257,11.905149698257446
7.933673491519258,0.011871822146340257,11.905149698257446
7.933673491519258,0.011871822146340257,11.905149698257446
7.933673491519258,0.011871822146340257,11.905149698257446
8.035281302837024,0.049886374032190095,11.905149698257446
8.035281302837024,0.049886374032190095,11.905149698257446
8.035281302837024,0.049886374032190095,11.905149698257446
8.035281302837024,0.049886374032190095,11.905149698257446
8.035281302837024,0.049886374032190095,11.905149698257446
8.035281302837024,0.049886374032190095,11.905149698257446
8.035281302837024,0.049886374032190095,11.905149698257446
8.15990374025344,0.09288982444902517,11.905149698257446
8.15990374025344,0.09288982444902517,11.905149698257446
8.15990374025344,0.09288982444902517,11.905149698257446
8.15990374025344,0.09288982444902517,11.905149698257446
8.15990374025344,0.09288982444902517,11.905149698257446
8.15990374025344,0.09288982444902517,11.905149698257446
8.15990374025344,0.09288982444902517,11.905149698257446
8.15990374025344,0.09288982444902517,11.905149698257446
8.292434523113213,0.14388126340083507,11.905149698257446
8.292434523113213,0.14388126340083507,11.905149698257446
8.292434523113213,0.14388126340083507,11.905149698257446
8.292434523113213,0.14388126340083507,11.905149698257446
8.292434523113213,0.14388126340083507,11.905149698257446
8.292434523113213,0.14388126340083507,11.905149698257446
8.40048707847889,0.15595418230930816,11.905149698257446
8.40048707847889,0.15595418230930816,11.905149698257446
8.40048707847889,0.15595418230930816,11.905149698257446
8.40048707847889,0.15595418230930816,11.905149698257446
8.40048707847889,0.15595418230930816,11.905149698257446
8.40048707847889,0.15595418230930816,11.905149698257446
8.40048707847889,0.15595418230930816,11.905149698257446
8.462740069909387,0.17458653950567163,11.905149698257446
8.462740069909387,0.17458653950567163,11.905149698257446
8.462740069909387,0.17458653950567163,11.905149698257446
8.462740069909387,0.17458653950567163,11.905149698257446
8.462740069909387,0.17458653950567163,11.905149698257446
8.462740069909387,0.17458653950567163,11.905149698257446
8.462740069909387,0.17458653950567163,11.905149698257446
8.511232896240385,0.2192386702083659,11.905149698257446
8.511232896240385,0.2192386702083659,11.905149698257446
8.511232896240385,0.2192386702083659,11.905149698257446
8.511232896240385,0.2192386702083659,11.905149698257446
8.511232896240385,0.2192386702083659,11.905149698257446
8.511232896240385,0.2192386702083659,11.905149698257446
8.5925609325298,0.2557839922249705,11.905149698257446
8.5925609325298,0.2557839922249705,11.905149698257446
8.5925609325298,0.2557839922249705,11.905149698257446
8.5925609325298,0.2557839922249705,11.905149698257446
8.621150038513884,0.28245716158449913,11.905149698257446
8.621150038513884,0.28245716158449913,11.905149698257446
8.621150038513884,0.28245716158449913,11.905149698257446
8.621150038513884,0.28245716158449913,11.905149698257446
8.667150128857195,0.33497753537232633,11.905149698257446
8.667150128857195,0.33497753537232633,11.905149698257446
8.667150128857195,0.33497753537232633,11.905149698257446
8.667150128857195,0.33497753537232633,11.905149698257446
8.667150128857195,0.33497753537232633,11.905149698257446
8.691551310205153,0.36645726186691513,11.905149698257446
8.691551310205153,0.36645726186691513,11.905149698257446
8.691551310205153,0.36645726186691513,11.905149698257446
8.691551310205153,0.36645726186691513,11.905149698257446
8.715756317588312,0.40914186930070023,11.905149698257446
8.715756317588312,0.40914186930070023,11.905149698257446
8.715756317588312,0.40914186930070023,11.905149698257446
8.715756317588312,0.40914186930070023,11.905149698257446
8.715756317588312,0.40914186930070023,11.905149698257446
8.737113730691819,0.4379971330927577,11.905149698257446
8.737113730691819,0.4379971330927577,11.905149698257446
8.737113730691819,0.4379971330927577,11.905149698257446
8.737113730691819,0.4379971330927577,11.905149698257446
8.831670978991806,0.41873735188106526,11.905149698257446
8.831670978991806,0.41873735188106526,11.905149698257446
8.831670978991806,0.41873735188106526,11.905149698257446
8.831670978991806,0.41873735188106526,11.905149698257446
8.831670978991806,0.41873735188106526,11.905149698257446
8.842497272048577,0.38767268026920326,11.905149698257446
8.842497272048577,0.38767268026920326,11.905149698257446
8.842497272048577,0.38767268026920326,11.905149698257446
8.842497272048577,0.38767268026920326,11.905149698257446
8.842528852663955,0.3729791222953955,11.905149698257446
8.842528852663955,0.3729791222953955,11.905149698257446
8.842528852663955,0.3729791222953955,11.905149698257446
8.842528852663955,0.3729791222953955,11.905149698257446
8.842528852663955,0.3729791222953955,11.905149698257446
8.840161796232955,0.35925213813120904,11.905149698257446
8.840161796232955,0.35925213813120904,11.905149698257446
8.840161796232955,0.35925213813120904,11.905149698257446
8.840161796232955,0.35925213813120904,11.905149698257446
8.840161796232955,0.35925213813120904,11.905149698257446
8.84709444178397,0.3259533852327112,11.905149698257446
8.84709444178397,0.3259533852327112,11.905149698257446
8.84709444178397,0.3259533852327112,11.905149698257446
8.84709444178397,0.3259533852327112,11.905149698257446
8.849055707077731,0.2705178410657474,11.905149698257446
8.849055707077731,0.2705178410657474,11.905149698257446
8.849055707077731,0.2705178410657474,11.905149698257446
8.849055707077731,0.2705178410657474,11.905149698257446
8.849055707077731,0.2705178410657474,11.905149698257446
8.856075718164577,0.26440915335887805,11.905149698257446
8.856075718164577,0.26440915335887805,11.905149698257446
8.856075718164577,0.26440915335887805,11.905149698257446
8.856075718164577,0.26440915335887805,11.905149698257446
8.858917663788775,0.3005588142441504,11.905149698257446
8.858917663788775,0.3005588142441504,11.905149698257446
8.858917663788775,0.3005588142441504,11.905149698257446
8.858917663788775,0.3005588142441504,11.905149698257446
8.858917663788775,0.3005588142441504,11.905149698257446
8.866218985875632,0.32187210646225756,11.905149698257446
8.866218985875632,0.32187210646225756,11.905149698257446
8.866218985875632,0.32187210646225756,11.905149698257446
8.866218985875632,0.32187210646225756,11.905149698257446
8.893750348011919,0.31935085388835727,11.905149698257446
8.893750348011919,0.31935085388835727,11.905149698257446
8.893750348011919,0.31935085388835727,11.905149698257446
8.893750348011919,0.31935085388835727,11.905149698257446
8.893750348011919,0.31935085388835727,11.905149698257446
8.912000882588345,0.30707358034102505,11.905149698257446
8.912000882588345,0.30707358034102505,11.905149698257446
8.912000882588345,0.30707358034102505,11.905149698257446
8.912000882588345,0.30707358034102505,11.905149698257446
8.912000882588345,0.30707358034102505,11.905149698257446
8.931753980452214,0.32300690609768207,11.905149698257446
8.931753980452214,0.32300690609768207,11.905149698257446
8.931753980452214,0.32300690609768207,11.905149698257446
8.931753980452214,0.32300690609768207,11.905149698257446
8.959669071466132,0.3386095698275185,11.905149698257446
8.959669071466132,0.3386095698275185,11.905149698257446
8.959669071466132,0.3386095698275185,11.905149698257446
8.959669071466132,0.3386095698275185,11.905149698257446
8.959669071466132,0.3386095698275185,11.905149698257446
8.96879431088186,0.3489484748180432,11.905149698257446
8.96879431088186,0.3489484748180432,11.905149698257446
8.96879431088186,0.3489484748180432,11.905149698257446
8.96879431088186,0.3489484748180432,11.905149698257446
8.96879431088186,0.3489484748180432,11.905149698257446
8.985403155347104,0.3594534866322747,11.905149698257446
8.985403155347104,0.3594534866322747,11.905149698257446
8.985403155347104,0.3594534866322747,11.905149698257446
8.985403155347104,0.3594534866322747,11.905149698257446
9.009429431992857,0.38753079379255256,11.905149698257446
9.009429431992857,0.38753079379255256,11.905149698257446
9.009429431992857,0.38753079379255256,11.905149698257446
9.009429431992857,0.38753079379255256,11.905149698257446
9.009429431992857,0.38753079379255256,11.905149698257446
9.006519852047454,0.4145634961254127,11.905149698257446
9.006519852047454,0.4145634961254127,11.905149698257446
9.006519852047454,0.4145634961254127,11.905149698257446
9.006519852047454,0.4145634961254127,11.905149698257446
9.006519852047454,0.4145634961254127,11.905149698257446
9.010129273080363,0.4074413850842067,11.905149698257446
9.010129273080363,0.4074413850842067,11.905149698257446
9.010129273080363,0.4074413850842067,11.905149698257446
9.010129273080363,0.4074413850842067,11.905149698257446
9.010129273080363,0.4074413850842067,11.905149698257446
9.055160908440286,0.44473428672880133,11.905149698257446
9.055160908440286,0.44473428672880133,11.905149698257446
9.055160908440286,0.44473428672880133,11.905149698257446
9.055160908440286,0.44473428672880133,11.905149698257446
9.043861117224049,0.4924805758279249,11.905149698257446
9.043861117224049,0.4924805758279249,11.905149698257446
9.043861117224049,0.4924805758279249,11.905149698257446
9.043861117224049,0.4924805758279249,11.905149698257446
9.043861117224049,0.4924805758279249,11.905149698257446
9.079751748330656,0.4997195303198059,11.905149698257446
9.079751748330656,0.4997195303198059,11.905149698257446
9.079751748330656,0.4997195303198059,11.905149698257446
9.079751748330656,0.4997195303198059,11.905149698257446
9.107013893496516,0.4884867052525736,11.905149698257446
9.107013893496516,0.4884867052525736,11.905149698257446
9.107013893496516,0.4884867052525736,11.905149698257446
9.107013893496516,0.4884867052525736,11.905149698257446
9.107013893496516,0.4884867052525736,11.905149698257446
9.096454635207715,0.5198167366534447,11.905149698257446
9.096454635207715,0.5198167366534447,11.905149698257446
9.096454635207715,0.5198167366534447,11.905149698257446
9.096454635207715,0.5198167366534447,11.905149698257446
9.096454635207715,0.5198167366534447,11.905149698257446
9.128524007514276,0.5224825145701008,11.905149698257446
9.128524007514276,0.5224825145701008,11.905149698257446
9.128524007514276,0.5224825145701008,11.905149698257446
9.128524007514276,0.5224825145701008,11.905149698257446
9.128524007514276,0.5224825145701008,11.905149698257446
9.1624830527683,0.536284893907913,11.905149698257446
9.1624830527683,0.536284893907913,11.905149698257446
9.1624830527683,0.536284893907913,11.905149698257446
9.1624830527683,0.536284893907913,11.905149698257446
9.1624830527683,0.536284893907913,11.905149698257446
9.163373640195182,0.5667535905424255,11.905149698257446
9.163373640195182,0.5667535905424255,11.905149698257446
9.163373640195182,0.5667535905424255,11.905149698257446
9.163373640195182,0.5667535905424255,11.905149698257446
9.163373640195182,0.5667535905424255,11.905149698257446
9.204925880382389,0.5965467496698018,11.905149698257446
9.204925880382389,0.5965467496698018,11.905149698257446
9.204925880382389,0.5965467496698018,11.905149698257446
9.204925880382389,0.5965467496698018,11.905149698257446
9.204925880382389,0.5965467496698018,11.905149698257446
9.192791200741135,0.6272672847073854,11.905149698257446
9.192791200741135,0.6272672847073854,11.905149698257446
9.192791200741135,0.6272672847073854,11.905149698257446
9.192791200741135,0.6272672847073854,11.905149698257446
9.212381949534775,0.6559933763039244,11.905149698257446
9.212381949534775,0.6559933763039244,11.905149698257446
9.212381949534775,0.6559933763039244,11.905149698257446
9.212381949534775,0.6559933763039244,11.905149698257446
9.212381949534775,0.6559933763039244,11.905149698257446
9.2344663114655,0.6836499003198375,11.905149698257446
9.2344663114655,0.6836499003198375,11.905149698257446
9.2344663114655,0.6836499003198375,11.905149698257446
9.2344663114655,0.6836499003198375,11.905149698257446
9.246585606089877,0.709195664763389,11.905149698257446
9.246585606089877,0.709195664763389,11.905149698257446
9.246585606089877,0.709195664763389,11.905149698257446
9.246585606089877,0.709195664763389,11.905149698257446
9.246585606089877,0.709195664763389,11.905149698257446
9.284776540278187,0.7237860957013628,11.905149698257446
9.284776540278187,0.7237860957013628,11.905149698257446
9.284776540278187,0.7237860957013628,11.905149698257446
9.284776540278187,0.7237860957013628,11.905149698257446
9.26059028584956,0.7766588630740267,11.905149698257446
9.26059028584956,0.7766588630740267,11.905149698257446
9.26059028584956,0.7766588630740267,11.905149698257446
9.26059028584956,0.7766588630740267,11.905149698257446
9.26059028584956,0.7766588630740267,11.905149698257446
9.26735057419973,0.7871648438752058,11.905149698257446
9.26735057419973,0.7871648438752058,11.905149698257446
9.26735057419973,0.7871648438752058,11.905149698257446
9.26735057419973,0.7871648438752058,11.905149698257446
9.26735057419973,0.7871648438752058,11.905149698257446
9.294767660745658,0.8066593360193002,11.905149698257446
9.294767660745658,0.8066593360193002,11.905149698257446
9.294767660745658,0.8066593360193002,11.905149698257446
9.294767660745658,0.8066593360193002,11.905149698257446
9.289834333762505,0.8449548297346862,11.905149698257446
9.289834333762505,0.8449548297346862,11.905149698257446
9.289834333762505,0.8449548297346862,11.905149698257446
9.289834333762505,0.8449548297346862,11.905149698257446
9.289834333762505,0.8449548297346862,11.905149698257446
9.301157612192295,0.8869529977576207,11.905149698257446
9.301157612192295,0.8869529977576207,11.905149698257446
9.301157612192295,0.8869529977576207,11.905149698257446
9.301157612192295,0.8869529977576207,11.905149698257446
9.311454542591996,0.9133924792840177,11.905149698257446
9.311454542591996,0.9133924792840177,11.905149698257446
9.311454542591996,0.9133924792840177,11.905149698257446
9.311454542591996,0.9133924792840177,11.905149698257446
9.295081828607884,0.9274084086062889,11.905149698257446
9.295081828607884,0.9274084086062889,11.905149698257446
9.295081828607884,0.9274084086062889,11.905149698257446
9.295081828607884,0.9274084086062889,11.905149698257446
9.295081828607884,0.9274084086062889,11.905149698257446
9.3158124251317,0.9572186270016321,11.905149698257446
9.3158124251317,0.9572186270016321,11.905149698257446
9.3158124251317,0.9572186270016321,11.905149698257446
9.3158124251317,0.9572186270016321,11.905149698257446
9.3158124251317,0.9572186270016321,11.905149698257446
9.327566817674398,0.9833222024533207,11.905149698257446
9.327566817674398,0.9833222024533207,11.905149698257446
9.327566817674398,0.9833222024533207,11.905149698257446
9.327566817674398,0.9833222024533207,11.905149698257446
9.34030594585743,1.0184048905456557,11.905149698257446
9.34030594585743,1.0184048905456557,11.905149698257446
9.34030594585743,1.0184048905456557,11.905149698257446
9.34030594585743,1.0184048905456557,11.905149698257446
9.34030594585743,1.0184048905456557,11.905149698257446
9.369550913499598,1.0555546579556319,11.905149698257446
9.369550913499598,1.0555546579556319,11.905149698257446
9.369550913499598,1.0555546579556319,11.905149698257446
9.369550913499598,1.0555546579556319,11.905149698257446
9.369550913499598,1.0555546579556319,11.905149698257446
9.369550913499598,1.0555546579556319,11.905149698257446
9.340848411931226,1.083704915715509,11.905149698257446
9.340848411931226,1.083704915715509,11.905149698257446
9.340848411931226,1.083704915715509,11.905149698257446
9.340848411931226,1.083704915715509,11.905149698257446
9.36128895565669,1.112373180081591,11.905149698257446
9.36128895565669,1.112373180081591,11.905149698257446
9.36128895565669,1.112373180081591,11.905149698257446
9.36128895565669,1.112373180081591,11.905149698257446
9.36128895565669,1.112373180081591,11.905149698257446
9.38193665679168,1.1380135677240681,11.905149698257446
9.38193665679168,1.1380135677240681,11.905149698257446
9.38193665679168,1.1380135677240681,11.905149698257446
9.38193665679168,1.1380135677240681,11.905149698257446
9.357670555137856,1.168326206515102,11.905149698257446
9.357670555137856,1.168326206515102,11.905149698257446
9.357670555137856,1.168326206515102,11.905149698257446
9.357670555137856,1.168326206515102,11.905149698257446
9.357670555137856,1.168326206515102,11.905149698257446
9.336736924880732,1.1953808938867088,11.905149698257446
9.336736924880732,1.1953808938867088,11.905149698257446
9.336736924880732,1.1953808938867088,11.905149698257446
9.336736924880732,1.1953808938867088,11.905149698257446
9.336736924880732,1.1953808938867088,11.905149698257446
9.371597654567045,1.232102291515762,11.905149698257446
9.371597654567045,1.232102291515762,11.905149698257446
9.371597654567045,1.232102291515762,11.905149698257446
9.371597654567045,1.232102291515762,11.905149698257446
9.407287290609647,1.2583628364337718,11.905149698257446
9.407287290609647,1.2583628364337718,11.905149698257446
9.407287290609647,1.2583628364337718,11.905149698257446
9.407287290609647,1.2583628364337718,11.905149698257446
9.407287290609647,1.2583628364337718,11.905149698257446
9.384095844688963,1.2929834361081352,11.905149698257446
9.384095844688963,1.2929834361081352,11.905149698257446
9.384095844688963,1.2929834361081352,11.905149698257446
9.384095844688963,1.2929834361081352,11.905149698257446
9.413778808920629,1.3237480963034376,11.905149698257446
9.413778808920629,1.3237480963034376,11.905149698257446
9.413778808920629,1.3237480963034376,11.905149698257446
9.413778808920629,1.3237480963034376,11.905149698257446
9.413778808920629,1.3237480963034376,11.905149698257446
9.414496835337138,1.3465179014270052,11.905149698257446
9.414496835337138,1.3465179014270052,11.905149698257446
9.414496835337138,1.3465179014270052,11.905149698257446
9.414496835337138,1.3465179014270052,11.905149698257446
9.424768103284364,1.3851571856041176,11.905149698257446
9.424768103284364,1.3851571856041176,11.905149698257446
9.424768103284364,1.3851571856041176,11.905149698257446
9.424768103284364,1.3851571856041176,11.905149698257446
9.432548494153725,1.4330836355947691,11.905149698257446
9.432548494153725,1.4330836355947691,11.905149698257446
9.432548494153725,1.4330836355947691,11.905149698257446
9.432548494153725,1.4330836355947691,11.905149698257446
9.432548494153725,1.4330836355947691,11.905149698257446
9.463075061623144,1.4693666285053004,11.905149698257446
9.463075061623144,1.4693666285053004,11.905149698257446
9.463075061623144,1.4693666285053004,11.905149698257446
9.463075061623144,1.4693666285053004,11.905149698257446
9.463075061623144,1.4693666285053004,11.905149698257446
9.455846021390101,1.5280497314920558,11.905149698257446
9.455846021390101,1.5280497314920558,11.905149698257446
9.455846021390101,1.5280497314920558,11.905149698257446
9.455846021390101,1.5280497314920558,11.905149698257446
9.44629220576924,1.5858156167872952,11.905149698257446
9.44629220576924,1.5858156167872952,11.905149698257446
9.44629220576924,1.5858156167872952,11.905149698257446
9.44629220576924,1.5858156167872952,11.905149698257446
9.44629220576924,1.5858156167872952,11.905149698257446
9.449709507196566,1.6090427495927249,11.905149698257446
9.449709507196566,1.6090427495927249,11.905149698257446
9.449709507196566,1.6090427495927249,11.905149698257446
9.449709507196566,1.6090427495927249,11.905149698257446
9.449709507196566,1.6090427495927249,11.905149698257446
9.477320463736215,1.665260516440382,11.905149698257446
9.477320463736215,1.665260516440382,11.905149698257446
9.477320463736215,1.665260516440382,11.905149698257446
9.477320463736215,1.665260516440382,11.905149698257446
9.488569051631595,1.736319821679468,11.905149698257446
9.488569051631595,1.736319821679468,11.905149698257446
9.488569051631595,1.736319821679468,11.905149698257446
9.488569051631595,1.736319821679468,11.905149698257446
9.488569051631595,1.736319821679468,11.905149698257446
9.494097958636758,1.814008035670562,11.905149698257446
9.494097958636758,1.814008035670562,11.905149698257446
9.494097958636758,1.814008035670562,11.905149698257446
9.494097958636758,1.814008035670562,11.905149698257446
9.47253948743602,1.897142241283944,11.905149698257446
9.47253948743602,1.897142241283944,11.905149698257446
9.47253948743602,1.897142241283944,11.905149698257446
9.47253948743602,1.897142241283944,11.905149698257446
9.47253948743602,1.897142241283944,11.905149698257446
9.462216553754693,1.9822704256529031,11.905149698257446
9.462216553754693,1.9822704256529031,11.905149698257446
9.462216553754693,1.9822704256529031,11.905149698257446
9.462216553754693,1.9822704256529031,11.905149698257446
9.462216553754693,1.9822704256529031,11.905149698257446
9.466517583131074,2.024956496662498,11.905149698257446
9.466517583131074,2.024956496662498,11.905149698257446
9.466517583131074,2.024956496662498,11.905149698257446
9.466517583131074,2.024956496662498,11.905149698257446
9.483869767633712,2.096720535459179,11.905149698257446
9.483869767633712,2.096720535459179,11.905149698257446
9.483869767633712,2.096720535459179,11.905149698257446
9.483869767633712,2.096720535459179,11.905149698257446
9.483869767633712,2.096720535459179,11.905149698257446
9.474883545770252,2.184975635421302,11.905149698257446
9.474883545770252,2.184975635421302,11.905149698257446
9.474883545770252,2.184975635421302,11.905149698257446
9.474883545770252,2.184975635421302,11.905149698257446
9.474883545770252,2.184975635421302,11.905149698257446
9.488524151277922,2.2978222402336357,11.905149698257446
9.488524151277922,2.2978222402336357,11.905149698257446
9.488524151277922,2.2978222402336357,11.905149698257446
9.488524151277922,2.2978222402336357,11.905149698257446
9.488524151277922,2.2978222402336357,11.905149698257446
9.505777976290675,2.4008304661965347,11.905149698257446
9.505777976290675,2.4008304661965347,11.905149698257446
9.505777976290675,2.4008304661965347,11.905149698257446
9.505777976290675,2.4008304661965347,11.905149698257446
9.505777976290675,2.4008304661965347,11.905149698257446
9.519350520577193,2.503657225692493,11.905149698257446
9.519350520577193,2.503657225692493,11.905149698257446
9.519350520577193,2.503657225692493,11.905149698257446
9.519350520577193,2.503657225692493,11.905149698257446
9.519350520577193,2.503657225692493,11.905149698257446
9.522763996782615,2.5993090327243356,11.905149698257446
9.522763996782615,2.5993090327243356,11.905149698257446
9.522763996782615,2.5993090327243356,11.905149698257446
9.522763996782615,2.5993090327243356,11.905149698257446
9.522763996782615,2.5993090327243356,11.905149698257446
9.537841037551495,2.695083768181089,11.905149698257446
9.537841037551495,2.695083768181089,11.905149698257446
9.537841037551495,2.695083768181089,11.905149698257446
9.537841037551495,2.695083768181089,11.905149698257446
9.553083538613519,2.8056257916429623,11.905149698257446
9.553083538613519,2.8056257916429623,11.905149698257446
9.553083538613519,2.8056257916429623,11.905149698257446
9.553083538613519,2.8056257916429623,11.905149698257446
9.553083538613519,2.8056257916429623,11.905149698257446
9.569340504801238,2.909242055797741,11.905149698257446
9.569340504801238,2.909242055797741,11.905149698257446
9.569340504801238,2.909242055797741,11.905149698257446
9.569340504801238,2.909242055797741,11.905149698257446
9.569340504801238,2.909242055797741,11.905149698257446
9.583715680364357,3.023082270133138,11.905149698257446
9.583715680364357,3.023082270133138,11.905149698257446
9.583715680364357,3.023082270133138,11.905149698257446
9.583715680364357,3.023082270133138,11.905149698257446
9.583715680364357,3.023082270133138,11.905149698257446
9.621631331641701,3.145053642901457,11.905149698257446
9.621631331641701,3.145053642901457,11.905149698257446
9.621631331641701,3.145053642901457,11.905149698257446
9.621631331641701,3.145053642901457,11.905149698257446
9.616242332216316,3.2853860325286512,11.905149698257446
9.616242332216316,3.2853860325286512,11.905149698257446
9.616242332216316,3.2853860325286512,11.905149698257446
9.616242332216316,3.2853860325286512,11.905149698257446
9.616242332216316,3.2853860325286512,11.905149698257446
9.61376730869447,3.3697835025785987,11.905149698257446
9.61376730869447,3.3697835025785987,11.905149698257446
9.61376730869447,3.3697835025785987,11.905149698257446
9.61376730869447,3.3697835025785987,11.905149698257446
9.61376730869447,3.3697835025785987,11.905149698257446
9.62222390179418,3.5041831020353365,11.905149698257446
9.62222390179418,3.5041831020353365,11.905149698257446
9.62222390179418,3.5041831020353365,11.905149698257446
9.62222390179418,3.5041831020353365,11.905149698257446
9.62222390179418,3.5041831020353365,11.905149698257446
9.631464502156504,3.6424658846999347,11.905149698257446
9.631464502156504,3.6424658846999347,11.905149698257446
9.631464502156504,3.6424658846999347,11.905149698257446
9.631464502156504,3.6424658846999347,11.905149698257446
9.631464502156504,3.6424658846999347,11.905149698257446
9.652347515414029,3.7941524556131543,11.905149698257446
9.652347515414029,3.7941524556131543,11.905149698257446
9.652347515414029,3.7941524556131543,11.905149698257446
9.652347515414029,3.7941524556131543,11.905149698257446
9.652347515414029,3.7941524556131543,11.905149698257446
9.67060515115966,3.950878890500902,11.905149698257446
9.67060515115966,3.950878890500902,11.905149698257446
9.67060515115966,3.950878890500902,11.905149698257446
9.67060515115966,3.950878890500902,11.905149698257446
9.67060515115966,3.950878890500902,11.905149698257446
9.68304386775714,4.107305789731142,11.905149698257446
9.68304386775714,4.107305789731142,11.905149698257446
9.68304386775714,4.107305789731142,11.905149698257446
9.68304386775714,4.107305789731142,11.905149698257446
9.68304386775714,4.107305789731142,11.905149698257446
9.689830455990954,4.261577602582878,11.905149698257446
9.689830455990954,4.261577602582878,11.905149698257446
9.689830455990954,4.261577602582878,11.905149698257446
9.689830455990954,4.261577602582878,11.905149698257446
9.689830455990954,4.261577602582878,11.905149698257446
9.689830455990954,4.261577602582878,11.905149698257446
9.704944678823544,4.489341392522302,11.905149698257446
9.704944678823544,4.489341392522302,11.905149698257446
9.704944678823544,4.489341392522302,11.905149698257446
9.704944678823544,4.489341392522302,11.905149698257446
9.704944678823544,4.489341392522302,11.905149698257446
9.71562154528406,4.6475950929932734,11.905149698257446
9.71562154528406,4.6475950929932734,11.905149698257446
9.71562154528406,4.6475950929932734,11.905149698257446
9.71562154528406,4.6475950929932734,11.905149698257446
9.71562154528406,4.6475950929932734,11.905149698257446
9.723879204175155,4.813783853912413,11.905149698257446
9.723879204175155,4.813783853912413,11.905149698257446
9.723879204175155,4.813783853912413,11.905149698257446
9.723879204175155,4.813783853912413,11.905149698257446
9.723879204175155,4.813783853912413,11.905149698257446
9.732682809471987,4.981104799498318,11.905149698257446
9.732682809471987,4.981104799498318,11.905149698257446
9.732682809471987,4.981104799498318,11.905149698257446
9.732682809471987,4.981104799498318,11.905149698257446
9.732682809471987,4.981104799498318,11.905149698257446
9.746391689863598,5.144594934157549,11.905149698257446
9.746391689863598,5.144594934157549,11.905149698257446
9.746391689863598,5.144594934157549,11.905149698257446
9.746391689863598,5.144594934157549,11.905149698257446
9.746391689863598,5.144594934157549,11.905149698257446
9.756843392345637,5.303961803587416,11.905149698257446
9.756843392345637,5.303961803587416,11.905149698257446
9.756843392345637,5.303961803587416,11.905149698257446
9.756843392345637,5.303961803587416,11.905149698257446
9.756843392345637,5.303961803587416,11.905149698257446
9.772202202386518,5.459174963973627,11.905149698257446
9.772202202386518,5.459174963973627,11.905149698257446
9.772202202386518,5.459174963973627,11.905149698257446
9.772202202386518,5.459174963973627,11.905149698257446
9.772202202386518,5.459174963973627,11.905149698257446
9.787845335713389,5.6252045072631125,11.905149698257446
9.787845335713389,5.6252045072631125,11.905149698257446
9.787845335713389,5.6252045072631125,11.905149698257446
9.787845335713389,5.6252045072631125,11.905149698257446
9.787845335713389,5.6252045072631125,11.905149698257446
9.787845335713389,5.6252045072631125,11.905149698257446
9.79875439777474,5.778589276126057,11.905149698257446
9.79875439777474,5.778589276126057,11.905149698257446
9.79875439777474,5.778589276126057,11.905149698257446
9.79875439777474,5.778589276126057,11.905149698257446
9.79875439777474,5.778589276126057,11.905149698257446
9.808322940089825,5.9259507019818605,11.905149698257446
9.808322940089825,5.9259507019818605,11.905149698257446
9.808322940089825,5.9259507019818605,11.905149698257446
9.808322940089825,5.9259507019818605,11.905149698257446
9.808322940089825,5.9259507019818605,11.905149698257446
9.814993818987134,6.070580837162089,11.905149698257446
9.814993818987134,6.070580837162089,11.905149698257446
9.814993818987134,6.070580837162089,11.905149698257446
9.814993818987134,6.070580837162089,11.905149698257446
9.814993818987134,6.070580837162089,11.905149698257446
9.814993818987134,6.070580837162089,11.905149698257446
9.814993818987134,6.070580837162089,11.905149698257446
9.814993818987134,6.070580837162089,11.905149698257446
9.816670382902172,6.219153548594213,11.905149698257446
9.816670382902172,6.219153548594213,11.905149698257446
9.816670382902172,6.219153548594213,11.905149698257446
9.816670382902172,6.219153548594213,11.905149698257446
9.816670382902172,6.219153548594213,11.905149698257446
9.816670382902172,6.219153548594213,11.905149698257446
9.816670382902172,6.219153548594213,11.905149698257446
9.816670382902172,6.219153548594213,11.905149698257446
9.816670382902172,6.219153548594213,11.905149698257446
9.822276479219866,6.427759870164041,11.905149698257446
9.822276479219866,6.427759870164041,11.905149698257446
9.822276479219866,6.427759870164041,11.905149698257446
9.822276479219866,6.427759870164041,11.905149698257446
9.824244408162915,6.705021900029144,11.905149698257446
9.824244408162915,6.705021900029144,11.905149698257446
9.824244408162915,6.705021900029144,11.905149698257446
9.824244408162915,6.705021900029144,11.905149698257446
9.824244408162915,6.705021900029144,11.905149698257446
9.818617400778933,6.836257023233648,11.905149698257446
9.818617400778933,6.836257023233648,11.905149698257446
9.818617400778933,6.836257023233648,11.905149698257446
9.818617400778933,6.836257023233648,11.905149698257446
9.818617400778933,6.836257023233648,11.905149698257446
9.809462637958204,6.896242497965168,11.905149698257446
9.809462637958204,6.896242497965168,11.905149698257446
9.809462637958204,6.896242497965168,11.905149698257446
9.809462637958204,6.896242497965168,11.905149698257446
9.800085167167236,7.016868477122807,11.905149698257446
9.800085167167236,7.016868477122807,11.905149698257446
9.800085167167236,7.016868477122807,11.905149698257446
9.800085167167236,7.016868477122807,11.905149698257446
9.800085167167236,7.016868477122807,11.905149698257446
9.800085167167236,7.016868477122807,11.905149698257446
9.782863252660178,7.129730914085046,11.905149698257446
9.782863252660178,7.129730914085046,11.905149698257446
9.782863252660178,7.129730914085046,11.905149698257446
9.782863252660178,7.129730914085046,11.905149698257446
9.782863252660178,7.129730914085046,11.905149698257446
9.764926279928797,7.250652699070074,11.905149698257446
9.764926279928797,7.250652699070074,11.905149698257446
9.764926279928797,7.250652699070074,11.905149698257446
9.764926279928797,7.250652699070074,11.905149698257446
9.764926279928797,7.250652699070074,11.905149698257446
9.729527248375405,7.35402052721052,11.905149698257446
9.729527248375405,7.35402052721052,11.905149698257446
9.729527248375405,7.35402052721052,11.905149698257446
9.729527248375405,7.35402052721052,11.905149698257446
9.729527248375405,7.35402052721052,11.905149698257446
9.694207853980544,7.455636314077702,11.905149698257446
9.694207853980544,7.455636314077702,11.905149698257446
9.694207853980544,7.455636314077702,11.905149698257446
9.694207853980544,7.455636314077702,11.905149698257446
9.640575627217249,7.535714228327692,11.905149698257446
9.640575627217249,7.535714228327692,11.905149698257446
9.640575627217249,7.535714228327692,11.905149698257446
9.640575627217249,7.535714228327692,11.905149698257446
9.640575627217249,7.535714228327692,11.905149698257446
9.640575627217249,7.535714228327692,11.905149698257446
9.59020737241633,7.6190023818227655,11.905149698257446
9.59020737241633,7.6190023818227655,11.905149698257446
9.59020737241633,7.6190023818227655,11.905149698257446
9.59020737241633,7.6190023818227655,11.905149698257446
9.59020737241633,7.6190023818227655,11.905149698257446
9.497836229791936,7.721482113566741,11.905149698257446
9.497836229791936,7.721482113566741,11.905149698257446
9.497836229791936,7.721482113566741,11.905149698257446
9.497836229791936,7.721482113566741,11.905149698257446
9.497836229791936,7.721482113566741,11.905149698257446
9.497836229791936,7.721482113566741,11.905149698257446
9.450394238684765,7.728662967376057,11.905149698257446
9.450394238684765,7.728662967376057,11.905149698257446
9.450394238684765,7.728662967376057,11.905149698257446
9.450394238684765,7.728662967376057,11.905149698257446
9.450394238684765,7.728662967376057,11.905149698257446
9.450394238684765,7.728662967376057,11.905149698257446
9.450394238684765,7.728662967376057,11.905149698257446
9.450394238684765,7.728662967376057,11.905149698257446
9.450394238684765,7.728662967376057,11.905149698257446
9.450394238684765,7.728662967376057,11.905149698257446
9.388494538996412,7.78108555337852,11.905149698257446
9.388494538996412,7.78108555337852,11.905149698257446
9.388494538996412,7.78108555337852,11.905149698257446
9.388494538996412,7.78108555337852,11.905149698257446
9.388494538996412,7.78108555337852,11.905149698257446
9.388494538996412,7.78108555337852,11.905149698257446
9.388494538996412,7.78108555337852,11.905149698257446
9.388494538996412,7.78108555337852,11.905149698257446
9.388494538996412,7.78108555337852,11.905149698257446
9.388494538996412,7.78108555337852,11.905149698257446
9.428413917474089,7.86061711832037,11.905149698257446
9.428413917474089,7.86061711832037,11.905149698257446
9.428413917474089,7.86061711832037,11.905149698257446
9.428413917474089,7.86061711832037,11.905149698257446
9.428413917474089,7.86061711832037,11.905149698257446
9.428413917474089,7.86061711832037,11.905149698257446
9.554379243206542,7.817660489270002,11.905149698257446
9.554379243206542,7.817660489270002,11.905149698257446
9.554379243206542,7.817660489270002,11.905149698257446
9.554379243206542,7.817660489270002,11.905149698257446
9.554379243206542,7.817660489270002,11.905149698257446
9.554379243206542,7.817660489270002,11.905149698257446
9.554379243206542,7.817660489270002,11.905149698257446
9.629928531475032,7.808297348706511,11.905149698257446
9.629928531475032,7.808297348706511,11.905149698257446
9.629928531475032,7.808297348706511,11.905149698257446
9.629928531475032,7.808297348706511,11.905149698257446
9.629928531475032,7.808297348706511,11.905149698257446
9.629928531475032,7.808297348706511,11.905149698257446
9.629928531475032,7.808297348706511,11.905149698257446
9.712502567810112,7.790339772634966,11.905149698257446
9.712502567810112,7.790339772634966,11.905149698257446
9.712502567810112,7.790339772634966,11.905149698257446
9.712502567810112,7.790339772634966,11.905149698257446
9.712502567810112,7.790339772634966,11.905149698257446
9.712502567810112,7.790339772634966,11.905149698257446
9.757707440491926,7.780135096712743,11.905149698257446
9.757707440491926,7.780135096712743,11.905149698257446
9.757707440491926,7.780135096712743,11.905149698257446
9.757707440491926,7.780135096712743,11.905149698257446
9.757707440491926,7.780135096712743,11.905149698257446
9.757707440491926,7.780135096712743,11.905149698257446
9.757707440491926,7.780135096712743,11.905149698257446
9.792876192059078,7.773244491515764,11.905149698257446
9.792876192059078,7.773244491515764,11.905149698257446
9.792876192059078,7.773244491515764,11.905149698257446
9.792876192059078,7.773244491515764,11.905149698257446
9.792876192059078,7.773244491515764,11.905149698257446
9.792876192059078,7.773244491515764,11.905149698257446
9.829429690181895,7.76210951572578,11.905149698257446
9.829429690181895,7.76210951572578,11.905149698257446
9.829429690181895,7.76210951572578,11.905149698257446
9.829429690181895,7.76210951572578,11.905149698257446
9.829429690181895,7.76210951572578,11.905149698257446
9.829429690181895,7.76210951572578,11.905149698257446
9.830436903500456,7.7572860944023105,11.905149698257446
9.830436903500456,7.7572860944023105,11.905149698257446
9.830436903500456,7.7572860944023105,11.905149698257446
9.830436903500456,7.7572860944023105,11.905149698257446
9.830436903500456,7.7572860944023105,11.905149698257446
9.830436903500456,7.7572860944023105,11.905149698257446
9.830436903500456,7.7572860944023105,11.905149698257446
9.899659665180385,7.758816083163471,11.905149698257446
9.899659665180385,7.758816083163471,11.905149698257446
9.899659665180385,7.758816083163471,11.905149698257446
9.899659665180385,7.758816083163471,11.905149698257446
9.899659665180385,7.758816083163471,11.905149698257446
9.899659665180385,7.758816083163471,11.905149698257446
9.933682950711592,7.768595636169604,11.905149698257446
9.933682950711592,7.768595636169604,11.905149698257446
9.933682950711592,7.768595636169604,11.905149698257446
9.933682950711592,7.768595636169604,11.905149698257446
9.966423354841899,7.771066918844563,11.905149698257446
9.966423354841899,7.771066918844563,11.905149698257446
9.966423354841899,7.771066918844563,11.905149698257446
9.966423354841899,7.771066918844563,11.905149698257446
9.966423354841899,7.771066918844563,11.905149698257446
9.966423354841899,7.771066918844563,11.905149698257446
9.966423354841899,7.771066918844563,11.905149698257446
9.966423354841899,7.771066918844563,11.905149698257446
9.966423354841899,7.771066918844563,11.905149698257446
10.04148141210502,7.779509119835538,11.905149698257446
10.04148141210502,7.779509119835538,11.905149698257446
10.04148141210502,7.779509119835538,11.905149698257446
10.04148141210502,7.779509119835538,11.905149698257446
10.04148141210502,7.779509119835538,11.905149698257446
10.04148141210502,7.779509119835538,11.905149698257446
10.04148141210502,7.779509119835538,11.905149698257446
10.04148141210502,7.779509119835538,11.905149698257446
10.061295022358609,7.794625505570721,11.905149698257446
10.061295022358609,7.794625505570721,11.905149698257446
10.061295022358609,7.794625505570721,11.905149698257446
10.061295022358609,7.794625505570721,11.905149698257446
10.061295022358609,7.794625505570721,11.905149698257446
10.085232778318119,7.823699890531249,11.905149698257446
10.085232778318119,7.823699890531249,11.905149698257446
10.085232778318119,7.823699890531249,11.905149698257446
10.085232778318119,7.823699890531249,11.905149698257446
10.085232778318119,7.823699890531249,11.905149698257446
10.102346456553144,7.843018809439026,11.905149698257446
10.102346456553144,7.843018809439026,11.905149698257446
10.102346456553144,7.843018809439026,11.905149698257446
10.102346456553144,7.843018809439026,11.905149698257446
10.129644075442759,7.8634068451424115,11.905149698257446
10.129644075442759,7.8634068451424115,11.905149698257446
10.129644075442759,7.8634068451424115,11.905149698257446
10.129644075442759,7.8634068451424115,11.905149698257446
10.129644075442759,7.8634068451424115,11.905149698257446
10.126563790232037,7.89495879313055,11.905149698257446
10.126563790232037,7.89495879313055,11.905149698257446
10.126563790232037,7.89495879313055,11.905149698257446
10.126563790232037,7.89495879313055,11.905149698257446
10.175316131586523,7.911581892604692,11.905149698257446
10.175316131586523,7.911581892604692,11.905149698257446
10.175316131586523,7.911581892604692,11.905149698257446
10.175316131586523,7.911581892604692,11.905149698257446
10.175316131586523,7.911581892604692,11.905149698257446
10.170121240519334,7.940670690000742,11.905149698257446
10.170121240519334,7.940670690000742,11.905149698257446
10.170121240519334,7.940670690000742,11.905149698257446
10.170121240519334,7.940670690000742,11.905149698257446
10.217872505507072,7.959183117797093,11.905149698257446
10.217872505507072,7.959183117797093,11.905149698257446
10.217872505507072,7.959183117797093,11.905149698257446
10.217872505507072,7.959183117797093,11.905149698257446
10.217872505507072,7.959183117797093,11.905149698257446
10.234980287648897,7.974525738960517,11.905149698257446
10.234980287648897,7.974525738960517,11.905149698257446
10.234980287648897,7.974525738960517,11.905149698257446
10.234980287648897,7.974525738960517,11.905149698257446
10.232171401125285,8.005272053024065,11.905149698257446
10.232171401125285,8.005272053024065,11.905149698257446
10.232171401125285,8.005272053024065,11.905149698257446
10.232171401125285,8.005272053024065,11.905149698257446
10.232171401125285,8.005272053024065,11.905149698257446
10.265725916582856,8.026362498366966,11.905149698257446
10.265725916582856,8.026362498366966,11.905149698257446
10.265725916582856,8.026362498366966,11.905149698257446
10.265725916582856,8.026362498366966,11.905149698257446
10.30110876819625,8.02099865071473,11.905149698257446
10.30110876819625,8.02099865071473,11.905149698257446
10.30110876819625,8.02099865071473,11.905149698257446
10.30110876819625,8.02099865071473,11.905149698257446
10.30110876819625,8.02099865071473,11.905149698257446
10.30110876819625,8.02099865071473,11.905149698257446
10.311957496718035,8.017000214575399,11.905149698257446
10.311957496718035,8.017000214575399,11.905149698257446
10.311957496718035,8.017000214575399,11.905149698257446
10.311957496718035,8.017000214575399,11.905149698257446
10.311957496718035,8.017000214575399,11.905149698257446
10.315844854200797,8.009964705405627,11.905149698257446
10.315844854200797,8.009964705405627,11.905149698257446
10.315844854200797,8.009964705405627,11.905149698257446
10.315844854200797,8.009964705405627,11.905149698257446
10.315844854200797,8.009964705405627,11.905149698257446
10.315844854200797,8.009964705405627,11.905149698257446
10.31885107137204,7.996764188800595,11.905149698257446
10.31885107137204,7.996764188800595,11.905149698257446
10.31885107137204,7.996764188800595,11.905149698257446
10.31885107137204,7.996764188800595,11.905149698257446
10.31885107137204,7.996764188800595,11.905149698257446
10.31885107137204,7.996764188800595,11.905149698257446
10.323809448968445,7.991518284873983,11.905149698257446
10.323809448968445,7.991518284873983,11.905149698257446
10.323809448968445,7.991518284873983,11.905149698257446
10.323809448968445,7.991518284873983,11.905149698257446
10.323809448968445,7.991518284873983,11.905149698257446
10.323809448968445,7.991518284873983,11.905149698257446
10.326860337462609,7.985745049908427,11.905149698257446
10.326860337462609,7.985745049908427,11.905149698257446
10.326860337462609,7.985745049908427,11.905149698257446
10.326860337462609,7.985745049908427,11.905149698257446
10.326860337462609,7.985745049908427,11.905149698257446
10.326860337462609,7.985745049908427,11.905149698257446
10.328506338801153,7.983667623160468,11.905149698257446
10.328506338801153,7.983667623160468,11.905149698257446
10.328506338801153,7.983667623160468,11.905149698257446
10.328506338801153,7.983667623160468,11.905149698257446
10.328506338801153,7.983667623160468,11.905149698257446
10.328506338801153,7.983667623160468,11.905149698257446
10.328506338801153,7.983667623160468,11.905149698257446
10.330531600459928,7.976732353909377,11.905149698257446
10.330531600459928,7.976732353909377,11.905149698257446
10.330531600459928,7.976732353909377,11.905149698257446
10.330531600459928,7.976732353909377,11.905149698257446
10.330531600459928,7.976732353909377,11.905149698257446
10.330531600459928,7.976732353909377,11.905149698257446
10.330531600459928,7.976732353909377,11.905149698257446
10.328729448964728,7.973140719924276,11.905149698257446
10.328729448964728,7.973140719924276,11.905149698257446
10.328729448964728,7.973140719924276,11.905149698257446
10.328729448964728,7.973140719924276,11.905149698257446
10.328729448964728,7.973140719924276,11.905149698257446
10.328729448964728,7.973140719924276,11.905149698257446
10.328729448964728,7.973140719924276,11.905149698257446
10.334602738092151,7.969415951301301,11.905149698257446
10.334602738092151,7.969415951301301,11.905149698257446
10.334602738092151,7.969415951301301,11.905149698257446
10.334602738092151,7.969415951301301,11.905149698257446
10.334602738092151,7.969415951301301,11.905149698257446
10.334602738092151,7.969415951301301,11.905149698257446
10.332428890540024,7.966280787666705,11.905149698257446
10.332428890540024,7.966280787666705,11.905149698257446
10.332428890540024,7.966280787666705,11.905149698257446
10.332428890540024,7.966280787666705,11.905149698257446
10.332428890540024,7.966280787666705,11.905149698257446
10.332428890540024,7.966280787666705,11.905149698257446
10.332428890540024,7.966280787666705,11.905149698257446
10.332428890540024,7.966280787666705,11.905149698257446
10.333355311776122,7.966043793174467,11.905149698257446
10.333355311776122,7.966043793174467,11.905149698257446
10.333355311776122,7.966043793174467,11.905149698257446
10.333355311776122,7.966043793174467,11.905149698257446
10.333355311776122,7.966043793174467,11.905149698257446
10.333355311776122,7.966043793174467,11.905149698257446
10.333355311776122,7.966043793174467,11.905149698257446
10.333355311776122,7.966043793174467,11.905149698257446
10.333634426575458,7.965167697980294,11.905149698257446
10.333634426575458,7.965167697980294,11.905149698257446
10.333634426575458,7.965167697980294,11.905149698257446
10.333634426575458,7.965167697980294,11.905149698257446
10.333634426575458,7.965167697980294,11.905149698257446
10.333634426575458,7.965167697980294,11.905149698257446
10.333634426575458,7.965167697980294,11.905149698257446
10.340985298328315,7.967810238031029,11.905149698257446
10.340985298328315,7.967810238031029,11.905149698257446
10.340985298328315,7.967810238031029,11.905149698257446
10.340985298328315,7.967810238031029,11.905149698257446
10.340985298328315,7.967810238031029,11.905149698257446
10.340985298328315,7.967810238031029,11.905149698257446
10.340985298328315,7.967810238031029,11.905149698257446
10.34027819354789,7.9593251452018485,11.905149698257446
10.34027819354789,7.9593251452018485,11.905149698257446
10.34027819354789,7.9593251452018485,11.905149698257446
10.34027819354789,7.9593251452018485,11.905149698257446
10.34027819354789,7.9593251452018485,11.905149698257446
10.34027819354789,7.9593251452018485,11.905149698257446
10.34027819354789,7.9593251452018485,11.905149698257446
10.343837007478507,7.948165186656332,11.905149698257446
10.343837007478507,7.948165186656332,11.905149698257446
10.343837007478507,7.948165186656332,11.905149698257446
10.343837007478507,7.948165186656332,11.905149698257446
10.343837007478507,7.948165186656332,11.905149698257446
10.343837007478507,7.948165186656332,11.905149698257446
10.343837007478507,7.948165186656332,11.905149698257446
10.349682800842542,7.943641337796118,11.905149698257446
10.349682800842542,7.943641337796118,11.905149698257446
10.349682800842542,7.943641337796118,11.905149698257446
10.349682800842542,7.943641337796118,11.905149698257446
10.349682800842542,7.943641337796118,11.905149698257446
10.349682800842542,7.943641337796118,11.905149698257446
10.349682800842542,7.943641337796118,11.905149698257446
10.349682800842542,7.943641337796118,11.905149698257446
10.349682800842542,7.943641337796118,11.905149698257446
10.349682800842542,7.943641337796118,11.905149698257446
10.345209844052482,7.949330901948627,11.905149698257446
10.345209844052482,7.949330901948627,11.905149698257446
10.345209844052482,7.949330901948627,11.905149698257446
10.345209844052482,7.949330901948627,11.905149698257446
10.345209844052482,7.949330901948627,11.905149698257446
10.345209844052482,7.949330901948627,11.905149698257446
10.345209844052482,7.949330901948627,11.905149698257446
10.345209844052482,7.949330901948627,11.905149698257446
10.345209844052482,7.949330901948627,11.905149698257446
10.345209844052482,7.949330901948627,11.905149698257446
10.346862651006182,7.945012455514911,11.905149698257446
10.346862651006182,7.945012455514911,11.905149698257446
10.346862651006182,7.945012455514911,11.905149698257446
10.346862651006182,7.945012455514911,11.905149698257446
10.346862651006182,7.945012455514911,11.905149698257446
10.346862651006182,7.945012455514911,11.905149698257446
10.34434758163057,7.945266820392784,11.905149698257446
10.34434758163057,7.945266820392784,11.905149698257446
10.34434758163057,7.945266820392784,11.905149698257446
10.34434758163057,7.945266820392784,11.905149698257446
10.34434758163057,7.945266820392784,11.905149698257446
10.34434758163057,7.945266820392784,11.905149698257446
10.34434758163057,7.945266820392784,11.905149698257446
10.345381846690968,7.950589297965328,11.905149698257446
10.345381846690968,7.950589297965328,11.905149698257446
10.345381846690968,7.950589297965328,11.905149698257446
10.345381846690968,7.950589297965328,11.905149698257446
10.345381846690968,7.950589297965328,11.905149698257446
10.345381846690968,7.950589297965328,11.905149698257446
10.344428846700133,7.953224876814378,11.905149698257446
10.344428846700133,7.953224876814378,11.905149698257446
10.344428846700133,7.953224876814378,11.905149698257446
10.344428846700133,7.953224876814378,11.905149698257446
10.344428846700133,7.953224876814378,11.905149698257446
10.344428846700133,7.953224876814378,11.905149698257446
10.344003673031319,7.947919148097382,11.905149698257446
10.344003673031319,7.947919148097382,11.905149698257446
10.344003673031319,7.947919148097382,11.905149698257446
10.344003673031319,7.947919148097382,11.905149698257446
10.344003673031319,7.947919148097382,11.905149698257446
10.344003673031319,7.947919148097382,11.905149698257446
10.344003673031319,7.947919148097382,11.905149698257446
10.347793853685495,7.948605224004942,11.905149698257446
10.347793853685495,7.948605224004942,11.905149698257446
10.347793853685495,7.948605224004942,11.905149698257446
10.347793853685495,7.948605224004942,11.905149698257446
10.347793853685495,7.948605224004942,11.905149698257446
10.347793853685495,7.948605224004942,11.905149698257446
10.349562322142543,7.943680842124482,11.905149698257446
10.349562322142543,7.943680842124482,11.905149698257446
10.349562322142543,7.943680842124482,11.905149698257446
10.349562322142543,7.943680842124482,11.905149698257446
10.349562322142543,7.943680842124482,11.905149698257446
10.349562322142543,7.943680842124482,11.905149698257446
10.349562322142543,7.943680842124482,11.905149698257446
10.34819782427105,7.94352371845976,11.905149698257446
10.34819782427105,7.94352371845976,11.905149698257446
10.34819782427105,7.94352371845976,11.905149698257446
10.34819782427105,7.94352371845976,11.905149698257446
10.34819782427105,7.94352371845976,11.905149698257446
10.34819782427105,7.94352371845976,11.905149698257446
10.35131197579619,7.943084773272699,11.905149698257446
10.35131197579619,7.943084773272699,11.905149698257446
10.35131197579619,7.943084773272699,11.905149698257446
10.35131197579619,7.943084773272699,11.905149698257446
10.35131197579619,7.943084773272699,11.905149698257446
10.35131197579619,7.943084773272699,11.905149698257446
10.35131197579619,7.943084773272699,11.905149698257446
10.350726106196007,7.94032406167383,11.905149698257446
10.350726106196007,7.94032406167383,11.905149698257446
10.350726106196007,7.94032406167383,11.905149698257446
10.350726106196007,7.94032406167383,11.905149698257446
10.350726106196007,7.94032406167383,11.905149698257446
10.350726106196007,7.94032406167383,11.905149698257446
10.354869480371729,7.942098307784392,11.905149698257446
10.354869480371729,7.942098307784392,11.905149698257446
10.354869480371729,7.942098307784392,11.905149698257446
10.354869480371729,7.942098307784392,11.905149698257446
10.354869480371729,7.942098307784392,11.905149698257446
10.354869480371729,7.942098307784392,11.905149698257446
10.354227405692908,7.943996867868616,11.905149698257446
10.354227405692908,7.943996867868616,11.905149698257446
10.354227405692908,7.943996867868616,11.905149698257446
10.354227405692908,7.943996867868616,11.905149698257446
10.354227405692908,7.943996867868616,11.905149698257446
10.354227405692908,7.943996867868616,11.905149698257446
10.354227405692908,7.943996867868616,11.905149698257446
10.354430903828389,7.943796601946386,11.905149698257446
10.354430903828389,7.943796601946386,11.905149698257446
10.354430903828389,7.943796601946386,11.905149698257446
10.354430903828389,7.943796601946386,11.905149698257446
10.354430903828389,7.943796601946386,11.905149698257446
10.354430903828389,7.943796601946386,11.905149698257446
10.355966648904307,7.942269786534662,11.905149698257446
10.355966648904307,7.942269786534662,11.905149698257446
10.355966648904307,7.942269786534662,11.905149698257446
10.355966648904307,7.942269786534662,11.905149698257446
10.355966648904307,7.942269786534662,11.905149698257446
10.355966648904307,7.942269786534662,11.905149698257446
10.355966648904307,7.942269786534662,11.905149698257446
10.35525352557178,7.936886002198127,11.905149698257446
10.35525352557178,7.936886002198127,11.905149698257446
10.35525352557178,7.936886002198127,11.905149698257446
10.35525352557178,7.936886002198127,11.905149698257446
10.35525352557178,7.936886002198127,11.905149698257446
10.35525352557178,7.936886002198127,11.905149698257446
10.35525352557178,7.936886002198127,11.905149698257446
10.357357843256741,7.9325874536577485,11.905149698257446
10.357357843256741,7.9325874536577485,11.905149698257446
10.357357843256741,7.9325874536577485,11.905149698257446
10.357357843256741,7.9325874536577485,11.905149698257446
10.357357843256741,7.9325874536577485,11.905149698257446
10.357357843256741,7.9325874536577485,11.905149698257446
10.357357843256741,7.9325874536577485,11.905149698257446
10.357426694455821,7.931217902592892,11.905149698257446
10.357426694455821,7.931217902592892,11.905149698257446
10.357426694455821,7.931217902592892,11.905149698257446
10.357426694455821,7.931217902592892,11.905149698257446
10.357426694455821,7.931217902592892,11.905149698257446
10.357426694455821,7.931217902592892,11.905149698257446
10.357426694455821,7.931217902592892,11.905149698257446
10.357286342204354,7.930501477401874,11.905149698257446
10.357286342204354,7.930501477401874,11.905149698257446
10.357286342204354,7.930501477401874,11.905149698257446
10.357286342204354,7.930501477401874,11.905149698257446
10.357286342204354,7.930501477401874,11.905149698257446
10.357286342204354,7.930501477401874,11.905149698257446
10.361130227282548,7.92744329635151,11.905149698257446
10.361130227282548,7.92744329635151,11.905149698257446
10.361130227282548,7.92744329635151,11.905149698257446
10.361130227282548,7.92744329635151,11.905149698257446
10.361130227282548,7.92744329635151,11.905149698257446
10.361130227282548,7.92744329635151,11.905149698257446
10.361130227282548,7.92744329635151,11.905149698257446
10.361348133860997,7.927351125642795,11.905149698257446
10.361348133860997,7.927351125642795,11.905149698257446
10.361348133860997,7.927351125642795,11.905149698257446
10.361348133860997,7.927351125642795,11.905149698257446
10.361348133860997,7.927351125642795,11.905149698257446
10.361348133860997,7.927351125642795,11.905149698257446
10.361348133860997,7.927351125642795,11.905149698257446
10.35884734569706,7.934202989985021,11.905149698257446
10.35884734569706,7.934202989985021,11.905149698257446
10.35884734569706,7.934202989985021,11.905149698257446
10.35884734569706,7.934202989985021,11.905149698257446
10.35884734569706,7.934202989985021,11.905149698257446
10.35884734569706,7.934202989985021,11.905149698257446
10.35884734569706,7.934202989985021,11.905149698257446
10.360188895275286,7.939353921935435,11.905149698257446
10.360188895275286,7.939353921935435,11.905149698257446
10.360188895275286,7.939353921935435,11.905149698257446
10.360188895275286,7.939353921935435,11.905149698257446
10.360188895275286,7.939353921935435,11.905149698257446
10.360188895275286,7.939353921935435,11.905149698257446
10.360188895275286,7.939353921935435,11.905149698257446
10.365293412630729,7.935296862320067,11.905149698257446
10.365293412630729,7.935296862320067,11.905149698257446
10.365293412630729,7.935296862320067,11.905149698257446
10.365293412630729,7.935296862320067,11.905149698257446
10.365293412630729,7.935296862320067,11.905149698257446
10.365293412630729,7.935296862320067,11.905149698257446
10.365293412630729,7.935296862320067,11.905149698257446
10.366531422289857,7.93772010085114,11.905149698257446
10.366531422289857,7.93772010085114,11.905149698257446
10.366531422289857,7.93772010085114,11.905149698257446
10.366531422289857,7.93772010085114,11.905149698257446
10.366531422289857,7.93772010085114,11.905149698257446
10.366531422289857,7.93772010085114,11.905149698257446
10.366531422289857,7.93772010085114,11.905149698257446
10.373497111184541,7.927369111227176,11.905149698257446
10.373497111184541,7.927369111227176,11.905149698257446
10.373497111184541,7.927369111227176,11.905149698257446
10.373497111184541,7.927369111227176,11.905149698257446
10.373497111184541,7.927369111227176,11.905149698257446
10.373497111184541,7.927369111227176,11.905149698257446
10.370312442442861,7.9289906663592635,11.905149698257446
10.370312442442861,7.9289906663592635,11.905149698257446
10.370312442442861,7.9289906663592635,11.905149698257446
10.370312442442861,7.9289906663592635,11.905149698257446
10.370312442442861,7.9289906663592635,11.905149698257446
10.370312442442861,7.9289906663592635,11.905149698257446
10.370312442442861,7.9289906663592635,11.905149698257446
10.370312442442861,7.9289906663592635,11.905149698257446
10.37156645414341,7.929775769059735,11.905149698257446
10.37156645414341,7.929775769059735,11.905149698257446
10.37156645414341,7.929775769059735,11.905149698257446
10.37156645414341,7.929775769059735,11.905149698257446
10.37156645414341,7.929775769059735,11.905149698257446
10.37156645414341,7.929775769059735,11.905149698257446
10.37156645414341,7.929775769059735,11.905149698257446
10.36922435413202,7.930863906801206,11.905149698257446
10.36922435413202,7.930863906801206,11.905149698257446
10.36922435413202,7.930863906801206,11.905149698257446
10.36922435413202,7.930863906801206,11.905149698257446
10.36922435413202,7.930863906801206,11.905149698257446
10.36922435413202,7.930863906801206,11.905149698257446
10.36922435413202,7.930863906801206,11.905149698257446
10.368961973261998,7.941435339783075,11.905149698257446
10.368961973261998,7.941435339783075,11.905149698257446
10.368961973261998,7.941435339783075,11.905149698257446
10.368961973261998,7.941435339783075,11.905149698257446
10.368961973261998,7.941435339783075,11.905149698257446
10.368961973261998,7.941435339783075,11.905149698257446
10.368961973261998,7.941435339783075,11.905149698257446
10.369747604916611,7.9412025054482305,11.905149698257446
10.369747604916611,7.9412025054482305,11.905149698257446
10.369747604916611,7.9412025054482305,11.905149698257446
10.369747604916611,7.9412025054482305,11.905149698257446
10.369747604916611,7.9412025054482305,11.905149698257446
10.369747604916611,7.9412025054482305,11.905149698257446
10.371920623256146,7.947460869610608,11.905149698257446
10.371920623256146,7.947460869610608,11.905149698257446
10.371920623256146,7.947460869610608,11.905149698257446
10.371920623256146,7.947460869610608,11.905149698257446
10.371920623256146,7.947460869610608,11.905149698257446
10.371920623256146,7.947460869610608,11.905149698257446
10.371920623256146,7.947460869610608,11.905149698257446
10.376357026687074,7.956107240204675,11.905149698257446
10.376357026687074,7.956107240204675,11.905149698257446
10.376357026687074,7.956107240204675,11.905149698257446
10.376357026687074,7.956107240204675,11.905149698257446
10.376357026687074,7.956107240204675,11.905149698257446
10.376357026687074,7.956107240204675,11.905149698257446
10.376357026687074,7.956107240204675,11.905149698257446
10.380079704224359,7.956946637776799,11.905149698257446
10.380079704224359,7.956946637776799,11.905149698257446
10.380079704224359,7.956946637776799,11.905149698257446
10.380079704224359,7.956946637776799,11.905149698257446
10.380079704224359,7.956946637776799,11.905149698257446
10.380079704224359,7.956946637776799,11.905149698257446
10.380079704224359,7.956946637776799,11.905149698257446
10.382827585817978,7.9621457890048415,11.905149698257446
10.382827585817978,7.9621457890048415,11.905149698257446
10.382827585817978,7.9621457890048415,11.905149698257446
10.382827585817978,7.9621457890048415,11.905149698257446
10.382827585817978,7.9621457890048415,11.905149698257446
10.382827585817978,7.9621457890048415,11.905149698257446
10.382827585817978,7.9621457890048415,11.905149698257446
10.387775805237476,7.958154364602869,11.905149698257446
10.387775805237476,7.958154364602869,11.905149698257446
10.387775805237476,7.958154364602869,11.905149698257446
10.387775805237476,7.958154364602869,11.905149698257446
10.387775805237476,7.958154364602869,11.905149698257446
10.387775805237476,7.958154364602869,11.905149698257446
10.38408533052324,7.960751547315119,11.905149698257446
10.38408533052324,7.960751547315119,11.905149698257446
10.38408533052324,7.960751547315119,11.905149698257446
10.38408533052324,7.960751547315119,11.905149698257446
10.38408533052324,7.960751547315119,11.905149698257446
10.38408533052324,7.960751547315119,11.905149698257446
10.38408533052324,7.960751547315119,11.905149698257446
10.385684275854041,7.955011850210659,11.905149698257446
10.385684275854041,7.955011850210659,11.905149698257446
10.385684275854041,7.955011850210659,11.905149698257446
10.385684275854041,7.955011850210659,11.905149698257446
10.385684275854041,7.955011850210659,11.905149698257446
10.385684275854041,7.955011850210659,11.905149698257446
10.388521031684812,7.9588475512258094,11.905149698257446
10.388521031684812,7.9588475512258094,11.905149698257446
10.388521031684812,7.9588475512258094,11.905149698257446
10.388521031684812,7.9588475512258094,11.905149698257446
10.388521031684812,7.9588475512258094,11.905149698257446
10.388521031684812,7.9588475512258094,11.905149698257446
10.388521031684812,7.9588475512258094,11.905149698257446
10.386576288320414,7.960307612110574,11.905149698257446
10.386576288320414,7.960307612110574,11.905149698257446
10.386576288320414,7.960307612110574,11.905149698257446
10.386576288320414,7.960307612110574,11.905149698257446
10.386576288320414,7.960307612110574,11.905149698257446
10.386576288320414,7.960307612110574,11.905149698257446
10.386576288320414,7.960307612110574,11.905149698257446
10.389836384945108,7.954417981543266,11.905149698257446
10.389836384945108,7.954417981543266,11.905149698257446
10.389836384945108,7.954417981543266,11.905149698257446
10.389836384945108,7.954417981543266,11.905149698257446
10.389836384945108,7.954417981543266,11.905149698257446
10.389836384945108,7.954417981543266,11.905149698257446
10.396583674316167,7.946165697974202,11.905149698257446
10.396583674316167,7.946165697974202,11.905149698257446
10.396583674316167,7.946165697974202,11.905149698257446
10.396583674316167,7.946165697974202,11.905149698257446
10.396583674316167,7.946165697974202,11.905149698257446
10.396583674316167,7.946165697974202,11.905149698257446
10.396583674316167,7.946165697974202,11.905149698257446
10.397882235413874,7.948923000189133,11.905149698257446
10.397882235413874,7.948923000189133,11.905149698257446
10.397882235413874,7.948923000189133,11.905149698257446
10.397882235413874,7.948923000189133,11.905149698257446
10.397882235413874,7.948923000189133,11.905149698257446
10.397882235413874,7.948923000189133,11.905149698257446
10.397882235413874,7.948923000189133,11.905149698257446
10.401778710527614,7.9441551289722145,11.905149698257446
10.401778710527614,7.9441551289722145,11.905149698257446
10.401778710527614,7.9441551289722145,11.905149698257446
10.401778710527614,7.9441551289722145,11.905149698257446
10.401778710527614,7.9441551289722145,11.905149698257446
10.409528045180629,7.940173101525185,11.905149698257446
10.409528045180629,7.940173101525185,11.905149698257446
10.409528045180629,7.940173101525185,11.905149698257446
10.409528045180629,7.940173101525185,11.905149698257446
10.409528045180629,7.940173101525185,11.905149698257446
10.409528045180629,7.940173101525185,11.905149698257446
10.409528045180629,7.940173101525185,11.905149698257446
10.407668284675418,7.93793088839589,11.905149698257446
10.407668284675418,7.93793088839589,11.905149698257446
10.407668284675418,7.93793088839589,11.905149698257446
10.407668284675418,7.93793088839589,11.905149698257446
10.407668284675418,7.93793088839589,11.905149698257446
10.412304906888176,7.937050422444984,11.905149698257446
10.412304906888176,7.937050422444984,11.905149698257446
10.412304906888176,7.937050422444984,11.905149698257446
10.412304906888176,7.937050422444984,11.905149698257446
10.412304906888176,7.937050422444984,11.905149698257446
10.409273163821146,7.9383251474832255,11.905149698257446
10.409273163821146,7.9383251474832255,11.905149698257446
10.409273163821146,7.9383251474832255,11.905149698257446
10.409273163821146,7.9383251474832255,11.905149698257446
10.415038131846314,7.937977458777797,11.905149698257446
10.415038131846314,7.937977458777797,11.905149698257446
10.415038131846314,7.937977458777797,11.905149698257446
10.415038131846314,7.937977458777797,11.905149698257446
10.428042572250956,7.930418322912487,11.905149698257446
10.428042572250956,7.930418322912487,11.905149698257446
10.428042572250956,7.930418322912487,11.905149698257446
10.428042572250956,7.930418322912487,11.905149698257446
10.428042572250956,7.930418322912487,11.905149698257446
10.43075327863866,7.927824571903715,11.905149698257446
10.43075327863866,7.927824571903715,11.905149698257446
10.43075327863866,7.927824571903715,11.905149698257446
10.43075327863866,7.927824571903715,11.905149698257446
10.431849979108293,7.931919130916873,11.905149698257446
10.431849979108293,7.931919130916873,11.905149698257446
10.431849979108293,7.931919130916873,11.905149698257446
10.431849979108293,7.931919130916873,11.905149698257446
10.431849979108293,7.931919130916873,11.905149698257446
10.433050358997027,7.927189308439416,11.905149698257446
10.433050358997027,7.927189308439416,11.905149698257446
10.433050358997027,7.927189308439416,11.905149698257446
10.433050358997027,7.927189308439416,11.905149698257446
10.435646383300973,7.91828234690573,11.905149698257446
10.435646383300973,7.91828234690573,11.905149698257446
10.435646383300973,7.91828234690573,11.905149698257446
10.435646383300973,7.91828234690573,11.905149698257446
10.435646383300973,7.91828234690573,11.905149698257446
10.435646383300973,7.91828234690573,11.905149698257446
10.435646383300973,7.91828234690573,11.905149698257446
10.445743507283536,7.919434847546779,11.905149698257446
10.445743507283536,7.919434847546779,11.905149698257446
10.445743507283536,7.919434847546779,11.905149698257446
10.445743507283536,7.919434847546779,11.905149698257446
10.44420765453919,7.920802812386102,11.905149698257446
10.44420765453919,7.920802812386102,11.905149698257446
10.44420765453919,7.920802812386102,11.905149698257446
10.44420765453919,7.920802812386102,11.905149698257446
10.44420765453919,7.920802812386102,11.905149698257446
10.440134401041142,7.921107871277593,11.905149698257446
10.440134401041142,7.921107871277593,11.905149698257446
10.440134401041142,7.921107871277593,11.905149698257446
10.440134401041142,7.921107871277593,11.905149698257446
10.444966447232742,7.921758510162012,11.905149698257446
10.444966447232742,7.921758510162012,11.905149698257446
10.444966447232742,7.921758510162012,11.905149698257446
10.444966447232742,7.921758510162012,11.905149698257446
10.444966447232742,7.921758510162012,11.905149698257446
10.448108179001963,7.913777195436524,11.905149698257446
10.448108179001963,7.913777195436524,11.905149698257446
10.448108179001963,7.913777195436524,11.905149698257446
10.448108179001963,7.913777195436524,11.905149698257446
10.452091079297018,7.908722773600855,11.905149698257446
10.452091079297018,7.908722773600855,11.905149698257446
10.452091079297018,7.908722773600855,11.905149698257446
10.452091079297018,7.908722773600855,11.905149698257446
10.452091079297018,7.908722773600855,11.905149698257446
10.45322247881765,7.904369210798057,11.905149698257446
10.45322247881765,7.904369210798057,11.905149698257446
10.45322247881765,7.904369210798057,11.905149698257446
10.45322247881765,7.904369210798057,11.905149698257446
10.447948288047368,7.908109347604813,11.905149698257446
10.447948288047368,7.908109347604813,11.905149698257446
10.447948288047368,7.908109347604813,11.905149698257446
10.447948288047368,7.908109347604813,11.905149698257446
10.447948288047368,7.908109347604813,11.905149698257446
10.451738633497728,7.917325992865763,11.905149698257446
10.451738633497728,7.917325992865763,11.905149698257446
10.451738633497728,7.917325992865763,11.905149698257446
10.451738633497728,7.917325992865763,11.905149698257446
10.451738633497728,7.917325992865763,11.905149698257446
10.458283076327522,7.909554584349753,11.905149698257446
10.458283076327522,7.909554584349753,11.905149698257446
10.458283076327522,7.909554584349753,11.905149698257446
10.458283076327522,7.909554584349753,11.905149698257446
10.458283076327522,7.909554584349753,11.905149698257446
10.459809300647732,7.907630048540871,11.905149698257446
10.459809300647732,7.907630048540871,11.905149698257446
10.459809300647732,7.907630048540871,11.905149698257446
10.459809300647732,7.907630048540871,11.905149698257446
10.550072184664,7.908292437570152,11.905149698257446
10.550072184664,7.908292437570152,11.905149698257446
10.550072184664,7.908292437570152,11.905149698257446
10.550072184664,7.908292437570152,11.905149698257446
10.562487427492256,7.90753686398477,11.905149698257446
10.562487427492256,7.90753686398477,11.905149698257446
10.562487427492256,7.90753686398477,11.905149698257446
10.564225523991833,7.908378518292219,11.905149698257446
10.564225523991833,7.908378518292219,11.905149698257446
10.564225523991833,7.908378518292219,11.905149698257446
10.564225523991833,7.908378518292219,11.905149698257446
10.566090252451465,7.910990127861941,11.905149698257446
10.566090252451465,7.910990127861941,11.905149698257446
10.566090252451465,7.910990127861941,11.905149698257446
10.56413821659081,7.911957996675069,11.905149698257446
10.56413821659081,7.911957996675069,11.905149698257446
10.56413821659081,7.911957996675069,11.905149698257446
10.56413821659081,7.911957996675069,11.905149698257446
10.563516737599512,7.913097278816884,11.905149698257446
10.563516737599512,7.913097278816884,11.905149698257446
10.563516737599512,7.913097278816884,11.905149698257446
10.563516737599512,7.913097278816884,11.905149698257446
6.979959627345692,8.669740285178618,11.905149698257446
6.979959627345692,8.669740285178618,11.905149698257446
6.979959627345692,8.669740285178618,11.905149698257446
6.979959627345692,8.669740285178618,11.905149698257446
6.979959627345692,8.669740285178618,11.905149698257446
6.979959627345692,8.669740285178618,11.905149698257446
6.70927242916779,8.73979925809886,11.905149698257446
6.70927242916779,8.73979925809886,11.905149698257446
6.70927242916779,8.73979925809886,11.905149698257446
6.70927242916779,8.73979925809886,11.905149698257446
6.70927242916779,8.73979925809886,11.905149698257446
6.742524462076383,8.738416307503233,11.905149698257446
6.742524462076383,8.738416307503233,11.905149698257446
6.742524462076383,8.738416307503233,11.905149698257446
6.742524462076383,8.738416307503233,11.905149698257446
6.742524462076383,8.738416307503233,11.905149698257446
6.78253143721302,8.727625501357512,11.905149698257446
6.78253143721302,8.727625501357512,11.905149698257446
6.78253143721302,8.727625501357512,11.905149698257446
6.78253143721302,8.727625501357512,11.905149698257446
6.78253143721302,8.727625501357512,11.905149698257446
6.777870124487005,8.719739793547935,11.905149698257446
6.777870124487005,8.719739793547935,11.905149698257446
6.777870124487005,8.719739793547935,11.905149698257446
6.777870124487005,8.719739793547935,11.905149698257446
6.737821904150365,8.710820615525618,11.905149698257446
6.737821904150365,8.710820615525618,11.905149698257446
6.737821904150365,8.710820615525618,11.905149698257446
6.737821904150365,8.710820615525618,11.905149698257446
6.737821904150365,8.710820615525618,11.905149698257446
6.737821904150365,8.710820615525618,11.905149698257446
6.739254557317138,8.702589598384135,11.905149698257446
6.739254557317138,8.702589598384135,11.905149698257446
6.739254557317138,8.702589598384135,11.905149698257446
6.739254557317138,8.702589598384135,11.905149698257446
6.739254557317138,8.702589598384135,11.905149698257446
6.723572483742435,8.685130590408686,11.905149698257446
6.723572483742435,8.685130590408686,11.905149698257446
6.723572483742435,8.685130590408686,11.905149698257446
6.723572483742435,8.685130590408686,11.905149698257446
6.723572483742435,8.685130590408686,11.905149698257446
6.684792509433259,8.66729672816323,11.905149698257446
6.684792509433259,8.66729672816323,11.905149698257446
6.684792509433259,8.66729672816323,11.905149698257446
6.684792509433259,8.66729672816323,11.905149698257446
6.684792509433259,8.66729672816323,11.905149698257446
6.607211064841194,8.682013844135275,11.905149698257446
6.607211064841194,8.682013844135275,11.905149698257446
6.607211064841194,8.682013844135275,11.905149698257446
6.607211064841194,8.682013844135275,11.905149698257446
6.607211064841194,8.682013844135275,11.905149698257446
6.607211064841194,8.682013844135275,11.905149698257446
6.558864410893753,8.708456940893536,11.905149698257446
6.558864410893753,8.708456940893536,11.905149698257446
6.558864410893753,8.708456940893536,11.905149698257446
6.558864410893753,8.708456940893536,11.905149698257446
6.558864410893753,8.708456940893536,11.905149698257446
6.5101699175729095,8.69510494579352,11.905149698257446
6.5101699175729095,8.69510494579352,11.905149698257446
6.5101699175729095,8.69510494579352,11.905149698257446
6.5101699175729095,8.69510494579352,11.905149698257446
6.5101699175729095,8.69510494579352,11.905149698257446
6.484517964719144,8.678892772094947,11.905149698257446
6.484517964719144,8.678892772094947,11.905149698257446
6.484517964719144,8.678892772094947,11.905149698257446
6.484517964719144,8.678892772094947,11.905149698257446
6.484517964719144,8.678892772094947,11.905149698257446
6.478735083920181,8.666906905223357,11.905149698257446
6.478735083920181,8.666906905223357,11.905149698257446
6.478735083920181,8.666906905223357,11.905149698257446
6.478735083920181,8.666906905223357,11.905149698257446
6.478735083920181,8.666906905223357,11.905149698257446
6.422242733482361,8.687631462056464,11.905149698257446
6.422242733482361,8.687631462056464,11.905149698257446
6.422242733482361,8.687631462056464,11.905149698257446
6.422242733482361,8.687631462056464,11.905149698257446
6.422242733482361,8.687631462056464,11.905149698257446
6.4238768962990775,8.701957365000636,11.905149698257446
6.4238768962990775,8.701957365000636,11.905149698257446
6.4238768962990775,8.701957365000636,11.905149698257446
6.4238768962990775,8.701957365000636,11.905149698257446
6.4238768962990775,8.701957365000636,11.905149698257446
6.330743708524633,8.695423876117463,11.905149698257446
6.330743708524633,8.695423876117463,11.905149698257446
6.330743708524633,8.695423876117463,11.905149698257446
6.330743708524633,8.695423876117463,11.905149698257446
6.330743708524633,8.695423876117463,11.905149698257446
6.330743708524633,8.695423876117463,11.905149698257446
6.330743708524633,8.695423876117463,11.905149698257446
6.302441769706548,8.673942320542327,11.905149698257446
6.302441769706548,8.673942320542327,11.905149698257446
6.302441769706548,8.673942320542327,11.905149698257446
6.302441769706548,8.673942320542327,11.905149698257446
6.302441769706548,8.673942320542327,11.905149698257446
6.272596644568094,8.642242226939569,11.905149698257446
6.272596644568094,8.642242226939569,11.905149698257446
6.272596644568094,8.642242226939569,11.905149698257446
6.272596644568094,8.642242226939569,11.905149698257446
6.241138367121634,8.610343316647569,11.905149698257446
6.241138367121634,8.610343316647569,11.905149698257446
6.241138367121634,8.610343316647569,11.905149698257446
6.241138367121634,8.610343316647569,11.905149698257446
6.202724381626826,8.583358965827006,11.905149698257446
6.202724381626826,8.583358965827006,11.905149698257446
6.202724381626826,8.583358965827006,11.905149698257446
6.202724381626826,8.583358965827006,11.905149698257446
6.202724381626826,8.583358965827006,11.905149698257446
6.192383656001557,8.564856933393033,11.905149698257446
6.192383656001557,8.564856933393033,11.905149698257446
6.192383656001557,8.564856933393033,11.905149698257446
6.192383656001557,8.564856933393033,11.905149698257446
6.192383656001557,8.564856933393033,11.905149698257446
6.192383656001557,8.564856933393033,11.905149698257446
6.192383656001557,8.564856933393033,11.905149698257446
6.0856575770110855,8.535510982806407,11.905149698257446
6.0856575770110855,8.535510982806407,11.905149698257446
6.0856575770110855,8.535510982806407,11.905149698257446
6.0856575770110855,8.535510982806407,11.905149698257446
6.0856575770110855,8.535510982806407,11.905149698257446
5.999148094555318,8.518741041083503,11.905149698257446
5.999148094555318,8.518741041083503,11.905149698257446
5.999148094555318,8.518741041083503,11.905149698257446
5.999148094555318,8.518741041083503,11.905149698257446
5.999148094555318,8.518741041083503,11.905149698257446
5.999148094555318,8.518741041083503,11.905149698257446
5.964346391430702,8.508929985276174,11.905149698257446
5.964346391430702,8.508929985276174,11.905149698257446
5.964346391430702,8.508929985276174,11.905149698257446
5.964346391430702,8.508929985276174,11.905149698257446
5.831120521492212,8.513030260161411,11.905149698257446
5.831120521492212,8.513030260161411,11.905149698257446
5.831120521492212,8.513030260161411,11.905149698257446
5.831120521492212,8.513030260161411,11.905149698257446
5.831120521492212,8.513030260161411,11.905149698257446
5.722830363917665,8.518128370001412,11.905149698257446
5.722830363917665,8.518128370001412,11.905149698257446
5.722830363917665,8.518128370001412,11.905149698257446
5.722830363917665,8.518128370001412,11.905149698257446
5.722830363917665,8.518128370001412,11.905149698257446
5.585877764502509,8.52708017259239,11.905149698257446
5.585877764502509,8.52708017259239,11.905149698257446
5.585877764502509,8.52708017259239,11.905149698257446
5.585877764502509,8.52708017259239,11.905149698257446
5.454175179204434,8.540388866170407,11.905149698257446
5.454175179204434,8.540388866170407,11.905149698257446
5.454175179204434,8.540388866170407,11.905149698257446
5.454175179204434,8.540388866170407,11.905149698257446
5.454175179204434,8.540388866170407,11.905149698257446
5.2882881617104305,8.541056806287374,11.905149698257446
5.2882881617104305,8.541056806287374,11.905149698257446
5.2882881617104305,8.541056806287374,11.905149698257446
5.2882881617104305,8.541056806287374,11.905149698257446
5.2882881617104305,8.541056806287374,11.905149698257446
5.145497409142864,8.531621259720017,11.905149698257446
5.145497409142864,8.531621259720017,11.905149698257446
5.145497409142864,8.531621259720017,11.905149698257446
5.145497409142864,8.531621259720017,11.905149698257446
5.145497409142864,8.531621259720017,11.905149698257446
5.067444980222877,8.502272004817877,11.905149698257446
5.067444980222877,8.502272004817877,11.905149698257446
5.067444980222877,8.502272004817877,11.905149698257446
5.067444980222877,8.502272004817877,11.905149698257446
5.067444980222877,8.502272004817877,11.905149698257446
4.93894193973452,8.477808219987343,11.905149698257446
4.93894193973452,8.477808219987343,11.905149698257446
4.93894193973452,8.477808219987343,11.905149698257446
4.93894193973452,8.477808219987343,11.905149698257446
4.778826656012767,8.463089767434587,11.905149698257446
4.778826656012767,8.463089767434587,11.905149698257446
4.778826656012767,8.463089767434587,11.905149698257446
4.778826656012767,8.463089767434587,11.905149698257446
4.778826656012767,8.463089767434587,11.905149698257446
4.751490661526453,8.457910684548711,11.905149698257446
4.751490661526453,8.457910684548711,11.905149698257446
4.751490661526453,8.457910684548711,11.905149698257446
4.751490661526453,8.457910684548711,11.905149698257446
4.751490661526453,8.457910684548711,11.905149698257446
4.574459876477492,8.447616912033027,11.905149698257446
4.574459876477492,8.447616912033027,11.905149698257446
4.574459876477492,8.447616912033027,11.905149698257446
4.574459876477492,8.447616912033027,11.905149698257446
4.436974543119534,8.43453595773367,11.905149698257446
4.436974543119534,8.43453595773367,11.905149698257446
4.436974543119534,8.43453595773367,11.905149698257446
4.436974543119534,8.43453595773367,11.905149698257446
4.436974543119534,8.43453595773367,11.905149698257446
4.262175440475754,8.420266310774617,11.905149698257446
4.262175440475754,8.420266310774617,11.905149698257446
4.262175440475754,8.420266310774617,11.905149698257446
4.262175440475754,8.420266310774617,11.905149698257446
4.23885751385646,8.419468150989955,11.905149698257446
4.23885751385646,8.419468150989955,11.905149698257446
4.23885751385646,8.419468150989955,11.905149698257446
4.23885751385646,8.419468150989955,11.905149698257446
4.179427601232059,8.422770931313815,11.905149698257446
4.179427601232059,8.422770931313815,11.905149698257446
4.179427601232059,8.422770931313815,11.905149698257446
4.179427601232059,8.422770931313815,11.905149698257446
4.179427601232059,8.422770931313815,11.905149698257446
4.002146545764013,8.422517490306301,11.905149698257446
4.002146545764013,8.422517490306301,11.905149698257446
4.002146545764013,8.422517490306301,11.905149698257446
4.002146545764013,8.422517490306301,11.905149698257446
4.002146545764013,8.422517490306301,11.905149698257446
3.8782990022251975,8.41188452400074,11.905149698257446
3.8782990022251975,8.41188452400074,11.905149698257446
3.8782990022251975,8.41188452400074,11.905149698257446
3.8782990022251975,8.41188452400074,11.905149698257446
3.8782990022251975,8.41188452400074,11.905149698257446
3.6968100097683987,8.403284470468646,11.905149698257446
3.6968100097683987,8.403284470468646,11.905149698257446
3.6968100097683987,8.403284470468646,11.905149698257446
3.6968100097683987,8.403284470468646,11.905149698257446
3.6968100097683987,8.403284470468646,11.905149698257446
3.5876240013393703,8.41210570029344,11.905149698257446
3.5876240013393703,8.41210570029344,11.905149698257446
3.5876240013393703,8.41210570029344,11.905149698257446
3.5876240013393703,8.41210570029344,11.905149698257446
3.5876240013393703,8.41210570029344,11.905149698257446
3.4638918740713387,8.422280649719658,11.905149698257446
3.4638918740713387,8.422280649719658,11.905149698257446
3.4638918740713387,8.422280649719658,11.905149698257446
3.4638918740713387,8.422280649719658,11.905149698257446
3.3257385176322973,8.431526839610322,11.905149698257446
3.3257385176322973,8.431526839610322,11.905149698257446
3.3257385176322973,8.431526839610322,11.905149698257446
3.3257385176322973,8.431526839610322,11.905149698257446
3.3257385176322973,8.431526839610322,11.905149698257446
3.203223603619145,8.434046756808904,11.905149698257446
3.203223603619145,8.434046756808904,11.905149698257446
3.203223603619145,8.434046756808904,11.905149698257446
3.203223603619145,8.434046756808904,11.905149698257446
3.203223603619145,8.434046756808904,11.905149698257446
3.051807995605238,8.42211365732347,11.905149698257446
3.051807995605238,8.42211365732347,11.905149698257446
3.051807995605238,8.42211365732347,11.905149698257446
3.051807995605238,8.42211365732347,11.905149698257446
3.051807995605238,8.42211365732347,11.905149698257446
2.931920042735211,8.398961621785066,11.905149698257446
2.931920042735211,8.398961621785066,11.905149698257446
2.931920042735211,8.398961621785066,11.905149698257446
2.931920042735211,8.398961621785066,11.905149698257446
2.931920042735211,8.398961621785066,11.905149698257446
2.779161407614072,8.3791228107237,11.905149698257446
2.779161407614072,8.3791228107237,11.905149698257446
2.779161407614072,8.3791228107237,11.905149698257446
2.779161407614072,8.3791228107237,11.905149698257446
2.779161407614072,8.3791228107237,11.905149698257446
2.590615142420902,8.36754625443968,11.905149698257446
2.590615142420902,8.36754625443968,11.905149698257446
2.590615142420902,8.36754625443968,11.905149698257446
2.590615142420902,8.36754625443968,11.905149698257446
2.590615142420902,8.36754625443968,11.905149698257446
2.438588397708791,8.361466991190259,11.905149698257446
2.438588397708791,8.361466991190259,11.905149698257446
2.438588397708791,8.361466991190259,11.905149698257446
2.438588397708791,8.361466991190259,11.905149698257446
2.438588397708791,8.361466991190259,11.905149698257446
2.296556887165693,8.348304765283551,11.905149698257446
2.296556887165693,8.348304765283551,11.905149698257446
2.296556887165693,8.348304765283551,11.905149698257446
2.296556887165693,8.348304765283551,11.905149698257446
2.1156179773955617,8.340778725600984,11.905149698257446
2.1156179773955617,8.340778725600984,11.905149698257446
2.1156179773955617,8.340778725600984,11.905149698257446
2.1156179773955617,8.340778725600984,11.905149698257446
2.1156179773955617,8.340778725600984,11.905149698257446
2.023086618219342,8.333610383425196,11.905149698257446
2.023086618219342,8.333610383425196,11.905149698257446
2.023086618219342,8.333610383425196,11.905149698257446
2.023086618219342,8.333610383425196,11.905149698257446
2.023086618219342,8.333610383425196,11.905149698257446
1.8394924773907926,8.326362391510047,11.905149698257446
1.8394924773907926,8.326362391510047,11.905149698257446
1.8394924773907926,8.326362391510047,11.905149698257446
1.8394924773907926,8.326362391510047,11.905149698257446
1.8394924773907926,8.326362391510047,11.905149698257446
1.641981440156559,8.331000192827368,11.905149698257446
1.641981440156559,8.331000192827368,11.905149698257446
1.641981440156559,8.331000192827368,11.905149698257446
1.641981440156559,8.331000192827368,11.905149698257446
1.641981440156559,8.331000192827368,11.905149698257446
1.5057749739335167,8.342359568789156,11.905149698257446
1.5057749739335167,8.342359568789156,11.905149698257446
1.5057749739335167,8.342359568789156,11.905149698257446
1.5057749739335167,8.342359568789156,11.905149698257446
1.5057749739335167,8.342359568789156,11.905149698257446
1.3466918393118708,8.348539851576554,11.905149698257446
1.3466918393118708,8.348539851576554,11.905149698257446
1.3466918393118708,8.348539851576554,11.905149698257446
1.3466918393118708,8.348539851576554,11.905149698257446
1.1908859016787567,8.355024956661069,11.905149698257446
1.1908859016787567,8.355024956661069,11.905149698257446
1.1908859016787567,8.355024956661069,11.905149698257446
1.1908859016787567,8.355024956661069,11.905149698257446
1.1908859016787567,8.355024956661069,11.905149698257446
0.9804004707781985,8.363139057340886,11.905149698257446
0.9804004707781985,8.363139057340886,11.905149698257446
0.9804004707781985,8.363139057340886,11.905149698257446
0.9804004707781985,8.363139057340886,11.905149698257446
0.9804004707781985,8.363139057340886,11.905149698257446
0.8044377831467007,8.3829643960774,11.905149698257446
0.8044377831467007,8.3829643960774,11.905149698257446
0.8044377831467007,8.3829643960774,11.905149698257446
0.8044377831467007,8.3829643960774,11.905149698257446
0.8044377831467007,8.3829643960774,11.905149698257446
0.640633669481751,8.400086469614342,11.905149698257446
0.640633669481751,8.400086469614342,11.905149698257446
0.640633669481751,8.400086469614342,11.905149698257446
0.640633669481751,8.400086469614342,11.905149698257446
0.640633669481751,8.400086469614342,11.905149698257446
0.45185624034427413,8.416758959162614,11.905149698257446
0.45185624034427413,8.416758959162614,11.905149698257446
0.45185624034427413,8.416758959162614,11.905149698257446
0.45185624034427413,8.416758959162614,11.905149698257446
0.45185624034427413,8.416758959162614,11.905149698257446
0.27507412639110046,8.436439262099448,11.905149698257446
0.27507412639110046,8.436439262099448,11.905149698257446
0.27507412639110046,8.436439262099448,11.905149698257446
0.27507412639110046,8.436439262099448,11.905149698257446
0.27507412639110046,8.436439262099448,11.905149698257446
0.27507412639110046,8.436439262099448,11.905149698257446
0.11325400855220026,8.448724681136289,11.905149698257446
0.11325400855220026,8.448724681136289,11.905149698257446
0.11325400855220026,8.448724681136289,11.905149698257446
0.11325400855220026,8.448724681136289,11.905149698257446
0.11325400855220026,8.448724681136289,11.905149698257446
-0.04502609936248196,8.463967896401986,11.905149698257446
-0.04502609936248196,8.463967896401986,11.905149698257446
-0.04502609936248196,8.463967896401986,11.905149698257446
-0.04502609936248196,8.463967896401986,11.905149698257446
-0.04502609936248196,8.463967896401986,11.905149698257446
-0.1969917040738154,8.475535331583316,11.905149698257446
-0.1969917040738154,8.475535331583316,11.905149698257446
-0.1969917040738154,8.475535331583316,11.905149698257446
-0.1969917040738154,8.475535331583316,11.905149698257446
-0.1969917040738154,8.475535331583316,11.905149698257446
-0.1969917040738154,8.475535331583316,11.905149698257446
-0.35526387047279817,8.485968433506406,11.905149698257446
-0.35526387047279817,8.485968433506406,11.905149698257446
-0.35526387047279817,8.485968433506406,11.905149698257446
-0.35526387047279817,8.485968433506406,11.905149698257446
-0.5728449831019465,8.503444295109954,11.905149698257446
-0.5728449831019465,8.503444295109954,11.905149698257446
-0.5728449831019465,8.503444295109954,11.905149698257446
-0.5728449831019465,8.503444295109954,11.905149698257446
-0.5728449831019465,8.503444295109954,11.905149698257446
-0.5728449831019465,8.503444295109954,11.905149698257446
-0.74043617677402,8.51742832729499,11.905149698257446
-0.74043617677402,8.51742832729499,11.905149698257446
-0.74043617677402,8.51742832729499,11.905149698257446
-0.74043617677402,8.51742832729499,11.905149698257446
-0.9126104217126227,8.522552580362657,11.905149698257446
-0.9126104217126227,8.522552580362657,11.905149698257446
-0.9126104217126227,8.522552580362657,11.905149698257446
-0.9126104217126227,8.522552580362657,11.905149698257446
-0.9126104217126227,8.522552580362657,11.905149698257446
-1.0113922507542208,8.520740370871247,11.905149698257446
-1.0113922507542208,8.520740370871247,11.905149698257446
-1.0113922507542208,8.520740370871247,11.905149698257446
-1.0113922507542208,8.520740370871247,11.905149698257446
-1.0113922507542208,8.520740370871247,11.905149698257446
-1.1914859233797053,8.512707038804663,11.905149698257446
-1.1914859233797053,8.512707038804663,11.905149698257446
-1.1914859233797053,8.512707038804663,11.905149698257446
-1.1914859233797053,8.512707038804663,11.905149698257446
-1.3557436878856421,8.498465999865719,11.905149698257446
-1.3557436878856421,8.498465999865719,11.905149698257446
-1.3557436878856421,8.498465999865719,11.905149698257446
-1.3557436878856421,8.498465999865719,11.905149698257446
-1.3557436878856421,8.498465999865719,11.905149698257446
-1.545573494555545,8.48870102238094,11.905149698257446
-1.545573494555545,8.48870102238094,11.905149698257446
-1.545573494555545,8.48870102238094,11.905149698257446
-1.545573494555545,8.48870102238094,11.905149698257446
-1.7102356418374582,8.49888537302579,11.905149698257446
-1.7102356418374582,8.49888537302579,11.905149698257446
-1.7102356418374582,8.49888537302579,11.905149698257446
-1.7102356418374582,8.49888537302579,11.905149698257446
-1.7102356418374582,8.49888537302579,11.905149698257446
-1.8024350596091234,8.502677865793677,11.905149698257446
-1.8024350596091234,8.502677865793677,11.905149698257446
-1.8024350596091234,8.502677865793677,11.905149698257446
-1.8024350596091234,8.502677865793677,11.905149698257446
-1.9744808518720733,8.513119013850766,11.905149698257446
-1.9744808518720733,8.513119013850766,11.905149698257446
-1.9744808518720733,8.513119013850766,11.905149698257446
-1.9744808518720733,8.513119013850766,11.905149698257446
-1.9744808518720733,8.513119013850766,11.905149698257446
-2.161996761942664,8.504981065708014,11.905149698257446
-2.161996761942664,8.504981065708014,11.905149698257446
-2.161996761942664,8.504981065708014,11.905149698257446
-2.161996761942664,8.504981065708014,11.905149698257446
-2.302978417588558,8.496151249396751,11.905149698257446
-2.302978417588558,8.496151249396751,11.905149698257446
-2.302978417588558,8.496151249396751,11.905149698257446
-2.302978417588558,8.496151249396751,11.905149698257446
-2.4505353207678193,8.4919923652409,11.905149698257446
-2.4505353207678193,8.4919923652409,11.905149698257446
-2.4505353207678193,8.4919923652409,11.905149698257446
-2.4505353207678193,8.4919923652409,11.905149698257446
-2.4505353207678193,8.4919923652409,11.905149698257446
-2.672326997225991,8.486173468076993,11.905149698257446
-2.672326997225991,8.486173468076993,11.905149698257446
-2.672326997225991,8.486173468076993,11.905149698257446
-2.672326997225991,8.486173468076993,11.905149698257446
-2.7293637702470344,8.483371269629112,11.905149698257446
-2.7293637702470344,8.483371269629112,11.905149698257446
-2.7293637702470344,8.483371269629112,11.905149698257446
-2.7293637702470344,8.483371269629112,11.905149698257446
-2.7293637702470344,8.483371269629112,11.905149698257446
-2.9235280153830785,8.488444762920045,11.905149698257446
-2.9235280153830785,8.488444762920045,11.905149698257446
-2.9235280153830785,8.488444762920045,11.905149698257446
-2.9235280153830785,8.488444762920045,11.905149698257446
-3.1056946189995696,8.485769529715174,11.905149698257446
-3.1056946189995696,8.485769529715174,11.905149698257446
-3.1056946189995696,8.485769529715174,11.905149698257446
-3.1056946189995696,8.485769529715174,11.905149698257446
-3.1056946189995696,8.485769529715174,11.905149698257446
-3.1056946189995696,8.485769529715174,11.905149698257446
-3.1056946189995696,8.485769529715174,11.905149698257446
-3.1056946189995696,8.485769529715174,11.905149698257446
-3.1056946189995696,8.485769529715174,11.905149698257446
-3.1056946189995696,8.485769529715174,11.905149698257446
-3.1891484126219134,8.483369933883568,11.905149698257446
-3.1891484126219134,8.483369933883568,11.905149698257446
-3.1891484126219134,8.483369933883568,11.905149698257446
-3.1891484126219134,8.483369933883568,11.905149698257446
-3.1891484126219134,8.483369933883568,11.905149698257446
-3.1891484126219134,8.483369933883568,11.905149698257446
-3.1891484126219134,8.483369933883568,11.905149698257446
-3.1891484126219134,8.483369933883568,11.905149698257446
-3.5353414033379575,8.49743805179249,11.905149698257446
-3.5353414033379575,8.49743805179249,11.905149698257446
-3.5353414033379575,8.49743805179249,11.905149698257446
-3.5353414033379575,8.49743805179249,11.905149698257446
-3.5353414033379575,8.49743805179249,11.905149698257446
-3.5353414033379575,8.49743805179249,11.905149698257446
-3.5353414033379575,8.49743805179249,11.905149698257446
-3.5353414033379575,8.49743805179249,11.905149698257446
-3.90802511663896,8.508954355267992,11.905149698257446
-3.90802511663896,8.508954355267992,11.905149698257446
-3.90802511663896,8.508954355267992,11.905149698257446
-3.90802511663896,8.508954355267992,11.905149698257446
-3.90802511663896,8.508954355267992,11.905149698257446
-3.90802511663896,8.508954355267992,11.905149698257446
-3.90802511663896,8.508954355267992,11.905149698257446
-4.389819639141193,8.500295030433039,11.905149698257446
-4.389819639141193,8.500295030433039,11.905149698257446
-4.389819639141193,8.500295030433039,11.905149698257446
-4.389819639141193,8.500295030433039,11.905149698257446
-4.389819639141193,8.500295030433039,11.905149698257446
-4.389819639141193,8.500295030433039,11.905149698257446
-4.918403918407417,8.492687014544721,11.905149698257446
-4.918403918407417,8.492687014544721,11.905149698257446
-4.918403918407417,8.492687014544721,11.905149698257446
-4.918403918407417,8.492687014544721,11.905149698257446
-4.918403918407417,8.492687014544721,11.905149698257446
-4.918403918407417,8.492687014544721,11.905149698257446
-4.918403918407417,8.492687014544721,11.905149698257446
-5.2297247677134875,8.499790549892337,11.905149698257446
-5.2297247677134875,8.499790549892337,11.905149698257446
-5.2297247677134875,8.499790549892337,11.905149698257446
-5.2297247677134875,8.499790549892337,11.905149698257446
-5.2297247677134875,8.499790549892337,11.905149698257446
-5.2297247677134875,8.499790549892337,11.905149698257446
-5.556724237123441,8.517867038460137,11.905149698257446
-5.556724237123441,8.517867038460137,11.905149698257446
-5.556724237123441,8.517867038460137,11.905149698257446
-5.556724237123441,8.517867038460137,11.905149698257446
-5.556724237123441,8.517867038460137,11.905149698257446
-5.556724237123441,8.517867038460137,11.905149698257446
-5.556724237123441,8.517867038460137,11.905149698257446
-5.556724237123441,8.517867038460137,11.905149698257446
-5.751177098347348,8.524535674205227,11.905149698257446
-5.751177098347348,8.524535674205227,11.905149698257446
-5.751177098347348,8.524535674205227,11.905149698257446
-5.751177098347348,8.524535674205227,11.905149698257446
-5.751177098347348,8.524535674205227,11.905149698257446
-5.751177098347348,8.524535674205227,11.905149698257446
-5.751177098347348,8.524535674205227,11.905149698257446
-5.751177098347348,8.524535674205227,11.905149698257446
-6.125130121018615,8.532098397466243,11.905149698257446
-6.125130121018615,8.532098397466243,11.905149698257446
-6.125130121018615,8.532098397466243,11.905149698257446
-6.125130121018615,8.532098397466243,11.905149698257446
-6.125130121018615,8.532098397466243,11.905149698257446
-6.125130121018615,8.532098397466243,11.905149698257446
-6.125130121018615,8.532098397466243,11.905149698257446
-6.125130121018615,8.532098397466243,11.905149698257446
-6.399730361032933,8.543223706737523,11.905149698257446
-6.399730361032933,8.543223706737523,11.905149698257446
-6.399730361032933,8.543223706737523,11.905149698257446
-6.399730361032933,8.543223706737523,11.905149698257446
-6.399730361032933,8.543223706737523,11.905149698257446
-6.399730361032933,8.543223706737523,11.905149698257446
-6.399730361032933,8.543223706737523,11.905149698257446
-6.399730361032933,8.543223706737523,11.905149698257446
-6.673574614924925,8.561768453712359,11.905149698257446
-6.673574614924925,8.561768453712359,11.905149698257446
-6.673574614924925,8.561768453712359,11.905149698257446
-6.673574614924925,8.561768453712359,11.905149698257446
-6.673574614924925,8.561768453712359,11.905149698257446
-6.673574614924925,8.561768453712359,11.905149698257446
-6.673574614924925,8.561768453712359,11.905149698257446
-6.673574614924925,8.561768453712359,11.905149698257446
-6.938142785243481,8.565278577136805,11.905149698257446
-6.938142785243481,8.565278577136805,11.905149698257446
-6.938142785243481,8.565278577136805,11.905149698257446
-6.938142785243481,8.565278577136805,11.905149698257446
-6.938142785243481,8.565278577136805,11.905149698257446
-6.938142785243481,8.565278577136805,11.905149698257446
-6.938142785243481,8.565278577136805,11.905149698257446
-6.938142785243481,8.565278577136805,11.905149698257446
-7.204804045692375,8.578944576585853,11.905149698257446
-7.204804045692375,8.578944576585853,11.905149698257446
-7.204804045692375,8.578944576585853,11.905149698257446
-7.204804045692375,8.578944576585853,11.905149698257446
-7.204804045692375,8.578944576585853,11.905149698257446
-7.204804045692375,8.578944576585853,11.905149698257446
-7.204804045692375,8.578944576585853,11.905149698257446
-7.4742432403570405,8.57937869881792,11.905149698257446
-7.4742432403570405,8.57937869881792,11.905149698257446
-7.4742432403570405,8.57937869881792,11.905149698257446
-7.4742432403570405,8.57937869881792,11.905149698257446
-7.4742432403570405,8.57937869881792,11.905149698257446
-7.4742432403570405,8.57937869881792,11.905149698257446
-7.4742432403570405,8.57937869881792,11.905149698257446
-7.758576844721719,8.570296949944208,11.905149698257446
-7.758576844721719,8.570296949944208,11.905149698257446
-7.758576844721719,8.570296949944208,11.905149698257446
-7.758576844721719,8.570296949944208,11.905149698257446
-7.758576844721719,8.570296949944208,11.905149698257446
-7.758576844721719,8.570296949944208,11.905149698257446
-7.758576844721719,8.570296949944208,11.905149698257446
-7.758576844721719,8.570296949944208,11.905149698257446
-7.758576844721719,8.570296949944208,11.905149698257446
-8.023372717648481,8.55618145112916,11.905149698257446
-8.023372717648481,8.55618145112916,11.905149698257446
-8.023372717648481,8.55618145112916,11.905149698257446
-8.023372717648481,8.55618145112916,11.905149698257446
-8.023372717648481,8.55618145112916,11.905149698257446
-8.023372717648481,8.55618145112916,11.905149698257446
-8.023372717648481,8.55618145112916,11.905149698257446
-8.023372717648481,8.55618145112916,11.905149698257446
-8.375889048173356,8.550944681512252,11.905149698257446
-8.375889048173356,8.550944681512252,11.905149698257446
-8.375889048173356,8.550944681512252,11.905149698257446
-8.375889048173356,8.550944681512252,11.905149698257446
-8.375889048173356,8.550944681512252,11.905149698257446
-8.375889048173356,8.550944681512252,11.905149698257446
-8.375889048173356,8.550944681512252,11.905149698257446
-8.643632299224382,8.564479755763093,11.905149698257446
-8.643632299224382,8.564479755763093,11.905149698257446
-8.643632299224382,8.564479755763093,11.905149698257446
-8.643632299224382,8.564479755763093,11.905149698257446
-8.643632299224382,8.564479755763093,11.905149698257446
-8.643632299224382,8.564479755763093,11.905149698257446
-8.643632299224382,8.564479755763093,11.905149698257446
-8.643632299224382,8.564479755763093,11.905149698257446
-8.915154931789841,8.563976087543098,11.905149698257446
-8.915154931789841,8.563976087543098,11.905149698257446
-8.915154931789841,8.563976087543098,11.905149698257446
-8.915154931789841,8.563976087543098,11.905149698257446
-8.915154931789841,8.563976087543098,11.905149698257446
-8.915154931789841,8.563976087543098,11.905149698257446
-8.915154931789841,8.563976087543098,11.905149698257446
-9.20437250028843,8.541045805449698,11.905149698257446
-9.20437250028843,8.541045805449698,11.905149698257446
-9.20437250028843,8.541045805449698,11.905149698257446
-9.20437250028843,8.541045805449698,11.905149698257446
-9.20437250028843,8.541045805449698,11.905149698257446
-9.20437250028843,8.541045805449698,11.905149698257446
-9.20437250028843,8.541045805449698,11.905149698257446
-9.471620370853696,8.539448465723453,11.905149698257446
-9.471620370853696,8.539448465723453,11.905149698257446
-9.471620370853696,8.539448465723453,11.905149698257446
-9.471620370853696,8.539448465723453,11.905149698257446
-9.471620370853696,8.539448465723453,11.905149698257446
-9.471620370853696,8.539448465723453,11.905149698257446
-9.471620370853696,8.539448465723453,11.905149698257446
-9.471620370853696,8.539448465723453,11.905149698257446
-9.726599153873599,8.534995661079773,11.905149698257446
-9.726599153873599,8.534995661079773,11.905149698257446
-9.726599153873599,8.534995661079773,11.905149698257446
-9.726599153873599,8.534995661079773,11.905149698257446
-9.726599153873599,8.534995661079773,11.905149698257446
-9.726599153873599,8.534995661079773,11.905149698257446
-9.726599153873599,8.534995661079773,11.905149698257446
-9.726599153873599,8.534995661079773,11.905149698257446
-10.001510436602068,8.536134448112744,11.905149698257446
-10.001510436602068,8.536134448112744,11.905149698257446
-10.001510436602068,8.536134448112744,11.905149698257446
-10.001510436602068,8.536134448112744,11.905149698257446
-10.001510436602068,8.536134448112744,11.905149698257446
-10.001510436602068,8.536134448112744,11.905149698257446
-10.001510436602068,8.536134448112744,11.905149698257446
-10.001510436602068,8.536134448112744,11.905149698257446
-10.25272423904677,8.541779168958806,11.905149698257446
-10.25272423904677,8.541779168958806,11.905149698257446
-10.25272423904677,8.541779168958806,11.905149698257446
-10.25272423904677,8.541779168958806,11.905149698257446
-10.25272423904677,8.541779168958806,11.905149698257446
-10.25272423904677,8.541779168958806,11.905149698257446
-10.25272423904677,8.541779168958806,11.905149698257446
-10.53950214131196,8.54938104138531,11.905149698257446
-10.53950214131196,8.54938104138531,11.905149698257446
-10.53950214131196,8.54938104138531,11.905149698257446
-10.53950214131196,8.54938104138531,11.905149698257446
-10.53950214131196,8.54938104138531,11.905149698257446
-10.53950214131196,8.54938104138531,11.905149698257446
-10.53950214131196,8.54938104138531,11.905149698257446
-10.53950214131196,8.54938104138531,11.905149698257446
-10.78915302085908,8.554744550937638,11.905149698257446
-10.78915302085908,8.554744550937638,11.905149698257446
-10.78915302085908,8.554744550937638,11.905149698257446
-10.78915302085908,8.554744550937638,11.905149698257446
-10.78915302085908,8.554744550937638,11.905149698257446
-10.78915302085908,8.554744550937638,11.905149698257446
-10.78915302085908,8.554744550937638,11.905149698257446
-10.78915302085908,8.554744550937638,11.905149698257446
-11.023756483783101,8.556194094416115,11.905149698257446
-11.023756483783101,8.556194094416115,11.905149698257446
-11.023756483783101,8.556194094416115,11.905149698257446
-11.023756483783101,8.556194094416115,11.905149698257446
-11.023756483783101,8.556194094416115,11.905149698257446
-11.023756483783101,8.556194094416115,11.905149698257446
-11.023756483783101,8.556194094416115,11.905149698257446
-11.023756483783101,8.556194094416115,11.905149698257446
-11.276983681203049,8.56901964646404,11.905149698257446
-11.276983681203049,8.56901964646404,11.905149698257446
-11.276983681203049,8.56901964646404,11.905149698257446
-11.276983681203049,8.56901964646404,11.905149698257446
-11.276983681203049,8.56901964646404,11.905149698257446
-11.276983681203049,8.56901964646404,11.905149698257446
-11.276983681203049,8.56901964646404,11.905149698257446
-11.494746290539199,8.579748522506472,11.905149698257446
-11.494746290539199,8.579748522506472,11.905149698257446
-11.494746290539199,8.579748522506472,11.905149698257446
-11.494746290539199,8.579748522506472,11.905149698257446
-11.494746290539199,8.579748522506472,11.905149698257446
-11.494746290539199,8.579748522506472,11.905149698257446
-11.494746290539199,8.579748522506472,11.905149698257446
-11.494746290539199,8.579748522506472,11.905149698257446
-11.713335016690648,8.595166624440122,11.905149698257446
-11.713335016690648,8.595166624440122,11.905149698257446
-11.713335016690648,8.595166624440122,11.905149698257446
-11.713335016690648,8.595166624440122,11.905149698257446
-11.713335016690648,8.595166624440122,11.905149698257446
-11.713335016690648,8.595166624440122,11.905149698257446
-11.713335016690648,8.595166624440122,11.905149698257446
-11.713335016690648,8.595166624440122,11.905149698257446
-11.915547307126525,8.607790369023576,11.905149698257446
-11.915547307126525,8.607790369023576,11.905149698257446
-11.915547307126525,8.607790369023576,11.905149698257446
-11.915547307126525,8.607790369023576,11.905149698257446
-11.915547307126525,8.607790369023576,11.905149698257446
-11.915547307126525,8.607790369023576,11.905149698257446
-11.915547307126525,8.607790369023576,11.905149698257446
-11.915547307126525,8.607790369023576,11.905149698257446
-12.196053780517916,8.61368838749402,11.905149698257446
-12.196053780517916,8.61368838749402,11.905149698257446
-12.196053780517916,8.61368838749402,11.905149698257446
-12.196053780517916,8.61368838749402,11.905149698257446
-12.196053780517916,8.61368838749402,11.905149698257446
-12.196053780517916,8.61368838749402,11.905149698257446
-12.196053780517916,8.61368838749402,11.905149698257446
-12.196053780517916,8.61368838749402,11.905149698257446
-12.367738742276389,8.612368703493987,11.905149698257446
-12.367738742276389,8.612368703493987,11.905149698257446
-12.367738742276389,8.612368703493987,11.905149698257446
-12.367738742276389,8.612368703493987,11.905149698257446
-12.367738742276389,8.612368703493987,11.905149698257446
-12.537977951431541,8.618823059240086,11.905149698257446
-12.537977951431541,8.618823059240086,11.905149698257446
-12.537977951431541,8.618823059240086,11.905149698257446
-12.537977951431541,8.618823059240086,11.905149698257446
-12.537977951431541,8.618823059240086,11.905149698257446
-12.537977951431541,8.618823059240086,11.905149698257446
-12.537977951431541,8.618823059240086,11.905149698257446
-12.636271426750659,8.603662738435922,11.905149698257446
-12.636271426750659,8.603662738435922,11.905149698257446
-12.636271426750659,8.603662738435922,11.905149698257446
-12.636271426750659,8.603662738435922,11.905149698257446
-12.636271426750659,8.603662738435922,11.905149698257446
-12.636271426750659,8.603662738435922,11.905149698257446
-12.804675939950815,8.581873240257346,11.905149698257446
-12.804675939950815,8.581873240257346,11.905149698257446
-12.804675939950815,8.581873240257346,11.905149698257446
-12.804675939950815,8.581873240257346,11.905149698257446
-12.875698015779001,8.546871200216826,11.905149698257446
-12.875698015779001,8.546871200216826,11.905149698257446
-12.875698015779001,8.546871200216826,11.905149698257446
-12.875698015779001,8.546871200216826,11.905149698257446
-12.922195426367797,8.50675620730175,11.905149698257446
-12.922195426367797,8.50675620730175,11.905149698257446
-12.922195426367797,8.50675620730175,11.905149698257446
-12.922195426367797,8.50675620730175,11.905149698257446
-12.964048490999255,8.467717542763028,11.905149698257446
-12.964048490999255,8.467717542763028,11.905149698257446
-12.964048490999255,8.467717542763028,11.905149698257446
-12.964048490999255,8.467717542763028,11.905149698257446
-13.027517430274893,8.397895441892357,11.905149698257446
-13.027517430274893,8.397895441892357,11.905149698257446
-13.027517430274893,8.397895441892357,11.905149698257446
-13.027517430274893,8.397895441892357,11.905149698257446
-13.075000310966676,8.325033394071767,11.905149698257446
-13.075000310966676,8.325033394071767,11.905149698257446
-13.075000310966676,8.325033394071767,11.905149698257446
-13.073320883200912,8.289908206850297,11.905149698257446
-13.073320883200912,8.289908206850297,11.905149698257446
-13.073320883200912,8.289908206850297,11.905149698257446
-13.073320883200912,8.289908206850297,11.905149698257446
-13.158208403455259,8.204235297378716,11.905149698257446
-13.158208403455259,8.204235297378716,11.905149698257446
-13.158208403455259,8.204235297378716,11.905149698257446
-13.158208403455259,8.204235297378716,11.905149698257446
-13.159104454457367,8.135650305786557,11.905149698257446
-13.159104454457367,8.135650305786557,11.905149698257446
-13.159104454457367,8.135650305786557,11.905149698257446
-13.159104454457367,8.135650305786557,11.905149698257446
-13.17927762346639,8.060668938789762,11.905149698257446
-13.17927762346639,8.060668938789762,11.905149698257446
-13.17927762346639,8.060668938789762,11.905149698257446
-13.17927762346639,8.060668938789762,11.905149698257446
-13.18413068765118,8.016511599092787,11.905149698257446
-13.18413068765118,8.016511599092787,11.905149698257446
-13.18413068765118,8.016511599092787,11.905149698257446
-13.18413068765118,8.016511599092787,11.905149698257446
-13.18413068765118,8.016511599092787,11.905149698257446
-13.253418563272996,7.9451063964342,11.905149698257446
-13.253418563272996,7.9451063964342,11.905149698257446
-13.253418563272996,7.9451063964342,11.905149698257446
-13.253418563272996,7.9451063964342,11.905149698257446
-13.312145426326282,7.847737434266112,11.905149698257446
-13.312145426326282,7.847737434266112,11.905149698257446
-13.312145426326282,7.847737434266112,11.905149698257446
-13.312145426326282,7.847737434266112,11.905149698257446
-13.373274467370463,7.784186943648221,11.905149698257446
-13.373274467370463,7.784186943648221,11.905149698257446
-13.373274467370463,7.784186943648221,11.905149698257446
-13.373274467370463,7.784186943648221,11.905149698257446
-13.434386657390709,7.693869457031127,11.905149698257446
-13.434386657390709,7.693869457031127,11.905149698257446
-13.434386657390709,7.693869457031127,11.905149698257446
-13.434386657390709,7.693869457031127,11.905149698257446
-13.512022094613624,7.592848538064532,11.905149698257446
-13.512022094613624,7.592848538064532,11.905149698257446
-13.512022094613624,7.592848538064532,11.905149698257446
-13.512022094613624,7.592848538064532,11.905149698257446
-13.523869649906255,7.542353899084737,11.905149698257446
-13.523869649906255,7.542353899084737,11.905149698257446
-13.523869649906255,7.542353899084737,11.905149698257446
-13.523869649906255,7.542353899084737,11.905149698257446
-13.575427001452415,7.43243028637311,11.905149698257446
-13.575427001452415,7.43243028637311,11.905149698257446
-13.575427001452415,7.43243028637311,11.905149698257446
-13.575427001452415,7.43243028637311,11.905149698257446
-13.583500783401671,7.382767852411168,11.905149698257446
-13.583500783401671,7.382767852411168,11.905149698257446
-13.583500783401671,7.382767852411168,11.905149698257446
-13.583500783401671,7.382767852411168,11.905149698257446
-13.615220829450804,7.297195702955282,11.905149698257446
-13.615220829450804,7.297195702955282,11.905149698257446
-13.615220829450804,7.297195702955282,11.905149698257446
-13.615220829450804,7.297195702955282,11.905149698257446
-13.69353648814487,7.210643445188286,11.905149698257446
-13.69353648814487,7.210643445188286,11.905149698257446
-13.69353648814487,7.210643445188286,11.905149698257446
-13.69353648814487,7.210643445188286,11.905149698257446
-13.69353648814487,7.210643445188286,11.905149698257446
-13.722921935731488,7.151690663511266,11.905149698257446
-13.722921935731488,7.151690663511266,11.905149698257446
-13.722921935731488,7.151690663511266,11.905149698257446
-13.722921935731488,7.151690663511266,11.905149698257446
-13.750009335554372,7.0745707134155325,11.905149698257446
-13.750009335554372,7.0745707134155325,11.905149698257446
-13.750009335554372,7.0745707134155325,11.905149698257446
-13.750009335554372,7.0745707134155325,11.905149698257446
-13.790760103057568,6.987945951010936,11.905149698257446
-13.790760103057568,6.987945951010936,11.905149698257446
-13.790760103057568,6.987945951010936,11.905149698257446
-13.790760103057568,6.987945951010936,11.905149698257446
-13.790760103057568,6.987945951010936,11.905149698257446
-13.783457062458533,6.927250711639426,11.905149698257446
-13.783457062458533,6.927250711639426,11.905149698257446
-13.783457062458533,6.927250711639426,11.905149698257446
-13.783457062458533,6.927250711639426,11.905149698257446
-13.81137692428929,6.832980803560111,11.905149698257446
-13.81137692428929,6.832980803560111,11.905149698257446
-13.81137692428929,6.832980803560111,11.905149698257446
-13.81137692428929,6.832980803560111,11.905149698257446
-13.840895034440031,6.754456214242421,11.905149698257446
-13.840895034440031,6.754456214242421,11.905149698257446
-13.840895034440031,6.754456214242421,11.905149698257446
-13.840895034440031,6.754456214242421,11.905149698257446
-13.840895034440031,6.754456214242421,11.905149698257446
-13.853040385326475,6.675579316288248,11.905149698257446
-13.853040385326475,6.675579316288248,11.905149698257446
-13.853040385326475,6.675579316288248,11.905149698257446
-13.853040385326475,6.675579316288248,11.905149698257446
-13.868940973745582,6.586724908753899,11.905149698257446
-13.868940973745582,6.586724908753899,11.905149698257446
-13.868940973745582,6.586724908753899,11.905149698257446
-13.868940973745582,6.586724908753899,11.905149698257446
-13.868940973745582,6.586724908753899,11.905149698257446
-13.887458685552351,6.543933630793983,11.905149698257446
-13.887458685552351,6.543933630793983,11.905149698257446
-13.887458685552351,6.543933630793983,11.905149698257446
-13.887458685552351,6.543933630793983,11.905149698257446
-13.887458685552351,6.543933630793983,11.905149698257446
-13.887458685552351,6.543933630793983,11.905149698257446
-13.887458685552351,6.543933630793983,11.905149698257446
-13.9158317485634,6.427496919806741,11.905149698257446
-13.9158317485634,6.427496919806741,11.905149698257446
-13.9158317485634,6.427496919806741,11.905149698257446
-13.9158317485634,6.427496919806741,11.905149698257446
-13.9158317485634,6.427496919806741,11.905149698257446
-13.9158317485634,6.427496919806741,11.905149698257446
-13.9158317485634,6.427496919806741,11.905149698257446
-13.926409999037077,6.284105009747582,11.905149698257446
-13.926409999037077,6.284105009747582,11.905149698257446
-13.926409999037077,6.284105009747582,11.905149698257446
-13.926409999037077,6.284105009747582,11.905149698257446
-13.926409999037077,6.284105009747582,11.905149698257446
-13.926409999037077,6.284105009747582,11.905149698257446
-13.926409999037077,6.284105009747582,11.905149698257446
-13.926409999037077,6.284105009747582,11.905149698257446
-13.920512306636018,6.118333778312134,11.905149698257446
-13.920512306636018,6.118333778312134,11.905149698257446
-13.920512306636018,6.118333778312134,11.905149698257446
-13.920512306636018,6.118333778312134,11.905149698257446
-13.920512306636018,6.118333778312134,11.905149698257446
-13.920512306636018,6.118333778312134,11.905149698257446
-13.920512306636018,6.118333778312134,11.905149698257446
-13.912353699801237,5.955408641426084,11.905149698257446
-13.912353699801237,5.955408641426084,11.905149698257446
-13.912353699801237,5.955408641426084,11.905149698257446
-13.912353699801237,5.955408641426084,11.905149698257446
-13.912353699801237,5.955408641426084,11.905149698257446
-13.912353699801237,5.955408641426084,11.905149698257446
-13.912353699801237,5.955408641426084,11.905149698257446
-13.935106662639255,5.764594592185937,11.905149698257446
-13.935106662639255,5.764594592185937,11.905149698257446
-13.935106662639255,5.764594592185937,11.905149698257446
-13.935106662639255,5.764594592185937,11.905149698257446
-13.935106662639255,5.764594592185937,11.905149698257446
-13.935106662639255,5.764594592185937,11.905149698257446
-13.935106662639255,5.764594592185937,11.905149698257446
-13.935106662639255,5.764594592185937,11.905149698257446
-13.968830103552845,5.588997203373622,11.905149698257446
-13.968830103552845,5.588997203373622,11.905149698257446
-13.968830103552845,5.588997203373622,11.905149698257446
-13.968830103552845,5.588997203373622,11.905149698257446
-13.968830103552845,5.588997203373622,11.905149698257446
-13.968830103552845,5.588997203373622,11.905149698257446
-14.026742661871483,5.38887699206618,11.905149698257446
-14.026742661871483,5.38887699206618,11.905149698257446
-14.026742661871483,5.38887699206618,11.905149698257446
-14.026742661871483,5.38887699206618,11.905149698257446
-14.026742661871483,5.38887699206618,11.905149698257446
-14.026742661871483,5.38887699206618,11.905149698257446
-14.061353925419297,5.257527030021226,11.905149698257446
-14.061353925419297,5.257527030021226,11.905149698257446
-14.061353925419297,5.257527030021226,11.905149698257446
-14.061353925419297,5.257527030021226,11.905149698257446
-14.061353925419297,5.257527030021226,11.905149698257446
-14.061353925419297,5.257527030021226,11.905149698257446
-14.073529315964155,5.074256039330438,11.905149698257446
-14.073529315964155,5.074256039330438,11.905149698257446
-14.073529315964155,5.074256039330438,11.905149698257446
-14.073529315964155,5.074256039330438,11.905149698257446
-14.073529315964155,5.074256039330438,11.905149698257446
-14.073529315964155,5.074256039330438,11.905149698257446
-14.073529315964155,5.074256039330438,11.905149698257446
-14.066443492089665,4.942946489196849,11.905149698257446
-14.066443492089665,4.942946489196849,11.905149698257446
-14.066443492089665,4.942946489196849,11.905149698257446
-14.066443492089665,4.942946489196849,11.905149698257446
-14.066443492089665,4.942946489196849,11.905149698257446
-14.066443492089665,4.942946489196849,11.905149698257446
-14.045385567445454,4.745672202731077,11.905149698257446
-14.045385567445454,4.745672202731077,11.905149698257446
-14.045385567445454,4.745672202731077,11.905149698257446
-14.045385567445454,4.745672202731077,11.905149698257446
-14.045385567445454,4.745672202731077,11.905149698257446
-14.045385567445454,4.745672202731077,11.905149698257446
-14.045385567445454,4.745672202731077,11.905149698257446
-14.063516503481578,4.607195444701296,11.905149698257446
-14.063516503481578,4.607195444701296,11.905149698257446
-14.063516503481578,4.607195444701296,11.905149698257446
-14.063516503481578,4.607195444701296,11.905149698257446
-14.063516503481578,4.607195444701296,11.905149698257446
-14.063516503481578,4.607195444701296,11.905149698257446
-14.061475884586544,4.3987092828940595,11.905149698257446
-14.061475884586544,4.3987092828940595,11.905149698257446
-14.061475884586544,4.3987092828940595,11.905149698257446
-14.061475884586544,4.3987092828940595,11.905149698257446
-14.061475884586544,4.3987092828940595,11.905149698257446
-14.061475884586544,4.3987092828940595,11.905149698257446
-14.062011256268992,4.261598582674774,11.905149698257446
-14.062011256268992,4.261598582674774,11.905149698257446
-14.062011256268992,4.261598582674774,11.905149698257446
-14.062011256268992,4.261598582674774,11.905149698257446
-14.062011256268992,4.261598582674774,11.905149698257446
-14.062011256268992,4.261598582674774,11.905149698257446
-14.086548143524853,4.044437976872775,11.905149698257446
-14.086548143524853,4.044437976872775,11.905149698257446
-14.086548143524853,4.044437976872775,11.905149698257446
-14.086548143524853,4.044437976872775,11.905149698257446
-14.086548143524853,4.044437976872775,11.905149698257446
-14.086548143524853,4.044437976872775,11.905149698257446
-14.126390474920422,3.824778302271789,11.905149698257446
-14.126390474920422,3.824778302271789,11.905149698257446
-14.126390474920422,3.824778302271789,11.905149698257446
-14.126390474920422,3.824778302271789,11.905149698257446
-14.126390474920422,3.824778302271789,11.905149698257446
-14.126390474920422,3.824778302271789,11.905149698257446
-14.126390474920422,3.824778302271789,11.905149698257446
-14.12717275898133,3.679721708175314,11.905149698257446
-14.12717275898133,3.679721708175314,11.905149698257446
-14.12717275898133,3.679721708175314,11.905149698257446
-14.12717275898133,3.679721708175314,11.905149698257446
-14.12717275898133,3.679721708175314,11.905149698257446
-14.12717275898133,3.679721708175314,11.905149698257446
-14.100163500775485,3.5454372290057523,11.905149698257446
-14.100163500775485,3.5454372290057523,11.905149698257446
-14.100163500775485,3.5454372290057523,11.905149698257446
-14.100163500775485,3.5454372290057523,11.905149698257446
-14.100163500775485,3.5454372290057523,11.905149698257446
-14.100163500775485,3.5454372290057523,11.905149698257446
-14.05568295929723,3.3125751440878584,11.905149698257446
-14.05568295929723,3.3125751440878584,11.905149698257446
-14.05568295929723,3.3125751440878584,11.905149698257446
-14.05568295929723,3.3125751440878584,11.905149698257446
-14.05568295929723,3.3125751440878584,11.905149698257446
-14.081835791848551,3.1634456026703646,11.905149698257446
-14.081835791848551,3.1634456026703646,11.905149698257446
-14.081835791848551,3.1634456026703646,11.905149698257446
-14.081835791848551,3.1634456026703646,11.905149698257446
-14.081835791848551,3.1634456026703646,11.905149698257446
-14.081835791848551,3.1634456026703646,11.905149698257446
-14.081835791848551,3.1634456026703646,11.905149698257446
-14.086169228820761,2.9316525421782127,11.905149698257446
-14.086169228820761,2.9316525421782127,11.905149698257446
-14.086169228820761,2.9316525421782127,11.905149698257446
-14.086169228820761,2.9316525421782127,11.905149698257446
-14.086169228820761,2.9316525421782127,11.905149698257446
-14.086169228820761,2.9316525421782127,11.905149698257446
-14.086169228820761,2.9316525421782127,11.905149698257446
-14.116804117299917,2.7729925500384347,11.905149698257446
-14.116804117299917,2.7729925500384347,11.905149698257446
-14.116804117299917,2.7729925500384347,11.905149698257446
-14.116804117299917,2.7729925500384347,11.905149698257446
-14.116804117299917,2.7729925500384347,11.905149698257446
-14.116804117299917,2.7729925500384347,11.905149698257446
-14.05770953045746,2.5456954018636533,11.905149698257446
-14.05770953045746,2.5456954018636533,11.905149698257446
-14.05770953045746,2.5456954018636533,11.905149698257446
-14.05770953045746,2.5456954018636533,11.905149698257446
-14.05770953045746,2.5456954018636533,11.905149698257446
-14.05770953045746,2.5456954018636533,11.905149698257446
-14.05770953045746,2.5456954018636533,11.905149698257446
-14.039769640837378,2.32735946792278,11.905149698257446
-14.039769640837378,2.32735946792278,11.905149698257446
-14.039769640837378,2.32735946792278,11.905149698257446
-14.039769640837378,2.32735946792278,11.905149698257446
-14.039769640837378,2.32735946792278,11.905149698257446
-14.039769640837378,2.32735946792278,11.905149698257446
-14.063367998211824,2.1582845151041297,11.905149698257446
-14.063367998211824,2.1582845151041297,11.905149698257446
-14.063367998211824,2.1582845151041297,11.905149698257446
-14.063367998211824,2.1582845151041297,11.905149698257446
-14.063367998211824,2.1582845151041297,11.905149698257446
-14.063367998211824,2.1582845151041297,11.905149698257446
-14.019345349340702,1.913427353903722,11.905149698257446
-14.019345349340702,1.913427353903722,11.905149698257446
-14.019345349340702,1.913427353903722,11.905149698257446
-14.019345349340702,1.913427353903722,11.905149698257446
-14.019345349340702,1.913427353903722,11.905149698257446
-14.019345349340702,1.913427353903722,11.905149698257446
-14.019345349340702,1.913427353903722,11.905149698257446
-13.993854841159164,1.694713252122534,11.905149698257446
-13.993854841159164,1.694713252122534,11.905149698257446
-13.993854841159164,1.694713252122534,11.905149698257446
-13.993854841159164,1.694713252122534,11.905149698257446
-13.993854841159164,1.694713252122534,11.905149698257446
-13.993854841159164,1.694713252122534,11.905149698257446
-13.961634945126638,1.5569552053157172,11.905149698257446
-13.961634945126638,1.5569552053157172,11.905149698257446
-13.961634945126638,1.5569552053157172,11.905149698257446
-13.961634945126638,1.5569552053157172,11.905149698257446
-13.961634945126638,1.5569552053157172,11.905149698257446
-13.961634945126638,1.5569552053157172,11.905149698257446
-13.951427998296502,1.4053227456007173,11.905149698257446
-13.951427998296502,1.4053227456007173,11.905149698257446
-13.951427998296502,1.4053227456007173,11.905149698257446
-13.951427998296502,1.4053227456007173,11.905149698257446
-13.951427998296502,1.4053227456007173,11.905149698257446
-13.951427998296502,1.4053227456007173,11.905149698257446
-13.900809921407712,1.2088822428298678,11.905149698257446
-13.900809921407712,1.2088822428298678,11.905149698257446
-13.900809921407712,1.2088822428298678,11.905149698257446
-13.900809921407712,1.2088822428298678,11.905149698257446
-13.900809921407712,1.2088822428298678,11.905149698257446
-13.900809921407712,1.2088822428298678,11.905149698257446
-13.900809921407712,1.2088822428298678,11.905149698257446
-13.857879391384108,1.088195948624972,11.905149698257446
-13.857879391384108,1.088195948624972,11.905149698257446
-13.857879391384108,1.088195948624972,11.905149698257446
-13.857879391384108,1.088195948624972,11.905149698257446
-13.857879391384108,1.088195948624972,11.905149698257446
-13.857879391384108,1.088195948624972,11.905149698257446
-13.796653170231686,0.9254820185045143,11.905149698257446
-13.796653170231686,0.9254820185045143,11.905149698257446
-13.796653170231686,0.9254820185045143,11.905149698257446
-13.796653170231686,0.9254820185045143,11.905149698257446
-13.796653170231686,0.9254820185045143,11.905149698257446
-13.796653170231686,0.9254820185045143,11.905149698257446
-13.730113164185891,0.8334744035159491,11.905149698257446
-13.730113164185891,0.8334744035159491,11.905149698257446
-13.730113164185891,0.8334744035159491,11.905149698257446
-13.730113164185891,0.8334744035159491,11.905149698257446
-13.730113164185891,0.8334744035159491,11.905149698257446
-13.730113164185891,0.8334744035159491,11.905149698257446
-13.63903450735392,0.708802277269497,11.905149698257446
-13.63903450735392,0.708802277269497,11.905149698257446
-13.63903450735392,0.708802277269497,11.905149698257446
-13.63903450735392,0.708802277269497,11.905149698257446
-13.63903450735392,0.708802277269497,11.905149698257446
-13.529794121385134,0.5843669266419274,11.905149698257446
-13.529794121385134,0.5843669266419274,11.905149698257446
-13.529794121385134,0.5843669266419274,11.905149698257446
-13.529794121385134,0.5843669266419274,11.905149698257446
-13.529794121385134,0.5843669266419274,11.905149698257446
-13.529794121385134,0.5843669266419274,11.905149698257446
-13.450523413074,0.5254007696721981,11.905149698257446
-13.450523413074,0.5254007696721981,11.905149698257446
-13.450523413074,0.5254007696721981,11.905149698257446
-13.450523413074,0.5254007696721981,11.905149698257446
-13.450523413074,0.5254007696721981,11.905149698257446
-13.450523413074,0.5254007696721981,11.905149698257446
-13.36668507795865,0.4316351124325671,11.905149698257446
-13.36668507795865,0.4316351124325671,11.905149698257446
-13.36668507795865,0.4316351124325671,11.905149698257446
-13.36668507795865,0.4316351124325671,11.905149698257446
-13.36668507795865,0.4316351124325671,11.905149698257446
-13.36668507795865,0.4316351124325671,11.905149698257446
-13.272437982067968,0.2952710913890208,11.905149698257446
-13.272437982067968,0.2952710913890208,11.905149698257446
-13.272437982067968,0.2952710913890208,11.905149698257446
-13.272437982067968,0.2952710913890208,11.905149698257446
-13.272437982067968,0.2952710913890208,11.905149698257446
-13.272437982067968,0.2952710913890208,11.905149698257446
-13.199691668221435,0.22019429067810486,11.905149698257446
-13.199691668221435,0.22019429067810486,11.905149698257446
-13.199691668221435,0.22019429067810486,11.905149698257446
-13.199691668221435,0.22019429067810486,11.905149698257446
-13.199691668221435,0.22019429067810486,11.905149698257446
-13.199691668221435,0.22019429067810486,11.905149698257446
-13.062084827009807,0.11426431642626761,11.905149698257446
-13.062084827009807,0.11426431642626761,11.905149698257446
-13.062084827009807,0.11426431642626761,11.905149698257446
-13.062084827009807,0.11426431642626761,11.905149698257446
-13.062084827009807,0.11426431642626761,11.905149698257446
-13.062084827009807,0.11426431642626761,11.905149698257446
-12.968624317836106,0.062278869314403046,11.905149698257446
-12.968624317836106,0.062278869314403046,11.905149698257446
-12.968624317836106,0.062278869314403046,11.905149698257446
-12.968624317836106,0.062278869314403046,11.905149698257446
-12.968624317836106,0.062278869314403046,11.905149698257446
-12.968624317836106,0.062278869314403046,11.905149698257446
-12.847257985367104,0.0242618806807031,11.905149698257446
-12.847257985367104,0.0242618806807031,11.905149698257446
-12.847257985367104,0.0242618806807031,11.905149698257446
-12.847257985367104,0.0242618806807031,11.905149698257446
-12.847257985367104,0.0242618806807031,11.905149698257446
-12.847257985367104,0.0242618806807031,11.905149698257446
-12.696601708485039,-0.04854994187412238,11.905149698257446
-12.696601708485039,-0.04854994187412238,11.905149698257446
-12.696601708485039,-0.04854994187412238,11.905149698257446
-12.696601708485039,-0.04854994187412238,11.905149698257446
-12.696601708485039,-0.04854994187412238,11.905149698257446
-12.696601708485039,-0.04854994187412238,11.905149698257446
-12.628114801162686,-0.09311483767457693,11.905149698257446
-12.628114801162686,-0.09311483767457693,11.905149698257446
-12.628114801162686,-0.09311483767457693,11.905149698257446
-12.628114801162686,-0.09311483767457693,11.905149698257446
-12.628114801162686,-0.09311483767457693,11.905149698257446
-12.628114801162686,-0.09311483767457693,11.905149698257446
-12.547520173628413,-0.16387299738794553,11.905149698257446
-12.547520173628413,-0.16387299738794553,11.905149698257446
-12.547520173628413,-0.16387299738794553,11.905149698257446
-12.547520173628413,-0.16387299738794553,11.905149698257446
-12.547520173628413,-0.16387299738794553,11.905149698257446
-12.547520173628413,-0.16387299738794553,11.905149698257446
-12.475274592922565,-0.16332421775055173,11.905149698257446
-12.475274592922565,-0.16332421775055173,11.905149698257446
-12.475274592922565,-0.16332421775055173,11.905149698257446
-12.475274592922565,-0.16332421775055173,11.905149698257446
-12.475274592922565,-0.16332421775055173,11.905149698257446
-12.475274592922565,-0.16332421775055173,11.905149698257446
-12.381498247154664,-0.17560871849877976,11.905149698257446
-12.381498247154664,-0.17560871849877976,11.905149698257446
-12.381498247154664,-0.17560871849877976,11.905149698257446
-12.381498247154664,-0.17560871849877976,11.905149698257446
-12.381498247154664,-0.17560871849877976,11.905149698257446
-12.381498247154664,-0.17560871849877976,11.905149698257446
-12.381498247154664,-0.17560871849877976,11.905149698257446
-12.23473870392598,-0.19063695215043408,11.905149698257446
-12.23473870392598,-0.19063695215043408,11.905149698257446
-12.23473870392598,-0.19063695215043408,11.905149698257446
-12.23473870392598,-0.19063695215043408,11.905149698257446
-12.23473870392598,-0.19063695215043408,11.905149698257446
-12.23473870392598,-0.19063695215043408,11.905149698257446
-12.109390436694362,-0.23254640921555356,11.905149698257446
-12.109390436694362,-0.23254640921555356,11.905149698257446
-12.109390436694362,-0.23254640921555356,11.905149698257446
-12.109390436694362,-0.23254640921555356,11.905149698257446
-12.109390436694362,-0.23254640921555356,11.905149698257446
-12.109390436694362,-0.23254640921555356,11.905149698257446
-12.109390436694362,-0.23254640921555356,11.905149698257446
-12.004466339768694,-0.25761897518813975,11.905149698257446
-12.004466339768694,-0.25761897518813975,11.905149698257446
-12.004466339768694,-0.25761897518813975,11.905149698257446
-12.004466339768694,-0.25761897518813975,11.905149698257446
-12.004466339768694,-0.25761897518813975,11.905149698257446
-12.004466339768694,-0.25761897518813975,11.905149698257446
-11.848431821704885,-0.29501971447106295,11.905149698257446
-11.848431821704885,-0.29501971447106295,11.905149698257446
-11.848431821704885,-0.29501971447106295,11.905149698257446
-11.848431821704885,-0.29501971447106295,11.905149698257446
-11.848431821704885,-0.29501971447106295,11.905149698257446
-11.848431821704885,-0.29501971447106295,11.905149698257446
-11.848431821704885,-0.29501971447106295,11.905149698257446
-11.730874805078512,-0.332656172926707,11.905149698257446
-11.730874805078512,-0.332656172926707,11.905149698257446
-11.730874805078512,-0.332656172926707,11.905149698257446
-11.730874805078512,-0.332656172926707,11.905149698257446
-11.730874805078512,-0.332656172926707,11.905149698257446
-11.730874805078512,-0.332656172926707,11.905149698257446
-11.730874805078512,-0.332656172926707,11.905149698257446
-11.562688007016094,-0.3651057634448716,11.905149698257446
-11.562688007016094,-0.3651057634448716,11.905149698257446
-11.562688007016094,-0.3651057634448716,11.905149698257446
-11.562688007016094,-0.3651057634448716,11.905149698257446
-11.562688007016094,-0.3651057634448716,11.905149698257446
-11.562688007016094,-0.3651057634448716,11.905149698257446
-11.386246899258348,-0.3894535152631895,11.905149698257446
-11.386246899258348,-0.3894535152631895,11.905149698257446
-11.386246899258348,-0.3894535152631895,11.905149698257446
-11.386246899258348,-0.3894535152631895,11.905149698257446
-11.386246899258348,-0.3894535152631895,11.905149698257446
-11.386246899258348,-0.3894535152631895,11.905149698257446
-11.386246899258348,-0.3894535152631895,11.905149698257446
-11.386246899258348,-0.3894535152631895,11.905149698257446
-11.274203831239786,-0.41548016931157383,11.905149698257446
-11.274203831239786,-0.41548016931157383,11.905149698257446
-11.274203831239786,-0.41548016931157383,11.905149698257446
-11.274203831239786,-0.41548016931157383,11.905149698257446
-11.274203831239786,-0.41548016931157383,11.905149698257446
-11.274203831239786,-0.41548016931157383,11.905149698257446
-11.274203831239786,-0.41548016931157383,11.905149698257446
-11.105092869498058,-0.44156584132661686,11.905149698257446
-11.105092869498058,-0.44156584132661686,11.905149698257446
-11.105092869498058,-0.44156584132661686,11.905149698257446
-11.105092869498058,-0.44156584132661686,11.905149698257446
-11.105092869498058,-0.44156584132661686,11.905149698257446
-11.105092869498058,-0.44156584132661686,11.905149698257446
-10.934136471762022,-0.4611261668160709,11.905149698257446
-10.934136471762022,-0.4611261668160709,11.905149698257446
-10.934136471762022,-0.4611261668160709,11.905149698257446
-10.934136471762022,-0.4611261668160709,11.905149698257446
-10.934136471762022,-0.4611261668160709,11.905149698257446
-10.934136471762022,-0.4611261668160709,11.905149698257446
-10.934136471762022,-0.4611261668160709,11.905149698257446
-10.760270065578794,-0.4772848881406954,11.905149698257446
-10.760270065578794,-0.4772848881406954,11.905149698257446
-10.760270065578794,-0.4772848881406954,11.905149698257446
-10.760270065578794,-0.4772848881406954,11.905149698257446
-10.760270065578794,-0.4772848881406954,11.905149698257446
-10.760270065578794,-0.4772848881406954,11.905149698257446
-10.760270065578794,-0.4772848881406954,11.905149698257446
-10.652210356133384,-0.462400257730073,11.905149698257446
-10.652210356133384,-0.462400257730073,11.905149698257446
-10.652210356133384,-0.462400257730073,11.905149698257446
-10.652210356133384,-0.462400257730073,11.905149698257446
-10.652210356133384,-0.462400257730073,11.905149698257446
-10.652210356133384,-0.462400257730073,11.905149698257446
-10.479409164023592,-0.49811781861582644,11.905149698257446
-10.479409164023592,-0.49811781861582644,11.905149698257446
-10.479409164023592,-0.49811781861582644,11.905149698257446
-10.479409164023592,-0.49811781861582644,11.905149698257446
-10.479409164023592,-0.49811781861582644,11.905149698257446
-10.479409164023592,-0.49811781861582644,11.905149698257446
-10.479409164023592,-0.49811781861582644,11.905149698257446
-10.301397619189423,-0.488084273726471,11.905149698257446
-10.301397619189423,-0.488084273726471,11.905149698257446
-10.301397619189423,-0.488084273726471,11.905149698257446
-10.301397619189423,-0.488084273726471,11.905149698257446
-10.301397619189423,-0.488084273726471,11.905149698257446
-10.301397619189423,-0.488084273726471,11.905149698257446
-10.301397619189423,-0.488084273726471,11.905149698257446
-10.113924241234615,-0.4875057697193282,11.905149698257446
-10.113924241234615,-0.4875057697193282,11.905149698257446
-10.113924241234615,-0.4875057697193282,11.905149698257446
-10.113924241234615,-0.4875057697193282,11.905149698257446
-10.113924241234615,-0.4875057697193282,11.905149698257446
-10.113924241234615,-0.4875057697193282,11.905149698257446
-10.113924241234615,-0.4875057697193282,11.905149698257446
-9.994742914918046,-0.479634403347653,11.905149698257446
-9.994742914918046,-0.479634403347653,11.905149698257446
-9.994742914918046,-0.479634403347653,11.905149698257446
-9.994742914918046,-0.479634403347653,11.905149698257446
-9.994742914918046,-0.479634403347653,11.905149698257446
-9.994742914918046,-0.479634403347653,11.905149698257446
-9.813019385309087,-0.47002937425364666,11.905149698257446
-9.813019385309087,-0.47002937425364666,11.905149698257446
-9.813019385309087,-0.47002937425364666,11.905149698257446
-9.813019385309087,-0.47002937425364666,11.905149698257446
-9.813019385309087,-0.47002937425364666,11.905149698257446
-9.597636082512691,-0.4815264217894615,11.905149698257446
-9.597636082512691,-0.4815264217894615,11.905149698257446
-9.597636082512691,-0.4815264217894615,11.905149698257446
-9.597636082512691,-0.4815264217894615,11.905149698257446
-9.597636082512691,-0.4815264217894615,11.905149698257446
-9.597636082512691,-0.4815264217894615,11.905149698257446
-9.597636082512691,-0.4815264217894615,11.905149698257446
-9.53300585383488,-0.4983068986127619,11.905149698257446
-9.53300585383488,-0.4983068986127619,11.905149698257446
-9.53300585383488,-0.4983068986127619,11.905149698257446
-9.53300585383488,-0.4983068986127619,11.905149698257446
-9.53300585383488,-0.4983068986127619,11.905149698257446
-9.53300585383488,-0.4983068986127619,11.905149698257446
-9.53300585383488,-0.4983068986127619,11.905149698257446
-9.332714730556331,-0.46442295757767177,11.905149698257446
-9.332714730556331,-0.46442295757767177,11.905149698257446
-9.332714730556331,-0.46442295757767177,11.905149698257446
-9.332714730556331,-0.46442295757767177,11.905149698257446
-9.332714730556331,-0.46442295757767177,11.905149698257446
-9.332714730556331,-0.46442295757767177,11.905149698257446
-9.113939254778797,-0.4502005495434108,11.905149698257446
-9.113939254778797,-0.4502005495434108,11.905149698257446
-9.113939254778797,-0.4502005495434108,11.905149698257446
-9.113939254778797,-0.4502005495434108,11.905149698257446
-9.113939254778797,-0.4502005495434108,11.905149698257446
-9.113939254778797,-0.4502005495434108,11.905149698257446
-8.968142866395155,-0.4418884435225705,11.905149698257446
-8.968142866395155,-0.4418884435225705,11.905149698257446
-8.968142866395155,-0.4418884435225705,11.905149698257446
-8.968142866395155,-0.4418884435225705,11.905149698257446
-8.968142866395155,-0.4418884435225705,11.905149698257446
-8.968142866395155,-0.4418884435225705,11.905149698257446
-8.968142866395155,-0.4418884435225705,11.905149698257446
-8.746171100463114,-0.4061065097928952,11.905149698257446
-8.746171100463114,-0.4061065097928952,11.905149698257446
-8.746171100463114,-0.4061065097928952,11.905149698257446
-8.746171100463114,-0.4061065097928952,11.905149698257446
-8.746171100463114,-0.4061065097928952,11.905149698257446
-8.746171100463114,-0.4061065097928952,11.905149698257446
-8.746171100463114,-0.4061065097928952,11.905149698257446
-8.52647694622308,-0.3662713361390578,11.905149698257446
-8.52647694622308,-0.3662713361390578,11.905149698257446
-8.52647694622308,-0.3662713361390578,11.905149698257446
-8.52647694622308,-0.3662713361390578,11.905149698257446
-8.52647694622308,-0.3662713361390578,11.905149698257446
-8.52647694622308,-0.3662713361390578,11.905149698257446
-8.52647694622308,-0.3662713361390578,11.905149698257446
-8.284640990270027,-0.32893013378954317,11.905149698257446
-8.284640990270027,-0.32893013378954317,11.905149698257446
-8.284640990270027,-0.32893013378954317,11.905149698257446
-8.284640990270027,-0.32893013378954317,11.905149698257446
-8.284640990270027,-0.32893013378954317,11.905149698257446
-8.284640990270027,-0.32893013378954317,11.905149698257446
-8.284640990270027,-0.32893013378954317,11.905149698257446
-8.116569971437837,-0.3026844489171206,11.905149698257446
-8.116569971437837,-0.3026844489171206,11.905149698257446
-8.116569971437837,-0.3026844489171206,11.905149698257446
-8.116569971437837,-0.3026844489171206,11.905149698257446
-8.116569971437837,-0.3026844489171206,11.905149698257446
-8.116569971437837,-0.3026844489171206,11.905149698257446
-7.8606075344552835,-0.25836831664710386,11.905149698257446
-7.8606075344552835,-0.25836831664710386,11.905149698257446
-7.8606075344552835,-0.25836831664710386,11.905149698257446
-7.8606075344552835,-0.25836831664710386,11.905149698257446
-7.8606075344552835,-0.25836831664710386,11.905149698257446
-7.707925724899412,-0.2324991159383098,11.905149698257446
-7.707925724899412,-0.2324991159383098,11.905149698257446
-7.707925724899412,-0.2324991159383098,11.905149698257446
-7.707925724899412,-0.2324991159383098,11.905149698257446
-7.55273574287808,-0.20985756014693627,11.905149698257446
-7.55273574287808,-0.20985756014693627,11.905149698257446
-7.55273574287808,-0.20985756014693627,11.905149698257446
-7.55273574287808,-0.20985756014693627,11.905149698257446
-7.55273574287808,-0.20985756014693627,11.905149698257446
-7.401499672052744,-0.18302503489483615,11.905149698257446
-7.401499672052744,-0.18302503489483615,11.905149698257446
-7.401499672052744,-0.18302503489483615,11.905149698257446
-7.401499672052744,-0.18302503489483615,11.905149698257446
-7.401499672052744,-0.18302503489483615,11.905149698257446
-7.232730875366091,-0.1612012831498365,11.905149698257446
-7.232730875366091,-0.1612012831498365,11.905149698257446
-7.232730875366091,-0.1612012831498365,11.905149698257446
-7.232730875366091,-0.1612012831498365,11.905149698257446
-7.232730875366091,-0.1612012831498365,11.905149698257446
-7.069164907457961,-0.14869758104863107,11.905149698257446
-7.069164907457961,-0.14869758104863107,11.905149698257446
-7.069164907457961,-0.14869758104863107,11.905149698257446
-7.069164907457961,-0.14869758104863107,11.905149698257446
-6.9146931499372295,-0.14346720926107792,11.905149698257446
-6.9146931499372295,-0.14346720926107792,11.905149698257446
-6.9146931499372295,-0.14346720926107792,11.905149698257446
-6.9146931499372295,-0.14346720926107792,11.905149698257446
-6.9146931499372295,-0.14346720926107792,11.905149698257446
-6.761667813766908,-0.1466858114953972,11.905149698257446
-6.761667813766908,-0.1466858114953972,11.905149698257446
-6.761667813766908,-0.1466858114953972,11.905149698257446
-6.761667813766908,-0.1466858114953972,11.905149698257446
-6.622804180169946,-0.15726326658147535,11.905149698257446
-6.622804180169946,-0.15726326658147535,11.905149698257446
-6.622804180169946,-0.15726326658147535,11.905149698257446
-6.622804180169946,-0.15726326658147535,11.905149698257446
-6.543701514146128,-0.17547259128011614,11.905149698257446
-6.543701514146128,-0.17547259128011614,11.905149698257446
-6.543701514146128,-0.17547259128011614,11.905149698257446
-6.543701514146128,-0.17547259128011614,11.905149698257446
-6.543701514146128,-0.17547259128011614,11.905149698257446
-6.395470799318578,-0.14339069334691912,11.905149698257446
-6.395470799318578,-0.14339069334691912,11.905149698257446
-6.395470799318578,-0.14339069334691912,11.905149698257446
-6.395470799318578,-0.14339069334691912,11.905149698257446
-6.395470799318578,-0.14339069334691912,11.905149698257446
-6.395470799318578,-0.14339069334691912,11.905149698257446
-6.209719614032053,-0.13662070901478798,11.905149698257446
-6.209719614032053,-0.13662070901478798,11.905149698257446
-6.209719614032053,-0.13662070901478798,11.905149698257446
-6.209719614032053,-0.13662070901478798,11.905149698257446
-6.209719614032053,-0.13662070901478798,11.905149698257446
-6.209719614032053,-0.13662070901478798,11.905149698257446
-6.033150850079257,-0.10863631639294252,11.905149698257446
-6.033150850079257,-0.10863631639294252,11.905149698257446
-6.033150850079257,-0.10863631639294252,11.905149698257446
-6.033150850079257,-0.10863631639294252,11.905149698257446
-6.033150850079257,-0.10863631639294252,11.905149698257446
-6.033150850079257,-0.10863631639294252,11.905149698257446
-6.033150850079257,-0.10863631639294252,11.905149698257446
-5.8124648919295545,-0.11069320327055347,11.905149698257446
-5.8124648919295545,-0.11069320327055347,11.905149698257446
-5.8124648919295545,-0.11069320327055347,11.905149698257446
-5.8124648919295545,-0.11069320327055347,11.905149698257446
-5.8124648919295545,-0.11069320327055347,11.905149698257446
-5.8124648919295545,-0.11069320327055347,11.905149698257446
-5.634202413578403,-0.1224904434222411,11.905149698257446
-5.634202413578403,-0.1224904434222411,11.905149698257446
-5.634202413578403,-0.1224904434222411,11.905149698257446
-5.634202413578403,-0.1224904434222411,11.905149698257446
-5.634202413578403,-0.1224904434222411,11.905149698257446
-5.634202413578403,-0.1224904434222411,11.905149698257446
-5.634202413578403,-0.1224904434222411,11.905149698257446
-5.393524014640331,-0.09765741593913412,11.905149698257446
-5.393524014640331,-0.09765741593913412,11.905149698257446
-5.393524014640331,-0.09765741593913412,11.905149698257446
-5.393524014640331,-0.09765741593913412,11.905149698257446
-5.393524014640331,-0.09765741593913412,11.905149698257446
-5.393524014640331,-0.09765741593913412,11.905149698257446
-5.393524014640331,-0.09765741593913412,11.905149698257446
-5.147826303517258,-0.08786083410320847,11.905149698257446
-5.147826303517258,-0.08786083410320847,11.905149698257446
-5.147826303517258,-0.08786083410320847,11.905149698257446
-5.147826303517258,-0.08786083410320847,11.905149698257446
-5.147826303517258,-0.08786083410320847,11.905149698257446
-5.147826303517258,-0.08786083410320847,11.905149698257446
-4.998019135905438,-0.0859085157083252,11.905149698257446
-4.998019135905438,-0.0859085157083252,11.905149698257446
-4.998019135905438,-0.0859085157083252,11.905149698257446
-4.998019135905438,-0.0859085157083252,11.905149698257446
-4.998019135905438,-0.0859085157083252,11.905149698257446
-4.998019135905438,-0.0859085157083252,11.905149698257446
-4.998019135905438,-0.0859085157083252,11.905149698257446
-4.998019135905438,-0.0859085157083252,11.905149698257446
-4.729617549483464,-0.08998423335836707,11.905149698257446
-4.729617549483464,-0.08998423335836707,11.905149698257446
-4.729617549483464,-0.08998423335836707,11.905149698257446
-4.729617549483464,-0.08998423335836707,11.905149698257446
-4.729617549483464,-0.08998423335836707,11.905149698257446
-4.729617549483464,-0.08998423335836707,11.905149698257446
-4.729617549483464,-0.08998423335836707,11.905149698257446
-4.729617549483464,-0.08998423335836707,11.905149698257446
-4.473914076164252,-0.0911876133622512,11.905149698257446
-4.473914076164252,-0.0911876133622512,11.905149698257446
-4.473914076164252,-0.0911876133622512,11.905149698257446
-4.473914076164252,-0.0911876133622512,11.905149698257446
-4.473914076164252,-0.0911876133622512,11.905149698257446
-4.473914076164252,-0.0911876133622512,11.905149698257446
-4.473914076164252,-0.0911876133622512,11.905149698257446
-4.473914076164252,-0.0911876133622512,11.905149698257446
-4.23415150223572,-0.0854774668134024,11.905149698257446
-4.23415150223572,-0.0854774668134024,11.905149698257446
-4.23415150223572,-0.0854774668134024,11.905149698257446
-4.23415150223572,-0.0854774668134024,11.905149698257446
-4.23415150223572,-0.0854774668134024,11.905149698257446
-4.23415150223572,-0.0854774668134024,11.905149698257446
-4.23415150223572,-0.0854774668134024,11.905149698257446
-3.981488503815396,-0.0773038293907363,11.905149698257446
-3.981488503815396,-0.0773038293907363,11.905149698257446
-3.981488503815396,-0.0773038293907363,11.905149698257446
-3.981488503815396,-0.0773038293907363,11.905149698257446
-3.981488503815396,-0.0773038293907363,11.905149698257446
-3.981488503815396,-0.0773038293907363,11.905149698257446
-3.726260845369952,-0.04468845616266684,11.905149698257446
-3.726260845369952,-0.04468845616266684,11.905149698257446
-3.726260845369952,-0.04468845616266684,11.905149698257446
-3.726260845369952,-0.04468845616266684,11.905149698257446
-3.726260845369952,-0.04468845616266684,11.905149698257446
-3.726260845369952,-0.04468845616266684,11.905149698257446
-3.726260845369952,-0.04468845616266684,11.905149698257446
-3.4615879450135187,-0.029396952612780816,11.905149698257446
-3.4615879450135187,-0.029396952612780816,11.905149698257446
-3.4615879450135187,-0.029396952612780816,11.905149698257446
-3.4615879450135187,-0.029396952612780816,11.905149698257446
-3.4615879450135187,-0.029396952612780816,11.905149698257446
-3.4615879450135187,-0.029396952612780816,11.905149698257446
-3.4615879450135187,-0.029396952612780816,11.905149698257446
-3.301423375599244,-0.027719229195595944,11.905149698257446
-3.301423375599244,-0.027719229195595944,11.905149698257446
-3.301423375599244,-0.027719229195595944,11.905149698257446
-3.301423375599244,-0.027719229195595944,11.905149698257446
-3.301423375599244,-0.027719229195595944,11.905149698257446
-3.301423375599244,-0.027719229195595944,11.905149698257446
-3.301423375599244,-0.027719229195595944,11.905149698257446
-3.046611122315952,-0.030850880538872798,11.905149698257446
-3.046611122315952,-0.030850880538872798,11.905149698257446
-3.046611122315952,-0.030850880538872798,11.905149698257446
-3.046611122315952,-0.030850880538872798,11.905149698257446
-3.046611122315952,-0.030850880538872798,11.905149698257446
-3.046611122315952,-0.030850880538872798,11.905149698257446
-3.046611122315952,-0.030850880538872798,11.905149698257446
-2.7653501677522794,-0.02578190883061249,11.905149698257446
-2.7653501677522794,-0.02578190883061249,11.905149698257446
-2.7653501677522794,-0.02578190883061249,11.905149698257446
-2.7653501677522794,-0.02578190883061249,11.905149698257446
-2.7653501677522794,-0.02578190883061249,11.905149698257446
-2.7653501677522794,-0.02578190883061249,11.905149698257446
-2.5003324830988443,-0.038348311788503744,11.905149698257446
-2.5003324830988443,-0.038348311788503744,11.905149698257446
-2.5003324830988443,-0.038348311788503744,11.905149698257446
-2.5003324830988443,-0.038348311788503744,11.905149698257446
-2.5003324830988443,-0.038348311788503744,11.905149698257446
-2.5003324830988443,-0.038348311788503744,11.905149698257446
-2.5003324830988443,-0.038348311788503744,11.905149698257446
-2.5003324830988443,-0.038348311788503744,11.905149698257446
-2.2392395983221562,-0.05428335585615878,11.905149698257446
-2.2392395983221562,-0.05428335585615878,11.905149698257446
-2.2392395983221562,-0.05428335585615878,11.905149698257446
-2.2392395983221562,-0.05428335585615878,11.905149698257446
-2.2392395983221562,-0.05428335585615878,11.905149698257446
-2.2392395983221562,-0.05428335585615878,11.905149698257446
-2.2392395983221562,-0.05428335585615878,11.905149698257446
-2.2392395983221562,-0.05428335585615878,11.905149698257446
-2.2392395983221562,-0.05428335585615878,11.905149698257446
-2.0598898062640467,-0.052960207312774066,11.905149698257446
-2.0598898062640467,-0.052960207312774066,11.905149698257446
-2.0598898062640467,-0.052960207312774066,11.905149698257446
-2.0598898062640467,-0.052960207312774066,11.905149698257446
-2.0598898062640467,-0.052960207312774066,11.905149698257446
-2.0598898062640467,-0.052960207312774066,11.905149698257446
-2.0598898062640467,-0.052960207312774066,11.905149698257446
-1.7007731209171753,-0.05600087334666516,11.905149698257446
-1.7007731209171753,-0.05600087334666516,11.905149698257446
-1.7007731209171753,-0.05600087334666516,11.905149698257446
-1.7007731209171753,-0.05600087334666516,11.905149698257446
-1.7007731209171753,-0.05600087334666516,11.905149698257446
-1.7007731209171753,-0.05600087334666516,11.905149698257446
-1.7007731209171753,-0.05600087334666516,11.905149698257446
-1.44860718685601,-0.07814844893440837,11.905149698257446
-1.44860718685601,-0.07814844893440837,11.905149698257446
-1.44860718685601,-0.07814844893440837,11.905149698257446
-1.44860718685601,-0.07814844893440837,11.905149698257446
-1.44860718685601,-0.07814844893440837,11.905149698257446
-1.44860718685601,-0.07814844893440837,11.905149698257446
-1.44860718685601,-0.07814844893440837,11.905149698257446
-1.44860718685601,-0.07814844893440837,11.905149698257446
