x,y,lap_time_s
3.9947841698199062,0.2454837493819913,15.955897331237793
4.17888269577369,0.2632897706763367,15.955897331237793
4.364845503934701,0.2834002811163389,15.955897331237793
4.5161542038135885,0.3031610226746277,15.955897331237793
4.683811657575104,0.32023365470647075,15.955897331237793
4.761389458599576,0.3274382148047366,15.955897331237793
4.936581397921135,0.3548153311875188,15.955897331237793
5.10122126499181,0.3859008186761116,15.955897331237793
5.203442310133054,0.4012335106826301,15.955897331237793
5.369754780685724,0.438799504841058,15.955897331237793
5.369754780685724,0.438799504841058,15.955897331237793
5.369754780685724,0.438799504841058,15.955897331237793
5.487684036592545,0.44382644505111113,15.955897331237793
5.487684036592545,0.44382644505111113,15.955897331237793
5.487684036592545,0.44382644505111113,15.955897331237793
5.487684036592545,0.44382644505111113,15.955897331237793
5.487684036592545,0.44382644505111113,15.955897331237793
5.530233335743038,0.43644135214367524,15.955897331237793
5.530233335743038,0.43644135214367524,15.955897331237793
5.530233335743038,0.43644135214367524,15.955897331237793
5.530233335743038,0.43644135214367524,15.955897331237793
5.565484700551192,0.43727860419739084,15.955897331237793
5.565484700551192,0.43727860419739084,15.955897331237793
5.565484700551192,0.43727860419739084,15.955897331237793
5.565484700551192,0.43727860419739084,15.955897331237793
5.565484700551192,0.43727860419739084,15.955897331237793
5.589641716739087,0.43534025818450833,15.955897331237793
5.589641716739087,0.43534025818450833,15.955897331237793
5.589641716739087,0.43534025818450833,15.955897331237793
5.589641716739087,0.43534025818450833,15.955897331237793
5.609400908519303,0.4291289982527587,15.955897331237793
5.609400908519303,0.4291289982527587,15.955897331237793
5.609400908519303,0.4291289982527587,15.955897331237793
5.609400908519303,0.4291289982527587,15.955897331237793
5.609400908519303,0.4291289982527587,15.955897331237793
5.619944093873781,0.4155715146227217,15.955897331237793
5.619944093873781,0.4155715146227217,15.955897331237793
5.619944093873781,0.4155715146227217,15.955897331237793
5.619944093873781,0.4155715146227217,15.955897331237793
5.6544943385221185,0.4217581760917975,15.955897331237793
5.6544943385221185,0.4217581760917975,15.955897331237793
5.6544943385221185,0.4217581760917975,15.955897331237793
5.6544943385221185,0.4217581760917975,15.955897331237793
5.6544943385221185,0.4217581760917975,15.955897331237793
5.660034155984905,0.4239607682428558,15.955897331237793
5.660034155984905,0.4239607682428558,15.955897331237793
5.660034155984905,0.4239607682428558,15.955897331237793
5.660034155984905,0.4239607682428558,15.955897331237793
5.660034155984905,0.4239607682428558,15.955897331237793
5.682608872302848,0.42310871528300087,15.955897331237793
5.682608872302848,0.42310871528300087,15.955897331237793
5.682608872302848,0.42310871528300087,15.955897331237793
5.682608872302848,0.42310871528300087,15.955897331237793
5.7131935014292266,0.418471711948932,15.955897331237793
5.7131935014292266,0.418471711948932,15.955897331237793
5.7131935014292266,0.418471711948932,15.955897331237793
5.7131935014292266,0.418471711948932,15.955897331237793
5.7131935014292266,0.418471711948932,15.955897331237793
5.7131935014292266,0.418471711948932,15.955897331237793
5.73645864303365,0.4116806905746859,15.955897331237793
5.73645864303365,0.4116806905746859,15.955897331237793
5.73645864303365,0.4116806905746859,15.955897331237793
5.73645864303365,0.4116806905746859,15.955897331237793
5.73645864303365,0.4116806905746859,15.955897331237793
5.73645864303365,0.4116806905746859,15.955897331237793
5.73645864303365,0.4116806905746859,15.955897331237793
5.798309822796795,0.4017773984413942,15.955897331237793
5.798309822796795,0.4017773984413942,15.955897331237793
5.798309822796795,0.4017773984413942,15.955897331237793
5.798309822796795,0.4017773984413942,15.955897331237793
5.798309822796795,0.4017773984413942,15.955897331237793
5.798309822796795,0.4017773984413942,15.955897331237793
5.798309822796795,0.4017773984413942,15.955897331237793
5.798309822796795,0.4017773984413942,15.955897331237793
5.798309822796795,0.4017773984413942,15.955897331237793
5.798309822796795,0.4017773984413942,15.955897331237793
5.798309822796795,0.4017773984413942,15.955897331237793
5.85274004561579,0.3842937935249621,15.955897331237793
5.85274004561579,0.3842937935249621,15.955897331237793
5.85274004561579,0.3842937935249621,15.955897331237793
5.85274004561579,0.3842937935249621,15.955897331237793
5.85274004561579,0.3842937935249621,15.955897331237793
5.85274004561579,0.3842937935249621,15.955897331237793
5.85274004561579,0.3842937935249621,15.955897331237793
5.85274004561579,0.3842937935249621,15.955897331237793
5.955215986528941,0.3541318826238649,15.955897331237793
5.955215986528941,0.3541318826238649,15.955897331237793
5.955215986528941,0.3541318826238649,15.955897331237793
5.955215986528941,0.3541318826238649,15.955897331237793
5.955215986528941,0.3541318826238649,15.955897331237793
5.955215986528941,0.3541318826238649,15.955897331237793
5.955215986528941,0.3541318826238649,15.955897331237793
5.955215986528941,0.3541318826238649,15.955897331237793
5.955215986528941,0.3541318826238649,15.955897331237793
6.065439737295158,0.30008061870751257,15.955897331237793
6.065439737295158,0.30008061870751257,15.955897331237793
6.065439737295158,0.30008061870751257,15.955897331237793
6.065439737295158,0.30008061870751257,15.955897331237793
6.065439737295158,0.30008061870751257,15.955897331237793
6.065439737295158,0.30008061870751257,15.955897331237793
6.065439737295158,0.30008061870751257,15.955897331237793
6.148231169265712,0.27019875815743777,15.955897331237793
6.148231169265712,0.27019875815743777,15.955897331237793
6.148231169265712,0.27019875815743777,15.955897331237793
6.148231169265712,0.27019875815743777,15.955897331237793
6.148231169265712,0.27019875815743777,15.955897331237793
6.148231169265712,0.27019875815743777,15.955897331237793
6.148231169265712,0.27019875815743777,15.955897331237793
6.236455782997984,0.24479187251382645,15.955897331237793
6.236455782997984,0.24479187251382645,15.955897331237793
6.236455782997984,0.24479187251382645,15.955897331237793
6.236455782997984,0.24479187251382645,15.955897331237793
6.236455782997984,0.24479187251382645,15.955897331237793
6.236455782997984,0.24479187251382645,15.955897331237793
6.236455782997984,0.24479187251382645,15.955897331237793
6.236455782997984,0.24479187251382645,15.955897331237793
6.236455782997984,0.24479187251382645,15.955897331237793
6.236455782997984,0.24479187251382645,15.955897331237793
6.236455782997984,0.24479187251382645,15.955897331237793
6.365381481512335,0.18474984196022,15.955897331237793
6.365381481512335,0.18474984196022,15.955897331237793
6.365381481512335,0.18474984196022,15.955897331237793
6.365381481512335,0.18474984196022,15.955897331237793
6.365381481512335,0.18474984196022,15.955897331237793
6.365381481512335,0.18474984196022,15.955897331237793
6.365381481512335,0.18474984196022,15.955897331237793
6.365381481512335,0.18474984196022,15.955897331237793
6.365381481512335,0.18474984196022,15.955897331237793
6.365381481512335,0.18474984196022,15.955897331237793
6.50400617992516,0.130914632342894,15.955897331237793
6.50400617992516,0.130914632342894,15.955897331237793
6.50400617992516,0.130914632342894,15.955897331237793
6.50400617992516,0.130914632342894,15.955897331237793
6.50400617992516,0.130914632342894,15.955897331237793
6.50400617992516,0.130914632342894,15.955897331237793
6.50400617992516,0.130914632342894,15.955897331237793
6.50400617992516,0.130914632342894,15.955897331237793
6.50400617992516,0.130914632342894,15.955897331237793
6.50400617992516,0.130914632342894,15.955897331237793
6.50400617992516,0.130914632342894,15.955897331237793
6.673624592059314,0.07565535666299028,15.955897331237793
6.673624592059314,0.07565535666299028,15.955897331237793
6.673624592059314,0.07565535666299028,15.955897331237793
6.673624592059314,0.07565535666299028,15.955897331237793
6.673624592059314,0.07565535666299028,15.955897331237793
6.673624592059314,0.07565535666299028,15.955897331237793
6.673624592059314,0.07565535666299028,15.955897331237793
6.673624592059314,0.07565535666299028,15.955897331237793
6.673624592059314,0.07565535666299028,15.955897331237793
6.673624592059314,0.07565535666299028,15.955897331237793
6.673624592059314,0.07565535666299028,15.955897331237793
6.899959385622774,0.005334113786658592,15.955897331237793
6.899959385622774,0.005334113786658592,15.955897331237793
6.899959385622774,0.005334113786658592,15.955897331237793
6.899959385622774,0.005334113786658592,15.955897331237793
6.899959385622774,0.005334113786658592,15.955897331237793
6.899959385622774,0.005334113786658592,15.955897331237793
6.899959385622774,0.005334113786658592,15.955897331237793
6.899959385622774,0.005334113786658592,15.955897331237793
7.120852447580885,-0.028030696186003515,15.955897331237793
7.120852447580885,-0.028030696186003515,15.955897331237793
7.120852447580885,-0.028030696186003515,15.955897331237793
7.120852447580885,-0.028030696186003515,15.955897331237793
7.120852447580885,-0.028030696186003515,15.955897331237793
7.120852447580885,-0.028030696186003515,15.955897331237793
7.120852447580885,-0.028030696186003515,15.955897331237793
7.120852447580885,-0.028030696186003515,15.955897331237793
7.283791446624307,-0.044378800320333076,15.955897331237793
7.283791446624307,-0.044378800320333076,15.955897331237793
7.283791446624307,-0.044378800320333076,15.955897331237793
7.283791446624307,-0.044378800320333076,15.955897331237793
7.283791446624307,-0.044378800320333076,15.955897331237793
7.283791446624307,-0.044378800320333076,15.955897331237793
7.375904589379837,-0.06845357608160914,15.955897331237793
7.375904589379837,-0.06845357608160914,15.955897331237793
7.375904589379837,-0.06845357608160914,15.955897331237793
7.375904589379837,-0.06845357608160914,15.955897331237793
7.375904589379837,-0.06845357608160914,15.955897331237793
7.375904589379837,-0.06845357608160914,15.955897331237793
7.375904589379837,-0.06845357608160914,15.955897331237793
7.490209838045293,-0.06310810532937695,15.955897331237793
7.490209838045293,-0.06310810532937695,15.955897331237793
7.490209838045293,-0.06310810532937695,15.955897331237793
7.490209838045293,-0.06310810532937695,15.955897331237793
7.490209838045293,-0.06310810532937695,15.955897331237793
7.490209838045293,-0.06310810532937695,15.955897331237793
7.490209838045293,-0.06310810532937695,15.955897331237793
7.610079561568813,-0.05731533800119495,15.955897331237793
7.610079561568813,-0.05731533800119495,15.955897331237793
7.610079561568813,-0.05731533800119495,15.955897331237793
7.610079561568813,-0.05731533800119495,15.955897331237793
7.610079561568813,-0.05731533800119495,15.955897331237793
7.610079561568813,-0.05731533800119495,15.955897331237793
7.65260754876205,-0.05250850244031947,15.955897331237793
7.65260754876205,-0.05250850244031947,15.955897331237793
7.65260754876205,-0.05250850244031947,15.955897331237793
7.65260754876205,-0.05250850244031947,15.955897331237793
7.65260754876205,-0.05250850244031947,15.955897331237793
7.65260754876205,-0.05250850244031947,15.955897331237793
7.743092306182218,-0.04943308147656798,15.955897331237793
7.743092306182218,-0.04943308147656798,15.955897331237793
7.743092306182218,-0.04943308147656798,15.955897331237793
7.743092306182218,-0.04943308147656798,15.955897331237793
7.743092306182218,-0.04943308147656798,15.955897331237793
7.743092306182218,-0.04943308147656798,15.955897331237793
7.743092306182218,-0.04943308147656798,15.955897331237793
7.819617383309118,-0.02865501941476783,15.955897331237793
7.819617383309118,-0.02865501941476783,15.955897331237793
7.819617383309118,-0.02865501941476783,15.955897331237793
7.819617383309118,-0.02865501941476783,15.955897331237793
7.819617383309118,-0.02865501941476783,15.955897331237793
7.819617383309118,-0.02865501941476783,15.955897331237793
7.915959213187769,0.0010255180652382855,15.955897331237793
7.915959213187769,0.0010255180652382855,15.955897331237793
7.915959213187769,0.0010255180652382855,15.955897331237793
7.915959213187769,0.0010255180652382855,15.955897331237793
7.915959213187769,0.0010255180652382855,15.955897331237793
7.915959213187769,0.0010255180652382855,15.955897331237793
7.915959213187769,0.0010255180652382855,15.955897331237793
8.01475495720471,0.006438747475959026,15.955897331237793
8.01475495720471,0.006438747475959026,15.955897331237793
8.01475495720471,0.006438747475959026,15.955897331237793
8.01475495720471,0.006438747475959026,15.955897331237793
8.01475495720471,0.006438747475959026,15.955897331237793
8.01475495720471,0.006438747475959026,15.955897331237793
8.01475495720471,0.006438747475959026,15.955897331237793
8.09128690757566,0.031082204092427426,15.955897331237793
8.09128690757566,0.031082204092427426,15.955897331237793
8.09128690757566,0.031082204092427426,15.955897331237793
8.09128690757566,0.031082204092427426,15.955897331237793
8.09128690757566,0.031082204092427426,15.955897331237793
8.09128690757566,0.031082204092427426,15.955897331237793
8.166752180320561,0.04963401360264212,15.955897331237793
8.166752180320561,0.04963401360264212,15.955897331237793
8.166752180320561,0.04963401360264212,15.955897331237793
8.166752180320561,0.04963401360264212,15.955897331237793
8.166752180320561,0.04963401360264212,15.955897331237793
8.166752180320561,0.04963401360264212,15.955897331237793
8.166752180320561,0.04963401360264212,15.955897331237793
8.214329470461102,0.06590601843141927,15.955897331237793
8.214329470461102,0.06590601843141927,15.955897331237793
8.214329470461102,0.06590601843141927,15.955897331237793
8.214329470461102,0.06590601843141927,15.955897331237793
8.214329470461102,0.06590601843141927,15.955897331237793
8.214329470461102,0.06590601843141927,15.955897331237793
8.309515530925006,0.08340488032625483,15.955897331237793
8.309515530925006,0.08340488032625483,15.955897331237793
8.309515530925006,0.08340488032625483,15.955897331237793
8.309515530925006,0.08340488032625483,15.955897331237793
8.309515530925006,0.08340488032625483,15.955897331237793
8.309515530925006,0.08340488032625483,15.955897331237793
8.309515530925006,0.08340488032625483,15.955897331237793
8.369865739807526,0.12392543995806758,15.955897331237793
8.369865739807526,0.12392543995806758,15.955897331237793
8.369865739807526,0.12392543995806758,15.955897331237793
8.369865739807526,0.12392543995806758,15.955897331237793
8.369865739807526,0.12392543995806758,15.955897331237793
8.369865739807526,0.12392543995806758,15.955897331237793
8.401677498682593,0.14027924862415156,15.955897331237793
8.401677498682593,0.14027924862415156,15.955897331237793
8.401677498682593,0.14027924862415156,15.955897331237793
8.401677498682593,0.14027924862415156,15.955897331237793
8.401677498682593,0.14027924862415156,15.955897331237793
8.401677498682593,0.14027924862415156,15.955897331237793
8.401677498682593,0.14027924862415156,15.955897331237793
8.444820438676615,0.17029866420765952,15.955897331237793
8.444820438676615,0.17029866420765952,15.955897331237793
8.444820438676615,0.17029866420765952,15.955897331237793
8.444820438676615,0.17029866420765952,15.955897331237793
8.444820438676615,0.17029866420765952,15.955897331237793
8.444820438676615,0.17029866420765952,15.955897331237793
8.482821604939712,0.21096585752797525,15.955897331237793
8.482821604939712,0.21096585752797525,15.955897331237793
8.482821604939712,0.21096585752797525,15.955897331237793
8.482821604939712,0.21096585752797525,15.955897331237793
8.482821604939712,0.21096585752797525,15.955897331237793
8.482821604939712,0.21096585752797525,15.955897331237793
8.482821604939712,0.21096585752797525,15.955897331237793
8.495133693994594,0.22198307311113286,15.955897331237793
8.495133693994594,0.22198307311113286,15.955897331237793
8.495133693994594,0.22198307311113286,15.955897331237793
8.495133693994594,0.22198307311113286,15.955897331237793
8.495133693994594,0.22198307311113286,15.955897331237793
8.495133693994594,0.22198307311113286,15.955897331237793
8.495133693994594,0.22198307311113286,15.955897331237793
8.549977468738195,0.24992520577279154,15.955897331237793
8.549977468738195,0.24992520577279154,15.955897331237793
8.549977468738195,0.24992520577279154,15.955897331237793
8.549977468738195,0.24992520577279154,15.955897331237793
8.549977468738195,0.24992520577279154,15.955897331237793
8.549977468738195,0.24992520577279154,15.955897331237793
8.609279046363042,0.308263718937904,15.955897331237793
8.609279046363042,0.308263718937904,15.955897331237793
8.609279046363042,0.308263718937904,15.955897331237793
8.609279046363042,0.308263718937904,15.955897331237793
8.609279046363042,0.308263718937904,15.955897331237793
8.609279046363042,0.308263718937904,15.955897331237793
8.637872366901457,0.34304179749627967,15.955897331237793
8.637872366901457,0.34304179749627967,15.955897331237793
8.637872366901457,0.34304179749627967,15.955897331237793
8.637872366901457,0.34304179749627967,15.955897331237793
8.637872366901457,0.34304179749627967,15.955897331237793
8.696494520349075,0.3904918934139515,15.955897331237793
8.696494520349075,0.3904918934139515,15.955897331237793
8.696494520349075,0.3904918934139515,15.955897331237793
8.696494520349075,0.3904918934139515,15.955897331237793
8.696494520349075,0.3904918934139515,15.955897331237793
8.696494520349075,0.3904918934139515,15.955897331237793
8.737815254519242,0.3953340363304934,15.955897331237793
8.737815254519242,0.3953340363304934,15.955897331237793
8.737815254519242,0.3953340363304934,15.955897331237793
8.737815254519242,0.3953340363304934,15.955897331237793
8.737815254519242,0.3953340363304934,15.955897331237793
8.737815254519242,0.3953340363304934,15.955897331237793
8.737042623415118,0.38928519964738684,15.955897331237793
8.737042623415118,0.38928519964738684,15.955897331237793
8.737042623415118,0.38928519964738684,15.955897331237793
8.737042623415118,0.38928519964738684,15.955897331237793
8.755738032511982,0.41571271377716207,15.955897331237793
8.755738032511982,0.41571271377716207,15.955897331237793
8.755738032511982,0.41571271377716207,15.955897331237793
8.755738032511982,0.41571271377716207,15.955897331237793
8.755738032511982,0.41571271377716207,15.955897331237793
8.81585830487772,0.4869463218865062,15.955897331237793
8.81585830487772,0.4869463218865062,15.955897331237793
8.81585830487772,0.4869463218865062,15.955897331237793
8.81585830487772,0.4869463218865062,15.955897331237793
8.81585830487772,0.4869463218865062,15.955897331237793
8.861676999650236,0.4642223248764008,15.955897331237793
8.861676999650236,0.4642223248764008,15.955897331237793
8.861676999650236,0.4642223248764008,15.955897331237793
8.861676999650236,0.4642223248764008,15.955897331237793
8.861676999650236,0.4642223248764008,15.955897331237793
8.861676999650236,0.4642223248764008,15.955897331237793
8.861676999650236,0.4642223248764008,15.955897331237793
8.864505022057596,0.4369393058535414,15.955897331237793
8.864505022057596,0.4369393058535414,15.955897331237793
8.864505022057596,0.4369393058535414,15.955897331237793
8.864505022057596,0.4369393058535414,15.955897331237793
8.864505022057596,0.4369393058535414,15.955897331237793
8.864505022057596,0.4369393058535414,15.955897331237793
8.864505022057596,0.4369393058535414,15.955897331237793
8.878538312459863,0.422163950043936,15.955897331237793
8.878538312459863,0.422163950043936,15.955897331237793
8.878538312459863,0.422163950043936,15.955897331237793
8.878538312459863,0.422163950043936,15.955897331237793
8.878538312459863,0.422163950043936,15.955897331237793
8.878538312459863,0.422163950043936,15.955897331237793
8.878538312459863,0.422163950043936,15.955897331237793
8.878538312459863,0.422163950043936,15.955897331237793
8.882914033970797,0.3931601861292552,15.955897331237793
8.882914033970797,0.3931601861292552,15.955897331237793
8.882914033970797,0.3931601861292552,15.955897331237793
8.882914033970797,0.3931601861292552,15.955897331237793
8.882914033970797,0.3931601861292552,15.955897331237793
8.882914033970797,0.3931601861292552,15.955897331237793
8.87984705597257,0.3642305302652439,15.955897331237793
8.87984705597257,0.3642305302652439,15.955897331237793
8.87984705597257,0.3642305302652439,15.955897331237793
8.87984705597257,0.3642305302652439,15.955897331237793
8.87984705597257,0.3642305302652439,15.955897331237793
8.87984705597257,0.3642305302652439,15.955897331237793
8.87984705597257,0.3642305302652439,15.955897331237793
8.894608323767336,0.3763104009989628,15.955897331237793
8.894608323767336,0.3763104009989628,15.955897331237793
8.894608323767336,0.3763104009989628,15.955897331237793
8.894608323767336,0.3763104009989628,15.955897331237793
8.894608323767336,0.3763104009989628,15.955897331237793
8.894608323767336,0.3763104009989628,15.955897331237793
8.905106666842887,0.37860685619379236,15.955897331237793
8.905106666842887,0.37860685619379236,15.955897331237793
8.905106666842887,0.37860685619379236,15.955897331237793
8.905106666842887,0.37860685619379236,15.955897331237793
8.905106666842887,0.37860685619379236,15.955897331237793
8.905106666842887,0.37860685619379236,15.955897331237793
8.92986797486909,0.35198942896313323,15.955897331237793
8.92986797486909,0.35198942896313323,15.955897331237793
8.92986797486909,0.35198942896313323,15.955897331237793
8.92986797486909,0.35198942896313323,15.955897331237793
8.92986797486909,0.35198942896313323,15.955897331237793
8.92986797486909,0.35198942896313323,15.955897331237793
8.92986797486909,0.35198942896313323,15.955897331237793
8.92986797486909,0.35198942896313323,15.955897331237793
8.95775611836401,0.36844851451242194,15.955897331237793
8.95775611836401,0.36844851451242194,15.955897331237793
8.95775611836401,0.36844851451242194,15.955897331237793
8.95775611836401,0.36844851451242194,15.955897331237793
8.95775611836401,0.36844851451242194,15.955897331237793
8.95775611836401,0.36844851451242194,15.955897331237793
8.983728564204846,0.35745519472517623,15.955897331237793
8.983728564204846,0.35745519472517623,15.955897331237793
8.983728564204846,0.35745519472517623,15.955897331237793
8.983728564204846,0.35745519472517623,15.955897331237793
8.983728564204846,0.35745519472517623,15.955897331237793
8.983728564204846,0.35745519472517623,15.955897331237793
8.995879894905164,0.39906017035277974,15.955897331237793
8.995879894905164,0.39906017035277974,15.955897331237793
8.995879894905164,0.39906017035277974,15.955897331237793
8.995879894905164,0.39906017035277974,15.955897331237793
8.995879894905164,0.39906017035277974,15.955897331237793
8.995879894905164,0.39906017035277974,15.955897331237793
9.010243785856582,0.4119566648145181,15.955897331237793
9.010243785856582,0.4119566648145181,15.955897331237793
9.010243785856582,0.4119566648145181,15.955897331237793
9.010243785856582,0.4119566648145181,15.955897331237793
9.010243785856582,0.4119566648145181,15.955897331237793
9.010243785856582,0.4119566648145181,15.955897331237793
9.010243785856582,0.4119566648145181,15.955897331237793
9.02620642477903,0.4342410594925018,15.955897331237793
9.02620642477903,0.4342410594925018,15.955897331237793
9.02620642477903,0.4342410594925018,15.955897331237793
9.02620642477903,0.4342410594925018,15.955897331237793
9.02620642477903,0.4342410594925018,15.955897331237793
9.02620642477903,0.4342410594925018,15.955897331237793
9.02620642477903,0.4342410594925018,15.955897331237793
9.02620642477903,0.4342410594925018,15.955897331237793
9.02620642477903,0.4342410594925018,15.955897331237793
9.02620642477903,0.4342410594925018,15.955897331237793
9.02620642477903,0.4342410594925018,15.955897331237793
9.02620642477903,0.4342410594925018,15.955897331237793
9.040202944756752,0.46470694813864927,15.955897331237793
9.040202944756752,0.46470694813864927,15.955897331237793
9.040202944756752,0.46470694813864927,15.955897331237793
9.040202944756752,0.46470694813864927,15.955897331237793
9.040202944756752,0.46470694813864927,15.955897331237793
9.040202944756752,0.46470694813864927,15.955897331237793
9.040202944756752,0.46470694813864927,15.955897331237793
9.085584286217946,0.531184716323358,15.955897331237793
9.085584286217946,0.531184716323358,15.955897331237793
9.085584286217946,0.531184716323358,15.955897331237793
9.085584286217946,0.531184716323358,15.955897331237793
9.085584286217946,0.531184716323358,15.955897331237793
9.085584286217946,0.531184716323358,15.955897331237793
9.121212868652398,0.5424319292425942,15.955897331237793
9.121212868652398,0.5424319292425942,15.955897331237793
9.121212868652398,0.5424319292425942,15.955897331237793
9.121212868652398,0.5424319292425942,15.955897331237793
9.121212868652398,0.5424319292425942,15.955897331237793
9.121212868652398,0.5424319292425942,15.955897331237793
9.135006187819187,0.5886894930358092,15.955897331237793
9.135006187819187,0.5886894930358092,15.955897331237793
9.135006187819187,0.5886894930358092,15.955897331237793
9.135006187819187,0.5886894930358092,15.955897331237793
9.135006187819187,0.5886894930358092,15.955897331237793
9.135006187819187,0.5886894930358092,15.955897331237793
9.135006187819187,0.5886894930358092,15.955897331237793
9.135006187819187,0.5886894930358092,15.955897331237793
9.167003116876261,0.5977807000982679,15.955897331237793
9.167003116876261,0.5977807000982679,15.955897331237793
9.167003116876261,0.5977807000982679,15.955897331237793
9.167003116876261,0.5977807000982679,15.955897331237793
9.167003116876261,0.5977807000982679,15.955897331237793
9.17901264145791,0.6489209330940848,15.955897331237793
9.17901264145791,0.6489209330940848,15.955897331237793
9.17901264145791,0.6489209330940848,15.955897331237793
9.17901264145791,0.6489209330940848,15.955897331237793
9.17901264145791,0.6489209330940848,15.955897331237793
9.227096317141275,0.664416515725584,15.955897331237793
9.227096317141275,0.664416515725584,15.955897331237793
9.227096317141275,0.664416515725584,15.955897331237793
9.227096317141275,0.664416515725584,15.955897331237793
9.227096317141275,0.664416515725584,15.955897331237793
9.227096317141275,0.664416515725584,15.955897331237793
9.239261334350802,0.6871886218407248,15.955897331237793
9.239261334350802,0.6871886218407248,15.955897331237793
9.239261334350802,0.6871886218407248,15.955897331237793
9.239261334350802,0.6871886218407248,15.955897331237793
9.239261334350802,0.6871886218407248,15.955897331237793
9.239261334350802,0.6871886218407248,15.955897331237793
9.239261334350802,0.6871886218407248,15.955897331237793
9.239261334350802,0.6871886218407248,15.955897331237793
9.237694244043075,0.7279766715122197,15.955897331237793
9.237694244043075,0.7279766715122197,15.955897331237793
9.237694244043075,0.7279766715122197,15.955897331237793
9.237694244043075,0.7279766715122197,15.955897331237793
9.237694244043075,0.7279766715122197,15.955897331237793
9.237694244043075,0.7279766715122197,15.955897331237793
9.237694244043075,0.7279766715122197,15.955897331237793
9.237694244043075,0.7279766715122197,15.955897331237793
9.237694244043075,0.7279766715122197,15.955897331237793
9.237694244043075,0.7279766715122197,15.955897331237793
9.236173613873746,0.7800452366260827,15.955897331237793
9.236173613873746,0.7800452366260827,15.955897331237793
9.236173613873746,0.7800452366260827,15.955897331237793
9.236173613873746,0.7800452366260827,15.955897331237793
9.236173613873746,0.7800452366260827,15.955897331237793
9.236173613873746,0.7800452366260827,15.955897331237793
9.236173613873746,0.7800452366260827,15.955897331237793
9.236173613873746,0.7800452366260827,15.955897331237793
9.236173613873746,0.7800452366260827,15.955897331237793
9.236173613873746,0.7800452366260827,15.955897331237793
9.284298418856933,0.8362412570731829,15.955897331237793
9.284298418856933,0.8362412570731829,15.955897331237793
9.284298418856933,0.8362412570731829,15.955897331237793
9.284298418856933,0.8362412570731829,15.955897331237793
9.284298418856933,0.8362412570731829,15.955897331237793
9.284298418856933,0.8362412570731829,15.955897331237793
9.284298418856933,0.8362412570731829,15.955897331237793
9.284298418856933,0.8362412570731829,15.955897331237793
9.284298418856933,0.8362412570731829,15.955897331237793
9.284298418856933,0.8362412570731829,15.955897331237793
9.309486034503282,0.8796670356158884,15.955897331237793
9.309486034503282,0.8796670356158884,15.955897331237793
9.309486034503282,0.8796670356158884,15.955897331237793
9.309486034503282,0.8796670356158884,15.955897331237793
9.309486034503282,0.8796670356158884,15.955897331237793
9.309486034503282,0.8796670356158884,15.955897331237793
9.309486034503282,0.8796670356158884,15.955897331237793
9.309486034503282,0.8796670356158884,15.955897331237793
9.309486034503282,0.8796670356158884,15.955897331237793
9.309486034503282,0.8796670356158884,15.955897331237793
9.309486034503282,0.8796670356158884,15.955897331237793
9.334011380494628,0.9277942992997131,15.955897331237793
9.334011380494628,0.9277942992997131,15.955897331237793
9.334011380494628,0.9277942992997131,15.955897331237793
9.334011380494628,0.9277942992997131,15.955897331237793
9.334011380494628,0.9277942992997131,15.955897331237793
9.334011380494628,0.9277942992997131,15.955897331237793
9.334011380494628,0.9277942992997131,15.955897331237793
9.334011380494628,0.9277942992997131,15.955897331237793
9.334011380494628,0.9277942992997131,15.955897331237793
9.334110710125527,0.9955620983819591,15.955897331237793
9.334110710125527,0.9955620983819591,15.955897331237793
9.334110710125527,0.9955620983819591,15.955897331237793
9.334110710125527,0.9955620983819591,15.955897331237793
9.334110710125527,0.9955620983819591,15.955897331237793
9.334110710125527,0.9955620983819591,15.955897331237793
9.351600937796018,1.0685002624885245,15.955897331237793
9.351600937796018,1.0685002624885245,15.955897331237793
9.351600937796018,1.0685002624885245,15.955897331237793
9.351600937796018,1.0685002624885245,15.955897331237793
9.351600937796018,1.0685002624885245,15.955897331237793
9.351600937796018,1.0685002624885245,15.955897331237793
9.351600937796018,1.0685002624885245,15.955897331237793
9.361997637663476,1.0984287955864827,15.955897331237793
9.361997637663476,1.0984287955864827,15.955897331237793
9.361997637663476,1.0984287955864827,15.955897331237793
9.361997637663476,1.0984287955864827,15.955897331237793
9.361997637663476,1.0984287955864827,15.955897331237793
9.361997637663476,1.0984287955864827,15.955897331237793
9.367939202494792,1.1449178221595435,15.955897331237793
9.367939202494792,1.1449178221595435,15.955897331237793
9.367939202494792,1.1449178221595435,15.955897331237793
9.367939202494792,1.1449178221595435,15.955897331237793
9.367939202494792,1.1449178221595435,15.955897331237793
9.367939202494792,1.1449178221595435,15.955897331237793
9.367939202494792,1.1449178221595435,15.955897331237793
9.394523096432748,1.191738064053884,15.955897331237793
9.394523096432748,1.191738064053884,15.955897331237793
9.394523096432748,1.191738064053884,15.955897331237793
9.394523096432748,1.191738064053884,15.955897331237793
9.394523096432748,1.191738064053884,15.955897331237793
9.394523096432748,1.191738064053884,15.955897331237793
9.394523096432748,1.191738064053884,15.955897331237793
9.378253917693346,1.2286139614660068,15.955897331237793
9.378253917693346,1.2286139614660068,15.955897331237793
9.378253917693346,1.2286139614660068,15.955897331237793
9.378253917693346,1.2286139614660068,15.955897331237793
9.378253917693346,1.2286139614660068,15.955897331237793
9.378253917693346,1.2286139614660068,15.955897331237793
9.378253917693346,1.2286139614660068,15.955897331237793
9.398810775433263,1.2821171052495661,15.955897331237793
9.398810775433263,1.2821171052495661,15.955897331237793
9.398810775433263,1.2821171052495661,15.955897331237793
9.398810775433263,1.2821171052495661,15.955897331237793
9.398810775433263,1.2821171052495661,15.955897331237793
9.398810775433263,1.2821171052495661,15.955897331237793
9.393031297516542,1.3327736249930562,15.955897331237793
9.393031297516542,1.3327736249930562,15.955897331237793
9.393031297516542,1.3327736249930562,15.955897331237793
9.393031297516542,1.3327736249930562,15.955897331237793
9.393031297516542,1.3327736249930562,15.955897331237793
9.393031297516542,1.3327736249930562,15.955897331237793
9.393031297516542,1.3327736249930562,15.955897331237793
9.400665039055436,1.3818498282247826,15.955897331237793
9.400665039055436,1.3818498282247826,15.955897331237793
9.400665039055436,1.3818498282247826,15.955897331237793
9.400665039055436,1.3818498282247826,15.955897331237793
9.400665039055436,1.3818498282247826,15.955897331237793
9.400665039055436,1.3818498282247826,15.955897331237793
9.414454802509677,1.4597177687372478,15.955897331237793
9.414454802509677,1.4597177687372478,15.955897331237793
9.414454802509677,1.4597177687372478,15.955897331237793
9.414454802509677,1.4597177687372478,15.955897331237793
9.414454802509677,1.4597177687372478,15.955897331237793
9.414454802509677,1.4597177687372478,15.955897331237793
9.414454802509677,1.4597177687372478,15.955897331237793
9.41170953258751,1.5450955751675828,15.955897331237793
9.41170953258751,1.5450955751675828,15.955897331237793
9.41170953258751,1.5450955751675828,15.955897331237793
9.41170953258751,1.5450955751675828,15.955897331237793
9.41170953258751,1.5450955751675828,15.955897331237793
9.41170953258751,1.5450955751675828,15.955897331237793
9.41170953258751,1.5450955751675828,15.955897331237793
9.449405354191468,1.6049439529547196,15.955897331237793
9.449405354191468,1.6049439529547196,15.955897331237793
9.449405354191468,1.6049439529547196,15.955897331237793
9.449405354191468,1.6049439529547196,15.955897331237793
9.449405354191468,1.6049439529547196,15.955897331237793
9.449405354191468,1.6049439529547196,15.955897331237793
9.44274638653087,1.7002557950398427,15.955897331237793
9.44274638653087,1.7002557950398427,15.955897331237793
9.44274638653087,1.7002557950398427,15.955897331237793
9.44274638653087,1.7002557950398427,15.955897331237793
9.44274638653087,1.7002557950398427,15.955897331237793
9.44274638653087,1.7002557950398427,15.955897331237793
9.44274638653087,1.7002557950398427,15.955897331237793
9.44627262281923,1.8160696810918522,15.955897331237793
9.44627262281923,1.8160696810918522,15.955897331237793
9.44627262281923,1.8160696810918522,15.955897331237793
9.44627262281923,1.8160696810918522,15.955897331237793
9.44627262281923,1.8160696810918522,15.955897331237793
9.44627262281923,1.8160696810918522,15.955897331237793
9.44627262281923,1.8160696810918522,15.955897331237793
9.43694957814559,1.915786678658202,15.955897331237793
9.43694957814559,1.915786678658202,15.955897331237793
9.43694957814559,1.915786678658202,15.955897331237793
9.43694957814559,1.915786678658202,15.955897331237793
9.43694957814559,1.915786678658202,15.955897331237793
9.43694957814559,1.915786678658202,15.955897331237793
9.43694957814559,1.915786678658202,15.955897331237793
9.44928317122998,2.0100921585294644,15.955897331237793
9.44928317122998,2.0100921585294644,15.955897331237793
9.44928317122998,2.0100921585294644,15.955897331237793
9.44928317122998,2.0100921585294644,15.955897331237793
9.44928317122998,2.0100921585294644,15.955897331237793
9.44928317122998,2.0100921585294644,15.955897331237793
9.44928317122998,2.0100921585294644,15.955897331237793
9.465395446335892,2.1513389785482127,15.955897331237793
9.465395446335892,2.1513389785482127,15.955897331237793
9.465395446335892,2.1513389785482127,15.955897331237793
9.465395446335892,2.1513389785482127,15.955897331237793
9.465395446335892,2.1513389785482127,15.955897331237793
9.465395446335892,2.1513389785482127,15.955897331237793
9.45700993789293,2.2857962076440512,15.955897331237793
9.45700993789293,2.2857962076440512,15.955897331237793
9.45700993789293,2.2857962076440512,15.955897331237793
9.45700993789293,2.2857962076440512,15.955897331237793
9.45700993789293,2.2857962076440512,15.955897331237793
9.45700993789293,2.2857962076440512,15.955897331237793
9.45700993789293,2.2857962076440512,15.955897331237793
9.470270679932474,2.3681136293855523,15.955897331237793
9.470270679932474,2.3681136293855523,15.955897331237793
9.470270679932474,2.3681136293855523,15.955897331237793
9.470270679932474,2.3681136293855523,15.955897331237793
9.470270679932474,2.3681136293855523,15.955897331237793
9.470270679932474,2.3681136293855523,15.955897331237793
9.484800768162168,2.5168870474288845,15.955897331237793
9.484800768162168,2.5168870474288845,15.955897331237793
9.484800768162168,2.5168870474288845,15.955897331237793
9.484800768162168,2.5168870474288845,15.955897331237793
9.484800768162168,2.5168870474288845,15.955897331237793
9.484800768162168,2.5168870474288845,15.955897331237793
9.484800768162168,2.5168870474288845,15.955897331237793
9.520130457335414,2.671887445365754,15.955897331237793
9.520130457335414,2.671887445365754,15.955897331237793
9.520130457335414,2.671887445365754,15.955897331237793
9.520130457335414,2.671887445365754,15.955897331237793
9.520130457335414,2.671887445365754,15.955897331237793
9.520130457335414,2.671887445365754,15.955897331237793
9.544337278063821,2.7804057143065277,15.955897331237793
9.544337278063821,2.7804057143065277,15.955897331237793
9.544337278063821,2.7804057143065277,15.955897331237793
9.544337278063821,2.7804057143065277,15.955897331237793
9.544337278063821,2.7804057143065277,15.955897331237793
9.544337278063821,2.7804057143065277,15.955897331237793
9.544337278063821,2.7804057143065277,15.955897331237793
9.549691183434772,2.9407421845463015,15.955897331237793
9.549691183434772,2.9407421845463015,15.955897331237793
9.549691183434772,2.9407421845463015,15.955897331237793
9.549691183434772,2.9407421845463015,15.955897331237793
9.549691183434772,2.9407421845463015,15.955897331237793
9.549691183434772,2.9407421845463015,15.955897331237793
9.562481465513057,3.0509663296975855,15.955897331237793
9.562481465513057,3.0509663296975855,15.955897331237793
9.562481465513057,3.0509663296975855,15.955897331237793
9.562481465513057,3.0509663296975855,15.955897331237793
9.562481465513057,3.0509663296975855,15.955897331237793
9.562481465513057,3.0509663296975855,15.955897331237793
9.58531296343939,3.250584341755016,15.955897331237793
9.58531296343939,3.250584341755016,15.955897331237793
9.58531296343939,3.250584341755016,15.955897331237793
9.58531296343939,3.250584341755016,15.955897331237793
9.58531296343939,3.250584341755016,15.955897331237793
9.58531296343939,3.250584341755016,15.955897331237793
9.58531296343939,3.250584341755016,15.955897331237793
9.59920363516045,3.395694356603792,15.955897331237793
9.59920363516045,3.395694356603792,15.955897331237793
9.59920363516045,3.395694356603792,15.955897331237793
9.59920363516045,3.395694356603792,15.955897331237793
9.59920363516045,3.395694356603792,15.955897331237793
9.59920363516045,3.395694356603792,15.955897331237793
9.59920363516045,3.395694356603792,15.955897331237793
9.611038667954197,3.602737841761882,15.955897331237793
9.611038667954197,3.602737841761882,15.955897331237793
9.611038667954197,3.602737841761882,15.955897331237793
9.611038667954197,3.602737841761882,15.955897331237793
9.611038667954197,3.602737841761882,15.955897331237793
9.611038667954197,3.602737841761882,15.955897331237793
9.639453981025442,3.826920775115765,15.955897331237793
9.639453981025442,3.826920775115765,15.955897331237793
9.639453981025442,3.826920775115765,15.955897331237793
9.639453981025442,3.826920775115765,15.955897331237793
9.639453981025442,3.826920775115765,15.955897331237793
9.639453981025442,3.826920775115765,15.955897331237793
9.639453981025442,3.826920775115765,15.955897331237793
9.661496438679844,3.980574622910054,15.955897331237793
9.661496438679844,3.980574622910054,15.955897331237793
9.661496438679844,3.980574622910054,15.955897331237793
9.661496438679844,3.980574622910054,15.955897331237793
9.661496438679844,3.980574622910054,15.955897331237793
9.661496438679844,3.980574622910054,15.955897331237793
9.661496438679844,3.980574622910054,15.955897331237793
9.674606608529816,4.204624335901067,15.955897331237793
9.674606608529816,4.204624335901067,15.955897331237793
9.674606608529816,4.204624335901067,15.955897331237793
9.674606608529816,4.204624335901067,15.955897331237793
9.674606608529816,4.204624335901067,15.955897331237793
9.674606608529816,4.204624335901067,15.955897331237793
9.674606608529816,4.204624335901067,15.955897331237793
9.698747596216437,4.434918571789073,15.955897331237793
9.698747596216437,4.434918571789073,15.955897331237793
9.698747596216437,4.434918571789073,15.955897331237793
9.698747596216437,4.434918571789073,15.955897331237793
9.698747596216437,4.434918571789073,15.955897331237793
9.698747596216437,4.434918571789073,15.955897331237793
9.698747596216437,4.434918571789073,15.955897331237793
9.698747596216437,4.434918571789073,15.955897331237793
9.698747596216437,4.434918571789073,15.955897331237793
9.720667368901712,4.675931266741248,15.955897331237793
9.720667368901712,4.675931266741248,15.955897331237793
9.720667368901712,4.675931266741248,15.955897331237793
9.720667368901712,4.675931266741248,15.955897331237793
9.720667368901712,4.675931266741248,15.955897331237793
9.740099539827066,4.9189117194131935,15.955897331237793
9.740099539827066,4.9189117194131935,15.955897331237793
9.740099539827066,4.9189117194131935,15.955897331237793
9.740099539827066,4.9189117194131935,15.955897331237793
9.740099539827066,4.9189117194131935,15.955897331237793
9.753771924633607,5.085175761999756,15.955897331237793
9.753771924633607,5.085175761999756,15.955897331237793
9.753771924633607,5.085175761999756,15.955897331237793
9.753771924633607,5.085175761999756,15.955897331237793
9.753771924633607,5.085175761999756,15.955897331237793
9.76114556379218,5.252198597489907,15.955897331237793
9.76114556379218,5.252198597489907,15.955897331237793
9.76114556379218,5.252198597489907,15.955897331237793
9.76114556379218,5.252198597489907,15.955897331237793
9.769006129981648,5.415685521850627,15.955897331237793
9.769006129981648,5.415685521850627,15.955897331237793
9.769006129981648,5.415685521850627,15.955897331237793
9.769006129981648,5.415685521850627,15.955897331237793
9.769006129981648,5.415685521850627,15.955897331237793
9.777741752195794,5.581347770654488,15.955897331237793
9.777741752195794,5.581347770654488,15.955897331237793
9.777741752195794,5.581347770654488,15.955897331237793
9.777741752195794,5.581347770654488,15.955897331237793
9.777741752195794,5.581347770654488,15.955897331237793
9.790283978376074,5.7410397245042635,15.955897331237793
9.790283978376074,5.7410397245042635,15.955897331237793
9.790283978376074,5.7410397245042635,15.955897331237793
9.790283978376074,5.7410397245042635,15.955897331237793
9.790283978376074,5.7410397245042635,15.955897331237793
9.799119849889133,5.889917386829223,15.955897331237793
9.799119849889133,5.889917386829223,15.955897331237793
9.799119849889133,5.889917386829223,15.955897331237793
9.799119849889133,5.889917386829223,15.955897331237793
9.806380526323673,6.032981910288295,15.955897331237793
9.806380526323673,6.032981910288295,15.955897331237793
9.806380526323673,6.032981910288295,15.955897331237793
9.806380526323673,6.032981910288295,15.955897331237793
9.806380526323673,6.032981910288295,15.955897331237793
9.807121768299837,6.107093202871074,15.955897331237793
9.807121768299837,6.107093202871074,15.955897331237793
9.807121768299837,6.107093202871074,15.955897331237793
9.807121768299837,6.107093202871074,15.955897331237793
9.807121768299837,6.107093202871074,15.955897331237793
9.814060652630458,6.251755392172663,15.955897331237793
9.814060652630458,6.251755392172663,15.955897331237793
9.814060652630458,6.251755392172663,15.955897331237793
9.814060652630458,6.251755392172663,15.955897331237793
9.814060652630458,6.251755392172663,15.955897331237793
9.815784070025137,6.391459252729421,15.955897331237793
9.815784070025137,6.391459252729421,15.955897331237793
9.815784070025137,6.391459252729421,15.955897331237793
9.815784070025137,6.391459252729421,15.955897331237793
9.815784070025137,6.391459252729421,15.955897331237793
9.816605969591073,6.526181782581463,15.955897331237793
9.816605969591073,6.526181782581463,15.955897331237793
9.816605969591073,6.526181782581463,15.955897331237793
9.816605969591073,6.526181782581463,15.955897331237793
9.816605969591073,6.526181782581463,15.955897331237793
9.815809355219809,6.664199311436982,15.955897331237793
9.815809355219809,6.664199311436982,15.955897331237793
9.815809355219809,6.664199311436982,15.955897331237793
9.815809355219809,6.664199311436982,15.955897331237793
9.815809355219809,6.664199311436982,15.955897331237793
9.816478042152118,6.79447301697768,15.955897331237793
9.816478042152118,6.79447301697768,15.955897331237793
9.816478042152118,6.79447301697768,15.955897331237793
9.816478042152118,6.79447301697768,15.955897331237793
9.812119854214432,6.923163055643082,15.955897331237793
9.812119854214432,6.923163055643082,15.955897331237793
9.812119854214432,6.923163055643082,15.955897331237793
9.812119854214432,6.923163055643082,15.955897331237793
9.812119854214432,6.923163055643082,15.955897331237793
9.793144746975734,7.046254975024059,15.955897331237793
9.793144746975734,7.046254975024059,15.955897331237793
9.793144746975734,7.046254975024059,15.955897331237793
9.793144746975734,7.046254975024059,15.955897331237793
9.793144746975734,7.046254975024059,15.955897331237793
9.772513118146678,7.163086885025886,15.955897331237793
9.772513118146678,7.163086885025886,15.955897331237793
9.772513118146678,7.163086885025886,15.955897331237793
9.772513118146678,7.163086885025886,15.955897331237793
9.772513118146678,7.163086885025886,15.955897331237793
9.747626683827766,7.277741217618031,15.955897331237793
9.747626683827766,7.277741217618031,15.955897331237793
9.747626683827766,7.277741217618031,15.955897331237793
9.747626683827766,7.277741217618031,15.955897331237793
9.708708865991534,7.373356154569467,15.955897331237793
9.708708865991534,7.373356154569467,15.955897331237793
9.708708865991534,7.373356154569467,15.955897331237793
9.708708865991534,7.373356154569467,15.955897331237793
9.664238803646683,7.474613208231119,15.955897331237793
9.664238803646683,7.474613208231119,15.955897331237793
9.664238803646683,7.474613208231119,15.955897331237793
9.664238803646683,7.474613208231119,15.955897331237793
9.664238803646683,7.474613208231119,15.955897331237793
9.62015463385742,7.542113324540239,15.955897331237793
9.62015463385742,7.542113324540239,15.955897331237793
9.62015463385742,7.542113324540239,15.955897331237793
9.62015463385742,7.542113324540239,15.955897331237793
9.595244165154657,7.580709756163682,15.955897331237793
9.595244165154657,7.580709756163682,15.955897331237793
9.595244165154657,7.580709756163682,15.955897331237793
9.595244165154657,7.580709756163682,15.955897331237793
9.595244165154657,7.580709756163682,15.955897331237793
9.537645927499307,7.653416296840606,15.955897331237793
9.537645927499307,7.653416296840606,15.955897331237793
9.537645927499307,7.653416296840606,15.955897331237793
9.537645927499307,7.653416296840606,15.955897331237793
9.445054871807702,7.699449570069917,15.955897331237793
9.445054871807702,7.699449570069917,15.955897331237793
9.445054871807702,7.699449570069917,15.955897331237793
9.445054871807702,7.699449570069917,15.955897331237793
9.445054871807702,7.699449570069917,15.955897331237793
9.401568183965505,7.715052585143862,15.955897331237793
9.401568183965505,7.715052585143862,15.955897331237793
9.401568183965505,7.715052585143862,15.955897331237793
9.401568183965505,7.715052585143862,15.955897331237793
9.357115533448345,7.759532720825866,15.955897331237793
9.357115533448345,7.759532720825866,15.955897331237793
9.357115533448345,7.759532720825866,15.955897331237793
9.357115533448345,7.759532720825866,15.955897331237793
9.357115533448345,7.759532720825866,15.955897331237793
9.297204124970746,7.818308391905525,15.955897331237793
9.297204124970746,7.818308391905525,15.955897331237793
9.297204124970746,7.818308391905525,15.955897331237793
9.297204124970746,7.818308391905525,15.955897331237793
9.214641320360972,7.887467789582365,15.955897331237793
9.214641320360972,7.887467789582365,15.955897331237793
9.214641320360972,7.887467789582365,15.955897331237793
9.214641320360972,7.887467789582365,15.955897331237793
9.120376484750539,7.962019691190108,15.955897331237793
9.120376484750539,7.962019691190108,15.955897331237793
9.120376484750539,7.962019691190108,15.955897331237793
9.120376484750539,7.962019691190108,15.955897331237793
9.120376484750539,7.962019691190108,15.955897331237793
9.070586344542624,8.025390045009164,15.955897331237793
9.070586344542624,8.025390045009164,15.955897331237793
9.070586344542624,8.025390045009164,15.955897331237793
9.070586344542624,8.025390045009164,15.955897331237793
8.94922578891042,8.098536908502897,15.955897331237793
8.94922578891042,8.098536908502897,15.955897331237793
8.94922578891042,8.098536908502897,15.955897331237793
8.94922578891042,8.098536908502897,15.955897331237793
8.865963844863128,8.146297901637798,15.955897331237793
8.865963844863128,8.146297901637798,15.955897331237793
8.865963844863128,8.146297901637798,15.955897331237793
8.865963844863128,8.146297901637798,15.955897331237793
8.865963844863128,8.146297901637798,15.955897331237793
8.817408532363627,8.169924786400935,15.955897331237793
8.817408532363627,8.169924786400935,15.955897331237793
8.817408532363627,8.169924786400935,15.955897331237793
8.817408532363627,8.169924786400935,15.955897331237793
8.74593175192047,8.213446071634282,15.955897331237793
8.74593175192047,8.213446071634282,15.955897331237793
8.74593175192047,8.213446071634282,15.955897331237793
8.74593175192047,8.213446071634282,15.955897331237793
8.67352578237672,8.281048437251997,15.955897331237793
8.67352578237672,8.281048437251997,15.955897331237793
8.67352578237672,8.281048437251997,15.955897331237793
8.67352578237672,8.281048437251997,15.955897331237793
8.60393999009967,8.321194305790593,15.955897331237793
8.60393999009967,8.321194305790593,15.955897331237793
8.60393999009967,8.321194305790593,15.955897331237793
8.60393999009967,8.321194305790593,15.955897331237793
8.56970402914567,8.361568188160476,15.955897331237793
8.56970402914567,8.361568188160476,15.955897331237793
8.56970402914567,8.361568188160476,15.955897331237793
8.495722860139058,8.391908941208023,15.955897331237793
8.495722860139058,8.391908941208023,15.955897331237793
8.495722860139058,8.391908941208023,15.955897331237793
8.495722860139058,8.391908941208023,15.955897331237793
8.495722860139058,8.391908941208023,15.955897331237793
8.456194268436754,8.40229657634634,15.955897331237793
8.456194268436754,8.40229657634634,15.955897331237793
8.456194268436754,8.40229657634634,15.955897331237793
8.456194268436754,8.40229657634634,15.955897331237793
8.375072553773627,8.441373035484752,15.955897331237793
8.375072553773627,8.441373035484752,15.955897331237793
8.375072553773627,8.441373035484752,15.955897331237793
8.375072553773627,8.441373035484752,15.955897331237793
8.309085885766494,8.468902620784695,15.955897331237793
8.309085885766494,8.468902620784695,15.955897331237793
8.309085885766494,8.468902620784695,15.955897331237793
8.309085885766494,8.468902620784695,15.955897331237793
8.27984877624859,8.472310739706728,15.955897331237793
8.27984877624859,8.472310739706728,15.955897331237793
8.27984877624859,8.472310739706728,15.955897331237793
8.27984877624859,8.472310739706728,15.955897331237793
8.213216888637499,8.493488871263878,15.955897331237793
8.213216888637499,8.493488871263878,15.955897331237793
8.213216888637499,8.493488871263878,15.955897331237793
8.213216888637499,8.493488871263878,15.955897331237793
8.213216888637499,8.493488871263878,15.955897331237793
8.139922906099926,8.514708720877875,15.955897331237793
8.139922906099926,8.514708720877875,15.955897331237793
8.139922906099926,8.514708720877875,15.955897331237793
8.139922906099926,8.514708720877875,15.955897331237793
8.093667072098684,8.518073989336006,15.955897331237793
8.093667072098684,8.518073989336006,15.955897331237793
8.093667072098684,8.518073989336006,15.955897331237793
8.093667072098684,8.518073989336006,15.955897331237793
8.093667072098684,8.518073989336006,15.955897331237793
8.01999137821018,8.525527364033902,15.955897331237793
8.01999137821018,8.525527364033902,15.955897331237793
8.01999137821018,8.525527364033902,15.955897331237793
8.01999137821018,8.525527364033902,15.955897331237793
7.94937245378924,8.535729821554108,15.955897331237793
7.94937245378924,8.535729821554108,15.955897331237793
7.94937245378924,8.535729821554108,15.955897331237793
7.94937245378924,8.535729821554108,15.955897331237793
7.8901600967211145,8.541261789554776,15.955897331237793
7.8901600967211145,8.541261789554776,15.955897331237793
7.8901600967211145,8.541261789554776,15.955897331237793
7.8901600967211145,8.541261789554776,15.955897331237793
7.8901600967211145,8.541261789554776,15.955897331237793
7.8271185576035895,8.542065193883486,15.955897331237793
7.8271185576035895,8.542065193883486,15.955897331237793
7.8271185576035895,8.542065193883486,15.955897331237793
7.8271185576035895,8.542065193883486,15.955897331237793
7.744166361703502,8.54756023622559,15.955897331237793
7.744166361703502,8.54756023622559,15.955897331237793
7.744166361703502,8.54756023622559,15.955897331237793
7.744166361703502,8.54756023622559,15.955897331237793
7.744166361703502,8.54756023622559,15.955897331237793
7.640004545615503,8.55885273637147,15.955897331237793
7.640004545615503,8.55885273637147,15.955897331237793
7.640004545615503,8.55885273637147,15.955897331237793
7.640004545615503,8.55885273637147,15.955897331237793
7.5806640851684755,8.568833642851152,15.955897331237793
7.5806640851684755,8.568833642851152,15.955897331237793
7.5806640851684755,8.568833642851152,15.955897331237793
7.5806640851684755,8.568833642851152,15.955897331237793
7.490550847376898,8.608945713825467,15.955897331237793
7.490550847376898,8.608945713825467,15.955897331237793
7.490550847376898,8.608945713825467,15.955897331237793
7.490550847376898,8.608945713825467,15.955897331237793
7.490550847376898,8.608945713825467,15.955897331237793
7.386606476022692,8.634978050275302,15.955897331237793
7.386606476022692,8.634978050275302,15.955897331237793
7.386606476022692,8.634978050275302,15.955897331237793
7.386606476022692,8.634978050275302,15.955897331237793
7.276143926206736,8.629125682650452,15.955897331237793
7.276143926206736,8.629125682650452,15.955897331237793
7.276143926206736,8.629125682650452,15.955897331237793
7.276143926206736,8.629125682650452,15.955897331237793
7.163729843010952,8.629840589341615,15.955897331237793
7.163729843010952,8.629840589341615,15.955897331237793
7.163729843010952,8.629840589341615,15.955897331237793
7.163729843010952,8.629840589341615,15.955897331237793
7.163729843010952,8.629840589341615,15.955897331237793
7.078885793655132,8.646885944173944,15.955897331237793
7.078885793655132,8.646885944173944,15.955897331237793
7.078885793655132,8.646885944173944,15.955897331237793
7.078885793655132,8.646885944173944,15.955897331237793
7.078885793655132,8.646885944173944,15.955897331237793
6.940732432177369,8.658340138325375,15.955897331237793
6.940732432177369,8.658340138325375,15.955897331237793
6.940732432177369,8.658340138325375,15.955897331237793
6.940732432177369,8.658340138325375,15.955897331237793
6.816665955481274,8.647915507069749,15.955897331237793
6.816665955481274,8.647915507069749,15.955897331237793
6.816665955481274,8.647915507069749,15.955897331237793
6.816665955481274,8.647915507069749,15.955897331237793
6.816665955481274,8.647915507069749,15.955897331237793
6.703558334481268,8.679719606088115,15.955897331237793
6.703558334481268,8.679719606088115,15.955897331237793
6.703558334481268,8.679719606088115,15.955897331237793
6.703558334481268,8.679719606088115,15.955897331237793
6.562861563729392,8.700626392265788,15.955897331237793
6.562861563729392,8.700626392265788,15.955897331237793
6.562861563729392,8.700626392265788,15.955897331237793
6.562861563729392,8.700626392265788,15.955897331237793
6.562861563729392,8.700626392265788,15.955897331237793
6.532589822909442,8.698184389993239,15.955897331237793
6.532589822909442,8.698184389993239,15.955897331237793
6.532589822909442,8.698184389993239,15.955897331237793
6.532589822909442,8.698184389993239,15.955897331237793
6.421882493919285,8.68540445034483,15.955897331237793
6.421882493919285,8.68540445034483,15.955897331237793
6.421882493919285,8.68540445034483,15.955897331237793
6.421882493919285,8.68540445034483,15.955897331237793
6.293267862907404,8.665631470389954,15.955897331237793
6.293267862907404,8.665631470389954,15.955897331237793
6.293267862907404,8.665631470389954,15.955897331237793
6.293267862907404,8.665631470389954,15.955897331237793
6.293267862907404,8.665631470389954,15.955897331237793
6.167116506118691,8.660257314456919,15.955897331237793
6.167116506118691,8.660257314456919,15.955897331237793
6.167116506118691,8.660257314456919,15.955897331237793
6.167116506118691,8.660257314456919,15.955897331237793
6.051654284356171,8.671046863520715,15.955897331237793
6.051654284356171,8.671046863520715,15.955897331237793
6.051654284356171,8.671046863520715,15.955897331237793
6.051654284356171,8.671046863520715,15.955897331237793
6.051654284356171,8.671046863520715,15.955897331237793
5.9627485429597975,8.683912257390922,15.955897331237793
5.9627485429597975,8.683912257390922,15.955897331237793
5.9627485429597975,8.683912257390922,15.955897331237793
5.9627485429597975,8.683912257390922,15.955897331237793
5.8291269898973415,8.71016674743055,15.955897331237793
5.8291269898973415,8.71016674743055,15.955897331237793
5.8291269898973415,8.71016674743055,15.955897331237793
5.8291269898973415,8.71016674743055,15.955897331237793
5.8291269898973415,8.71016674743055,15.955897331237793
5.697254606710583,8.717514143823335,15.955897331237793
5.697254606710583,8.717514143823335,15.955897331237793
5.697254606710583,8.717514143823335,15.955897331237793
5.697254606710583,8.717514143823335,15.955897331237793
5.551006866047958,8.707553482979883,15.955897331237793
5.551006866047958,8.707553482979883,15.955897331237793
5.551006866047958,8.707553482979883,15.955897331237793
5.551006866047958,8.707553482979883,15.955897331237793
5.485066215395324,8.704117178185275,15.955897331237793
5.485066215395324,8.704117178185275,15.955897331237793
5.485066215395324,8.704117178185275,15.955897331237793
5.485066215395324,8.704117178185275,15.955897331237793
5.3326300195859675,8.692227871183691,15.955897331237793
5.3326300195859675,8.692227871183691,15.955897331237793
5.3326300195859675,8.692227871183691,15.955897331237793
5.3326300195859675,8.692227871183691,15.955897331237793
5.1767357444648985,8.712377358554015,15.955897331237793
5.1767357444648985,8.712377358554015,15.955897331237793
5.1767357444648985,8.712377358554015,15.955897331237793
5.1767357444648985,8.712377358554015,15.955897331237793
5.1767357444648985,8.712377358554015,15.955897331237793
5.116383590836651,8.73224929992589,15.955897331237793
5.116383590836651,8.73224929992589,15.955897331237793
5.116383590836651,8.73224929992589,15.955897331237793
5.116383590836651,8.73224929992589,15.955897331237793
4.964685943520739,8.742526551839168,15.955897331237793
4.964685943520739,8.742526551839168,15.955897331237793
4.964685943520739,8.742526551839168,15.955897331237793
4.964685943520739,8.742526551839168,15.955897331237793
4.795465455865616,8.732980166463577,15.955897331237793
4.795465455865616,8.732980166463577,15.955897331237793
4.795465455865616,8.732980166463577,15.955897331237793
4.795465455865616,8.732980166463577,15.955897331237793
4.795465455865616,8.732980166463577,15.955897331237793
4.722911008063509,8.72036672977358,15.955897331237793
4.722911008063509,8.72036672977358,15.955897331237793
4.722911008063509,8.72036672977358,15.955897331237793
4.722911008063509,8.72036672977358,15.955897331237793
4.572646542437174,8.707926437902866,15.955897331237793
4.572646542437174,8.707926437902866,15.955897331237793
4.572646542437174,8.707926437902866,15.955897331237793
4.572646542437174,8.707926437902866,15.955897331237793
4.408481145297912,8.691984858293745,15.955897331237793
4.408481145297912,8.691984858293745,15.955897331237793
4.408481145297912,8.691984858293745,15.955897331237793
4.408481145297912,8.691984858293745,15.955897331237793
4.233798099301659,8.678059968430192,15.955897331237793
4.233798099301659,8.678059968430192,15.955897331237793
4.233798099301659,8.678059968430192,15.955897331237793
4.233798099301659,8.678059968430192,15.955897331237793
4.136864643371481,8.663767756199881,15.955897331237793
4.136864643371481,8.663767756199881,15.955897331237793
4.136864643371481,8.663767756199881,15.955897331237793
4.136864643371481,8.663767756199881,15.955897331237793
4.136864643371481,8.663767756199881,15.955897331237793
3.9534063215011663,8.641493967328152,15.955897331237793
3.9534063215011663,8.641493967328152,15.955897331237793
3.9534063215011663,8.641493967328152,15.955897331237793
3.9534063215011663,8.641493967328152,15.955897331237793
3.8569251851503323,8.625064000264448,15.955897331237793
3.8569251851503323,8.625064000264448,15.955897331237793
3.8569251851503323,8.625064000264448,15.955897331237793
3.8569251851503323,8.625064000264448,15.955897331237793
3.6999268246147463,8.608793002296686,15.955897331237793
3.6999268246147463,8.608793002296686,15.955897331237793
3.6999268246147463,8.608793002296686,15.955897331237793
3.6999268246147463,8.608793002296686,15.955897331237793
3.5112778273716856,8.596719762541863,15.955897331237793
3.5112778273716856,8.596719762541863,15.955897331237793
3.5112778273716856,8.596719762541863,15.955897331237793
3.5112778273716856,8.596719762541863,15.955897331237793
3.3373970252464082,8.590357673558273,15.955897331237793
3.3373970252464082,8.590357673558273,15.955897331237793
3.3373970252464082,8.590357673558273,15.955897331237793
3.3373970252464082,8.590357673558273,15.955897331237793
3.3373970252464082,8.590357673558273,15.955897331237793
3.178382763970346,8.609103228684193,15.955897331237793
3.178382763970346,8.609103228684193,15.955897331237793
3.178382763970346,8.609103228684193,15.955897331237793
3.178382763970346,8.609103228684193,15.955897331237793
3.0916579706488894,8.635639645666503,15.955897331237793
3.0916579706488894,8.635639645666503,15.955897331237793
3.0916579706488894,8.635639645666503,15.955897331237793
3.0916579706488894,8.635639645666503,15.955897331237793
2.9138369350293534,8.643548601392053,15.955897331237793
2.9138369350293534,8.643548601392053,15.955897331237793
2.9138369350293534,8.643548601392053,15.955897331237793
2.9138369350293534,8.643548601392053,15.955897331237793
2.9138369350293534,8.643548601392053,15.955897331237793
2.8109281385535345,8.655348669127788,15.955897331237793
2.8109281385535345,8.655348669127788,15.955897331237793
2.8109281385535345,8.655348669127788,15.955897331237793
2.8109281385535345,8.655348669127788,15.955897331237793
2.635239935312399,8.65480634105144,15.955897331237793
2.635239935312399,8.65480634105144,15.955897331237793
2.635239935312399,8.65480634105144,15.955897331237793
2.635239935312399,8.65480634105144,15.955897331237793
2.470338565413719,8.64906865052281,15.955897331237793
2.470338565413719,8.64906865052281,15.955897331237793
2.470338565413719,8.64906865052281,15.955897331237793
2.470338565413719,8.64906865052281,15.955897331237793
2.278383720974322,8.606864664966686,15.955897331237793
2.278383720974322,8.606864664966686,15.955897331237793
2.278383720974322,8.606864664966686,15.955897331237793
2.278383720974322,8.606864664966686,15.955897331237793
2.1718485133268617,8.57173568062284,15.955897331237793
2.1718485133268617,8.57173568062284,15.955897331237793
2.1718485133268617,8.57173568062284,15.955897331237793
2.1718485133268617,8.57173568062284,15.955897331237793
2.1718485133268617,8.57173568062284,15.955897331237793
2.0151601424874817,8.562458989577362,15.955897331237793
2.0151601424874817,8.562458989577362,15.955897331237793
2.0151601424874817,8.562458989577362,15.955897331237793
2.0151601424874817,8.562458989577362,15.955897331237793
2.0151601424874817,8.562458989577362,15.955897331237793
2.0151601424874817,8.562458989577362,15.955897331237793
1.8384609428816439,8.571839133372064,15.955897331237793
1.8384609428816439,8.571839133372064,15.955897331237793
1.8384609428816439,8.571839133372064,15.955897331237793
1.8384609428816439,8.571839133372064,15.955897331237793
1.8384609428816439,8.571839133372064,15.955897331237793
1.6857360045454357,8.58621292923629,15.955897331237793
1.6857360045454357,8.58621292923629,15.955897331237793
1.6857360045454357,8.58621292923629,15.955897331237793
1.6857360045454357,8.58621292923629,15.955897331237793
1.6857360045454357,8.58621292923629,15.955897331237793
1.5380234364125145,8.60759552868868,15.955897331237793
1.5380234364125145,8.60759552868868,15.955897331237793
1.5380234364125145,8.60759552868868,15.955897331237793
1.5380234364125145,8.60759552868868,15.955897331237793
1.5380234364125145,8.60759552868868,15.955897331237793
1.3816294903286326,8.618368425874351,15.955897331237793
1.3816294903286326,8.618368425874351,15.955897331237793
1.3816294903286326,8.618368425874351,15.955897331237793
1.3816294903286326,8.618368425874351,15.955897331237793
1.1929927554882302,8.618147633915498,15.955897331237793
1.1929927554882302,8.618147633915498,15.955897331237793
1.1929927554882302,8.618147633915498,15.955897331237793
1.1929927554882302,8.618147633915498,15.955897331237793
1.1929927554882302,8.618147633915498,15.955897331237793
1.1929927554882302,8.618147633915498,15.955897331237793
0.998448580886096,8.608283088254714,15.955897331237793
0.998448580886096,8.608283088254714,15.955897331237793
0.998448580886096,8.608283088254714,15.955897331237793
0.998448580886096,8.608283088254714,15.955897331237793
0.998448580886096,8.608283088254714,15.955897331237793
0.8180098553825266,8.598979387189287,15.955897331237793
0.8180098553825266,8.598979387189287,15.955897331237793
0.8180098553825266,8.598979387189287,15.955897331237793
0.8180098553825266,8.598979387189287,15.955897331237793
0.6712426639064112,8.600615885706745,15.955897331237793
0.6712426639064112,8.600615885706745,15.955897331237793
0.6712426639064112,8.600615885706745,15.955897331237793
0.6712426639064112,8.600615885706745,15.955897331237793
0.6712426639064112,8.600615885706745,15.955897331237793
0.48123626258422547,8.617336293200001,15.955897331237793
0.48123626258422547,8.617336293200001,15.955897331237793
0.48123626258422547,8.617336293200001,15.955897331237793
0.48123626258422547,8.617336293200001,15.955897331237793
0.48123626258422547,8.617336293200001,15.955897331237793
0.2816178786593893,8.61747614522963,15.955897331237793
0.2816178786593893,8.61747614522963,15.955897331237793
0.2816178786593893,8.61747614522963,15.955897331237793
0.2816178786593893,8.61747614522963,15.955897331237793
0.2816178786593893,8.61747614522963,15.955897331237793
0.2816178786593893,8.61747614522963,15.955897331237793
0.06629482966968692,8.59608257015503,15.955897331237793
0.06629482966968692,8.59608257015503,15.955897331237793
0.06629482966968692,8.59608257015503,15.955897331237793
0.06629482966968692,8.59608257015503,15.955897331237793
0.06629482966968692,8.59608257015503,15.955897331237793
-0.1124059147036011,8.569717192591956,15.955897331237793
-0.1124059147036011,8.569717192591956,15.955897331237793
-0.1124059147036011,8.569717192591956,15.955897331237793
-0.1124059147036011,8.569717192591956,15.955897331237793
-0.1124059147036011,8.569717192591956,15.955897331237793
-0.1124059147036011,8.569717192591956,15.955897331237793
-0.29670526680016646,8.544885156852041,15.955897331237793
-0.29670526680016646,8.544885156852041,15.955897331237793
-0.29670526680016646,8.544885156852041,15.955897331237793
-0.29670526680016646,8.544885156852041,15.955897331237793
-0.5580666218570985,8.535106960593696,15.955897331237793
-0.5580666218570985,8.535106960593696,15.955897331237793
-0.5580666218570985,8.535106960593696,15.955897331237793
-0.5580666218570985,8.535106960593696,15.955897331237793
-0.5580666218570985,8.535106960593696,15.955897331237793
-0.6643172025511201,8.528506017907947,15.955897331237793
-0.6643172025511201,8.528506017907947,15.955897331237793
-0.6643172025511201,8.528506017907947,15.955897331237793
-0.6643172025511201,8.528506017907947,15.955897331237793
-0.6643172025511201,8.528506017907947,15.955897331237793
-0.832903125587598,8.516439994202273,15.955897331237793
-0.832903125587598,8.516439994202273,15.955897331237793
-0.832903125587598,8.516439994202273,15.955897331237793
-0.832903125587598,8.516439994202273,15.955897331237793
-0.9796760449753984,8.507429932326708,15.955897331237793
-0.9796760449753984,8.507429932326708,15.955897331237793
-0.9796760449753984,8.507429932326708,15.955897331237793
-0.9796760449753984,8.507429932326708,15.955897331237793
-0.9796760449753984,8.507429932326708,15.955897331237793
-1.163010569987075,8.481253735933524,15.955897331237793
-1.163010569987075,8.481253735933524,15.955897331237793
-1.163010569987075,8.481253735933524,15.955897331237793
-1.163010569987075,8.481253735933524,15.955897331237793
-1.3228722547255465,8.46368863063264,15.955897331237793
-1.3228722547255465,8.46368863063264,15.955897331237793
-1.3228722547255465,8.46368863063264,15.955897331237793
-1.3228722547255465,8.46368863063264,15.955897331237793
-1.358294765921783,8.456699305535828,15.955897331237793
-1.358294765921783,8.456699305535828,15.955897331237793
-1.358294765921783,8.456699305535828,15.955897331237793
-1.358294765921783,8.456699305535828,15.955897331237793
-1.5275950393425066,8.463201221962597,15.955897331237793
-1.5275950393425066,8.463201221962597,15.955897331237793
-1.5275950393425066,8.463201221962597,15.955897331237793
-1.5275950393425066,8.463201221962597,15.955897331237793
-1.6840029136814922,8.476118033367944,15.955897331237793
-1.6840029136814922,8.476118033367944,15.955897331237793
-1.6840029136814922,8.476118033367944,15.955897331237793
-1.6840029136814922,8.476118033367944,15.955897331237793
-1.760649795809243,8.491854263254542,15.955897331237793
-1.760649795809243,8.491854263254542,15.955897331237793
-1.760649795809243,8.491854263254542,15.955897331237793
-1.760649795809243,8.491854263254542,15.955897331237793
-1.760649795809243,8.491854263254542,15.955897331237793
-1.902265913971998,8.502163845713424,15.955897331237793
-1.902265913971998,8.502163845713424,15.955897331237793
-1.902265913971998,8.502163845713424,15.955897331237793
-1.902265913971998,8.502163845713424,15.955897331237793
-2.0893606427220366,8.494670133202476,15.955897331237793
-2.0893606427220366,8.494670133202476,15.955897331237793
-2.0893606427220366,8.494670133202476,15.955897331237793
-2.0893606427220366,8.494670133202476,15.955897331237793
-2.0893606427220366,8.494670133202476,15.955897331237793
-2.0893606427220366,8.494670133202476,15.955897331237793
-2.0893606427220366,8.494670133202476,15.955897331237793
-2.0893606427220366,8.494670133202476,15.955897331237793
-2.0893606427220366,8.494670133202476,15.955897331237793
-2.0893606427220366,8.494670133202476,15.955897331237793
-2.1940354430587243,8.469531025438442,15.955897331237793
-2.1940354430587243,8.469531025438442,15.955897331237793
-2.1940354430587243,8.469531025438442,15.955897331237793
-2.1940354430587243,8.469531025438442,15.955897331237793
-2.1940354430587243,8.469531025438442,15.955897331237793
-2.1940354430587243,8.469531025438442,15.955897331237793
-2.590384982844497,8.457084662284116,15.955897331237793
-2.590384982844497,8.457084662284116,15.955897331237793
-2.590384982844497,8.457084662284116,15.955897331237793
-2.590384982844497,8.457084662284116,15.955897331237793
-2.590384982844497,8.457084662284116,15.955897331237793
-2.8573444149925296,8.460949288855918,15.955897331237793
-2.8573444149925296,8.460949288855918,15.955897331237793
-2.8573444149925296,8.460949288855918,15.955897331237793
-2.8573444149925296,8.460949288855918,15.955897331237793
-2.8573444149925296,8.460949288855918,15.955897331237793
-2.8573444149925296,8.460949288855918,15.955897331237793
-3.030347894651018,8.460536073472728,15.955897331237793
-3.030347894651018,8.460536073472728,15.955897331237793
-3.030347894651018,8.460536073472728,15.955897331237793
-3.030347894651018,8.460536073472728,15.955897331237793
-3.030347894651018,8.460536073472728,15.955897331237793
-3.030347894651018,8.460536073472728,15.955897331237793
-3.1612870552497405,8.447227666151992,15.955897331237793
-3.1612870552497405,8.447227666151992,15.955897331237793
-3.1612870552497405,8.447227666151992,15.955897331237793
-3.1612870552497405,8.447227666151992,15.955897331237793
-3.1612870552497405,8.447227666151992,15.955897331237793
-3.1612870552497405,8.447227666151992,15.955897331237793
-3.386051138585233,8.442597849455394,15.955897331237793
-3.386051138585233,8.442597849455394,15.955897331237793
-3.386051138585233,8.442597849455394,15.955897331237793
-3.386051138585233,8.442597849455394,15.955897331237793
-3.386051138585233,8.442597849455394,15.955897331237793
-3.5709803584091393,8.450750108190348,15.955897331237793
-3.5709803584091393,8.450750108190348,15.955897331237793
-3.5709803584091393,8.450750108190348,15.955897331237793
-3.5709803584091393,8.450750108190348,15.955897331237793
-3.5709803584091393,8.450750108190348,15.955897331237793
-3.7575412943747395,8.462872599662393,15.955897331237793
-3.7575412943747395,8.462872599662393,15.955897331237793
-3.7575412943747395,8.462872599662393,15.955897331237793
-3.7575412943747395,8.462872599662393,15.955897331237793
-3.7575412943747395,8.462872599662393,15.955897331237793
-3.7575412943747395,8.462872599662393,15.955897331237793
-3.9392913084758,8.472120426523109,15.955897331237793
-3.9392913084758,8.472120426523109,15.955897331237793
-3.9392913084758,8.472120426523109,15.955897331237793
-3.9392913084758,8.472120426523109,15.955897331237793
-3.9392913084758,8.472120426523109,15.955897331237793
-4.115475968134843,8.481269685554457,15.955897331237793
-4.115475968134843,8.481269685554457,15.955897331237793
-4.115475968134843,8.481269685554457,15.955897331237793
-4.115475968134843,8.481269685554457,15.955897331237793
-4.115475968134843,8.481269685554457,15.955897331237793
-4.2778090596448415,8.486171363060924,15.955897331237793
-4.2778090596448415,8.486171363060924,15.955897331237793
-4.2778090596448415,8.486171363060924,15.955897331237793
-4.2778090596448415,8.486171363060924,15.955897331237793
-4.2778090596448415,8.486171363060924,15.955897331237793
-4.401116545455938,8.489225389607492,15.955897331237793
-4.401116545455938,8.489225389607492,15.955897331237793
-4.401116545455938,8.489225389607492,15.955897331237793
-4.401116545455938,8.489225389607492,15.955897331237793
-4.621171813232736,8.478307466069396,15.955897331237793
-4.621171813232736,8.478307466069396,15.955897331237793
-4.621171813232736,8.478307466069396,15.955897331237793
-4.621171813232736,8.478307466069396,15.955897331237793
-4.621171813232736,8.478307466069396,15.955897331237793
-4.846176104361175,8.479738340226808,15.955897331237793
-4.846176104361175,8.479738340226808,15.955897331237793
-4.846176104361175,8.479738340226808,15.955897331237793
-4.846176104361175,8.479738340226808,15.955897331237793
-4.846176104361175,8.479738340226808,15.955897331237793
-5.046025786844302,8.485456700239665,15.955897331237793
-5.046025786844302,8.485456700239665,15.955897331237793
-5.046025786844302,8.485456700239665,15.955897331237793
-5.046025786844302,8.485456700239665,15.955897331237793
-5.2274518374571155,8.488802645345128,15.955897331237793
-5.2274518374571155,8.488802645345128,15.955897331237793
-5.2274518374571155,8.488802645345128,15.955897331237793
-5.2274518374571155,8.488802645345128,15.955897331237793
-5.2274518374571155,8.488802645345128,15.955897331237793
-5.402370651411804,8.484531453213092,15.955897331237793
-5.402370651411804,8.484531453213092,15.955897331237793
-5.402370651411804,8.484531453213092,15.955897331237793
-5.402370651411804,8.484531453213092,15.955897331237793
-5.572191695124481,8.477465744883947,15.955897331237793
-5.572191695124481,8.477465744883947,15.955897331237793
-5.572191695124481,8.477465744883947,15.955897331237793
-5.572191695124481,8.477465744883947,15.955897331237793
-5.572191695124481,8.477465744883947,15.955897331237793
-5.668246719040282,8.468171540826797,15.955897331237793
-5.668246719040282,8.468171540826797,15.955897331237793
-5.668246719040282,8.468171540826797,15.955897331237793
-5.668246719040282,8.468171540826797,15.955897331237793
-5.847939106986912,8.463236466243524,15.955897331237793
-5.847939106986912,8.463236466243524,15.955897331237793
-5.847939106986912,8.463236466243524,15.955897331237793
-5.847939106986912,8.463236466243524,15.955897331237793
-5.847939106986912,8.463236466243524,15.955897331237793
-6.021419354500884,8.460929918269578,15.955897331237793
-6.021419354500884,8.460929918269578,15.955897331237793
-6.021419354500884,8.460929918269578,15.955897331237793
-6.021419354500884,8.460929918269578,15.955897331237793
-6.021419354500884,8.460929918269578,15.955897331237793
-6.207969419010117,8.463708728120091,15.955897331237793
-6.207969419010117,8.463708728120091,15.955897331237793
-6.207969419010117,8.463708728120091,15.955897331237793
-6.207969419010117,8.463708728120091,15.955897331237793
-6.384571531190358,8.463982968460916,15.955897331237793
-6.384571531190358,8.463982968460916,15.955897331237793
-6.384571531190358,8.463982968460916,15.955897331237793
-6.384571531190358,8.463982968460916,15.955897331237793
-6.384571531190358,8.463982968460916,15.955897331237793
-6.476122145296051,8.463432173872883,15.955897331237793
-6.476122145296051,8.463432173872883,15.955897331237793
-6.476122145296051,8.463432173872883,15.955897331237793
-6.476122145296051,8.463432173872883,15.955897331237793
-6.476122145296051,8.463432173872883,15.955897331237793
-6.650007291211907,8.470881796837658,15.955897331237793
-6.650007291211907,8.470881796837658,15.955897331237793
-6.650007291211907,8.470881796837658,15.955897331237793
-6.650007291211907,8.470881796837658,15.955897331237793
-6.842365109572774,8.479587519679296,15.955897331237793
-6.842365109572774,8.479587519679296,15.955897331237793
-6.842365109572774,8.479587519679296,15.955897331237793
-6.842365109572774,8.479587519679296,15.955897331237793
-6.842365109572774,8.479587519679296,15.955897331237793
-6.842365109572774,8.479587519679296,15.955897331237793
-7.030513848717714,8.49181426567154,15.955897331237793
-7.030513848717714,8.49181426567154,15.955897331237793
-7.030513848717714,8.49181426567154,15.955897331237793
-7.030513848717714,8.49181426567154,15.955897331237793
-7.212726238690757,8.492813772797296,15.955897331237793
-7.212726238690757,8.492813772797296,15.955897331237793
-7.212726238690757,8.492813772797296,15.955897331237793
-7.212726238690757,8.492813772797296,15.955897331237793
-7.212726238690757,8.492813772797296,15.955897331237793
-7.212726238690757,8.492813772797296,15.955897331237793
-7.399548612332037,8.48764630273894,15.955897331237793
-7.399548612332037,8.48764630273894,15.955897331237793
-7.399548612332037,8.48764630273894,15.955897331237793
-7.399548612332037,8.48764630273894,15.955897331237793
-7.399548612332037,8.48764630273894,15.955897331237793
-7.58937889690328,8.498892082528165,15.955897331237793
-7.58937889690328,8.498892082528165,15.955897331237793
-7.58937889690328,8.498892082528165,15.955897331237793
-7.58937889690328,8.498892082528165,15.955897331237793
-7.58937889690328,8.498892082528165,15.955897331237793
-7.7728830090305046,8.503382558425397,15.955897331237793
-7.7728830090305046,8.503382558425397,15.955897331237793
-7.7728830090305046,8.503382558425397,15.955897331237793
-7.7728830090305046,8.503382558425397,15.955897331237793
-7.7728830090305046,8.503382558425397,15.955897331237793
-7.7728830090305046,8.503382558425397,15.955897331237793
-7.931622020756707,8.504402609485638,15.955897331237793
-7.931622020756707,8.504402609485638,15.955897331237793
-7.931622020756707,8.504402609485638,15.955897331237793
-7.931622020756707,8.504402609485638,15.955897331237793
-7.931622020756707,8.504402609485638,15.955897331237793
-7.931622020756707,8.504402609485638,15.955897331237793
-8.19578431660689,8.507159739788852,15.955897331237793
-8.19578431660689,8.507159739788852,15.955897331237793
-8.19578431660689,8.507159739788852,15.955897331237793
-8.19578431660689,8.507159739788852,15.955897331237793
-8.377261697228533,8.506829095169088,15.955897331237793
-8.377261697228533,8.506829095169088,15.955897331237793
-8.377261697228533,8.506829095169088,15.955897331237793
-8.377261697228533,8.506829095169088,15.955897331237793
-8.377261697228533,8.506829095169088,15.955897331237793
-8.568961802242157,8.529351826942325,15.955897331237793
-8.568961802242157,8.529351826942325,15.955897331237793
-8.568961802242157,8.529351826942325,15.955897331237793
-8.568961802242157,8.529351826942325,15.955897331237793
-8.568961802242157,8.529351826942325,15.955897331237793
-8.752811606342778,8.544724676239372,15.955897331237793
-8.752811606342778,8.544724676239372,15.955897331237793
-8.752811606342778,8.544724676239372,15.955897331237793
-8.752811606342778,8.544724676239372,15.955897331237793
-8.752811606342778,8.544724676239372,15.955897331237793
-8.928268066011679,8.553032910131057,15.955897331237793
-8.928268066011679,8.553032910131057,15.955897331237793
-8.928268066011679,8.553032910131057,15.955897331237793
-8.928268066011679,8.553032910131057,15.955897331237793
-8.928268066011679,8.553032910131057,15.955897331237793
-9.094539204255433,8.558200638258862,15.955897331237793
-9.094539204255433,8.558200638258862,15.955897331237793
-9.094539204255433,8.558200638258862,15.955897331237793
-9.094539204255433,8.558200638258862,15.955897331237793
-9.094539204255433,8.558200638258862,15.955897331237793
-9.259258778010377,8.560235744859302,15.955897331237793
-9.259258778010377,8.560235744859302,15.955897331237793
-9.259258778010377,8.560235744859302,15.955897331237793
-9.259258778010377,8.560235744859302,15.955897331237793
-9.430993040918711,8.569629124455961,15.955897331237793
-9.430993040918711,8.569629124455961,15.955897331237793
-9.430993040918711,8.569629124455961,15.955897331237793
-9.430993040918711,8.569629124455961,15.955897331237793
-9.430993040918711,8.569629124455961,15.955897331237793
-9.517939116715644,8.570738651995242,15.955897331237793
-9.517939116715644,8.570738651995242,15.955897331237793
-9.517939116715644,8.570738651995242,15.955897331237793
-9.517939116715644,8.570738651995242,15.955897331237793
-9.684771625299792,8.57100298392623,15.955897331237793
-9.684771625299792,8.57100298392623,15.955897331237793
-9.684771625299792,8.57100298392623,15.955897331237793
-9.684771625299792,8.57100298392623,15.955897331237793
-9.684771625299792,8.57100298392623,15.955897331237793
-9.684771625299792,8.57100298392623,15.955897331237793
-9.855630031404047,8.566931668620882,15.955897331237793
-9.855630031404047,8.566931668620882,15.955897331237793
-9.855630031404047,8.566931668620882,15.955897331237793
-9.855630031404047,8.566931668620882,15.955897331237793
-9.855630031404047,8.566931668620882,15.955897331237793
-10.043770853433566,8.563172080580467,15.955897331237793
-10.043770853433566,8.563172080580467,15.955897331237793
-10.043770853433566,8.563172080580467,15.955897331237793
-10.043770853433566,8.563172080580467,15.955897331237793
-10.241702427192399,8.566567936452518,15.955897331237793
-10.241702427192399,8.566567936452518,15.955897331237793
-10.241702427192399,8.566567936452518,15.955897331237793
-10.241702427192399,8.566567936452518,15.955897331237793
-10.241702427192399,8.566567936452518,15.955897331237793
-10.42440339143245,8.56685425926191,15.955897331237793
-10.42440339143245,8.56685425926191,15.955897331237793
-10.42440339143245,8.56685425926191,15.955897331237793
-10.42440339143245,8.56685425926191,15.955897331237793
-10.58389266428539,8.56593522298072,15.955897331237793
-10.58389266428539,8.56593522298072,15.955897331237793
-10.58389266428539,8.56593522298072,15.955897331237793
-10.58389266428539,8.56593522298072,15.955897331237793
-10.58389266428539,8.56593522298072,15.955897331237793
-10.58389266428539,8.56593522298072,15.955897331237793
-10.754509353054772,8.5670811108595,15.955897331237793
-10.754509353054772,8.5670811108595,15.955897331237793
-10.754509353054772,8.5670811108595,15.955897331237793
-10.754509353054772,8.5670811108595,15.955897331237793
-10.935663743765906,8.558068450337604,15.955897331237793
-10.935663743765906,8.558068450337604,15.955897331237793
-10.935663743765906,8.558068450337604,15.955897331237793
-10.935663743765906,8.558068450337604,15.955897331237793
-11.110043186514872,8.55934948384519,15.955897331237793
-11.110043186514872,8.55934948384519,15.955897331237793
-11.110043186514872,8.55934948384519,15.955897331237793
-11.110043186514872,8.55934948384519,15.955897331237793
-11.110043186514872,8.55934948384519,15.955897331237793
-11.251654059746956,8.556337988903183,15.955897331237793
-11.251654059746956,8.556337988903183,15.955897331237793
-11.251654059746956,8.556337988903183,15.955897331237793
-11.251654059746956,8.556337988903183,15.955897331237793
-11.251654059746956,8.556337988903183,15.955897331237793
-11.416641593621943,8.557506071749412,15.955897331237793
-11.416641593621943,8.557506071749412,15.955897331237793
-11.416641593621943,8.557506071749412,15.955897331237793
-11.416641593621943,8.557506071749412,15.955897331237793
-11.48535328904815,8.556976228371932,15.955897331237793
-11.48535328904815,8.556976228371932,15.955897331237793
-11.48535328904815,8.556976228371932,15.955897331237793
-11.48535328904815,8.556976228371932,15.955897331237793
-11.48535328904815,8.556976228371932,15.955897331237793
-11.63139583396869,8.55379264748779,15.955897331237793
-11.63139583396869,8.55379264748779,15.955897331237793
-11.63139583396869,8.55379264748779,15.955897331237793
-11.63139583396869,8.55379264748779,15.955897331237793
-11.63139583396869,8.55379264748779,15.955897331237793
-11.755015895365213,8.546812863940133,15.955897331237793
-11.755015895365213,8.546812863940133,15.955897331237793
-11.755015895365213,8.546812863940133,15.955897331237793
-11.755015895365213,8.546812863940133,15.955897331237793
-11.92325454031468,8.542048839046949,15.955897331237793
-11.92325454031468,8.542048839046949,15.955897331237793
-11.92325454031468,8.542048839046949,15.955897331237793
-11.92325454031468,8.542048839046949,15.955897331237793
-11.92325454031468,8.542048839046949,15.955897331237793
-11.985018638387396,8.53731428989574,15.955897331237793
-11.985018638387396,8.53731428989574,15.955897331237793
-11.985018638387396,8.53731428989574,15.955897331237793
-11.985018638387396,8.53731428989574,15.955897331237793
-12.120241732956082,8.522660908454815,15.955897331237793
-12.120241732956082,8.522660908454815,15.955897331237793
-12.120241732956082,8.522660908454815,15.955897331237793
-12.120241732956082,8.522660908454815,15.955897331237793
-12.120241732956082,8.522660908454815,15.955897331237793
-12.228853449479107,8.505044207090082,15.955897331237793
-12.228853449479107,8.505044207090082,15.955897331237793
-12.228853449479107,8.505044207090082,15.955897331237793
-12.228853449479107,8.505044207090082,15.955897331237793
-12.341237690798359,8.486168243587628,15.955897331237793
-12.341237690798359,8.486168243587628,15.955897331237793
-12.341237690798359,8.486168243587628,15.955897331237793
-12.341237690798359,8.486168243587628,15.955897331237793
-12.467635332639809,8.453286523156011,15.955897331237793
-12.467635332639809,8.453286523156011,15.955897331237793
-12.467635332639809,8.453286523156011,15.955897331237793
-12.467635332639809,8.453286523156011,15.955897331237793
-12.467635332639809,8.453286523156011,15.955897331237793
-12.512527932914873,8.434607265466564,15.955897331237793
-12.512527932914873,8.434607265466564,15.955897331237793
-12.512527932914873,8.434607265466564,15.955897331237793
-12.512527932914873,8.434607265466564,15.955897331237793
-12.605295646164633,8.399596256074398,15.955897331237793
-12.605295646164633,8.399596256074398,15.955897331237793
-12.605295646164633,8.399596256074398,15.955897331237793
-12.605295646164633,8.399596256074398,15.955897331237793
-12.605295646164633,8.399596256074398,15.955897331237793
-12.708899984569523,8.352088082701487,15.955897331237793
-12.708899984569523,8.352088082701487,15.955897331237793
-12.708899984569523,8.352088082701487,15.955897331237793
-12.708899984569523,8.352088082701487,15.955897331237793
-12.776269618663777,8.31086934154419,15.955897331237793
-12.776269618663777,8.31086934154419,15.955897331237793
-12.776269618663777,8.31086934154419,15.955897331237793
-12.776269618663777,8.31086934154419,15.955897331237793
-12.807041690844853,8.27755367016156,15.955897331237793
-12.807041690844853,8.27755367016156,15.955897331237793
-12.807041690844853,8.27755367016156,15.955897331237793
-12.807041690844853,8.27755367016156,15.955897331237793
-12.807041690844853,8.27755367016156,15.955897331237793
-12.865259577695939,8.206655289245676,15.955897331237793
-12.865259577695939,8.206655289245676,15.955897331237793
-12.865259577695939,8.206655289245676,15.955897331237793
-12.865259577695939,8.206655289245676,15.955897331237793
-13.01013913426152,8.2193597937558,15.955897331237793
-13.01013913426152,8.2193597937558,15.955897331237793
-13.01013913426152,8.2193597937558,15.955897331237793
-13.01013913426152,8.2193597937558,15.955897331237793
-12.846399282194357,8.276539708020929,15.955897331237793
-12.846399282194357,8.276539708020929,15.955897331237793
-12.846399282194357,8.276539708020929,15.955897331237793
-12.846399282194357,8.276539708020929,15.955897331237793
-12.666502672240336,8.222638064191047,15.955897331237793
-12.666502672240336,8.222638064191047,15.955897331237793
-12.666502672240336,8.222638064191047,15.955897331237793
-12.666502672240336,8.222638064191047,15.955897331237793
-12.666502672240336,8.222638064191047,15.955897331237793
-12.611678920816294,8.22005276214071,15.955897331237793
-12.611678920816294,8.22005276214071,15.955897331237793
-12.611678920816294,8.22005276214071,15.955897331237793
-12.611678920816294,8.22005276214071,15.955897331237793
-12.58174398370786,8.234279444114069,15.955897331237793
-12.58174398370786,8.234279444114069,15.955897331237793
-12.58174398370786,8.234279444114069,15.955897331237793
-12.58174398370786,8.234279444114069,15.955897331237793
-12.55444747498248,8.251738949925635,15.955897331237793
-12.55444747498248,8.251738949925635,15.955897331237793
-12.55444747498248,8.251738949925635,15.955897331237793
-12.55444747498248,8.251738949925635,15.955897331237793
-12.51499357330016,8.27939469170228,15.955897331237793
-12.51499357330016,8.27939469170228,15.955897331237793
-12.51499357330016,8.27939469170228,15.955897331237793
-12.51499357330016,8.27939469170228,15.955897331237793
-12.51499357330016,8.27939469170228,15.955897331237793
-12.498341203473995,8.311088265770085,15.955897331237793
-12.498341203473995,8.311088265770085,15.955897331237793
-12.498341203473995,8.311088265770085,15.955897331237793
-12.498341203473995,8.311088265770085,15.955897331237793
-12.462177524167007,8.319923684072236,15.955897331237793
-12.462177524167007,8.319923684072236,15.955897331237793
-12.462177524167007,8.319923684072236,15.955897331237793
-12.462177524167007,8.319923684072236,15.955897331237793
-12.458294970214284,8.317197919456255,15.955897331237793
-12.458294970214284,8.317197919456255,15.955897331237793
-12.458294970214284,8.317197919456255,15.955897331237793
-12.458294970214284,8.317197919456255,15.955897331237793
-12.44794628570718,8.307153685014779,15.955897331237793
-12.44794628570718,8.307153685014779,15.955897331237793
-12.44794628570718,8.307153685014779,15.955897331237793
-12.44794628570718,8.307153685014779,15.955897331237793
-12.44794628570718,8.307153685014779,15.955897331237793
-12.446779486565267,8.301029895581154,15.955897331237793
-12.446779486565267,8.301029895581154,15.955897331237793
-12.446779486565267,8.301029895581154,15.955897331237793
-12.446779486565267,8.301029895581154,15.955897331237793
-12.444042613734295,8.307649352267125,15.955897331237793
-12.444042613734295,8.307649352267125,15.955897331237793
-12.444042613734295,8.307649352267125,15.955897331237793
-12.444042613734295,8.307649352267125,15.955897331237793
-12.439461439390296,8.296962317742592,15.955897331237793
-12.439461439390296,8.296962317742592,15.955897331237793
-12.439461439390296,8.296962317742592,15.955897331237793
-12.439461439390296,8.296962317742592,15.955897331237793
-12.439461439390296,8.296962317742592,15.955897331237793
-12.417911974891302,8.29675749203962,15.955897331237793
-12.417911974891302,8.29675749203962,15.955897331237793
-12.417911974891302,8.29675749203962,15.955897331237793
-12.417911974891302,8.29675749203962,15.955897331237793
-12.417911974891302,8.29675749203962,15.955897331237793
-12.384519860136717,8.281252388082182,15.955897331237793
-12.384519860136717,8.281252388082182,15.955897331237793
-12.384519860136717,8.281252388082182,15.955897331237793
-12.384519860136717,8.281252388082182,15.955897331237793
-12.384519860136717,8.281252388082182,15.955897331237793
-12.362362681009287,8.260737712261582,15.955897331237793
-12.362362681009287,8.260737712261582,15.955897331237793
-12.362362681009287,8.260737712261582,15.955897331237793
-12.362362681009287,8.260737712261582,15.955897331237793
-12.362362681009287,8.260737712261582,15.955897331237793
-12.362362681009287,8.260737712261582,15.955897331237793
-12.318035497130301,8.243061322691844,15.955897331237793
-12.318035497130301,8.243061322691844,15.955897331237793
-12.318035497130301,8.243061322691844,15.955897331237793
-12.318035497130301,8.243061322691844,15.955897331237793
-12.318035497130301,8.243061322691844,15.955897331237793
-12.28893699725444,8.24239034710185,15.955897331237793
-12.28893699725444,8.24239034710185,15.955897331237793
-12.28893699725444,8.24239034710185,15.955897331237793
-12.28893699725444,8.24239034710185,15.955897331237793
-12.278249036761464,8.214071847054784,15.955897331237793
-12.278249036761464,8.214071847054784,15.955897331237793
-12.278249036761464,8.214071847054784,15.955897331237793
-12.278249036761464,8.214071847054784,15.955897331237793
-12.278249036761464,8.214071847054784,15.955897331237793
-12.278249036761464,8.214071847054784,15.955897331237793
-12.245813598241876,8.19782556031529,15.955897331237793
-12.245813598241876,8.19782556031529,15.955897331237793
-12.245813598241876,8.19782556031529,15.955897331237793
-12.245813598241876,8.19782556031529,15.955897331237793
-12.245813598241876,8.19782556031529,15.955897331237793
-12.245813598241876,8.19782556031529,15.955897331237793
-12.233620057889855,8.197952723196643,15.955897331237793
-12.233620057889855,8.197952723196643,15.955897331237793
-12.233620057889855,8.197952723196643,15.955897331237793
-12.233620057889855,8.197952723196643,15.955897331237793
-12.233620057889855,8.197952723196643,15.955897331237793
-12.233620057889855,8.197952723196643,15.955897331237793
-12.233620057889855,8.197952723196643,15.955897331237793
-12.223068019450688,8.189034373320975,15.955897331237793
-12.223068019450688,8.189034373320975,15.955897331237793
-12.223068019450688,8.189034373320975,15.955897331237793
-12.223068019450688,8.189034373320975,15.955897331237793
-12.223068019450688,8.189034373320975,15.955897331237793
-12.223068019450688,8.189034373320975,15.955897331237793
-12.223068019450688,8.189034373320975,15.955897331237793
-12.163432211378131,8.182085497150275,15.955897331237793
-12.163432211378131,8.182085497150275,15.955897331237793
-12.163432211378131,8.182085497150275,15.955897331237793
-12.163432211378131,8.182085497150275,15.955897331237793
-12.163432211378131,8.182085497150275,15.955897331237793
-12.163432211378131,8.182085497150275,15.955897331237793
-12.163432211378131,8.182085497150275,15.955897331237793
-12.109971179524214,8.196018657469514,15.955897331237793
-12.109971179524214,8.196018657469514,15.955897331237793
-12.109971179524214,8.196018657469514,15.955897331237793
-12.109971179524214,8.196018657469514,15.955897331237793
-12.109971179524214,8.196018657469514,15.955897331237793
-12.109971179524214,8.196018657469514,15.955897331237793
-12.079164101845382,8.188683547208191,15.955897331237793
-12.079164101845382,8.188683547208191,15.955897331237793
-12.079164101845382,8.188683547208191,15.955897331237793
-12.079164101845382,8.188683547208191,15.955897331237793
-12.079164101845382,8.188683547208191,15.955897331237793
-12.036572577219722,8.165157852535575,15.955897331237793
-12.036572577219722,8.165157852535575,15.955897331237793
-12.036572577219722,8.165157852535575,15.955897331237793
-12.036572577219722,8.165157852535575,15.955897331237793
-12.036572577219722,8.165157852535575,15.955897331237793
-12.036572577219722,8.165157852535575,15.955897331237793
-12.036572577219722,8.165157852535575,15.955897331237793
-12.036572577219722,8.165157852535575,15.955897331237793
-12.036572577219722,8.165157852535575,15.955897331237793
-11.999122080194741,8.1390536619532,15.955897331237793
-11.999122080194741,8.1390536619532,15.955897331237793
-11.999122080194741,8.1390536619532,15.955897331237793
-11.999122080194741,8.1390536619532,15.955897331237793
-11.999122080194741,8.1390536619532,15.955897331237793
-11.999122080194741,8.1390536619532,15.955897331237793
-11.999122080194741,8.1390536619532,15.955897331237793
-11.999122080194741,8.1390536619532,15.955897331237793
-11.999122080194741,8.1390536619532,15.955897331237793
-11.938559176842263,8.124844349717947,15.955897331237793
-11.938559176842263,8.124844349717947,15.955897331237793
-11.938559176842263,8.124844349717947,15.955897331237793
-11.938559176842263,8.124844349717947,15.955897331237793
-11.938559176842263,8.124844349717947,15.955897331237793
-11.938559176842263,8.124844349717947,15.955897331237793
-11.876885679908181,8.116622494021344,15.955897331237793
-11.876885679908181,8.116622494021344,15.955897331237793
-11.876885679908181,8.116622494021344,15.955897331237793
-11.876885679908181,8.116622494021344,15.955897331237793
-11.876885679908181,8.116622494021344,15.955897331237793
-11.876885679908181,8.116622494021344,15.955897331237793
-11.84669630615703,8.10254292853645,15.955897331237793
-11.84669630615703,8.10254292853645,15.955897331237793
-11.84669630615703,8.10254292853645,15.955897331237793
-11.84669630615703,8.10254292853645,15.955897331237793
-11.84669630615703,8.10254292853645,15.955897331237793
-11.810970762447838,8.093426505232447,15.955897331237793
-11.810970762447838,8.093426505232447,15.955897331237793
-11.810970762447838,8.093426505232447,15.955897331237793
-11.810970762447838,8.093426505232447,15.955897331237793
-11.810970762447838,8.093426505232447,15.955897331237793
-11.767390418297959,8.080773369982039,15.955897331237793
-11.767390418297959,8.080773369982039,15.955897331237793
-11.767390418297959,8.080773369982039,15.955897331237793
-11.767390418297959,8.080773369982039,15.955897331237793
-11.767390418297959,8.080773369982039,15.955897331237793
-11.767390418297959,8.080773369982039,15.955897331237793
-11.767390418297959,8.080773369982039,15.955897331237793
-11.726224620129027,8.073640156657607,15.955897331237793
-11.726224620129027,8.073640156657607,15.955897331237793
-11.726224620129027,8.073640156657607,15.955897331237793
-11.726224620129027,8.073640156657607,15.955897331237793
-11.726224620129027,8.073640156657607,15.955897331237793
-11.726224620129027,8.073640156657607,15.955897331237793
-11.726224620129027,8.073640156657607,15.955897331237793
-11.637276320639492,8.068515991644459,15.955897331237793
-11.637276320639492,8.068515991644459,15.955897331237793
-11.637276320639492,8.068515991644459,15.955897331237793
-11.637276320639492,8.068515991644459,15.955897331237793
-11.637276320639492,8.068515991644459,15.955897331237793
-11.637276320639492,8.068515991644459,15.955897331237793
-11.637276320639492,8.068515991644459,15.955897331237793
-11.637276320639492,8.068515991644459,15.955897331237793
-11.57979323265978,8.072739364325283,15.955897331237793
-11.57979323265978,8.072739364325283,15.955897331237793
-11.57979323265978,8.072739364325283,15.955897331237793
-11.57979323265978,8.072739364325283,15.955897331237793
-11.57979323265978,8.072739364325283,15.955897331237793
-11.57979323265978,8.072739364325283,15.955897331237793
-11.556789540251053,8.075411788246983,15.955897331237793
-11.556789540251053,8.075411788246983,15.955897331237793
-11.556789540251053,8.075411788246983,15.955897331237793
-11.556789540251053,8.075411788246983,15.955897331237793
-11.556789540251053,8.075411788246983,15.955897331237793
-11.556789540251053,8.075411788246983,15.955897331237793
-11.556789540251053,8.075411788246983,15.955897331237793
-11.53781958755854,8.091221159042037,15.955897331237793
-11.53781958755854,8.091221159042037,15.955897331237793
-11.53781958755854,8.091221159042037,15.955897331237793
-11.53781958755854,8.091221159042037,15.955897331237793
-11.53781958755854,8.091221159042037,15.955897331237793
-11.53781958755854,8.091221159042037,15.955897331237793
-11.53781958755854,8.091221159042037,15.955897331237793
-11.506613517255614,8.121161060716597,15.955897331237793
-11.506613517255614,8.121161060716597,15.955897331237793
-11.506613517255614,8.121161060716597,15.955897331237793
-11.506613517255614,8.121161060716597,15.955897331237793
-11.506613517255614,8.121161060716597,15.955897331237793
-11.506613517255614,8.121161060716597,15.955897331237793
-11.506613517255614,8.121161060716597,15.955897331237793
-11.462597607622804,8.126264380492554,15.955897331237793
-11.462597607622804,8.126264380492554,15.955897331237793
-11.462597607622804,8.126264380492554,15.955897331237793
-11.462597607622804,8.126264380492554,15.955897331237793
-11.462597607622804,8.126264380492554,15.955897331237793
-11.462597607622804,8.126264380492554,15.955897331237793
-11.462597607622804,8.126264380492554,15.955897331237793
-11.462597607622804,8.126264380492554,15.955897331237793
-11.462205635991761,8.11860407808414,15.955897331237793
-11.462205635991761,8.11860407808414,15.955897331237793
-11.462205635991761,8.11860407808414,15.955897331237793
-11.462205635991761,8.11860407808414,15.955897331237793
-11.462205635991761,8.11860407808414,15.955897331237793
-11.462205635991761,8.11860407808414,15.955897331237793
-11.465153622206001,8.12349624904778,15.955897331237793
-11.465153622206001,8.12349624904778,15.955897331237793
-11.465153622206001,8.12349624904778,15.955897331237793
-11.465153622206001,8.12349624904778,15.955897331237793
-11.465153622206001,8.12349624904778,15.955897331237793
-11.465153622206001,8.12349624904778,15.955897331237793
-11.465153622206001,8.12349624904778,15.955897331237793
-11.416779875259124,8.136907420342263,15.955897331237793
-11.416779875259124,8.136907420342263,15.955897331237793
-11.416779875259124,8.136907420342263,15.955897331237793
-11.416779875259124,8.136907420342263,15.955897331237793
-11.416779875259124,8.136907420342263,15.955897331237793
-11.416779875259124,8.136907420342263,15.955897331237793
-11.416779875259124,8.136907420342263,15.955897331237793
-11.416779875259124,8.136907420342263,15.955897331237793
-11.373930682876514,8.154697740258221,15.955897331237793
-11.373930682876514,8.154697740258221,15.955897331237793
-11.373930682876514,8.154697740258221,15.955897331237793
-11.373930682876514,8.154697740258221,15.955897331237793
-11.373930682876514,8.154697740258221,15.955897331237793
-11.373930682876514,8.154697740258221,15.955897331237793
-11.313892020760308,8.206569202557612,15.955897331237793
-11.313892020760308,8.206569202557612,15.955897331237793
-11.313892020760308,8.206569202557612,15.955897331237793
-11.313892020760308,8.206569202557612,15.955897331237793
-11.313892020760308,8.206569202557612,15.955897331237793
-11.313892020760308,8.206569202557612,15.955897331237793
-11.313892020760308,8.206569202557612,15.955897331237793
-11.313892020760308,8.206569202557612,15.955897331237793
-11.210376694902951,8.228132293274596,15.955897331237793
-11.210376694902951,8.228132293274596,15.955897331237793
-11.210376694902951,8.228132293274596,15.955897331237793
-11.210376694902951,8.228132293274596,15.955897331237793
-11.210376694902951,8.228132293274596,15.955897331237793
-11.210376694902951,8.228132293274596,15.955897331237793
-11.210376694902951,8.228132293274596,15.955897331237793
-11.15242776297283,8.267900548164523,15.955897331237793
-11.15242776297283,8.267900548164523,15.955897331237793
-11.15242776297283,8.267900548164523,15.955897331237793
-11.15242776297283,8.267900548164523,15.955897331237793
-11.15242776297283,8.267900548164523,15.955897331237793
-11.15242776297283,8.267900548164523,15.955897331237793
-11.15242776297283,8.267900548164523,15.955897331237793
-11.15242776297283,8.267900548164523,15.955897331237793
-11.099465437725689,8.346421904459016,15.955897331237793
-11.099465437725689,8.346421904459016,15.955897331237793
-11.099465437725689,8.346421904459016,15.955897331237793
-11.099465437725689,8.346421904459016,15.955897331237793
-11.099465437725689,8.346421904459016,15.955897331237793
-11.099465437725689,8.346421904459016,15.955897331237793
-11.099465437725689,8.346421904459016,15.955897331237793
-11.016845129340938,8.41453205553332,15.955897331237793
-11.016845129340938,8.41453205553332,15.955897331237793
-11.016845129340938,8.41453205553332,15.955897331237793
-11.016845129340938,8.41453205553332,15.955897331237793
-11.016845129340938,8.41453205553332,15.955897331237793
-11.016845129340938,8.41453205553332,15.955897331237793
-11.016845129340938,8.41453205553332,15.955897331237793
-10.949042359537648,8.459644462898623,15.955897331237793
-10.949042359537648,8.459644462898623,15.955897331237793
-10.949042359537648,8.459644462898623,15.955897331237793
-10.949042359537648,8.459644462898623,15.955897331237793
-10.949042359537648,8.459644462898623,15.955897331237793
-10.949042359537648,8.459644462898623,15.955897331237793
-10.949042359537648,8.459644462898623,15.955897331237793
-10.881356419551778,8.511021742609225,15.955897331237793
-10.881356419551778,8.511021742609225,15.955897331237793
-10.881356419551778,8.511021742609225,15.955897331237793
-10.881356419551778,8.511021742609225,15.955897331237793
-10.881356419551778,8.511021742609225,15.955897331237793
-10.881356419551778,8.511021742609225,15.955897331237793
-10.881356419551778,8.511021742609225,15.955897331237793
-10.881356419551778,8.511021742609225,15.955897331237793
-10.881356419551778,8.511021742609225,15.955897331237793
-10.831199460668701,8.562269427925674,15.955897331237793
-10.831199460668701,8.562269427925674,15.955897331237793
-10.831199460668701,8.562269427925674,15.955897331237793
-10.831199460668701,8.562269427925674,15.955897331237793
-10.831199460668701,8.562269427925674,15.955897331237793
-10.831199460668701,8.562269427925674,15.955897331237793
-10.831199460668701,8.562269427925674,15.955897331237793
-10.831199460668701,8.562269427925674,15.955897331237793
-10.788670902111514,8.655025810245679,15.955897331237793
-10.788670902111514,8.655025810245679,15.955897331237793
-10.788670902111514,8.655025810245679,15.955897331237793
-10.788670902111514,8.655025810245679,15.955897331237793
-10.788670902111514,8.655025810245679,15.955897331237793
-10.788670902111514,8.655025810245679,15.955897331237793
-10.788670902111514,8.655025810245679,15.955897331237793
-10.788670902111514,8.655025810245679,15.955897331237793
-10.75245368438636,8.723147677375694,15.955897331237793
-10.75245368438636,8.723147677375694,15.955897331237793
-10.75245368438636,8.723147677375694,15.955897331237793
-10.75245368438636,8.723147677375694,15.955897331237793
-10.75245368438636,8.723147677375694,15.955897331237793
-10.75245368438636,8.723147677375694,15.955897331237793
-10.75245368438636,8.723147677375694,15.955897331237793
-10.73405223929462,8.781539731196885,15.955897331237793
-10.73405223929462,8.781539731196885,15.955897331237793
-10.73405223929462,8.781539731196885,15.955897331237793
-10.73405223929462,8.781539731196885,15.955897331237793
-10.73405223929462,8.781539731196885,15.955897331237793
-10.73405223929462,8.781539731196885,15.955897331237793
-10.73405223929462,8.781539731196885,15.955897331237793
-10.73405223929462,8.781539731196885,15.955897331237793
-10.716051315660957,8.841713704595893,15.955897331237793
-10.716051315660957,8.841713704595893,15.955897331237793
-10.716051315660957,8.841713704595893,15.955897331237793
-10.716051315660957,8.841713704595893,15.955897331237793
-10.716051315660957,8.841713704595893,15.955897331237793
-10.716051315660957,8.841713704595893,15.955897331237793
-10.716051315660957,8.841713704595893,15.955897331237793
-10.716051315660957,8.841713704595893,15.955897331237793
-10.716051315660957,8.841713704595893,15.955897331237793
-10.731538075466547,8.913150842179828,15.955897331237793
-10.731538075466547,8.913150842179828,15.955897331237793
-10.731538075466547,8.913150842179828,15.955897331237793
-10.731538075466547,8.913150842179828,15.955897331237793
-10.731538075466547,8.913150842179828,15.955897331237793
-10.731538075466547,8.913150842179828,15.955897331237793
-10.731538075466547,8.913150842179828,15.955897331237793
-10.737097527550329,8.97220260352362,15.955897331237793
-10.737097527550329,8.97220260352362,15.955897331237793
-10.737097527550329,8.97220260352362,15.955897331237793
-10.737097527550329,8.97220260352362,15.955897331237793
-10.737097527550329,8.97220260352362,15.955897331237793
-10.737097527550329,8.97220260352362,15.955897331237793
-10.737097527550329,8.97220260352362,15.955897331237793
-10.737097527550329,8.97220260352362,15.955897331237793
-10.758307850589004,9.016306692548346,15.955897331237793
-10.758307850589004,9.016306692548346,15.955897331237793
-10.758307850589004,9.016306692548346,15.955897331237793
-10.758307850589004,9.016306692548346,15.955897331237793
-10.758307850589004,9.016306692548346,15.955897331237793
-10.758307850589004,9.016306692548346,15.955897331237793
-10.758307850589004,9.016306692548346,15.955897331237793
-10.774412117355483,9.080074224631703,15.955897331237793
-10.774412117355483,9.080074224631703,15.955897331237793
-10.774412117355483,9.080074224631703,15.955897331237793
-10.774412117355483,9.080074224631703,15.955897331237793
-10.774412117355483,9.080074224631703,15.955897331237793
-10.774412117355483,9.080074224631703,15.955897331237793
-10.774412117355483,9.080074224631703,15.955897331237793
-10.774412117355483,9.080074224631703,15.955897331237793
-10.798474745049317,9.127917373446145,15.955897331237793
-10.798474745049317,9.127917373446145,15.955897331237793
-10.798474745049317,9.127917373446145,15.955897331237793
-10.798474745049317,9.127917373446145,15.955897331237793
-10.798474745049317,9.127917373446145,15.955897331237793
-10.798474745049317,9.127917373446145,15.955897331237793
-10.798474745049317,9.127917373446145,15.955897331237793
-10.798474745049317,9.127917373446145,15.955897331237793
-10.854854206967715,9.176632967166203,15.955897331237793
-10.854854206967715,9.176632967166203,15.955897331237793
-10.854854206967715,9.176632967166203,15.955897331237793
-10.854854206967715,9.176632967166203,15.955897331237793
-10.854854206967715,9.176632967166203,15.955897331237793
-10.854854206967715,9.176632967166203,15.955897331237793
-10.854854206967715,9.176632967166203,15.955897331237793
-10.854854206967715,9.176632967166203,15.955897331237793
-10.890190140386663,9.241371201984267,15.955897331237793
-10.890190140386663,9.241371201984267,15.955897331237793
-10.890190140386663,9.241371201984267,15.955897331237793
-10.890190140386663,9.241371201984267,15.955897331237793
-10.890190140386663,9.241371201984267,15.955897331237793
-10.890190140386663,9.241371201984267,15.955897331237793
-10.910851084827547,9.205002364978743,15.955897331237793
-10.910851084827547,9.205002364978743,15.955897331237793
-10.910851084827547,9.205002364978743,15.955897331237793
-10.910851084827547,9.205002364978743,15.955897331237793
-10.910851084827547,9.205002364978743,15.955897331237793
-10.910851084827547,9.205002364978743,15.955897331237793
-10.910851084827547,9.205002364978743,15.955897331237793
-10.91309767927905,9.156411446241956,15.955897331237793
-10.91309767927905,9.156411446241956,15.955897331237793
-10.91309767927905,9.156411446241956,15.955897331237793
-10.91309767927905,9.156411446241956,15.955897331237793
-10.91309767927905,9.156411446241956,15.955897331237793
-10.91309767927905,9.156411446241956,15.955897331237793
-10.91309767927905,9.156411446241956,15.955897331237793
-10.916986424966774,9.149840987268794,15.955897331237793
-10.916986424966774,9.149840987268794,15.955897331237793
-10.916986424966774,9.149840987268794,15.955897331237793
-10.916986424966774,9.149840987268794,15.955897331237793
-10.916986424966774,9.149840987268794,15.955897331237793
-10.916986424966774,9.149840987268794,15.955897331237793
-10.916986424966774,9.149840987268794,15.955897331237793
-10.906767149386987,9.119121022478206,15.955897331237793
-10.906767149386987,9.119121022478206,15.955897331237793
-10.906767149386987,9.119121022478206,15.955897331237793
-10.906767149386987,9.119121022478206,15.955897331237793
-10.906767149386987,9.119121022478206,15.955897331237793
-10.906767149386987,9.119121022478206,15.955897331237793
-10.906767149386987,9.119121022478206,15.955897331237793
-10.887090788307724,9.093001660683047,15.955897331237793
-10.887090788307724,9.093001660683047,15.955897331237793
-10.887090788307724,9.093001660683047,15.955897331237793
-10.887090788307724,9.093001660683047,15.955897331237793
-10.887090788307724,9.093001660683047,15.955897331237793
-10.887090788307724,9.093001660683047,15.955897331237793
-10.887090788307724,9.093001660683047,15.955897331237793
-10.887090788307724,9.093001660683047,15.955897331237793
-10.866230801168662,9.06967012505785,15.955897331237793
-10.866230801168662,9.06967012505785,15.955897331237793
-10.866230801168662,9.06967012505785,15.955897331237793
-10.866230801168662,9.06967012505785,15.955897331237793
-10.866230801168662,9.06967012505785,15.955897331237793
-10.866230801168662,9.06967012505785,15.955897331237793
-10.866230801168662,9.06967012505785,15.955897331237793
-10.853380384630439,9.039702566471085,15.955897331237793
-10.853380384630439,9.039702566471085,15.955897331237793
-10.853380384630439,9.039702566471085,15.955897331237793
-10.853380384630439,9.039702566471085,15.955897331237793
-10.853380384630439,9.039702566471085,15.955897331237793
-10.853380384630439,9.039702566471085,15.955897331237793
-10.853380384630439,9.039702566471085,15.955897331237793
-10.853380384630439,9.039702566471085,15.955897331237793
-10.819193653762726,9.035624687507337,15.955897331237793
-10.819193653762726,9.035624687507337,15.955897331237793
-10.819193653762726,9.035624687507337,15.955897331237793
-10.819193653762726,9.035624687507337,15.955897331237793
-10.770044311128874,9.012349976589675,15.955897331237793
-10.770044311128874,9.012349976589675,15.955897331237793
-10.770044311128874,9.012349976589675,15.955897331237793
-10.770044311128874,9.012349976589675,15.955897331237793
-10.770044311128874,9.012349976589675,15.955897331237793
-10.770044311128874,9.012349976589675,15.955897331237793
-10.73245091007512,9.012575656360537,15.955897331237793
-10.73245091007512,9.012575656360537,15.955897331237793
-10.73245091007512,9.012575656360537,15.955897331237793
-10.73245091007512,9.012575656360537,15.955897331237793
-10.68684324388737,9.003730883258044,15.955897331237793
-10.68684324388737,9.003730883258044,15.955897331237793
-10.68684324388737,9.003730883258044,15.955897331237793
-10.68684324388737,9.003730883258044,15.955897331237793
-10.641517263644573,9.022312173098657,15.955897331237793
-10.641517263644573,9.022312173098657,15.955897331237793
-10.641517263644573,9.022312173098657,15.955897331237793
-10.641517263644573,9.022312173098657,15.955897331237793
-10.641517263644573,9.022312173098657,15.955897331237793
-10.554493072910555,9.03390557451556,15.955897331237793
-10.554493072910555,9.03390557451556,15.955897331237793
-10.554493072910555,9.03390557451556,15.955897331237793
-10.554493072910555,9.03390557451556,15.955897331237793
-10.539430954217375,9.035201676500073,15.955897331237793
-10.539430954217375,9.035201676500073,15.955897331237793
-10.539430954217375,9.035201676500073,15.955897331237793
-10.539430954217375,9.035201676500073,15.955897331237793
-10.499143652876246,9.002089467958037,15.955897331237793
-10.499143652876246,9.002089467958037,15.955897331237793
-10.499143652876246,9.002089467958037,15.955897331237793
-10.499143652876246,9.002089467958037,15.955897331237793
-10.447481462680877,9.009417412438339,15.955897331237793
-10.447481462680877,9.009417412438339,15.955897331237793
-10.447481462680877,9.009417412438339,15.955897331237793
-10.447481462680877,9.009417412438339,15.955897331237793
-10.447481462680877,9.009417412438339,15.955897331237793
-10.422742888758112,9.011057213149982,15.955897331237793
-10.422742888758112,9.011057213149982,15.955897331237793
-10.422742888758112,9.011057213149982,15.955897331237793
-10.422742888758112,9.011057213149982,15.955897331237793
-10.422742888758112,9.011057213149982,15.955897331237793
-10.356690942274104,8.996069727846143,15.955897331237793
-10.356690942274104,8.996069727846143,15.955897331237793
-10.356690942274104,8.996069727846143,15.955897331237793
-10.356690942274104,8.996069727846143,15.955897331237793
-10.356690942274104,8.996069727846143,15.955897331237793
-10.299028286386214,8.992786178147668,15.955897331237793
-10.299028286386214,8.992786178147668,15.955897331237793
-10.299028286386214,8.992786178147668,15.955897331237793
-10.299028286386214,8.992786178147668,15.955897331237793
-10.299028286386214,8.992786178147668,15.955897331237793
-10.244462042776386,8.963854981472267,15.955897331237793
-10.244462042776386,8.963854981472267,15.955897331237793
-10.244462042776386,8.963854981472267,15.955897331237793
-10.244462042776386,8.963854981472267,15.955897331237793
-10.244462042776386,8.963854981472267,15.955897331237793
-10.244462042776386,8.963854981472267,15.955897331237793
-10.244462042776386,8.963854981472267,15.955897331237793
-10.244462042776386,8.963854981472267,15.955897331237793
-10.20811125671973,8.948378127196477,15.955897331237793
-10.20811125671973,8.948378127196477,15.955897331237793
-10.20811125671973,8.948378127196477,15.955897331237793
-10.20811125671973,8.948378127196477,15.955897331237793
-10.20811125671973,8.948378127196477,15.955897331237793
-10.107147721436124,8.885099395050856,15.955897331237793
-10.107147721436124,8.885099395050856,15.955897331237793
-10.107147721436124,8.885099395050856,15.955897331237793
-10.107147721436124,8.885099395050856,15.955897331237793
-10.107147721436124,8.885099395050856,15.955897331237793
-10.107147721436124,8.885099395050856,15.955897331237793
-10.107147721436124,8.885099395050856,15.955897331237793
-10.107147721436124,8.885099395050856,15.955897331237793
-10.068026493588055,8.858127758907226,15.955897331237793
-10.068026493588055,8.858127758907226,15.955897331237793
-10.068026493588055,8.858127758907226,15.955897331237793
-10.068026493588055,8.858127758907226,15.955897331237793
-9.91784683675658,8.76481499581418,15.955897331237793
-9.91784683675658,8.76481499581418,15.955897331237793
-9.91784683675658,8.76481499581418,15.955897331237793
-9.91784683675658,8.76481499581418,15.955897331237793
-9.91784683675658,8.76481499581418,15.955897331237793
-9.908112681545557,8.752482606555652,15.955897331237793
-9.908112681545557,8.752482606555652,15.955897331237793
-9.908112681545557,8.752482606555652,15.955897331237793
-9.908112681545557,8.752482606555652,15.955897331237793
-9.908112681545557,8.752482606555652,15.955897331237793
-9.801903967597866,8.713208884156563,15.955897331237793
-9.801903967597866,8.713208884156563,15.955897331237793
-9.801903967597866,8.713208884156563,15.955897331237793
-9.801903967597866,8.713208884156563,15.955897331237793
-9.801903967597866,8.713208884156563,15.955897331237793
-9.729145556237977,8.684598030403432,15.955897331237793
-9.729145556237977,8.684598030403432,15.955897331237793
-9.729145556237977,8.684598030403432,15.955897331237793
-9.729145556237977,8.684598030403432,15.955897331237793
-9.729145556237977,8.684598030403432,15.955897331237793
-9.680123024144144,8.654358384018554,15.955897331237793
-9.680123024144144,8.654358384018554,15.955897331237793
-9.680123024144144,8.654358384018554,15.955897331237793
-9.680123024144144,8.654358384018554,15.955897331237793
-9.680123024144144,8.654358384018554,15.955897331237793
-9.648474970246967,8.626444264132317,15.955897331237793
-9.648474970246967,8.626444264132317,15.955897331237793
-9.648474970246967,8.626444264132317,15.955897331237793
-9.648474970246967,8.626444264132317,15.955897331237793
-9.648474970246967,8.626444264132317,15.955897331237793
-9.648474970246967,8.626444264132317,15.955897331237793
-9.648199501900141,8.600123818283164,15.955897331237793
-9.648199501900141,8.600123818283164,15.955897331237793
-9.648199501900141,8.600123818283164,15.955897331237793
-9.648199501900141,8.600123818283164,15.955897331237793
-9.576221964506413,8.57095572353255,15.955897331237793
-9.576221964506413,8.57095572353255,15.955897331237793
-9.576221964506413,8.57095572353255,15.955897331237793
-9.576221964506413,8.57095572353255,15.955897331237793
-9.576221964506413,8.57095572353255,15.955897331237793
-9.576221964506413,8.57095572353255,15.955897331237793
-9.554676309238484,8.555379689627285,15.955897331237793
-9.554676309238484,8.555379689627285,15.955897331237793
-9.554676309238484,8.555379689627285,15.955897331237793
-9.554676309238484,8.555379689627285,15.955897331237793
-9.554676309238484,8.555379689627285,15.955897331237793
-9.554676309238484,8.555379689627285,15.955897331237793
-9.522393405607929,8.506814366978938,15.955897331237793
-9.522393405607929,8.506814366978938,15.955897331237793
-9.522393405607929,8.506814366978938,15.955897331237793
-9.522393405607929,8.506814366978938,15.955897331237793
-9.5027281099075,8.458652885838715,15.955897331237793
-9.5027281099075,8.458652885838715,15.955897331237793
-9.5027281099075,8.458652885838715,15.955897331237793
-9.5027281099075,8.458652885838715,15.955897331237793
-9.5027281099075,8.458652885838715,15.955897331237793
-9.5027281099075,8.458652885838715,15.955897331237793
-9.498999219565816,8.435886246158246,15.955897331237793
-9.498999219565816,8.435886246158246,15.955897331237793
-9.498999219565816,8.435886246158246,15.955897331237793
-9.498999219565816,8.435886246158246,15.955897331237793
-9.498999219565816,8.435886246158246,15.955897331237793
-9.498999219565816,8.435886246158246,15.955897331237793
-9.498999219565816,8.435886246158246,15.955897331237793
-9.48860191476373,8.410603568854285,15.955897331237793
-9.48860191476373,8.410603568854285,15.955897331237793
-9.48860191476373,8.410603568854285,15.955897331237793
-9.48860191476373,8.410603568854285,15.955897331237793
-9.441932449070178,8.368471966946432,15.955897331237793
-9.441932449070178,8.368471966946432,15.955897331237793
-9.441932449070178,8.368471966946432,15.955897331237793
-9.441932449070178,8.368471966946432,15.955897331237793
-9.441932449070178,8.368471966946432,15.955897331237793
-9.441932449070178,8.368471966946432,15.955897331237793
-9.421037832149029,8.35731923530522,15.955897331237793
-9.421037832149029,8.35731923530522,15.955897331237793
-9.421037832149029,8.35731923530522,15.955897331237793
-9.421037832149029,8.35731923530522,15.955897331237793
-9.421037832149029,8.35731923530522,15.955897331237793
-9.421037832149029,8.35731923530522,15.955897331237793
-9.421037832149029,8.35731923530522,15.955897331237793
-9.408660393559854,8.308189679086356,15.955897331237793
-9.408660393559854,8.308189679086356,15.955897331237793
-9.408660393559854,8.308189679086356,15.955897331237793
-9.408660393559854,8.308189679086356,15.955897331237793
-9.436302807362381,8.273969475944721,15.955897331237793
-9.436302807362381,8.273969475944721,15.955897331237793
-9.436302807362381,8.273969475944721,15.955897331237793
-9.436302807362381,8.273969475944721,15.955897331237793
-9.436302807362381,8.273969475944721,15.955897331237793
-9.490266595163929,8.245520140902364,15.955897331237793
-9.490266595163929,8.245520140902364,15.955897331237793
-9.490266595163929,8.245520140902364,15.955897331237793
-9.490266595163929,8.245520140902364,15.955897331237793
-9.524536926355784,8.194843906422443,15.955897331237793
-9.524536926355784,8.194843906422443,15.955897331237793
-9.524536926355784,8.194843906422443,15.955897331237793
-9.524536926355784,8.194843906422443,15.955897331237793
-9.516950092675348,8.159006597352722,15.955897331237793
-9.516950092675348,8.159006597352722,15.955897331237793
-9.516950092675348,8.159006597352722,15.955897331237793
-9.516950092675348,8.159006597352722,15.955897331237793
-9.503288806125397,8.14828648981169,15.955897331237793
-9.503288806125397,8.14828648981169,15.955897331237793
-9.503288806125397,8.14828648981169,15.955897331237793
-9.503288806125397,8.14828648981169,15.955897331237793
-9.503288806125397,8.14828648981169,15.955897331237793
-9.492990307649315,8.109850512394383,15.955897331237793
-9.492990307649315,8.109850512394383,15.955897331237793
-9.492990307649315,8.109850512394383,15.955897331237793
-9.492990307649315,8.109850512394383,15.955897331237793
-9.492990307649315,8.109850512394383,15.955897331237793
-9.514642888135683,8.060041453752868,15.955897331237793
-9.514642888135683,8.060041453752868,15.955897331237793
-9.514642888135683,8.060041453752868,15.955897331237793
-9.514642888135683,8.060041453752868,15.955897331237793
-9.514642888135683,8.060041453752868,15.955897331237793
-9.497693463922339,8.038375657511542,15.955897331237793
-9.497693463922339,8.038375657511542,15.955897331237793
-9.497693463922339,8.038375657511542,15.955897331237793
-9.497693463922339,8.038375657511542,15.955897331237793
-9.497693463922339,8.038375657511542,15.955897331237793
-9.497693463922339,8.038375657511542,15.955897331237793
-9.516239522641804,8.077300575858377,15.955897331237793
-9.516239522641804,8.077300575858377,15.955897331237793
-9.516239522641804,8.077300575858377,15.955897331237793
-9.516239522641804,8.077300575858377,15.955897331237793
-9.516239522641804,8.077300575858377,15.955897331237793
-9.500134932947496,8.150643504925984,15.955897331237793
-9.500134932947496,8.150643504925984,15.955897331237793
-9.500134932947496,8.150643504925984,15.955897331237793
-9.500134932947496,8.150643504925984,15.955897331237793
-9.500134932947496,8.150643504925984,15.955897331237793
-9.494947850680626,8.163838290890105,15.955897331237793
-9.494947850680626,8.163838290890105,15.955897331237793
-9.494947850680626,8.163838290890105,15.955897331237793
-9.494947850680626,8.163838290890105,15.955897331237793
-9.494947850680626,8.163838290890105,15.955897331237793
-9.47522982606274,8.16953686613264,15.955897331237793
-9.47522982606274,8.16953686613264,15.955897331237793
-9.47522982606274,8.16953686613264,15.955897331237793
-9.47522982606274,8.16953686613264,15.955897331237793
-9.47522982606274,8.16953686613264,15.955897331237793
-9.455501475470811,8.192729537935486,15.955897331237793
-9.455501475470811,8.192729537935486,15.955897331237793
-9.455501475470811,8.192729537935486,15.955897331237793
-9.455501475470811,8.192729537935486,15.955897331237793
-9.455501475470811,8.192729537935486,15.955897331237793
-9.455501475470811,8.192729537935486,15.955897331237793
-9.431002894709222,8.207208180523356,15.955897331237793
-9.431002894709222,8.207208180523356,15.955897331237793
-9.431002894709222,8.207208180523356,15.955897331237793
-9.431002894709222,8.207208180523356,15.955897331237793
-9.431002894709222,8.207208180523356,15.955897331237793
-9.407230144949748,8.233350705506846,15.955897331237793
-9.407230144949748,8.233350705506846,15.955897331237793
-9.407230144949748,8.233350705506846,15.955897331237793
-9.407230144949748,8.233350705506846,15.955897331237793
-9.407230144949748,8.233350705506846,15.955897331237793
-9.407230144949748,8.233350705506846,15.955897331237793
-9.385148061872005,8.232358168625112,15.955897331237793
-9.385148061872005,8.232358168625112,15.955897331237793
-9.385148061872005,8.232358168625112,15.955897331237793
-9.385148061872005,8.232358168625112,15.955897331237793
-9.35006739411196,8.216718656969405,15.955897331237793
-9.35006739411196,8.216718656969405,15.955897331237793
-9.35006739411196,8.216718656969405,15.955897331237793
-9.35006739411196,8.216718656969405,15.955897331237793
-9.35006739411196,8.216718656969405,15.955897331237793
-9.35006739411196,8.216718656969405,15.955897331237793
-9.35006739411196,8.216718656969405,15.955897331237793
-9.35006739411196,8.216718656969405,15.955897331237793
-9.35006739411196,8.216718656969405,15.955897331237793
-9.35006739411196,8.216718656969405,15.955897331237793
-9.31003368192607,8.198102173574691,15.955897331237793
-9.31003368192607,8.198102173574691,15.955897331237793
-9.31003368192607,8.198102173574691,15.955897331237793
-9.31003368192607,8.198102173574691,15.955897331237793
-9.31003368192607,8.198102173574691,15.955897331237793
-9.31003368192607,8.198102173574691,15.955897331237793
-9.227040648693738,8.197632109896682,15.955897331237793
-9.227040648693738,8.197632109896682,15.955897331237793
-9.227040648693738,8.197632109896682,15.955897331237793
-9.227040648693738,8.197632109896682,15.955897331237793
-9.227040648693738,8.197632109896682,15.955897331237793
-9.227040648693738,8.197632109896682,15.955897331237793
-9.227040648693738,8.197632109896682,15.955897331237793
-9.180731806335409,8.216738314225319,15.955897331237793
-9.180731806335409,8.216738314225319,15.955897331237793
-9.180731806335409,8.216738314225319,15.955897331237793
-9.180731806335409,8.216738314225319,15.955897331237793
-9.180731806335409,8.216738314225319,15.955897331237793
-9.180731806335409,8.216738314225319,15.955897331237793
-9.180731806335409,8.216738314225319,15.955897331237793
-9.105260027172797,8.220506531525526,15.955897331237793
-9.105260027172797,8.220506531525526,15.955897331237793
-9.105260027172797,8.220506531525526,15.955897331237793
-9.105260027172797,8.220506531525526,15.955897331237793
-9.105260027172797,8.220506531525526,15.955897331237793
-9.105260027172797,8.220506531525526,15.955897331237793
-9.02380030623005,8.229236789310743,15.955897331237793
-9.02380030623005,8.229236789310743,15.955897331237793
-9.02380030623005,8.229236789310743,15.955897331237793
-9.02380030623005,8.229236789310743,15.955897331237793
-9.02380030623005,8.229236789310743,15.955897331237793
-9.02380030623005,8.229236789310743,15.955897331237793
-9.02380030623005,8.229236789310743,15.955897331237793
-8.952829725921344,8.211151168112893,15.955897331237793
-8.952829725921344,8.211151168112893,15.955897331237793
-8.952829725921344,8.211151168112893,15.955897331237793
-8.952829725921344,8.211151168112893,15.955897331237793
-8.952829725921344,8.211151168112893,15.955897331237793
-8.952829725921344,8.211151168112893,15.955897331237793
-8.872173909284266,8.250556201415458,15.955897331237793
-8.872173909284266,8.250556201415458,15.955897331237793
-8.872173909284266,8.250556201415458,15.955897331237793
-8.872173909284266,8.250556201415458,15.955897331237793
-8.872173909284266,8.250556201415458,15.955897331237793
-8.872173909284266,8.250556201415458,15.955897331237793
-8.872173909284266,8.250556201415458,15.955897331237793
-8.756427367952174,8.271743679696195,15.955897331237793
-8.756427367952174,8.271743679696195,15.955897331237793
-8.756427367952174,8.271743679696195,15.955897331237793
-8.756427367952174,8.271743679696195,15.955897331237793
-8.756427367952174,8.271743679696195,15.955897331237793
-8.756427367952174,8.271743679696195,15.955897331237793
-8.756427367952174,8.271743679696195,15.955897331237793
-8.665925670063658,8.28913904796281,15.955897331237793
-8.665925670063658,8.28913904796281,15.955897331237793
-8.665925670063658,8.28913904796281,15.955897331237793
-8.665925670063658,8.28913904796281,15.955897331237793
-8.665925670063658,8.28913904796281,15.955897331237793
-8.665925670063658,8.28913904796281,15.955897331237793
-8.55807355954459,8.274701358829464,15.955897331237793
-8.55807355954459,8.274701358829464,15.955897331237793
-8.55807355954459,8.274701358829464,15.955897331237793
-8.55807355954459,8.274701358829464,15.955897331237793
-8.55807355954459,8.274701358829464,15.955897331237793
-8.55807355954459,8.274701358829464,15.955897331237793
-8.55807355954459,8.274701358829464,15.955897331237793
-8.424211636153062,8.296169418451235,15.955897331237793
-8.424211636153062,8.296169418451235,15.955897331237793
-8.424211636153062,8.296169418451235,15.955897331237793
-8.424211636153062,8.296169418451235,15.955897331237793
-8.424211636153062,8.296169418451235,15.955897331237793
-8.424211636153062,8.296169418451235,15.955897331237793
-8.424211636153062,8.296169418451235,15.955897331237793
-8.354114999412655,8.324912211567076,15.955897331237793
-8.354114999412655,8.324912211567076,15.955897331237793
-8.354114999412655,8.324912211567076,15.955897331237793
-8.354114999412655,8.324912211567076,15.955897331237793
-8.354114999412655,8.324912211567076,15.955897331237793
-8.354114999412655,8.324912211567076,15.955897331237793
-8.354114999412655,8.324912211567076,15.955897331237793
-8.231231693959735,8.336934794745332,15.955897331237793
-8.231231693959735,8.336934794745332,15.955897331237793
-8.231231693959735,8.336934794745332,15.955897331237793
-8.231231693959735,8.336934794745332,15.955897331237793
-8.231231693959735,8.336934794745332,15.955897331237793
-14.648185355435581,13.846685625931462,15.955897331237793
-14.648185355435581,13.846685625931462,15.955897331237793
-14.648185355435581,13.846685625931462,15.955897331237793
-14.648185355435581,13.846685625931462,15.955897331237793
-14.648185355435581,13.846685625931462,15.955897331237793
-14.648185355435581,13.846685625931462,15.955897331237793
-14.648185355435581,13.846685625931462,15.955897331237793
-14.936151712310297,13.896413289894051,15.955897331237793
-14.936151712310297,13.896413289894051,15.955897331237793
-14.936151712310297,13.896413289894051,15.955897331237793
-14.936151712310297,13.896413289894051,15.955897331237793
-14.936151712310297,13.896413289894051,15.955897331237793
-14.995696613574838,13.905601967989185,15.955897331237793
-14.995696613574838,13.905601967989185,15.955897331237793
-14.995696613574838,13.905601967989185,15.955897331237793
-14.995696613574838,13.905601967989185,15.955897331237793
-15.001606665163177,13.902687561665093,15.955897331237793
-15.001606665163177,13.902687561665093,15.955897331237793
-15.001606665163177,13.902687561665093,15.955897331237793
-15.001606665163177,13.902687561665093,15.955897331237793
-15.001606665163177,13.902687561665093,15.955897331237793
-15.001606665163177,13.902687561665093,15.955897331237793
-14.994191939596352,13.896300556208939,15.955897331237793
-14.994191939596352,13.896300556208939,15.955897331237793
-14.994191939596352,13.896300556208939,15.955897331237793
-14.994191939596352,13.896300556208939,15.955897331237793
-15.003757450444065,13.886940963892396,15.955897331237793
-15.003757450444065,13.886940963892396,15.955897331237793
-15.003757450444065,13.886940963892396,15.955897331237793
-15.003757450444065,13.886940963892396,15.955897331237793
-15.003757450444065,13.886940963892396,15.955897331237793
-15.003757450444065,13.886940963892396,15.955897331237793
-15.007752804801031,13.883480730489953,15.955897331237793
-15.007752804801031,13.883480730489953,15.955897331237793
-15.007752804801031,13.883480730489953,15.955897331237793
-15.007752804801031,13.883480730489953,15.955897331237793
-15.036488304202722,13.87532876230643,15.955897331237793
-15.036488304202722,13.87532876230643,15.955897331237793
-15.036488304202722,13.87532876230643,15.955897331237793
-15.036488304202722,13.87532876230643,15.955897331237793
-15.036488304202722,13.87532876230643,15.955897331237793
-15.04928979302918,13.866754503505515,15.955897331237793
-15.04928979302918,13.866754503505515,15.955897331237793
-15.04928979302918,13.866754503505515,15.955897331237793
-15.04928979302918,13.866754503505515,15.955897331237793
-15.077206528584322,13.865216329594256,15.955897331237793
-15.077206528584322,13.865216329594256,15.955897331237793
-15.077206528584322,13.865216329594256,15.955897331237793
-15.077206528584322,13.865216329594256,15.955897331237793
-15.105286091673722,13.8575330426258,15.955897331237793
-15.105286091673722,13.8575330426258,15.955897331237793
-15.105286091673722,13.8575330426258,15.955897331237793
-15.105286091673722,13.8575330426258,15.955897331237793
-15.111759821495784,13.851148946969627,15.955897331237793
-15.111759821495784,13.851148946969627,15.955897331237793
-15.111759821495784,13.851148946969627,15.955897331237793
-15.111759821495784,13.851148946969627,15.955897331237793
-15.143550175664629,13.841162109487595,15.955897331237793
-15.143550175664629,13.841162109487595,15.955897331237793
-15.143550175664629,13.841162109487595,15.955897331237793
-15.143550175664629,13.841162109487595,15.955897331237793
-15.143550175664629,13.841162109487595,15.955897331237793
-15.149971604402323,13.837149080680868,15.955897331237793
-15.149971604402323,13.837149080680868,15.955897331237793
-15.149971604402323,13.837149080680868,15.955897331237793
-15.149971604402323,13.837149080680868,15.955897331237793
-15.171223433908168,13.83339584034988,15.955897331237793
-15.171223433908168,13.83339584034988,15.955897331237793
-15.171223433908168,13.83339584034988,15.955897331237793
-15.171223433908168,13.83339584034988,15.955897331237793
-15.171223433908168,13.83339584034988,15.955897331237793
-15.186253067338155,13.831162107551492,15.955897331237793
-15.186253067338155,13.831162107551492,15.955897331237793
-15.186253067338155,13.831162107551492,15.955897331237793
-15.186253067338155,13.831162107551492,15.955897331237793
-15.186253067338155,13.831162107551492,15.955897331237793
-15.205030965794808,13.821028980592649,15.955897331237793
-15.205030965794808,13.821028980592649,15.955897331237793
-15.205030965794808,13.821028980592649,15.955897331237793
-15.205030965794808,13.821028980592649,15.955897331237793
-15.205030965794808,13.821028980592649,15.955897331237793
-15.225000318090714,13.809866851066328,15.955897331237793
-15.225000318090714,13.809866851066328,15.955897331237793
-15.225000318090714,13.809866851066328,15.955897331237793
-15.225000318090714,13.809866851066328,15.955897331237793
-15.225000318090714,13.809866851066328,15.955897331237793
-15.232141208056493,13.792391243769066,15.955897331237793
-15.232141208056493,13.792391243769066,15.955897331237793
-15.232141208056493,13.792391243769066,15.955897331237793
-15.232141208056493,13.792391243769066,15.955897331237793
-15.232141208056493,13.792391243769066,15.955897331237793
-15.244164013980312,13.77501599175977,15.955897331237793
-15.244164013980312,13.77501599175977,15.955897331237793
-15.244164013980312,13.77501599175977,15.955897331237793
-15.244164013980312,13.77501599175977,15.955897331237793
-15.244164013980312,13.77501599175977,15.955897331237793
-15.251220081951875,13.759435885829072,15.955897331237793
-15.251220081951875,13.759435885829072,15.955897331237793
-15.251220081951875,13.759435885829072,15.955897331237793
-15.251220081951875,13.759435885829072,15.955897331237793
-15.251220081951875,13.759435885829072,15.955897331237793
-15.256006861002911,13.741819151133162,15.955897331237793
-15.256006861002911,13.741819151133162,15.955897331237793
-15.256006861002911,13.741819151133162,15.955897331237793
-15.256006861002911,13.741819151133162,15.955897331237793
-15.256006861002911,13.741819151133162,15.955897331237793
-15.278282003675573,13.720979264380215,15.955897331237793
-15.278282003675573,13.720979264380215,15.955897331237793
-15.278282003675573,13.720979264380215,15.955897331237793
-15.278282003675573,13.720979264380215,15.955897331237793
-15.28751567107439,13.698787301461332,15.955897331237793
-15.28751567107439,13.698787301461332,15.955897331237793
-15.28751567107439,13.698787301461332,15.955897331237793
-15.28751567107439,13.698787301461332,15.955897331237793
-15.305497562740582,13.678208195715156,15.955897331237793
-15.305497562740582,13.678208195715156,15.955897331237793
-15.305497562740582,13.678208195715156,15.955897331237793
-15.305497562740582,13.678208195715156,15.955897331237793
-15.308671212970037,13.664461052321043,15.955897331237793
-15.308671212970037,13.664461052321043,15.955897331237793
-15.308671212970037,13.664461052321043,15.955897331237793
-15.308671212970037,13.664461052321043,15.955897331237793
-15.308671212970037,13.664461052321043,15.955897331237793
-15.33402446396881,13.64536062365251,15.955897331237793
-15.33402446396881,13.64536062365251,15.955897331237793
-15.33402446396881,13.64536062365251,15.955897331237793
-15.33402446396881,13.64536062365251,15.955897331237793
-15.33402446396881,13.64536062365251,15.955897331237793
-15.350841578856945,13.629146515710044,15.955897331237793
-15.350841578856945,13.629146515710044,15.955897331237793
-15.350841578856945,13.629146515710044,15.955897331237793
-15.350841578856945,13.629146515710044,15.955897331237793
-15.348963456167871,13.608885582365652,15.955897331237793
-15.348963456167871,13.608885582365652,15.955897331237793
-15.348963456167871,13.608885582365652,15.955897331237793
-15.348963456167871,13.608885582365652,15.955897331237793
-15.351780044920561,13.586935094811198,15.955897331237793
-15.351780044920561,13.586935094811198,15.955897331237793
-15.351780044920561,13.586935094811198,15.955897331237793
-15.351780044920561,13.586935094811198,15.955897331237793
-15.351780044920561,13.586935094811198,15.955897331237793
-15.370993306529172,13.563333752554358,15.955897331237793
-15.370993306529172,13.563333752554358,15.955897331237793
-15.370993306529172,13.563333752554358,15.955897331237793
-15.370993306529172,13.563333752554358,15.955897331237793
-15.368884600870706,13.55119942515972,15.955897331237793
-15.368884600870706,13.55119942515972,15.955897331237793
-15.368884600870706,13.55119942515972,15.955897331237793
-15.368884600870706,13.55119942515972,15.955897331237793
-15.368884600870706,13.55119942515972,15.955897331237793
-15.373121034646129,13.517720673596127,15.955897331237793
-15.373121034646129,13.517720673596127,15.955897331237793
-15.373121034646129,13.517720673596127,15.955897331237793
-15.371759340066554,13.486709692197167,15.955897331237793
-15.371759340066554,13.486709692197167,15.955897331237793
-15.371759340066554,13.486709692197167,15.955897331237793
-15.371759340066554,13.486709692197167,15.955897331237793
-15.367694982284974,13.475081621469286,15.955897331237793
-15.367694982284974,13.475081621469286,15.955897331237793
-15.367694982284974,13.475081621469286,15.955897331237793
-15.351633076877526,13.446212342339617,15.955897331237793
-15.351633076877526,13.446212342339617,15.955897331237793
-15.351633076877526,13.446212342339617,15.955897331237793
-15.33016555324419,13.424987782938938,15.955897331237793
-15.33016555324419,13.424987782938938,15.955897331237793
-15.33016555324419,13.424987782938938,15.955897331237793
-15.317910370307102,13.407532683970892,15.955897331237793
-15.317910370307102,13.407532683970892,15.955897331237793
-15.317910370307102,13.407532683970892,15.955897331237793
-15.301424235014764,13.38893270847279,15.955897331237793
-15.301424235014764,13.38893270847279,15.955897331237793
-15.301424235014764,13.38893270847279,15.955897331237793
-15.301424235014764,13.38893270847279,15.955897331237793
-15.301548938619023,13.370891107047077,15.955897331237793
-15.301548938619023,13.370891107047077,15.955897331237793
-15.301548938619023,13.370891107047077,15.955897331237793
-15.28121429105545,13.33883140787628,15.955897331237793
-15.28121429105545,13.33883140787628,15.955897331237793
-15.28121429105545,13.33883140787628,15.955897331237793
-15.28121429105545,13.33883140787628,15.955897331237793
-15.28121429105545,13.33883140787628,15.955897331237793
-15.263352786822187,13.316611521366845,15.955897331237793
-15.263352786822187,13.316611521366845,15.955897331237793
-15.263352786822187,13.316611521366845,15.955897331237793
-15.263352786822187,13.316611521366845,15.955897331237793
-15.263352786822187,13.316611521366845,15.955897331237793
-15.242770146657264,13.282274439121547,15.955897331237793
-15.242770146657264,13.282274439121547,15.955897331237793
-15.242770146657264,13.282274439121547,15.955897331237793
-15.242770146657264,13.282274439121547,15.955897331237793
-15.215516270841771,13.23714258668492,15.955897331237793
-15.215516270841771,13.23714258668492,15.955897331237793
-15.215516270841771,13.23714258668492,15.955897331237793
-15.19204966340341,13.2177947515105,15.955897331237793
-15.19204966340341,13.2177947515105,15.955897331237793
-15.19204966340341,13.2177947515105,15.955897331237793
-15.166063879658672,13.197341742778706,15.955897331237793
-15.166063879658672,13.197341742778706,15.955897331237793
-15.166063879658672,13.197341742778706,15.955897331237793
-15.166063879658672,13.197341742778706,15.955897331237793
-15.142326637503537,13.158810918201288,15.955897331237793
-15.142326637503537,13.158810918201288,15.955897331237793
-15.142326637503537,13.158810918201288,15.955897331237793
-15.063526341821882,13.110792085660233,15.955897331237793
-15.063526341821882,13.110792085660233,15.955897331237793
-15.063526341821882,13.110792085660233,15.955897331237793
-14.77916521291922,12.912962361916174,15.955897331237793
-14.77916521291922,12.912962361916174,15.955897331237793
-14.733538247052772,12.864573125027086,15.955897331237793
-14.733538247052772,12.864573125027086,15.955897331237793
-14.73092059028394,12.83712534865929,15.955897331237793
-14.73092059028394,12.83712534865929,15.955897331237793
-14.73092059028394,12.83712534865929,15.955897331237793
-14.7333104614792,12.805900906644478,15.955897331237793
-14.7333104614792,12.805900906644478,15.955897331237793
-14.731253037150646,12.77820325682129,15.955897331237793
-14.731253037150646,12.77820325682129,15.955897331237793
-14.731253037150646,12.77820325682129,15.955897331237793
-14.733411191353351,12.751434421263573,15.955897331237793
-14.733411191353351,12.751434421263573,15.955897331237793
-14.733411191353351,12.751434421263573,15.955897331237793
-14.734268288451112,12.736085079765822,15.955897331237793
-14.734268288451112,12.736085079765822,15.955897331237793
-14.734268288451112,12.736085079765822,15.955897331237793
-14.73363690795565,12.720004873788806,15.955897331237793
-14.73363690795565,12.720004873788806,15.955897331237793
-14.73363690795565,12.720004873788806,15.955897331237793
-14.73363690795565,12.720004873788806,15.955897331237793
-14.705294563830691,12.70832859051292,15.955897331237793
-14.705294563830691,12.70832859051292,15.955897331237793
-14.705294563830691,12.70832859051292,15.955897331237793
-14.671324391973767,12.688252536800682,15.955897331237793
-14.671324391973767,12.688252536800682,15.955897331237793
-14.650137413319856,12.673171245168241,15.955897331237793
-14.650137413319856,12.673171245168241,15.955897331237793
-14.650137413319856,12.673171245168241,15.955897331237793
-14.6386450326851,12.65914437065895,15.955897331237793
-14.6386450326851,12.65914437065895,15.955897331237793
-14.6386450326851,12.65914437065895,15.955897331237793
-14.652888028697673,12.647939446143885,15.955897331237793
-14.652888028697673,12.647939446143885,15.955897331237793
-14.652888028697673,12.647939446143885,15.955897331237793
-14.676071316208201,12.60303467943256,15.955897331237793
-14.676071316208201,12.60303467943256,15.955897331237793
-14.676071316208201,12.60303467943256,15.955897331237793
-14.68926569466659,12.546493280575568,15.955897331237793
-14.68926569466659,12.546493280575568,15.955897331237793
-14.68926569466659,12.546493280575568,15.955897331237793
-14.68926569466659,12.546493280575568,15.955897331237793
-14.69505279368212,12.483944949103003,15.955897331237793
-14.69505279368212,12.483944949103003,15.955897331237793
-14.69505279368212,12.483944949103003,15.955897331237793
-14.709274383352724,12.413745312161446,15.955897331237793
-14.709274383352724,12.413745312161446,15.955897331237793
-14.709274383352724,12.413745312161446,15.955897331237793
-14.709274383352724,12.413745312161446,15.955897331237793
-14.71695861808857,12.35510107310293,15.955897331237793
-14.71695861808857,12.35510107310293,15.955897331237793
-14.71695861808857,12.35510107310293,15.955897331237793
-14.717054764421277,12.313674950739545,15.955897331237793
-14.717054764421277,12.313674950739545,15.955897331237793
-14.719313968618899,12.290736135141556,15.955897331237793
-14.719313968618899,12.290736135141556,15.955897331237793
-14.719313968618899,12.290736135141556,15.955897331237793
-14.719313968618899,12.290736135141556,15.955897331237793
-14.717580101423444,12.273601407769867,15.955897331237793
-14.717580101423444,12.273601407769867,15.955897331237793
-14.717580101423444,12.273601407769867,15.955897331237793
-14.720175213919683,12.25578324551793,15.955897331237793
-14.720175213919683,12.25578324551793,15.955897331237793
-14.720175213919683,12.25578324551793,15.955897331237793
-14.720175213919683,12.25578324551793,15.955897331237793
-14.721280717204387,12.243916292098994,15.955897331237793
-14.721280717204387,12.243916292098994,15.955897331237793
-14.721280717204387,12.243916292098994,15.955897331237793
-14.721280717204387,12.243916292098994,15.955897331237793
-14.719922505654285,12.230435044381242,15.955897331237793
-14.719922505654285,12.230435044381242,15.955897331237793
-14.719922505654285,12.230435044381242,15.955897331237793
-14.714341523880641,12.216865405663022,15.955897331237793
-14.714341523880641,12.216865405663022,15.955897331237793
-14.714341523880641,12.216865405663022,15.955897331237793
-14.714341523880641,12.216865405663022,15.955897331237793
-14.720465732496718,12.196291837136776,15.955897331237793
-14.720465732496718,12.196291837136776,15.955897331237793
-14.720465732496718,12.196291837136776,15.955897331237793
-14.720465732496718,12.196291837136776,15.955897331237793
-14.720465732496718,12.196291837136776,15.955897331237793
-14.720465732496718,12.196291837136776,15.955897331237793
-14.7231899992956,12.180627059810671,15.955897331237793
-14.7231899992956,12.180627059810671,15.955897331237793
-14.7231899992956,12.180627059810671,15.955897331237793
-14.7231899992956,12.180627059810671,15.955897331237793
-14.7231899992956,12.180627059810671,15.955897331237793
-14.7231899992956,12.180627059810671,15.955897331237793
-14.7231899992956,12.180627059810671,15.955897331237793
-14.7231899992956,12.180627059810671,15.955897331237793
-14.722154466756795,12.162798628950368,15.955897331237793
-14.722154466756795,12.162798628950368,15.955897331237793
-14.722154466756795,12.162798628950368,15.955897331237793
-14.722154466756795,12.162798628950368,15.955897331237793
-14.722154466756795,12.162798628950368,15.955897331237793
-14.722154466756795,12.162798628950368,15.955897331237793
-14.722154466756795,12.162798628950368,15.955897331237793
-14.722154466756795,12.162798628950368,15.955897331237793
-14.72863452561717,12.142664273598038,15.955897331237793
-14.72863452561717,12.142664273598038,15.955897331237793
-14.72863452561717,12.142664273598038,15.955897331237793
-14.72863452561717,12.142664273598038,15.955897331237793
-14.72863452561717,12.142664273598038,15.955897331237793
-14.72863452561717,12.142664273598038,15.955897331237793
-14.72863452561717,12.142664273598038,15.955897331237793
-14.727618197952507,12.11715848924582,15.955897331237793
-14.727618197952507,12.11715848924582,15.955897331237793
-14.727618197952507,12.11715848924582,15.955897331237793
-14.727618197952507,12.11715848924582,15.955897331237793
-14.727618197952507,12.11715848924582,15.955897331237793
-14.727618197952507,12.11715848924582,15.955897331237793
-14.727618197952507,12.11715848924582,15.955897331237793
-14.725460665908656,12.095814275147207,15.955897331237793
-14.725460665908656,12.095814275147207,15.955897331237793
-14.725460665908656,12.095814275147207,15.955897331237793
-14.725460665908656,12.095814275147207,15.955897331237793
-14.725460665908656,12.095814275147207,15.955897331237793
-14.725460665908656,12.095814275147207,15.955897331237793
-14.725460665908656,12.095814275147207,15.955897331237793
-14.7264316188016,12.073001175126404,15.955897331237793
-14.7264316188016,12.073001175126404,15.955897331237793
-14.7264316188016,12.073001175126404,15.955897331237793
-14.7264316188016,12.073001175126404,15.955897331237793
-14.7264316188016,12.073001175126404,15.955897331237793
-14.7264316188016,12.073001175126404,15.955897331237793
-14.7264316188016,12.073001175126404,15.955897331237793
-14.730686441532706,12.046080856371644,15.955897331237793
-14.730686441532706,12.046080856371644,15.955897331237793
-14.730686441532706,12.046080856371644,15.955897331237793
-14.730686441532706,12.046080856371644,15.955897331237793
-14.727545884081053,12.022163486322247,15.955897331237793
-14.727545884081053,12.022163486322247,15.955897331237793
-14.727545884081053,12.022163486322247,15.955897331237793
-14.7304447262997,11.997388867704062,15.955897331237793
-14.7304447262997,11.997388867704062,15.955897331237793
-14.7304447262997,11.997388867704062,15.955897331237793
-14.732238899190785,11.977815652653492,15.955897331237793
-14.732238899190785,11.977815652653492,15.955897331237793
-14.732238899190785,11.977815652653492,15.955897331237793
-14.732238899190785,11.977815652653492,15.955897331237793
-14.732238899190785,11.977815652653492,15.955897331237793
-14.736596054328379,11.951491119084205,15.955897331237793
-14.736596054328379,11.951491119084205,15.955897331237793
-14.736596054328379,11.951491119084205,15.955897331237793
-14.736580028565946,11.930686218141371,15.955897331237793
-14.736580028565946,11.930686218141371,15.955897331237793
-14.736580028565946,11.930686218141371,15.955897331237793
-14.736562446521626,11.910861351305265,15.955897331237793
-14.736562446521626,11.910861351305265,15.955897331237793
-14.736562446521626,11.910861351305265,15.955897331237793
-14.736562446521626,11.910861351305265,15.955897331237793
-14.733645097285333,11.890322260012931,15.955897331237793
-14.733645097285333,11.890322260012931,15.955897331237793
-14.733645097285333,11.890322260012931,15.955897331237793
-14.72964711425903,11.882861395903092,15.955897331237793
-14.72964711425903,11.882861395903092,15.955897331237793
-14.72964711425903,11.882861395903092,15.955897331237793
-14.723376848357283,11.867085663129775,15.955897331237793
-14.723376848357283,11.867085663129775,15.955897331237793
-14.723376848357283,11.867085663129775,15.955897331237793
-14.72119035546704,11.851113396089689,15.955897331237793
-14.72119035546704,11.851113396089689,15.955897331237793
-14.72119035546704,11.851113396089689,15.955897331237793
-14.716261299871562,11.839770817602426,15.955897331237793
-14.716261299871562,11.839770817602426,15.955897331237793
-14.716261299871562,11.839770817602426,15.955897331237793
-14.707115498755146,11.826085849674637,15.955897331237793
-14.707115498755146,11.826085849674637,15.955897331237793
-14.707115498755146,11.826085849674637,15.955897331237793
-14.708807630631037,11.810753313534997,15.955897331237793
-14.708807630631037,11.810753313534997,15.955897331237793
-14.708807630631037,11.810753313534997,15.955897331237793
-14.708807630631037,11.810753313534997,15.955897331237793
-14.716604345789149,11.791423826806536,15.955897331237793
-14.716604345789149,11.791423826806536,15.955897331237793
-14.716604345789149,11.791423826806536,15.955897331237793
-14.721709363598977,11.773154507312025,15.955897331237793
-14.721709363598977,11.773154507312025,15.955897331237793
-14.721709363598977,11.773154507312025,15.955897331237793
-14.721709363598977,11.773154507312025,15.955897331237793
-14.722106636732736,11.75686335980361,15.955897331237793
-14.722106636732736,11.75686335980361,15.955897331237793
-14.722106636732736,11.75686335980361,15.955897331237793
-14.729639204614013,11.738058371288085,15.955897331237793
-14.729639204614013,11.738058371288085,15.955897331237793
-14.729639204614013,11.738058371288085,15.955897331237793
-14.729639204614013,11.738058371288085,15.955897331237793
-14.729070526700749,11.718621977409883,15.955897331237793
-14.729070526700749,11.718621977409883,15.955897331237793
-14.729070526700749,11.718621977409883,15.955897331237793
-14.73135873472685,11.710540839087825,15.955897331237793
-14.73135873472685,11.710540839087825,15.955897331237793
-14.73135873472685,11.710540839087825,15.955897331237793
-14.73135873472685,11.710540839087825,15.955897331237793
-14.73347939828461,11.698247853086077,15.955897331237793
-14.73347939828461,11.698247853086077,15.955897331237793
-14.73347939828461,11.698247853086077,15.955897331237793
-14.736181138575269,11.693068963016124,15.955897331237793
-14.736181138575269,11.693068963016124,15.955897331237793
-14.736181138575269,11.693068963016124,15.955897331237793
-14.739495446404879,11.68073237819004,15.955897331237793
-14.739495446404879,11.68073237819004,15.955897331237793
-14.739495446404879,11.68073237819004,15.955897331237793
-14.745114461460938,11.670228287749879,15.955897331237793
-14.745114461460938,11.670228287749879,15.955897331237793
-14.745114461460938,11.670228287749879,15.955897331237793
-14.746276670185342,11.666694907819675,15.955897331237793
-14.746276670185342,11.666694907819675,15.955897331237793
-14.746276670185342,11.666694907819675,15.955897331237793
-14.747281320158443,11.65258602293241,15.955897331237793
-14.747281320158443,11.65258602293241,15.955897331237793
-14.747281320158443,11.65258602293241,15.955897331237793
-14.747281320158443,11.65258602293241,15.955897331237793
-14.750123875711582,11.648930582005653,15.955897331237793
-14.750123875711582,11.648930582005653,15.955897331237793
-14.750123875711582,11.648930582005653,15.955897331237793
-14.744374546008078,11.648076545776277,15.955897331237793
-14.744374546008078,11.648076545776277,15.955897331237793
-14.744374546008078,11.648076545776277,15.955897331237793
-14.744374546008078,11.648076545776277,15.955897331237793
-14.74323432569656,11.644674681703792,15.955897331237793
-14.74323432569656,11.644674681703792,15.955897331237793
-14.74323432569656,11.644674681703792,15.955897331237793
-14.74323432569656,11.644674681703792,15.955897331237793
-14.73889981352537,11.64590196705925,15.955897331237793
-14.73889981352537,11.64590196705925,15.955897331237793
-14.73889981352537,11.64590196705925,15.955897331237793
-14.73889981352537,11.64590196705925,15.955897331237793
-14.73889981352537,11.64590196705925,15.955897331237793
-14.73889981352537,11.64590196705925,15.955897331237793
-14.733830707921214,11.643242129272865,15.955897331237793
-14.733830707921214,11.643242129272865,15.955897331237793
-14.733830707921214,11.643242129272865,15.955897331237793
-14.733830707921214,11.643242129272865,15.955897331237793
-14.733830707921214,11.643242129272865,15.955897331237793
-14.732956683186842,11.641232228836609,15.955897331237793
-14.732956683186842,11.641232228836609,15.955897331237793
-14.732956683186842,11.641232228836609,15.955897331237793
-14.732956683186842,11.641232228836609,15.955897331237793
-14.732956683186842,11.641232228836609,15.955897331237793
-14.732956683186842,11.641232228836609,15.955897331237793
-14.72999048970723,11.64235806097287,15.955897331237793
-14.72999048970723,11.64235806097287,15.955897331237793
-14.72999048970723,11.64235806097287,15.955897331237793
-14.727382543727693,11.6390907622596,15.955897331237793
-14.727382543727693,11.6390907622596,15.955897331237793
-14.727382543727693,11.6390907622596,15.955897331237793
-14.727382543727693,11.6390907622596,15.955897331237793
-14.724482978379111,11.633682331856898,15.955897331237793
-14.724482978379111,11.633682331856898,15.955897331237793
-14.724482978379111,11.633682331856898,15.955897331237793
-14.720787952947902,11.634590790910176,15.955897331237793
-14.720787952947902,11.634590790910176,15.955897331237793
-14.720787952947902,11.634590790910176,15.955897331237793
-14.720787952947902,11.634590790910176,15.955897331237793
-14.720787952947902,11.634590790910176,15.955897331237793
-14.720113807161463,11.633241081202769,15.955897331237793
-14.720113807161463,11.633241081202769,15.955897331237793
-14.720113807161463,11.633241081202769,15.955897331237793
-14.71892808853622,11.627402722249014,15.955897331237793
-14.71892808853622,11.627402722249014,15.955897331237793
-14.71892808853622,11.627402722249014,15.955897331237793
-14.71892808853622,11.627402722249014,15.955897331237793
-14.720591088262463,11.622362198498262,15.955897331237793
-14.720591088262463,11.622362198498262,15.955897331237793
-14.720591088262463,11.622362198498262,15.955897331237793
-14.720591088262463,11.622362198498262,15.955897331237793
-14.709165393746076,11.612945264807749,15.955897331237793
-14.709165393746076,11.612945264807749,15.955897331237793
-14.701414644964746,11.603073546150478,15.955897331237793
-14.701414644964746,11.603073546150478,15.955897331237793
-14.701414644964746,11.603073546150478,15.955897331237793
-14.701414644964746,11.603073546150478,15.955897331237793
-14.697372610143917,11.595493584257287,15.955897331237793
-14.697372610143917,11.595493584257287,15.955897331237793
-14.697372610143917,11.595493584257287,15.955897331237793
-14.693159381870919,11.586369103561339,15.955897331237793
-14.693159381870919,11.586369103561339,15.955897331237793
-14.693159381870919,11.586369103561339,15.955897331237793
-14.693159381870919,11.586369103561339,15.955897331237793
-14.690453938845028,11.578965774198737,15.955897331237793
-14.690453938845028,11.578965774198737,15.955897331237793
-14.690453938845028,11.578965774198737,15.955897331237793
-14.694783812936652,11.57455754029548,15.955897331237793
-14.694783812936652,11.57455754029548,15.955897331237793
-14.694783812936652,11.57455754029548,15.955897331237793
-14.694783812936652,11.57455754029548,15.955897331237793
-14.69525042701135,11.576058582501606,15.955897331237793
-14.69525042701135,11.576058582501606,15.955897331237793
-14.69525042701135,11.576058582501606,15.955897331237793
-14.69525042701135,11.576058582501606,15.955897331237793
-14.69525042701135,11.576058582501606,15.955897331237793
-14.69525042701135,11.576058582501606,15.955897331237793
-14.69311007050355,11.568192258597563,15.955897331237793
-14.69311007050355,11.568192258597563,15.955897331237793
-14.69311007050355,11.568192258597563,15.955897331237793
-14.69311007050355,11.568192258597563,15.955897331237793
-14.69246917588852,11.565218967656714,15.955897331237793
-14.69246917588852,11.565218967656714,15.955897331237793
-14.69246917588852,11.565218967656714,15.955897331237793
-14.69246917588852,11.565218967656714,15.955897331237793
-14.687975812922614,11.554363208042624,15.955897331237793
-14.687975812922614,11.554363208042624,15.955897331237793
-14.687975812922614,11.554363208042624,15.955897331237793
-14.6898136855221,11.553234489975805,15.955897331237793
-14.6898136855221,11.553234489975805,15.955897331237793
-14.6898136855221,11.553234489975805,15.955897331237793
-14.6898136855221,11.553234489975805,15.955897331237793
-14.6898136855221,11.553234489975805,15.955897331237793
-14.696829856044731,11.555747900824038,15.955897331237793
-14.696829856044731,11.555747900824038,15.955897331237793
-14.696829856044731,11.555747900824038,15.955897331237793
-14.696829856044731,11.555747900824038,15.955897331237793
-14.685942773501447,11.551061682277533,15.955897331237793
-14.685942773501447,11.551061682277533,15.955897331237793
-14.685942773501447,11.551061682277533,15.955897331237793
-14.685942773501447,11.551061682277533,15.955897331237793
-14.689598109445155,11.545342693867937,15.955897331237793
-14.689598109445155,11.545342693867937,15.955897331237793
-14.689598109445155,11.545342693867937,15.955897331237793
-14.689598109445155,11.545342693867937,15.955897331237793
-14.696530160038586,11.549306109716884,15.955897331237793
-14.696530160038586,11.549306109716884,15.955897331237793
-14.696530160038586,11.549306109716884,15.955897331237793
-14.696530160038586,11.549306109716884,15.955897331237793
-14.68912554465855,11.545124562090912,15.955897331237793
-14.68912554465855,11.545124562090912,15.955897331237793
-14.68912554465855,11.545124562090912,15.955897331237793
-14.68912554465855,11.545124562090912,15.955897331237793
-14.683844692000868,11.53339825139648,15.955897331237793
-14.683844692000868,11.53339825139648,15.955897331237793
-14.683844692000868,11.53339825139648,15.955897331237793
-14.683844692000868,11.53339825139648,15.955897331237793
-14.677202858605316,11.524033850532708,15.955897331237793
-14.677202858605316,11.524033850532708,15.955897331237793
-14.677202858605316,11.524033850532708,15.955897331237793
-14.676151324147002,11.517029143953522,15.955897331237793
-14.676151324147002,11.517029143953522,15.955897331237793
-14.676151324147002,11.517029143953522,15.955897331237793
-14.676151324147002,11.517029143953522,15.955897331237793
-14.676151324147002,11.517029143953522,15.955897331237793
-14.675886476310897,11.50882162780974,15.955897331237793
-14.675886476310897,11.50882162780974,15.955897331237793
-14.675886476310897,11.50882162780974,15.955897331237793
-14.671036665802598,11.497181415523398,15.955897331237793
-14.671036665802598,11.497181415523398,15.955897331237793
-14.671036665802598,11.497181415523398,15.955897331237793
-14.671036665802598,11.497181415523398,15.955897331237793
-14.671036665802598,11.497181415523398,15.955897331237793
-14.671720097725142,11.490451985522498,15.955897331237793
-14.671720097725142,11.490451985522498,15.955897331237793
-14.671720097725142,11.490451985522498,15.955897331237793
-14.671720097725142,11.490451985522498,15.955897331237793
-14.663257896968695,11.470135338135181,15.955897331237793
-14.663257896968695,11.470135338135181,15.955897331237793
-14.663257896968695,11.470135338135181,15.955897331237793
-14.663257896968695,11.470135338135181,15.955897331237793
-14.665175183017118,11.46638617022745,15.955897331237793
-14.665175183017118,11.46638617022745,15.955897331237793
-14.665175183017118,11.46638617022745,15.955897331237793
-14.665175183017118,11.46638617022745,15.955897331237793
-14.664420788185513,11.45994091346136,15.955897331237793
-14.664420788185513,11.45994091346136,15.955897331237793
-14.664420788185513,11.45994091346136,15.955897331237793
-14.664420788185513,11.45994091346136,15.955897331237793
-14.664420788185513,11.45994091346136,15.955897331237793
-14.659049796827787,11.449388711529842,15.955897331237793
-14.659049796827787,11.449388711529842,15.955897331237793
-14.659049796827787,11.449388711529842,15.955897331237793
-14.659049796827787,11.449388711529842,15.955897331237793
-14.659049796827787,11.449388711529842,15.955897331237793
-14.656101416542255,11.434256530332522,15.955897331237793
-14.656101416542255,11.434256530332522,15.955897331237793
-14.656101416542255,11.434256530332522,15.955897331237793
-14.656101416542255,11.434256530332522,15.955897331237793
-14.656101416542255,11.434256530332522,15.955897331237793
-14.653600525290152,11.406441153036395,15.955897331237793
-14.653600525290152,11.406441153036395,15.955897331237793
-14.653600525290152,11.406441153036395,15.955897331237793
-14.653600525290152,11.406441153036395,15.955897331237793
-14.653600525290152,11.406441153036395,15.955897331237793
-14.651587346778037,11.393639240112902,15.955897331237793
-14.651587346778037,11.393639240112902,15.955897331237793
-14.651587346778037,11.393639240112902,15.955897331237793
-14.651587346778037,11.393639240112902,15.955897331237793
-14.650281944655456,11.37564470997133,15.955897331237793
-14.650281944655456,11.37564470997133,15.955897331237793
-14.650281944655456,11.37564470997133,15.955897331237793
-14.650281944655456,11.37564470997133,15.955897331237793
-14.651019210204634,11.363068534093518,15.955897331237793
-14.651019210204634,11.363068534093518,15.955897331237793
-14.651019210204634,11.363068534093518,15.955897331237793
-14.651019210204634,11.363068534093518,15.955897331237793
-14.651019210204634,11.363068534093518,15.955897331237793
-14.647633306794809,11.354808866686742,15.955897331237793
-14.647633306794809,11.354808866686742,15.955897331237793
-14.647633306794809,11.354808866686742,15.955897331237793
-14.647633306794809,11.354808866686742,15.955897331237793
-14.647633306794809,11.354808866686742,15.955897331237793
-14.6630834472429,11.355084368547953,15.955897331237793
-14.6630834472429,11.355084368547953,15.955897331237793
-14.6630834472429,11.355084368547953,15.955897331237793
-14.673344373484165,11.344260946844493,15.955897331237793
-14.673344373484165,11.344260946844493,15.955897331237793
-14.673344373484165,11.344260946844493,15.955897331237793
-14.673344373484165,11.344260946844493,15.955897331237793
-14.679586800059095,11.334539469979322,15.955897331237793
-14.679586800059095,11.334539469979322,15.955897331237793
-14.679586800059095,11.334539469979322,15.955897331237793
-14.68588483958107,11.326593921241006,15.955897331237793
-14.68588483958107,11.326593921241006,15.955897331237793
-14.68588483958107,11.326593921241006,15.955897331237793
-14.68588483958107,11.326593921241006,15.955897331237793
-14.68588483958107,11.326593921241006,15.955897331237793
-14.687923517923183,11.31519541262793,15.955897331237793
-14.687923517923183,11.31519541262793,15.955897331237793
-14.687923517923183,11.31519541262793,15.955897331237793
-14.687923517923183,11.31519541262793,15.955897331237793
-14.665317732313314,11.303458692102174,15.955897331237793
-14.665317732313314,11.303458692102174,15.955897331237793
-14.665317732313314,11.303458692102174,15.955897331237793
-14.665317732313314,11.303458692102174,15.955897331237793
-14.665317732313314,11.303458692102174,15.955897331237793
-14.66997364126462,11.296041797732206,15.955897331237793
-14.66997364126462,11.296041797732206,15.955897331237793
-14.66997364126462,11.296041797732206,15.955897331237793
-14.66997364126462,11.296041797732206,15.955897331237793
-14.668929615093106,11.299325793197902,15.955897331237793
-14.668929615093106,11.299325793197902,15.955897331237793
-14.668929615093106,11.299325793197902,15.955897331237793
-14.667917865823341,11.285680017748644,15.955897331237793
-14.667917865823341,11.285680017748644,15.955897331237793
-14.667917865823341,11.285680017748644,15.955897331237793
-14.669102462058357,11.274821559103799,15.955897331237793
-14.669102462058357,11.274821559103799,15.955897331237793
-14.669102462058357,11.274821559103799,15.955897331237793
-14.669102462058357,11.274821559103799,15.955897331237793
-14.66870675097089,11.26984676510251,15.955897331237793
-14.66870675097089,11.26984676510251,15.955897331237793
-14.66870675097089,11.26984676510251,15.955897331237793
-14.671622987161143,11.267375723416416,15.955897331237793
-14.671622987161143,11.267375723416416,15.955897331237793
-14.671622987161143,11.267375723416416,15.955897331237793
-14.671622987161143,11.267375723416416,15.955897331237793
-14.672108313663387,11.262125011485276,15.955897331237793
-14.672108313663387,11.262125011485276,15.955897331237793
-14.672108313663387,11.262125011485276,15.955897331237793
-14.67361031247687,11.265774618367011,15.955897331237793
-14.67361031247687,11.265774618367011,15.955897331237793
-14.67361031247687,11.265774618367011,15.955897331237793
-14.67361031247687,11.265774618367011,15.955897331237793
-14.674121375258434,11.269128537545416,15.955897331237793
-14.674121375258434,11.269128537545416,15.955897331237793
-14.674121375258434,11.269128537545416,15.955897331237793
-14.673258964855822,11.267079088895507,15.955897331237793
-14.673258964855822,11.267079088895507,15.955897331237793
-14.673258964855822,11.267079088895507,15.955897331237793
-14.670450095062419,11.257806311219335,15.955897331237793
-14.670450095062419,11.257806311219335,15.955897331237793
-14.670450095062419,11.257806311219335,15.955897331237793
-14.670450095062419,11.257806311219335,15.955897331237793
-14.675560167193664,11.250298900879985,15.955897331237793
-14.675560167193664,11.250298900879985,15.955897331237793
-14.675560167193664,11.250298900879985,15.955897331237793
-14.670122137450553,11.238137339706322,15.955897331237793
-14.670122137450553,11.238137339706322,15.955897331237793
-14.670122137450553,11.238137339706322,15.955897331237793
-14.670122137450553,11.238137339706322,15.955897331237793
-14.668009970499629,11.231181457359144,15.955897331237793
-14.668009970499629,11.231181457359144,15.955897331237793
-14.668009970499629,11.231181457359144,15.955897331237793
-14.668009970499629,11.231181457359144,15.955897331237793
-14.666420510463434,11.22983606063803,15.955897331237793
-14.666420510463434,11.22983606063803,15.955897331237793
-14.666420510463434,11.22983606063803,15.955897331237793
-14.666420510463434,11.22983606063803,15.955897331237793
-14.660145819915297,11.217175452780676,15.955897331237793
-14.660145819915297,11.217175452780676,15.955897331237793
-14.660145819915297,11.217175452780676,15.955897331237793
-14.660145819915297,11.217175452780676,15.955897331237793
-14.656260412232776,11.200208088287317,15.955897331237793
-14.656260412232776,11.200208088287317,15.955897331237793
-14.656260412232776,11.200208088287317,15.955897331237793
-14.656260412232776,11.200208088287317,15.955897331237793
-14.656940697514093,11.184689538712002,15.955897331237793
-14.656940697514093,11.184689538712002,15.955897331237793
-14.656940697514093,11.184689538712002,15.955897331237793
-14.656940697514093,11.184689538712002,15.955897331237793
-14.659806049344532,11.176674630819786,15.955897331237793
-14.659806049344532,11.176674630819786,15.955897331237793
-14.659806049344532,11.176674630819786,15.955897331237793
-14.659806049344532,11.176674630819786,15.955897331237793
-14.65335741721119,11.167716661171852,15.955897331237793
-14.65335741721119,11.167716661171852,15.955897331237793
-14.65335741721119,11.167716661171852,15.955897331237793
-14.65335741721119,11.167716661171852,15.955897331237793
-14.654252883274562,11.16309346025257,15.955897331237793
-14.654252883274562,11.16309346025257,15.955897331237793
-14.654252883274562,11.16309346025257,15.955897331237793
-14.654252883274562,11.16309346025257,15.955897331237793
-14.652156266334012,11.1541793399895,15.955897331237793
-14.652156266334012,11.1541793399895,15.955897331237793
-14.652156266334012,11.1541793399895,15.955897331237793
-14.652156266334012,11.1541793399895,15.955897331237793
-14.656814193489094,11.142780353653967,15.955897331237793
-14.656814193489094,11.142780353653967,15.955897331237793
-14.656814193489094,11.142780353653967,15.955897331237793
-14.656814193489094,11.142780353653967,15.955897331237793
-14.656869821379152,11.133464156586081,15.955897331237793
-14.656869821379152,11.133464156586081,15.955897331237793
-14.656869821379152,11.133464156586081,15.955897331237793
-14.656869821379152,11.133464156586081,15.955897331237793
-14.651082860394832,11.1240462386891,15.955897331237793
-14.651082860394832,11.1240462386891,15.955897331237793
-14.651082860394832,11.1240462386891,15.955897331237793
-14.651082860394832,11.1240462386891,15.955897331237793
-14.647873605737821,11.112094358123809,15.955897331237793
-14.647873605737821,11.112094358123809,15.955897331237793
-14.647873605737821,11.112094358123809,15.955897331237793
-14.644778556464487,11.104884064591221,15.955897331237793
-14.644778556464487,11.104884064591221,15.955897331237793
-14.644778556464487,11.104884064591221,15.955897331237793
-14.644778556464487,11.104884064591221,15.955897331237793
-14.644778556464487,11.104884064591221,15.955897331237793
-14.647266535244894,11.107168468558429,15.955897331237793
-14.647266535244894,11.107168468558429,15.955897331237793
-14.647266535244894,11.107168468558429,15.955897331237793
-14.647266535244894,11.107168468558429,15.955897331237793
-14.646045747581791,11.103014688662586,15.955897331237793
-14.646045747581791,11.103014688662586,15.955897331237793
-14.646045747581791,11.103014688662586,15.955897331237793
-14.645476449813884,11.10613196922026,15.955897331237793
-14.645476449813884,11.10613196922026,15.955897331237793
-14.645476449813884,11.10613196922026,15.955897331237793
-14.645476449813884,11.10613196922026,15.955897331237793
-14.644086662395754,11.103672574833807,15.955897331237793
-14.644086662395754,11.103672574833807,15.955897331237793
-14.644086662395754,11.103672574833807,15.955897331237793
-14.644086662395754,11.103672574833807,15.955897331237793
-14.643953178556066,11.108382058026908,15.955897331237793
-14.643953178556066,11.108382058026908,15.955897331237793
-14.643953178556066,11.108382058026908,15.955897331237793
-14.643953178556066,11.108382058026908,15.955897331237793
-14.6446142037163,11.113172133207883,15.955897331237793
-14.6446142037163,11.113172133207883,15.955897331237793
-14.6446142037163,11.113172133207883,15.955897331237793
-14.648540423585112,11.117331595843044,15.955897331237793
-14.648540423585112,11.117331595843044,15.955897331237793
-14.648540423585112,11.117331595843044,15.955897331237793
-14.648540423585112,11.117331595843044,15.955897331237793
-14.64963148221547,11.120995577563285,15.955897331237793
-14.64963148221547,11.120995577563285,15.955897331237793
-14.64963148221547,11.120995577563285,15.955897331237793
-14.64963148221547,11.120995577563285,15.955897331237793
-14.652330955144599,11.118438523262661,15.955897331237793
-14.652330955144599,11.118438523262661,15.955897331237793
-14.652330955144599,11.118438523262661,15.955897331237793
-14.652330955144599,11.118438523262661,15.955897331237793
-14.652330955144599,11.118438523262661,15.955897331237793
-14.655164316320104,11.122779329449816,15.955897331237793
-14.655164316320104,11.122779329449816,15.955897331237793
-14.655164316320104,11.122779329449816,15.955897331237793
-14.655164316320104,11.122779329449816,15.955897331237793
-14.660242412058718,11.11780819072606,15.955897331237793
-14.660242412058718,11.11780819072606,15.955897331237793
-14.660242412058718,11.11780819072606,15.955897331237793
-14.660242412058718,11.11780819072606,15.955897331237793
-14.660242412058718,11.11780819072606,15.955897331237793
-14.65994767219029,11.114078604341401,15.955897331237793
-14.65994767219029,11.114078604341401,15.955897331237793
-14.65994767219029,11.114078604341401,15.955897331237793
-14.65994767219029,11.114078604341401,15.955897331237793
-14.65994767219029,11.114078604341401,15.955897331237793
-14.658938344498905,11.107605671870976,15.955897331237793
-14.658938344498905,11.107605671870976,15.955897331237793
-14.658938344498905,11.107605671870976,15.955897331237793
-14.658938344498905,11.107605671870976,15.955897331237793
-14.658938344498905,11.107605671870976,15.955897331237793
-14.655990247632484,11.103616421272248,15.955897331237793
-14.655990247632484,11.103616421272248,15.955897331237793
-14.655990247632484,11.103616421272248,15.955897331237793
-14.655990247632484,11.103616421272248,15.955897331237793
-14.655990247632484,11.103616421272248,15.955897331237793
-14.661750847871474,11.087933397717634,15.955897331237793
-14.661750847871474,11.087933397717634,15.955897331237793
-14.661750847871474,11.087933397717634,15.955897331237793
-14.661750847871474,11.087933397717634,15.955897331237793
-14.661750847871474,11.087933397717634,15.955897331237793
-14.66338370001846,11.08587711370992,15.955897331237793
-14.66338370001846,11.08587711370992,15.955897331237793
-14.66338370001846,11.08587711370992,15.955897331237793
-14.66338370001846,11.08587711370992,15.955897331237793
-14.66338370001846,11.08587711370992,15.955897331237793
-14.663246762216653,11.07837607596609,15.955897331237793
-14.663246762216653,11.07837607596609,15.955897331237793
-14.663246762216653,11.07837607596609,15.955897331237793
-14.663246762216653,11.07837607596609,15.955897331237793
-14.67018811144094,11.072372789155448,15.955897331237793
-14.67018811144094,11.072372789155448,15.955897331237793
-14.67018811144094,11.072372789155448,15.955897331237793
-14.67018811144094,11.072372789155448,15.955897331237793
-14.668839157392032,11.066672541171569,15.955897331237793
-14.668839157392032,11.066672541171569,15.955897331237793
-14.668839157392032,11.066672541171569,15.955897331237793
-14.664182725474568,11.061202698410998,15.955897331237793
-14.664182725474568,11.061202698410998,15.955897331237793
-14.664182725474568,11.061202698410998,15.955897331237793
-14.657188405720271,11.058075896210449,15.955897331237793
-14.657188405720271,11.058075896210449,15.955897331237793
-14.657188405720271,11.058075896210449,15.955897331237793
-14.660363472403718,11.05456584938436,15.955897331237793
-14.660363472403718,11.05456584938436,15.955897331237793
-14.660363472403718,11.05456584938436,15.955897331237793
-14.654723773411455,11.055195454440558,15.955897331237793
-14.654723773411455,11.055195454440558,15.955897331237793
-14.654723773411455,11.055195454440558,15.955897331237793
-14.654723773411455,11.055195454440558,15.955897331237793
-14.652864872343182,11.039722544280545,15.955897331237793
-14.652864872343182,11.039722544280545,15.955897331237793
-14.652864872343182,11.039722544280545,15.955897331237793
-14.656191112294914,11.03455286653109,15.955897331237793
-14.656191112294914,11.03455286653109,15.955897331237793
-14.656191112294914,11.03455286653109,15.955897331237793
-14.65754876150409,11.03331567095639,15.955897331237793
-14.65754876150409,11.03331567095639,15.955897331237793
-14.65754876150409,11.03331567095639,15.955897331237793
-14.650277204788365,11.036053780720673,15.955897331237793
-14.650277204788365,11.036053780720673,15.955897331237793
-14.650277204788365,11.036053780720673,15.955897331237793
-14.650601476235899,11.032988826942143,15.955897331237793
-14.650601476235899,11.032988826942143,15.955897331237793
-14.650601476235899,11.032988826942143,15.955897331237793
-14.650601476235899,11.032988826942143,15.955897331237793
-14.656293099025117,11.02907369622683,15.955897331237793
-14.656293099025117,11.02907369622683,15.955897331237793
-14.656293099025117,11.02907369622683,15.955897331237793
-14.656293099025117,11.02907369622683,15.955897331237793
-14.984378146610933,6.430266072152767,15.955897331237793
-14.984378146610933,6.430266072152767,15.955897331237793
-14.984378146610933,6.430266072152767,15.955897331237793
-14.096072479081215,4.960400488119376,15.955897331237793
-14.096072479081215,4.960400488119376,15.955897331237793
-14.096072479081215,4.960400488119376,15.955897331237793
-14.096072479081215,4.960400488119376,15.955897331237793
-14.096072479081215,4.960400488119376,15.955897331237793
-14.031068701818748,5.043639758565612,15.955897331237793
-14.031068701818748,5.043639758565612,15.955897331237793
-14.031068701818748,5.043639758565612,15.955897331237793
-14.031068701818748,5.043639758565612,15.955897331237793
-14.014385133818715,5.02718365043692,15.955897331237793
-14.014385133818715,5.02718365043692,15.955897331237793
-14.014385133818715,5.02718365043692,15.955897331237793
-14.014385133818715,5.02718365043692,15.955897331237793
-14.014385133818715,5.02718365043692,15.955897331237793
-14.00925962958273,5.010599813543218,15.955897331237793
-14.00925962958273,5.010599813543218,15.955897331237793
-14.00925962958273,5.010599813543218,15.955897331237793
-14.00925962958273,5.010599813543218,15.955897331237793
-14.009618893402367,4.988988457484718,15.955897331237793
-14.009618893402367,4.988988457484718,15.955897331237793
-14.009618893402367,4.988988457484718,15.955897331237793
-14.009618893402367,4.988988457484718,15.955897331237793
-14.009618893402367,4.988988457484718,15.955897331237793
-14.014357455611941,4.965685847234399,15.955897331237793
-14.014357455611941,4.965685847234399,15.955897331237793
-14.014357455611941,4.965685847234399,15.955897331237793
-14.014357455611941,4.965685847234399,15.955897331237793
-14.018258493562215,4.944019997476015,15.955897331237793
-14.018258493562215,4.944019997476015,15.955897331237793
-14.018258493562215,4.944019997476015,15.955897331237793
-14.018258493562215,4.944019997476015,15.955897331237793
-14.008998500687333,4.934713977276854,15.955897331237793
-14.008998500687333,4.934713977276854,15.955897331237793
-14.008998500687333,4.934713977276854,15.955897331237793
-14.008998500687333,4.934713977276854,15.955897331237793
-14.008998500687333,4.934713977276854,15.955897331237793
-13.9972044511668,4.903065730452674,15.955897331237793
-13.9972044511668,4.903065730452674,15.955897331237793
-13.9972044511668,4.903065730452674,15.955897331237793
-13.9972044511668,4.903065730452674,15.955897331237793
-13.9972044511668,4.903065730452674,15.955897331237793
-13.994623056345855,4.871252992858436,15.955897331237793
-13.994623056345855,4.871252992858436,15.955897331237793
-13.994623056345855,4.871252992858436,15.955897331237793
-13.994623056345855,4.871252992858436,15.955897331237793
-13.994623056345855,4.871252992858436,15.955897331237793
-13.996422113561788,4.8394250560471965,15.955897331237793
-13.996422113561788,4.8394250560471965,15.955897331237793
-13.996422113561788,4.8394250560471965,15.955897331237793
-13.996422113561788,4.8394250560471965,15.955897331237793
-13.995289678246177,4.800416531098959,15.955897331237793
-13.995289678246177,4.800416531098959,15.955897331237793
-13.995289678246177,4.800416531098959,15.955897331237793
-13.995289678246177,4.800416531098959,15.955897331237793
-13.995289678246177,4.800416531098959,15.955897331237793
-13.98598586196936,4.759890335170896,15.955897331237793
-13.98598586196936,4.759890335170896,15.955897331237793
-13.98598586196936,4.759890335170896,15.955897331237793
-13.98598586196936,4.759890335170896,15.955897331237793
-13.973980823016575,4.7178482054134605,15.955897331237793
-13.973980823016575,4.7178482054134605,15.955897331237793
-13.973980823016575,4.7178482054134605,15.955897331237793
-13.973980823016575,4.7178482054134605,15.955897331237793
-13.973980823016575,4.7178482054134605,15.955897331237793
-13.9628221411534,4.69413062527985,15.955897331237793
-13.9628221411534,4.69413062527985,15.955897331237793
-13.9628221411534,4.69413062527985,15.955897331237793
-13.9628221411534,4.69413062527985,15.955897331237793
-13.945485891552524,4.641308833328102,15.955897331237793
-13.945485891552524,4.641308833328102,15.955897331237793
-13.945485891552524,4.641308833328102,15.955897331237793
-13.945485891552524,4.641308833328102,15.955897331237793
-13.945485891552524,4.641308833328102,15.955897331237793
-13.937385657772854,4.590367370976518,15.955897331237793
-13.937385657772854,4.590367370976518,15.955897331237793
-13.937385657772854,4.590367370976518,15.955897331237793
-13.937385657772854,4.590367370976518,15.955897331237793
-13.926402961751862,4.538708367778819,15.955897331237793
-13.926402961751862,4.538708367778819,15.955897331237793
-13.926402961751862,4.538708367778819,15.955897331237793
-13.926402961751862,4.538708367778819,15.955897331237793
-13.926402961751862,4.538708367778819,15.955897331237793
-13.919992813680373,4.514299765220337,15.955897331237793
-13.919992813680373,4.514299765220337,15.955897331237793
-13.919992813680373,4.514299765220337,15.955897331237793
-13.919992813680373,4.514299765220337,15.955897331237793
-13.912965438133703,4.4544637567942775,15.955897331237793
-13.912965438133703,4.4544637567942775,15.955897331237793
-13.912965438133703,4.4544637567942775,15.955897331237793
-13.912965438133703,4.4544637567942775,15.955897331237793
-13.912965438133703,4.4544637567942775,15.955897331237793
-13.906343265052032,4.389403785007155,15.955897331237793
-13.906343265052032,4.389403785007155,15.955897331237793
-13.906343265052032,4.389403785007155,15.955897331237793
-13.906343265052032,4.389403785007155,15.955897331237793
-13.906343265052032,4.389403785007155,15.955897331237793
-13.90550133254562,4.3247638884730435,15.955897331237793
-13.90550133254562,4.3247638884730435,15.955897331237793
-13.90550133254562,4.3247638884730435,15.955897331237793
-13.90550133254562,4.3247638884730435,15.955897331237793
-13.910066698061827,4.252077690660208,15.955897331237793
-13.910066698061827,4.252077690660208,15.955897331237793
-13.910066698061827,4.252077690660208,15.955897331237793
-13.910066698061827,4.252077690660208,15.955897331237793
-13.910066698061827,4.252077690660208,15.955897331237793
-13.92174776308223,4.175519435772943,15.955897331237793
-13.92174776308223,4.175519435772943,15.955897331237793
-13.92174776308223,4.175519435772943,15.955897331237793
-13.92174776308223,4.175519435772943,15.955897331237793
-13.92174776308223,4.175519435772943,15.955897331237793
-13.93208951398899,4.095176821415681,15.955897331237793
-13.93208951398899,4.095176821415681,15.955897331237793
-13.93208951398899,4.095176821415681,15.955897331237793
-13.93208951398899,4.095176821415681,15.955897331237793
-13.93208951398899,4.095176821415681,15.955897331237793
-13.934354063181129,4.01179839995586,15.955897331237793
-13.934354063181129,4.01179839995586,15.955897331237793
-13.934354063181129,4.01179839995586,15.955897331237793
-13.934354063181129,4.01179839995586,15.955897331237793
-13.92278414923254,3.928834479673102,15.955897331237793
-13.92278414923254,3.928834479673102,15.955897331237793
-13.92278414923254,3.928834479673102,15.955897331237793
-13.92278414923254,3.928834479673102,15.955897331237793
-13.92278414923254,3.928834479673102,15.955897331237793
-13.93264808000966,3.885552342115661,15.955897331237793
-13.93264808000966,3.885552342115661,15.955897331237793
-13.93264808000966,3.885552342115661,15.955897331237793
-13.93264808000966,3.885552342115661,15.955897331237793
-13.956421913577673,3.795873387159576,15.955897331237793
-13.956421913577673,3.795873387159576,15.955897331237793
-13.956421913577673,3.795873387159576,15.955897331237793
-13.956421913577673,3.795873387159576,15.955897331237793
-13.956421913577673,3.795873387159576,15.955897331237793
-13.970531983874242,3.688096138808415,15.955897331237793
-13.970531983874242,3.688096138808415,15.955897331237793
-13.970531983874242,3.688096138808415,15.955897331237793
-13.970531983874242,3.688096138808415,15.955897331237793
-13.970531983874242,3.688096138808415,15.955897331237793
-13.993475741386105,3.5906072172128125,15.955897331237793
-13.993475741386105,3.5906072172128125,15.955897331237793
-13.993475741386105,3.5906072172128125,15.955897331237793
-13.993475741386105,3.5906072172128125,15.955897331237793
-14.000166932589321,3.497167348184707,15.955897331237793
-14.000166932589321,3.497167348184707,15.955897331237793
-14.000166932589321,3.497167348184707,15.955897331237793
-14.000166932589321,3.497167348184707,15.955897331237793
-14.000166932589321,3.497167348184707,15.955897331237793
-14.000166932589321,3.497167348184707,15.955897331237793
-13.993146078299754,3.4493888260126795,15.955897331237793
-13.993146078299754,3.4493888260126795,15.955897331237793
-13.993146078299754,3.4493888260126795,15.955897331237793
-13.993146078299754,3.4493888260126795,15.955897331237793
-13.993146078299754,3.4493888260126795,15.955897331237793
-13.978368314482719,3.278920066573783,15.955897331237793
-13.978368314482719,3.278920066573783,15.955897331237793
-13.978368314482719,3.278920066573783,15.955897331237793
-13.978368314482719,3.278920066573783,15.955897331237793
-13.968480034053533,3.1781192656931356,15.955897331237793
-13.968480034053533,3.1781192656931356,15.955897331237793
-13.968480034053533,3.1781192656931356,15.955897331237793
-13.968480034053533,3.1781192656931356,15.955897331237793
-13.968480034053533,3.1781192656931356,15.955897331237793
-13.991257364450039,3.0518111393585365,15.955897331237793
-13.991257364450039,3.0518111393585365,15.955897331237793
-13.991257364450039,3.0518111393585365,15.955897331237793
-13.991257364450039,3.0518111393585365,15.955897331237793
-13.991257364450039,3.0518111393585365,15.955897331237793
-13.989930684665438,2.9290938791512633,15.955897331237793
-13.989930684665438,2.9290938791512633,15.955897331237793
-13.989930684665438,2.9290938791512633,15.955897331237793
-13.989930684665438,2.9290938791512633,15.955897331237793
-13.970687430558801,2.8658301903649583,15.955897331237793
-13.970687430558801,2.8658301903649583,15.955897331237793
-13.970687430558801,2.8658301903649583,15.955897331237793
-13.970687430558801,2.8658301903649583,15.955897331237793
-13.970687430558801,2.8658301903649583,15.955897331237793
-13.97144277422553,2.7422639414187056,15.955897331237793
-13.97144277422553,2.7422639414187056,15.955897331237793
-13.97144277422553,2.7422639414187056,15.955897331237793
-13.97144277422553,2.7422639414187056,15.955897331237793
-13.97144277422553,2.7422639414187056,15.955897331237793
-13.97144277422553,2.7422639414187056,15.955897331237793
-13.9522445031043,2.613042552308572,15.955897331237793
-13.9522445031043,2.613042552308572,15.955897331237793
-13.9522445031043,2.613042552308572,15.955897331237793
-13.9522445031043,2.613042552308572,15.955897331237793
-13.9522445031043,2.613042552308572,15.955897331237793
-13.938143444931018,2.4678431843589994,15.955897331237793
-13.938143444931018,2.4678431843589994,15.955897331237793
-13.938143444931018,2.4678431843589994,15.955897331237793
-13.938143444931018,2.4678431843589994,15.955897331237793
-13.931189749850343,2.334769751836775,15.955897331237793
-13.931189749850343,2.334769751836775,15.955897331237793
-13.931189749850343,2.334769751836775,15.955897331237793
-13.931189749850343,2.334769751836775,15.955897331237793
-13.931189749850343,2.334769751836775,15.955897331237793
-13.899842875860495,2.1952408643579933,15.955897331237793
-13.899842875860495,2.1952408643579933,15.955897331237793
-13.899842875860495,2.1952408643579933,15.955897331237793
-13.899842875860495,2.1952408643579933,15.955897331237793
-13.899842875860495,2.1952408643579933,15.955897331237793
-13.90241801635845,2.029810370144524,15.955897331237793
-13.90241801635845,2.029810370144524,15.955897331237793
-13.90241801635845,2.029810370144524,15.955897331237793
-13.90241801635845,2.029810370144524,15.955897331237793
-13.90241801635845,2.029810370144524,15.955897331237793
-13.92844034310626,1.8745484174071052,15.955897331237793
-13.92844034310626,1.8745484174071052,15.955897331237793
-13.92844034310626,1.8745484174071052,15.955897331237793
-13.92844034310626,1.8745484174071052,15.955897331237793
-13.92844034310626,1.8745484174071052,15.955897331237793
-13.91704531842992,1.7470344514671219,15.955897331237793
-13.91704531842992,1.7470344514671219,15.955897331237793
-13.91704531842992,1.7470344514671219,15.955897331237793
-13.91704531842992,1.7470344514671219,15.955897331237793
-13.885371135000383,1.6264942115625776,15.955897331237793
-13.885371135000383,1.6264942115625776,15.955897331237793
-13.885371135000383,1.6264942115625776,15.955897331237793
-13.885371135000383,1.6264942115625776,15.955897331237793
-13.885371135000383,1.6264942115625776,15.955897331237793
-13.875391214989934,1.4895556180304257,15.955897331237793
-13.875391214989934,1.4895556180304257,15.955897331237793
-13.875391214989934,1.4895556180304257,15.955897331237793
-13.875391214989934,1.4895556180304257,15.955897331237793
-13.878514262057493,1.358332939553125,15.955897331237793
-13.878514262057493,1.358332939553125,15.955897331237793
-13.878514262057493,1.358332939553125,15.955897331237793
-13.878514262057493,1.358332939553125,15.955897331237793
-13.878514262057493,1.358332939553125,15.955897331237793
-13.85837761298698,1.2962555751091422,15.955897331237793
-13.85837761298698,1.2962555751091422,15.955897331237793
-13.85837761298698,1.2962555751091422,15.955897331237793
-13.85837761298698,1.2962555751091422,15.955897331237793
-13.85837761298698,1.2962555751091422,15.955897331237793
-13.844358316663197,1.1852177783193467,15.955897331237793
-13.844358316663197,1.1852177783193467,15.955897331237793
-13.844358316663197,1.1852177783193467,15.955897331237793
-13.844358316663197,1.1852177783193467,15.955897331237793
-13.844358316663197,1.1852177783193467,15.955897331237793
-13.804999023700281,1.0779185098258086,15.955897331237793
-13.804999023700281,1.0779185098258086,15.955897331237793
-13.804999023700281,1.0779185098258086,15.955897331237793
-13.804999023700281,1.0779185098258086,15.955897331237793
-13.804999023700281,1.0779185098258086,15.955897331237793
-13.726083520504975,0.9863695284598082,15.955897331237793
-13.726083520504975,0.9863695284598082,15.955897331237793
-13.726083520504975,0.9863695284598082,15.955897331237793
-13.726083520504975,0.9863695284598082,15.955897331237793
-13.684483592128629,0.8899601880793868,15.955897331237793
-13.684483592128629,0.8899601880793868,15.955897331237793
-13.684483592128629,0.8899601880793868,15.955897331237793
-13.684483592128629,0.8899601880793868,15.955897331237793
-13.684483592128629,0.8899601880793868,15.955897331237793
-13.66671596469244,0.8228872195874386,15.955897331237793
-13.66671596469244,0.8228872195874386,15.955897331237793
-13.66671596469244,0.8228872195874386,15.955897331237793
-13.66671596469244,0.8228872195874386,15.955897331237793
-13.58740714228699,0.7552838439128038,15.955897331237793
-13.58740714228699,0.7552838439128038,15.955897331237793
-13.58740714228699,0.7552838439128038,15.955897331237793
-13.58740714228699,0.7552838439128038,15.955897331237793
-13.58740714228699,0.7552838439128038,15.955897331237793
-13.553808421018374,0.7127532180919416,15.955897331237793
-13.553808421018374,0.7127532180919416,15.955897331237793
-13.553808421018374,0.7127532180919416,15.955897331237793
-13.553808421018374,0.7127532180919416,15.955897331237793
-13.553808421018374,0.7127532180919416,15.955897331237793
-13.523000463352584,0.6948613414781506,15.955897331237793
-13.523000463352584,0.6948613414781506,15.955897331237793
-13.523000463352584,0.6948613414781506,15.955897331237793
-13.523000463352584,0.6948613414781506,15.955897331237793
-13.450406023642486,0.6290397009539929,15.955897331237793
-13.450406023642486,0.6290397009539929,15.955897331237793
-13.450406023642486,0.6290397009539929,15.955897331237793
-13.450406023642486,0.6290397009539929,15.955897331237793
-13.450406023642486,0.6290397009539929,15.955897331237793
-13.390672667649117,0.5564444999393071,15.955897331237793
-13.390672667649117,0.5564444999393071,15.955897331237793
-13.390672667649117,0.5564444999393071,15.955897331237793
-13.390672667649117,0.5564444999393071,15.955897331237793
-13.390672667649117,0.5564444999393071,15.955897331237793
-13.331530299345134,0.4934373701128614,15.955897331237793
-13.331530299345134,0.4934373701128614,15.955897331237793
-13.331530299345134,0.4934373701128614,15.955897331237793
-13.331530299345134,0.4934373701128614,15.955897331237793
-13.331530299345134,0.4934373701128614,15.955897331237793
-13.276035535105736,0.4227672791670613,15.955897331237793
-13.276035535105736,0.4227672791670613,15.955897331237793
-13.276035535105736,0.4227672791670613,15.955897331237793
-13.276035535105736,0.4227672791670613,15.955897331237793
-13.216900881720639,0.34475609963185483,15.955897331237793
-13.216900881720639,0.34475609963185483,15.955897331237793
-13.216900881720639,0.34475609963185483,15.955897331237793
-13.216900881720639,0.34475609963185483,15.955897331237793
-13.138819876807338,0.28130062239695025,15.955897331237793
-13.138819876807338,0.28130062239695025,15.955897331237793
-13.138819876807338,0.28130062239695025,15.955897331237793
-13.138819876807338,0.28130062239695025,15.955897331237793
-13.138819876807338,0.28130062239695025,15.955897331237793
-13.09785882635382,0.2619922045105285,15.955897331237793
-13.09785882635382,0.2619922045105285,15.955897331237793
-13.09785882635382,0.2619922045105285,15.955897331237793
-13.09785882635382,0.2619922045105285,15.955897331237793
-13.09785882635382,0.2619922045105285,15.955897331237793
-13.022404109977874,0.19803526940797064,15.955897331237793
-13.022404109977874,0.19803526940797064,15.955897331237793
-13.022404109977874,0.19803526940797064,15.955897331237793
-13.022404109977874,0.19803526940797064,15.955897331237793
-13.022404109977874,0.19803526940797064,15.955897331237793
-12.944578598531848,0.14831141668655176,15.955897331237793
-12.944578598531848,0.14831141668655176,15.955897331237793
-12.944578598531848,0.14831141668655176,15.955897331237793
-12.944578598531848,0.14831141668655176,15.955897331237793
-12.862709201569238,0.09662648647251076,15.955897331237793
-12.862709201569238,0.09662648647251076,15.955897331237793
-12.862709201569238,0.09662648647251076,15.955897331237793
-12.862709201569238,0.09662648647251076,15.955897331237793
-12.782317407197956,0.04978375937804463,15.955897331237793
-12.782317407197956,0.04978375937804463,15.955897331237793
-12.782317407197956,0.04978375937804463,15.955897331237793
-12.782317407197956,0.04978375937804463,15.955897331237793
-12.738079141108816,0.029273396121026488,15.955897331237793
-12.738079141108816,0.029273396121026488,15.955897331237793
-12.738079141108816,0.029273396121026488,15.955897331237793
-12.738079141108816,0.029273396121026488,15.955897331237793
-12.738079141108816,0.029273396121026488,15.955897331237793
-12.676945744027185,0.005957527679844278,15.955897331237793
-12.676945744027185,0.005957527679844278,15.955897331237793
-12.676945744027185,0.005957527679844278,15.955897331237793
-12.676945744027185,0.005957527679844278,15.955897331237793
-12.676945744027185,0.005957527679844278,15.955897331237793
-12.631402565726749,-0.02304765573905452,15.955897331237793
-12.631402565726749,-0.02304765573905452,15.955897331237793
-12.631402565726749,-0.02304765573905452,15.955897331237793
-12.631402565726749,-0.02304765573905452,15.955897331237793
-12.631402565726749,-0.02304765573905452,15.955897331237793
-12.578532053755751,-0.04681095684355243,15.955897331237793
-12.578532053755751,-0.04681095684355243,15.955897331237793
-12.578532053755751,-0.04681095684355243,15.955897331237793
-12.578532053755751,-0.04681095684355243,15.955897331237793
-12.550632853252788,-0.10244539507217044,15.955897331237793
-12.550632853252788,-0.10244539507217044,15.955897331237793
-12.550632853252788,-0.10244539507217044,15.955897331237793
-12.550632853252788,-0.10244539507217044,15.955897331237793
-12.473032340393695,-0.09238506120937066,15.955897331237793
-12.473032340393695,-0.09238506120937066,15.955897331237793
-12.473032340393695,-0.09238506120937066,15.955897331237793
-12.473032340393695,-0.09238506120937066,15.955897331237793
-12.473032340393695,-0.09238506120937066,15.955897331237793
-12.42330322827527,-0.07492373169463971,15.955897331237793
-12.42330322827527,-0.07492373169463971,15.955897331237793
-12.42330322827527,-0.07492373169463971,15.955897331237793
-12.42330322827527,-0.07492373169463971,15.955897331237793
-12.42330322827527,-0.07492373169463971,15.955897331237793
-12.34930026982415,-0.10056026391983224,15.955897331237793
-12.34930026982415,-0.10056026391983224,15.955897331237793
-12.34930026982415,-0.10056026391983224,15.955897331237793
-12.34930026982415,-0.10056026391983224,15.955897331237793
-12.34930026982415,-0.10056026391983224,15.955897331237793
-12.278077993221025,-0.13705738193943628,15.955897331237793
-12.278077993221025,-0.13705738193943628,15.955897331237793
-12.278077993221025,-0.13705738193943628,15.955897331237793
-12.278077993221025,-0.13705738193943628,15.955897331237793
-12.17604996655438,-0.1697595463532535,15.955897331237793
-12.17604996655438,-0.1697595463532535,15.955897331237793
-12.17604996655438,-0.1697595463532535,15.955897331237793
-12.17604996655438,-0.1697595463532535,15.955897331237793
-12.17604996655438,-0.1697595463532535,15.955897331237793
-12.076770712706498,-0.18706454058505512,15.955897331237793
-12.076770712706498,-0.18706454058505512,15.955897331237793
-12.076770712706498,-0.18706454058505512,15.955897331237793
-12.076770712706498,-0.18706454058505512,15.955897331237793
-11.993098307200958,-0.23064766152757638,15.955897331237793
-11.993098307200958,-0.23064766152757638,15.955897331237793
-11.993098307200958,-0.23064766152757638,15.955897331237793
-11.993098307200958,-0.23064766152757638,15.955897331237793
-11.993098307200958,-0.23064766152757638,15.955897331237793
-11.993098307200958,-0.23064766152757638,15.955897331237793
-11.880801482839747,-0.23778383722228716,15.955897331237793
-11.880801482839747,-0.23778383722228716,15.955897331237793
-11.880801482839747,-0.23778383722228716,15.955897331237793
-11.880801482839747,-0.23778383722228716,15.955897331237793
-11.880801482839747,-0.23778383722228716,15.955897331237793
-11.782819114517102,-0.2575794473509501,15.955897331237793
-11.782819114517102,-0.2575794473509501,15.955897331237793
-11.782819114517102,-0.2575794473509501,15.955897331237793
-11.782819114517102,-0.2575794473509501,15.955897331237793
-11.782819114517102,-0.2575794473509501,15.955897331237793
-11.782819114517102,-0.2575794473509501,15.955897331237793
-11.67812547842827,-0.3028804658529612,15.955897331237793
-11.67812547842827,-0.3028804658529612,15.955897331237793
-11.67812547842827,-0.3028804658529612,15.955897331237793
-11.67812547842827,-0.3028804658529612,15.955897331237793
-11.67812547842827,-0.3028804658529612,15.955897331237793
-11.571131192194409,-0.3253962615097273,15.955897331237793
-11.571131192194409,-0.3253962615097273,15.955897331237793
-11.571131192194409,-0.3253962615097273,15.955897331237793
-11.571131192194409,-0.3253962615097273,15.955897331237793
-11.571131192194409,-0.3253962615097273,15.955897331237793
-11.459205530517812,-0.33350915864571706,15.955897331237793
-11.459205530517812,-0.33350915864571706,15.955897331237793
-11.459205530517812,-0.33350915864571706,15.955897331237793
-11.459205530517812,-0.33350915864571706,15.955897331237793
-11.459205530517812,-0.33350915864571706,15.955897331237793
-11.371108400859752,-0.3511942656292206,15.955897331237793
-11.371108400859752,-0.3511942656292206,15.955897331237793
-11.371108400859752,-0.3511942656292206,15.955897331237793
-11.371108400859752,-0.3511942656292206,15.955897331237793
-11.371108400859752,-0.3511942656292206,15.955897331237793
-11.251496875183404,-0.38581898624927985,15.955897331237793
-11.251496875183404,-0.38581898624927985,15.955897331237793
-11.251496875183404,-0.38581898624927985,15.955897331237793
-11.251496875183404,-0.38581898624927985,15.955897331237793
-11.251496875183404,-0.38581898624927985,15.955897331237793
-11.14367699021366,-0.3980789368288004,15.955897331237793
-11.14367699021366,-0.3980789368288004,15.955897331237793
-11.14367699021366,-0.3980789368288004,15.955897331237793
-11.14367699021366,-0.3980789368288004,15.955897331237793
-11.043450626182107,-0.3963297375078558,15.955897331237793
-11.043450626182107,-0.3963297375078558,15.955897331237793
-11.043450626182107,-0.3963297375078558,15.955897331237793
-11.043450626182107,-0.3963297375078558,15.955897331237793
-11.043450626182107,-0.3963297375078558,15.955897331237793
-10.944156632772613,-0.39722876936174956,15.955897331237793
-10.944156632772613,-0.39722876936174956,15.955897331237793
-10.944156632772613,-0.39722876936174956,15.955897331237793
-10.944156632772613,-0.39722876936174956,15.955897331237793
-10.944156632772613,-0.39722876936174956,15.955897331237793
-10.830856895109804,-0.4233712302083658,15.955897331237793
-10.830856895109804,-0.4233712302083658,15.955897331237793
-10.830856895109804,-0.4233712302083658,15.955897331237793
-10.830856895109804,-0.4233712302083658,15.955897331237793
-10.830856895109804,-0.4233712302083658,15.955897331237793
-10.722363177635124,-0.44627820730580986,15.955897331237793
-10.722363177635124,-0.44627820730580986,15.955897331237793
-10.722363177635124,-0.44627820730580986,15.955897331237793
-10.722363177635124,-0.44627820730580986,15.955897331237793
-10.722363177635124,-0.44627820730580986,15.955897331237793
-10.607332913187387,-0.4436595221687979,15.955897331237793
-10.607332913187387,-0.4436595221687979,15.955897331237793
-10.607332913187387,-0.4436595221687979,15.955897331237793
-10.607332913187387,-0.4436595221687979,15.955897331237793
-10.607332913187387,-0.4436595221687979,15.955897331237793
-10.494852869116212,-0.45096258720633936,15.955897331237793
-10.494852869116212,-0.45096258720633936,15.955897331237793
-10.494852869116212,-0.45096258720633936,15.955897331237793
-10.494852869116212,-0.45096258720633936,15.955897331237793
-10.494852869116212,-0.45096258720633936,15.955897331237793
-10.384334971142188,-0.44038983782875785,15.955897331237793
-10.384334971142188,-0.44038983782875785,15.955897331237793
-10.384334971142188,-0.44038983782875785,15.955897331237793
-10.384334971142188,-0.44038983782875785,15.955897331237793
-10.384334971142188,-0.44038983782875785,15.955897331237793
-10.384334971142188,-0.44038983782875785,15.955897331237793
-10.26100670265801,-0.4424989340139885,15.955897331237793
-10.26100670265801,-0.4424989340139885,15.955897331237793
-10.26100670265801,-0.4424989340139885,15.955897331237793
-10.26100670265801,-0.4424989340139885,15.955897331237793
-10.26100670265801,-0.4424989340139885,15.955897331237793
-10.13852430334188,-0.4626793145984503,15.955897331237793
-10.13852430334188,-0.4626793145984503,15.955897331237793
-10.13852430334188,-0.4626793145984503,15.955897331237793
-10.13852430334188,-0.4626793145984503,15.955897331237793
-10.13852430334188,-0.4626793145984503,15.955897331237793
-10.017516538891629,-0.4808610415999265,15.955897331237793
-10.017516538891629,-0.4808610415999265,15.955897331237793
-10.017516538891629,-0.4808610415999265,15.955897331237793
-10.017516538891629,-0.4808610415999265,15.955897331237793
-10.017516538891629,-0.4808610415999265,15.955897331237793
-10.017516538891629,-0.4808610415999265,15.955897331237793
-9.880235081007573,-0.4744556871342432,15.955897331237793
-9.880235081007573,-0.4744556871342432,15.955897331237793
-9.880235081007573,-0.4744556871342432,15.955897331237793
-9.880235081007573,-0.4744556871342432,15.955897331237793
-9.703119978121544,-0.44223098425793494,15.955897331237793
-9.703119978121544,-0.44223098425793494,15.955897331237793
-9.703119978121544,-0.44223098425793494,15.955897331237793
-9.703119978121544,-0.44223098425793494,15.955897331237793
-9.703119978121544,-0.44223098425793494,15.955897331237793
-9.646863071975826,-0.42504039972833474,15.955897331237793
-9.646863071975826,-0.42504039972833474,15.955897331237793
-9.646863071975826,-0.42504039972833474,15.955897331237793
-9.646863071975826,-0.42504039972833474,15.955897331237793
-9.646863071975826,-0.42504039972833474,15.955897331237793
-9.53572791140583,-0.43347778847020724,15.955897331237793
-9.53572791140583,-0.43347778847020724,15.955897331237793
-9.53572791140583,-0.43347778847020724,15.955897331237793
-9.53572791140583,-0.43347778847020724,15.955897331237793
-9.408290241603481,-0.45493652162284837,15.955897331237793
-9.408290241603481,-0.45493652162284837,15.955897331237793
-9.408290241603481,-0.45493652162284837,15.955897331237793
-9.408290241603481,-0.45493652162284837,15.955897331237793
-9.408290241603481,-0.45493652162284837,15.955897331237793
-9.283670224302185,-0.4381382382427995,15.955897331237793
-9.283670224302185,-0.4381382382427995,15.955897331237793
-9.283670224302185,-0.4381382382427995,15.955897331237793
-9.283670224302185,-0.4381382382427995,15.955897331237793
-9.283670224302185,-0.4381382382427995,15.955897331237793
-9.14974648655909,-0.4300642464573916,15.955897331237793
-9.008722579573801,-0.41789748751225897,15.955897331237793
-9.008722579573801,-0.41789748751225897,15.955897331237793
-9.008722579573801,-0.41789748751225897,15.955897331237793
-9.008722579573801,-0.41789748751225897,15.955897331237793
-9.008722579573801,-0.41789748751225897,15.955897331237793
-9.008722579573801,-0.41789748751225897,15.955897331237793
-8.942909681861849,-0.40736631675726664,15.955897331237793
-8.942909681861849,-0.40736631675726664,15.955897331237793
-8.942909681861849,-0.40736631675726664,15.955897331237793
-8.942909681861849,-0.40736631675726664,15.955897331237793
-8.942909681861849,-0.40736631675726664,15.955897331237793
-8.942909681861849,-0.40736631675726664,15.955897331237793
-8.730628070704665,-0.37132176318363,15.955897331237793
-8.730628070704665,-0.37132176318363,15.955897331237793
-8.730628070704665,-0.37132176318363,15.955897331237793
-8.730628070704665,-0.37132176318363,15.955897331237793
-8.730628070704665,-0.37132176318363,15.955897331237793
-8.60540655659343,-0.3426674902836033,15.955897331237793
-8.60540655659343,-0.3426674902836033,15.955897331237793
-8.60540655659343,-0.3426674902836033,15.955897331237793
-8.60540655659343,-0.3426674902836033,15.955897331237793
-8.60540655659343,-0.3426674902836033,15.955897331237793
-8.438618497404414,-0.31727165610715663,15.955897331237793
-8.438618497404414,-0.31727165610715663,15.955897331237793
-8.438618497404414,-0.31727165610715663,15.955897331237793
-8.438618497404414,-0.31727165610715663,15.955897331237793
-8.438618497404414,-0.31727165610715663,15.955897331237793
-8.286113056069711,-0.31757285083644704,15.955897331237793
-8.286113056069711,-0.31757285083644704,15.955897331237793
-8.286113056069711,-0.31757285083644704,15.955897331237793
-8.286113056069711,-0.31757285083644704,15.955897331237793
-8.286113056069711,-0.31757285083644704,15.955897331237793
-8.286113056069711,-0.31757285083644704,15.955897331237793
-8.054844740584516,-0.29208088246333036,15.955897331237793
-8.054844740584516,-0.29208088246333036,15.955897331237793
-8.054844740584516,-0.29208088246333036,15.955897331237793
-8.054844740584516,-0.29208088246333036,15.955897331237793
-8.054844740584516,-0.29208088246333036,15.955897331237793
-7.886820840339466,-0.2643197682580991,15.955897331237793
-7.886820840339466,-0.2643197682580991,15.955897331237793
-7.886820840339466,-0.2643197682580991,15.955897331237793
-7.886820840339466,-0.2643197682580991,15.955897331237793
-7.886820840339466,-0.2643197682580991,15.955897331237793
-7.76144066082938,-0.25674479915260157,15.955897331237793
-7.76144066082938,-0.25674479915260157,15.955897331237793
-7.76144066082938,-0.25674479915260157,15.955897331237793
-7.76144066082938,-0.25674479915260157,15.955897331237793
-7.76144066082938,-0.25674479915260157,15.955897331237793
-7.6411118740516875,-0.25682837791763347,15.955897331237793
-7.6411118740516875,-0.25682837791763347,15.955897331237793
-7.6411118740516875,-0.25682837791763347,15.955897331237793
-7.6411118740516875,-0.25682837791763347,15.955897331237793
-7.6411118740516875,-0.25682837791763347,15.955897331237793
-7.6411118740516875,-0.25682837791763347,15.955897331237793
-7.6411118740516875,-0.25682837791763347,15.955897331237793
-7.523384631675504,-0.2573661529266031,15.955897331237793
-7.523384631675504,-0.2573661529266031,15.955897331237793
-7.523384631675504,-0.2573661529266031,15.955897331237793
-7.523384631675504,-0.2573661529266031,15.955897331237793
-7.523384631675504,-0.2573661529266031,15.955897331237793
-7.407738254485144,-0.2475349892341511,15.955897331237793
-7.407738254485144,-0.2475349892341511,15.955897331237793
-7.407738254485144,-0.2475349892341511,15.955897331237793
-7.407738254485144,-0.2475349892341511,15.955897331237793
-7.407738254485144,-0.2475349892341511,15.955897331237793
-7.243101146378116,-0.2128377409512172,15.955897331237793
-7.243101146378116,-0.2128377409512172,15.955897331237793
-7.243101146378116,-0.2128377409512172,15.955897331237793
-7.243101146378116,-0.2128377409512172,15.955897331237793
-7.074727126764115,-0.1819391235670221,15.955897331237793
-7.074727126764115,-0.1819391235670221,15.955897331237793
-7.074727126764115,-0.1819391235670221,15.955897331237793
-7.074727126764115,-0.1819391235670221,15.955897331237793
-7.074727126764115,-0.1819391235670221,15.955897331237793
-7.074727126764115,-0.1819391235670221,15.955897331237793
-6.9328906809600035,-0.15339691521221796,15.955897331237793
-6.9328906809600035,-0.15339691521221796,15.955897331237793
-6.9328906809600035,-0.15339691521221796,15.955897331237793
-6.9328906809600035,-0.15339691521221796,15.955897331237793
-6.9328906809600035,-0.15339691521221796,15.955897331237793
-6.806207023925579,-0.12255196868895457,15.955897331237793
-6.806207023925579,-0.12255196868895457,15.955897331237793
-6.806207023925579,-0.12255196868895457,15.955897331237793
-6.806207023925579,-0.12255196868895457,15.955897331237793
-6.806207023925579,-0.12255196868895457,15.955897331237793
-6.806207023925579,-0.12255196868895457,15.955897331237793
-6.663854834405249,-0.09968520433275072,15.955897331237793
-6.663854834405249,-0.09968520433275072,15.955897331237793
-6.663854834405249,-0.09968520433275072,15.955897331237793
-6.663854834405249,-0.09968520433275072,15.955897331237793
-6.4797694725283534,-0.06252720896661407,15.955897331237793
-6.4797694725283534,-0.06252720896661407,15.955897331237793
-6.4797694725283534,-0.06252720896661407,15.955897331237793
-6.4797694725283534,-0.06252720896661407,15.955897331237793
-6.4797694725283534,-0.06252720896661407,15.955897331237793
-6.4176285710975725,-0.04843343241671168,15.955897331237793
-6.4176285710975725,-0.04843343241671168,15.955897331237793
-6.4176285710975725,-0.04843343241671168,15.955897331237793
-6.4176285710975725,-0.04843343241671168,15.955897331237793
-6.4176285710975725,-0.04843343241671168,15.955897331237793
-6.4176285710975725,-0.04843343241671168,15.955897331237793
-6.270701403825394,-0.04483630291034089,15.955897331237793
-6.270701403825394,-0.04483630291034089,15.955897331237793
-6.270701403825394,-0.04483630291034089,15.955897331237793
-6.270701403825394,-0.04483630291034089,15.955897331237793
-6.270701403825394,-0.04483630291034089,15.955897331237793
-6.033266865030546,-0.039121296306151354,15.955897331237793
-6.033266865030546,-0.039121296306151354,15.955897331237793
-6.033266865030546,-0.039121296306151354,15.955897331237793
-6.033266865030546,-0.039121296306151354,15.955897331237793
-5.884873980832928,-0.037853332804392494,15.955897331237793
-5.884873980832928,-0.037853332804392494,15.955897331237793
-5.884873980832928,-0.037853332804392494,15.955897331237793
-5.884873980832928,-0.037853332804392494,15.955897331237793
-5.884873980832928,-0.037853332804392494,15.955897331237793
-5.884873980832928,-0.037853332804392494,15.955897331237793
-5.809572160680477,-0.03373113108395255,15.955897331237793
-5.809572160680477,-0.03373113108395255,15.955897331237793
-5.809572160680477,-0.03373113108395255,15.955897331237793
-5.809572160680477,-0.03373113108395255,15.955897331237793
-5.809572160680477,-0.03373113108395255,15.955897331237793
-5.596313735765085,-0.009206830592267382,15.955897331237793
-5.596313735765085,-0.009206830592267382,15.955897331237793
-5.596313735765085,-0.009206830592267382,15.955897331237793
-5.596313735765085,-0.009206830592267382,15.955897331237793
-5.596313735765085,-0.009206830592267382,15.955897331237793
-5.596313735765085,-0.009206830592267382,15.955897331237793
-5.596313735765085,-0.009206830592267382,15.955897331237793
-5.596313735765085,-0.009206830592267382,15.955897331237793
-5.596313735765085,-0.009206830592267382,15.955897331237793
-5.462879432004595,-0.01274799554264632,15.955897331237793
-5.462879432004595,-0.01274799554264632,15.955897331237793
-5.462879432004595,-0.01274799554264632,15.955897331237793
-5.462879432004595,-0.01274799554264632,15.955897331237793
-5.462879432004595,-0.01274799554264632,15.955897331237793
-5.462879432004595,-0.01274799554264632,15.955897331237793
-5.462879432004595,-0.01274799554264632,15.955897331237793
-5.229751098993456,-0.00892369146869304,15.955897331237793
-5.229751098993456,-0.00892369146869304,15.955897331237793
-5.229751098993456,-0.00892369146869304,15.955897331237793
-5.229751098993456,-0.00892369146869304,15.955897331237793
-5.229751098993456,-0.00892369146869304,15.955897331237793
-5.229751098993456,-0.00892369146869304,15.955897331237793
-5.229751098993456,-0.00892369146869304,15.955897331237793
-5.229751098993456,-0.00892369146869304,15.955897331237793
-5.229751098993456,-0.00892369146869304,15.955897331237793
-4.9844418844749745,-0.003260242468285545,15.955897331237793
-4.9844418844749745,-0.003260242468285545,15.955897331237793
-4.9844418844749745,-0.003260242468285545,15.955897331237793
-4.9844418844749745,-0.003260242468285545,15.955897331237793
-4.9844418844749745,-0.003260242468285545,15.955897331237793
-4.9844418844749745,-0.003260242468285545,15.955897331237793
-4.9844418844749745,-0.003260242468285545,15.955897331237793
-4.9844418844749745,-0.003260242468285545,15.955897331237793
-4.636694257137902,0.0019470183639264005,15.955897331237793
-4.636694257137902,0.0019470183639264005,15.955897331237793
-4.636694257137902,0.0019470183639264005,15.955897331237793
-4.636694257137902,0.0019470183639264005,15.955897331237793
-4.636694257137902,0.0019470183639264005,15.955897331237793
-4.636694257137902,0.0019470183639264005,15.955897331237793
-4.636694257137902,0.0019470183639264005,15.955897331237793
-4.396174548499221,0.024125974590230272,15.955897331237793
-4.396174548499221,0.024125974590230272,15.955897331237793
-4.396174548499221,0.024125974590230272,15.955897331237793
-4.396174548499221,0.024125974590230272,15.955897331237793
-4.396174548499221,0.024125974590230272,15.955897331237793
-4.396174548499221,0.024125974590230272,15.955897331237793
-4.396174548499221,0.024125974590230272,15.955897331237793
-4.168017215740601,0.02735326773478558,15.955897331237793
-4.168017215740601,0.02735326773478558,15.955897331237793
-4.168017215740601,0.02735326773478558,15.955897331237793
-4.168017215740601,0.02735326773478558,15.955897331237793
-4.168017215740601,0.02735326773478558,15.955897331237793
-4.168017215740601,0.02735326773478558,15.955897331237793
-4.168017215740601,0.02735326773478558,15.955897331237793
-3.9146630080016096,0.020688592135920413,15.955897331237793
-3.9146630080016096,0.020688592135920413,15.955897331237793
-3.9146630080016096,0.020688592135920413,15.955897331237793
-3.9146630080016096,0.020688592135920413,15.955897331237793
-3.9146630080016096,0.020688592135920413,15.955897331237793
-3.9146630080016096,0.020688592135920413,15.955897331237793
-3.9146630080016096,0.020688592135920413,15.955897331237793
-3.7640551798423068,0.004934173159156544,15.955897331237793
-3.7640551798423068,0.004934173159156544,15.955897331237793
-3.7640551798423068,0.004934173159156544,15.955897331237793
-3.7640551798423068,0.004934173159156544,15.955897331237793
-3.5145737953224607,-0.01039759712286731,15.955897331237793
-3.5145737953224607,-0.01039759712286731,15.955897331237793
-3.5145737953224607,-0.01039759712286731,15.955897331237793
-3.5145737953224607,-0.01039759712286731,15.955897331237793
-3.5145737953224607,-0.01039759712286731,15.955897331237793
-3.3381603499433865,-0.029558545176721563,15.955897331237793
-3.3381603499433865,-0.029558545176721563,15.955897331237793
-3.3381603499433865,-0.029558545176721563,15.955897331237793
-3.3381603499433865,-0.029558545176721563,15.955897331237793
-3.3381603499433865,-0.029558545176721563,15.955897331237793
-3.193879137773996,-0.04686895511197307,15.955897331237793
-3.193879137773996,-0.04686895511197307,15.955897331237793
-3.193879137773996,-0.04686895511197307,15.955897331237793
-3.193879137773996,-0.04686895511197307,15.955897331237793
-3.052130913437239,-0.06483048280982491,15.955897331237793
-3.052130913437239,-0.06483048280982491,15.955897331237793
-3.052130913437239,-0.06483048280982491,15.955897331237793
-3.052130913437239,-0.06483048280982491,15.955897331237793
-3.052130913437239,-0.06483048280982491,15.955897331237793
-2.906998382620816,-0.07833628568466944,15.955897331237793
-2.906998382620816,-0.07833628568466944,15.955897331237793
-2.906998382620816,-0.07833628568466944,15.955897331237793
-2.906998382620816,-0.07833628568466944,15.955897331237793
-2.906998382620816,-0.07833628568466944,15.955897331237793
-2.7600203478881045,-0.08411837212252442,15.955897331237793
-2.7600203478881045,-0.08411837212252442,15.955897331237793
-2.7600203478881045,-0.08411837212252442,15.955897331237793
-2.7600203478881045,-0.08411837212252442,15.955897331237793
-2.6805565338478017,-0.08839346034610143,15.955897331237793
-2.6805565338478017,-0.08839346034610143,15.955897331237793
-2.6805565338478017,-0.08839346034610143,15.955897331237793
-2.6805565338478017,-0.08839346034610143,15.955897331237793
-2.6805565338478017,-0.08839346034610143,15.955897331237793
-2.513844024831545,-0.07918717225135251,15.955897331237793
-2.513844024831545,-0.07918717225135251,15.955897331237793
-2.513844024831545,-0.07918717225135251,15.955897331237793
-2.513844024831545,-0.07918717225135251,15.955897331237793
-2.331143306069099,-0.070578459237327,15.955897331237793
-2.331143306069099,-0.070578459237327,15.955897331237793
-2.331143306069099,-0.070578459237327,15.955897331237793
-2.331143306069099,-0.070578459237327,15.955897331237793
-2.331143306069099,-0.070578459237327,15.955897331237793
-2.331143306069099,-0.070578459237327,15.955897331237793
-2.1699900048031027,-0.05311221535094732,15.955897331237793
-2.1699900048031027,-0.05311221535094732,15.955897331237793
-2.1699900048031027,-0.05311221535094732,15.955897331237793
-2.1699900048031027,-0.05311221535094732,15.955897331237793
-2.0372688870107543,-0.04104715675111158,15.955897331237793
-2.0372688870107543,-0.04104715675111158,15.955897331237793
-2.0372688870107543,-0.04104715675111158,15.955897331237793
-2.0372688870107543,-0.04104715675111158,15.955897331237793
-2.0372688870107543,-0.04104715675111158,15.955897331237793
-1.8459123939680233,-0.04682330264209975,15.955897331237793
-1.8459123939680233,-0.04682330264209975,15.955897331237793
-1.8459123939680233,-0.04682330264209975,15.955897331237793
-1.8459123939680233,-0.04682330264209975,15.955897331237793
-1.6919553715565443,-0.052152046610918455,15.955897331237793
-1.6919553715565443,-0.052152046610918455,15.955897331237793
-1.6919553715565443,-0.052152046610918455,15.955897331237793
-1.6919553715565443,-0.052152046610918455,15.955897331237793
-1.6919553715565443,-0.052152046610918455,15.955897331237793
-1.6095639922431564,-0.06194082290755736,15.955897331237793
-1.6095639922431564,-0.06194082290755736,15.955897331237793
-1.6095639922431564,-0.06194082290755736,15.955897331237793
-1.6095639922431564,-0.06194082290755736,15.955897331237793
-1.4096622774023921,-0.0690066409781914,15.955897331237793
-1.4096622774023921,-0.0690066409781914,15.955897331237793
-1.4096622774023921,-0.0690066409781914,15.955897331237793
-1.4096622774023921,-0.0690066409781914,15.955897331237793
-1.4096622774023921,-0.0690066409781914,15.955897331237793
-1.2218839533462893,-0.06690319622982972,15.955897331237793
-1.2218839533462893,-0.06690319622982972,15.955897331237793
-1.2218839533462893,-0.06690319622982972,15.955897331237793
-1.2218839533462893,-0.06690319622982972,15.955897331237793
-1.2218839533462893,-0.06690319622982972,15.955897331237793
