x,y,lap_time_s
2.0556678166968503,-0.23636630570046804,13.864433765411377
2.112568454134662,-0.26013401724590235,13.864433765411377
2.2111260890577413,-0.2921900370147106,13.864433765411377
2.2174086816628806,-0.2854788913485469,13.864433765411377
2.3013722394886114,-0.24767089760716274,13.864433765411377
2.3498403406940174,-0.22123292474168232,13.864433765411377
2.31962840992981,-0.189662223732321,13.864433765411377
2.2784786284233967,-0.20474022951068618,13.864433765411377
2.301705349482198,-0.20896237979792193,13.864433765411377
2.3504478138051863,-0.2146471454429517,13.864433765411377
2.3504478138051863,-0.2146471454429517,13.864433765411377
2.3504478138051863,-0.2146471454429517,13.864433765411377
2.3504478138051863,-0.2146471454429517,13.864433765411377
2.2752611030608945,-0.2471574446438717,13.864433765411377
2.2752611030608945,-0.2471574446438717,13.864433765411377
2.2752611030608945,-0.2471574446438717,13.864433765411377
2.2752611030608945,-0.2471574446438717,13.864433765411377
2.2752611030608945,-0.2471574446438717,13.864433765411377
2.2978347182573655,-0.2508693812902117,13.864433765411377
2.2978347182573655,-0.2508693812902117,13.864433765411377
2.2978347182573655,-0.2508693812902117,13.864433765411377
2.2978347182573655,-0.2508693812902117,13.864433765411377
2.2978347182573655,-0.2508693812902117,13.864433765411377
2.338506984934058,-0.24162412977872705,13.864433765411377
2.338506984934058,-0.24162412977872705,13.864433765411377
2.338506984934058,-0.24162412977872705,13.864433765411377
2.338506984934058,-0.24162412977872705,13.864433765411377
2.338506984934058,-0.24162412977872705,13.864433765411377
2.338506984934058,-0.24162412977872705,13.864433765411377
2.44912361319858,-0.2108874895133543,13.864433765411377
2.44912361319858,-0.2108874895133543,13.864433765411377
2.44912361319858,-0.2108874895133543,13.864433765411377
2.44912361319858,-0.2108874895133543,13.864433765411377
2.44912361319858,-0.2108874895133543,13.864433765411377
2.414275514297554,-0.23115794381780735,13.864433765411377
2.414275514297554,-0.23115794381780735,13.864433765411377
2.414275514297554,-0.23115794381780735,13.864433765411377
2.414275514297554,-0.23115794381780735,13.864433765411377
2.414275514297554,-0.23115794381780735,13.864433765411377
2.4673961818269246,-0.2238088439516674,13.864433765411377
2.4673961818269246,-0.2238088439516674,13.864433765411377
2.4673961818269246,-0.2238088439516674,13.864433765411377
2.4673961818269246,-0.2238088439516674,13.864433765411377
2.4673961818269246,-0.2238088439516674,13.864433765411377
2.4153118874058905,-0.23451704613867888,13.864433765411377
2.4153118874058905,-0.23451704613867888,13.864433765411377
2.4153118874058905,-0.23451704613867888,13.864433765411377
2.4153118874058905,-0.23451704613867888,13.864433765411377
2.4153118874058905,-0.23451704613867888,13.864433765411377
2.4510178405304988,-0.23042153246604977,13.864433765411377
2.4510178405304988,-0.23042153246604977,13.864433765411377
2.4510178405304988,-0.23042153246604977,13.864433765411377
2.4510178405304988,-0.23042153246604977,13.864433765411377
2.4510178405304988,-0.23042153246604977,13.864433765411377
2.4510178405304988,-0.23042153246604977,13.864433765411377
2.5203957220849404,-0.22291332542567166,13.864433765411377
2.5203957220849404,-0.22291332542567166,13.864433765411377
2.5203957220849404,-0.22291332542567166,13.864433765411377
2.5203957220849404,-0.22291332542567166,13.864433765411377
2.5203957220849404,-0.22291332542567166,13.864433765411377
2.5741137543364556,-0.20749419418518877,13.864433765411377
2.5741137543364556,-0.20749419418518877,13.864433765411377
2.5741137543364556,-0.20749419418518877,13.864433765411377
2.5741137543364556,-0.20749419418518877,13.864433765411377
2.5741137543364556,-0.20749419418518877,13.864433765411377
2.54530429967602,-0.20609906491135319,13.864433765411377
2.54530429967602,-0.20609906491135319,13.864433765411377
2.54530429967602,-0.20609906491135319,13.864433765411377
2.54530429967602,-0.20609906491135319,13.864433765411377
2.54530429967602,-0.20609906491135319,13.864433765411377
2.530932281336515,-0.21649859039663585,13.864433765411377
2.530932281336515,-0.21649859039663585,13.864433765411377
2.530932281336515,-0.21649859039663585,13.864433765411377
2.530932281336515,-0.21649859039663585,13.864433765411377
2.530932281336515,-0.21649859039663585,13.864433765411377
2.530932281336515,-0.21649859039663585,13.864433765411377
2.550800270017838,-0.2144785717886616,13.864433765411377
2.550800270017838,-0.2144785717886616,13.864433765411377
2.550800270017838,-0.2144785717886616,13.864433765411377
2.550800270017838,-0.2144785717886616,13.864433765411377
2.550800270017838,-0.2144785717886616,13.864433765411377
2.543186665249899,-0.22215088308636707,13.864433765411377
2.543186665249899,-0.22215088308636707,13.864433765411377
2.543186665249899,-0.22215088308636707,13.864433765411377
2.543186665249899,-0.22215088308636707,13.864433765411377
2.543186665249899,-0.22215088308636707,13.864433765411377
2.5422248409790873,-0.22780082328104903,13.864433765411377
2.5422248409790873,-0.22780082328104903,13.864433765411377
2.5422248409790873,-0.22780082328104903,13.864433765411377
2.5422248409790873,-0.22780082328104903,13.864433765411377
2.5422248409790873,-0.22780082328104903,13.864433765411377
2.5422248409790873,-0.22780082328104903,13.864433765411377
2.63768260262269,-0.204309463997432,13.864433765411377
2.63768260262269,-0.204309463997432,13.864433765411377
2.63768260262269,-0.204309463997432,13.864433765411377
2.63768260262269,-0.204309463997432,13.864433765411377
2.63768260262269,-0.204309463997432,13.864433765411377
2.5781671457497177,-0.21074783886942192,13.864433765411377
2.5781671457497177,-0.21074783886942192,13.864433765411377
2.5781671457497177,-0.21074783886942192,13.864433765411377
2.5781671457497177,-0.21074783886942192,13.864433765411377
2.5781671457497177,-0.21074783886942192,13.864433765411377
2.5781671457497177,-0.21074783886942192,13.864433765411377
2.529861729326459,-0.20469704571726458,13.864433765411377
2.529861729326459,-0.20469704571726458,13.864433765411377
2.529861729326459,-0.20469704571726458,13.864433765411377
2.529861729326459,-0.20469704571726458,13.864433765411377
2.529861729326459,-0.20469704571726458,13.864433765411377
2.5039693530375238,-0.21527294785809412,13.864433765411377
2.5039693530375238,-0.21527294785809412,13.864433765411377
2.5039693530375238,-0.21527294785809412,13.864433765411377
2.5039693530375238,-0.21527294785809412,13.864433765411377
2.5039693530375238,-0.21527294785809412,13.864433765411377
2.477396943272038,-0.21918137195791906,13.864433765411377
2.477396943272038,-0.21918137195791906,13.864433765411377
2.477396943272038,-0.21918137195791906,13.864433765411377
2.477396943272038,-0.21918137195791906,13.864433765411377
2.477396943272038,-0.21918137195791906,13.864433765411377
2.489385768935349,-0.2144631524084844,13.864433765411377
2.489385768935349,-0.2144631524084844,13.864433765411377
2.489385768935349,-0.2144631524084844,13.864433765411377
2.489385768935349,-0.2144631524084844,13.864433765411377
2.489385768935349,-0.2144631524084844,13.864433765411377
2.489385768935349,-0.2144631524084844,13.864433765411377
2.488000556122072,-0.21058013072966045,13.864433765411377
2.488000556122072,-0.21058013072966045,13.864433765411377
2.488000556122072,-0.21058013072966045,13.864433765411377
2.488000556122072,-0.21058013072966045,13.864433765411377
2.488000556122072,-0.21058013072966045,13.864433765411377
2.465937023043976,-0.20929668158066544,13.864433765411377
2.465937023043976,-0.20929668158066544,13.864433765411377
2.465937023043976,-0.20929668158066544,13.864433765411377
2.465937023043976,-0.20929668158066544,13.864433765411377
2.465937023043976,-0.20929668158066544,13.864433765411377
2.495991585342132,-0.19647340170851382,13.864433765411377
2.495991585342132,-0.19647340170851382,13.864433765411377
2.495991585342132,-0.19647340170851382,13.864433765411377
2.495991585342132,-0.19647340170851382,13.864433765411377
2.495991585342132,-0.19647340170851382,13.864433765411377
2.4708973019218017,-0.19179892964646109,13.864433765411377
2.4708973019218017,-0.19179892964646109,13.864433765411377
2.4708973019218017,-0.19179892964646109,13.864433765411377
2.4708973019218017,-0.19179892964646109,13.864433765411377
2.4708973019218017,-0.19179892964646109,13.864433765411377
2.4762400306888135,-0.184392965192873,13.864433765411377
2.4762400306888135,-0.184392965192873,13.864433765411377
2.4762400306888135,-0.184392965192873,13.864433765411377
2.4762400306888135,-0.184392965192873,13.864433765411377
2.4762400306888135,-0.184392965192873,13.864433765411377
2.4762400306888135,-0.184392965192873,13.864433765411377
2.4284415059022506,-0.1760177304723365,13.864433765411377
2.4284415059022506,-0.1760177304723365,13.864433765411377
2.4284415059022506,-0.1760177304723365,13.864433765411377
2.4284415059022506,-0.1760177304723365,13.864433765411377
2.4284415059022506,-0.1760177304723365,13.864433765411377
2.418036528546162,-0.17151294991865973,13.864433765411377
2.418036528546162,-0.17151294991865973,13.864433765411377
2.418036528546162,-0.17151294991865973,13.864433765411377
2.418036528546162,-0.17151294991865973,13.864433765411377
2.4649164071932232,-0.1575688646188372,13.864433765411377
2.4649164071932232,-0.1575688646188372,13.864433765411377
2.4649164071932232,-0.1575688646188372,13.864433765411377
2.4649164071932232,-0.1575688646188372,13.864433765411377
2.4649164071932232,-0.1575688646188372,13.864433765411377
2.501534135953647,-0.10993535891372229,13.864433765411377
2.501534135953647,-0.10993535891372229,13.864433765411377
2.501534135953647,-0.10993535891372229,13.864433765411377
2.501534135953647,-0.10993535891372229,13.864433765411377
2.501534135953647,-0.10993535891372229,13.864433765411377
2.479453122065384,-0.10188082895002139,13.864433765411377
2.479453122065384,-0.10188082895002139,13.864433765411377
2.479453122065384,-0.10188082895002139,13.864433765411377
2.479453122065384,-0.10188082895002139,13.864433765411377
2.479453122065384,-0.10188082895002139,13.864433765411377
2.479453122065384,-0.10188082895002139,13.864433765411377
2.4698604619716353,-0.09246978000963893,13.864433765411377
2.4698604619716353,-0.09246978000963893,13.864433765411377
2.4698604619716353,-0.09246978000963893,13.864433765411377
2.4698604619716353,-0.09246978000963893,13.864433765411377
2.4602486761039826,-0.07846210272663569,13.864433765411377
2.4602486761039826,-0.07846210272663569,13.864433765411377
2.4602486761039826,-0.07846210272663569,13.864433765411377
2.4602486761039826,-0.07846210272663569,13.864433765411377
2.4602486761039826,-0.07846210272663569,13.864433765411377
2.492758976961631,-0.05850523600852167,13.864433765411377
2.492758976961631,-0.05850523600852167,13.864433765411377
2.492758976961631,-0.05850523600852167,13.864433765411377
2.492758976961631,-0.05850523600852167,13.864433765411377
2.492758976961631,-0.05850523600852167,13.864433765411377
2.5100627239444697,-0.02276176671755654,13.864433765411377
2.5100627239444697,-0.02276176671755654,13.864433765411377
2.5100627239444697,-0.02276176671755654,13.864433765411377
2.5100627239444697,-0.02276176671755654,13.864433765411377
2.5100627239444697,-0.02276176671755654,13.864433765411377
2.542265224906559,0.008516881911328707,13.864433765411377
2.542265224906559,0.008516881911328707,13.864433765411377
2.542265224906559,0.008516881911328707,13.864433765411377
2.542265224906559,0.008516881911328707,13.864433765411377
2.542265224906559,0.008516881911328707,13.864433765411377
2.547818538419298,0.0336374489856286,13.864433765411377
2.547818538419298,0.0336374489856286,13.864433765411377
2.547818538419298,0.0336374489856286,13.864433765411377
2.547818538419298,0.0336374489856286,13.864433765411377
2.547818538419298,0.0336374489856286,13.864433765411377
2.547818538419298,0.0336374489856286,13.864433765411377
2.547818538419298,0.0336374489856286,13.864433765411377
2.547818538419298,0.0336374489856286,13.864433765411377
2.547818538419298,0.0336374489856286,13.864433765411377
2.547818538419298,0.0336374489856286,13.864433765411377
2.600612367894036,0.06863439443842252,13.864433765411377
2.600612367894036,0.06863439443842252,13.864433765411377
2.600612367894036,0.06863439443842252,13.864433765411377
2.600612367894036,0.06863439443842252,13.864433765411377
2.600612367894036,0.06863439443842252,13.864433765411377
2.600612367894036,0.06863439443842252,13.864433765411377
2.6218099966295476,0.11205550306947401,13.864433765411377
2.6218099966295476,0.11205550306947401,13.864433765411377
2.6218099966295476,0.11205550306947401,13.864433765411377
2.6218099966295476,0.11205550306947401,13.864433765411377
2.6218099966295476,0.11205550306947401,13.864433765411377
2.6218099966295476,0.11205550306947401,13.864433765411377
2.6218099966295476,0.11205550306947401,13.864433765411377
2.6229002067660376,0.13698864093815477,13.864433765411377
2.6229002067660376,0.13698864093815477,13.864433765411377
2.6229002067660376,0.13698864093815477,13.864433765411377
2.6229002067660376,0.13698864093815477,13.864433765411377
2.6229002067660376,0.13698864093815477,13.864433765411377
2.6229002067660376,0.13698864093815477,13.864433765411377
2.6229002067660376,0.13698864093815477,13.864433765411377
2.6229002067660376,0.13698864093815477,13.864433765411377
2.641008729845055,0.18514527184102017,13.864433765411377
2.641008729845055,0.18514527184102017,13.864433765411377
2.641008729845055,0.18514527184102017,13.864433765411377
2.641008729845055,0.18514527184102017,13.864433765411377
2.641008729845055,0.18514527184102017,13.864433765411377
2.641008729845055,0.18514527184102017,13.864433765411377
2.641008729845055,0.18514527184102017,13.864433765411377
2.6428820433751037,0.23045575235040336,13.864433765411377
2.6428820433751037,0.23045575235040336,13.864433765411377
2.6428820433751037,0.23045575235040336,13.864433765411377
2.6428820433751037,0.23045575235040336,13.864433765411377
2.6428820433751037,0.23045575235040336,13.864433765411377
2.6428820433751037,0.23045575235040336,13.864433765411377
2.6428820433751037,0.23045575235040336,13.864433765411377
2.65191913836426,0.273771662360812,13.864433765411377
2.65191913836426,0.273771662360812,13.864433765411377
2.65191913836426,0.273771662360812,13.864433765411377
2.65191913836426,0.273771662360812,13.864433765411377
2.65191913836426,0.273771662360812,13.864433765411377
2.65191913836426,0.273771662360812,13.864433765411377
2.65191913836426,0.273771662360812,13.864433765411377
2.7179148978542655,0.33148703429746323,13.864433765411377
2.7179148978542655,0.33148703429746323,13.864433765411377
2.7179148978542655,0.33148703429746323,13.864433765411377
2.7179148978542655,0.33148703429746323,13.864433765411377
2.7179148978542655,0.33148703429746323,13.864433765411377
2.7179148978542655,0.33148703429746323,13.864433765411377
2.7179148978542655,0.33148703429746323,13.864433765411377
2.7298480395214133,0.3791521782591709,13.864433765411377
2.7298480395214133,0.3791521782591709,13.864433765411377
2.7298480395214133,0.3791521782591709,13.864433765411377
2.7298480395214133,0.3791521782591709,13.864433765411377
2.7298480395214133,0.3791521782591709,13.864433765411377
2.766987071592878,0.4318110288397917,13.864433765411377
2.766987071592878,0.4318110288397917,13.864433765411377
2.766987071592878,0.4318110288397917,13.864433765411377
2.766987071592878,0.4318110288397917,13.864433765411377
2.766987071592878,0.4318110288397917,13.864433765411377
2.766987071592878,0.4318110288397917,13.864433765411377
2.7522967262183267,0.44989749723468986,13.864433765411377
2.7522967262183267,0.44989749723468986,13.864433765411377
2.7522967262183267,0.44989749723468986,13.864433765411377
2.7522967262183267,0.44989749723468986,13.864433765411377
2.7522967262183267,0.44989749723468986,13.864433765411377
2.7522967262183267,0.44989749723468986,13.864433765411377
2.7994240482494694,0.5097929303187836,13.864433765411377
2.7994240482494694,0.5097929303187836,13.864433765411377
2.7994240482494694,0.5097929303187836,13.864433765411377
2.7994240482494694,0.5097929303187836,13.864433765411377
2.7994240482494694,0.5097929303187836,13.864433765411377
2.8175573525506077,0.5476886334713758,13.864433765411377
2.8175573525506077,0.5476886334713758,13.864433765411377
2.8175573525506077,0.5476886334713758,13.864433765411377
2.8175573525506077,0.5476886334713758,13.864433765411377
2.8175573525506077,0.5476886334713758,13.864433765411377
2.7518686525047036,0.5682692077731161,13.864433765411377
2.7518686525047036,0.5682692077731161,13.864433765411377
2.7518686525047036,0.5682692077731161,13.864433765411377
2.7518686525047036,0.5682692077731161,13.864433765411377
2.73153464036814,0.5921021371279189,13.864433765411377
2.73153464036814,0.5921021371279189,13.864433765411377
2.73153464036814,0.5921021371279189,13.864433765411377
2.73153464036814,0.5921021371279189,13.864433765411377
2.73153464036814,0.5921021371279189,13.864433765411377
2.73153464036814,0.5921021371279189,13.864433765411377
2.727443392683917,0.6337896710847625,13.864433765411377
2.727443392683917,0.6337896710847625,13.864433765411377
2.727443392683917,0.6337896710847625,13.864433765411377
2.727443392683917,0.6337896710847625,13.864433765411377
2.727443392683917,0.6337896710847625,13.864433765411377
2.701909234184464,0.6670968106724416,13.864433765411377
2.701909234184464,0.6670968106724416,13.864433765411377
2.701909234184464,0.6670968106724416,13.864433765411377
2.701909234184464,0.6670968106724416,13.864433765411377
2.701909234184464,0.6670968106724416,13.864433765411377
2.6839315728826083,0.6957668630391972,13.864433765411377
2.6839315728826083,0.6957668630391972,13.864433765411377
2.6839315728826083,0.6957668630391972,13.864433765411377
2.6839315728826083,0.6957668630391972,13.864433765411377
2.6839315728826083,0.6957668630391972,13.864433765411377
2.6932758337252247,0.7312443462304512,13.864433765411377
2.6932758337252247,0.7312443462304512,13.864433765411377
2.6932758337252247,0.7312443462304512,13.864433765411377
2.6932758337252247,0.7312443462304512,13.864433765411377
2.6932758337252247,0.7312443462304512,13.864433765411377
2.65731033392724,0.7445410881164898,13.864433765411377
2.65731033392724,0.7445410881164898,13.864433765411377
2.65731033392724,0.7445410881164898,13.864433765411377
2.65731033392724,0.7445410881164898,13.864433765411377
2.65731033392724,0.7445410881164898,13.864433765411377
2.639708002123641,0.7744597914918824,13.864433765411377
2.639708002123641,0.7744597914918824,13.864433765411377
2.639708002123641,0.7744597914918824,13.864433765411377
2.639708002123641,0.7744597914918824,13.864433765411377
2.639708002123641,0.7744597914918824,13.864433765411377
2.6379432794664184,0.8121003789999619,13.864433765411377
2.6379432794664184,0.8121003789999619,13.864433765411377
2.6379432794664184,0.8121003789999619,13.864433765411377
2.6379432794664184,0.8121003789999619,13.864433765411377
2.6379432794664184,0.8121003789999619,13.864433765411377
2.6379432794664184,0.8121003789999619,13.864433765411377
2.61385459504973,0.8398414968227412,13.864433765411377
2.61385459504973,0.8398414968227412,13.864433765411377
2.61385459504973,0.8398414968227412,13.864433765411377
2.61385459504973,0.8398414968227412,13.864433765411377
2.61385459504973,0.8398414968227412,13.864433765411377
2.5916362964394906,0.87885355557155,13.864433765411377
2.5916362964394906,0.87885355557155,13.864433765411377
2.5916362964394906,0.87885355557155,13.864433765411377
2.5916362964394906,0.87885355557155,13.864433765411377
2.5916362964394906,0.87885355557155,13.864433765411377
2.630433966657603,0.9294795679560551,13.864433765411377
2.630433966657603,0.9294795679560551,13.864433765411377
2.630433966657603,0.9294795679560551,13.864433765411377
2.630433966657603,0.9294795679560551,13.864433765411377
2.630433966657603,0.9294795679560551,13.864433765411377
2.630433966657603,0.9294795679560551,13.864433765411377
2.630433966657603,0.9294795679560551,13.864433765411377
2.7566693066762733,0.9902054793679276,13.864433765411377
2.7566693066762733,0.9902054793679276,13.864433765411377
2.7566693066762733,0.9902054793679276,13.864433765411377
2.7566693066762733,0.9902054793679276,13.864433765411377
2.7566693066762733,0.9902054793679276,13.864433765411377
2.7566693066762733,0.9902054793679276,13.864433765411377
2.786573844297627,1.0700405517577891,13.864433765411377
2.786573844297627,1.0700405517577891,13.864433765411377
2.786573844297627,1.0700405517577891,13.864433765411377
2.786573844297627,1.0700405517577891,13.864433765411377
2.786573844297627,1.0700405517577891,13.864433765411377
2.752426111183532,1.088722797093484,13.864433765411377
2.752426111183532,1.088722797093484,13.864433765411377
2.752426111183532,1.088722797093484,13.864433765411377
2.752426111183532,1.088722797093484,13.864433765411377
2.717120286573397,1.120503318372402,13.864433765411377
2.717120286573397,1.120503318372402,13.864433765411377
2.717120286573397,1.120503318372402,13.864433765411377
2.717120286573397,1.120503318372402,13.864433765411377
2.717120286573397,1.120503318372402,13.864433765411377
2.595426040923834,1.1092334208088517,13.864433765411377
2.595426040923834,1.1092334208088517,13.864433765411377
2.595426040923834,1.1092334208088517,13.864433765411377
2.595426040923834,1.1092334208088517,13.864433765411377
2.595426040923834,1.1092334208088517,13.864433765411377
2.6159502967275707,1.1304398241981006,13.864433765411377
2.6159502967275707,1.1304398241981006,13.864433765411377
2.6159502967275707,1.1304398241981006,13.864433765411377
2.6159502967275707,1.1304398241981006,13.864433765411377
2.6159502967275707,1.1304398241981006,13.864433765411377
2.48392618507932,1.1234975894731318,13.864433765411377
2.48392618507932,1.1234975894731318,13.864433765411377
2.48392618507932,1.1234975894731318,13.864433765411377
2.48392618507932,1.1234975894731318,13.864433765411377
2.48392618507932,1.1234975894731318,13.864433765411377
2.465419107261904,1.141894135345482,13.864433765411377
2.465419107261904,1.141894135345482,13.864433765411377
2.465419107261904,1.141894135345482,13.864433765411377
2.465419107261904,1.141894135345482,13.864433765411377
2.463654578026533,1.174172611002208,13.864433765411377
2.463654578026533,1.174172611002208,13.864433765411377
2.463654578026533,1.174172611002208,13.864433765411377
2.463654578026533,1.174172611002208,13.864433765411377
2.463654578026533,1.174172611002208,13.864433765411377
2.463654578026533,1.174172611002208,13.864433765411377
2.4330674148268545,1.1845468362283957,13.864433765411377
2.4330674148268545,1.1845468362283957,13.864433765411377
2.4330674148268545,1.1845468362283957,13.864433765411377
2.4330674148268545,1.1845468362283957,13.864433765411377
2.4330674148268545,1.1845468362283957,13.864433765411377
2.48793938111519,1.2468190350706874,13.864433765411377
2.48793938111519,1.2468190350706874,13.864433765411377
2.48793938111519,1.2468190350706874,13.864433765411377
2.48793938111519,1.2468190350706874,13.864433765411377
2.48793938111519,1.2468190350706874,13.864433765411377
2.5371001130727135,1.2923959251208026,13.864433765411377
2.5371001130727135,1.2923959251208026,13.864433765411377
2.5371001130727135,1.2923959251208026,13.864433765411377
2.5371001130727135,1.2923959251208026,13.864433765411377
2.5371001130727135,1.2923959251208026,13.864433765411377
2.4706747608701787,1.306606327580398,13.864433765411377
2.4706747608701787,1.306606327580398,13.864433765411377
2.4706747608701787,1.306606327580398,13.864433765411377
2.4706747608701787,1.306606327580398,13.864433765411377
2.4706747608701787,1.306606327580398,13.864433765411377
2.4782235152092595,1.3366567147832316,13.864433765411377
2.4782235152092595,1.3366567147832316,13.864433765411377
2.4782235152092595,1.3366567147832316,13.864433765411377
2.4782235152092595,1.3366567147832316,13.864433765411377
2.4782235152092595,1.3366567147832316,13.864433765411377
2.4782235152092595,1.3366567147832316,13.864433765411377
2.393762242330617,1.328029081431663,13.864433765411377
2.393762242330617,1.328029081431663,13.864433765411377
2.393762242330617,1.328029081431663,13.864433765411377
2.393762242330617,1.328029081431663,13.864433765411377
2.393762242330617,1.328029081431663,13.864433765411377
2.393762242330617,1.328029081431663,13.864433765411377
2.364577469692775,1.353635973224275,13.864433765411377
2.364577469692775,1.353635973224275,13.864433765411377
2.364577469692775,1.353635973224275,13.864433765411377
2.364577469692775,1.353635973224275,13.864433765411377
2.364577469692775,1.353635973224275,13.864433765411377
2.3207485686523683,1.37200975107221,13.864433765411377
2.3207485686523683,1.37200975107221,13.864433765411377
2.3207485686523683,1.37200975107221,13.864433765411377
2.3207485686523683,1.37200975107221,13.864433765411377
2.3207485686523683,1.37200975107221,13.864433765411377
2.304683293634288,1.391923479743832,13.864433765411377
2.304683293634288,1.391923479743832,13.864433765411377
2.304683293634288,1.391923479743832,13.864433765411377
2.304683293634288,1.391923479743832,13.864433765411377
2.304683293634288,1.391923479743832,13.864433765411377
2.3116846821102377,1.4086164601279525,13.864433765411377
2.3116846821102377,1.4086164601279525,13.864433765411377
2.3116846821102377,1.4086164601279525,13.864433765411377
2.3116846821102377,1.4086164601279525,13.864433765411377
2.3116846821102377,1.4086164601279525,13.864433765411377
2.2380396511071066,1.4104863380054675,13.864433765411377
2.2380396511071066,1.4104863380054675,13.864433765411377
2.2380396511071066,1.4104863380054675,13.864433765411377
2.2380396511071066,1.4104863380054675,13.864433765411377
2.2380396511071066,1.4104863380054675,13.864433765411377
2.2380396511071066,1.4104863380054675,13.864433765411377
2.2198423120593755,1.4196426843371401,13.864433765411377
2.2198423120593755,1.4196426843371401,13.864433765411377
2.2198423120593755,1.4196426843371401,13.864433765411377
2.2198423120593755,1.4196426843371401,13.864433765411377
2.234292761444334,1.4500111071191344,13.864433765411377
2.234292761444334,1.4500111071191344,13.864433765411377
2.234292761444334,1.4500111071191344,13.864433765411377
2.234292761444334,1.4500111071191344,13.864433765411377
2.234292761444334,1.4500111071191344,13.864433765411377
2.247064112522454,1.4542140169407178,13.864433765411377
2.247064112522454,1.4542140169407178,13.864433765411377
2.247064112522454,1.4542140169407178,13.864433765411377
2.247064112522454,1.4542140169407178,13.864433765411377
2.247064112522454,1.4542140169407178,13.864433765411377
2.2923581076998523,1.4111788905087037,13.864433765411377
2.2923581076998523,1.4111788905087037,13.864433765411377
2.2923581076998523,1.4111788905087037,13.864433765411377
2.2923581076998523,1.4111788905087037,13.864433765411377
2.2923581076998523,1.4111788905087037,13.864433765411377
2.2923581076998523,1.4111788905087037,13.864433765411377
2.0902960139362645,1.3127305451115112,13.864433765411377
2.0902960139362645,1.3127305451115112,13.864433765411377
2.0902960139362645,1.3127305451115112,13.864433765411377
2.0902960139362645,1.3127305451115112,13.864433765411377
2.0902960139362645,1.3127305451115112,13.864433765411377
1.9128062579273857,1.225262547722596,13.864433765411377
1.9128062579273857,1.225262547722596,13.864433765411377
1.9128062579273857,1.225262547722596,13.864433765411377
1.9128062579273857,1.225262547722596,13.864433765411377
1.9128062579273857,1.225262547722596,13.864433765411377
1.8232017441114747,1.1503972184785738,13.864433765411377
1.8232017441114747,1.1503972184785738,13.864433765411377
1.8232017441114747,1.1503972184785738,13.864433765411377
1.8232017441114747,1.1503972184785738,13.864433765411377
1.8232017441114747,1.1503972184785738,13.864433765411377
1.6496866853251952,1.0659751256552188,13.864433765411377
1.6496866853251952,1.0659751256552188,13.864433765411377
1.6496866853251952,1.0659751256552188,13.864433765411377
1.6496866853251952,1.0659751256552188,13.864433765411377
1.6496866853251952,1.0659751256552188,13.864433765411377
1.622014076144995,1.0454625235928439,13.864433765411377
1.622014076144995,1.0454625235928439,13.864433765411377
1.622014076144995,1.0454625235928439,13.864433765411377
1.622014076144995,1.0454625235928439,13.864433765411377
1.622014076144995,1.0454625235928439,13.864433765411377
1.6515324940943668,1.0548890812628422,13.864433765411377
1.6515324940943668,1.0548890812628422,13.864433765411377
1.6515324940943668,1.0548890812628422,13.864433765411377
1.6515324940943668,1.0548890812628422,13.864433765411377
1.6515324940943668,1.0548890812628422,13.864433765411377
1.6515324940943668,1.0548890812628422,13.864433765411377
1.6675934138835702,1.0589989603480676,13.864433765411377
1.6675934138835702,1.0589989603480676,13.864433765411377
1.6675934138835702,1.0589989603480676,13.864433765411377
1.6675934138835702,1.0589989603480676,13.864433765411377
1.6675934138835702,1.0589989603480676,13.864433765411377
1.669425119130509,1.059269391490753,13.864433765411377
1.669425119130509,1.059269391490753,13.864433765411377
1.669425119130509,1.059269391490753,13.864433765411377
1.669425119130509,1.059269391490753,13.864433765411377
1.669425119130509,1.059269391490753,13.864433765411377
1.6899004450183843,1.0553408518979435,13.864433765411377
1.6899004450183843,1.0553408518979435,13.864433765411377
1.6899004450183843,1.0553408518979435,13.864433765411377
1.6899004450183843,1.0553408518979435,13.864433765411377
1.6899004450183843,1.0553408518979435,13.864433765411377
1.7256232654397785,1.0581140487522454,13.864433765411377
1.7256232654397785,1.0581140487522454,13.864433765411377
1.7256232654397785,1.0581140487522454,13.864433765411377
1.7256232654397785,1.0581140487522454,13.864433765411377
1.7256232654397785,1.0581140487522454,13.864433765411377
1.7098508043240495,1.0555411211555406,13.864433765411377
1.7098508043240495,1.0555411211555406,13.864433765411377
1.7098508043240495,1.0555411211555406,13.864433765411377
1.7098508043240495,1.0555411211555406,13.864433765411377
1.7098508043240495,1.0555411211555406,13.864433765411377
1.7098508043240495,1.0555411211555406,13.864433765411377
1.6974835611068313,1.0359658705667996,13.864433765411377
1.6974835611068313,1.0359658705667996,13.864433765411377
1.6974835611068313,1.0359658705667996,13.864433765411377
1.6974835611068313,1.0359658705667996,13.864433765411377
1.6974835611068313,1.0359658705667996,13.864433765411377
1.7661990731738866,1.0271444209728748,13.864433765411377
1.7661990731738866,1.0271444209728748,13.864433765411377
1.7661990731738866,1.0271444209728748,13.864433765411377
1.7661990731738866,1.0271444209728748,13.864433765411377
1.7661990731738866,1.0271444209728748,13.864433765411377
1.7372292672333636,1.0053667840871288,13.864433765411377
1.7372292672333636,1.0053667840871288,13.864433765411377
1.7372292672333636,1.0053667840871288,13.864433765411377
1.7372292672333636,1.0053667840871288,13.864433765411377
1.7372292672333636,1.0053667840871288,13.864433765411377
1.7503436817368758,1.0021355053665486,13.864433765411377
1.7503436817368758,1.0021355053665486,13.864433765411377
1.7503436817368758,1.0021355053665486,13.864433765411377
1.7503436817368758,1.0021355053665486,13.864433765411377
1.7503436817368758,1.0021355053665486,13.864433765411377
1.7774318865711307,0.9751079146221037,13.864433765411377
1.7774318865711307,0.9751079146221037,13.864433765411377
1.7774318865711307,0.9751079146221037,13.864433765411377
1.7774318865711307,0.9751079146221037,13.864433765411377
1.7774318865711307,0.9751079146221037,13.864433765411377
1.7774318865711307,0.9751079146221037,13.864433765411377
1.7629169343441151,0.960228477248623,13.864433765411377
1.7629169343441151,0.960228477248623,13.864433765411377
1.7629169343441151,0.960228477248623,13.864433765411377
1.7629169343441151,0.960228477248623,13.864433765411377
1.7629169343441151,0.960228477248623,13.864433765411377
1.7944744571911713,0.9553886131649706,13.864433765411377
1.7944744571911713,0.9553886131649706,13.864433765411377
1.7944744571911713,0.9553886131649706,13.864433765411377
1.7944744571911713,0.9553886131649706,13.864433765411377
1.7944744571911713,0.9553886131649706,13.864433765411377
1.830860193510061,0.9277449762848068,13.864433765411377
1.830860193510061,0.9277449762848068,13.864433765411377
1.830860193510061,0.9277449762848068,13.864433765411377
1.830860193510061,0.9277449762848068,13.864433765411377
1.830860193510061,0.9277449762848068,13.864433765411377
1.828143699124856,0.9014675022726396,13.864433765411377
1.828143699124856,0.9014675022726396,13.864433765411377
1.828143699124856,0.9014675022726396,13.864433765411377
1.828143699124856,0.9014675022726396,13.864433765411377
1.828143699124856,0.9014675022726396,13.864433765411377
1.828143699124856,0.9014675022726396,13.864433765411377
1.8431215074134166,0.9031723585821697,13.864433765411377
1.8431215074134166,0.9031723585821697,13.864433765411377
1.8431215074134166,0.9031723585821697,13.864433765411377
1.8431215074134166,0.9031723585821697,13.864433765411377
1.8431215074134166,0.9031723585821697,13.864433765411377
1.899928328305026,0.8768721871567333,13.864433765411377
1.899928328305026,0.8768721871567333,13.864433765411377
1.899928328305026,0.8768721871567333,13.864433765411377
1.899928328305026,0.8768721871567333,13.864433765411377
1.899928328305026,0.8768721871567333,13.864433765411377
1.9413756198619314,0.870755314661693,13.864433765411377
1.9413756198619314,0.870755314661693,13.864433765411377
1.9413756198619314,0.870755314661693,13.864433765411377
1.9413756198619314,0.870755314661693,13.864433765411377
1.9413756198619314,0.870755314661693,13.864433765411377
1.9413756198619314,0.870755314661693,13.864433765411377
1.9524284449482645,0.8498717382094862,13.864433765411377
1.9524284449482645,0.8498717382094862,13.864433765411377
1.9524284449482645,0.8498717382094862,13.864433765411377
1.9524284449482645,0.8498717382094862,13.864433765411377
1.9524284449482645,0.8498717382094862,13.864433765411377
1.9390106199714081,0.8115503885646379,13.864433765411377
1.9390106199714081,0.8115503885646379,13.864433765411377
1.9390106199714081,0.8115503885646379,13.864433765411377
1.9390106199714081,0.8115503885646379,13.864433765411377
1.9390106199714081,0.8115503885646379,13.864433765411377
1.9390106199714081,0.8115503885646379,13.864433765411377
2.0212085860459967,0.8085863864900987,13.864433765411377
2.0212085860459967,0.8085863864900987,13.864433765411377
2.0212085860459967,0.8085863864900987,13.864433765411377
2.0212085860459967,0.8085863864900987,13.864433765411377
2.0212085860459967,0.8085863864900987,13.864433765411377
2.0610269883907852,0.7821909520270058,13.864433765411377
2.0610269883907852,0.7821909520270058,13.864433765411377
2.0610269883907852,0.7821909520270058,13.864433765411377
2.0610269883907852,0.7821909520270058,13.864433765411377
2.0610269883907852,0.7821909520270058,13.864433765411377
2.0957127645657567,0.769662678667434,13.864433765411377
2.0957127645657567,0.769662678667434,13.864433765411377
2.0957127645657567,0.769662678667434,13.864433765411377
2.0957127645657567,0.769662678667434,13.864433765411377
2.0957127645657567,0.769662678667434,13.864433765411377
2.0957127645657567,0.769662678667434,13.864433765411377
2.0802116681834635,0.7237525849507351,13.864433765411377
2.0802116681834635,0.7237525849507351,13.864433765411377
2.0802116681834635,0.7237525849507351,13.864433765411377
2.0802116681834635,0.7237525849507351,13.864433765411377
2.0802116681834635,0.7237525849507351,13.864433765411377
2.0862876169035207,0.6981334025974274,13.864433765411377
2.0862876169035207,0.6981334025974274,13.864433765411377
2.0862876169035207,0.6981334025974274,13.864433765411377
2.0862876169035207,0.6981334025974274,13.864433765411377
2.0862876169035207,0.6981334025974274,13.864433765411377
2.0862876169035207,0.6981334025974274,13.864433765411377
2.1621860222395335,0.6890809511860195,13.864433765411377
2.1621860222395335,0.6890809511860195,13.864433765411377
2.1621860222395335,0.6890809511860195,13.864433765411377
2.1621860222395335,0.6890809511860195,13.864433765411377
2.1621860222395335,0.6890809511860195,13.864433765411377
2.2201239826823147,0.6753966945624312,13.864433765411377
2.2201239826823147,0.6753966945624312,13.864433765411377
2.2201239826823147,0.6753966945624312,13.864433765411377
2.2201239826823147,0.6753966945624312,13.864433765411377
2.2201239826823147,0.6753966945624312,13.864433765411377
2.1767960218028026,0.6283495138591328,13.864433765411377
2.1767960218028026,0.6283495138591328,13.864433765411377
2.1767960218028026,0.6283495138591328,13.864433765411377
2.1767960218028026,0.6283495138591328,13.864433765411377
2.1767960218028026,0.6283495138591328,13.864433765411377
2.1767960218028026,0.6283495138591328,13.864433765411377
2.211810410818713,0.583266375025863,13.864433765411377
2.211810410818713,0.583266375025863,13.864433765411377
2.211810410818713,0.583266375025863,13.864433765411377
2.211810410818713,0.583266375025863,13.864433765411377
2.211810410818713,0.583266375025863,13.864433765411377
2.211810410818713,0.583266375025863,13.864433765411377
2.180502800918386,0.5395156970056099,13.864433765411377
2.180502800918386,0.5395156970056099,13.864433765411377
2.180502800918386,0.5395156970056099,13.864433765411377
2.180502800918386,0.5395156970056099,13.864433765411377
2.180502800918386,0.5395156970056099,13.864433765411377
2.180502800918386,0.5395156970056099,13.864433765411377
2.1830724904865417,0.508654784685007,13.864433765411377
2.1830724904865417,0.508654784685007,13.864433765411377
2.1830724904865417,0.508654784685007,13.864433765411377
2.1830724904865417,0.508654784685007,13.864433765411377
2.1830724904865417,0.508654784685007,13.864433765411377
2.212481226888215,0.4820667637200226,13.864433765411377
2.212481226888215,0.4820667637200226,13.864433765411377
2.212481226888215,0.4820667637200226,13.864433765411377
2.212481226888215,0.4820667637200226,13.864433765411377
2.212481226888215,0.4820667637200226,13.864433765411377
2.212481226888215,0.4820667637200226,13.864433765411377
2.259926407554088,0.4340486631635751,13.864433765411377
2.259926407554088,0.4340486631635751,13.864433765411377
2.259926407554088,0.4340486631635751,13.864433765411377
2.259926407554088,0.4340486631635751,13.864433765411377
2.259926407554088,0.4340486631635751,13.864433765411377
2.259926407554088,0.4340486631635751,13.864433765411377
2.27404405306254,0.40099482662443725,13.864433765411377
2.27404405306254,0.40099482662443725,13.864433765411377
2.27404405306254,0.40099482662443725,13.864433765411377
2.27404405306254,0.40099482662443725,13.864433765411377
2.27404405306254,0.40099482662443725,13.864433765411377
2.27404405306254,0.40099482662443725,13.864433765411377
2.373737487374505,0.403746238742421,13.864433765411377
2.373737487374505,0.403746238742421,13.864433765411377
2.373737487374505,0.403746238742421,13.864433765411377
2.373737487374505,0.403746238742421,13.864433765411377
2.373737487374505,0.403746238742421,13.864433765411377
2.4861945478517273,0.3880934770102619,13.864433765411377
2.4861945478517273,0.3880934770102619,13.864433765411377
2.4861945478517273,0.3880934770102619,13.864433765411377
2.4861945478517273,0.3880934770102619,13.864433765411377
2.4861945478517273,0.3880934770102619,13.864433765411377
2.4861945478517273,0.3880934770102619,13.864433765411377
2.4975991854242574,0.3499420065317545,13.864433765411377
2.4975991854242574,0.3499420065317545,13.864433765411377
2.4975991854242574,0.3499420065317545,13.864433765411377
2.4975991854242574,0.3499420065317545,13.864433765411377
2.4975991854242574,0.3499420065317545,13.864433765411377
2.5834813892517796,0.3395469255067408,13.864433765411377
2.5834813892517796,0.3395469255067408,13.864433765411377
2.5834813892517796,0.3395469255067408,13.864433765411377
2.5834813892517796,0.3395469255067408,13.864433765411377
2.5834813892517796,0.3395469255067408,13.864433765411377
2.5834813892517796,0.3395469255067408,13.864433765411377
2.497463180043312,0.2847678654688399,13.864433765411377
2.497463180043312,0.2847678654688399,13.864433765411377
2.497463180043312,0.2847678654688399,13.864433765411377
2.497463180043312,0.2847678654688399,13.864433765411377
2.497463180043312,0.2847678654688399,13.864433765411377
2.497463180043312,0.2847678654688399,13.864433765411377
2.5371565594137286,0.27417649740444217,13.864433765411377
2.5371565594137286,0.27417649740444217,13.864433765411377
2.5371565594137286,0.27417649740444217,13.864433765411377
2.5371565594137286,0.27417649740444217,13.864433765411377
2.5371565594137286,0.27417649740444217,13.864433765411377
2.5371565594137286,0.27417649740444217,13.864433765411377
2.480172405839002,0.2064963606693619,13.864433765411377
2.480172405839002,0.2064963606693619,13.864433765411377
2.480172405839002,0.2064963606693619,13.864433765411377
2.480172405839002,0.2064963606693619,13.864433765411377
2.480172405839002,0.2064963606693619,13.864433765411377
2.556295342578392,0.18000067373316708,13.864433765411377
2.556295342578392,0.18000067373316708,13.864433765411377
2.556295342578392,0.18000067373316708,13.864433765411377
2.556295342578392,0.18000067373316708,13.864433765411377
2.556295342578392,0.18000067373316708,13.864433765411377
2.556295342578392,0.18000067373316708,13.864433765411377
2.6154274543071905,0.17014018010741724,13.864433765411377
2.6154274543071905,0.17014018010741724,13.864433765411377
2.6154274543071905,0.17014018010741724,13.864433765411377
2.6154274543071905,0.17014018010741724,13.864433765411377
2.6154274543071905,0.17014018010741724,13.864433765411377
2.6154274543071905,0.17014018010741724,13.864433765411377
2.6343730921213018,0.12779839740973276,13.864433765411377
2.6343730921213018,0.12779839740973276,13.864433765411377
2.6343730921213018,0.12779839740973276,13.864433765411377
2.6343730921213018,0.12779839740973276,13.864433765411377
2.6343730921213018,0.12779839740973276,13.864433765411377
2.73235771731411,0.11758143427062656,13.864433765411377
2.73235771731411,0.11758143427062656,13.864433765411377
2.73235771731411,0.11758143427062656,13.864433765411377
2.73235771731411,0.11758143427062656,13.864433765411377
2.73235771731411,0.11758143427062656,13.864433765411377
2.73235771731411,0.11758143427062656,13.864433765411377
2.6857267301575285,0.07645479435961815,13.864433765411377
2.6857267301575285,0.07645479435961815,13.864433765411377
2.6857267301575285,0.07645479435961815,13.864433765411377
2.6857267301575285,0.07645479435961815,13.864433765411377
2.6857267301575285,0.07645479435961815,13.864433765411377
2.6857267301575285,0.07645479435961815,13.864433765411377
2.7669224279415414,0.07155203520357067,13.864433765411377
2.7669224279415414,0.07155203520357067,13.864433765411377
2.7669224279415414,0.07155203520357067,13.864433765411377
2.7669224279415414,0.07155203520357067,13.864433765411377
2.7669224279415414,0.07155203520357067,13.864433765411377
2.7931791546710523,0.03746478956983861,13.864433765411377
2.7931791546710523,0.03746478956983861,13.864433765411377
2.7931791546710523,0.03746478956983861,13.864433765411377
2.7931791546710523,0.03746478956983861,13.864433765411377
2.7931791546710523,0.03746478956983861,13.864433765411377
2.7931791546710523,0.03746478956983861,13.864433765411377
2.6991046158726393,-0.016191065097688338,13.864433765411377
2.6991046158726393,-0.016191065097688338,13.864433765411377
2.6991046158726393,-0.016191065097688338,13.864433765411377
2.6991046158726393,-0.016191065097688338,13.864433765411377
2.6991046158726393,-0.016191065097688338,13.864433765411377
2.739830395854782,-0.037681261479013566,13.864433765411377
2.739830395854782,-0.037681261479013566,13.864433765411377
2.739830395854782,-0.037681261479013566,13.864433765411377
2.739830395854782,-0.037681261479013566,13.864433765411377
2.739830395854782,-0.037681261479013566,13.864433765411377
2.739830395854782,-0.037681261479013566,13.864433765411377
2.6835175649710865,-0.07646086615531121,13.864433765411377
2.6835175649710865,-0.07646086615531121,13.864433765411377
2.6835175649710865,-0.07646086615531121,13.864433765411377
2.6835175649710865,-0.07646086615531121,13.864433765411377
2.6835175649710865,-0.07646086615531121,13.864433765411377
2.6835175649710865,-0.07646086615531121,13.864433765411377
2.6648341468610384,-0.1187844592431044,13.864433765411377
2.6648341468610384,-0.1187844592431044,13.864433765411377
2.6648341468610384,-0.1187844592431044,13.864433765411377
2.6648341468610384,-0.1187844592431044,13.864433765411377
2.6648341468610384,-0.1187844592431044,13.864433765411377
2.619222609326767,-0.1517877688014735,13.864433765411377
2.619222609326767,-0.1517877688014735,13.864433765411377
2.619222609326767,-0.1517877688014735,13.864433765411377
2.619222609326767,-0.1517877688014735,13.864433765411377
2.619222609326767,-0.1517877688014735,13.864433765411377
2.4866080302451694,-0.1999771087631554,13.864433765411377
2.4866080302451694,-0.1999771087631554,13.864433765411377
2.4866080302451694,-0.1999771087631554,13.864433765411377
2.4866080302451694,-0.1999771087631554,13.864433765411377
2.4866080302451694,-0.1999771087631554,13.864433765411377
2.239556581298685,-0.28599607350722495,13.864433765411377
2.239556581298685,-0.28599607350722495,13.864433765411377
2.239556581298685,-0.28599607350722495,13.864433765411377
2.239556581298685,-0.28599607350722495,13.864433765411377
2.239556581298685,-0.28599607350722495,13.864433765411377
2.769221256977553,-0.11272121700552566,13.864433765411377
2.769221256977553,-0.11272121700552566,13.864433765411377
2.769221256977553,-0.11272121700552566,13.864433765411377
2.769221256977553,-0.11272121700552566,13.864433765411377
2.769221256977553,-0.11272121700552566,13.864433765411377
2.769221256977553,-0.11272121700552566,13.864433765411377
2.5392497420991678,-0.13136828060769512,13.864433765411377
2.5392497420991678,-0.13136828060769512,13.864433765411377
2.5392497420991678,-0.13136828060769512,13.864433765411377
2.5392497420991678,-0.13136828060769512,13.864433765411377
2.5392497420991678,-0.13136828060769512,13.864433765411377
2.4394164410550294,-0.12993356967739278,13.864433765411377
2.4394164410550294,-0.12993356967739278,13.864433765411377
2.4394164410550294,-0.12993356967739278,13.864433765411377
2.4394164410550294,-0.12993356967739278,13.864433765411377
2.4394164410550294,-0.12993356967739278,13.864433765411377
2.2970647161086655,-0.14619118127959524,13.864433765411377
2.2970647161086655,-0.14619118127959524,13.864433765411377
2.2970647161086655,-0.14619118127959524,13.864433765411377
2.2970647161086655,-0.14619118127959524,13.864433765411377
2.2970647161086655,-0.14619118127959524,13.864433765411377
2.2970647161086655,-0.14619118127959524,13.864433765411377
2.331217931166813,-0.14546110327338097,13.864433765411377
2.331217931166813,-0.14546110327338097,13.864433765411377
2.331217931166813,-0.14546110327338097,13.864433765411377
2.331217931166813,-0.14546110327338097,13.864433765411377
2.331217931166813,-0.14546110327338097,13.864433765411377
2.331217931166813,-0.14546110327338097,13.864433765411377
2.3798690488874277,-0.13822839386725835,13.864433765411377
2.3798690488874277,-0.13822839386725835,13.864433765411377
2.3798690488874277,-0.13822839386725835,13.864433765411377
2.3798690488874277,-0.13822839386725835,13.864433765411377
2.3798690488874277,-0.13822839386725835,13.864433765411377
2.373521766037828,-0.14085584981877078,13.864433765411377
2.373521766037828,-0.14085584981877078,13.864433765411377
2.373521766037828,-0.14085584981877078,13.864433765411377
2.373521766037828,-0.14085584981877078,13.864433765411377
2.373521766037828,-0.14085584981877078,13.864433765411377
2.386642940947303,-0.1385549887630565,13.864433765411377
2.386642940947303,-0.1385549887630565,13.864433765411377
2.386642940947303,-0.1385549887630565,13.864433765411377
2.386642940947303,-0.1385549887630565,13.864433765411377
2.386642940947303,-0.1385549887630565,13.864433765411377
2.3755473261484688,-0.14379621018995606,13.864433765411377
2.3755473261484688,-0.14379621018995606,13.864433765411377
2.3755473261484688,-0.14379621018995606,13.864433765411377
2.3755473261484688,-0.14379621018995606,13.864433765411377
2.3755473261484688,-0.14379621018995606,13.864433765411377
2.343839321746457,-0.15207141121985082,13.864433765411377
2.343839321746457,-0.15207141121985082,13.864433765411377
2.343839321746457,-0.15207141121985082,13.864433765411377
2.343839321746457,-0.15207141121985082,13.864433765411377
2.343839321746457,-0.15207141121985082,13.864433765411377
2.3321805849101103,-0.14809263665341274,13.864433765411377
2.3321805849101103,-0.14809263665341274,13.864433765411377
2.3321805849101103,-0.14809263665341274,13.864433765411377
2.3321805849101103,-0.14809263665341274,13.864433765411377
2.3321805849101103,-0.14809263665341274,13.864433765411377
2.3321805849101103,-0.14809263665341274,13.864433765411377
2.376480115784281,-0.1523871534091415,13.864433765411377
2.376480115784281,-0.1523871534091415,13.864433765411377
2.376480115784281,-0.1523871534091415,13.864433765411377
2.376480115784281,-0.1523871534091415,13.864433765411377
2.376480115784281,-0.1523871534091415,13.864433765411377
2.4140326706916753,-0.12209029498984451,13.864433765411377
2.4140326706916753,-0.12209029498984451,13.864433765411377
2.4140326706916753,-0.12209029498984451,13.864433765411377
2.4140326706916753,-0.12209029498984451,13.864433765411377
2.4140326706916753,-0.12209029498984451,13.864433765411377
2.422081838680797,-0.12766229028493162,13.864433765411377
2.422081838680797,-0.12766229028493162,13.864433765411377
2.422081838680797,-0.12766229028493162,13.864433765411377
2.422081838680797,-0.12766229028493162,13.864433765411377
2.422081838680797,-0.12766229028493162,13.864433765411377
2.459506397794367,-0.1160767145336919,13.864433765411377
2.459506397794367,-0.1160767145336919,13.864433765411377
2.459506397794367,-0.1160767145336919,13.864433765411377
2.459506397794367,-0.1160767145336919,13.864433765411377
2.459506397794367,-0.1160767145336919,13.864433765411377
2.49468689513779,-0.11260163323856641,13.864433765411377
2.49468689513779,-0.11260163323856641,13.864433765411377
2.49468689513779,-0.11260163323856641,13.864433765411377
2.49468689513779,-0.11260163323856641,13.864433765411377
2.49468689513779,-0.11260163323856641,13.864433765411377
2.601299174862539,-0.06519522725958851,13.864433765411377
2.601299174862539,-0.06519522725958851,13.864433765411377
2.601299174862539,-0.06519522725958851,13.864433765411377
2.601299174862539,-0.06519522725958851,13.864433765411377
2.601299174862539,-0.06519522725958851,13.864433765411377
2.601299174862539,-0.06519522725958851,13.864433765411377
2.5967673799329076,-0.06793714351548118,13.864433765411377
2.5967673799329076,-0.06793714351548118,13.864433765411377
2.5967673799329076,-0.06793714351548118,13.864433765411377
2.5967673799329076,-0.06793714351548118,13.864433765411377
2.5967673799329076,-0.06793714351548118,13.864433765411377
2.6042472939279135,-0.06051872831248488,13.864433765411377
2.6042472939279135,-0.06051872831248488,13.864433765411377
2.6042472939279135,-0.06051872831248488,13.864433765411377
2.6042472939279135,-0.06051872831248488,13.864433765411377
2.6042472939279135,-0.06051872831248488,13.864433765411377
2.6014756353624033,-0.07704626682417408,13.864433765411377
2.6014756353624033,-0.07704626682417408,13.864433765411377
2.6014756353624033,-0.07704626682417408,13.864433765411377
2.6014756353624033,-0.07704626682417408,13.864433765411377
2.6014756353624033,-0.07704626682417408,13.864433765411377
2.664354864551455,-0.03698221839915348,13.864433765411377
2.664354864551455,-0.03698221839915348,13.864433765411377
2.664354864551455,-0.03698221839915348,13.864433765411377
2.664354864551455,-0.03698221839915348,13.864433765411377
2.664354864551455,-0.03698221839915348,13.864433765411377
2.6874880317595586,-0.03324165306651915,13.864433765411377
2.6874880317595586,-0.03324165306651915,13.864433765411377
2.6874880317595586,-0.03324165306651915,13.864433765411377
2.6874880317595586,-0.03324165306651915,13.864433765411377
2.6874880317595586,-0.03324165306651915,13.864433765411377
2.709213147954243,-0.03323500327536614,13.864433765411377
2.709213147954243,-0.03323500327536614,13.864433765411377
2.709213147954243,-0.03323500327536614,13.864433765411377
2.709213147954243,-0.03323500327536614,13.864433765411377
2.709213147954243,-0.03323500327536614,13.864433765411377
2.709213147954243,-0.03323500327536614,13.864433765411377
2.7406921495125522,-0.00675087977976222,13.864433765411377
2.7406921495125522,-0.00675087977976222,13.864433765411377
2.7406921495125522,-0.00675087977976222,13.864433765411377
2.7406921495125522,-0.00675087977976222,13.864433765411377
2.7406921495125522,-0.00675087977976222,13.864433765411377
2.7297437408510605,0.011944428654929558,13.864433765411377
2.7297437408510605,0.011944428654929558,13.864433765411377
2.7297437408510605,0.011944428654929558,13.864433765411377
2.7297437408510605,0.011944428654929558,13.864433765411377
2.7297437408510605,0.011944428654929558,13.864433765411377
2.73100377356925,0.035575670079662294,13.864433765411377
2.73100377356925,0.035575670079662294,13.864433765411377
2.73100377356925,0.035575670079662294,13.864433765411377
2.73100377356925,0.035575670079662294,13.864433765411377
2.73100377356925,0.035575670079662294,13.864433765411377
2.73100377356925,0.035575670079662294,13.864433765411377
2.7682736083846367,0.057107142267883285,13.864433765411377
2.7682736083846367,0.057107142267883285,13.864433765411377
2.7682736083846367,0.057107142267883285,13.864433765411377
2.7682736083846367,0.057107142267883285,13.864433765411377
2.7682736083846367,0.057107142267883285,13.864433765411377
2.7682736083846367,0.057107142267883285,13.864433765411377
2.7933160124659278,0.08467642841330902,13.864433765411377
2.7933160124659278,0.08467642841330902,13.864433765411377
2.7933160124659278,0.08467642841330902,13.864433765411377
2.7933160124659278,0.08467642841330902,13.864433765411377
2.7933160124659278,0.08467642841330902,13.864433765411377
2.7933160124659278,0.08467642841330902,13.864433765411377
2.7425684567719433,0.09079823424740723,13.864433765411377
2.7425684567719433,0.09079823424740723,13.864433765411377
2.7425684567719433,0.09079823424740723,13.864433765411377
2.7425684567719433,0.09079823424740723,13.864433765411377
2.7425684567719433,0.09079823424740723,13.864433765411377
2.7460820823732783,0.11199114401139562,13.864433765411377
2.7460820823732783,0.11199114401139562,13.864433765411377
2.7460820823732783,0.11199114401139562,13.864433765411377
2.7460820823732783,0.11199114401139562,13.864433765411377
2.7460820823732783,0.11199114401139562,13.864433765411377
2.7460820823732783,0.11199114401139562,13.864433765411377
2.7460820823732783,0.11199114401139562,13.864433765411377
2.7470098562027925,0.12772518233651767,13.864433765411377
2.7470098562027925,0.12772518233651767,13.864433765411377
2.7470098562027925,0.12772518233651767,13.864433765411377
2.7470098562027925,0.12772518233651767,13.864433765411377
2.7470098562027925,0.12772518233651767,13.864433765411377
2.7470098562027925,0.12772518233651767,13.864433765411377
2.778504870447193,0.14653296031743152,13.864433765411377
2.778504870447193,0.14653296031743152,13.864433765411377
2.778504870447193,0.14653296031743152,13.864433765411377
2.778504870447193,0.14653296031743152,13.864433765411377
2.778504870447193,0.14653296031743152,13.864433765411377
2.814046145985868,0.18877368646743362,13.864433765411377
2.814046145985868,0.18877368646743362,13.864433765411377
2.814046145985868,0.18877368646743362,13.864433765411377
2.814046145985868,0.18877368646743362,13.864433765411377
2.814046145985868,0.18877368646743362,13.864433765411377
2.814046145985868,0.18877368646743362,13.864433765411377
2.8344791618553677,0.22070640205446165,13.864433765411377
2.8344791618553677,0.22070640205446165,13.864433765411377
2.8344791618553677,0.22070640205446165,13.864433765411377
2.8344791618553677,0.22070640205446165,13.864433765411377
2.8344791618553677,0.22070640205446165,13.864433765411377
2.8763811846329186,0.25382870192987383,13.864433765411377
2.8763811846329186,0.25382870192987383,13.864433765411377
2.8763811846329186,0.25382870192987383,13.864433765411377
2.8763811846329186,0.25382870192987383,13.864433765411377
2.8763811846329186,0.25382870192987383,13.864433765411377
2.8763811846329186,0.25382870192987383,13.864433765411377
2.8763811846329186,0.25382870192987383,13.864433765411377
2.8763811846329186,0.25382870192987383,13.864433765411377
2.9240389677557697,0.3044920664408516,13.864433765411377
2.9240389677557697,0.3044920664408516,13.864433765411377
2.9240389677557697,0.3044920664408516,13.864433765411377
2.9240389677557697,0.3044920664408516,13.864433765411377
2.9240389677557697,0.3044920664408516,13.864433765411377
2.9240389677557697,0.3044920664408516,13.864433765411377
2.992151723951511,0.35345020356060325,13.864433765411377
2.992151723951511,0.35345020356060325,13.864433765411377
2.992151723951511,0.35345020356060325,13.864433765411377
2.992151723951511,0.35345020356060325,13.864433765411377
2.992151723951511,0.35345020356060325,13.864433765411377
2.992151723951511,0.35345020356060325,13.864433765411377
3.0554718350799046,0.40891402212055267,13.864433765411377
3.0554718350799046,0.40891402212055267,13.864433765411377
3.0554718350799046,0.40891402212055267,13.864433765411377
3.0554718350799046,0.40891402212055267,13.864433765411377
3.0554718350799046,0.40891402212055267,13.864433765411377
3.0554718350799046,0.40891402212055267,13.864433765411377
3.0701899147526652,0.444306198420398,13.864433765411377
3.0701899147526652,0.444306198420398,13.864433765411377
3.0701899147526652,0.444306198420398,13.864433765411377
3.0701899147526652,0.444306198420398,13.864433765411377
3.0701899147526652,0.444306198420398,13.864433765411377
3.0701899147526652,0.444306198420398,13.864433765411377
3.0862364028532348,0.4823153543270383,13.864433765411377
3.0862364028532348,0.4823153543270383,13.864433765411377
3.0862364028532348,0.4823153543270383,13.864433765411377
3.0862364028532348,0.4823153543270383,13.864433765411377
3.0862364028532348,0.4823153543270383,13.864433765411377
3.0862364028532348,0.4823153543270383,13.864433765411377
3.138906394167895,0.5240845457841121,13.864433765411377
3.138906394167895,0.5240845457841121,13.864433765411377
3.138906394167895,0.5240845457841121,13.864433765411377
3.138906394167895,0.5240845457841121,13.864433765411377
3.138906394167895,0.5240845457841121,13.864433765411377
3.2126759705409835,0.5845636487881463,13.864433765411377
3.2126759705409835,0.5845636487881463,13.864433765411377
3.2126759705409835,0.5845636487881463,13.864433765411377
3.2126759705409835,0.5845636487881463,13.864433765411377
3.2126759705409835,0.5845636487881463,13.864433765411377
3.2126759705409835,0.5845636487881463,13.864433765411377
3.256571291995422,0.6300141680462981,13.864433765411377
3.256571291995422,0.6300141680462981,13.864433765411377
3.256571291995422,0.6300141680462981,13.864433765411377
3.256571291995422,0.6300141680462981,13.864433765411377
3.256571291995422,0.6300141680462981,13.864433765411377
3.256571291995422,0.6300141680462981,13.864433765411377
3.2372159425437053,0.6637627040925786,13.864433765411377
3.2372159425437053,0.6637627040925786,13.864433765411377
3.2372159425437053,0.6637627040925786,13.864433765411377
3.2372159425437053,0.6637627040925786,13.864433765411377
3.2372159425437053,0.6637627040925786,13.864433765411377
3.2372159425437053,0.6637627040925786,13.864433765411377
3.2393982592346653,0.6977013101009909,13.864433765411377
3.2393982592346653,0.6977013101009909,13.864433765411377
3.2393982592346653,0.6977013101009909,13.864433765411377
3.2393982592346653,0.6977013101009909,13.864433765411377
3.2393982592346653,0.6977013101009909,13.864433765411377
3.2393982592346653,0.6977013101009909,13.864433765411377
3.2001251433931137,0.7327594171319731,13.864433765411377
3.2001251433931137,0.7327594171319731,13.864433765411377
3.2001251433931137,0.7327594171319731,13.864433765411377
3.2001251433931137,0.7327594171319731,13.864433765411377
3.2001251433931137,0.7327594171319731,13.864433765411377
3.2001251433931137,0.7327594171319731,13.864433765411377
3.1613063761791445,0.754602393436414,13.864433765411377
3.1613063761791445,0.754602393436414,13.864433765411377
3.1613063761791445,0.754602393436414,13.864433765411377
3.1613063761791445,0.754602393436414,13.864433765411377
3.1613063761791445,0.754602393436414,13.864433765411377
3.1613063761791445,0.754602393436414,13.864433765411377
3.166153326339703,0.7881018834797944,13.864433765411377
3.166153326339703,0.7881018834797944,13.864433765411377
3.166153326339703,0.7881018834797944,13.864433765411377
3.166153326339703,0.7881018834797944,13.864433765411377
3.166153326339703,0.7881018834797944,13.864433765411377
3.1753708025120497,0.8472510649424309,13.864433765411377
3.1753708025120497,0.8472510649424309,13.864433765411377
3.1753708025120497,0.8472510649424309,13.864433765411377
3.1753708025120497,0.8472510649424309,13.864433765411377
3.1753708025120497,0.8472510649424309,13.864433765411377
3.1753708025120497,0.8472510649424309,13.864433765411377
3.1966574341056853,0.8933521603491984,13.864433765411377
3.1966574341056853,0.8933521603491984,13.864433765411377
3.1966574341056853,0.8933521603491984,13.864433765411377
3.1966574341056853,0.8933521603491984,13.864433765411377
3.1966574341056853,0.8933521603491984,13.864433765411377
3.1966574341056853,0.8933521603491984,13.864433765411377
3.146288631009126,0.918250112665046,13.864433765411377
3.146288631009126,0.918250112665046,13.864433765411377
3.146288631009126,0.918250112665046,13.864433765411377
3.146288631009126,0.918250112665046,13.864433765411377
3.146288631009126,0.918250112665046,13.864433765411377
3.146288631009126,0.918250112665046,13.864433765411377
3.1576539456256403,0.9700871029340233,13.864433765411377
3.1576539456256403,0.9700871029340233,13.864433765411377
3.1576539456256403,0.9700871029340233,13.864433765411377
3.1576539456256403,0.9700871029340233,13.864433765411377
3.1576539456256403,0.9700871029340233,13.864433765411377
3.1451007718801827,1.0021695632983494,13.864433765411377
3.1451007718801827,1.0021695632983494,13.864433765411377
3.1451007718801827,1.0021695632983494,13.864433765411377
3.1451007718801827,1.0021695632983494,13.864433765411377
3.1451007718801827,1.0021695632983494,13.864433765411377
3.1451007718801827,1.0021695632983494,13.864433765411377
3.170021578342397,1.043275611779691,13.864433765411377
3.170021578342397,1.043275611779691,13.864433765411377
3.170021578342397,1.043275611779691,13.864433765411377
3.170021578342397,1.043275611779691,13.864433765411377
3.170021578342397,1.043275611779691,13.864433765411377
3.1787356491298446,1.084583576843318,13.864433765411377
3.1787356491298446,1.084583576843318,13.864433765411377
3.1787356491298446,1.084583576843318,13.864433765411377
3.1787356491298446,1.084583576843318,13.864433765411377
3.1787356491298446,1.084583576843318,13.864433765411377
3.178774968470068,1.1276631284281937,13.864433765411377
3.178774968470068,1.1276631284281937,13.864433765411377
3.178774968470068,1.1276631284281937,13.864433765411377
3.178774968470068,1.1276631284281937,13.864433765411377
3.178774968470068,1.1276631284281937,13.864433765411377
3.252143426572523,1.1824676910438374,13.864433765411377
3.252143426572523,1.1824676910438374,13.864433765411377
3.252143426572523,1.1824676910438374,13.864433765411377
3.252143426572523,1.1824676910438374,13.864433765411377
3.252143426572523,1.1824676910438374,13.864433765411377
3.2854545641144712,1.2326232377611634,13.864433765411377
3.2854545641144712,1.2326232377611634,13.864433765411377
3.2854545641144712,1.2326232377611634,13.864433765411377
3.2854545641144712,1.2326232377611634,13.864433765411377
3.2854545641144712,1.2326232377611634,13.864433765411377
3.290812827008585,1.2576141014537685,13.864433765411377
3.290812827008585,1.2576141014537685,13.864433765411377
3.290812827008585,1.2576141014537685,13.864433765411377
3.290812827008585,1.2576141014537685,13.864433765411377
3.290812827008585,1.2576141014537685,13.864433765411377
3.246401426916666,1.2798451005512907,13.864433765411377
3.246401426916666,1.2798451005512907,13.864433765411377
3.246401426916666,1.2798451005512907,13.864433765411377
3.246401426916666,1.2798451005512907,13.864433765411377
3.246401426916666,1.2798451005512907,13.864433765411377
3.270946953117616,1.3042973951665513,13.864433765411377
3.270946953117616,1.3042973951665513,13.864433765411377
3.270946953117616,1.3042973951665513,13.864433765411377
3.270946953117616,1.3042973951665513,13.864433765411377
3.270946953117616,1.3042973951665513,13.864433765411377
3.220271071548152,1.3096796904027777,13.864433765411377
3.220271071548152,1.3096796904027777,13.864433765411377
3.220271071548152,1.3096796904027777,13.864433765411377
3.220271071548152,1.3096796904027777,13.864433765411377
3.220271071548152,1.3096796904027777,13.864433765411377
3.2500326647449156,1.3480112913193076,13.864433765411377
3.2500326647449156,1.3480112913193076,13.864433765411377
3.2500326647449156,1.3480112913193076,13.864433765411377
3.2500326647449156,1.3480112913193076,13.864433765411377
3.2500326647449156,1.3480112913193076,13.864433765411377
3.253728893052871,1.3731121745436252,13.864433765411377
3.253728893052871,1.3731121745436252,13.864433765411377
3.253728893052871,1.3731121745436252,13.864433765411377
3.253728893052871,1.3731121745436252,13.864433765411377
3.253728893052871,1.3731121745436252,13.864433765411377
3.1997005353872674,1.3994055539771137,13.864433765411377
3.1997005353872674,1.3994055539771137,13.864433765411377
3.1997005353872674,1.3994055539771137,13.864433765411377
3.1997005353872674,1.3994055539771137,13.864433765411377
3.1997005353872674,1.3994055539771137,13.864433765411377
3.190525080331359,1.4414174440927732,13.864433765411377
3.190525080331359,1.4414174440927732,13.864433765411377
3.190525080331359,1.4414174440927732,13.864433765411377
3.190525080331359,1.4414174440927732,13.864433765411377
3.190525080331359,1.4414174440927732,13.864433765411377
3.190525080331359,1.4414174440927732,13.864433765411377
3.2184504658075177,1.483665465202792,13.864433765411377
3.2184504658075177,1.483665465202792,13.864433765411377
3.2184504658075177,1.483665465202792,13.864433765411377
3.2184504658075177,1.483665465202792,13.864433765411377
3.177347052920889,1.5051044026035352,13.864433765411377
3.177347052920889,1.5051044026035352,13.864433765411377
3.177347052920889,1.5051044026035352,13.864433765411377
3.177347052920889,1.5051044026035352,13.864433765411377
3.177347052920889,1.5051044026035352,13.864433765411377
3.187228532190425,1.5332609276669558,13.864433765411377
3.187228532190425,1.5332609276669558,13.864433765411377
3.187228532190425,1.5332609276669558,13.864433765411377
3.187228532190425,1.5332609276669558,13.864433765411377
3.187228532190425,1.5332609276669558,13.864433765411377
3.141791457950589,1.5405510556816722,13.864433765411377
3.141791457950589,1.5405510556816722,13.864433765411377
3.141791457950589,1.5405510556816722,13.864433765411377
3.141791457950589,1.5405510556816722,13.864433765411377
3.141791457950589,1.5405510556816722,13.864433765411377
3.1152517722240467,1.5580622697508026,13.864433765411377
3.1152517722240467,1.5580622697508026,13.864433765411377
3.1152517722240467,1.5580622697508026,13.864433765411377
3.1152517722240467,1.5580622697508026,13.864433765411377
3.0635024370804005,1.5784747494736693,13.864433765411377
3.0635024370804005,1.5784747494736693,13.864433765411377
3.0635024370804005,1.5784747494736693,13.864433765411377
3.0635024370804005,1.5784747494736693,13.864433765411377
3.0635024370804005,1.5784747494736693,13.864433765411377
3.0355041507853735,1.5887757830046803,13.864433765411377
3.0355041507853735,1.5887757830046803,13.864433765411377
3.0355041507853735,1.5887757830046803,13.864433765411377
3.0355041507853735,1.5887757830046803,13.864433765411377
3.0355041507853735,1.5887757830046803,13.864433765411377
3.0742619725897598,1.6324087807320988,13.864433765411377
3.0742619725897598,1.6324087807320988,13.864433765411377
3.0742619725897598,1.6324087807320988,13.864433765411377
3.0742619725897598,1.6324087807320988,13.864433765411377
3.008967256825824,1.6308974889503514,13.864433765411377
3.008967256825824,1.6308974889503514,13.864433765411377
3.008967256825824,1.6308974889503514,13.864433765411377
3.008967256825824,1.6308974889503514,13.864433765411377
3.008967256825824,1.6308974889503514,13.864433765411377
3.008967256825824,1.6308974889503514,13.864433765411377
2.9817523680903686,1.6496285337426024,13.864433765411377
2.9817523680903686,1.6496285337426024,13.864433765411377
2.9817523680903686,1.6496285337426024,13.864433765411377
2.9817523680903686,1.6496285337426024,13.864433765411377
2.9817523680903686,1.6496285337426024,13.864433765411377
3.022367511815982,1.671704338452446,13.864433765411377
3.022367511815982,1.671704338452446,13.864433765411377
3.022367511815982,1.671704338452446,13.864433765411377
3.022367511815982,1.671704338452446,13.864433765411377
3.022367511815982,1.671704338452446,13.864433765411377
2.926299645600074,1.6676856828960522,13.864433765411377
2.926299645600074,1.6676856828960522,13.864433765411377
2.926299645600074,1.6676856828960522,13.864433765411377
2.926299645600074,1.6676856828960522,13.864433765411377
2.926299645600074,1.6676856828960522,13.864433765411377
3.1604441513747457,1.6542905543567537,13.864433765411377
3.1604441513747457,1.6542905543567537,13.864433765411377
3.1604441513747457,1.6542905543567537,13.864433765411377
3.1604441513747457,1.6542905543567537,13.864433765411377
3.1604441513747457,1.6542905543567537,13.864433765411377
3.337168882743486,1.65006258081399,13.864433765411377
3.337168882743486,1.65006258081399,13.864433765411377
3.337168882743486,1.65006258081399,13.864433765411377
3.337168882743486,1.65006258081399,13.864433765411377
3.337168882743486,1.65006258081399,13.864433765411377
3.337168882743486,1.65006258081399,13.864433765411377
3.433820802940125,1.6359827428334373,13.864433765411377
3.433820802940125,1.6359827428334373,13.864433765411377
3.433820802940125,1.6359827428334373,13.864433765411377
3.433820802940125,1.6359827428334373,13.864433765411377
3.433820802940125,1.6359827428334373,13.864433765411377
3.5181304493729697,1.6183184120420164,13.864433765411377
3.5181304493729697,1.6183184120420164,13.864433765411377
3.5181304493729697,1.6183184120420164,13.864433765411377
3.5181304493729697,1.6183184120420164,13.864433765411377
3.5181304493729697,1.6183184120420164,13.864433765411377
3.5181304493729697,1.6183184120420164,13.864433765411377
3.5181304493729697,1.6183184120420164,13.864433765411377
3.5756272069310744,1.597586653782607,13.864433765411377
3.5756272069310744,1.597586653782607,13.864433765411377
3.5756272069310744,1.597586653782607,13.864433765411377
3.5756272069310744,1.597586653782607,13.864433765411377
3.5756272069310744,1.597586653782607,13.864433765411377
3.5756272069310744,1.597586653782607,13.864433765411377
3.608280667897783,1.5978199062483225,13.864433765411377
3.608280667897783,1.5978199062483225,13.864433765411377
3.608280667897783,1.5978199062483225,13.864433765411377
3.608280667897783,1.5978199062483225,13.864433765411377
3.608280667897783,1.5978199062483225,13.864433765411377
3.608280667897783,1.5978199062483225,13.864433765411377
3.62394356607627,1.6003840566000935,13.864433765411377
3.62394356607627,1.6003840566000935,13.864433765411377
3.62394356607627,1.6003840566000935,13.864433765411377
3.62394356607627,1.6003840566000935,13.864433765411377
3.62394356607627,1.6003840566000935,13.864433765411377
3.62394356607627,1.6003840566000935,13.864433765411377
3.6293652764691804,1.601048821060018,13.864433765411377
3.6293652764691804,1.601048821060018,13.864433765411377
3.6293652764691804,1.601048821060018,13.864433765411377
3.6293652764691804,1.601048821060018,13.864433765411377
3.6293652764691804,1.601048821060018,13.864433765411377
3.6293652764691804,1.601048821060018,13.864433765411377
3.6432617895983297,1.5881957668545734,13.864433765411377
3.6432617895983297,1.5881957668545734,13.864433765411377
3.6432617895983297,1.5881957668545734,13.864433765411377
3.6432617895983297,1.5881957668545734,13.864433765411377
3.6432617895983297,1.5881957668545734,13.864433765411377
3.668262094996655,1.5895366332798069,13.864433765411377
3.668262094996655,1.5895366332798069,13.864433765411377
3.668262094996655,1.5895366332798069,13.864433765411377
3.668262094996655,1.5895366332798069,13.864433765411377
3.668262094996655,1.5895366332798069,13.864433765411377
3.668262094996655,1.5895366332798069,13.864433765411377
3.6992619068782178,1.5943622278122458,13.864433765411377
3.6992619068782178,1.5943622278122458,13.864433765411377
3.6992619068782178,1.5943622278122458,13.864433765411377
3.6992619068782178,1.5943622278122458,13.864433765411377
3.6992619068782178,1.5943622278122458,13.864433765411377
3.6992619068782178,1.5943622278122458,13.864433765411377
3.708756851241571,1.5928661636164039,13.864433765411377
3.708756851241571,1.5928661636164039,13.864433765411377
3.708756851241571,1.5928661636164039,13.864433765411377
3.708756851241571,1.5928661636164039,13.864433765411377
3.708756851241571,1.5928661636164039,13.864433765411377
3.7218470090698923,1.5796150771819426,13.864433765411377
3.7218470090698923,1.5796150771819426,13.864433765411377
3.7218470090698923,1.5796150771819426,13.864433765411377
3.7218470090698923,1.5796150771819426,13.864433765411377
3.7218470090698923,1.5796150771819426,13.864433765411377
3.7218470090698923,1.5796150771819426,13.864433765411377
3.7497423684917806,1.5559984000105636,13.864433765411377
3.7497423684917806,1.5559984000105636,13.864433765411377
3.7497423684917806,1.5559984000105636,13.864433765411377
3.7497423684917806,1.5559984000105636,13.864433765411377
3.7497423684917806,1.5559984000105636,13.864433765411377
3.7497423684917806,1.5559984000105636,13.864433765411377
3.7497423684917806,1.5559984000105636,13.864433765411377
3.79947254813455,1.5621431937245078,13.864433765411377
3.79947254813455,1.5621431937245078,13.864433765411377
3.79947254813455,1.5621431937245078,13.864433765411377
3.79947254813455,1.5621431937245078,13.864433765411377
3.8320129079916336,1.545992580606799,13.864433765411377
3.8320129079916336,1.545992580606799,13.864433765411377
3.8320129079916336,1.545992580606799,13.864433765411377
3.8320129079916336,1.545992580606799,13.864433765411377
3.8320129079916336,1.545992580606799,13.864433765411377
3.8320129079916336,1.545992580606799,13.864433765411377
3.8892570373503212,1.5400230699062614,13.864433765411377
3.8892570373503212,1.5400230699062614,13.864433765411377
3.8892570373503212,1.5400230699062614,13.864433765411377
3.8892570373503212,1.5400230699062614,13.864433765411377
3.8892570373503212,1.5400230699062614,13.864433765411377
3.939187077937948,1.5152232574326507,13.864433765411377
3.939187077937948,1.5152232574326507,13.864433765411377
3.939187077937948,1.5152232574326507,13.864433765411377
3.939187077937948,1.5152232574326507,13.864433765411377
3.939187077937948,1.5152232574326507,13.864433765411377
3.939187077937948,1.5152232574326507,13.864433765411377
3.939187077937948,1.5152232574326507,13.864433765411377
4.015031395546353,1.5038864904722267,13.864433765411377
4.015031395546353,1.5038864904722267,13.864433765411377
4.015031395546353,1.5038864904722267,13.864433765411377
4.015031395546353,1.5038864904722267,13.864433765411377
4.015031395546353,1.5038864904722267,13.864433765411377
4.015031395546353,1.5038864904722267,13.864433765411377
4.015031395546353,1.5038864904722267,13.864433765411377
4.015031395546353,1.5038864904722267,13.864433765411377
4.088973574072936,1.486937273974428,13.864433765411377
4.088973574072936,1.486937273974428,13.864433765411377
4.088973574072936,1.486937273974428,13.864433765411377
4.088973574072936,1.486937273974428,13.864433765411377
4.088973574072936,1.486937273974428,13.864433765411377
4.088973574072936,1.486937273974428,13.864433765411377
4.127438060243377,1.4632629085761955,13.864433765411377
4.127438060243377,1.4632629085761955,13.864433765411377
4.127438060243377,1.4632629085761955,13.864433765411377
4.127438060243377,1.4632629085761955,13.864433765411377
4.127438060243377,1.4632629085761955,13.864433765411377
4.127438060243377,1.4632629085761955,13.864433765411377
4.127438060243377,1.4632629085761955,13.864433765411377
4.15645984004766,1.4332668579233574,13.864433765411377
4.15645984004766,1.4332668579233574,13.864433765411377
4.15645984004766,1.4332668579233574,13.864433765411377
4.15645984004766,1.4332668579233574,13.864433765411377
4.15645984004766,1.4332668579233574,13.864433765411377
4.15645984004766,1.4332668579233574,13.864433765411377
4.15645984004766,1.4332668579233574,13.864433765411377
4.1889989821756854,1.4276989171682328,13.864433765411377
4.1889989821756854,1.4276989171682328,13.864433765411377
4.1889989821756854,1.4276989171682328,13.864433765411377
4.1889989821756854,1.4276989171682328,13.864433765411377
4.1889989821756854,1.4276989171682328,13.864433765411377
4.1889989821756854,1.4276989171682328,13.864433765411377
4.1889989821756854,1.4276989171682328,13.864433765411377
4.1889989821756854,1.4276989171682328,13.864433765411377
4.1889989821756854,1.4276989171682328,13.864433765411377
4.1889989821756854,1.4276989171682328,13.864433765411377
4.2454716496071665,1.4008924798026188,13.864433765411377
4.2454716496071665,1.4008924798026188,13.864433765411377
4.2454716496071665,1.4008924798026188,13.864433765411377
4.2454716496071665,1.4008924798026188,13.864433765411377
4.2454716496071665,1.4008924798026188,13.864433765411377
4.2454716496071665,1.4008924798026188,13.864433765411377
4.2454716496071665,1.4008924798026188,13.864433765411377
4.304307481379459,1.3525031997088466,13.864433765411377
4.304307481379459,1.3525031997088466,13.864433765411377
4.304307481379459,1.3525031997088466,13.864433765411377
4.304307481379459,1.3525031997088466,13.864433765411377
4.304307481379459,1.3525031997088466,13.864433765411377
4.304307481379459,1.3525031997088466,13.864433765411377
4.304307481379459,1.3525031997088466,13.864433765411377
4.334737615266813,1.3242083752009732,13.864433765411377
4.334737615266813,1.3242083752009732,13.864433765411377
4.334737615266813,1.3242083752009732,13.864433765411377
4.334737615266813,1.3242083752009732,13.864433765411377
4.334737615266813,1.3242083752009732,13.864433765411377
4.334737615266813,1.3242083752009732,13.864433765411377
4.334737615266813,1.3242083752009732,13.864433765411377
4.362940552967811,1.2820363603172162,13.864433765411377
4.362940552967811,1.2820363603172162,13.864433765411377
4.362940552967811,1.2820363603172162,13.864433765411377
4.362940552967811,1.2820363603172162,13.864433765411377
4.362940552967811,1.2820363603172162,13.864433765411377
4.362940552967811,1.2820363603172162,13.864433765411377
4.375179916956465,1.25511589568952,13.864433765411377
4.375179916956465,1.25511589568952,13.864433765411377
4.375179916956465,1.25511589568952,13.864433765411377
4.375179916956465,1.25511589568952,13.864433765411377
4.375179916956465,1.25511589568952,13.864433765411377
4.375179916956465,1.25511589568952,13.864433765411377
4.383955523656747,1.2194800680390827,13.864433765411377
4.383955523656747,1.2194800680390827,13.864433765411377
4.383955523656747,1.2194800680390827,13.864433765411377
4.383955523656747,1.2194800680390827,13.864433765411377
4.383955523656747,1.2194800680390827,13.864433765411377
4.383955523656747,1.2194800680390827,13.864433765411377
4.470832670828702,1.200769662447554,13.864433765411377
4.470832670828702,1.200769662447554,13.864433765411377
4.470832670828702,1.200769662447554,13.864433765411377
4.470832670828702,1.200769662447554,13.864433765411377
4.470832670828702,1.200769662447554,13.864433765411377
4.470832670828702,1.200769662447554,13.864433765411377
4.527715011569224,1.1716542886935954,13.864433765411377
4.527715011569224,1.1716542886935954,13.864433765411377
4.527715011569224,1.1716542886935954,13.864433765411377
4.527715011569224,1.1716542886935954,13.864433765411377
4.527715011569224,1.1716542886935954,13.864433765411377
4.527715011569224,1.1716542886935954,13.864433765411377
4.5240306979939175,1.133758915538119,13.864433765411377
4.5240306979939175,1.133758915538119,13.864433765411377
4.5240306979939175,1.133758915538119,13.864433765411377
4.5240306979939175,1.133758915538119,13.864433765411377
4.5240306979939175,1.133758915538119,13.864433765411377
4.5240306979939175,1.133758915538119,13.864433765411377
4.518523735675957,1.0946303432834996,13.864433765411377
4.518523735675957,1.0946303432834996,13.864433765411377
4.518523735675957,1.0946303432834996,13.864433765411377
4.518523735675957,1.0946303432834996,13.864433765411377
4.518523735675957,1.0946303432834996,13.864433765411377
4.518523735675957,1.0946303432834996,13.864433765411377
4.518523735675957,1.0946303432834996,13.864433765411377
4.491223649327064,1.0369666411015899,13.864433765411377
4.491223649327064,1.0369666411015899,13.864433765411377
4.491223649327064,1.0369666411015899,13.864433765411377
4.491223649327064,1.0369666411015899,13.864433765411377
4.491223649327064,1.0369666411015899,13.864433765411377
4.491223649327064,1.0369666411015899,13.864433765411377
4.5205314193422925,1.0131147774879532,13.864433765411377
4.5205314193422925,1.0131147774879532,13.864433765411377
4.5205314193422925,1.0131147774879532,13.864433765411377
4.5205314193422925,1.0131147774879532,13.864433765411377
4.5205314193422925,1.0131147774879532,13.864433765411377
4.5710339100176665,0.9662821448713771,13.864433765411377
4.5710339100176665,0.9662821448713771,13.864433765411377
4.5710339100176665,0.9662821448713771,13.864433765411377
4.5710339100176665,0.9662821448713771,13.864433765411377
4.5710339100176665,0.9662821448713771,13.864433765411377
4.5710339100176665,0.9662821448713771,13.864433765411377
4.5803999498695,0.9327540547576656,13.864433765411377
4.5803999498695,0.9327540547576656,13.864433765411377
4.5803999498695,0.9327540547576656,13.864433765411377
4.5803999498695,0.9327540547576656,13.864433765411377
4.5803999498695,0.9327540547576656,13.864433765411377
4.5803999498695,0.9327540547576656,13.864433765411377
4.5803999498695,0.9327540547576656,13.864433765411377
4.585243329195665,0.8999227692286135,13.864433765411377
4.585243329195665,0.8999227692286135,13.864433765411377
4.585243329195665,0.8999227692286135,13.864433765411377
4.585243329195665,0.8999227692286135,13.864433765411377
4.585243329195665,0.8999227692286135,13.864433765411377
4.585243329195665,0.8999227692286135,13.864433765411377
4.605783217005237,0.8516758051499361,13.864433765411377
4.605783217005237,0.8516758051499361,13.864433765411377
4.605783217005237,0.8516758051499361,13.864433765411377
4.605783217005237,0.8516758051499361,13.864433765411377
4.605783217005237,0.8516758051499361,13.864433765411377
4.605783217005237,0.8516758051499361,13.864433765411377
4.641863066873285,0.821535865315686,13.864433765411377
4.641863066873285,0.821535865315686,13.864433765411377
4.641863066873285,0.821535865315686,13.864433765411377
4.641863066873285,0.821535865315686,13.864433765411377
4.641863066873285,0.821535865315686,13.864433765411377
4.641863066873285,0.821535865315686,13.864433765411377
4.655704361208564,0.7782388187019158,13.864433765411377
4.655704361208564,0.7782388187019158,13.864433765411377
4.655704361208564,0.7782388187019158,13.864433765411377
4.655704361208564,0.7782388187019158,13.864433765411377
4.655704361208564,0.7782388187019158,13.864433765411377
4.655704361208564,0.7782388187019158,13.864433765411377
4.624577450808839,0.740597433497195,13.864433765411377
4.624577450808839,0.740597433497195,13.864433765411377
4.624577450808839,0.740597433497195,13.864433765411377
4.624577450808839,0.740597433497195,13.864433765411377
4.624577450808839,0.740597433497195,13.864433765411377
4.624577450808839,0.740597433497195,13.864433765411377
4.624577450808839,0.740597433497195,13.864433765411377
4.655982146077057,0.7079957348075682,13.864433765411377
4.655982146077057,0.7079957348075682,13.864433765411377
4.655982146077057,0.7079957348075682,13.864433765411377
4.655982146077057,0.7079957348075682,13.864433765411377
4.655982146077057,0.7079957348075682,13.864433765411377
4.655982146077057,0.7079957348075682,13.864433765411377
4.655982146077057,0.7079957348075682,13.864433765411377
4.6259566608856275,0.6761561104493824,13.864433765411377
4.6259566608856275,0.6761561104493824,13.864433765411377
4.6259566608856275,0.6761561104493824,13.864433765411377
4.6259566608856275,0.6761561104493824,13.864433765411377
4.6259566608856275,0.6761561104493824,13.864433765411377
4.6259566608856275,0.6761561104493824,13.864433765411377
4.624183876283178,0.622045103883582,13.864433765411377
4.624183876283178,0.622045103883582,13.864433765411377
4.624183876283178,0.622045103883582,13.864433765411377
4.624183876283178,0.622045103883582,13.864433765411377
4.624183876283178,0.622045103883582,13.864433765411377
4.624183876283178,0.622045103883582,13.864433765411377
4.6148087837851,0.5702432911598413,13.864433765411377
4.6148087837851,0.5702432911598413,13.864433765411377
4.6148087837851,0.5702432911598413,13.864433765411377
4.6148087837851,0.5702432911598413,13.864433765411377
4.6148087837851,0.5702432911598413,13.864433765411377
4.6148087837851,0.5702432911598413,13.864433765411377
4.611207546313126,0.5362904784888449,13.864433765411377
4.611207546313126,0.5362904784888449,13.864433765411377
4.611207546313126,0.5362904784888449,13.864433765411377
4.611207546313126,0.5362904784888449,13.864433765411377
4.611207546313126,0.5362904784888449,13.864433765411377
4.611207546313126,0.5362904784888449,13.864433765411377
4.611207546313126,0.5362904784888449,13.864433765411377
4.573200480336714,0.49730528920963735,13.864433765411377
4.573200480336714,0.49730528920963735,13.864433765411377
4.573200480336714,0.49730528920963735,13.864433765411377
4.573200480336714,0.49730528920963735,13.864433765411377
4.573200480336714,0.49730528920963735,13.864433765411377
4.573200480336714,0.49730528920963735,13.864433765411377
4.570436006401594,0.45536528205065396,13.864433765411377
4.570436006401594,0.45536528205065396,13.864433765411377
4.570436006401594,0.45536528205065396,13.864433765411377
4.570436006401594,0.45536528205065396,13.864433765411377
4.570436006401594,0.45536528205065396,13.864433765411377
4.570436006401594,0.45536528205065396,13.864433765411377
4.574983339636548,0.4199295677979503,13.864433765411377
4.574983339636548,0.4199295677979503,13.864433765411377
4.574983339636548,0.4199295677979503,13.864433765411377
4.574983339636548,0.4199295677979503,13.864433765411377
4.574983339636548,0.4199295677979503,13.864433765411377
4.574983339636548,0.4199295677979503,13.864433765411377
4.556764434430785,0.38852412537019354,13.864433765411377
4.556764434430785,0.38852412537019354,13.864433765411377
4.556764434430785,0.38852412537019354,13.864433765411377
4.556764434430785,0.38852412537019354,13.864433765411377
4.556764434430785,0.38852412537019354,13.864433765411377
4.556764434430785,0.38852412537019354,13.864433765411377
4.561635025156236,0.3621150161074348,13.864433765411377
4.561635025156236,0.3621150161074348,13.864433765411377
4.561635025156236,0.3621150161074348,13.864433765411377
4.561635025156236,0.3621150161074348,13.864433765411377
4.561635025156236,0.3621150161074348,13.864433765411377
4.561635025156236,0.3621150161074348,13.864433765411377
4.609072827822519,0.3539061624424802,13.864433765411377
4.609072827822519,0.3539061624424802,13.864433765411377
4.609072827822519,0.3539061624424802,13.864433765411377
4.609072827822519,0.3539061624424802,13.864433765411377
4.609072827822519,0.3539061624424802,13.864433765411377
4.609072827822519,0.3539061624424802,13.864433765411377
4.607943776581042,0.3728272002777369,13.864433765411377
4.607943776581042,0.3728272002777369,13.864433765411377
4.607943776581042,0.3728272002777369,13.864433765411377
4.607943776581042,0.3728272002777369,13.864433765411377
4.607943776581042,0.3728272002777369,13.864433765411377
4.582546917562846,0.4036292794783116,13.864433765411377
4.582546917562846,0.4036292794783116,13.864433765411377
4.582546917562846,0.4036292794783116,13.864433765411377
4.582546917562846,0.4036292794783116,13.864433765411377
4.582546917562846,0.4036292794783116,13.864433765411377
4.582546917562846,0.4036292794783116,13.864433765411377
4.574449380127603,0.42946262847118144,13.864433765411377
4.574449380127603,0.42946262847118144,13.864433765411377
4.574449380127603,0.42946262847118144,13.864433765411377
4.574449380127603,0.42946262847118144,13.864433765411377
4.544797181457437,0.4368459787265403,13.864433765411377
4.544797181457437,0.4368459787265403,13.864433765411377
4.544797181457437,0.4368459787265403,13.864433765411377
4.544797181457437,0.4368459787265403,13.864433765411377
4.544797181457437,0.4368459787265403,13.864433765411377
4.544797181457437,0.4368459787265403,13.864433765411377
4.551172223202043,0.43549651567424974,13.864433765411377
4.551172223202043,0.43549651567424974,13.864433765411377
4.551172223202043,0.43549651567424974,13.864433765411377
4.551172223202043,0.43549651567424974,13.864433765411377
4.551172223202043,0.43549651567424974,13.864433765411377
4.549250065771081,0.43316446411869014,13.864433765411377
4.549250065771081,0.43316446411869014,13.864433765411377
4.549250065771081,0.43316446411869014,13.864433765411377
4.549250065771081,0.43316446411869014,13.864433765411377
4.549250065771081,0.43316446411869014,13.864433765411377
4.564902875469892,0.4370344957069104,13.864433765411377
4.564902875469892,0.4370344957069104,13.864433765411377
4.564902875469892,0.4370344957069104,13.864433765411377
4.564902875469892,0.4370344957069104,13.864433765411377
4.564902875469892,0.4370344957069104,13.864433765411377
4.5694895046103445,0.44302109556459535,13.864433765411377
4.5694895046103445,0.44302109556459535,13.864433765411377
4.5694895046103445,0.44302109556459535,13.864433765411377
4.5694895046103445,0.44302109556459535,13.864433765411377
4.5694895046103445,0.44302109556459535,13.864433765411377
4.595394247487672,0.457931427684469,13.864433765411377
4.595394247487672,0.457931427684469,13.864433765411377
4.595394247487672,0.457931427684469,13.864433765411377
4.595394247487672,0.457931427684469,13.864433765411377
4.595394247487672,0.457931427684469,13.864433765411377
4.634158819750221,0.4655247142173258,13.864433765411377
4.634158819750221,0.4655247142173258,13.864433765411377
4.634158819750221,0.4655247142173258,13.864433765411377
4.634158819750221,0.4655247142173258,13.864433765411377
4.634158819750221,0.4655247142173258,13.864433765411377
4.634158819750221,0.4655247142173258,13.864433765411377
4.678917993970613,0.4731041626351567,13.864433765411377
4.678917993970613,0.4731041626351567,13.864433765411377
4.678917993970613,0.4731041626351567,13.864433765411377
4.678917993970613,0.4731041626351567,13.864433765411377
4.678917993970613,0.4731041626351567,13.864433765411377
4.6952573332836245,0.4825422902179993,13.864433765411377
4.6952573332836245,0.4825422902179993,13.864433765411377
4.6952573332836245,0.4825422902179993,13.864433765411377
4.6952573332836245,0.4825422902179993,13.864433765411377
4.6952573332836245,0.4825422902179993,13.864433765411377
4.69840540976542,0.46925906859726774,13.864433765411377
4.69840540976542,0.46925906859726774,13.864433765411377
4.69840540976542,0.46925906859726774,13.864433765411377
4.69840540976542,0.46925906859726774,13.864433765411377
4.69840540976542,0.46925906859726774,13.864433765411377
4.693215510532785,0.45179622019061755,13.864433765411377
4.693215510532785,0.45179622019061755,13.864433765411377
4.693215510532785,0.45179622019061755,13.864433765411377
4.693215510532785,0.45179622019061755,13.864433765411377
4.693215510532785,0.45179622019061755,13.864433765411377
4.693215510532785,0.45179622019061755,13.864433765411377
4.718384484127485,0.4634387684622791,13.864433765411377
4.718384484127485,0.4634387684622791,13.864433765411377
4.718384484127485,0.4634387684622791,13.864433765411377
4.718384484127485,0.4634387684622791,13.864433765411377
4.718384484127485,0.4634387684622791,13.864433765411377
4.781539206448508,0.46956892805431155,13.864433765411377
4.781539206448508,0.46956892805431155,13.864433765411377
4.781539206448508,0.46956892805431155,13.864433765411377
4.781539206448508,0.46956892805431155,13.864433765411377
4.781539206448508,0.46956892805431155,13.864433765411377
4.781539206448508,0.46956892805431155,13.864433765411377
4.750748584101814,0.4727836687559944,13.864433765411377
4.750748584101814,0.4727836687559944,13.864433765411377
4.750748584101814,0.4727836687559944,13.864433765411377
4.750748584101814,0.4727836687559944,13.864433765411377
4.750748584101814,0.4727836687559944,13.864433765411377
4.750748584101814,0.4727836687559944,13.864433765411377
4.80164633775804,0.47689402529116365,13.864433765411377
4.80164633775804,0.47689402529116365,13.864433765411377
4.80164633775804,0.47689402529116365,13.864433765411377
4.80164633775804,0.47689402529116365,13.864433765411377
4.80164633775804,0.47689402529116365,13.864433765411377
4.80164633775804,0.47689402529116365,13.864433765411377
4.840272571219117,0.4889129375868803,13.864433765411377
4.840272571219117,0.4889129375868803,13.864433765411377
4.840272571219117,0.4889129375868803,13.864433765411377
4.840272571219117,0.4889129375868803,13.864433765411377
4.840272571219117,0.4889129375868803,13.864433765411377
4.840272571219117,0.4889129375868803,13.864433765411377
4.864073315590872,0.4978646012893114,13.864433765411377
4.864073315590872,0.4978646012893114,13.864433765411377
4.864073315590872,0.4978646012893114,13.864433765411377
4.864073315590872,0.4978646012893114,13.864433765411377
4.864073315590872,0.4978646012893114,13.864433765411377
4.907973201989051,0.5116193686280853,13.864433765411377
4.907973201989051,0.5116193686280853,13.864433765411377
4.907973201989051,0.5116193686280853,13.864433765411377
4.907973201989051,0.5116193686280853,13.864433765411377
4.907973201989051,0.5116193686280853,13.864433765411377
4.907973201989051,0.5116193686280853,13.864433765411377
4.9458267839272185,0.5339929363998104,13.864433765411377
4.9458267839272185,0.5339929363998104,13.864433765411377
4.9458267839272185,0.5339929363998104,13.864433765411377
4.9458267839272185,0.5339929363998104,13.864433765411377
4.9458267839272185,0.5339929363998104,13.864433765411377
4.94500321330313,0.5414532164619178,13.864433765411377
4.94500321330313,0.5414532164619178,13.864433765411377
4.94500321330313,0.5414532164619178,13.864433765411377
4.94500321330313,0.5414532164619178,13.864433765411377
4.94500321330313,0.5414532164619178,13.864433765411377
4.94500321330313,0.5414532164619178,13.864433765411377
4.947871576498259,0.5783927144122798,13.864433765411377
4.947871576498259,0.5783927144122798,13.864433765411377
4.947871576498259,0.5783927144122798,13.864433765411377
4.947871576498259,0.5783927144122798,13.864433765411377
4.947871576498259,0.5783927144122798,13.864433765411377
4.947871576498259,0.5783927144122798,13.864433765411377
5.002205932906099,0.6097128949450197,13.864433765411377
5.002205932906099,0.6097128949450197,13.864433765411377
5.002205932906099,0.6097128949450197,13.864433765411377
5.002205932906099,0.6097128949450197,13.864433765411377
5.002205932906099,0.6097128949450197,13.864433765411377
5.002205932906099,0.6097128949450197,13.864433765411377
5.002205932906099,0.6097128949450197,13.864433765411377
5.072250828472593,0.6605244341840268,13.864433765411377
5.072250828472593,0.6605244341840268,13.864433765411377
5.072250828472593,0.6605244341840268,13.864433765411377
5.072250828472593,0.6605244341840268,13.864433765411377
5.115806554282336,0.6864648186386901,13.864433765411377
5.115806554282336,0.6864648186386901,13.864433765411377
5.115806554282336,0.6864648186386901,13.864433765411377
5.115806554282336,0.6864648186386901,13.864433765411377
5.115806554282336,0.6864648186386901,13.864433765411377
5.115806554282336,0.6864648186386901,13.864433765411377
5.115806554282336,0.6864648186386901,13.864433765411377
5.135081957855892,0.6914605791365304,13.864433765411377
5.135081957855892,0.6914605791365304,13.864433765411377
5.135081957855892,0.6914605791365304,13.864433765411377
5.135081957855892,0.6914605791365304,13.864433765411377
5.135081957855892,0.6914605791365304,13.864433765411377
5.1717831245597,0.730385998313199,13.864433765411377
5.1717831245597,0.730385998313199,13.864433765411377
5.1717831245597,0.730385998313199,13.864433765411377
5.1717831245597,0.730385998313199,13.864433765411377
5.1717831245597,0.730385998313199,13.864433765411377
5.197826060662185,0.7461240563028699,13.864433765411377
5.197826060662185,0.7461240563028699,13.864433765411377
5.197826060662185,0.7461240563028699,13.864433765411377
5.197826060662185,0.7461240563028699,13.864433765411377
5.197826060662185,0.7461240563028699,13.864433765411377
5.209055927513386,0.7655169368743853,13.864433765411377
5.209055927513386,0.7655169368743853,13.864433765411377
5.209055927513386,0.7655169368743853,13.864433765411377
5.209055927513386,0.7655169368743853,13.864433765411377
5.209055927513386,0.7655169368743853,13.864433765411377
5.202526801534163,0.7850376041535884,13.864433765411377
5.202526801534163,0.7850376041535884,13.864433765411377
5.202526801534163,0.7850376041535884,13.864433765411377
5.202526801534163,0.7850376041535884,13.864433765411377
5.202526801534163,0.7850376041535884,13.864433765411377
5.225469692289577,0.7994507235579804,13.864433765411377
5.225469692289577,0.7994507235579804,13.864433765411377
5.225469692289577,0.7994507235579804,13.864433765411377
5.225469692289577,0.7994507235579804,13.864433765411377
5.225469692289577,0.7994507235579804,13.864433765411377
5.218993513800184,0.8199198060960213,13.864433765411377
5.218993513800184,0.8199198060960213,13.864433765411377
5.218993513800184,0.8199198060960213,13.864433765411377
5.218993513800184,0.8199198060960213,13.864433765411377
5.218993513800184,0.8199198060960213,13.864433765411377
5.214935706457647,0.83958790572896,13.864433765411377
5.214935706457647,0.83958790572896,13.864433765411377
5.214935706457647,0.83958790572896,13.864433765411377
5.214935706457647,0.83958790572896,13.864433765411377
5.214935706457647,0.83958790572896,13.864433765411377
5.217832330570952,0.860746455510261,13.864433765411377
5.217832330570952,0.860746455510261,13.864433765411377
5.217832330570952,0.860746455510261,13.864433765411377
5.217832330570952,0.860746455510261,13.864433765411377
5.217832330570952,0.860746455510261,13.864433765411377
5.217832330570952,0.860746455510261,13.864433765411377
5.167973992605187,0.8781585673384212,13.864433765411377
5.167973992605187,0.8781585673384212,13.864433765411377
5.167973992605187,0.8781585673384212,13.864433765411377
5.167973992605187,0.8781585673384212,13.864433765411377
5.167973992605187,0.8781585673384212,13.864433765411377
5.184921962217183,0.9038336263853965,13.864433765411377
5.184921962217183,0.9038336263853965,13.864433765411377
5.184921962217183,0.9038336263853965,13.864433765411377
5.184921962217183,0.9038336263853965,13.864433765411377
5.184921962217183,0.9038336263853965,13.864433765411377
5.175302585635338,0.9381653647455727,13.864433765411377
5.175302585635338,0.9381653647455727,13.864433765411377
5.175302585635338,0.9381653647455727,13.864433765411377
5.175302585635338,0.9381653647455727,13.864433765411377
5.175302585635338,0.9381653647455727,13.864433765411377
5.175302585635338,0.9381653647455727,13.864433765411377
5.226335573617906,0.9717857998856197,13.864433765411377
5.226335573617906,0.9717857998856197,13.864433765411377
5.226335573617906,0.9717857998856197,13.864433765411377
5.226335573617906,0.9717857998856197,13.864433765411377
5.226335573617906,0.9717857998856197,13.864433765411377
5.231090954947733,1.0044748258507155,13.864433765411377
5.231090954947733,1.0044748258507155,13.864433765411377
5.231090954947733,1.0044748258507155,13.864433765411377
5.231090954947733,1.0044748258507155,13.864433765411377
5.231090954947733,1.0044748258507155,13.864433765411377
5.231090954947733,1.0044748258507155,13.864433765411377
5.250858453345609,1.035034026641619,13.864433765411377
5.250858453345609,1.035034026641619,13.864433765411377
5.250858453345609,1.035034026641619,13.864433765411377
5.250858453345609,1.035034026641619,13.864433765411377
5.250858453345609,1.035034026641619,13.864433765411377
5.250858453345609,1.035034026641619,13.864433765411377
5.250749544264742,1.0644203945770052,13.864433765411377
5.250749544264742,1.0644203945770052,13.864433765411377
5.250749544264742,1.0644203945770052,13.864433765411377
5.250749544264742,1.0644203945770052,13.864433765411377
5.250749544264742,1.0644203945770052,13.864433765411377
5.250749544264742,1.0644203945770052,13.864433765411377
5.270344268349554,1.112545570066311,13.864433765411377
5.270344268349554,1.112545570066311,13.864433765411377
5.270344268349554,1.112545570066311,13.864433765411377
5.270344268349554,1.112545570066311,13.864433765411377
5.270344268349554,1.112545570066311,13.864433765411377
5.270344268349554,1.112545570066311,13.864433765411377
5.245449039771915,1.1450468205060285,13.864433765411377
5.245449039771915,1.1450468205060285,13.864433765411377
5.245449039771915,1.1450468205060285,13.864433765411377
5.245449039771915,1.1450468205060285,13.864433765411377
5.245449039771915,1.1450468205060285,13.864433765411377
5.245449039771915,1.1450468205060285,13.864433765411377
5.245449039771915,1.1450468205060285,13.864433765411377
5.347087458533517,1.227754438929152,13.864433765411377
5.347087458533517,1.227754438929152,13.864433765411377
5.347087458533517,1.227754438929152,13.864433765411377
5.347087458533517,1.227754438929152,13.864433765411377
5.347087458533517,1.227754438929152,13.864433765411377
5.347087458533517,1.227754438929152,13.864433765411377
5.291706282215672,1.2469472582016696,13.864433765411377
5.291706282215672,1.2469472582016696,13.864433765411377
5.291706282215672,1.2469472582016696,13.864433765411377
5.291706282215672,1.2469472582016696,13.864433765411377
5.291706282215672,1.2469472582016696,13.864433765411377
5.291706282215672,1.2469472582016696,13.864433765411377
5.347198199213729,1.2847836912383641,13.864433765411377
5.347198199213729,1.2847836912383641,13.864433765411377
5.347198199213729,1.2847836912383641,13.864433765411377
5.347198199213729,1.2847836912383641,13.864433765411377
5.347198199213729,1.2847836912383641,13.864433765411377
5.347198199213729,1.2847836912383641,13.864433765411377
5.340877106192611,1.3279912882180505,13.864433765411377
5.340877106192611,1.3279912882180505,13.864433765411377
5.340877106192611,1.3279912882180505,13.864433765411377
5.340877106192611,1.3279912882180505,13.864433765411377
5.340877106192611,1.3279912882180505,13.864433765411377
5.340877106192611,1.3279912882180505,13.864433765411377
5.383331866854123,1.3781397566611053,13.864433765411377
5.383331866854123,1.3781397566611053,13.864433765411377
5.383331866854123,1.3781397566611053,13.864433765411377
5.383331866854123,1.3781397566611053,13.864433765411377
5.383331866854123,1.3781397566611053,13.864433765411377
5.40961857913836,1.4276109844052467,13.864433765411377
5.40961857913836,1.4276109844052467,13.864433765411377
5.40961857913836,1.4276109844052467,13.864433765411377
5.40961857913836,1.4276109844052467,13.864433765411377
5.396451438347064,1.459978803995864,13.864433765411377
5.396451438347064,1.459978803995864,13.864433765411377
5.396451438347064,1.459978803995864,13.864433765411377
5.396451438347064,1.459978803995864,13.864433765411377
5.396451438347064,1.459978803995864,13.864433765411377
5.4091618472037934,1.5042640909047766,13.864433765411377
5.4091618472037934,1.5042640909047766,13.864433765411377
5.4091618472037934,1.5042640909047766,13.864433765411377
5.4091618472037934,1.5042640909047766,13.864433765411377
5.4091618472037934,1.5042640909047766,13.864433765411377
5.444455629524799,1.5455529752065582,13.864433765411377
5.444455629524799,1.5455529752065582,13.864433765411377
5.444455629524799,1.5455529752065582,13.864433765411377
5.444455629524799,1.5455529752065582,13.864433765411377
5.444455629524799,1.5455529752065582,13.864433765411377
5.4267351515736255,1.5736778699887826,13.864433765411377
5.4267351515736255,1.5736778699887826,13.864433765411377
5.4267351515736255,1.5736778699887826,13.864433765411377
5.4267351515736255,1.5736778699887826,13.864433765411377
5.4267351515736255,1.5736778699887826,13.864433765411377
5.434421542870227,1.6137373233837105,13.864433765411377
5.434421542870227,1.6137373233837105,13.864433765411377
5.434421542870227,1.6137373233837105,13.864433765411377
5.434421542870227,1.6137373233837105,13.864433765411377
5.434421542870227,1.6137373233837105,13.864433765411377
5.459071942329122,1.6395157186666989,13.864433765411377
5.459071942329122,1.6395157186666989,13.864433765411377
5.459071942329122,1.6395157186666989,13.864433765411377
5.459071942329122,1.6395157186666989,13.864433765411377
5.459071942329122,1.6395157186666989,13.864433765411377
5.459071942329122,1.6395157186666989,13.864433765411377
5.423132418172181,1.6833660378559592,13.864433765411377
5.423132418172181,1.6833660378559592,13.864433765411377
5.423132418172181,1.6833660378559592,13.864433765411377
5.423132418172181,1.6833660378559592,13.864433765411377
5.39862702322117,1.7229280911249776,13.864433765411377
5.39862702322117,1.7229280911249776,13.864433765411377
5.39862702322117,1.7229280911249776,13.864433765411377
5.39862702322117,1.7229280911249776,13.864433765411377
5.39862702322117,1.7229280911249776,13.864433765411377
5.398157280272386,1.7387852584478296,13.864433765411377
5.398157280272386,1.7387852584478296,13.864433765411377
5.398157280272386,1.7387852584478296,13.864433765411377
5.398157280272386,1.7387852584478296,13.864433765411377
5.398157280272386,1.7387852584478296,13.864433765411377
5.343617282241229,1.7607637932905438,13.864433765411377
5.343617282241229,1.7607637932905438,13.864433765411377
5.343617282241229,1.7607637932905438,13.864433765411377
5.343617282241229,1.7607637932905438,13.864433765411377
5.343617282241229,1.7607637932905438,13.864433765411377
5.339446451099084,1.7990444972321675,13.864433765411377
5.339446451099084,1.7990444972321675,13.864433765411377
5.339446451099084,1.7990444972321675,13.864433765411377
5.339446451099084,1.7990444972321675,13.864433765411377
5.339446451099084,1.7990444972321675,13.864433765411377
5.351424205083364,1.8384286644345538,13.864433765411377
5.351424205083364,1.8384286644345538,13.864433765411377
5.351424205083364,1.8384286644345538,13.864433765411377
5.351424205083364,1.8384286644345538,13.864433765411377
5.351424205083364,1.8384286644345538,13.864433765411377
5.341322575098258,1.8737663453936617,13.864433765411377
5.341322575098258,1.8737663453936617,13.864433765411377
5.341322575098258,1.8737663453936617,13.864433765411377
5.341322575098258,1.8737663453936617,13.864433765411377
5.341322575098258,1.8737663453936617,13.864433765411377
5.270128743250169,1.8857417754423298,13.864433765411377
5.270128743250169,1.8857417754423298,13.864433765411377
5.270128743250169,1.8857417754423298,13.864433765411377
5.270128743250169,1.8857417754423298,13.864433765411377
5.270128743250169,1.8857417754423298,13.864433765411377
5.270128743250169,1.8857417754423298,13.864433765411377
5.3342598130298,1.928011798256764,13.864433765411377
5.3342598130298,1.928011798256764,13.864433765411377
5.3342598130298,1.928011798256764,13.864433765411377
5.3342598130298,1.928011798256764,13.864433765411377
5.3342598130298,1.928011798256764,13.864433765411377
5.30648948749657,1.964856497864144,13.864433765411377
5.30648948749657,1.964856497864144,13.864433765411377
5.30648948749657,1.964856497864144,13.864433765411377
5.30648948749657,1.964856497864144,13.864433765411377
5.30648948749657,1.964856497864144,13.864433765411377
5.295423636884474,1.9942234017177474,13.864433765411377
5.295423636884474,1.9942234017177474,13.864433765411377
5.295423636884474,1.9942234017177474,13.864433765411377
5.295423636884474,1.9942234017177474,13.864433765411377
5.295423636884474,1.9942234017177474,13.864433765411377
5.3095398792080655,2.030253700909168,13.864433765411377
5.3095398792080655,2.030253700909168,13.864433765411377
5.3095398792080655,2.030253700909168,13.864433765411377
5.3095398792080655,2.030253700909168,13.864433765411377
5.3095398792080655,2.030253700909168,13.864433765411377
5.3095398792080655,2.030253700909168,13.864433765411377
5.268881647685718,2.0442433501956305,13.864433765411377
5.268881647685718,2.0442433501956305,13.864433765411377
5.268881647685718,2.0442433501956305,13.864433765411377
5.268881647685718,2.0442433501956305,13.864433765411377
5.268881647685718,2.0442433501956305,13.864433765411377
5.292395015714621,2.071580412162869,13.864433765411377
5.292395015714621,2.071580412162869,13.864433765411377
5.292395015714621,2.071580412162869,13.864433765411377
5.292395015714621,2.071580412162869,13.864433765411377
5.292395015714621,2.071580412162869,13.864433765411377
5.292395015714621,2.071580412162869,13.864433765411377
5.3224070597989215,2.1118336088696337,13.864433765411377
5.3224070597989215,2.1118336088696337,13.864433765411377
5.3224070597989215,2.1118336088696337,13.864433765411377
5.3224070597989215,2.1118336088696337,13.864433765411377
5.3224070597989215,2.1118336088696337,13.864433765411377
5.310595611994431,2.139180206815491,13.864433765411377
5.310595611994431,2.139180206815491,13.864433765411377
5.310595611994431,2.139180206815491,13.864433765411377
5.310595611994431,2.139180206815491,13.864433765411377
5.310595611994431,2.139180206815491,13.864433765411377
5.310595611994431,2.139180206815491,13.864433765411377
5.327479769224596,2.176855335069784,13.864433765411377
5.327479769224596,2.176855335069784,13.864433765411377
5.327479769224596,2.176855335069784,13.864433765411377
5.327479769224596,2.176855335069784,13.864433765411377
5.327479769224596,2.176855335069784,13.864433765411377
5.327479769224596,2.176855335069784,13.864433765411377
5.327479769224596,2.176855335069784,13.864433765411377
5.324124253618545,2.1970966703685764,13.864433765411377
5.324124253618545,2.1970966703685764,13.864433765411377
5.324124253618545,2.1970966703685764,13.864433765411377
5.324124253618545,2.1970966703685764,13.864433765411377
5.324124253618545,2.1970966703685764,13.864433765411377
5.324124253618545,2.1970966703685764,13.864433765411377
5.305164630068254,2.234296795471377,13.864433765411377
5.305164630068254,2.234296795471377,13.864433765411377
5.305164630068254,2.234296795471377,13.864433765411377
5.305164630068254,2.234296795471377,13.864433765411377
5.305164630068254,2.234296795471377,13.864433765411377
5.309857908008806,2.256823537083061,13.864433765411377
5.309857908008806,2.256823537083061,13.864433765411377
5.309857908008806,2.256823537083061,13.864433765411377
5.309857908008806,2.256823537083061,13.864433765411377
5.309857908008806,2.256823537083061,13.864433765411377
5.309857908008806,2.256823537083061,13.864433765411377
5.3648362000974,2.2982997919605124,13.864433765411377
5.3648362000974,2.2982997919605124,13.864433765411377
5.3648362000974,2.2982997919605124,13.864433765411377
5.3648362000974,2.2982997919605124,13.864433765411377
5.3648362000974,2.2982997919605124,13.864433765411377
5.360361621264291,2.3048055528191203,13.864433765411377
5.360361621264291,2.3048055528191203,13.864433765411377
5.360361621264291,2.3048055528191203,13.864433765411377
5.360361621264291,2.3048055528191203,13.864433765411377
5.360361621264291,2.3048055528191203,13.864433765411377
5.360361621264291,2.3048055528191203,13.864433765411377
5.2275716253418745,2.341676249846976,13.864433765411377
5.2275716253418745,2.341676249846976,13.864433765411377
5.2275716253418745,2.341676249846976,13.864433765411377
5.2275716253418745,2.341676249846976,13.864433765411377
5.2275716253418745,2.341676249846976,13.864433765411377
5.2275716253418745,2.341676249846976,13.864433765411377
5.634389992319038,2.3262322691967654,13.864433765411377
5.634389992319038,2.3262322691967654,13.864433765411377
5.634389992319038,2.3262322691967654,13.864433765411377
5.634389992319038,2.3262322691967654,13.864433765411377
5.634389992319038,2.3262322691967654,13.864433765411377
5.634389992319038,2.3262322691967654,13.864433765411377
5.634389992319038,2.3262322691967654,13.864433765411377
5.7147471259931475,2.3208570862272224,13.864433765411377
5.7147471259931475,2.3208570862272224,13.864433765411377
5.7147471259931475,2.3208570862272224,13.864433765411377
5.7147471259931475,2.3208570862272224,13.864433765411377
5.7147471259931475,2.3208570862272224,13.864433765411377
5.7645952053648974,2.2973342906156464,13.864433765411377
5.7645952053648974,2.2973342906156464,13.864433765411377
5.7645952053648974,2.2973342906156464,13.864433765411377
5.7645952053648974,2.2973342906156464,13.864433765411377
5.7645952053648974,2.2973342906156464,13.864433765411377
5.7645952053648974,2.2973342906156464,13.864433765411377
5.800405220944639,2.262303378907237,13.864433765411377
5.800405220944639,2.262303378907237,13.864433765411377
5.800405220944639,2.262303378907237,13.864433765411377
5.800405220944639,2.262303378907237,13.864433765411377
5.800405220944639,2.262303378907237,13.864433765411377
5.800405220944639,2.262303378907237,13.864433765411377
5.841651121450329,2.237862199738151,13.864433765411377
5.841651121450329,2.237862199738151,13.864433765411377
5.841651121450329,2.237862199738151,13.864433765411377
5.841651121450329,2.237862199738151,13.864433765411377
5.841651121450329,2.237862199738151,13.864433765411377
5.8591948263896585,2.225994065071706,13.864433765411377
5.8591948263896585,2.225994065071706,13.864433765411377
5.8591948263896585,2.225994065071706,13.864433765411377
5.8591948263896585,2.225994065071706,13.864433765411377
5.8591948263896585,2.225994065071706,13.864433765411377
5.854160929783399,2.216779108607318,13.864433765411377
5.854160929783399,2.216779108607318,13.864433765411377
5.854160929783399,2.216779108607318,13.864433765411377
5.854160929783399,2.216779108607318,13.864433765411377
5.854160929783399,2.216779108607318,13.864433765411377
5.871047587997693,2.2132512417476393,13.864433765411377
5.871047587997693,2.2132512417476393,13.864433765411377
5.871047587997693,2.2132512417476393,13.864433765411377
5.871047587997693,2.2132512417476393,13.864433765411377
5.871047587997693,2.2132512417476393,13.864433765411377
5.874972634387369,2.2052565334840155,13.864433765411377
5.874972634387369,2.2052565334840155,13.864433765411377
5.874972634387369,2.2052565334840155,13.864433765411377
5.874972634387369,2.2052565334840155,13.864433765411377
5.874972634387369,2.2052565334840155,13.864433765411377
5.88495102340514,2.192641933552786,13.864433765411377
5.88495102340514,2.192641933552786,13.864433765411377
5.88495102340514,2.192641933552786,13.864433765411377
5.88495102340514,2.192641933552786,13.864433765411377
5.88495102340514,2.192641933552786,13.864433765411377
5.911262590677984,2.1750720060593878,13.864433765411377
5.911262590677984,2.1750720060593878,13.864433765411377
5.911262590677984,2.1750720060593878,13.864433765411377
5.911262590677984,2.1750720060593878,13.864433765411377
5.911262590677984,2.1750720060593878,13.864433765411377
5.911262590677984,2.1750720060593878,13.864433765411377
5.949345618493956,2.170306593314884,13.864433765411377
5.949345618493956,2.170306593314884,13.864433765411377
5.949345618493956,2.170306593314884,13.864433765411377
5.949345618493956,2.170306593314884,13.864433765411377
5.949345618493956,2.170306593314884,13.864433765411377
5.976636347315841,2.157494625110035,13.864433765411377
5.976636347315841,2.157494625110035,13.864433765411377
5.976636347315841,2.157494625110035,13.864433765411377
5.976636347315841,2.157494625110035,13.864433765411377
5.976636347315841,2.157494625110035,13.864433765411377
5.980905032117669,2.15262410324104,13.864433765411377
5.980905032117669,2.15262410324104,13.864433765411377
5.980905032117669,2.15262410324104,13.864433765411377
5.980905032117669,2.15262410324104,13.864433765411377
5.980905032117669,2.15262410324104,13.864433765411377
6.020661186051511,2.145138262084976,13.864433765411377
6.020661186051511,2.145138262084976,13.864433765411377
6.020661186051511,2.145138262084976,13.864433765411377
6.020661186051511,2.145138262084976,13.864433765411377
6.020661186051511,2.145138262084976,13.864433765411377
6.062787341900363,2.133962399519925,13.864433765411377
6.062787341900363,2.133962399519925,13.864433765411377
6.062787341900363,2.133962399519925,13.864433765411377
6.062787341900363,2.133962399519925,13.864433765411377
6.062787341900363,2.133962399519925,13.864433765411377
6.062787341900363,2.133962399519925,13.864433765411377
6.1256524727935115,2.1219953857164082,13.864433765411377
6.1256524727935115,2.1219953857164082,13.864433765411377
6.1256524727935115,2.1219953857164082,13.864433765411377
6.1256524727935115,2.1219953857164082,13.864433765411377
6.1256524727935115,2.1219953857164082,13.864433765411377
6.199525285721462,2.1124150499864984,13.864433765411377
6.199525285721462,2.1124150499864984,13.864433765411377
6.199525285721462,2.1124150499864984,13.864433765411377
6.199525285721462,2.1124150499864984,13.864433765411377
6.199525285721462,2.1124150499864984,13.864433765411377
6.199525285721462,2.1124150499864984,13.864433765411377
6.196883400803287,2.101732085573856,13.864433765411377
6.196883400803287,2.101732085573856,13.864433765411377
6.196883400803287,2.101732085573856,13.864433765411377
6.196883400803287,2.101732085573856,13.864433765411377
6.196883400803287,2.101732085573856,13.864433765411377
6.227416871644529,2.084446766327195,13.864433765411377
6.227416871644529,2.084446766327195,13.864433765411377
6.227416871644529,2.084446766327195,13.864433765411377
6.227416871644529,2.084446766327195,13.864433765411377
6.227416871644529,2.084446766327195,13.864433765411377
6.2725644685413355,2.0672528357047013,13.864433765411377
6.2725644685413355,2.0672528357047013,13.864433765411377
6.2725644685413355,2.0672528357047013,13.864433765411377
6.2725644685413355,2.0672528357047013,13.864433765411377
6.2725644685413355,2.0672528357047013,13.864433765411377
6.318139947553092,2.0564808705367503,13.864433765411377
6.318139947553092,2.0564808705367503,13.864433765411377
6.318139947553092,2.0564808705367503,13.864433765411377
6.318139947553092,2.0564808705367503,13.864433765411377
6.318139947553092,2.0564808705367503,13.864433765411377
6.318139947553092,2.0564808705367503,13.864433765411377
6.367978454417136,2.040707044839328,13.864433765411377
6.367978454417136,2.040707044839328,13.864433765411377
6.367978454417136,2.040707044839328,13.864433765411377
6.367978454417136,2.040707044839328,13.864433765411377
6.367978454417136,2.040707044839328,13.864433765411377
6.380862082819257,2.030874036528009,13.864433765411377
6.380862082819257,2.030874036528009,13.864433765411377
6.380862082819257,2.030874036528009,13.864433765411377
6.380862082819257,2.030874036528009,13.864433765411377
6.380862082819257,2.030874036528009,13.864433765411377
6.423305957384048,2.012649201846716,13.864433765411377
6.423305957384048,2.012649201846716,13.864433765411377
6.423305957384048,2.012649201846716,13.864433765411377
6.423305957384048,2.012649201846716,13.864433765411377
6.423305957384048,2.012649201846716,13.864433765411377
6.423305957384048,2.012649201846716,13.864433765411377
6.474020466080054,1.9898835527820378,13.864433765411377
6.474020466080054,1.9898835527820378,13.864433765411377
6.474020466080054,1.9898835527820378,13.864433765411377
6.474020466080054,1.9898835527820378,13.864433765411377
6.474020466080054,1.9898835527820378,13.864433765411377
6.4775457823509495,1.9567766010463723,13.864433765411377
6.4775457823509495,1.9567766010463723,13.864433765411377
6.4775457823509495,1.9567766010463723,13.864433765411377
6.4775457823509495,1.9567766010463723,13.864433765411377
6.4775457823509495,1.9567766010463723,13.864433765411377
6.477724153805747,1.9315468785325904,13.864433765411377
6.477724153805747,1.9315468785325904,13.864433765411377
6.477724153805747,1.9315468785325904,13.864433765411377
6.477724153805747,1.9315468785325904,13.864433765411377
6.477724153805747,1.9315468785325904,13.864433765411377
6.497539698851657,1.9096357907198391,13.864433765411377
6.497539698851657,1.9096357907198391,13.864433765411377
6.497539698851657,1.9096357907198391,13.864433765411377
6.497539698851657,1.9096357907198391,13.864433765411377
6.497539698851657,1.9096357907198391,13.864433765411377
6.497539698851657,1.9096357907198391,13.864433765411377
6.514334339231444,1.8823375156352493,13.864433765411377
6.514334339231444,1.8823375156352493,13.864433765411377
6.514334339231444,1.8823375156352493,13.864433765411377
6.514334339231444,1.8823375156352493,13.864433765411377
6.514334339231444,1.8823375156352493,13.864433765411377
6.514334339231444,1.8823375156352493,13.864433765411377
6.5562254551769765,1.8604354382116155,13.864433765411377
6.5562254551769765,1.8604354382116155,13.864433765411377
6.5562254551769765,1.8604354382116155,13.864433765411377
6.5562254551769765,1.8604354382116155,13.864433765411377
6.5562254551769765,1.8604354382116155,13.864433765411377
6.6055755449511135,1.8324769014744842,13.864433765411377
6.6055755449511135,1.8324769014744842,13.864433765411377
6.6055755449511135,1.8324769014744842,13.864433765411377
6.6055755449511135,1.8324769014744842,13.864433765411377
6.6055755449511135,1.8324769014744842,13.864433765411377
6.6055755449511135,1.8324769014744842,13.864433765411377
6.690917182853028,1.8170892575478887,13.864433765411377
6.690917182853028,1.8170892575478887,13.864433765411377
6.690917182853028,1.8170892575478887,13.864433765411377
6.690917182853028,1.8170892575478887,13.864433765411377
6.690917182853028,1.8170892575478887,13.864433765411377
6.7593181018833555,1.7918703670061125,13.864433765411377
6.7593181018833555,1.7918703670061125,13.864433765411377
6.7593181018833555,1.7918703670061125,13.864433765411377
6.7593181018833555,1.7918703670061125,13.864433765411377
6.7593181018833555,1.7918703670061125,13.864433765411377
6.7593181018833555,1.7918703670061125,13.864433765411377
6.774818342207283,1.7549944219716374,13.864433765411377
6.774818342207283,1.7549944219716374,13.864433765411377
6.774818342207283,1.7549944219716374,13.864433765411377
6.774818342207283,1.7549944219716374,13.864433765411377
6.774818342207283,1.7549944219716374,13.864433765411377
6.868717077449599,1.7356999694611543,13.864433765411377
6.868717077449599,1.7356999694611543,13.864433765411377
6.868717077449599,1.7356999694611543,13.864433765411377
6.868717077449599,1.7356999694611543,13.864433765411377
6.868717077449599,1.7356999694611543,13.864433765411377
6.868717077449599,1.7356999694611543,13.864433765411377
6.877060925244824,1.6921843866287263,13.864433765411377
6.877060925244824,1.6921843866287263,13.864433765411377
6.877060925244824,1.6921843866287263,13.864433765411377
6.877060925244824,1.6921843866287263,13.864433765411377
6.877060925244824,1.6921843866287263,13.864433765411377
6.959190280183114,1.6815380142137286,13.864433765411377
6.959190280183114,1.6815380142137286,13.864433765411377
6.959190280183114,1.6815380142137286,13.864433765411377
6.959190280183114,1.6815380142137286,13.864433765411377
6.959190280183114,1.6815380142137286,13.864433765411377
6.959190280183114,1.6815380142137286,13.864433765411377
6.905238765963952,1.6318964445060573,13.864433765411377
6.905238765963952,1.6318964445060573,13.864433765411377
6.905238765963952,1.6318964445060573,13.864433765411377
6.905238765963952,1.6318964445060573,13.864433765411377
6.905238765963952,1.6318964445060573,13.864433765411377
7.0044764262576,1.630702208817127,13.864433765411377
7.0044764262576,1.630702208817127,13.864433765411377
7.0044764262576,1.630702208817127,13.864433765411377
7.0044764262576,1.630702208817127,13.864433765411377
7.0044764262576,1.630702208817127,13.864433765411377
7.0044764262576,1.630702208817127,13.864433765411377
7.034746561396467,1.6096067175480488,13.864433765411377
7.034746561396467,1.6096067175480488,13.864433765411377
7.034746561396467,1.6096067175480488,13.864433765411377
7.034746561396467,1.6096067175480488,13.864433765411377
7.034746561396467,1.6096067175480488,13.864433765411377
7.056886919360115,1.5639523991476045,13.864433765411377
7.056886919360115,1.5639523991476045,13.864433765411377
7.056886919360115,1.5639523991476045,13.864433765411377
7.056886919360115,1.5639523991476045,13.864433765411377
7.056886919360115,1.5639523991476045,13.864433765411377
7.056886919360115,1.5639523991476045,13.864433765411377
7.024263939253504,1.512365659844777,13.864433765411377
7.024263939253504,1.512365659844777,13.864433765411377
7.024263939253504,1.512365659844777,13.864433765411377
7.024263939253504,1.512365659844777,13.864433765411377
7.024263939253504,1.512365659844777,13.864433765411377
6.960443771218795,1.4598241511848984,13.864433765411377
6.960443771218795,1.4598241511848984,13.864433765411377
6.960443771218795,1.4598241511848984,13.864433765411377
6.960443771218795,1.4598241511848984,13.864433765411377
6.960443771218795,1.4598241511848984,13.864433765411377
6.960443771218795,1.4598241511848984,13.864433765411377
6.905124619475063,1.4166805146832917,13.864433765411377
6.905124619475063,1.4166805146832917,13.864433765411377
6.905124619475063,1.4166805146832917,13.864433765411377
6.905124619475063,1.4166805146832917,13.864433765411377
6.905124619475063,1.4166805146832917,13.864433765411377
6.846074612252151,1.3710234736802132,13.864433765411377
6.846074612252151,1.3710234736802132,13.864433765411377
6.846074612252151,1.3710234736802132,13.864433765411377
6.846074612252151,1.3710234736802132,13.864433765411377
6.846074612252151,1.3710234736802132,13.864433765411377
6.771497093647856,1.3279125782825323,13.864433765411377
6.771497093647856,1.3279125782825323,13.864433765411377
6.771497093647856,1.3279125782825323,13.864433765411377
6.771497093647856,1.3279125782825323,13.864433765411377
6.771497093647856,1.3279125782825323,13.864433765411377
6.76228648728885,1.2920033493787906,13.864433765411377
6.76228648728885,1.2920033493787906,13.864433765411377
6.76228648728885,1.2920033493787906,13.864433765411377
6.76228648728885,1.2920033493787906,13.864433765411377
6.76228648728885,1.2920033493787906,13.864433765411377
6.76228648728885,1.2920033493787906,13.864433765411377
6.812166155165661,1.2577325257382037,13.864433765411377
6.812166155165661,1.2577325257382037,13.864433765411377
6.812166155165661,1.2577325257382037,13.864433765411377
6.812166155165661,1.2577325257382037,13.864433765411377
6.812166155165661,1.2577325257382037,13.864433765411377
6.812166155165661,1.2577325257382037,13.864433765411377
6.809548836801374,1.2299373215550913,13.864433765411377
6.809548836801374,1.2299373215550913,13.864433765411377
6.809548836801374,1.2299373215550913,13.864433765411377
6.809548836801374,1.2299373215550913,13.864433765411377
6.809548836801374,1.2299373215550913,13.864433765411377
6.806944535550098,1.2048743821616283,13.864433765411377
6.806944535550098,1.2048743821616283,13.864433765411377
6.806944535550098,1.2048743821616283,13.864433765411377
6.806944535550098,1.2048743821616283,13.864433765411377
6.806944535550098,1.2048743821616283,13.864433765411377
6.803328548648006,1.1801418410754747,13.864433765411377
6.803328548648006,1.1801418410754747,13.864433765411377
6.803328548648006,1.1801418410754747,13.864433765411377
6.803328548648006,1.1801418410754747,13.864433765411377
6.803328548648006,1.1801418410754747,13.864433765411377
6.803328548648006,1.1801418410754747,13.864433765411377
6.817800639924544,1.124402239059518,13.864433765411377
6.817800639924544,1.124402239059518,13.864433765411377
6.817800639924544,1.124402239059518,13.864433765411377
6.817800639924544,1.124402239059518,13.864433765411377
6.817800639924544,1.124402239059518,13.864433765411377
6.76528929332897,1.0928935693387258,13.864433765411377
6.76528929332897,1.0928935693387258,13.864433765411377
6.76528929332897,1.0928935693387258,13.864433765411377
6.76528929332897,1.0928935693387258,13.864433765411377
6.76528929332897,1.0928935693387258,13.864433765411377
6.76528929332897,1.0928935693387258,13.864433765411377
6.712984419368706,1.0500868251214572,13.864433765411377
6.712984419368706,1.0500868251214572,13.864433765411377
6.712984419368706,1.0500868251214572,13.864433765411377
6.712984419368706,1.0500868251214572,13.864433765411377
6.712984419368706,1.0500868251214572,13.864433765411377
6.712984419368706,1.0500868251214572,13.864433765411377
6.777469226230279,1.0485050400803784,13.864433765411377
6.777469226230279,1.0485050400803784,13.864433765411377
6.777469226230279,1.0485050400803784,13.864433765411377
6.777469226230279,1.0485050400803784,13.864433765411377
6.777469226230279,1.0485050400803784,13.864433765411377
6.777469226230279,1.0485050400803784,13.864433765411377
6.817983956558344,1.023814398667653,13.864433765411377
6.817983956558344,1.023814398667653,13.864433765411377
6.817983956558344,1.023814398667653,13.864433765411377
6.817983956558344,1.023814398667653,13.864433765411377
6.817983956558344,1.023814398667653,13.864433765411377
6.799635532261445,0.9906480745178475,13.864433765411377
6.799635532261445,0.9906480745178475,13.864433765411377
6.799635532261445,0.9906480745178475,13.864433765411377
6.799635532261445,0.9906480745178475,13.864433765411377
6.799635532261445,0.9906480745178475,13.864433765411377
6.757526198659899,0.9499562322100368,13.864433765411377
6.757526198659899,0.9499562322100368,13.864433765411377
6.757526198659899,0.9499562322100368,13.864433765411377
6.757526198659899,0.9499562322100368,13.864433765411377
6.757526198659899,0.9499562322100368,13.864433765411377
6.738752140352156,0.9185986531403699,13.864433765411377
6.738752140352156,0.9185986531403699,13.864433765411377
6.738752140352156,0.9185986531403699,13.864433765411377
6.738752140352156,0.9185986531403699,13.864433765411377
6.738752140352156,0.9185986531403699,13.864433765411377
6.649573534133565,0.9195321693660294,13.864433765411377
6.649573534133565,0.9195321693660294,13.864433765411377
6.649573534133565,0.9195321693660294,13.864433765411377
6.649573534133565,0.9195321693660294,13.864433765411377
6.649573534133565,0.9195321693660294,13.864433765411377
6.57407735098832,0.9334167747673915,13.864433765411377
6.57407735098832,0.9334167747673915,13.864433765411377
6.57407735098832,0.9334167747673915,13.864433765411377
6.57407735098832,0.9334167747673915,13.864433765411377
6.57407735098832,0.9334167747673915,13.864433765411377
6.498331991447358,0.9457140538989813,13.864433765411377
6.498331991447358,0.9457140538989813,13.864433765411377
6.498331991447358,0.9457140538989813,13.864433765411377
6.498331991447358,0.9457140538989813,13.864433765411377
6.498331991447358,0.9457140538989813,13.864433765411377
6.4164826396272625,0.9517773121706099,13.864433765411377
6.4164826396272625,0.9517773121706099,13.864433765411377
6.4164826396272625,0.9517773121706099,13.864433765411377
6.4164826396272625,0.9517773121706099,13.864433765411377
6.4164826396272625,0.9517773121706099,13.864433765411377
6.408661125120322,0.9427926937613551,13.864433765411377
6.408661125120322,0.9427926937613551,13.864433765411377
6.408661125120322,0.9427926937613551,13.864433765411377
6.408661125120322,0.9427926937613551,13.864433765411377
6.399646662612826,0.9338602911401063,13.864433765411377
6.399646662612826,0.9338602911401063,13.864433765411377
6.399646662612826,0.9338602911401063,13.864433765411377
6.399646662612826,0.9338602911401063,13.864433765411377
6.399646662612826,0.9338602911401063,13.864433765411377
6.423853339012679,0.93241985487331,13.864433765411377
6.423853339012679,0.93241985487331,13.864433765411377
6.423853339012679,0.93241985487331,13.864433765411377
6.423853339012679,0.93241985487331,13.864433765411377
6.423853339012679,0.93241985487331,13.864433765411377
6.416241970369064,0.9296214404006803,13.864433765411377
6.416241970369064,0.9296214404006803,13.864433765411377
6.416241970369064,0.9296214404006803,13.864433765411377
6.416241970369064,0.9296214404006803,13.864433765411377
6.416241970369064,0.9296214404006803,13.864433765411377
6.401888276493162,0.9321232178591043,13.864433765411377
6.401888276493162,0.9321232178591043,13.864433765411377
6.401888276493162,0.9321232178591043,13.864433765411377
6.401888276493162,0.9321232178591043,13.864433765411377
6.401888276493162,0.9321232178591043,13.864433765411377
6.401888276493162,0.9321232178591043,13.864433765411377
6.418033176582899,0.940467007782206,13.864433765411377
6.418033176582899,0.940467007782206,13.864433765411377
6.418033176582899,0.940467007782206,13.864433765411377
6.418033176582899,0.940467007782206,13.864433765411377
6.418033176582899,0.940467007782206,13.864433765411377
6.450927261206052,0.9473202422267352,13.864433765411377
6.450927261206052,0.9473202422267352,13.864433765411377
6.450927261206052,0.9473202422267352,13.864433765411377
6.450927261206052,0.9473202422267352,13.864433765411377
6.450927261206052,0.9473202422267352,13.864433765411377
6.457337438002626,0.9337694044697783,13.864433765411377
6.457337438002626,0.9337694044697783,13.864433765411377
6.457337438002626,0.9337694044697783,13.864433765411377
6.457337438002626,0.9337694044697783,13.864433765411377
6.457337438002626,0.9337694044697783,13.864433765411377
6.49200037919599,0.9312937119059075,13.864433765411377
6.49200037919599,0.9312937119059075,13.864433765411377
6.49200037919599,0.9312937119059075,13.864433765411377
6.49200037919599,0.9312937119059075,13.864433765411377
6.49200037919599,0.9312937119059075,13.864433765411377
6.5124981898588095,0.961813019087162,13.864433765411377
6.5124981898588095,0.961813019087162,13.864433765411377
6.5124981898588095,0.961813019087162,13.864433765411377
6.5124981898588095,0.961813019087162,13.864433765411377
6.5124981898588095,0.961813019087162,13.864433765411377
6.542315530809878,0.9716108343868544,13.864433765411377
6.542315530809878,0.9716108343868544,13.864433765411377
6.542315530809878,0.9716108343868544,13.864433765411377
6.542315530809878,0.9716108343868544,13.864433765411377
6.542315530809878,0.9716108343868544,13.864433765411377
6.563472414039278,0.9802719516397538,13.864433765411377
6.563472414039278,0.9802719516397538,13.864433765411377
6.563472414039278,0.9802719516397538,13.864433765411377
6.563472414039278,0.9802719516397538,13.864433765411377
6.563472414039278,0.9802719516397538,13.864433765411377
6.578726957848713,0.9641772192756469,13.864433765411377
6.578726957848713,0.9641772192756469,13.864433765411377
6.578726957848713,0.9641772192756469,13.864433765411377
6.578726957848713,0.9641772192756469,13.864433765411377
6.578726957848713,0.9641772192756469,13.864433765411377
6.581932801014744,0.9791683724352906,13.864433765411377
6.581932801014744,0.9791683724352906,13.864433765411377
6.581932801014744,0.9791683724352906,13.864433765411377
6.581932801014744,0.9791683724352906,13.864433765411377
6.581932801014744,0.9791683724352906,13.864433765411377
6.625242021693951,0.9895567522627353,13.864433765411377
6.625242021693951,0.9895567522627353,13.864433765411377
6.625242021693951,0.9895567522627353,13.864433765411377
6.625242021693951,0.9895567522627353,13.864433765411377
6.625242021693951,0.9895567522627353,13.864433765411377
6.6450071791091325,0.9954535722938058,13.864433765411377
6.6450071791091325,0.9954535722938058,13.864433765411377
6.6450071791091325,0.9954535722938058,13.864433765411377
6.6450071791091325,0.9954535722938058,13.864433765411377
6.6450071791091325,0.9954535722938058,13.864433765411377
6.659215066044795,1.0149275983147608,13.864433765411377
6.659215066044795,1.0149275983147608,13.864433765411377
6.659215066044795,1.0149275983147608,13.864433765411377
6.659215066044795,1.0149275983147608,13.864433765411377
6.659215066044795,1.0149275983147608,13.864433765411377
6.651625407707001,1.0226078276392367,13.864433765411377
6.651625407707001,1.0226078276392367,13.864433765411377
6.651625407707001,1.0226078276392367,13.864433765411377
6.651625407707001,1.0226078276392367,13.864433765411377
6.651625407707001,1.0226078276392367,13.864433765411377
6.687540713956814,1.0316974831690373,13.864433765411377
6.687540713956814,1.0316974831690373,13.864433765411377
6.687540713956814,1.0316974831690373,13.864433765411377
6.687540713956814,1.0316974831690373,13.864433765411377
6.687540713956814,1.0316974831690373,13.864433765411377
6.671507787236095,1.059809262212403,13.864433765411377
6.671507787236095,1.059809262212403,13.864433765411377
6.671507787236095,1.059809262212403,13.864433765411377
6.671507787236095,1.059809262212403,13.864433765411377
6.671507787236095,1.059809262212403,13.864433765411377
6.681385794306989,1.0727153602937323,13.864433765411377
6.681385794306989,1.0727153602937323,13.864433765411377
6.681385794306989,1.0727153602937323,13.864433765411377
6.681385794306989,1.0727153602937323,13.864433765411377
6.681385794306989,1.0727153602937323,13.864433765411377
6.674787497654293,1.0705166020384282,13.864433765411377
6.674787497654293,1.0705166020384282,13.864433765411377
6.674787497654293,1.0705166020384282,13.864433765411377
6.674787497654293,1.0705166020384282,13.864433765411377
6.674787497654293,1.0705166020384282,13.864433765411377
6.666344976985409,1.0921940008527489,13.864433765411377
6.666344976985409,1.0921940008527489,13.864433765411377
6.666344976985409,1.0921940008527489,13.864433765411377
6.666344976985409,1.0921940008527489,13.864433765411377
6.666344976985409,1.0921940008527489,13.864433765411377
6.670392683679221,1.0977667716416726,13.864433765411377
6.670392683679221,1.0977667716416726,13.864433765411377
6.670392683679221,1.0977667716416726,13.864433765411377
6.670392683679221,1.0977667716416726,13.864433765411377
6.670392683679221,1.0977667716416726,13.864433765411377
6.7106545588659365,1.1304282200948803,13.864433765411377
6.7106545588659365,1.1304282200948803,13.864433765411377
6.7106545588659365,1.1304282200948803,13.864433765411377
6.7106545588659365,1.1304282200948803,13.864433765411377
6.7106545588659365,1.1304282200948803,13.864433765411377
6.7106545588659365,1.1304282200948803,13.864433765411377
6.736766382540023,1.1547645031288631,13.864433765411377
6.736766382540023,1.1547645031288631,13.864433765411377
6.736766382540023,1.1547645031288631,13.864433765411377
6.736766382540023,1.1547645031288631,13.864433765411377
6.78769851564126,1.1786688737384696,13.864433765411377
6.78769851564126,1.1786688737384696,13.864433765411377
6.78769851564126,1.1786688737384696,13.864433765411377
6.78769851564126,1.1786688737384696,13.864433765411377
6.78769851564126,1.1786688737384696,13.864433765411377
6.798994339260648,1.2086990899737466,13.864433765411377
6.798994339260648,1.2086990899737466,13.864433765411377
6.798994339260648,1.2086990899737466,13.864433765411377
6.798994339260648,1.2086990899737466,13.864433765411377
6.798994339260648,1.2086990899737466,13.864433765411377
6.810557788892419,1.2276660083740845,13.864433765411377
6.810557788892419,1.2276660083740845,13.864433765411377
6.810557788892419,1.2276660083740845,13.864433765411377
6.810557788892419,1.2276660083740845,13.864433765411377
6.810557788892419,1.2276660083740845,13.864433765411377
6.805475721082072,1.2546601936939732,13.864433765411377
6.805475721082072,1.2546601936939732,13.864433765411377
6.805475721082072,1.2546601936939732,13.864433765411377
6.805475721082072,1.2546601936939732,13.864433765411377
6.805475721082072,1.2546601936939732,13.864433765411377
6.805475721082072,1.2546601936939732,13.864433765411377
6.838959617014622,1.2833209020166587,13.864433765411377
6.838959617014622,1.2833209020166587,13.864433765411377
6.838959617014622,1.2833209020166587,13.864433765411377
6.838959617014622,1.2833209020166587,13.864433765411377
6.838959617014622,1.2833209020166587,13.864433765411377
6.826452773999094,1.2941065984271376,13.864433765411377
6.826452773999094,1.2941065984271376,13.864433765411377
6.826452773999094,1.2941065984271376,13.864433765411377
6.826452773999094,1.2941065984271376,13.864433765411377
6.826452773999094,1.2941065984271376,13.864433765411377
6.8221033151635675,1.317564691340216,13.864433765411377
6.8221033151635675,1.317564691340216,13.864433765411377
6.8221033151635675,1.317564691340216,13.864433765411377
6.8221033151635675,1.317564691340216,13.864433765411377
6.8221033151635675,1.317564691340216,13.864433765411377
6.835690129725662,1.3354023920821811,13.864433765411377
6.835690129725662,1.3354023920821811,13.864433765411377
6.835690129725662,1.3354023920821811,13.864433765411377
6.835690129725662,1.3354023920821811,13.864433765411377
6.835690129725662,1.3354023920821811,13.864433765411377
6.819640994937482,1.373509998656641,13.864433765411377
6.819640994937482,1.373509998656641,13.864433765411377
6.819640994937482,1.373509998656641,13.864433765411377
6.819640994937482,1.373509998656641,13.864433765411377
6.819640994937482,1.373509998656641,13.864433765411377
6.822503688291129,1.393313531765429,13.864433765411377
6.822503688291129,1.393313531765429,13.864433765411377
6.822503688291129,1.393313531765429,13.864433765411377
6.822503688291129,1.393313531765429,13.864433765411377
6.822503688291129,1.393313531765429,13.864433765411377
6.806918965647739,1.4175174984900516,13.864433765411377
6.806918965647739,1.4175174984900516,13.864433765411377
6.806918965647739,1.4175174984900516,13.864433765411377
6.806918965647739,1.4175174984900516,13.864433765411377
6.806918965647739,1.4175174984900516,13.864433765411377
6.838157676222913,1.4505665101212357,13.864433765411377
6.838157676222913,1.4505665101212357,13.864433765411377
6.838157676222913,1.4505665101212357,13.864433765411377
6.838157676222913,1.4505665101212357,13.864433765411377
6.838157676222913,1.4505665101212357,13.864433765411377
6.86910225690444,1.4833522158884187,13.864433765411377
6.86910225690444,1.4833522158884187,13.864433765411377
6.86910225690444,1.4833522158884187,13.864433765411377
6.86910225690444,1.4833522158884187,13.864433765411377
6.86910225690444,1.4833522158884187,13.864433765411377
6.864093755554643,1.5251674343622283,13.864433765411377
6.864093755554643,1.5251674343622283,13.864433765411377
6.864093755554643,1.5251674343622283,13.864433765411377
6.864093755554643,1.5251674343622283,13.864433765411377
6.864093755554643,1.5251674343622283,13.864433765411377
6.883747947112404,1.5548538788424169,13.864433765411377
6.883747947112404,1.5548538788424169,13.864433765411377
6.883747947112404,1.5548538788424169,13.864433765411377
6.883747947112404,1.5548538788424169,13.864433765411377
6.883747947112404,1.5548538788424169,13.864433765411377
6.883747947112404,1.5548538788424169,13.864433765411377
6.8458067444630295,1.5908077151180373,13.864433765411377
6.8458067444630295,1.5908077151180373,13.864433765411377
6.8458067444630295,1.5908077151180373,13.864433765411377
6.8458067444630295,1.5908077151180373,13.864433765411377
6.8458067444630295,1.5908077151180373,13.864433765411377
6.9056500778184375,1.6356212864357418,13.864433765411377
6.9056500778184375,1.6356212864357418,13.864433765411377
6.9056500778184375,1.6356212864357418,13.864433765411377
6.9056500778184375,1.6356212864357418,13.864433765411377
6.9056500778184375,1.6356212864357418,13.864433765411377
6.933742882578745,1.6805283290840554,13.864433765411377
6.933742882578745,1.6805283290840554,13.864433765411377
6.933742882578745,1.6805283290840554,13.864433765411377
6.933742882578745,1.6805283290840554,13.864433765411377
6.933742882578745,1.6805283290840554,13.864433765411377
6.968017517050646,1.7154819015298823,13.864433765411377
6.968017517050646,1.7154819015298823,13.864433765411377
6.968017517050646,1.7154819015298823,13.864433765411377
6.968017517050646,1.7154819015298823,13.864433765411377
6.968017517050646,1.7154819015298823,13.864433765411377
6.9445325878538515,1.7516213896427115,13.864433765411377
6.9445325878538515,1.7516213896427115,13.864433765411377
6.9445325878538515,1.7516213896427115,13.864433765411377
6.9445325878538515,1.7516213896427115,13.864433765411377
6.9445325878538515,1.7516213896427115,13.864433765411377
6.982238318943301,1.786789579842605,13.864433765411377
6.982238318943301,1.786789579842605,13.864433765411377
6.982238318943301,1.786789579842605,13.864433765411377
6.982238318943301,1.786789579842605,13.864433765411377
6.982238318943301,1.786789579842605,13.864433765411377
6.979851060186094,1.8265355935639054,13.864433765411377
6.979851060186094,1.8265355935639054,13.864433765411377
6.979851060186094,1.8265355935639054,13.864433765411377
6.979851060186094,1.8265355935639054,13.864433765411377
6.979851060186094,1.8265355935639054,13.864433765411377
6.946780818858159,1.846889876558761,13.864433765411377
6.946780818858159,1.846889876558761,13.864433765411377
6.946780818858159,1.846889876558761,13.864433765411377
6.946780818858159,1.846889876558761,13.864433765411377
6.946780818858159,1.846889876558761,13.864433765411377
6.953977950586578,1.885302761297945,13.864433765411377
6.953977950586578,1.885302761297945,13.864433765411377
6.953977950586578,1.885302761297945,13.864433765411377
6.953977950586578,1.885302761297945,13.864433765411377
6.953977950586578,1.885302761297945,13.864433765411377
6.975784884053029,1.930770738861314,13.864433765411377
6.975784884053029,1.930770738861314,13.864433765411377
6.975784884053029,1.930770738861314,13.864433765411377
6.975784884053029,1.930770738861314,13.864433765411377
6.975784884053029,1.930770738861314,13.864433765411377
6.975784884053029,1.930770738861314,13.864433765411377
6.954593768646108,1.9734435718903771,13.864433765411377
6.954593768646108,1.9734435718903771,13.864433765411377
6.954593768646108,1.9734435718903771,13.864433765411377
6.954593768646108,1.9734435718903771,13.864433765411377
6.954593768646108,1.9734435718903771,13.864433765411377
6.982000767126774,2.0121687362649623,13.864433765411377
6.982000767126774,2.0121687362649623,13.864433765411377
6.982000767126774,2.0121687362649623,13.864433765411377
6.982000767126774,2.0121687362649623,13.864433765411377
6.982000767126774,2.0121687362649623,13.864433765411377
6.980708483324825,2.042524350865657,13.864433765411377
6.980708483324825,2.042524350865657,13.864433765411377
6.980708483324825,2.042524350865657,13.864433765411377
6.980708483324825,2.042524350865657,13.864433765411377
6.980708483324825,2.042524350865657,13.864433765411377
6.976139251927855,2.067003144620936,13.864433765411377
6.976139251927855,2.067003144620936,13.864433765411377
6.976139251927855,2.067003144620936,13.864433765411377
6.976139251927855,2.067003144620936,13.864433765411377
6.976139251927855,2.067003144620936,13.864433765411377
6.968035811761311,2.099605545286184,13.864433765411377
6.968035811761311,2.099605545286184,13.864433765411377
6.968035811761311,2.099605545286184,13.864433765411377
6.968035811761311,2.099605545286184,13.864433765411377
6.968035811761311,2.099605545286184,13.864433765411377
7.022094917923358,2.141254521706947,13.864433765411377
7.022094917923358,2.141254521706947,13.864433765411377
7.022094917923358,2.141254521706947,13.864433765411377
7.022094917923358,2.141254521706947,13.864433765411377
7.022094917923358,2.141254521706947,13.864433765411377
7.035451132502896,2.1729191159001164,13.864433765411377
7.035451132502896,2.1729191159001164,13.864433765411377
7.035451132502896,2.1729191159001164,13.864433765411377
7.035451132502896,2.1729191159001164,13.864433765411377
7.035451132502896,2.1729191159001164,13.864433765411377
7.080987113227048,2.2260240315097133,13.864433765411377
7.080987113227048,2.2260240315097133,13.864433765411377
7.080987113227048,2.2260240315097133,13.864433765411377
7.080987113227048,2.2260240315097133,13.864433765411377
7.080987113227048,2.2260240315097133,13.864433765411377
7.092054533833347,2.2649780842784577,13.864433765411377
7.092054533833347,2.2649780842784577,13.864433765411377
7.092054533833347,2.2649780842784577,13.864433765411377
7.092054533833347,2.2649780842784577,13.864433765411377
7.092054533833347,2.2649780842784577,13.864433765411377
7.081098625901112,2.3054892673304153,13.864433765411377
7.081098625901112,2.3054892673304153,13.864433765411377
7.081098625901112,2.3054892673304153,13.864433765411377
7.081098625901112,2.3054892673304153,13.864433765411377
7.081098625901112,2.3054892673304153,13.864433765411377
7.096418782880824,2.341475141521333,13.864433765411377
7.096418782880824,2.341475141521333,13.864433765411377
7.096418782880824,2.341475141521333,13.864433765411377
7.096418782880824,2.341475141521333,13.864433765411377
7.096418782880824,2.341475141521333,13.864433765411377
7.1038232957812,2.377124228958525,13.864433765411377
7.1038232957812,2.377124228958525,13.864433765411377
7.1038232957812,2.377124228958525,13.864433765411377
7.1038232957812,2.377124228958525,13.864433765411377
7.1038232957812,2.377124228958525,13.864433765411377
7.046986890116358,2.401570820429019,13.864433765411377
7.046986890116358,2.401570820429019,13.864433765411377
7.046986890116358,2.401570820429019,13.864433765411377
7.046986890116358,2.401570820429019,13.864433765411377
7.046986890116358,2.401570820429019,13.864433765411377
7.046338529764958,2.428663443087596,13.864433765411377
7.046338529764958,2.428663443087596,13.864433765411377
7.046338529764958,2.428663443087596,13.864433765411377
7.046338529764958,2.428663443087596,13.864433765411377
7.046338529764958,2.428663443087596,13.864433765411377
7.069546476583474,2.4616492084438115,13.864433765411377
7.069546476583474,2.4616492084438115,13.864433765411377
7.069546476583474,2.4616492084438115,13.864433765411377
7.069546476583474,2.4616492084438115,13.864433765411377
7.069546476583474,2.4616492084438115,13.864433765411377
7.027270172937477,2.470695897953167,13.864433765411377
7.027270172937477,2.470695897953167,13.864433765411377
7.027270172937477,2.470695897953167,13.864433765411377
7.027270172937477,2.470695897953167,13.864433765411377
7.027270172937477,2.470695897953167,13.864433765411377
7.009855062901069,2.493504360962403,13.864433765411377
7.009855062901069,2.493504360962403,13.864433765411377
7.009855062901069,2.493504360962403,13.864433765411377
7.009855062901069,2.493504360962403,13.864433765411377
7.009855062901069,2.493504360962403,13.864433765411377
6.9567290011516745,2.5085184903843185,13.864433765411377
6.9567290011516745,2.5085184903843185,13.864433765411377
6.9567290011516745,2.5085184903843185,13.864433765411377
6.9567290011516745,2.5085184903843185,13.864433765411377
6.9567290011516745,2.5085184903843185,13.864433765411377
6.973189828149811,2.5363293051271643,13.864433765411377
6.973189828149811,2.5363293051271643,13.864433765411377
6.973189828149811,2.5363293051271643,13.864433765411377
6.973189828149811,2.5363293051271643,13.864433765411377
6.973189828149811,2.5363293051271643,13.864433765411377
6.950609967077173,2.554222330139699,13.864433765411377
6.950609967077173,2.554222330139699,13.864433765411377
6.950609967077173,2.554222330139699,13.864433765411377
6.950609967077173,2.554222330139699,13.864433765411377
6.950609967077173,2.554222330139699,13.864433765411377
6.943046284625628,2.579206211049161,13.864433765411377
6.943046284625628,2.579206211049161,13.864433765411377
6.943046284625628,2.579206211049161,13.864433765411377
6.943046284625628,2.579206211049161,13.864433765411377
6.943046284625628,2.579206211049161,13.864433765411377
6.912110852891593,2.6018905876840543,13.864433765411377
6.912110852891593,2.6018905876840543,13.864433765411377
6.912110852891593,2.6018905876840543,13.864433765411377
6.912110852891593,2.6018905876840543,13.864433765411377
6.912110852891593,2.6018905876840543,13.864433765411377
6.86906636157082,2.6245912033094507,13.864433765411377
6.86906636157082,2.6245912033094507,13.864433765411377
6.86906636157082,2.6245912033094507,13.864433765411377
6.86906636157082,2.6245912033094507,13.864433765411377
6.922308846776068,2.65928065424664,13.864433765411377
6.922308846776068,2.65928065424664,13.864433765411377
6.922308846776068,2.65928065424664,13.864433765411377
6.922308846776068,2.65928065424664,13.864433765411377
6.922308846776068,2.65928065424664,13.864433765411377
6.9311406351664395,2.686834071768711,13.864433765411377
6.9311406351664395,2.686834071768711,13.864433765411377
6.9311406351664395,2.686834071768711,13.864433765411377
6.9311406351664395,2.686834071768711,13.864433765411377
6.9311406351664395,2.686834071768711,13.864433765411377
6.919912179957937,2.7071146861383815,13.864433765411377
6.919912179957937,2.7071146861383815,13.864433765411377
6.919912179957937,2.7071146861383815,13.864433765411377
6.919912179957937,2.7071146861383815,13.864433765411377
6.919912179957937,2.7071146861383815,13.864433765411377
6.955218714676738,2.7392127040669854,13.864433765411377
6.955218714676738,2.7392127040669854,13.864433765411377
6.955218714676738,2.7392127040669854,13.864433765411377
6.955218714676738,2.7392127040669854,13.864433765411377
6.955218714676738,2.7392127040669854,13.864433765411377
6.919320197019237,2.7691437727930794,13.864433765411377
6.919320197019237,2.7691437727930794,13.864433765411377
6.919320197019237,2.7691437727930794,13.864433765411377
6.919320197019237,2.7691437727930794,13.864433765411377
6.847979361920971,2.6752652220223885,13.864433765411377
6.847979361920971,2.6752652220223885,13.864433765411377
6.847979361920971,2.6752652220223885,13.864433765411377
6.847979361920971,2.6752652220223885,13.864433765411377
6.847979361920971,2.6752652220223885,13.864433765411377
6.8810688186662565,2.6372883369653866,13.864433765411377
6.8810688186662565,2.6372883369653866,13.864433765411377
6.8810688186662565,2.6372883369653866,13.864433765411377
6.8810688186662565,2.6372883369653866,13.864433765411377
6.8810688186662565,2.6372883369653866,13.864433765411377
6.919557266327728,2.612210318178052,13.864433765411377
6.919557266327728,2.612210318178052,13.864433765411377
6.919557266327728,2.612210318178052,13.864433765411377
6.919557266327728,2.612210318178052,13.864433765411377
6.945188638901578,2.576936390055561,13.864433765411377
6.945188638901578,2.576936390055561,13.864433765411377
6.945188638901578,2.576936390055561,13.864433765411377
6.945188638901578,2.576936390055561,13.864433765411377
6.945188638901578,2.576936390055561,13.864433765411377
6.985332837201562,2.557734603183948,13.864433765411377
6.985332837201562,2.557734603183948,13.864433765411377
6.985332837201562,2.557734603183948,13.864433765411377
6.985332837201562,2.557734603183948,13.864433765411377
6.985332837201562,2.557734603183948,13.864433765411377
-14.20500925453226,-3.501922214681229,13.864433765411377
-14.20500925453226,-3.501922214681229,13.864433765411377
-14.20500925453226,-3.501922214681229,13.864433765411377
-14.20500925453226,-3.501922214681229,13.864433765411377
-14.20500925453226,-3.501922214681229,13.864433765411377
-14.115983755312941,-3.47108248917956,13.864433765411377
-14.115983755312941,-3.47108248917956,13.864433765411377
-14.115983755312941,-3.47108248917956,13.864433765411377
-14.115983755312941,-3.47108248917956,13.864433765411377
-14.115983755312941,-3.47108248917956,13.864433765411377
-14.083515797364676,-3.4611493842961685,13.864433765411377
-14.083515797364676,-3.4611493842961685,13.864433765411377
-14.083515797364676,-3.4611493842961685,13.864433765411377
-14.083515797364676,-3.4611493842961685,13.864433765411377
-14.083515797364676,-3.4611493842961685,13.864433765411377
-14.140388747049027,-3.468711848544355,13.864433765411377
-14.140388747049027,-3.468711848544355,13.864433765411377
-14.140388747049027,-3.468711848544355,13.864433765411377
-14.140388747049027,-3.468711848544355,13.864433765411377
-14.140388747049027,-3.468711848544355,13.864433765411377
-14.1394345566789,-3.475162176515666,13.864433765411377
-14.1394345566789,-3.475162176515666,13.864433765411377
-14.1394345566789,-3.475162176515666,13.864433765411377
-14.1394345566789,-3.475162176515666,13.864433765411377
-14.120618252675385,-3.4542224413230027,13.864433765411377
-14.120618252675385,-3.4542224413230027,13.864433765411377
-14.120618252675385,-3.4542224413230027,13.864433765411377
-14.120618252675385,-3.4542224413230027,13.864433765411377
-14.120618252675385,-3.4542224413230027,13.864433765411377
-14.120618252675385,-3.4542224413230027,13.864433765411377
-14.094835845655203,-3.435653899616695,13.864433765411377
-14.094835845655203,-3.435653899616695,13.864433765411377
-14.094835845655203,-3.435653899616695,13.864433765411377
-14.094835845655203,-3.435653899616695,13.864433765411377
-14.094835845655203,-3.435653899616695,13.864433765411377
-14.04452523093437,-3.415421314385201,13.864433765411377
-14.04452523093437,-3.415421314385201,13.864433765411377
-14.04452523093437,-3.415421314385201,13.864433765411377
-14.04452523093437,-3.415421314385201,13.864433765411377
-14.04452523093437,-3.415421314385201,13.864433765411377
-14.028452271134277,-3.414145986594402,13.864433765411377
-14.028452271134277,-3.414145986594402,13.864433765411377
-14.028452271134277,-3.414145986594402,13.864433765411377
-14.028452271134277,-3.414145986594402,13.864433765411377
-14.028452271134277,-3.414145986594402,13.864433765411377
-14.027036005953871,-3.4068055416711926,13.864433765411377
-14.027036005953871,-3.4068055416711926,13.864433765411377
-14.027036005953871,-3.4068055416711926,13.864433765411377
-14.027036005953871,-3.4068055416711926,13.864433765411377
-14.027036005953871,-3.4068055416711926,13.864433765411377
-14.077711547374605,-3.435377636365207,13.864433765411377
-14.077711547374605,-3.435377636365207,13.864433765411377
-14.077711547374605,-3.435377636365207,13.864433765411377
-14.077711547374605,-3.435377636365207,13.864433765411377
-14.077711547374605,-3.435377636365207,13.864433765411377
-14.04929218794652,-3.4334779252061063,13.864433765411377
-14.04929218794652,-3.4334779252061063,13.864433765411377
-14.04929218794652,-3.4334779252061063,13.864433765411377
-14.04929218794652,-3.4334779252061063,13.864433765411377
-14.04929218794652,-3.4334779252061063,13.864433765411377
-14.120141604806285,-3.4642802067026186,13.864433765411377
-14.120141604806285,-3.4642802067026186,13.864433765411377
-14.120141604806285,-3.4642802067026186,13.864433765411377
-14.120141604806285,-3.4642802067026186,13.864433765411377
-14.120141604806285,-3.4642802067026186,13.864433765411377
-14.148556908070855,-3.4760880088549055,13.864433765411377
-14.148556908070855,-3.4760880088549055,13.864433765411377
-14.148556908070855,-3.4760880088549055,13.864433765411377
-14.148556908070855,-3.4760880088549055,13.864433765411377
-14.148556908070855,-3.4760880088549055,13.864433765411377
-14.178323405458242,-3.498148411242557,13.864433765411377
-14.178323405458242,-3.498148411242557,13.864433765411377
-14.178323405458242,-3.498148411242557,13.864433765411377
-14.178323405458242,-3.498148411242557,13.864433765411377
-14.178323405458242,-3.498148411242557,13.864433765411377
-14.042759905696354,-3.468061944106174,13.864433765411377
-14.042759905696354,-3.468061944106174,13.864433765411377
-14.042759905696354,-3.468061944106174,13.864433765411377
-14.042759905696354,-3.468061944106174,13.864433765411377
-14.042759905696354,-3.468061944106174,13.864433765411377
-13.960933749759858,-3.4651261075998687,13.864433765411377
-13.960933749759858,-3.4651261075998687,13.864433765411377
-13.960933749759858,-3.4651261075998687,13.864433765411377
-13.960933749759858,-3.4651261075998687,13.864433765411377
-13.960933749759858,-3.4651261075998687,13.864433765411377
-13.941355198632536,-3.4674845549209294,13.864433765411377
-13.941355198632536,-3.4674845549209294,13.864433765411377
-13.941355198632536,-3.4674845549209294,13.864433765411377
-13.941355198632536,-3.4674845549209294,13.864433765411377
-13.941355198632536,-3.4674845549209294,13.864433765411377
-13.881631557068811,-3.4703488844137214,13.864433765411377
-13.881631557068811,-3.4703488844137214,13.864433765411377
-13.881631557068811,-3.4703488844137214,13.864433765411377
-13.881631557068811,-3.4703488844137214,13.864433765411377
-13.881631557068811,-3.4703488844137214,13.864433765411377
-13.911684619646524,-3.4876774647541566,13.864433765411377
-13.911684619646524,-3.4876774647541566,13.864433765411377
-13.911684619646524,-3.4876774647541566,13.864433765411377
-13.911684619646524,-3.4876774647541566,13.864433765411377
-13.911684619646524,-3.4876774647541566,13.864433765411377
-13.911684619646524,-3.4876774647541566,13.864433765411377
-13.893169022302244,-3.5006402110338986,13.864433765411377
-13.893169022302244,-3.5006402110338986,13.864433765411377
-13.893169022302244,-3.5006402110338986,13.864433765411377
-13.893169022302244,-3.5006402110338986,13.864433765411377
-13.893169022302244,-3.5006402110338986,13.864433765411377
-13.776358949789985,-3.485861780601496,13.864433765411377
-13.776358949789985,-3.485861780601496,13.864433765411377
-13.776358949789985,-3.485861780601496,13.864433765411377
-13.776358949789985,-3.485861780601496,13.864433765411377
-13.776358949789985,-3.485861780601496,13.864433765411377
-13.69350991171263,-3.48564426346708,13.864433765411377
-13.69350991171263,-3.48564426346708,13.864433765411377
-13.69350991171263,-3.48564426346708,13.864433765411377
-13.69350991171263,-3.48564426346708,13.864433765411377
-13.69350991171263,-3.48564426346708,13.864433765411377
-13.630776477111691,-3.4915103841806556,13.864433765411377
-13.630776477111691,-3.4915103841806556,13.864433765411377
-13.630776477111691,-3.4915103841806556,13.864433765411377
-13.630776477111691,-3.4915103841806556,13.864433765411377
-13.630776477111691,-3.4915103841806556,13.864433765411377
-13.573293188103394,-3.4971674213044865,13.864433765411377
-13.573293188103394,-3.4971674213044865,13.864433765411377
-13.573293188103394,-3.4971674213044865,13.864433765411377
-13.573293188103394,-3.4971674213044865,13.864433765411377
-13.573293188103394,-3.4971674213044865,13.864433765411377
-13.55627841504111,-3.5162075887068545,13.864433765411377
-13.55627841504111,-3.5162075887068545,13.864433765411377
-13.55627841504111,-3.5162075887068545,13.864433765411377
-13.55627841504111,-3.5162075887068545,13.864433765411377
-13.55627841504111,-3.5162075887068545,13.864433765411377
-13.592489376086624,-3.5421514784357924,13.864433765411377
-13.592489376086624,-3.5421514784357924,13.864433765411377
-13.592489376086624,-3.5421514784357924,13.864433765411377
-13.592489376086624,-3.5421514784357924,13.864433765411377
-13.592489376086624,-3.5421514784357924,13.864433765411377
-13.592489376086624,-3.5421514784357924,13.864433765411377
-13.599718764932673,-3.573844476831636,13.864433765411377
-13.599718764932673,-3.573844476831636,13.864433765411377
-13.599718764932673,-3.573844476831636,13.864433765411377
-13.599718764932673,-3.573844476831636,13.864433765411377
-13.599718764932673,-3.573844476831636,13.864433765411377
-13.57713429064698,-3.6024671728928546,13.864433765411377
-13.57713429064698,-3.6024671728928546,13.864433765411377
-13.57713429064698,-3.6024671728928546,13.864433765411377
-13.57713429064698,-3.6024671728928546,13.864433765411377
-13.57713429064698,-3.6024671728928546,13.864433765411377
-13.555399056788293,-3.619967863815212,13.864433765411377
-13.555399056788293,-3.619967863815212,13.864433765411377
-13.555399056788293,-3.619967863815212,13.864433765411377
-13.555399056788293,-3.619967863815212,13.864433765411377
-13.555399056788293,-3.619967863815212,13.864433765411377
-13.555399056788293,-3.619967863815212,13.864433765411377
-13.552380130044808,-3.6632040808404946,13.864433765411377
-13.552380130044808,-3.6632040808404946,13.864433765411377
-13.552380130044808,-3.6632040808404946,13.864433765411377
-13.552380130044808,-3.6632040808404946,13.864433765411377
-13.552380130044808,-3.6632040808404946,13.864433765411377
-13.552937303913707,-3.6871956250155065,13.864433765411377
-13.552937303913707,-3.6871956250155065,13.864433765411377
-13.552937303913707,-3.6871956250155065,13.864433765411377
-13.552937303913707,-3.6871956250155065,13.864433765411377
-13.552937303913707,-3.6871956250155065,13.864433765411377
-13.519008840139042,-3.7099833255074883,13.864433765411377
-13.519008840139042,-3.7099833255074883,13.864433765411377
-13.519008840139042,-3.7099833255074883,13.864433765411377
-13.519008840139042,-3.7099833255074883,13.864433765411377
-13.519008840139042,-3.7099833255074883,13.864433765411377
-13.506612497205412,-3.724753507419527,13.864433765411377
-13.506612497205412,-3.724753507419527,13.864433765411377
-13.506612497205412,-3.724753507419527,13.864433765411377
-13.506612497205412,-3.724753507419527,13.864433765411377
-13.506612497205412,-3.724753507419527,13.864433765411377
-13.434649459097214,-3.7349173836999356,13.864433765411377
-13.434649459097214,-3.7349173836999356,13.864433765411377
-13.434649459097214,-3.7349173836999356,13.864433765411377
-13.434649459097214,-3.7349173836999356,13.864433765411377
-13.434649459097214,-3.7349173836999356,13.864433765411377
-13.428166185571603,-3.758182239413462,13.864433765411377
-13.428166185571603,-3.758182239413462,13.864433765411377
-13.428166185571603,-3.758182239413462,13.864433765411377
-13.428166185571603,-3.758182239413462,13.864433765411377
-13.428166185571603,-3.758182239413462,13.864433765411377
-13.428166185571603,-3.758182239413462,13.864433765411377
-13.374142345574905,-3.7755701442386216,13.864433765411377
-13.374142345574905,-3.7755701442386216,13.864433765411377
-13.374142345574905,-3.7755701442386216,13.864433765411377
-13.374142345574905,-3.7755701442386216,13.864433765411377
-13.374142345574905,-3.7755701442386216,13.864433765411377
-13.347890040519468,-3.8108514435024303,13.864433765411377
-13.347890040519468,-3.8108514435024303,13.864433765411377
-13.347890040519468,-3.8108514435024303,13.864433765411377
-13.347890040519468,-3.8108514435024303,13.864433765411377
-13.347890040519468,-3.8108514435024303,13.864433765411377
-13.347890040519468,-3.8108514435024303,13.864433765411377
-13.300106095547656,-3.837939549485079,13.864433765411377
-13.300106095547656,-3.837939549485079,13.864433765411377
-13.300106095547656,-3.837939549485079,13.864433765411377
-13.300106095547656,-3.837939549485079,13.864433765411377
-13.300106095547656,-3.837939549485079,13.864433765411377
-13.238753607997875,-3.862305320876947,13.864433765411377
-13.238753607997875,-3.862305320876947,13.864433765411377
-13.238753607997875,-3.862305320876947,13.864433765411377
-13.238753607997875,-3.862305320876947,13.864433765411377
-13.238753607997875,-3.862305320876947,13.864433765411377
-13.238753607997875,-3.862305320876947,13.864433765411377
-13.254081244825354,-3.9020582288310814,13.864433765411377
-13.254081244825354,-3.9020582288310814,13.864433765411377
-13.254081244825354,-3.9020582288310814,13.864433765411377
-13.254081244825354,-3.9020582288310814,13.864433765411377
-13.254081244825354,-3.9020582288310814,13.864433765411377
-13.25546402118677,-3.9441177860818426,13.864433765411377
-13.25546402118677,-3.9441177860818426,13.864433765411377
-13.25546402118677,-3.9441177860818426,13.864433765411377
-13.25546402118677,-3.9441177860818426,13.864433765411377
-13.25546402118677,-3.9441177860818426,13.864433765411377
-13.1662479072073,-3.9554630180177166,13.864433765411377
-13.1662479072073,-3.9554630180177166,13.864433765411377
-13.1662479072073,-3.9554630180177166,13.864433765411377
-13.1662479072073,-3.9554630180177166,13.864433765411377
-13.1662479072073,-3.9554630180177166,13.864433765411377
-13.1662479072073,-3.9554630180177166,13.864433765411377
-13.21109579710809,-3.9922051059774497,13.864433765411377
-13.21109579710809,-3.9922051059774497,13.864433765411377
-13.21109579710809,-3.9922051059774497,13.864433765411377
-13.21109579710809,-3.9922051059774497,13.864433765411377
-13.21109579710809,-3.9922051059774497,13.864433765411377
-13.180378010153827,-4.015231652710431,13.864433765411377
-13.180378010153827,-4.015231652710431,13.864433765411377
-13.180378010153827,-4.015231652710431,13.864433765411377
-13.180378010153827,-4.015231652710431,13.864433765411377
-13.180378010153827,-4.015231652710431,13.864433765411377
-13.215879445192748,-4.081313634581527,13.864433765411377
-13.215879445192748,-4.081313634581527,13.864433765411377
-13.215879445192748,-4.081313634581527,13.864433765411377
-13.215879445192748,-4.081313634581527,13.864433765411377
-13.215879445192748,-4.081313634581527,13.864433765411377
-13.215879445192748,-4.081313634581527,13.864433765411377
-13.155008646386838,-4.103275203580864,13.864433765411377
-13.155008646386838,-4.103275203580864,13.864433765411377
-13.155008646386838,-4.103275203580864,13.864433765411377
-13.155008646386838,-4.103275203580864,13.864433765411377
-13.155008646386838,-4.103275203580864,13.864433765411377
-13.155008646386838,-4.103275203580864,13.864433765411377
-13.100397925262989,-4.116459502861976,13.864433765411377
-13.100397925262989,-4.116459502861976,13.864433765411377
-13.100397925262989,-4.116459502861976,13.864433765411377
-13.100397925262989,-4.116459502861976,13.864433765411377
-13.100397925262989,-4.116459502861976,13.864433765411377
-13.102162889958759,-4.148263797168032,13.864433765411377
-13.102162889958759,-4.148263797168032,13.864433765411377
-13.102162889958759,-4.148263797168032,13.864433765411377
-13.102162889958759,-4.148263797168032,13.864433765411377
-13.102162889958759,-4.148263797168032,13.864433765411377
-13.029600391537093,-4.16582451359136,13.864433765411377
-13.029600391537093,-4.16582451359136,13.864433765411377
-13.029600391537093,-4.16582451359136,13.864433765411377
-13.029600391537093,-4.16582451359136,13.864433765411377
-13.029600391537093,-4.16582451359136,13.864433765411377
-13.039006783871114,-4.2007727333161125,13.864433765411377
-13.039006783871114,-4.2007727333161125,13.864433765411377
-13.039006783871114,-4.2007727333161125,13.864433765411377
-13.039006783871114,-4.2007727333161125,13.864433765411377
-13.039006783871114,-4.2007727333161125,13.864433765411377
-13.039006783871114,-4.2007727333161125,13.864433765411377
-13.002949626423625,-4.2304463414385625,13.864433765411377
-13.002949626423625,-4.2304463414385625,13.864433765411377
-13.002949626423625,-4.2304463414385625,13.864433765411377
-13.002949626423625,-4.2304463414385625,13.864433765411377
-13.002949626423625,-4.2304463414385625,13.864433765411377
-12.999173063769014,-4.278266326160445,13.864433765411377
-12.999173063769014,-4.278266326160445,13.864433765411377
-12.999173063769014,-4.278266326160445,13.864433765411377
-12.999173063769014,-4.278266326160445,13.864433765411377
-12.999173063769014,-4.278266326160445,13.864433765411377
-12.999173063769014,-4.278266326160445,13.864433765411377
-12.88786961962771,-4.279979145913698,13.864433765411377
-12.88786961962771,-4.279979145913698,13.864433765411377
-12.88786961962771,-4.279979145913698,13.864433765411377
-12.88786961962771,-4.279979145913698,13.864433765411377
-12.88786961962771,-4.279979145913698,13.864433765411377
-12.896078742285825,-4.312048850838746,13.864433765411377
-12.896078742285825,-4.312048850838746,13.864433765411377
-12.896078742285825,-4.312048850838746,13.864433765411377
-12.896078742285825,-4.312048850838746,13.864433765411377
-12.896078742285825,-4.312048850838746,13.864433765411377
-12.896078742285825,-4.312048850838746,13.864433765411377
-12.864907659091672,-4.335948060689285,13.864433765411377
-12.864907659091672,-4.335948060689285,13.864433765411377
-12.864907659091672,-4.335948060689285,13.864433765411377
-12.864907659091672,-4.335948060689285,13.864433765411377
-12.864907659091672,-4.335948060689285,13.864433765411377
-12.864907659091672,-4.335948060689285,13.864433765411377
-12.931261060759127,-4.408089789874497,13.864433765411377
-12.931261060759127,-4.408089789874497,13.864433765411377
-12.931261060759127,-4.408089789874497,13.864433765411377
-12.931261060759127,-4.408089789874497,13.864433765411377
-12.931261060759127,-4.408089789874497,13.864433765411377
-12.930061667639375,-4.390058833573128,13.864433765411377
-12.930061667639375,-4.390058833573128,13.864433765411377
-12.930061667639375,-4.390058833573128,13.864433765411377
-12.930061667639375,-4.390058833573128,13.864433765411377
-12.930061667639375,-4.390058833573128,13.864433765411377
-12.896360603033195,-4.342536804984612,13.864433765411377
-12.896360603033195,-4.342536804984612,13.864433765411377
-12.896360603033195,-4.342536804984612,13.864433765411377
-12.896360603033195,-4.342536804984612,13.864433765411377
-12.896360603033195,-4.342536804984612,13.864433765411377
-12.896360603033195,-4.342536804984612,13.864433765411377
-12.822719410428368,-4.282416456208281,13.864433765411377
-12.822719410428368,-4.282416456208281,13.864433765411377
-12.822719410428368,-4.282416456208281,13.864433765411377
-12.822719410428368,-4.282416456208281,13.864433765411377
-12.822719410428368,-4.282416456208281,13.864433765411377
-12.822719410428368,-4.282416456208281,13.864433765411377
-12.822719410428368,-4.282416456208281,13.864433765411377
-12.822719410428368,-4.282416456208281,13.864433765411377
-12.666745241240484,-4.204019893754511,13.864433765411377
-12.666745241240484,-4.204019893754511,13.864433765411377
-12.666745241240484,-4.204019893754511,13.864433765411377
-12.666745241240484,-4.204019893754511,13.864433765411377
-12.666745241240484,-4.204019893754511,13.864433765411377
-12.666745241240484,-4.204019893754511,13.864433765411377
-12.666745241240484,-4.204019893754511,13.864433765411377
-12.666745241240484,-4.204019893754511,13.864433765411377
-12.631126143047974,-4.20376967012144,13.864433765411377
-12.631126143047974,-4.20376967012144,13.864433765411377
-12.631126143047974,-4.20376967012144,13.864433765411377
-12.631126143047974,-4.20376967012144,13.864433765411377
-12.631126143047974,-4.20376967012144,13.864433765411377
-12.631126143047974,-4.20376967012144,13.864433765411377
-12.631126143047974,-4.20376967012144,13.864433765411377
-12.631126143047974,-4.20376967012144,13.864433765411377
-12.631126143047974,-4.20376967012144,13.864433765411377
-12.631126143047974,-4.20376967012144,13.864433765411377
-12.631126143047974,-4.20376967012144,13.864433765411377
-12.597708928648899,-4.199891326342989,13.864433765411377
-12.597708928648899,-4.199891326342989,13.864433765411377
-12.597708928648899,-4.199891326342989,13.864433765411377
-12.597708928648899,-4.199891326342989,13.864433765411377
-12.597708928648899,-4.199891326342989,13.864433765411377
-12.597708928648899,-4.199891326342989,13.864433765411377
-12.597708928648899,-4.199891326342989,13.864433765411377
-12.565341339313832,-4.190297531979251,13.864433765411377
-12.565341339313832,-4.190297531979251,13.864433765411377
-12.565341339313832,-4.190297531979251,13.864433765411377
-12.565341339313832,-4.190297531979251,13.864433765411377
-12.565341339313832,-4.190297531979251,13.864433765411377
-12.54373013680735,-4.184264088896475,13.864433765411377
-12.54373013680735,-4.184264088896475,13.864433765411377
-12.54373013680735,-4.184264088896475,13.864433765411377
-12.54373013680735,-4.184264088896475,13.864433765411377
-12.54373013680735,-4.184264088896475,13.864433765411377
-12.565015737322053,-4.1905945801737206,13.864433765411377
-12.565015737322053,-4.1905945801737206,13.864433765411377
-12.565015737322053,-4.1905945801737206,13.864433765411377
-12.565015737322053,-4.1905945801737206,13.864433765411377
-12.565015737322053,-4.1905945801737206,13.864433765411377
-12.565015737322053,-4.1905945801737206,13.864433765411377
-12.503436981029656,-4.173970177403941,13.864433765411377
-12.503436981029656,-4.173970177403941,13.864433765411377
-12.503436981029656,-4.173970177403941,13.864433765411377
-12.503436981029656,-4.173970177403941,13.864433765411377
-12.503436981029656,-4.173970177403941,13.864433765411377
-12.516114436810973,-4.1832766913638615,13.864433765411377
-12.516114436810973,-4.1832766913638615,13.864433765411377
-12.516114436810973,-4.1832766913638615,13.864433765411377
-12.516114436810973,-4.1832766913638615,13.864433765411377
-12.516114436810973,-4.1832766913638615,13.864433765411377
-12.516114436810973,-4.1832766913638615,13.864433765411377
-12.517921745640717,-4.1820681203208485,13.864433765411377
-12.517921745640717,-4.1820681203208485,13.864433765411377
-12.517921745640717,-4.1820681203208485,13.864433765411377
-12.517921745640717,-4.1820681203208485,13.864433765411377
-12.517921745640717,-4.1820681203208485,13.864433765411377
-12.415243372203856,-4.153459302321113,13.864433765411377
-12.415243372203856,-4.153459302321113,13.864433765411377
-12.415243372203856,-4.153459302321113,13.864433765411377
-12.415243372203856,-4.153459302321113,13.864433765411377
-12.415243372203856,-4.153459302321113,13.864433765411377
-12.40443054331406,-4.1615989047483355,13.864433765411377
-12.40443054331406,-4.1615989047483355,13.864433765411377
-12.40443054331406,-4.1615989047483355,13.864433765411377
-12.40443054331406,-4.1615989047483355,13.864433765411377
-12.40443054331406,-4.1615989047483355,13.864433765411377
-12.347086565720938,-4.109788646644863,13.864433765411377
-12.347086565720938,-4.109788646644863,13.864433765411377
-12.347086565720938,-4.109788646644863,13.864433765411377
-12.347086565720938,-4.109788646644863,13.864433765411377
-12.347086565720938,-4.109788646644863,13.864433765411377
-12.347086565720938,-4.109788646644863,13.864433765411377
-12.262480927853161,-4.076256482105016,13.864433765411377
-12.262480927853161,-4.076256482105016,13.864433765411377
-12.262480927853161,-4.076256482105016,13.864433765411377
-12.262480927853161,-4.076256482105016,13.864433765411377
-12.262480927853161,-4.076256482105016,13.864433765411377
-12.225369404013131,-4.0618991976573104,13.864433765411377
-12.225369404013131,-4.0618991976573104,13.864433765411377
-12.225369404013131,-4.0618991976573104,13.864433765411377
-12.225369404013131,-4.0618991976573104,13.864433765411377
-12.225369404013131,-4.0618991976573104,13.864433765411377
-12.18999364469892,-4.034490415457252,13.864433765411377
-12.18999364469892,-4.034490415457252,13.864433765411377
-12.18999364469892,-4.034490415457252,13.864433765411377
-12.18999364469892,-4.034490415457252,13.864433765411377
-12.18999364469892,-4.034490415457252,13.864433765411377
-12.109224082332652,-4.003107662538079,13.864433765411377
-12.109224082332652,-4.003107662538079,13.864433765411377
-12.109224082332652,-4.003107662538079,13.864433765411377
-12.109224082332652,-4.003107662538079,13.864433765411377
-12.109224082332652,-4.003107662538079,13.864433765411377
-12.109224082332652,-4.003107662538079,13.864433765411377
-12.069806140461932,-3.996027464220892,13.864433765411377
-12.069806140461932,-3.996027464220892,13.864433765411377
-12.069806140461932,-3.996027464220892,13.864433765411377
-12.069806140461932,-3.996027464220892,13.864433765411377
-12.069806140461932,-3.996027464220892,13.864433765411377
-12.09759506168155,-3.990106600841777,13.864433765411377
-12.09759506168155,-3.990106600841777,13.864433765411377
-12.09759506168155,-3.990106600841777,13.864433765411377
-12.09759506168155,-3.990106600841777,13.864433765411377
-12.09759506168155,-3.990106600841777,13.864433765411377
-12.09759506168155,-3.990106600841777,13.864433765411377
-12.050460962272352,-3.9645546414439314,13.864433765411377
-12.050460962272352,-3.9645546414439314,13.864433765411377
-12.050460962272352,-3.9645546414439314,13.864433765411377
-12.050460962272352,-3.9645546414439314,13.864433765411377
-12.050460962272352,-3.9645546414439314,13.864433765411377
-12.011193240615098,-3.954188687636797,13.864433765411377
-12.011193240615098,-3.954188687636797,13.864433765411377
-12.011193240615098,-3.954188687636797,13.864433765411377
-12.011193240615098,-3.954188687636797,13.864433765411377
-12.011193240615098,-3.954188687636797,13.864433765411377
-12.011193240615098,-3.954188687636797,13.864433765411377
-12.011193240615098,-3.954188687636797,13.864433765411377
-12.102289955499929,-3.9603730142145306,13.864433765411377
-12.102289955499929,-3.9603730142145306,13.864433765411377
-12.102289955499929,-3.9603730142145306,13.864433765411377
-12.102289955499929,-3.9603730142145306,13.864433765411377
-12.102289955499929,-3.9603730142145306,13.864433765411377
-12.082192851101183,-3.9308042765846682,13.864433765411377
-12.082192851101183,-3.9308042765846682,13.864433765411377
-12.082192851101183,-3.9308042765846682,13.864433765411377
-12.082192851101183,-3.9308042765846682,13.864433765411377
-12.082192851101183,-3.9308042765846682,13.864433765411377
-12.082192851101183,-3.9308042765846682,13.864433765411377
-11.969419149497906,-3.9072918197044997,13.864433765411377
-11.969419149497906,-3.9072918197044997,13.864433765411377
-11.969419149497906,-3.9072918197044997,13.864433765411377
-11.969419149497906,-3.9072918197044997,13.864433765411377
-11.969419149497906,-3.9072918197044997,13.864433765411377
-11.969419149497906,-3.9072918197044997,13.864433765411377
-11.969419149497906,-3.9072918197044997,13.864433765411377
-12.03782641106041,-3.902406863479909,13.864433765411377
-12.03782641106041,-3.902406863479909,13.864433765411377
-12.03782641106041,-3.902406863479909,13.864433765411377
-12.03782641106041,-3.902406863479909,13.864433765411377
-12.03782641106041,-3.902406863479909,13.864433765411377
-12.03782641106041,-3.902406863479909,13.864433765411377
-11.978330085820517,-3.8750224441999657,13.864433765411377
-11.978330085820517,-3.8750224441999657,13.864433765411377
-11.978330085820517,-3.8750224441999657,13.864433765411377
-11.978330085820517,-3.8750224441999657,13.864433765411377
-11.978330085820517,-3.8750224441999657,13.864433765411377
-11.978330085820517,-3.8750224441999657,13.864433765411377
-11.978330085820517,-3.8750224441999657,13.864433765411377
-11.980966967354648,-3.843898725574293,13.864433765411377
-11.980966967354648,-3.843898725574293,13.864433765411377
-11.980966967354648,-3.843898725574293,13.864433765411377
-11.980966967354648,-3.843898725574293,13.864433765411377
-11.980966967354648,-3.843898725574293,13.864433765411377
-11.972402141273594,-3.8168656131620535,13.864433765411377
-11.972402141273594,-3.8168656131620535,13.864433765411377
-11.972402141273594,-3.8168656131620535,13.864433765411377
-11.972402141273594,-3.8168656131620535,13.864433765411377
-11.972402141273594,-3.8168656131620535,13.864433765411377
-11.972402141273594,-3.8168656131620535,13.864433765411377
-11.979718203895061,-3.7930240332254446,13.864433765411377
-11.979718203895061,-3.7930240332254446,13.864433765411377
-11.979718203895061,-3.7930240332254446,13.864433765411377
-11.979718203895061,-3.7930240332254446,13.864433765411377
-11.979718203895061,-3.7930240332254446,13.864433765411377
-11.992295544004127,-3.7644674211604245,13.864433765411377
-11.992295544004127,-3.7644674211604245,13.864433765411377
-11.992295544004127,-3.7644674211604245,13.864433765411377
-11.992295544004127,-3.7644674211604245,13.864433765411377
-11.992295544004127,-3.7644674211604245,13.864433765411377
-11.992295544004127,-3.7644674211604245,13.864433765411377
-11.994721933369473,-3.7308399852028593,13.864433765411377
-11.994721933369473,-3.7308399852028593,13.864433765411377
-11.994721933369473,-3.7308399852028593,13.864433765411377
-11.994721933369473,-3.7308399852028593,13.864433765411377
-11.994721933369473,-3.7308399852028593,13.864433765411377
-11.994721933369473,-3.7308399852028593,13.864433765411377
-12.133243954498324,-3.732900985015781,13.864433765411377
-12.133243954498324,-3.732900985015781,13.864433765411377
-12.133243954498324,-3.732900985015781,13.864433765411377
-12.133243954498324,-3.732900985015781,13.864433765411377
-12.133243954498324,-3.732900985015781,13.864433765411377
-12.201937842923972,-3.7265341560948926,13.864433765411377
-12.201937842923972,-3.7265341560948926,13.864433765411377
-12.201937842923972,-3.7265341560948926,13.864433765411377
-12.201937842923972,-3.7265341560948926,13.864433765411377
-12.201937842923972,-3.7265341560948926,13.864433765411377
-12.201937842923972,-3.7265341560948926,13.864433765411377
-12.168634753091537,-3.698904090164562,13.864433765411377
-12.168634753091537,-3.698904090164562,13.864433765411377
-12.168634753091537,-3.698904090164562,13.864433765411377
-12.168634753091537,-3.698904090164562,13.864433765411377
-12.168634753091537,-3.698904090164562,13.864433765411377
-12.100891078810132,-3.648464371579605,13.864433765411377
-12.100891078810132,-3.648464371579605,13.864433765411377
-12.100891078810132,-3.648464371579605,13.864433765411377
-12.100891078810132,-3.648464371579605,13.864433765411377
-12.100891078810132,-3.648464371579605,13.864433765411377
-12.100891078810132,-3.648464371579605,13.864433765411377
-12.034725970846072,-3.604150206812571,13.864433765411377
-12.034725970846072,-3.604150206812571,13.864433765411377
-12.034725970846072,-3.604150206812571,13.864433765411377
-12.034725970846072,-3.604150206812571,13.864433765411377
-12.034725970846072,-3.604150206812571,13.864433765411377
-12.019188757230014,-3.5767168988181934,13.864433765411377
-12.019188757230014,-3.5767168988181934,13.864433765411377
-12.019188757230014,-3.5767168988181934,13.864433765411377
-12.019188757230014,-3.5767168988181934,13.864433765411377
-12.019188757230014,-3.5767168988181934,13.864433765411377
-12.019188757230014,-3.5767168988181934,13.864433765411377
-11.944431407421495,-3.52471029761309,13.864433765411377
-11.944431407421495,-3.52471029761309,13.864433765411377
-11.944431407421495,-3.52471029761309,13.864433765411377
-11.944431407421495,-3.52471029761309,13.864433765411377
-11.944431407421495,-3.52471029761309,13.864433765411377
-11.944431407421495,-3.52471029761309,13.864433765411377
-11.968742023785655,-3.477722171907591,13.864433765411377
-11.968742023785655,-3.477722171907591,13.864433765411377
-11.968742023785655,-3.477722171907591,13.864433765411377
-11.968742023785655,-3.477722171907591,13.864433765411377
-11.968742023785655,-3.477722171907591,13.864433765411377
-11.934029733005096,-3.45502549698791,13.864433765411377
-11.934029733005096,-3.45502549698791,13.864433765411377
-11.934029733005096,-3.45502549698791,13.864433765411377
-11.934029733005096,-3.45502549698791,13.864433765411377
-11.934029733005096,-3.45502549698791,13.864433765411377
-11.877624622034471,-3.4144067632661144,13.864433765411377
-11.877624622034471,-3.4144067632661144,13.864433765411377
-11.877624622034471,-3.4144067632661144,13.864433765411377
-11.877624622034471,-3.4144067632661144,13.864433765411377
-11.877624622034471,-3.4144067632661144,13.864433765411377
-11.877624622034471,-3.4144067632661144,13.864433765411377
-11.816281720626307,-3.368714057167152,13.864433765411377
-11.816281720626307,-3.368714057167152,13.864433765411377
-11.816281720626307,-3.368714057167152,13.864433765411377
-11.816281720626307,-3.368714057167152,13.864433765411377
-11.816281720626307,-3.368714057167152,13.864433765411377
-11.89894872216675,-3.3758446683402488,13.864433765411377
-11.89894872216675,-3.3758446683402488,13.864433765411377
-11.89894872216675,-3.3758446683402488,13.864433765411377
-11.89894872216675,-3.3758446683402488,13.864433765411377
-11.89894872216675,-3.3758446683402488,13.864433765411377
-11.89894872216675,-3.3758446683402488,13.864433765411377
-11.902857241719571,-3.3352508466670874,13.864433765411377
-11.902857241719571,-3.3352508466670874,13.864433765411377
-11.902857241719571,-3.3352508466670874,13.864433765411377
-11.902857241719571,-3.3352508466670874,13.864433765411377
-11.902857241719571,-3.3352508466670874,13.864433765411377
-11.908917211232746,-3.2882005487003143,13.864433765411377
-11.908917211232746,-3.2882005487003143,13.864433765411377
-11.908917211232746,-3.2882005487003143,13.864433765411377
-11.908917211232746,-3.2882005487003143,13.864433765411377
-11.908917211232746,-3.2882005487003143,13.864433765411377
-11.972042576062504,-3.261671575759545,13.864433765411377
-11.972042576062504,-3.261671575759545,13.864433765411377
-11.972042576062504,-3.261671575759545,13.864433765411377
-11.972042576062504,-3.261671575759545,13.864433765411377
-11.972042576062504,-3.261671575759545,13.864433765411377
-11.972042576062504,-3.261671575759545,13.864433765411377
-11.98104082953978,-3.2229105016296824,13.864433765411377
-11.98104082953978,-3.2229105016296824,13.864433765411377
-11.98104082953978,-3.2229105016296824,13.864433765411377
-11.98104082953978,-3.2229105016296824,13.864433765411377
-11.98104082953978,-3.2229105016296824,13.864433765411377
-11.963309455101601,-3.182870560157748,13.864433765411377
-11.963309455101601,-3.182870560157748,13.864433765411377
-11.963309455101601,-3.182870560157748,13.864433765411377
-11.963309455101601,-3.182870560157748,13.864433765411377
-11.963309455101601,-3.182870560157748,13.864433765411377
-11.923156353199428,-3.144035446946678,13.864433765411377
-11.923156353199428,-3.144035446946678,13.864433765411377
-11.923156353199428,-3.144035446946678,13.864433765411377
-11.923156353199428,-3.144035446946678,13.864433765411377
-11.923156353199428,-3.144035446946678,13.864433765411377
-11.923156353199428,-3.144035446946678,13.864433765411377
-12.036364254894385,-3.1138191386509866,13.864433765411377
-12.036364254894385,-3.1138191386509866,13.864433765411377
-12.036364254894385,-3.1138191386509866,13.864433765411377
-12.036364254894385,-3.1138191386509866,13.864433765411377
-12.036364254894385,-3.1138191386509866,13.864433765411377
-12.017995908833425,-3.067088535701468,13.864433765411377
-12.017995908833425,-3.067088535701468,13.864433765411377
-12.017995908833425,-3.067088535701468,13.864433765411377
-12.017995908833425,-3.067088535701468,13.864433765411377
-12.017995908833425,-3.067088535701468,13.864433765411377
-11.943151027063065,-3.0092883086484674,13.864433765411377
-11.943151027063065,-3.0092883086484674,13.864433765411377
-11.943151027063065,-3.0092883086484674,13.864433765411377
-11.943151027063065,-3.0092883086484674,13.864433765411377
-11.943151027063065,-3.0092883086484674,13.864433765411377
-11.943151027063065,-3.0092883086484674,13.864433765411377
-11.95848721540311,-2.9843861506193314,13.864433765411377
-11.95848721540311,-2.9843861506193314,13.864433765411377
-11.95848721540311,-2.9843861506193314,13.864433765411377
-11.95848721540311,-2.9843861506193314,13.864433765411377
-11.95848721540311,-2.9843861506193314,13.864433765411377
-11.975984031747807,-2.954488869267691,13.864433765411377
-11.975984031747807,-2.954488869267691,13.864433765411377
-11.975984031747807,-2.954488869267691,13.864433765411377
-11.975984031747807,-2.954488869267691,13.864433765411377
-11.975984031747807,-2.954488869267691,13.864433765411377
-12.040840478454092,-2.9489490335653157,13.864433765411377
-12.040840478454092,-2.9489490335653157,13.864433765411377
-12.040840478454092,-2.9489490335653157,13.864433765411377
-12.040840478454092,-2.9489490335653157,13.864433765411377
-12.040840478454092,-2.9489490335653157,13.864433765411377
-12.013464492616812,-2.9116204882605894,13.864433765411377
-12.013464492616812,-2.9116204882605894,13.864433765411377
-12.013464492616812,-2.9116204882605894,13.864433765411377
-12.013464492616812,-2.9116204882605894,13.864433765411377
-12.013464492616812,-2.9116204882605894,13.864433765411377
-12.013464492616812,-2.9116204882605894,13.864433765411377
-12.014034531415836,-2.8842602438676033,13.864433765411377
-12.014034531415836,-2.8842602438676033,13.864433765411377
-12.014034531415836,-2.8842602438676033,13.864433765411377
-12.014034531415836,-2.8842602438676033,13.864433765411377
-12.014034531415836,-2.8842602438676033,13.864433765411377
-12.08148628307942,-2.864967172111232,13.864433765411377
-12.08148628307942,-2.864967172111232,13.864433765411377
-12.08148628307942,-2.864967172111232,13.864433765411377
-12.08148628307942,-2.864967172111232,13.864433765411377
-12.08148628307942,-2.864967172111232,13.864433765411377
-12.10783109734177,-2.8238425217590644,13.864433765411377
-12.10783109734177,-2.8238425217590644,13.864433765411377
-12.10783109734177,-2.8238425217590644,13.864433765411377
-12.10783109734177,-2.8238425217590644,13.864433765411377
-12.10783109734177,-2.8238425217590644,13.864433765411377
-12.10783109734177,-2.8238425217590644,13.864433765411377
-12.07471667635001,-2.781940757880881,13.864433765411377
-12.07471667635001,-2.781940757880881,13.864433765411377
-12.07471667635001,-2.781940757880881,13.864433765411377
-12.07471667635001,-2.781940757880881,13.864433765411377
-12.07471667635001,-2.781940757880881,13.864433765411377
-12.094106791461305,-2.761279543053012,13.864433765411377
-12.094106791461305,-2.761279543053012,13.864433765411377
-12.094106791461305,-2.761279543053012,13.864433765411377
-12.094106791461305,-2.761279543053012,13.864433765411377
-12.094106791461305,-2.761279543053012,13.864433765411377
-12.093479598556963,-2.7267213229164966,13.864433765411377
-12.093479598556963,-2.7267213229164966,13.864433765411377
-12.093479598556963,-2.7267213229164966,13.864433765411377
-12.093479598556963,-2.7267213229164966,13.864433765411377
-12.093479598556963,-2.7267213229164966,13.864433765411377
-12.093479598556963,-2.7267213229164966,13.864433765411377
-12.069140612800375,-2.6924313168225757,13.864433765411377
-12.069140612800375,-2.6924313168225757,13.864433765411377
-12.069140612800375,-2.6924313168225757,13.864433765411377
-12.069140612800375,-2.6924313168225757,13.864433765411377
-12.069140612800375,-2.6924313168225757,13.864433765411377
-12.084132644624697,-2.6600366628877143,13.864433765411377
-12.084132644624697,-2.6600366628877143,13.864433765411377
-12.084132644624697,-2.6600366628877143,13.864433765411377
-12.084132644624697,-2.6600366628877143,13.864433765411377
-12.084132644624697,-2.6600366628877143,13.864433765411377
-12.084132644624697,-2.6600366628877143,13.864433765411377
-12.1327513573412,-2.6425029709038674,13.864433765411377
-12.1327513573412,-2.6425029709038674,13.864433765411377
-12.1327513573412,-2.6425029709038674,13.864433765411377
-12.1327513573412,-2.6425029709038674,13.864433765411377
-12.1327513573412,-2.6425029709038674,13.864433765411377
-12.1327513573412,-2.6425029709038674,13.864433765411377
-12.151923281615316,-2.6112087526053256,13.864433765411377
-12.151923281615316,-2.6112087526053256,13.864433765411377
-12.151923281615316,-2.6112087526053256,13.864433765411377
-12.151923281615316,-2.6112087526053256,13.864433765411377
-12.151923281615316,-2.6112087526053256,13.864433765411377
-12.199183468960085,-2.591525071683993,13.864433765411377
-12.199183468960085,-2.591525071683993,13.864433765411377
-12.199183468960085,-2.591525071683993,13.864433765411377
-12.199183468960085,-2.591525071683993,13.864433765411377
-12.199183468960085,-2.591525071683993,13.864433765411377
-12.199183468960085,-2.591525071683993,13.864433765411377
-12.200486808832753,-2.570351846030337,13.864433765411377
-12.200486808832753,-2.570351846030337,13.864433765411377
-12.200486808832753,-2.570351846030337,13.864433765411377
-12.200486808832753,-2.570351846030337,13.864433765411377
-12.200486808832753,-2.570351846030337,13.864433765411377
-12.200486808832753,-2.570351846030337,13.864433765411377
-12.22064629904355,-2.55353445483462,13.864433765411377
-12.22064629904355,-2.55353445483462,13.864433765411377
-12.22064629904355,-2.55353445483462,13.864433765411377
-12.22064629904355,-2.55353445483462,13.864433765411377
-12.22064629904355,-2.55353445483462,13.864433765411377
-12.287905217146482,-2.527726370239985,13.864433765411377
-12.287905217146482,-2.527726370239985,13.864433765411377
-12.287905217146482,-2.527726370239985,13.864433765411377
-12.287905217146482,-2.527726370239985,13.864433765411377
-12.287905217146482,-2.527726370239985,13.864433765411377
-12.287905217146482,-2.527726370239985,13.864433765411377
-12.304420984395447,-2.496832008068262,13.864433765411377
-12.304420984395447,-2.496832008068262,13.864433765411377
-12.304420984395447,-2.496832008068262,13.864433765411377
-12.304420984395447,-2.496832008068262,13.864433765411377
-12.304420984395447,-2.496832008068262,13.864433765411377
-12.304420984395447,-2.496832008068262,13.864433765411377
-12.335271029229537,-2.483241468259964,13.864433765411377
-12.335271029229537,-2.483241468259964,13.864433765411377
-12.335271029229537,-2.483241468259964,13.864433765411377
-12.335271029229537,-2.483241468259964,13.864433765411377
-12.335271029229537,-2.483241468259964,13.864433765411377
-12.348299741335376,-2.4633999750009172,13.864433765411377
-12.348299741335376,-2.4633999750009172,13.864433765411377
-12.348299741335376,-2.4633999750009172,13.864433765411377
-12.348299741335376,-2.4633999750009172,13.864433765411377
-12.348299741335376,-2.4633999750009172,13.864433765411377
-12.348299741335376,-2.4633999750009172,13.864433765411377
-12.41328885548778,-2.4584776435005815,13.864433765411377
-12.41328885548778,-2.4584776435005815,13.864433765411377
-12.41328885548778,-2.4584776435005815,13.864433765411377
-12.41328885548778,-2.4584776435005815,13.864433765411377
-12.41328885548778,-2.4584776435005815,13.864433765411377
-12.41328885548778,-2.4584776435005815,13.864433765411377
-12.41328885548778,-2.4584776435005815,13.864433765411377
-12.41328885548778,-2.4584776435005815,13.864433765411377
