x,y,lap_time_s
6.366995196406119,0.817623773771934,8.317800283432007
6.366995196406119,0.817623773771934,8.317800283432007
6.366995196406119,0.817623773771934,8.317800283432007
6.366995196406119,0.817623773771934,8.317800283432007
6.366995196406119,0.817623773771934,8.317800283432007
6.366995196406119,0.817623773771934,8.317800283432007
6.366995196406119,0.817623773771934,8.317800283432007
6.366995196406119,0.817623773771934,8.317800283432007
6.366995196406119,0.817623773771934,8.317800283432007
6.366995196406119,0.817623773771934,8.317800283432007
6.366995196406119,0.817623773771934,8.317800283432007
6.366995196406119,0.817623773771934,8.317800283432007
6.3597806088574265,0.817074614725132,8.317800283432007
6.3597806088574265,0.817074614725132,8.317800283432007
6.3597806088574265,0.817074614725132,8.317800283432007
6.3597806088574265,0.817074614725132,8.317800283432007
6.3597806088574265,0.817074614725132,8.317800283432007
6.3597806088574265,0.817074614725132,8.317800283432007
6.365501248996006,0.8199194585125157,8.317800283432007
6.365501248996006,0.8199194585125157,8.317800283432007
6.365501248996006,0.8199194585125157,8.317800283432007
6.365501248996006,0.8199194585125157,8.317800283432007
6.365501248996006,0.8199194585125157,8.317800283432007
6.365501248996006,0.8199194585125157,8.317800283432007
6.37775743802036,0.8249694178451132,8.317800283432007
6.37775743802036,0.8249694178451132,8.317800283432007
6.37775743802036,0.8249694178451132,8.317800283432007
6.37775743802036,0.8249694178451132,8.317800283432007
6.37775743802036,0.8249694178451132,8.317800283432007
6.379173328843145,0.8256474819044884,8.317800283432007
6.379173328843145,0.8256474819044884,8.317800283432007
6.379173328843145,0.8256474819044884,8.317800283432007
6.379173328843145,0.8256474819044884,8.317800283432007
6.379173328843145,0.8256474819044884,8.317800283432007
6.3705165803438675,0.8242844747842567,8.317800283432007
6.3705165803438675,0.8242844747842567,8.317800283432007
6.3705165803438675,0.8242844747842567,8.317800283432007
6.3705165803438675,0.8242844747842567,8.317800283432007
6.3705165803438675,0.8242844747842567,8.317800283432007
6.381006030002009,0.8247193739088594,8.317800283432007
6.381006030002009,0.8247193739088594,8.317800283432007
6.381006030002009,0.8247193739088594,8.317800283432007
6.381006030002009,0.8247193739088594,8.317800283432007
6.381006030002009,0.8247193739088594,8.317800283432007
6.380821364501268,0.8263120175859917,8.317800283432007
6.380821364501268,0.8263120175859917,8.317800283432007
6.380821364501268,0.8263120175859917,8.317800283432007
6.380821364501268,0.8263120175859917,8.317800283432007
6.380821364501268,0.8263120175859917,8.317800283432007
6.373479122178098,0.8263408039267197,8.317800283432007
6.373479122178098,0.8263408039267197,8.317800283432007
6.373479122178098,0.8263408039267197,8.317800283432007
6.373479122178098,0.8263408039267197,8.317800283432007
6.373479122178098,0.8263408039267197,8.317800283432007
6.374764842716699,0.8249035832404293,8.317800283432007
6.374764842716699,0.8249035832404293,8.317800283432007
6.374764842716699,0.8249035832404293,8.317800283432007
6.374764842716699,0.8249035832404293,8.317800283432007
6.374764842716699,0.8249035832404293,8.317800283432007
6.37145043361439,0.8232989262362476,8.317800283432007
6.37145043361439,0.8232989262362476,8.317800283432007
6.37145043361439,0.8232989262362476,8.317800283432007
6.37145043361439,0.8232989262362476,8.317800283432007
6.37145043361439,0.8232989262362476,8.317800283432007
6.382093142818383,0.8245632576559019,8.317800283432007
6.382093142818383,0.8245632576559019,8.317800283432007
6.382093142818383,0.8245632576559019,8.317800283432007
6.382093142818383,0.8245632576559019,8.317800283432007
6.382093142818383,0.8245632576559019,8.317800283432007
6.381797710121476,0.8244120881883572,8.317800283432007
6.381797710121476,0.8244120881883572,8.317800283432007
6.381797710121476,0.8244120881883572,8.317800283432007
6.381797710121476,0.8244120881883572,8.317800283432007
6.381797710121476,0.8244120881883572,8.317800283432007
6.40066868532357,0.8316741872007145,8.317800283432007
6.40066868532357,0.8316741872007145,8.317800283432007
6.40066868532357,0.8316741872007145,8.317800283432007
6.40066868532357,0.8316741872007145,8.317800283432007
6.40066868532357,0.8316741872007145,8.317800283432007
6.396363020112172,0.8311731102022458,8.317800283432007
6.396363020112172,0.8311731102022458,8.317800283432007
6.396363020112172,0.8311731102022458,8.317800283432007
6.396363020112172,0.8311731102022458,8.317800283432007
6.396363020112172,0.8311731102022458,8.317800283432007
6.407281814882891,0.8281741621377147,8.317800283432007
6.407281814882891,0.8281741621377147,8.317800283432007
6.407281814882891,0.8281741621377147,8.317800283432007
6.407281814882891,0.8281741621377147,8.317800283432007
6.407281814882891,0.8281741621377147,8.317800283432007
6.42630551363588,0.833375933459131,8.317800283432007
6.42630551363588,0.833375933459131,8.317800283432007
6.42630551363588,0.833375933459131,8.317800283432007
6.42630551363588,0.833375933459131,8.317800283432007
6.42630551363588,0.833375933459131,8.317800283432007
6.410172013058826,0.8257839299005915,8.317800283432007
6.410172013058826,0.8257839299005915,8.317800283432007
6.410172013058826,0.8257839299005915,8.317800283432007
6.410172013058826,0.8257839299005915,8.317800283432007
6.410172013058826,0.8257839299005915,8.317800283432007
6.405686333123071,0.8238952568859207,8.317800283432007
6.405686333123071,0.8238952568859207,8.317800283432007
6.405686333123071,0.8238952568859207,8.317800283432007
6.405686333123071,0.8238952568859207,8.317800283432007
6.405686333123071,0.8238952568859207,8.317800283432007
6.437429731849735,0.8220019877517117,8.317800283432007
6.437429731849735,0.8220019877517117,8.317800283432007
6.437429731849735,0.8220019877517117,8.317800283432007
6.437429731849735,0.8220019877517117,8.317800283432007
6.437429731849735,0.8220019877517117,8.317800283432007
6.444610160622149,0.8210224775330376,8.317800283432007
6.444610160622149,0.8210224775330376,8.317800283432007
6.444610160622149,0.8210224775330376,8.317800283432007
6.444610160622149,0.8210224775330376,8.317800283432007
6.444610160622149,0.8210224775330376,8.317800283432007
6.445524065947066,0.8228423627356082,8.317800283432007
6.445524065947066,0.8228423627356082,8.317800283432007
6.445524065947066,0.8228423627356082,8.317800283432007
6.445524065947066,0.8228423627356082,8.317800283432007
6.445524065947066,0.8228423627356082,8.317800283432007
6.447278788788759,0.8210654490958734,8.317800283432007
6.447278788788759,0.8210654490958734,8.317800283432007
6.447278788788759,0.8210654490958734,8.317800283432007
6.447278788788759,0.8210654490958734,8.317800283432007
6.447278788788759,0.8210654490958734,8.317800283432007
6.454563604873891,0.8271790100480464,8.317800283432007
6.454563604873891,0.8271790100480464,8.317800283432007
6.454563604873891,0.8271790100480464,8.317800283432007
6.454563604873891,0.8271790100480464,8.317800283432007
6.454563604873891,0.8271790100480464,8.317800283432007
6.454563604873891,0.8271790100480464,8.317800283432007
6.4388492035563045,0.8244009760327143,8.317800283432007
6.4388492035563045,0.8244009760327143,8.317800283432007
6.4388492035563045,0.8244009760327143,8.317800283432007
6.4388492035563045,0.8244009760327143,8.317800283432007
6.4388492035563045,0.8244009760327143,8.317800283432007
6.436121639059865,0.824344664148948,8.317800283432007
6.436121639059865,0.824344664148948,8.317800283432007
6.436121639059865,0.824344664148948,8.317800283432007
6.436121639059865,0.824344664148948,8.317800283432007
6.436121639059865,0.824344664148948,8.317800283432007
6.446905487569102,0.8247952886830324,8.317800283432007
6.446905487569102,0.8247952886830324,8.317800283432007
6.446905487569102,0.8247952886830324,8.317800283432007
6.446905487569102,0.8247952886830324,8.317800283432007
6.446905487569102,0.8247952886830324,8.317800283432007
6.451408780401024,0.8268243029210193,8.317800283432007
6.451408780401024,0.8268243029210193,8.317800283432007
6.451408780401024,0.8268243029210193,8.317800283432007
6.451408780401024,0.8268243029210193,8.317800283432007
6.451408780401024,0.8268243029210193,8.317800283432007
6.4549761491199265,0.8231733253417836,8.317800283432007
6.4549761491199265,0.8231733253417836,8.317800283432007
6.4549761491199265,0.8231733253417836,8.317800283432007
6.4549761491199265,0.8231733253417836,8.317800283432007
6.4549761491199265,0.8231733253417836,8.317800283432007
6.481843058200367,0.8298161882906445,8.317800283432007
6.481843058200367,0.8298161882906445,8.317800283432007
6.481843058200367,0.8298161882906445,8.317800283432007
6.481843058200367,0.8298161882906445,8.317800283432007
6.481843058200367,0.8298161882906445,8.317800283432007
6.481843058200367,0.8298161882906445,8.317800283432007
6.512507778148329,0.8375504217995097,8.317800283432007
6.512507778148329,0.8375504217995097,8.317800283432007
6.512507778148329,0.8375504217995097,8.317800283432007
6.512507778148329,0.8375504217995097,8.317800283432007
6.512507778148329,0.8375504217995097,8.317800283432007
6.501467173266505,0.8375030501377518,8.317800283432007
6.501467173266505,0.8375030501377518,8.317800283432007
6.501467173266505,0.8375030501377518,8.317800283432007
6.501467173266505,0.8375030501377518,8.317800283432007
6.515054130636777,0.8440402159516607,8.317800283432007
6.515054130636777,0.8440402159516607,8.317800283432007
6.515054130636777,0.8440402159516607,8.317800283432007
6.515054130636777,0.8440402159516607,8.317800283432007
6.515054130636777,0.8440402159516607,8.317800283432007
6.536035222269245,0.8500803638534822,8.317800283432007
6.536035222269245,0.8500803638534822,8.317800283432007
6.536035222269245,0.8500803638534822,8.317800283432007
6.536035222269245,0.8500803638534822,8.317800283432007
6.536035222269245,0.8500803638534822,8.317800283432007
6.553308935032432,0.8554528794284515,8.317800283432007
6.553308935032432,0.8554528794284515,8.317800283432007
6.553308935032432,0.8554528794284515,8.317800283432007
6.553308935032432,0.8554528794284515,8.317800283432007
6.553308935032432,0.8554528794284515,8.317800283432007
6.579368989288573,0.8642527015247083,8.317800283432007
6.579368989288573,0.8642527015247083,8.317800283432007
6.579368989288573,0.8642527015247083,8.317800283432007
6.579368989288573,0.8642527015247083,8.317800283432007
6.579368989288573,0.8642527015247083,8.317800283432007
6.570369657612573,0.8659277720251847,8.317800283432007
6.570369657612573,0.8659277720251847,8.317800283432007
6.570369657612573,0.8659277720251847,8.317800283432007
6.570369657612573,0.8659277720251847,8.317800283432007
6.570369657612573,0.8659277720251847,8.317800283432007
6.5938267235589985,0.8722351663133708,8.317800283432007
6.5938267235589985,0.8722351663133708,8.317800283432007
6.5938267235589985,0.8722351663133708,8.317800283432007
6.5938267235589985,0.8722351663133708,8.317800283432007
6.5938267235589985,0.8722351663133708,8.317800283432007
6.598455218863768,0.870532149682358,8.317800283432007
6.598455218863768,0.870532149682358,8.317800283432007
6.598455218863768,0.870532149682358,8.317800283432007
6.598455218863768,0.870532149682358,8.317800283432007
6.598455218863768,0.870532149682358,8.317800283432007
6.593479748228487,0.8686024530104639,8.317800283432007
6.593479748228487,0.8686024530104639,8.317800283432007
6.593479748228487,0.8686024530104639,8.317800283432007
6.593479748228487,0.8686024530104639,8.317800283432007
6.593479748228487,0.8686024530104639,8.317800283432007
6.602370867774326,0.8697874730959446,8.317800283432007
6.602370867774326,0.8697874730959446,8.317800283432007
6.602370867774326,0.8697874730959446,8.317800283432007
6.602370867774326,0.8697874730959446,8.317800283432007
6.602370867774326,0.8697874730959446,8.317800283432007
6.634139833506714,0.8802979255519927,8.317800283432007
6.634139833506714,0.8802979255519927,8.317800283432007
6.634139833506714,0.8802979255519927,8.317800283432007
6.634139833506714,0.8802979255519927,8.317800283432007
6.634139833506714,0.8802979255519927,8.317800283432007
6.6544843871365424,0.887892334448459,8.317800283432007
6.6544843871365424,0.887892334448459,8.317800283432007
6.6544843871365424,0.887892334448459,8.317800283432007
6.6544843871365424,0.887892334448459,8.317800283432007
6.6544843871365424,0.887892334448459,8.317800283432007
6.66309496006018,0.889436249925021,8.317800283432007
6.66309496006018,0.889436249925021,8.317800283432007
6.66309496006018,0.889436249925021,8.317800283432007
6.66309496006018,0.889436249925021,8.317800283432007
6.66309496006018,0.889436249925021,8.317800283432007
6.664113918822425,0.8927074910837051,8.317800283432007
6.664113918822425,0.8927074910837051,8.317800283432007
6.664113918822425,0.8927074910837051,8.317800283432007
6.664113918822425,0.8927074910837051,8.317800283432007
6.6677039126005155,0.8905012976483612,8.317800283432007
6.6677039126005155,0.8905012976483612,8.317800283432007
6.6677039126005155,0.8905012976483612,8.317800283432007
6.6677039126005155,0.8905012976483612,8.317800283432007
6.6677039126005155,0.8905012976483612,8.317800283432007
6.681669146744163,0.8918881577052865,8.317800283432007
6.681669146744163,0.8918881577052865,8.317800283432007
6.681669146744163,0.8918881577052865,8.317800283432007
6.681669146744163,0.8918881577052865,8.317800283432007
6.681669146744163,0.8918881577052865,8.317800283432007
6.681669146744163,0.8918881577052865,8.317800283432007
6.677640043518337,0.8931701730827025,8.317800283432007
6.677640043518337,0.8931701730827025,8.317800283432007
6.677640043518337,0.8931701730827025,8.317800283432007
6.677640043518337,0.8931701730827025,8.317800283432007
6.677640043518337,0.8931701730827025,8.317800283432007
6.692209954615011,0.8827799918664576,8.317800283432007
6.692209954615011,0.8827799918664576,8.317800283432007
6.692209954615011,0.8827799918664576,8.317800283432007
6.692209954615011,0.8827799918664576,8.317800283432007
6.692209954615011,0.8827799918664576,8.317800283432007
6.710689766835014,0.8847638418692932,8.317800283432007
6.710689766835014,0.8847638418692932,8.317800283432007
6.710689766835014,0.8847638418692932,8.317800283432007
6.710689766835014,0.8847638418692932,8.317800283432007
6.710689766835014,0.8847638418692932,8.317800283432007
6.737670726215513,0.8876426063435419,8.317800283432007
6.737670726215513,0.8876426063435419,8.317800283432007
6.737670726215513,0.8876426063435419,8.317800283432007
6.737670726215513,0.8876426063435419,8.317800283432007
6.737670726215513,0.8876426063435419,8.317800283432007
6.737670726215513,0.8876426063435419,8.317800283432007
6.752976745430221,0.8950312234465702,8.317800283432007
6.752976745430221,0.8950312234465702,8.317800283432007
6.752976745430221,0.8950312234465702,8.317800283432007
6.752976745430221,0.8950312234465702,8.317800283432007
6.748413467547324,0.8859734007488961,8.317800283432007
6.748413467547324,0.8859734007488961,8.317800283432007
6.748413467547324,0.8859734007488961,8.317800283432007
6.748413467547324,0.8859734007488961,8.317800283432007
6.748413467547324,0.8859734007488961,8.317800283432007
6.758407348708833,0.8845703054557156,8.317800283432007
6.758407348708833,0.8845703054557156,8.317800283432007
6.758407348708833,0.8845703054557156,8.317800283432007
6.758407348708833,0.8845703054557156,8.317800283432007
6.758407348708833,0.8845703054557156,8.317800283432007
6.779291945269379,0.8943569474973257,8.317800283432007
6.779291945269379,0.8943569474973257,8.317800283432007
6.779291945269379,0.8943569474973257,8.317800283432007
6.779291945269379,0.8943569474973257,8.317800283432007
6.779291945269379,0.8943569474973257,8.317800283432007
6.803490330930966,0.9019081970513192,8.317800283432007
6.803490330930966,0.9019081970513192,8.317800283432007
6.803490330930966,0.9019081970513192,8.317800283432007
6.803490330930966,0.9019081970513192,8.317800283432007
6.803490330930966,0.9019081970513192,8.317800283432007
6.800819387357228,0.9037402492655167,8.317800283432007
6.800819387357228,0.9037402492655167,8.317800283432007
6.800819387357228,0.9037402492655167,8.317800283432007
6.800819387357228,0.9037402492655167,8.317800283432007
6.800819387357228,0.9037402492655167,8.317800283432007
6.809086323416753,0.9056906248384867,8.317800283432007
6.809086323416753,0.9056906248384867,8.317800283432007
6.809086323416753,0.9056906248384867,8.317800283432007
6.809086323416753,0.9056906248384867,8.317800283432007
6.826882390591456,0.9129700799098102,8.317800283432007
6.826882390591456,0.9129700799098102,8.317800283432007
6.826882390591456,0.9129700799098102,8.317800283432007
6.826882390591456,0.9129700799098102,8.317800283432007
6.826882390591456,0.9129700799098102,8.317800283432007
6.834318103755006,0.9162330980824415,8.317800283432007
6.834318103755006,0.9162330980824415,8.317800283432007
6.834318103755006,0.9162330980824415,8.317800283432007
6.834318103755006,0.9162330980824415,8.317800283432007
6.834318103755006,0.9162330980824415,8.317800283432007
6.834318103755006,0.9162330980824415,8.317800283432007
6.842219217428763,0.9208988984785015,8.317800283432007
6.842219217428763,0.9208988984785015,8.317800283432007
6.842219217428763,0.9208988984785015,8.317800283432007
6.842219217428763,0.9208988984785015,8.317800283432007
6.842219217428763,0.9208988984785015,8.317800283432007
6.842219217428763,0.9208988984785015,8.317800283432007
6.8515413015517606,0.9232097438475809,8.317800283432007
6.8515413015517606,0.9232097438475809,8.317800283432007
6.8515413015517606,0.9232097438475809,8.317800283432007
6.8515413015517606,0.9232097438475809,8.317800283432007
6.8515413015517606,0.9232097438475809,8.317800283432007
6.8515413015517606,0.9232097438475809,8.317800283432007
6.861290208957314,0.9212047742733688,8.317800283432007
6.861290208957314,0.9212047742733688,8.317800283432007
6.861290208957314,0.9212047742733688,8.317800283432007
6.861290208957314,0.9212047742733688,8.317800283432007
6.861290208957314,0.9212047742733688,8.317800283432007
6.861290208957314,0.9212047742733688,8.317800283432007
6.872612372646944,0.9230251959838244,8.317800283432007
6.872612372646944,0.9230251959838244,8.317800283432007
6.872612372646944,0.9230251959838244,8.317800283432007
6.872612372646944,0.9230251959838244,8.317800283432007
6.872612372646944,0.9230251959838244,8.317800283432007
6.899421013517064,0.9337124911453274,8.317800283432007
6.899421013517064,0.9337124911453274,8.317800283432007
6.899421013517064,0.9337124911453274,8.317800283432007
6.899421013517064,0.9337124911453274,8.317800283432007
6.899421013517064,0.9337124911453274,8.317800283432007
6.899421013517064,0.9337124911453274,8.317800283432007
6.899380607546173,0.9368500535061394,8.317800283432007
6.899380607546173,0.9368500535061394,8.317800283432007
6.899380607546173,0.9368500535061394,8.317800283432007
6.899380607546173,0.9368500535061394,8.317800283432007
6.899380607546173,0.9368500535061394,8.317800283432007
6.899380607546173,0.9368500535061394,8.317800283432007
6.9281811469223475,0.9435277300381681,8.317800283432007
6.9281811469223475,0.9435277300381681,8.317800283432007
6.9281811469223475,0.9435277300381681,8.317800283432007
6.9281811469223475,0.9435277300381681,8.317800283432007
6.93082583792248,0.9439520460022433,8.317800283432007
6.93082583792248,0.9439520460022433,8.317800283432007
6.93082583792248,0.9439520460022433,8.317800283432007
6.93082583792248,0.9439520460022433,8.317800283432007
6.93082583792248,0.9439520460022433,8.317800283432007
6.940002419311936,0.9472246319272707,8.317800283432007
6.940002419311936,0.9472246319272707,8.317800283432007
6.940002419311936,0.9472246319272707,8.317800283432007
6.940002419311936,0.9472246319272707,8.317800283432007
6.940002419311936,0.9472246319272707,8.317800283432007
6.962130206825897,0.9528391948638057,8.317800283432007
6.962130206825897,0.9528391948638057,8.317800283432007
6.962130206825897,0.9528391948638057,8.317800283432007
6.962130206825897,0.9528391948638057,8.317800283432007
6.962130206825897,0.9528391948638057,8.317800283432007
6.965649915246817,0.9557538402132485,8.317800283432007
6.965649915246817,0.9557538402132485,8.317800283432007
6.965649915246817,0.9557538402132485,8.317800283432007
6.965649915246817,0.9557538402132485,8.317800283432007
6.965649915246817,0.9557538402132485,8.317800283432007
6.94819815276253,0.9494707143253003,8.317800283432007
6.94819815276253,0.9494707143253003,8.317800283432007
6.94819815276253,0.9494707143253003,8.317800283432007
6.94819815276253,0.9494707143253003,8.317800283432007
6.94819815276253,0.9494707143253003,8.317800283432007
6.958682573342588,0.9460045422329694,8.317800283432007
6.958682573342588,0.9460045422329694,8.317800283432007
6.958682573342588,0.9460045422329694,8.317800283432007
6.958682573342588,0.9460045422329694,8.317800283432007
6.958682573342588,0.9460045422329694,8.317800283432007
6.972193304664991,0.9514376968166298,8.317800283432007
6.972193304664991,0.9514376968166298,8.317800283432007
6.972193304664991,0.9514376968166298,8.317800283432007
6.972193304664991,0.9514376968166298,8.317800283432007
6.972193304664991,0.9514376968166298,8.317800283432007
6.9698622737051945,0.9500772695355145,8.317800283432007
6.9698622737051945,0.9500772695355145,8.317800283432007
6.9698622737051945,0.9500772695355145,8.317800283432007
6.9698622737051945,0.9500772695355145,8.317800283432007
6.9698622737051945,0.9500772695355145,8.317800283432007
6.973415889047629,0.9570532180019207,8.317800283432007
6.973415889047629,0.9570532180019207,8.317800283432007
6.973415889047629,0.9570532180019207,8.317800283432007
6.973415889047629,0.9570532180019207,8.317800283432007
6.973415889047629,0.9570532180019207,8.317800283432007
6.978524553035261,0.958659148185953,8.317800283432007
6.978524553035261,0.958659148185953,8.317800283432007
6.978524553035261,0.958659148185953,8.317800283432007
6.978524553035261,0.958659148185953,8.317800283432007
6.995157050926638,0.9616570544958534,8.317800283432007
6.995157050926638,0.9616570544958534,8.317800283432007
6.995157050926638,0.9616570544958534,8.317800283432007
6.995157050926638,0.9616570544958534,8.317800283432007
6.995157050926638,0.9616570544958534,8.317800283432007
7.007424823768426,0.9662136877627271,8.317800283432007
7.007424823768426,0.9662136877627271,8.317800283432007
7.007424823768426,0.9662136877627271,8.317800283432007
7.007424823768426,0.9662136877627271,8.317800283432007
7.007424823768426,0.9662136877627271,8.317800283432007
7.012850559891375,0.9638842360089322,8.317800283432007
7.012850559891375,0.9638842360089322,8.317800283432007
7.012850559891375,0.9638842360089322,8.317800283432007
7.012850559891375,0.9638842360089322,8.317800283432007
7.012850559891375,0.9638842360089322,8.317800283432007
7.047224845978272,0.969258719722816,8.317800283432007
7.047224845978272,0.969258719722816,8.317800283432007
7.047224845978272,0.969258719722816,8.317800283432007
7.047224845978272,0.969258719722816,8.317800283432007
7.047224845978272,0.969258719722816,8.317800283432007
7.051406696271768,0.9659047885889738,8.317800283432007
7.051406696271768,0.9659047885889738,8.317800283432007
7.051406696271768,0.9659047885889738,8.317800283432007
7.051406696271768,0.9659047885889738,8.317800283432007
7.051406696271768,0.9659047885889738,8.317800283432007
7.0593465612662865,0.970715880060094,8.317800283432007
7.0593465612662865,0.970715880060094,8.317800283432007
7.0593465612662865,0.970715880060094,8.317800283432007
7.0593465612662865,0.970715880060094,8.317800283432007
7.0593465612662865,0.970715880060094,8.317800283432007
7.0853935801282075,0.980534329918427,8.317800283432007
7.0853935801282075,0.980534329918427,8.317800283432007
7.0853935801282075,0.980534329918427,8.317800283432007
7.0853935801282075,0.980534329918427,8.317800283432007
7.103845230742279,0.9880901467426082,8.317800283432007
7.103845230742279,0.9880901467426082,8.317800283432007
7.103845230742279,0.9880901467426082,8.317800283432007
7.103845230742279,0.9880901467426082,8.317800283432007
7.103845230742279,0.9880901467426082,8.317800283432007
7.098743773420065,0.9891884734021612,8.317800283432007
7.098743773420065,0.9891884734021612,8.317800283432007
7.098743773420065,0.9891884734021612,8.317800283432007
7.098743773420065,0.9891884734021612,8.317800283432007
7.098743773420065,0.9891884734021612,8.317800283432007
7.113363380610491,0.9916930071227386,8.317800283432007
7.113363380610491,0.9916930071227386,8.317800283432007
7.113363380610491,0.9916930071227386,8.317800283432007
7.113363380610491,0.9916930071227386,8.317800283432007
7.113363380610491,0.9916930071227386,8.317800283432007
7.113363380610491,0.9916930071227386,8.317800283432007
7.119634943174052,0.9945187979672748,8.317800283432007
7.119634943174052,0.9945187979672748,8.317800283432007
7.119634943174052,0.9945187979672748,8.317800283432007
7.119634943174052,0.9945187979672748,8.317800283432007
7.119634943174052,0.9945187979672748,8.317800283432007
7.124364300831055,0.9932774721981195,8.317800283432007
7.124364300831055,0.9932774721981195,8.317800283432007
7.124364300831055,0.9932774721981195,8.317800283432007
7.124364300831055,0.9932774721981195,8.317800283432007
7.124364300831055,0.9932774721981195,8.317800283432007
7.124868048853062,0.9940103177903917,8.317800283432007
7.124868048853062,0.9940103177903917,8.317800283432007
7.124868048853062,0.9940103177903917,8.317800283432007
7.124868048853062,0.9940103177903917,8.317800283432007
7.124868048853062,0.9940103177903917,8.317800283432007
7.130621540472219,0.995193926843836,8.317800283432007
7.130621540472219,0.995193926843836,8.317800283432007
7.130621540472219,0.995193926843836,8.317800283432007
7.130621540472219,0.995193926843836,8.317800283432007
7.130621540472219,0.995193926843836,8.317800283432007
7.1220872270563484,0.9918667901856588,8.317800283432007
7.1220872270563484,0.9918667901856588,8.317800283432007
7.1220872270563484,0.9918667901856588,8.317800283432007
7.1220872270563484,0.9918667901856588,8.317800283432007
7.1220872270563484,0.9918667901856588,8.317800283432007
7.12168312395149,0.9919318803776864,8.317800283432007
7.12168312395149,0.9919318803776864,8.317800283432007
7.12168312395149,0.9919318803776864,8.317800283432007
7.12168312395149,0.9919318803776864,8.317800283432007
7.12168312395149,0.9919318803776864,8.317800283432007
7.126168019815879,0.9873868094053055,8.317800283432007
7.126168019815879,0.9873868094053055,8.317800283432007
7.126168019815879,0.9873868094053055,8.317800283432007
7.126168019815879,0.9873868094053055,8.317800283432007
7.123306507489415,0.9880113442292814,8.317800283432007
7.123306507489415,0.9880113442292814,8.317800283432007
7.123306507489415,0.9880113442292814,8.317800283432007
7.123306507489415,0.9880113442292814,8.317800283432007
7.123306507489415,0.9880113442292814,8.317800283432007
7.125524856148934,0.9905079124121572,8.317800283432007
7.125524856148934,0.9905079124121572,8.317800283432007
7.125524856148934,0.9905079124121572,8.317800283432007
7.125524856148934,0.9905079124121572,8.317800283432007
7.125524856148934,0.9905079124121572,8.317800283432007
7.125551508361391,0.9922584044875692,8.317800283432007
7.125551508361391,0.9922584044875692,8.317800283432007
7.125551508361391,0.9922584044875692,8.317800283432007
7.125551508361391,0.9922584044875692,8.317800283432007
7.125551508361391,0.9922584044875692,8.317800283432007
7.132016850468002,0.9931886000751335,8.317800283432007
7.132016850468002,0.9931886000751335,8.317800283432007
7.132016850468002,0.9931886000751335,8.317800283432007
7.132016850468002,0.9931886000751335,8.317800283432007
7.132016850468002,0.9931886000751335,8.317800283432007
7.161324924541347,0.9989203231752184,8.317800283432007
7.161324924541347,0.9989203231752184,8.317800283432007
7.161324924541347,0.9989203231752184,8.317800283432007
7.161324924541347,0.9989203231752184,8.317800283432007
7.161324924541347,0.9989203231752184,8.317800283432007
7.169051774782819,1.0030673091509839,8.317800283432007
7.169051774782819,1.0030673091509839,8.317800283432007
7.169051774782819,1.0030673091509839,8.317800283432007
7.169051774782819,1.0030673091509839,8.317800283432007
7.169051774782819,1.0030673091509839,8.317800283432007
7.169051774782819,1.0030673091509839,8.317800283432007
7.199656383875493,1.0104098209088321,8.317800283432007
7.199656383875493,1.0104098209088321,8.317800283432007
7.199656383875493,1.0104098209088321,8.317800283432007
7.199656383875493,1.0104098209088321,8.317800283432007
7.199656383875493,1.0104098209088321,8.317800283432007
7.204815518819238,1.0120134060713997,8.317800283432007
7.204815518819238,1.0120134060713997,8.317800283432007
7.204815518819238,1.0120134060713997,8.317800283432007
7.204815518819238,1.0120134060713997,8.317800283432007
7.204815518819238,1.0120134060713997,8.317800283432007
7.204815518819238,1.0120134060713997,8.317800283432007
7.223037777024713,1.0169653746773268,8.317800283432007
7.223037777024713,1.0169653746773268,8.317800283432007
7.223037777024713,1.0169653746773268,8.317800283432007
7.223037777024713,1.0169653746773268,8.317800283432007
7.223037777024713,1.0169653746773268,8.317800283432007
7.223037777024713,1.0169653746773268,8.317800283432007
7.234736214884011,1.0212456282694957,8.317800283432007
7.234736214884011,1.0212456282694957,8.317800283432007
7.234736214884011,1.0212456282694957,8.317800283432007
7.234736214884011,1.0212456282694957,8.317800283432007
7.234736214884011,1.0212456282694957,8.317800283432007
7.234736214884011,1.0212456282694957,8.317800283432007
7.2343517590282405,1.0221364139352467,8.317800283432007
7.2343517590282405,1.0221364139352467,8.317800283432007
7.2343517590282405,1.0221364139352467,8.317800283432007
7.2343517590282405,1.0221364139352467,8.317800283432007
7.2343517590282405,1.0221364139352467,8.317800283432007
7.2343517590282405,1.0221364139352467,8.317800283432007
7.228318683835159,1.0211633364408947,8.317800283432007
7.228318683835159,1.0211633364408947,8.317800283432007
7.228318683835159,1.0211633364408947,8.317800283432007
7.228318683835159,1.0211633364408947,8.317800283432007
7.228318683835159,1.0211633364408947,8.317800283432007
7.228318683835159,1.0211633364408947,8.317800283432007
7.218884970997422,1.0200296675795586,8.317800283432007
7.218884970997422,1.0200296675795586,8.317800283432007
7.218884970997422,1.0200296675795586,8.317800283432007
7.218884970997422,1.0200296675795586,8.317800283432007
7.218884970997422,1.0200296675795586,8.317800283432007
7.22278189087943,1.0201534261859697,8.317800283432007
7.22278189087943,1.0201534261859697,8.317800283432007
7.22278189087943,1.0201534261859697,8.317800283432007
7.22278189087943,1.0201534261859697,8.317800283432007
7.22278189087943,1.0201534261859697,8.317800283432007
7.22278189087943,1.0201534261859697,8.317800283432007
7.208070047107439,1.0166342155912116,8.317800283432007
7.208070047107439,1.0166342155912116,8.317800283432007
7.208070047107439,1.0166342155912116,8.317800283432007
7.208070047107439,1.0166342155912116,8.317800283432007
7.208070047107439,1.0166342155912116,8.317800283432007
7.208070047107439,1.0166342155912116,8.317800283432007
7.218763006991621,1.0195326312665463,8.317800283432007
7.218763006991621,1.0195326312665463,8.317800283432007
7.218763006991621,1.0195326312665463,8.317800283432007
7.218763006991621,1.0195326312665463,8.317800283432007
7.218763006991621,1.0195326312665463,8.317800283432007
7.218763006991621,1.0195326312665463,8.317800283432007
7.222301165895567,1.018814476023986,8.317800283432007
7.222301165895567,1.018814476023986,8.317800283432007
7.222301165895567,1.018814476023986,8.317800283432007
7.222301165895567,1.018814476023986,8.317800283432007
7.222301165895567,1.018814476023986,8.317800283432007
7.241783301011361,1.0251886366885832,8.317800283432007
7.241783301011361,1.0251886366885832,8.317800283432007
7.241783301011361,1.0251886366885832,8.317800283432007
7.241783301011361,1.0251886366885832,8.317800283432007
7.241783301011361,1.0251886366885832,8.317800283432007
7.2518936726095315,1.0279462450806671,8.317800283432007
7.2518936726095315,1.0279462450806671,8.317800283432007
7.2518936726095315,1.0279462450806671,8.317800283432007
7.2518936726095315,1.0279462450806671,8.317800283432007
7.2518936726095315,1.0279462450806671,8.317800283432007
7.271049255309018,1.0332613738498422,8.317800283432007
7.271049255309018,1.0332613738498422,8.317800283432007
7.271049255309018,1.0332613738498422,8.317800283432007
7.271049255309018,1.0332613738498422,8.317800283432007
7.278315090223593,1.0342412713639726,8.317800283432007
7.278315090223593,1.0342412713639726,8.317800283432007
7.278315090223593,1.0342412713639726,8.317800283432007
7.278315090223593,1.0342412713639726,8.317800283432007
7.278315090223593,1.0342412713639726,8.317800283432007
7.287931120810212,1.038029852841726,8.317800283432007
7.287931120810212,1.038029852841726,8.317800283432007
7.287931120810212,1.038029852841726,8.317800283432007
7.287931120810212,1.038029852841726,8.317800283432007
7.287931120810212,1.038029852841726,8.317800283432007
7.3031403495345755,1.0425606364656923,8.317800283432007
7.3031403495345755,1.0425606364656923,8.317800283432007
7.3031403495345755,1.0425606364656923,8.317800283432007
7.3031403495345755,1.0425606364656923,8.317800283432007
7.3031403495345755,1.0425606364656923,8.317800283432007
7.3031403495345755,1.0425606364656923,8.317800283432007
7.297578459802789,1.0417088588008347,8.317800283432007
7.297578459802789,1.0417088588008347,8.317800283432007
7.297578459802789,1.0417088588008347,8.317800283432007
7.297578459802789,1.0417088588008347,8.317800283432007
7.307073150052701,1.0415277438835004,8.317800283432007
7.307073150052701,1.0415277438835004,8.317800283432007
7.307073150052701,1.0415277438835004,8.317800283432007
7.307073150052701,1.0415277438835004,8.317800283432007
7.307073150052701,1.0415277438835004,8.317800283432007
7.307073150052701,1.0415277438835004,8.317800283432007
7.3175275272041445,1.0451056173038378,8.317800283432007
7.3175275272041445,1.0451056173038378,8.317800283432007
7.3175275272041445,1.0451056173038378,8.317800283432007
7.3175275272041445,1.0451056173038378,8.317800283432007
7.3175275272041445,1.0451056173038378,8.317800283432007
7.3188683246533115,1.0455995890796976,8.317800283432007
7.3188683246533115,1.0455995890796976,8.317800283432007
7.3188683246533115,1.0455995890796976,8.317800283432007
7.3188683246533115,1.0455995890796976,8.317800283432007
7.310317884055519,1.0441557045686287,8.317800283432007
7.310317884055519,1.0441557045686287,8.317800283432007
7.310317884055519,1.0441557045686287,8.317800283432007
7.310317884055519,1.0441557045686287,8.317800283432007
7.310317884055519,1.0441557045686287,8.317800283432007
7.303717514190399,1.0393246396784837,8.317800283432007
7.303717514190399,1.0393246396784837,8.317800283432007
7.303717514190399,1.0393246396784837,8.317800283432007
7.303717514190399,1.0393246396784837,8.317800283432007
7.306144463618391,1.0394270069658667,8.317800283432007
7.306144463618391,1.0394270069658667,8.317800283432007
7.306144463618391,1.0394270069658667,8.317800283432007
7.306144463618391,1.0394270069658667,8.317800283432007
7.306144463618391,1.0394270069658667,8.317800283432007
7.306144463618391,1.0394270069658667,8.317800283432007
7.306144463618391,1.0394270069658667,8.317800283432007
7.313679482815458,1.041715104936841,8.317800283432007
7.313679482815458,1.041715104936841,8.317800283432007
7.313679482815458,1.041715104936841,8.317800283432007
7.313679482815458,1.041715104936841,8.317800283432007
7.313679482815458,1.041715104936841,8.317800283432007
7.313679482815458,1.041715104936841,8.317800283432007
7.313679482815458,1.041715104936841,8.317800283432007
7.318010417199754,1.039248417355355,8.317800283432007
7.318010417199754,1.039248417355355,8.317800283432007
7.318010417199754,1.039248417355355,8.317800283432007
7.318010417199754,1.039248417355355,8.317800283432007
7.318010417199754,1.039248417355355,8.317800283432007
7.337453566743962,1.0406532998060039,8.317800283432007
7.337453566743962,1.0406532998060039,8.317800283432007
7.337453566743962,1.0406532998060039,8.317800283432007
7.337453566743962,1.0406532998060039,8.317800283432007
7.337453566743962,1.0406532998060039,8.317800283432007
7.337453566743962,1.0406532998060039,8.317800283432007
7.346071388569944,1.0412953736679733,8.317800283432007
7.346071388569944,1.0412953736679733,8.317800283432007
7.346071388569944,1.0412953736679733,8.317800283432007
7.346071388569944,1.0412953736679733,8.317800283432007
7.346071388569944,1.0412953736679733,8.317800283432007
7.357816623409557,1.042255007746819,8.317800283432007
7.357816623409557,1.042255007746819,8.317800283432007
7.357816623409557,1.042255007746819,8.317800283432007
7.357816623409557,1.042255007746819,8.317800283432007
7.357816623409557,1.042255007746819,8.317800283432007
7.357816623409557,1.042255007746819,8.317800283432007
7.385541737342786,1.046801964512397,8.317800283432007
7.385541737342786,1.046801964512397,8.317800283432007
7.385541737342786,1.046801964512397,8.317800283432007
7.385541737342786,1.046801964512397,8.317800283432007
7.385541737342786,1.046801964512397,8.317800283432007
7.385541737342786,1.046801964512397,8.317800283432007
7.4139838578179615,1.056598643228649,8.317800283432007
7.4139838578179615,1.056598643228649,8.317800283432007
7.4139838578179615,1.056598643228649,8.317800283432007
7.4139838578179615,1.056598643228649,8.317800283432007
7.4139838578179615,1.056598643228649,8.317800283432007
7.4139838578179615,1.056598643228649,8.317800283432007
7.4139838578179615,1.056598643228649,8.317800283432007
7.423988696758459,1.0548552131567084,8.317800283432007
7.423988696758459,1.0548552131567084,8.317800283432007
7.423988696758459,1.0548552131567084,8.317800283432007
7.423988696758459,1.0548552131567084,8.317800283432007
7.423988696758459,1.0548552131567084,8.317800283432007
7.428603942885747,1.0498723261266338,8.317800283432007
7.428603942885747,1.0498723261266338,8.317800283432007
7.428603942885747,1.0498723261266338,8.317800283432007
7.428603942885747,1.0498723261266338,8.317800283432007
7.428603942885747,1.0498723261266338,8.317800283432007
7.428603942885747,1.0498723261266338,8.317800283432007
7.460734274094762,1.054416218617914,8.317800283432007
7.460734274094762,1.054416218617914,8.317800283432007
7.460734274094762,1.054416218617914,8.317800283432007
7.460734274094762,1.054416218617914,8.317800283432007
7.460734274094762,1.054416218617914,8.317800283432007
7.450149907892592,1.0485333097804674,8.317800283432007
7.450149907892592,1.0485333097804674,8.317800283432007
7.450149907892592,1.0485333097804674,8.317800283432007
7.450149907892592,1.0485333097804674,8.317800283432007
7.450149907892592,1.0485333097804674,8.317800283432007
7.44572313314338,1.0494456721776972,8.317800283432007
7.44572313314338,1.0494456721776972,8.317800283432007
7.44572313314338,1.0494456721776972,8.317800283432007
7.44572313314338,1.0494456721776972,8.317800283432007
7.44572313314338,1.0494456721776972,8.317800283432007
7.43549938823624,1.0448831440894604,8.317800283432007
7.43549938823624,1.0448831440894604,8.317800283432007
7.43549938823624,1.0448831440894604,8.317800283432007
7.43549938823624,1.0448831440894604,8.317800283432007
7.43549938823624,1.0448831440894604,8.317800283432007
7.421321747612007,1.0382245251372477,8.317800283432007
7.421321747612007,1.0382245251372477,8.317800283432007
7.421321747612007,1.0382245251372477,8.317800283432007
7.421321747612007,1.0382245251372477,8.317800283432007
7.421321747612007,1.0382245251372477,8.317800283432007
7.461188528601221,1.0515157793396064,8.317800283432007
7.461188528601221,1.0515157793396064,8.317800283432007
7.461188528601221,1.0515157793396064,8.317800283432007
7.461188528601221,1.0515157793396064,8.317800283432007
7.461188528601221,1.0515157793396064,8.317800283432007
7.461188528601221,1.0515157793396064,8.317800283432007
7.469588161461611,1.058280366024235,8.317800283432007
7.469588161461611,1.058280366024235,8.317800283432007
7.469588161461611,1.058280366024235,8.317800283432007
7.469588161461611,1.058280366024235,8.317800283432007
7.469588161461611,1.058280366024235,8.317800283432007
7.476350424533851,1.0597621045656673,8.317800283432007
7.476350424533851,1.0597621045656673,8.317800283432007
7.476350424533851,1.0597621045656673,8.317800283432007
7.476350424533851,1.0597621045656673,8.317800283432007
7.476350424533851,1.0597621045656673,8.317800283432007
7.4716875753051015,1.0669156424038744,8.317800283432007
7.4716875753051015,1.0669156424038744,8.317800283432007
7.4716875753051015,1.0669156424038744,8.317800283432007
7.4716875753051015,1.0669156424038744,8.317800283432007
7.4716875753051015,1.0669156424038744,8.317800283432007
7.49045495079163,1.0747860943905414,8.317800283432007
7.49045495079163,1.0747860943905414,8.317800283432007
7.49045495079163,1.0747860943905414,8.317800283432007
7.49045495079163,1.0747860943905414,8.317800283432007
7.49045495079163,1.0747860943905414,8.317800283432007
7.480229756053861,1.0719765870234446,8.317800283432007
7.480229756053861,1.0719765870234446,8.317800283432007
7.480229756053861,1.0719765870234446,8.317800283432007
7.480229756053861,1.0719765870234446,8.317800283432007
7.480229756053861,1.0719765870234446,8.317800283432007
7.508373302369524,1.0754964608490756,8.317800283432007
7.508373302369524,1.0754964608490756,8.317800283432007
7.508373302369524,1.0754964608490756,8.317800283432007
7.508373302369524,1.0754964608490756,8.317800283432007
7.508373302369524,1.0754964608490756,8.317800283432007
7.503857062205813,1.0759324760843711,8.317800283432007
7.503857062205813,1.0759324760843711,8.317800283432007
7.503857062205813,1.0759324760843711,8.317800283432007
7.503857062205813,1.0759324760843711,8.317800283432007
7.503857062205813,1.0759324760843711,8.317800283432007
7.530961635596302,1.0803787732009251,8.317800283432007
7.530961635596302,1.0803787732009251,8.317800283432007
7.530961635596302,1.0803787732009251,8.317800283432007
7.530961635596302,1.0803787732009251,8.317800283432007
7.530961635596302,1.0803787732009251,8.317800283432007
7.531832502853851,1.0794256179422648,8.317800283432007
7.531832502853851,1.0794256179422648,8.317800283432007
7.531832502853851,1.0794256179422648,8.317800283432007
7.531832502853851,1.0794256179422648,8.317800283432007
7.531832502853851,1.0794256179422648,8.317800283432007
7.519389853736987,1.0786719380574392,8.317800283432007
7.519389853736987,1.0786719380574392,8.317800283432007
7.519389853736987,1.0786719380574392,8.317800283432007
7.519389853736987,1.0786719380574392,8.317800283432007
7.519389853736987,1.0786719380574392,8.317800283432007
7.527178371804805,1.077630246576899,8.317800283432007
7.527178371804805,1.077630246576899,8.317800283432007
7.527178371804805,1.077630246576899,8.317800283432007
7.527178371804805,1.077630246576899,8.317800283432007
7.527178371804805,1.077630246576899,8.317800283432007
7.529943823044446,1.0825647842723862,8.317800283432007
7.529943823044446,1.0825647842723862,8.317800283432007
7.529943823044446,1.0825647842723862,8.317800283432007
7.529943823044446,1.0825647842723862,8.317800283432007
7.529943823044446,1.0825647842723862,8.317800283432007
7.566951659315666,1.0932507309594688,8.317800283432007
7.566951659315666,1.0932507309594688,8.317800283432007
7.566951659315666,1.0932507309594688,8.317800283432007
7.566951659315666,1.0932507309594688,8.317800283432007
7.566951659315666,1.0932507309594688,8.317800283432007
7.594809330637649,1.0982672383357737,8.317800283432007
7.594809330637649,1.0982672383357737,8.317800283432007
7.594809330637649,1.0982672383357737,8.317800283432007
7.594809330637649,1.0982672383357737,8.317800283432007
7.594809330637649,1.0982672383357737,8.317800283432007
7.602596104288697,1.0993055741742375,8.317800283432007
7.602596104288697,1.0993055741742375,8.317800283432007
7.602596104288697,1.0993055741742375,8.317800283432007
7.602596104288697,1.0993055741742375,8.317800283432007
7.602596104288697,1.0993055741742375,8.317800283432007
7.620614279731855,1.1021604174499664,8.317800283432007
7.620614279731855,1.1021604174499664,8.317800283432007
7.620614279731855,1.1021604174499664,8.317800283432007
7.620614279731855,1.1021604174499664,8.317800283432007
7.620614279731855,1.1021604174499664,8.317800283432007
7.632866657731663,1.1072734230559689,8.317800283432007
7.632866657731663,1.1072734230559689,8.317800283432007
7.632866657731663,1.1072734230559689,8.317800283432007
7.632866657731663,1.1072734230559689,8.317800283432007
7.632866657731663,1.1072734230559689,8.317800283432007
7.652856846658057,1.111799480220625,8.317800283432007
7.652856846658057,1.111799480220625,8.317800283432007
7.652856846658057,1.111799480220625,8.317800283432007
7.652856846658057,1.111799480220625,8.317800283432007
7.652856846658057,1.111799480220625,8.317800283432007
7.694106041719794,1.118864222344591,8.317800283432007
7.694106041719794,1.118864222344591,8.317800283432007
7.694106041719794,1.118864222344591,8.317800283432007
7.694106041719794,1.118864222344591,8.317800283432007
7.694106041719794,1.118864222344591,8.317800283432007
7.716643961069411,1.125803049071893,8.317800283432007
7.716643961069411,1.125803049071893,8.317800283432007
7.716643961069411,1.125803049071893,8.317800283432007
7.716643961069411,1.125803049071893,8.317800283432007
7.716643961069411,1.125803049071893,8.317800283432007
7.706374687921389,1.1224796546803868,8.317800283432007
7.706374687921389,1.1224796546803868,8.317800283432007
7.706374687921389,1.1224796546803868,8.317800283432007
7.706374687921389,1.1224796546803868,8.317800283432007
7.706374687921389,1.1224796546803868,8.317800283432007
7.726383532717734,1.1282547554484808,8.317800283432007
7.726383532717734,1.1282547554484808,8.317800283432007
7.726383532717734,1.1282547554484808,8.317800283432007
7.726383532717734,1.1282547554484808,8.317800283432007
7.726383532717734,1.1282547554484808,8.317800283432007
7.695092898107499,1.1213283069502835,8.317800283432007
7.695092898107499,1.1213283069502835,8.317800283432007
7.695092898107499,1.1213283069502835,8.317800283432007
7.695092898107499,1.1213283069502835,8.317800283432007
7.695092898107499,1.1213283069502835,8.317800283432007
7.684878861621591,1.1170616139720224,8.317800283432007
7.684878861621591,1.1170616139720224,8.317800283432007
7.684878861621591,1.1170616139720224,8.317800283432007
7.684878861621591,1.1170616139720224,8.317800283432007
7.684878861621591,1.1170616139720224,8.317800283432007
7.686267316184431,1.1209252345566993,8.317800283432007
7.686267316184431,1.1209252345566993,8.317800283432007
7.686267316184431,1.1209252345566993,8.317800283432007
7.686267316184431,1.1209252345566993,8.317800283432007
7.686267316184431,1.1209252345566993,8.317800283432007
7.693733408483402,1.1241795399883516,8.317800283432007
7.693733408483402,1.1241795399883516,8.317800283432007
7.693733408483402,1.1241795399883516,8.317800283432007
7.693733408483402,1.1241795399883516,8.317800283432007
7.693733408483402,1.1241795399883516,8.317800283432007
7.728380579623661,1.1363493464151837,8.317800283432007
7.728380579623661,1.1363493464151837,8.317800283432007
7.728380579623661,1.1363493464151837,8.317800283432007
7.728380579623661,1.1363493464151837,8.317800283432007
7.728380579623661,1.1363493464151837,8.317800283432007
7.748625051919495,1.1368035363240376,8.317800283432007
7.748625051919495,1.1368035363240376,8.317800283432007
7.748625051919495,1.1368035363240376,8.317800283432007
7.748625051919495,1.1368035363240376,8.317800283432007
7.748625051919495,1.1368035363240376,8.317800283432007
7.741586558570922,1.1394522124913697,8.317800283432007
7.741586558570922,1.1394522124913697,8.317800283432007
7.741586558570922,1.1394522124913697,8.317800283432007
7.741586558570922,1.1394522124913697,8.317800283432007
7.741768671804332,1.1357686804137757,8.317800283432007
7.741768671804332,1.1357686804137757,8.317800283432007
7.741768671804332,1.1357686804137757,8.317800283432007
7.741768671804332,1.1357686804137757,8.317800283432007
7.741768671804332,1.1357686804137757,8.317800283432007
7.741768671804332,1.1357686804137757,8.317800283432007
7.719118745189592,1.1305355105301174,8.317800283432007
7.719118745189592,1.1305355105301174,8.317800283432007
7.719118745189592,1.1305355105301174,8.317800283432007
7.719118745189592,1.1305355105301174,8.317800283432007
7.719118745189592,1.1305355105301174,8.317800283432007
7.72894390490132,1.1312586971759488,8.317800283432007
7.72894390490132,1.1312586971759488,8.317800283432007
7.72894390490132,1.1312586971759488,8.317800283432007
7.72894390490132,1.1312586971759488,8.317800283432007
7.72894390490132,1.1312586971759488,8.317800283432007
7.773765070182301,1.1421553902415114,8.317800283432007
7.773765070182301,1.1421553902415114,8.317800283432007
7.773765070182301,1.1421553902415114,8.317800283432007
7.773765070182301,1.1421553902415114,8.317800283432007
7.773765070182301,1.1421553902415114,8.317800283432007
7.800708713309513,1.1495845277382553,8.317800283432007
7.800708713309513,1.1495845277382553,8.317800283432007
7.800708713309513,1.1495845277382553,8.317800283432007
7.800708713309513,1.1495845277382553,8.317800283432007
7.800708713309513,1.1495845277382553,8.317800283432007
7.85137126293533,1.1605988925338366,8.317800283432007
7.85137126293533,1.1605988925338366,8.317800283432007
7.85137126293533,1.1605988925338366,8.317800283432007
7.85137126293533,1.1605988925338366,8.317800283432007
7.85137126293533,1.1605988925338366,8.317800283432007
7.87182847646517,1.1680980458726415,8.317800283432007
7.87182847646517,1.1680980458726415,8.317800283432007
7.87182847646517,1.1680980458726415,8.317800283432007
7.87182847646517,1.1680980458726415,8.317800283432007
7.87182847646517,1.1680980458726415,8.317800283432007
7.88326239826928,1.1722163688635607,8.317800283432007
7.88326239826928,1.1722163688635607,8.317800283432007
7.88326239826928,1.1722163688635607,8.317800283432007
7.88326239826928,1.1722163688635607,8.317800283432007
7.865017750962368,1.1668090930407033,8.317800283432007
7.865017750962368,1.1668090930407033,8.317800283432007
7.865017750962368,1.1668090930407033,8.317800283432007
7.865017750962368,1.1668090930407033,8.317800283432007
7.865017750962368,1.1668090930407033,8.317800283432007
7.859580230236341,1.1656590268576728,8.317800283432007
7.859580230236341,1.1656590268576728,8.317800283432007
7.859580230236341,1.1656590268576728,8.317800283432007
7.859580230236341,1.1656590268576728,8.317800283432007
7.859580230236341,1.1656590268576728,8.317800283432007
7.855356113450295,1.16521569093432,8.317800283432007
7.855356113450295,1.16521569093432,8.317800283432007
7.855356113450295,1.16521569093432,8.317800283432007
7.855356113450295,1.16521569093432,8.317800283432007
7.855356113450295,1.16521569093432,8.317800283432007
7.855356113450295,1.16521569093432,8.317800283432007
7.86534392751569,1.165278132337529,8.317800283432007
7.86534392751569,1.165278132337529,8.317800283432007
7.86534392751569,1.165278132337529,8.317800283432007
7.86534392751569,1.165278132337529,8.317800283432007
7.86534392751569,1.165278132337529,8.317800283432007
7.863886073734081,1.1672204871131617,8.317800283432007
7.863886073734081,1.1672204871131617,8.317800283432007
7.863886073734081,1.1672204871131617,8.317800283432007
7.863886073734081,1.1672204871131617,8.317800283432007
7.863886073734081,1.1672204871131617,8.317800283432007
7.863886073734081,1.1672204871131617,8.317800283432007
7.880720366679989,1.1713848456494902,8.317800283432007
7.880720366679989,1.1713848456494902,8.317800283432007
7.880720366679989,1.1713848456494902,8.317800283432007
7.880720366679989,1.1713848456494902,8.317800283432007
7.892738999667819,1.173800263477476,8.317800283432007
7.892738999667819,1.173800263477476,8.317800283432007
7.892738999667819,1.173800263477476,8.317800283432007
7.892738999667819,1.173800263477476,8.317800283432007
7.892738999667819,1.173800263477476,8.317800283432007
7.921742997535338,1.1796258116489096,8.317800283432007
7.921742997535338,1.1796258116489096,8.317800283432007
7.921742997535338,1.1796258116489096,8.317800283432007
7.921742997535338,1.1796258116489096,8.317800283432007
7.921742997535338,1.1796258116489096,8.317800283432007
7.919836903757448,1.1797196853042777,8.317800283432007
7.919836903757448,1.1797196853042777,8.317800283432007
7.919836903757448,1.1797196853042777,8.317800283432007
7.919836903757448,1.1797196853042777,8.317800283432007
7.919836903757448,1.1797196853042777,8.317800283432007
7.919836903757448,1.1797196853042777,8.317800283432007
7.919836903757448,1.1797196853042777,8.317800283432007
7.934330908522233,1.1829406866764953,8.317800283432007
7.934330908522233,1.1829406866764953,8.317800283432007
7.934330908522233,1.1829406866764953,8.317800283432007
7.934330908522233,1.1829406866764953,8.317800283432007
7.934330908522233,1.1829406866764953,8.317800283432007
7.934330908522233,1.1829406866764953,8.317800283432007
7.934330908522233,1.1829406866764953,8.317800283432007
7.978178313533734,1.1936120385195095,8.317800283432007
7.978178313533734,1.1936120385195095,8.317800283432007
7.978178313533734,1.1936120385195095,8.317800283432007
7.978178313533734,1.1936120385195095,8.317800283432007
7.978178313533734,1.1936120385195095,8.317800283432007
7.978178313533734,1.1936120385195095,8.317800283432007
7.978178313533734,1.1936120385195095,8.317800283432007
7.978178313533734,1.1936120385195095,8.317800283432007
7.988795728893596,1.1993421958662167,8.317800283432007
7.988795728893596,1.1993421958662167,8.317800283432007
7.988795728893596,1.1993421958662167,8.317800283432007
7.988795728893596,1.1993421958662167,8.317800283432007
7.988795728893596,1.1993421958662167,8.317800283432007
7.988795728893596,1.1993421958662167,8.317800283432007
7.988795728893596,1.1993421958662167,8.317800283432007
8.014441508735594,1.2025456929591851,8.317800283432007
8.014441508735594,1.2025456929591851,8.317800283432007
8.014441508735594,1.2025456929591851,8.317800283432007
8.014441508735594,1.2025456929591851,8.317800283432007
8.014441508735594,1.2025456929591851,8.317800283432007
8.014441508735594,1.2025456929591851,8.317800283432007
8.014441508735594,1.2025456929591851,8.317800283432007
8.004865430284905,1.2040697111948149,8.317800283432007
8.004865430284905,1.2040697111948149,8.317800283432007
8.004865430284905,1.2040697111948149,8.317800283432007
8.004865430284905,1.2040697111948149,8.317800283432007
8.004865430284905,1.2040697111948149,8.317800283432007
8.004865430284905,1.2040697111948149,8.317800283432007
8.006211039142697,1.2017288080383715,8.317800283432007
8.006211039142697,1.2017288080383715,8.317800283432007
8.006211039142697,1.2017288080383715,8.317800283432007
8.006211039142697,1.2017288080383715,8.317800283432007
8.006211039142697,1.2017288080383715,8.317800283432007
8.006211039142697,1.2017288080383715,8.317800283432007
8.018464770826625,1.204572294079748,8.317800283432007
8.018464770826625,1.204572294079748,8.317800283432007
8.018464770826625,1.204572294079748,8.317800283432007
8.018464770826625,1.204572294079748,8.317800283432007
8.018464770826625,1.204572294079748,8.317800283432007
8.015067502466362,1.202666873588793,8.317800283432007
8.015067502466362,1.202666873588793,8.317800283432007
8.015067502466362,1.202666873588793,8.317800283432007
8.015067502466362,1.202666873588793,8.317800283432007
8.015067502466362,1.202666873588793,8.317800283432007
8.030651504373159,1.2058730286798691,8.317800283432007
8.030651504373159,1.2058730286798691,8.317800283432007
8.030651504373159,1.2058730286798691,8.317800283432007
8.030651504373159,1.2058730286798691,8.317800283432007
8.030651504373159,1.2058730286798691,8.317800283432007
8.050382707860932,1.2086840139764594,8.317800283432007
8.050382707860932,1.2086840139764594,8.317800283432007
8.050382707860932,1.2086840139764594,8.317800283432007
8.050382707860932,1.2086840139764594,8.317800283432007
8.050382707860932,1.2086840139764594,8.317800283432007
8.053439909473763,1.2091985747146476,8.317800283432007
8.053439909473763,1.2091985747146476,8.317800283432007
8.053439909473763,1.2091985747146476,8.317800283432007
8.053439909473763,1.2091985747146476,8.317800283432007
8.053439909473763,1.2091985747146476,8.317800283432007
8.070406428262025,1.214133372816287,8.317800283432007
8.070406428262025,1.214133372816287,8.317800283432007
8.070406428262025,1.214133372816287,8.317800283432007
8.070406428262025,1.214133372816287,8.317800283432007
8.070406428262025,1.214133372816287,8.317800283432007
8.075942146026678,1.2170375000721119,8.317800283432007
8.075942146026678,1.2170375000721119,8.317800283432007
8.075942146026678,1.2170375000721119,8.317800283432007
8.075942146026678,1.2170375000721119,8.317800283432007
8.075942146026678,1.2170375000721119,8.317800283432007
8.078879015457773,1.218158220734169,8.317800283432007
8.078879015457773,1.218158220734169,8.317800283432007
8.078879015457773,1.218158220734169,8.317800283432007
8.078879015457773,1.218158220734169,8.317800283432007
8.078879015457773,1.218158220734169,8.317800283432007
8.095424904628532,1.2226742557996337,8.317800283432007
8.095424904628532,1.2226742557996337,8.317800283432007
8.095424904628532,1.2226742557996337,8.317800283432007
8.095424904628532,1.2226742557996337,8.317800283432007
8.095424904628532,1.2226742557996337,8.317800283432007
8.095612333592765,1.2223825042931102,8.317800283432007
8.095612333592765,1.2223825042931102,8.317800283432007
8.095612333592765,1.2223825042931102,8.317800283432007
8.095612333592765,1.2223825042931102,8.317800283432007
8.095612333592765,1.2223825042931102,8.317800283432007
8.099110022879204,1.2242887171118384,8.317800283432007
8.099110022879204,1.2242887171118384,8.317800283432007
8.099110022879204,1.2242887171118384,8.317800283432007
8.099110022879204,1.2242887171118384,8.317800283432007
8.099110022879204,1.2242887171118384,8.317800283432007
8.11971042029326,1.2277218936669572,8.317800283432007
8.11971042029326,1.2277218936669572,8.317800283432007
8.11971042029326,1.2277218936669572,8.317800283432007
8.11971042029326,1.2277218936669572,8.317800283432007
8.11971042029326,1.2277218936669572,8.317800283432007
8.147624246331922,1.2328563246556912,8.317800283432007
8.147624246331922,1.2328563246556912,8.317800283432007
8.147624246331922,1.2328563246556912,8.317800283432007
8.147624246331922,1.2328563246556912,8.317800283432007
8.147624246331922,1.2328563246556912,8.317800283432007
8.156229727418957,1.2333812753648559,8.317800283432007
8.156229727418957,1.2333812753648559,8.317800283432007
8.156229727418957,1.2333812753648559,8.317800283432007
8.156229727418957,1.2333812753648559,8.317800283432007
8.156229727418957,1.2333812753648559,8.317800283432007
8.163466518535634,1.238214811046971,8.317800283432007
8.163466518535634,1.238214811046971,8.317800283432007
8.163466518535634,1.238214811046971,8.317800283432007
8.163466518535634,1.238214811046971,8.317800283432007
8.163466518535634,1.238214811046971,8.317800283432007
8.161939809919119,1.239878157945206,8.317800283432007
8.161939809919119,1.239878157945206,8.317800283432007
8.161939809919119,1.239878157945206,8.317800283432007
8.161939809919119,1.239878157945206,8.317800283432007
8.161939809919119,1.239878157945206,8.317800283432007
8.174361882500609,1.241144361742104,8.317800283432007
8.174361882500609,1.241144361742104,8.317800283432007
8.174361882500609,1.241144361742104,8.317800283432007
8.174361882500609,1.241144361742104,8.317800283432007
8.174361882500609,1.241144361742104,8.317800283432007
8.186679894637136,1.2431522967542268,8.317800283432007
8.186679894637136,1.2431522967542268,8.317800283432007
8.186679894637136,1.2431522967542268,8.317800283432007
8.186679894637136,1.2431522967542268,8.317800283432007
8.186679894637136,1.2431522967542268,8.317800283432007
8.198423534930727,1.2445609318189907,8.317800283432007
8.198423534930727,1.2445609318189907,8.317800283432007
8.198423534930727,1.2445609318189907,8.317800283432007
8.198423534930727,1.2445609318189907,8.317800283432007
8.198423534930727,1.2445609318189907,8.317800283432007
8.19562522348911,1.2446713253711248,8.317800283432007
8.19562522348911,1.2446713253711248,8.317800283432007
8.19562522348911,1.2446713253711248,8.317800283432007
8.19562522348911,1.2446713253711248,8.317800283432007
8.19562522348911,1.2446713253711248,8.317800283432007
8.185288064278465,1.2409479450694294,8.317800283432007
8.185288064278465,1.2409479450694294,8.317800283432007
8.185288064278465,1.2409479450694294,8.317800283432007
8.185288064278465,1.2409479450694294,8.317800283432007
8.185288064278465,1.2409479450694294,8.317800283432007
8.191698630131015,1.2450926653695924,8.317800283432007
8.191698630131015,1.2450926653695924,8.317800283432007
8.191698630131015,1.2450926653695924,8.317800283432007
8.191698630131015,1.2450926653695924,8.317800283432007
8.185101489312899,1.2421615286471481,8.317800283432007
8.185101489312899,1.2421615286471481,8.317800283432007
8.185101489312899,1.2421615286471481,8.317800283432007
8.185101489312899,1.2421615286471481,8.317800283432007
8.185101489312899,1.2421615286471481,8.317800283432007
8.185101489312899,1.2421615286471481,8.317800283432007
8.193327374784452,1.243609252034056,8.317800283432007
8.193327374784452,1.243609252034056,8.317800283432007
8.193327374784452,1.243609252034056,8.317800283432007
8.193327374784452,1.243609252034056,8.317800283432007
8.193327374784452,1.243609252034056,8.317800283432007
8.197405207771949,1.2442044354401494,8.317800283432007
8.197405207771949,1.2442044354401494,8.317800283432007
8.197405207771949,1.2442044354401494,8.317800283432007
8.197405207771949,1.2442044354401494,8.317800283432007
8.197405207771949,1.2442044354401494,8.317800283432007
8.198667643178664,1.245051103034541,8.317800283432007
8.198667643178664,1.245051103034541,8.317800283432007
8.198667643178664,1.245051103034541,8.317800283432007
8.198667643178664,1.245051103034541,8.317800283432007
8.198667643178664,1.245051103034541,8.317800283432007
8.1985450314238,1.2456626622942175,8.317800283432007
8.1985450314238,1.2456626622942175,8.317800283432007
8.1985450314238,1.2456626622942175,8.317800283432007
8.1985450314238,1.2456626622942175,8.317800283432007
8.1985450314238,1.2456626622942175,8.317800283432007
8.203546810533417,1.2480913462462215,8.317800283432007
8.203546810533417,1.2480913462462215,8.317800283432007
8.203546810533417,1.2480913462462215,8.317800283432007
8.203546810533417,1.2480913462462215,8.317800283432007
8.203546810533417,1.2480913462462215,8.317800283432007
8.199227524628927,1.2476822638230585,8.317800283432007
8.199227524628927,1.2476822638230585,8.317800283432007
8.199227524628927,1.2476822638230585,8.317800283432007
8.199227524628927,1.2476822638230585,8.317800283432007
8.199227524628927,1.2476822638230585,8.317800283432007
8.189360633467292,1.24465352917882,8.317800283432007
8.189360633467292,1.24465352917882,8.317800283432007
8.189360633467292,1.24465352917882,8.317800283432007
8.189360633467292,1.24465352917882,8.317800283432007
8.189360633467292,1.24465352917882,8.317800283432007
8.180333122488172,1.2440639787516101,8.317800283432007
8.180333122488172,1.2440639787516101,8.317800283432007
8.180333122488172,1.2440639787516101,8.317800283432007
8.180333122488172,1.2440639787516101,8.317800283432007
8.180333122488172,1.2440639787516101,8.317800283432007
8.177739399581412,1.2416141471955198,8.317800283432007
8.177739399581412,1.2416141471955198,8.317800283432007
8.177739399581412,1.2416141471955198,8.317800283432007
8.177739399581412,1.2416141471955198,8.317800283432007
8.177739399581412,1.2416141471955198,8.317800283432007
8.185740690410027,1.2406548421988504,8.317800283432007
8.185740690410027,1.2406548421988504,8.317800283432007
8.185740690410027,1.2406548421988504,8.317800283432007
8.185740690410027,1.2406548421988504,8.317800283432007
8.185740690410027,1.2406548421988504,8.317800283432007
8.190003558671819,1.2432927573660635,8.317800283432007
8.190003558671819,1.2432927573660635,8.317800283432007
8.190003558671819,1.2432927573660635,8.317800283432007
8.190003558671819,1.2432927573660635,8.317800283432007
8.190003558671819,1.2432927573660635,8.317800283432007
8.197292137678835,1.2441941197722812,8.317800283432007
8.197292137678835,1.2441941197722812,8.317800283432007
8.197292137678835,1.2441941197722812,8.317800283432007
8.197292137678835,1.2441941197722812,8.317800283432007
8.197292137678835,1.2441941197722812,8.317800283432007
8.204627334454212,1.2463182057840096,8.317800283432007
8.204627334454212,1.2463182057840096,8.317800283432007
8.204627334454212,1.2463182057840096,8.317800283432007
8.204627334454212,1.2463182057840096,8.317800283432007
8.204627334454212,1.2463182057840096,8.317800283432007
8.208249614167725,1.2466532814316957,8.317800283432007
8.208249614167725,1.2466532814316957,8.317800283432007
8.208249614167725,1.2466532814316957,8.317800283432007
8.208249614167725,1.2466532814316957,8.317800283432007
8.226862105227273,1.2511334659292437,8.317800283432007
8.226862105227273,1.2511334659292437,8.317800283432007
8.226862105227273,1.2511334659292437,8.317800283432007
8.226862105227273,1.2511334659292437,8.317800283432007
8.226862105227273,1.2511334659292437,8.317800283432007
8.237819321950534,1.2549502094896385,8.317800283432007
8.237819321950534,1.2549502094896385,8.317800283432007
8.237819321950534,1.2549502094896385,8.317800283432007
8.237819321950534,1.2549502094896385,8.317800283432007
8.237819321950534,1.2549502094896385,8.317800283432007
8.237367739348329,1.2547134408983696,8.317800283432007
8.237367739348329,1.2547134408983696,8.317800283432007
8.237367739348329,1.2547134408983696,8.317800283432007
8.237367739348329,1.2547134408983696,8.317800283432007
8.237367739348329,1.2547134408983696,8.317800283432007
8.24153532851223,1.2556119032202564,8.317800283432007
8.24153532851223,1.2556119032202564,8.317800283432007
8.24153532851223,1.2556119032202564,8.317800283432007
8.24153532851223,1.2556119032202564,8.317800283432007
8.24153532851223,1.2556119032202564,8.317800283432007
8.245369455301322,1.252740761415232,8.317800283432007
8.245369455301322,1.252740761415232,8.317800283432007
8.245369455301322,1.252740761415232,8.317800283432007
8.245369455301322,1.252740761415232,8.317800283432007
8.245369455301322,1.252740761415232,8.317800283432007
8.255623058357031,1.2563348265616077,8.317800283432007
8.255623058357031,1.2563348265616077,8.317800283432007
8.255623058357031,1.2563348265616077,8.317800283432007
8.255623058357031,1.2563348265616077,8.317800283432007
8.255623058357031,1.2563348265616077,8.317800283432007
8.255623058357031,1.2563348265616077,8.317800283432007
8.248536131789841,1.2529552396812764,8.317800283432007
8.248536131789841,1.2529552396812764,8.317800283432007
8.248536131789841,1.2529552396812764,8.317800283432007
8.248536131789841,1.2529552396812764,8.317800283432007
8.248536131789841,1.2529552396812764,8.317800283432007
8.254993392925202,1.2538922754019004,8.317800283432007
8.254993392925202,1.2538922754019004,8.317800283432007
8.254993392925202,1.2538922754019004,8.317800283432007
8.254993392925202,1.2538922754019004,8.317800283432007
8.255547224789776,1.2527301718192243,8.317800283432007
8.255547224789776,1.2527301718192243,8.317800283432007
8.255547224789776,1.2527301718192243,8.317800283432007
8.255547224789776,1.2527301718192243,8.317800283432007
8.255547224789776,1.2527301718192243,8.317800283432007
8.26360349134724,1.2547903157634537,8.317800283432007
8.26360349134724,1.2547903157634537,8.317800283432007
8.26360349134724,1.2547903157634537,8.317800283432007
8.26360349134724,1.2547903157634537,8.317800283432007
8.26360349134724,1.2547903157634537,8.317800283432007
8.259730427178818,1.2549768750045502,8.317800283432007
8.259730427178818,1.2549768750045502,8.317800283432007
8.259730427178818,1.2549768750045502,8.317800283432007
8.259730427178818,1.2549768750045502,8.317800283432007
8.259730427178818,1.2549768750045502,8.317800283432007
8.253563516034413,1.2564735919698742,8.317800283432007
8.253563516034413,1.2564735919698742,8.317800283432007
8.253563516034413,1.2564735919698742,8.317800283432007
8.253563516034413,1.2564735919698742,8.317800283432007
8.253563516034413,1.2564735919698742,8.317800283432007
8.251428594878591,1.2565897241795008,8.317800283432007
8.251428594878591,1.2565897241795008,8.317800283432007
8.251428594878591,1.2565897241795008,8.317800283432007
8.251428594878591,1.2565897241795008,8.317800283432007
8.240071019945288,1.253425099933846,8.317800283432007
8.240071019945288,1.253425099933846,8.317800283432007
8.240071019945288,1.253425099933846,8.317800283432007
8.240071019945288,1.253425099933846,8.317800283432007
8.240071019945288,1.253425099933846,8.317800283432007
8.247053034035375,1.2543288227540677,8.317800283432007
8.247053034035375,1.2543288227540677,8.317800283432007
8.247053034035375,1.2543288227540677,8.317800283432007
8.247053034035375,1.2543288227540677,8.317800283432007
8.247053034035375,1.2543288227540677,8.317800283432007
8.256417724963171,1.2572932251496776,8.317800283432007
8.256417724963171,1.2572932251496776,8.317800283432007
8.256417724963171,1.2572932251496776,8.317800283432007
8.256417724963171,1.2572932251496776,8.317800283432007
8.256417724963171,1.2572932251496776,8.317800283432007
8.25271390405361,1.2563668691286756,8.317800283432007
8.25271390405361,1.2563668691286756,8.317800283432007
8.25271390405361,1.2563668691286756,8.317800283432007
8.25271390405361,1.2563668691286756,8.317800283432007
8.25271390405361,1.2563668691286756,8.317800283432007
8.25271390405361,1.2563668691286756,8.317800283432007
8.261298004970214,1.2611195779636406,8.317800283432007
8.261298004970214,1.2611195779636406,8.317800283432007
8.261298004970214,1.2611195779636406,8.317800283432007
8.261298004970214,1.2611195779636406,8.317800283432007
8.261298004970214,1.2611195779636406,8.317800283432007
8.275917007971913,1.2624781770115239,8.317800283432007
8.275917007971913,1.2624781770115239,8.317800283432007
8.275917007971913,1.2624781770115239,8.317800283432007
8.275917007971913,1.2624781770115239,8.317800283432007
8.275917007971913,1.2624781770115239,8.317800283432007
8.275917007971913,1.2624781770115239,8.317800283432007
8.292877528641975,1.2652336379477342,8.317800283432007
8.292877528641975,1.2652336379477342,8.317800283432007
8.292877528641975,1.2652336379477342,8.317800283432007
8.292877528641975,1.2652336379477342,8.317800283432007
8.292877528641975,1.2652336379477342,8.317800283432007
8.342571854838157,1.2738006876979808,8.317800283432007
8.342571854838157,1.2738006876979808,8.317800283432007
8.342571854838157,1.2738006876979808,8.317800283432007
8.342571854838157,1.2738006876979808,8.317800283432007
8.342571854838157,1.2738006876979808,8.317800283432007
8.342571854838157,1.2738006876979808,8.317800283432007
8.342571854838157,1.2738006876979808,8.317800283432007
8.35396759460579,1.2696697280525808,8.317800283432007
8.35396759460579,1.2696697280525808,8.317800283432007
8.35396759460579,1.2696697280525808,8.317800283432007
8.35396759460579,1.2696697280525808,8.317800283432007
8.35396759460579,1.2696697280525808,8.317800283432007
8.362545533515906,1.2684937259019842,8.317800283432007
8.362545533515906,1.2684937259019842,8.317800283432007
8.362545533515906,1.2684937259019842,8.317800283432007
8.362545533515906,1.2684937259019842,8.317800283432007
8.362545533515906,1.2684937259019842,8.317800283432007
8.362545533515906,1.2684937259019842,8.317800283432007
8.377778217425345,1.2645646621356983,8.317800283432007
8.377778217425345,1.2645646621356983,8.317800283432007
8.377778217425345,1.2645646621356983,8.317800283432007
8.377778217425345,1.2645646621356983,8.317800283432007
8.377778217425345,1.2645646621356983,8.317800283432007
8.377778217425345,1.2645646621356983,8.317800283432007
8.409046187191977,1.2695253960080775,8.317800283432007
8.409046187191977,1.2695253960080775,8.317800283432007
8.409046187191977,1.2695253960080775,8.317800283432007
8.409046187191977,1.2695253960080775,8.317800283432007
8.409046187191977,1.2695253960080775,8.317800283432007
8.417057508282902,1.270237694374049,8.317800283432007
8.417057508282902,1.270237694374049,8.317800283432007
8.417057508282902,1.270237694374049,8.317800283432007
8.417057508282902,1.270237694374049,8.317800283432007
8.417057508282902,1.270237694374049,8.317800283432007
8.40352031141741,1.2691600213341356,8.317800283432007
8.40352031141741,1.2691600213341356,8.317800283432007
8.40352031141741,1.2691600213341356,8.317800283432007
8.40352031141741,1.2691600213341356,8.317800283432007
8.40352031141741,1.2691600213341356,8.317800283432007
8.41299955410671,1.2744842983720541,8.317800283432007
8.41299955410671,1.2744842983720541,8.317800283432007
8.41299955410671,1.2744842983720541,8.317800283432007
8.41299955410671,1.2744842983720541,8.317800283432007
8.41299955410671,1.2744842983720541,8.317800283432007
8.436770376897236,1.2794369372970276,8.317800283432007
8.436770376897236,1.2794369372970276,8.317800283432007
8.436770376897236,1.2794369372970276,8.317800283432007
8.436770376897236,1.2794369372970276,8.317800283432007
8.464148283841912,1.2800964661779073,8.317800283432007
8.464148283841912,1.2800964661779073,8.317800283432007
8.464148283841912,1.2800964661779073,8.317800283432007
8.464148283841912,1.2800964661779073,8.317800283432007
8.464148283841912,1.2800964661779073,8.317800283432007
8.433893666632263,1.2829435510183145,8.317800283432007
8.433893666632263,1.2829435510183145,8.317800283432007
8.433893666632263,1.2829435510183145,8.317800283432007
8.433893666632263,1.2829435510183145,8.317800283432007
8.433893666632263,1.2829435510183145,8.317800283432007
8.433893666632263,1.2829435510183145,8.317800283432007
8.44531737197732,1.283926913637718,8.317800283432007
8.44531737197732,1.283926913637718,8.317800283432007
8.44531737197732,1.283926913637718,8.317800283432007
8.44531737197732,1.283926913637718,8.317800283432007
8.44531737197732,1.283926913637718,8.317800283432007
8.459855824907336,1.2868648491868053,8.317800283432007
8.459855824907336,1.2868648491868053,8.317800283432007
8.459855824907336,1.2868648491868053,8.317800283432007
8.459855824907336,1.2868648491868053,8.317800283432007
8.459855824907336,1.2868648491868053,8.317800283432007
8.493514656779697,1.290600726884751,8.317800283432007
8.493514656779697,1.290600726884751,8.317800283432007
8.493514656779697,1.290600726884751,8.317800283432007
8.493514656779697,1.290600726884751,8.317800283432007
8.53507555829937,1.2982896084861824,8.317800283432007
8.53507555829937,1.2982896084861824,8.317800283432007
8.53507555829937,1.2982896084861824,8.317800283432007
8.53507555829937,1.2982896084861824,8.317800283432007
8.53507555829937,1.2982896084861824,8.317800283432007
8.575763085040345,1.3040418913333582,8.317800283432007
8.575763085040345,1.3040418913333582,8.317800283432007
8.575763085040345,1.3040418913333582,8.317800283432007
8.575763085040345,1.3040418913333582,8.317800283432007
8.575763085040345,1.3040418913333582,8.317800283432007
8.611625459126369,1.3074640757751566,8.317800283432007
8.611625459126369,1.3074640757751566,8.317800283432007
8.611625459126369,1.3074640757751566,8.317800283432007
8.611625459126369,1.3074640757751566,8.317800283432007
8.611625459126369,1.3074640757751566,8.317800283432007
8.623015448302787,1.3059759779943851,8.317800283432007
8.623015448302787,1.3059759779943851,8.317800283432007
8.623015448302787,1.3059759779943851,8.317800283432007
8.623015448302787,1.3059759779943851,8.317800283432007
8.638878423643556,1.3085465152807856,8.317800283432007
8.638878423643556,1.3085465152807856,8.317800283432007
8.638878423643556,1.3085465152807856,8.317800283432007
8.638878423643556,1.3085465152807856,8.317800283432007
8.638878423643556,1.3085465152807856,8.317800283432007
8.638878423643556,1.3085465152807856,8.317800283432007
8.678361531753314,1.3191021613264131,8.317800283432007
8.678361531753314,1.3191021613264131,8.317800283432007
8.678361531753314,1.3191021613264131,8.317800283432007
8.678361531753314,1.3191021613264131,8.317800283432007
8.710863823083765,1.3220069108721275,8.317800283432007
8.710863823083765,1.3220069108721275,8.317800283432007
8.710863823083765,1.3220069108721275,8.317800283432007
8.710863823083765,1.3220069108721275,8.317800283432007
8.710863823083765,1.3220069108721275,8.317800283432007
8.713965882132834,1.3235358964348032,8.317800283432007
8.713965882132834,1.3235358964348032,8.317800283432007
8.713965882132834,1.3235358964348032,8.317800283432007
8.713965882132834,1.3235358964348032,8.317800283432007
8.713965882132834,1.3235358964348032,8.317800283432007
8.746646999889165,1.3222063082509692,8.317800283432007
8.746646999889165,1.3222063082509692,8.317800283432007
8.746646999889165,1.3222063082509692,8.317800283432007
8.746646999889165,1.3222063082509692,8.317800283432007
8.746646999889165,1.3222063082509692,8.317800283432007
8.773152918287144,1.3329348192810522,8.317800283432007
8.773152918287144,1.3329348192810522,8.317800283432007
8.773152918287144,1.3329348192810522,8.317800283432007
8.773152918287144,1.3329348192810522,8.317800283432007
8.773152918287144,1.3329348192810522,8.317800283432007
8.823890828693964,1.3348908516363898,8.317800283432007
8.823890828693964,1.3348908516363898,8.317800283432007
8.823890828693964,1.3348908516363898,8.317800283432007
8.823890828693964,1.3348908516363898,8.317800283432007
8.823890828693964,1.3348908516363898,8.317800283432007
8.836112843134387,1.3406713847400356,8.317800283432007
8.836112843134387,1.3406713847400356,8.317800283432007
8.836112843134387,1.3406713847400356,8.317800283432007
8.836112843134387,1.3406713847400356,8.317800283432007
8.836112843134387,1.3406713847400356,8.317800283432007
8.836112843134387,1.3406713847400356,8.317800283432007
8.86893297875138,1.3476080190561832,8.317800283432007
8.86893297875138,1.3476080190561832,8.317800283432007
8.86893297875138,1.3476080190561832,8.317800283432007
8.86893297875138,1.3476080190561832,8.317800283432007
8.86893297875138,1.3476080190561832,8.317800283432007
8.876475871589161,1.3532075437755284,8.317800283432007
8.876475871589161,1.3532075437755284,8.317800283432007
8.876475871589161,1.3532075437755284,8.317800283432007
8.876475871589161,1.3532075437755284,8.317800283432007
8.876475871589161,1.3532075437755284,8.317800283432007
8.883135844562158,1.3508076253795396,8.317800283432007
8.883135844562158,1.3508076253795396,8.317800283432007
8.883135844562158,1.3508076253795396,8.317800283432007
8.883135844562158,1.3508076253795396,8.317800283432007
8.883135844562158,1.3508076253795396,8.317800283432007
8.883135844562158,1.3508076253795396,8.317800283432007
8.883135844562158,1.3508076253795396,8.317800283432007
8.90801752662025,1.3523072792365776,8.317800283432007
8.90801752662025,1.3523072792365776,8.317800283432007
8.90801752662025,1.3523072792365776,8.317800283432007
8.90801752662025,1.3523072792365776,8.317800283432007
8.91543750235947,1.3428426830930869,8.317800283432007
8.91543750235947,1.3428426830930869,8.317800283432007
8.91543750235947,1.3428426830930869,8.317800283432007
8.91543750235947,1.3428426830930869,8.317800283432007
8.91543750235947,1.3428426830930869,8.317800283432007
8.91543750235947,1.3428426830930869,8.317800283432007
8.925451278570648,1.3401010895431162,8.317800283432007
8.925451278570648,1.3401010895431162,8.317800283432007
8.925451278570648,1.3401010895431162,8.317800283432007
8.925451278570648,1.3401010895431162,8.317800283432007
8.925451278570648,1.3401010895431162,8.317800283432007
8.931578099147227,1.3415558324136938,8.317800283432007
8.931578099147227,1.3415558324136938,8.317800283432007
8.931578099147227,1.3415558324136938,8.317800283432007
8.931578099147227,1.3415558324136938,8.317800283432007
8.931578099147227,1.3415558324136938,8.317800283432007
8.932369276718479,1.343003045696925,8.317800283432007
8.932369276718479,1.343003045696925,8.317800283432007
8.932369276718479,1.343003045696925,8.317800283432007
8.932369276718479,1.343003045696925,8.317800283432007
8.946848612364173,1.3493034777215516,8.317800283432007
8.946848612364173,1.3493034777215516,8.317800283432007
8.946848612364173,1.3493034777215516,8.317800283432007
8.946848612364173,1.3493034777215516,8.317800283432007
8.946848612364173,1.3493034777215516,8.317800283432007
8.928865452148639,1.3344360143905576,8.317800283432007
8.928865452148639,1.3344360143905576,8.317800283432007
8.928865452148639,1.3344360143905576,8.317800283432007
8.928865452148639,1.3344360143905576,8.317800283432007
8.928865452148639,1.3344360143905576,8.317800283432007
8.921247310813124,1.335731593418686,8.317800283432007
8.921247310813124,1.335731593418686,8.317800283432007
8.921247310813124,1.335731593418686,8.317800283432007
8.921247310813124,1.335731593418686,8.317800283432007
8.921247310813124,1.335731593418686,8.317800283432007
8.921460695634522,1.3311181121962188,8.317800283432007
8.921460695634522,1.3311181121962188,8.317800283432007
8.921460695634522,1.3311181121962188,8.317800283432007
8.921460695634522,1.3311181121962188,8.317800283432007
8.921319663053403,1.3304855843325367,8.317800283432007
8.921319663053403,1.3304855843325367,8.317800283432007
8.921319663053403,1.3304855843325367,8.317800283432007
8.921319663053403,1.3304855843325367,8.317800283432007
8.911152424064161,1.330859844372741,8.317800283432007
8.911152424064161,1.330859844372741,8.317800283432007
8.911152424064161,1.330859844372741,8.317800283432007
8.911152424064161,1.330859844372741,8.317800283432007
8.911152424064161,1.330859844372741,8.317800283432007
8.907350919689303,1.3320327638637153,8.317800283432007
8.907350919689303,1.3320327638637153,8.317800283432007
8.907350919689303,1.3320327638637153,8.317800283432007
8.907350919689303,1.3320327638637153,8.317800283432007
8.907350919689303,1.3320327638637153,8.317800283432007
8.896221904996553,1.3191777230752644,8.317800283432007
8.896221904996553,1.3191777230752644,8.317800283432007
8.896221904996553,1.3191777230752644,8.317800283432007
8.896221904996553,1.3191777230752644,8.317800283432007
8.896221904996553,1.3191777230752644,8.317800283432007
8.894342221261075,1.3218211019462702,8.317800283432007
8.894342221261075,1.3218211019462702,8.317800283432007
8.894342221261075,1.3218211019462702,8.317800283432007
8.894342221261075,1.3218211019462702,8.317800283432007
8.894342221261075,1.3218211019462702,8.317800283432007
8.894342221261075,1.3218211019462702,8.317800283432007
8.887113767666364,1.3190541934032032,8.317800283432007
8.887113767666364,1.3190541934032032,8.317800283432007
8.887113767666364,1.3190541934032032,8.317800283432007
8.887113767666364,1.3190541934032032,8.317800283432007
8.887113767666364,1.3190541934032032,8.317800283432007
8.887113767666364,1.3190541934032032,8.317800283432007
8.887113767666364,1.3190541934032032,8.317800283432007
8.89215149671719,1.3225723289506504,8.317800283432007
8.89215149671719,1.3225723289506504,8.317800283432007
8.89215149671719,1.3225723289506504,8.317800283432007
8.89215149671719,1.3225723289506504,8.317800283432007
8.89215149671719,1.3225723289506504,8.317800283432007
8.89215149671719,1.3225723289506504,8.317800283432007
8.888225079913608,1.3215454363357149,8.317800283432007
8.888225079913608,1.3215454363357149,8.317800283432007
8.888225079913608,1.3215454363357149,8.317800283432007
8.888225079913608,1.3215454363357149,8.317800283432007
8.888225079913608,1.3215454363357149,8.317800283432007
8.888225079913608,1.3215454363357149,8.317800283432007
8.888225079913608,1.3215454363357149,8.317800283432007
8.888225079913608,1.3215454363357149,8.317800283432007
8.888225079913608,1.3215454363357149,8.317800283432007
8.888225079913608,1.3215454363357149,8.317800283432007
8.892943163059819,1.3171151407365838,8.317800283432007
8.892943163059819,1.3171151407365838,8.317800283432007
8.892943163059819,1.3171151407365838,8.317800283432007
8.892943163059819,1.3171151407365838,8.317800283432007
8.892943163059819,1.3171151407365838,8.317800283432007
8.892943163059819,1.3171151407365838,8.317800283432007
8.892943163059819,1.3171151407365838,8.317800283432007
8.892943163059819,1.3171151407365838,8.317800283432007
8.885520493158646,1.3118759554688795,8.317800283432007
8.885520493158646,1.3118759554688795,8.317800283432007
8.885520493158646,1.3118759554688795,8.317800283432007
8.885520493158646,1.3118759554688795,8.317800283432007
8.885520493158646,1.3118759554688795,8.317800283432007
8.88262410592364,1.310602410904833,8.317800283432007
8.88262410592364,1.310602410904833,8.317800283432007
8.88262410592364,1.310602410904833,8.317800283432007
8.88262410592364,1.310602410904833,8.317800283432007
8.88262410592364,1.310602410904833,8.317800283432007
8.88262410592364,1.310602410904833,8.317800283432007
8.88344326339412,1.3055533756849433,8.317800283432007
8.88344326339412,1.3055533756849433,8.317800283432007
8.88344326339412,1.3055533756849433,8.317800283432007
8.88344326339412,1.3055533756849433,8.317800283432007
8.88344326339412,1.3055533756849433,8.317800283432007
8.88344326339412,1.3055533756849433,8.317800283432007
8.88344326339412,1.3055533756849433,8.317800283432007
8.876092514237675,1.2998499584909156,8.317800283432007
8.876092514237675,1.2998499584909156,8.317800283432007
8.876092514237675,1.2998499584909156,8.317800283432007
8.876092514237675,1.2998499584909156,8.317800283432007
8.876092514237675,1.2998499584909156,8.317800283432007
8.876764708042716,1.304267509977418,8.317800283432007
8.876764708042716,1.304267509977418,8.317800283432007
8.876764708042716,1.304267509977418,8.317800283432007
8.876764708042716,1.304267509977418,8.317800283432007
8.876764708042716,1.304267509977418,8.317800283432007
8.876764708042716,1.304267509977418,8.317800283432007
8.87990485870671,1.3069703833024682,8.317800283432007
8.87990485870671,1.3069703833024682,8.317800283432007
8.87990485870671,1.3069703833024682,8.317800283432007
8.87990485870671,1.3069703833024682,8.317800283432007
8.87990485870671,1.3069703833024682,8.317800283432007
8.87904510993616,1.3024690905170215,8.317800283432007
8.87904510993616,1.3024690905170215,8.317800283432007
8.87904510993616,1.3024690905170215,8.317800283432007
8.87904510993616,1.3024690905170215,8.317800283432007
8.87904510993616,1.3024690905170215,8.317800283432007
8.882823704847361,1.3033576236904993,8.317800283432007
8.882823704847361,1.3033576236904993,8.317800283432007
8.882823704847361,1.3033576236904993,8.317800283432007
8.882823704847361,1.3033576236904993,8.317800283432007
8.882823704847361,1.3033576236904993,8.317800283432007
8.882823704847361,1.3033576236904993,8.317800283432007
8.883514219313525,1.302072585895052,8.317800283432007
8.883514219313525,1.302072585895052,8.317800283432007
8.883514219313525,1.302072585895052,8.317800283432007
8.883514219313525,1.302072585895052,8.317800283432007
8.888718707529426,1.3018319388572395,8.317800283432007
8.888718707529426,1.3018319388572395,8.317800283432007
8.888718707529426,1.3018319388572395,8.317800283432007
8.888718707529426,1.3018319388572395,8.317800283432007
8.888718707529426,1.3018319388572395,8.317800283432007
8.894762628185719,1.30259983116311,8.317800283432007
8.894762628185719,1.30259983116311,8.317800283432007
8.894762628185719,1.30259983116311,8.317800283432007
8.894762628185719,1.30259983116311,8.317800283432007
8.894762628185719,1.30259983116311,8.317800283432007
8.892891501336845,1.3067317497448043,8.317800283432007
8.892891501336845,1.3067317497448043,8.317800283432007
8.892891501336845,1.3067317497448043,8.317800283432007
8.892891501336845,1.3067317497448043,8.317800283432007
8.892891501336845,1.3067317497448043,8.317800283432007
8.895087985379664,1.3051608404927109,8.317800283432007
8.895087985379664,1.3051608404927109,8.317800283432007
8.895087985379664,1.3051608404927109,8.317800283432007
8.895087985379664,1.3051608404927109,8.317800283432007
8.895087985379664,1.3051608404927109,8.317800283432007
8.895087985379664,1.3051608404927109,8.317800283432007
8.895087985379664,1.3051608404927109,8.317800283432007
8.887403865374019,1.3027758526694087,8.317800283432007
8.887403865374019,1.3027758526694087,8.317800283432007
8.887403865374019,1.3027758526694087,8.317800283432007
8.887403865374019,1.3027758526694087,8.317800283432007
8.882354365762447,1.3030003921237392,8.317800283432007
8.882354365762447,1.3030003921237392,8.317800283432007
8.882354365762447,1.3030003921237392,8.317800283432007
8.882354365762447,1.3030003921237392,8.317800283432007
8.882354365762447,1.3030003921237392,8.317800283432007
8.881386273636922,1.3140726116642747,8.317800283432007
8.881386273636922,1.3140726116642747,8.317800283432007
8.881386273636922,1.3140726116642747,8.317800283432007
8.881386273636922,1.3140726116642747,8.317800283432007
8.881386273636922,1.3140726116642747,8.317800283432007
8.878773415223097,1.3148568010355919,8.317800283432007
8.878773415223097,1.3148568010355919,8.317800283432007
8.878773415223097,1.3148568010355919,8.317800283432007
8.878773415223097,1.3148568010355919,8.317800283432007
8.879026930991255,1.3221221005399855,8.317800283432007
8.879026930991255,1.3221221005399855,8.317800283432007
8.879026930991255,1.3221221005399855,8.317800283432007
8.879026930991255,1.3221221005399855,8.317800283432007
8.879026930991255,1.3221221005399855,8.317800283432007
8.87965124316779,1.3195776921985025,8.317800283432007
8.87965124316779,1.3195776921985025,8.317800283432007
8.87965124316779,1.3195776921985025,8.317800283432007
8.87965124316779,1.3195776921985025,8.317800283432007
8.87965124316779,1.3195776921985025,8.317800283432007
8.87965124316779,1.3195776921985025,8.317800283432007
8.883592084475731,1.3212398550823128,8.317800283432007
8.883592084475731,1.3212398550823128,8.317800283432007
8.883592084475731,1.3212398550823128,8.317800283432007
8.883592084475731,1.3212398550823128,8.317800283432007
8.883592084475731,1.3212398550823128,8.317800283432007
8.874091086298174,1.3139947098950522,8.317800283432007
8.874091086298174,1.3139947098950522,8.317800283432007
8.874091086298174,1.3139947098950522,8.317800283432007
8.874091086298174,1.3139947098950522,8.317800283432007
8.883332551588447,1.3130647036508722,8.317800283432007
8.883332551588447,1.3130647036508722,8.317800283432007
8.883332551588447,1.3130647036508722,8.317800283432007
8.883332551588447,1.3130647036508722,8.317800283432007
8.883332551588447,1.3130647036508722,8.317800283432007
8.881715872179058,1.3081197633503103,8.317800283432007
8.881715872179058,1.3081197633503103,8.317800283432007
8.881715872179058,1.3081197633503103,8.317800283432007
8.881715872179058,1.3081197633503103,8.317800283432007
8.881715872179058,1.3081197633503103,8.317800283432007
8.86955353986828,1.3051096278666035,8.317800283432007
8.86955353986828,1.3051096278666035,8.317800283432007
8.86955353986828,1.3051096278666035,8.317800283432007
8.86955353986828,1.3051096278666035,8.317800283432007
8.86955353986828,1.3051096278666035,8.317800283432007
8.86955353986828,1.3051096278666035,8.317800283432007
8.875222358543185,1.303810630824576,8.317800283432007
8.875222358543185,1.303810630824576,8.317800283432007
8.875222358543185,1.303810630824576,8.317800283432007
8.875222358543185,1.303810630824576,8.317800283432007
8.871137543298063,1.3048075197516036,8.317800283432007
8.871137543298063,1.3048075197516036,8.317800283432007
8.871137543298063,1.3048075197516036,8.317800283432007
8.871137543298063,1.3048075197516036,8.317800283432007
8.871137543298063,1.3048075197516036,8.317800283432007
8.871837881054327,1.3049542931828095,8.317800283432007
8.871837881054327,1.3049542931828095,8.317800283432007
8.871837881054327,1.3049542931828095,8.317800283432007
8.871837881054327,1.3049542931828095,8.317800283432007
8.870477241097198,1.3078810778433656,8.317800283432007
8.870477241097198,1.3078810778433656,8.317800283432007
8.870477241097198,1.3078810778433656,8.317800283432007
8.870477241097198,1.3078810778433656,8.317800283432007
8.870477241097198,1.3078810778433656,8.317800283432007
8.876206934171059,1.308197584947572,8.317800283432007
8.876206934171059,1.308197584947572,8.317800283432007
8.876206934171059,1.308197584947572,8.317800283432007
8.876206934171059,1.308197584947572,8.317800283432007
8.874997346917839,1.3073256100850805,8.317800283432007
8.874997346917839,1.3073256100850805,8.317800283432007
8.874997346917839,1.3073256100850805,8.317800283432007
8.874997346917839,1.3073256100850805,8.317800283432007
8.874997346917839,1.3073256100850805,8.317800283432007
8.876892346186514,1.3030852628343856,8.317800283432007
8.876892346186514,1.3030852628343856,8.317800283432007
8.876892346186514,1.3030852628343856,8.317800283432007
8.876892346186514,1.3030852628343856,8.317800283432007
8.878731428390282,1.3083380580243835,8.317800283432007
8.878731428390282,1.3083380580243835,8.317800283432007
8.878731428390282,1.3083380580243835,8.317800283432007
8.878731428390282,1.3083380580243835,8.317800283432007
8.878731428390282,1.3083380580243835,8.317800283432007
8.880330282980614,1.308186185008771,8.317800283432007
8.880330282980614,1.308186185008771,8.317800283432007
8.880330282980614,1.308186185008771,8.317800283432007
8.880330282980614,1.308186185008771,8.317800283432007
8.880330282980614,1.308186185008771,8.317800283432007
8.883400535157804,1.3117536986219702,8.317800283432007
8.883400535157804,1.3117536986219702,8.317800283432007
8.883400535157804,1.3117536986219702,8.317800283432007
8.883400535157804,1.3117536986219702,8.317800283432007
8.883400535157804,1.3117536986219702,8.317800283432007
8.887359237665642,1.3106067329721531,8.317800283432007
8.887359237665642,1.3106067329721531,8.317800283432007
8.887359237665642,1.3106067329721531,8.317800283432007
8.887359237665642,1.3106067329721531,8.317800283432007
8.890533445786415,1.3149993528924435,8.317800283432007
8.890533445786415,1.3149993528924435,8.317800283432007
8.890533445786415,1.3149993528924435,8.317800283432007
8.890533445786415,1.3149993528924435,8.317800283432007
8.890533445786415,1.3149993528924435,8.317800283432007
8.889132306977432,1.3167693554047692,8.317800283432007
8.889132306977432,1.3167693554047692,8.317800283432007
8.889132306977432,1.3167693554047692,8.317800283432007
8.889132306977432,1.3167693554047692,8.317800283432007
8.891868416005995,1.3151330429118184,8.317800283432007
8.891868416005995,1.3151330429118184,8.317800283432007
8.891868416005995,1.3151330429118184,8.317800283432007
8.891868416005995,1.3151330429118184,8.317800283432007
8.891868416005995,1.3151330429118184,8.317800283432007
8.885128478347154,1.3158578192113346,8.317800283432007
8.885128478347154,1.3158578192113346,8.317800283432007
8.885128478347154,1.3158578192113346,8.317800283432007
8.885128478347154,1.3158578192113346,8.317800283432007
8.885128478347154,1.3158578192113346,8.317800283432007
8.878825712538925,1.3147202375241254,8.317800283432007
8.878825712538925,1.3147202375241254,8.317800283432007
8.878825712538925,1.3147202375241254,8.317800283432007
8.878825712538925,1.3147202375241254,8.317800283432007
8.884081987442059,1.3238234305682868,8.317800283432007
8.884081987442059,1.3238234305682868,8.317800283432007
8.884081987442059,1.3238234305682868,8.317800283432007
8.884081987442059,1.3238234305682868,8.317800283432007
8.884081987442059,1.3238234305682868,8.317800283432007
8.874461348653705,1.324210932202346,8.317800283432007
8.874461348653705,1.324210932202346,8.317800283432007
8.874461348653705,1.324210932202346,8.317800283432007
8.874461348653705,1.324210932202346,8.317800283432007
8.867638848355515,1.3281414112319823,8.317800283432007
8.867638848355515,1.3281414112319823,8.317800283432007
8.867638848355515,1.3281414112319823,8.317800283432007
8.867638848355515,1.3281414112319823,8.317800283432007
8.867638848355515,1.3281414112319823,8.317800283432007
8.860186005558408,1.3295974422219135,8.317800283432007
8.860186005558408,1.3295974422219135,8.317800283432007
8.860186005558408,1.3295974422219135,8.317800283432007
8.860186005558408,1.3295974422219135,8.317800283432007
8.860186005558408,1.3295974422219135,8.317800283432007
8.863607569754393,1.3285383242277216,8.317800283432007
8.863607569754393,1.3285383242277216,8.317800283432007
8.863607569754393,1.3285383242277216,8.317800283432007
8.863607569754393,1.3285383242277216,8.317800283432007
8.863607569754393,1.3285383242277216,8.317800283432007
8.870986020366002,1.3242811519584496,8.317800283432007
8.870986020366002,1.3242811519584496,8.317800283432007
8.870986020366002,1.3242811519584496,8.317800283432007
8.870986020366002,1.3242811519584496,8.317800283432007
8.870986020366002,1.3242811519584496,8.317800283432007
8.862406515873527,1.3177743000182864,8.317800283432007
8.862406515873527,1.3177743000182864,8.317800283432007
8.862406515873527,1.3177743000182864,8.317800283432007
8.862406515873527,1.3177743000182864,8.317800283432007
8.862406515873527,1.3177743000182864,8.317800283432007
8.863977433148213,1.3220627498988966,8.317800283432007
8.863977433148213,1.3220627498988966,8.317800283432007
8.863977433148213,1.3220627498988966,8.317800283432007
8.863977433148213,1.3220627498988966,8.317800283432007
8.863977433148213,1.3220627498988966,8.317800283432007
8.863977433148213,1.3220627498988966,8.317800283432007
8.858337304028241,1.3259207143865974,8.317800283432007
8.858337304028241,1.3259207143865974,8.317800283432007
8.858337304028241,1.3259207143865974,8.317800283432007
8.858337304028241,1.3259207143865974,8.317800283432007
8.858337304028241,1.3259207143865974,8.317800283432007
8.858337304028241,1.3259207143865974,8.317800283432007
1.399273247330359,0.4170795938312214,8.317800283432007
1.399273247330359,0.4170795938312214,8.317800283432007
1.399273247330359,0.4170795938312214,8.317800283432007
1.399273247330359,0.4170795938312214,8.317800283432007
1.399273247330359,0.4170795938312214,8.317800283432007
1.399273247330359,0.4170795938312214,8.317800283432007
1.399273247330359,0.4170795938312214,8.317800283432007
-0.11485174712892192,0.024265505263255216,8.317800283432007
-0.11485174712892192,0.024265505263255216,8.317800283432007
-0.11485174712892192,0.024265505263255216,8.317800283432007
-0.11485174712892192,0.024265505263255216,8.317800283432007
-0.11485174712892192,0.024265505263255216,8.317800283432007
-0.11485174712892192,0.024265505263255216,8.317800283432007
-0.11485174712892192,0.024265505263255216,8.317800283432007
-0.0824836435562323,0.034882195882716405,8.317800283432007
-0.0824836435562323,0.034882195882716405,8.317800283432007
-0.0824836435562323,0.034882195882716405,8.317800283432007
-0.0824836435562323,0.034882195882716405,8.317800283432007
-0.0824836435562323,0.034882195882716405,8.317800283432007
-0.0824836435562323,0.034882195882716405,8.317800283432007
-0.02976118302786987,0.05523554219912836,8.317800283432007
-0.02976118302786987,0.05523554219912836,8.317800283432007
-0.02976118302786987,0.05523554219912836,8.317800283432007
-0.02976118302786987,0.05523554219912836,8.317800283432007
-0.02976118302786987,0.05523554219912836,8.317800283432007
-0.02976118302786987,0.05523554219912836,8.317800283432007
-0.02244400940562672,0.06419387316091603,8.317800283432007
-0.02244400940562672,0.06419387316091603,8.317800283432007
-0.02244400940562672,0.06419387316091603,8.317800283432007
-0.02244400940562672,0.06419387316091603,8.317800283432007
-0.02244400940562672,0.06419387316091603,8.317800283432007
-0.02244400940562672,0.06419387316091603,8.317800283432007
0.027891445398463412,0.07884187299196171,8.317800283432007
0.027891445398463412,0.07884187299196171,8.317800283432007
0.027891445398463412,0.07884187299196171,8.317800283432007
0.027891445398463412,0.07884187299196171,8.317800283432007
0.027891445398463412,0.07884187299196171,8.317800283432007
0.027891445398463412,0.07884187299196171,8.317800283432007
0.027891445398463412,0.07884187299196171,8.317800283432007
0.08093691129483824,0.09461678818944338,8.317800283432007
0.08093691129483824,0.09461678818944338,8.317800283432007
0.08093691129483824,0.09461678818944338,8.317800283432007
0.08093691129483824,0.09461678818944338,8.317800283432007
0.08093691129483824,0.09461678818944338,8.317800283432007
0.08093691129483824,0.09461678818944338,8.317800283432007
0.10501372210539421,0.09802965777970549,8.317800283432007
0.10501372210539421,0.09802965777970549,8.317800283432007
0.10501372210539421,0.09802965777970549,8.317800283432007
0.10501372210539421,0.09802965777970549,8.317800283432007
0.10501372210539421,0.09802965777970549,8.317800283432007
0.10501372210539421,0.09802965777970549,8.317800283432007
0.15365257533497448,0.09932306402066625,8.317800283432007
0.15365257533497448,0.09932306402066625,8.317800283432007
0.15365257533497448,0.09932306402066625,8.317800283432007
0.15365257533497448,0.09932306402066625,8.317800283432007
0.15365257533497448,0.09932306402066625,8.317800283432007
0.15365257533497448,0.09932306402066625,8.317800283432007
0.26888978756842546,0.12636777570874608,8.317800283432007
0.26888978756842546,0.12636777570874608,8.317800283432007
0.26888978756842546,0.12636777570874608,8.317800283432007
0.26888978756842546,0.12636777570874608,8.317800283432007
0.26888978756842546,0.12636777570874608,8.317800283432007
0.26888978756842546,0.12636777570874608,8.317800283432007
0.26338066119082637,0.13149911060165584,8.317800283432007
0.26338066119082637,0.13149911060165584,8.317800283432007
0.26338066119082637,0.13149911060165584,8.317800283432007
0.26338066119082637,0.13149911060165584,8.317800283432007
0.26338066119082637,0.13149911060165584,8.317800283432007
0.26338066119082637,0.13149911060165584,8.317800283432007
0.26338066119082637,0.13149911060165584,8.317800283432007
0.3045393156093135,0.1388462060216321,8.317800283432007
0.3045393156093135,0.1388462060216321,8.317800283432007
0.3045393156093135,0.1388462060216321,8.317800283432007
0.3045393156093135,0.1388462060216321,8.317800283432007
0.3045393156093135,0.1388462060216321,8.317800283432007
0.3045393156093135,0.1388462060216321,8.317800283432007
0.29096774963439015,0.12463541251109808,8.317800283432007
0.29096774963439015,0.12463541251109808,8.317800283432007
0.29096774963439015,0.12463541251109808,8.317800283432007
0.29096774963439015,0.12463541251109808,8.317800283432007
0.29096774963439015,0.12463541251109808,8.317800283432007
0.29096774963439015,0.12463541251109808,8.317800283432007
0.31592677261540064,0.12383026606908942,8.317800283432007
0.31592677261540064,0.12383026606908942,8.317800283432007
0.31592677261540064,0.12383026606908942,8.317800283432007
0.31592677261540064,0.12383026606908942,8.317800283432007
0.31592677261540064,0.12383026606908942,8.317800283432007
0.31592677261540064,0.12383026606908942,8.317800283432007
0.3675350371062445,0.1343266652051303,8.317800283432007
0.3675350371062445,0.1343266652051303,8.317800283432007
0.3675350371062445,0.1343266652051303,8.317800283432007
0.3675350371062445,0.1343266652051303,8.317800283432007
0.3675350371062445,0.1343266652051303,8.317800283432007
0.3675350371062445,0.1343266652051303,8.317800283432007
0.3675350371062445,0.1343266652051303,8.317800283432007
0.4461787792078889,0.1449698847242696,8.317800283432007
0.4461787792078889,0.1449698847242696,8.317800283432007
0.4461787792078889,0.1449698847242696,8.317800283432007
0.4461787792078889,0.1449698847242696,8.317800283432007
0.4461787792078889,0.1449698847242696,8.317800283432007
0.4461787792078889,0.1449698847242696,8.317800283432007
0.4606683065406879,0.15045883763684556,8.317800283432007
0.4606683065406879,0.15045883763684556,8.317800283432007
0.4606683065406879,0.15045883763684556,8.317800283432007
0.4606683065406879,0.15045883763684556,8.317800283432007
0.4606683065406879,0.15045883763684556,8.317800283432007
0.4606683065406879,0.15045883763684556,8.317800283432007
0.4606683065406879,0.15045883763684556,8.317800283432007
0.5021266674556518,0.1516904407322295,8.317800283432007
0.5021266674556518,0.1516904407322295,8.317800283432007
0.5021266674556518,0.1516904407322295,8.317800283432007
0.5021266674556518,0.1516904407322295,8.317800283432007
0.5021266674556518,0.1516904407322295,8.317800283432007
0.5021266674556518,0.1516904407322295,8.317800283432007
0.4776589290256129,0.1324260359555824,8.317800283432007
0.4776589290256129,0.1324260359555824,8.317800283432007
0.4776589290256129,0.1324260359555824,8.317800283432007
0.4776589290256129,0.1324260359555824,8.317800283432007
0.4776589290256129,0.1324260359555824,8.317800283432007
0.4776589290256129,0.1324260359555824,8.317800283432007
0.5220092530161623,0.13027265006780034,8.317800283432007
0.5220092530161623,0.13027265006780034,8.317800283432007
0.5220092530161623,0.13027265006780034,8.317800283432007
0.5220092530161623,0.13027265006780034,8.317800283432007
0.5220092530161623,0.13027265006780034,8.317800283432007
0.5220092530161623,0.13027265006780034,8.317800283432007
0.5759075068137657,0.14073535598661005,8.317800283432007
0.5759075068137657,0.14073535598661005,8.317800283432007
0.5759075068137657,0.14073535598661005,8.317800283432007
0.5759075068137657,0.14073535598661005,8.317800283432007
0.5759075068137657,0.14073535598661005,8.317800283432007
0.5759075068137657,0.14073535598661005,8.317800283432007
0.5759075068137657,0.14073535598661005,8.317800283432007
0.6452989344110587,0.12779582808203918,8.317800283432007
0.6452989344110587,0.12779582808203918,8.317800283432007
0.6452989344110587,0.12779582808203918,8.317800283432007
0.6452989344110587,0.12779582808203918,8.317800283432007
0.6452989344110587,0.12779582808203918,8.317800283432007
0.6452989344110587,0.12779582808203918,8.317800283432007
0.6973509088486863,0.12827353092681826,8.317800283432007
0.6973509088486863,0.12827353092681826,8.317800283432007
0.6973509088486863,0.12827353092681826,8.317800283432007
0.6973509088486863,0.12827353092681826,8.317800283432007
0.6973509088486863,0.12827353092681826,8.317800283432007
0.6973509088486863,0.12827353092681826,8.317800283432007
0.7045883232984973,0.13140540582116886,8.317800283432007
0.7045883232984973,0.13140540582116886,8.317800283432007
0.7045883232984973,0.13140540582116886,8.317800283432007
0.7045883232984973,0.13140540582116886,8.317800283432007
0.7045883232984973,0.13140540582116886,8.317800283432007
0.7045883232984973,0.13140540582116886,8.317800283432007
0.7260151779935824,0.12810516559771806,8.317800283432007
0.7260151779935824,0.12810516559771806,8.317800283432007
0.7260151779935824,0.12810516559771806,8.317800283432007
0.7260151779935824,0.12810516559771806,8.317800283432007
0.7260151779935824,0.12810516559771806,8.317800283432007
0.7260151779935824,0.12810516559771806,8.317800283432007
0.7260151779935824,0.12810516559771806,8.317800283432007
0.7260151779935824,0.12810516559771806,8.317800283432007
0.7104164623073077,0.11174478220893846,8.317800283432007
0.7104164623073077,0.11174478220893846,8.317800283432007
0.7104164623073077,0.11174478220893846,8.317800283432007
0.7104164623073077,0.11174478220893846,8.317800283432007
0.7104164623073077,0.11174478220893846,8.317800283432007
0.7104164623073077,0.11174478220893846,8.317800283432007
0.6988341727038794,0.09611690207933163,8.317800283432007
0.6988341727038794,0.09611690207933163,8.317800283432007
0.6988341727038794,0.09611690207933163,8.317800283432007
0.6988341727038794,0.09611690207933163,8.317800283432007
0.6988341727038794,0.09611690207933163,8.317800283432007
0.6988341727038794,0.09611690207933163,8.317800283432007
0.7714428065592527,0.10113329367558536,8.317800283432007
0.7714428065592527,0.10113329367558536,8.317800283432007
0.7714428065592527,0.10113329367558536,8.317800283432007
0.7714428065592527,0.10113329367558536,8.317800283432007
0.7714428065592527,0.10113329367558536,8.317800283432007
0.7714428065592527,0.10113329367558536,8.317800283432007
0.7330533841422602,0.07880395366387496,8.317800283432007
0.7330533841422602,0.07880395366387496,8.317800283432007
0.7330533841422602,0.07880395366387496,8.317800283432007
0.7330533841422602,0.07880395366387496,8.317800283432007
0.7330533841422602,0.07880395366387496,8.317800283432007
0.7330533841422602,0.07880395366387496,8.317800283432007
0.785263011216946,0.08061599068277968,8.317800283432007
0.785263011216946,0.08061599068277968,8.317800283432007
0.785263011216946,0.08061599068277968,8.317800283432007
0.785263011216946,0.08061599068277968,8.317800283432007
0.785263011216946,0.08061599068277968,8.317800283432007
0.785263011216946,0.08061599068277968,8.317800283432007
0.785263011216946,0.08061599068277968,8.317800283432007
0.8027133376636699,0.07492884778109551,8.317800283432007
0.8027133376636699,0.07492884778109551,8.317800283432007
0.8027133376636699,0.07492884778109551,8.317800283432007
0.8027133376636699,0.07492884778109551,8.317800283432007
0.8027133376636699,0.07492884778109551,8.317800283432007
0.8027133376636699,0.07492884778109551,8.317800283432007
0.8967457864671899,0.09732503218427752,8.317800283432007
0.8967457864671899,0.09732503218427752,8.317800283432007
0.8967457864671899,0.09732503218427752,8.317800283432007
0.8967457864671899,0.09732503218427752,8.317800283432007
0.8967457864671899,0.09732503218427752,8.317800283432007
0.8967457864671899,0.09732503218427752,8.317800283432007
0.9910170144605508,0.089484905962164,8.317800283432007
0.9910170144605508,0.089484905962164,8.317800283432007
0.9910170144605508,0.089484905962164,8.317800283432007
0.9910170144605508,0.089484905962164,8.317800283432007
0.9910170144605508,0.089484905962164,8.317800283432007
0.9910170144605508,0.089484905962164,8.317800283432007
0.9910170144605508,0.089484905962164,8.317800283432007
1.0200607945975204,0.07651739520105098,8.317800283432007
1.0200607945975204,0.07651739520105098,8.317800283432007
1.0200607945975204,0.07651739520105098,8.317800283432007
1.0200607945975204,0.07651739520105098,8.317800283432007
1.0200607945975204,0.07651739520105098,8.317800283432007
1.0200607945975204,0.07651739520105098,8.317800283432007
1.1421688969466495,0.08277494169965197,8.317800283432007
1.1421688969466495,0.08277494169965197,8.317800283432007
1.1421688969466495,0.08277494169965197,8.317800283432007
1.1421688969466495,0.08277494169965197,8.317800283432007
1.1421688969466495,0.08277494169965197,8.317800283432007
1.1421688969466495,0.08277494169965197,8.317800283432007
1.1421688969466495,0.08277494169965197,8.317800283432007
