x,y,lap_time_s
4.790483027366282,0.4444261563694325,9.645843982696533
4.83653953738944,0.4466828454108742,9.645843982696533
4.864459395995939,0.44242449071618184,9.645843982696533
4.865547329088694,0.4365359768873179,9.645843982696533
4.882228690788555,0.42784185141822584,9.645843982696533
4.8761135111014635,0.4127735960431239,9.645843982696533
4.887640166703383,0.40089511311924986,9.645843982696533
4.891669331863259,0.38684286735986567,9.645843982696533
4.925476838140104,0.38146346706086864,9.645843982696533
4.975316353182767,0.38362237724792775,9.645843982696533
4.975316353182767,0.38362237724792775,9.645843982696533
4.975316353182767,0.38362237724792775,9.645843982696533
4.975316353182767,0.38362237724792775,9.645843982696533
5.0305237809277585,0.3919357455960803,9.645843982696533
5.0305237809277585,0.3919357455960803,9.645843982696533
5.0305237809277585,0.3919357455960803,9.645843982696533
5.0305237809277585,0.3919357455960803,9.645843982696533
5.0305237809277585,0.3919357455960803,9.645843982696533
5.114564330764959,0.3985009286318767,9.645843982696533
5.114564330764959,0.3985009286318767,9.645843982696533
5.114564330764959,0.3985009286318767,9.645843982696533
5.114564330764959,0.3985009286318767,9.645843982696533
5.114564330764959,0.3985009286318767,9.645843982696533
5.140095766651364,0.40231421308909054,9.645843982696533
5.140095766651364,0.40231421308909054,9.645843982696533
5.140095766651364,0.40231421308909054,9.645843982696533
5.140095766651364,0.40231421308909054,9.645843982696533
5.140095766651364,0.40231421308909054,9.645843982696533
5.17797566956574,0.40950890752626756,9.645843982696533
5.17797566956574,0.40950890752626756,9.645843982696533
5.17797566956574,0.40950890752626756,9.645843982696533
5.17797566956574,0.40950890752626756,9.645843982696533
5.233676043885805,0.41944283913151553,9.645843982696533
5.233676043885805,0.41944283913151553,9.645843982696533
5.233676043885805,0.41944283913151553,9.645843982696533
5.233676043885805,0.41944283913151553,9.645843982696533
5.2931125065061515,0.4124288171669834,9.645843982696533
5.2931125065061515,0.4124288171669834,9.645843982696533
5.2931125065061515,0.4124288171669834,9.645843982696533
5.2931125065061515,0.4124288171669834,9.645843982696533
5.2931125065061515,0.4124288171669834,9.645843982696533
5.322051422251539,0.41401280837423854,9.645843982696533
5.322051422251539,0.41401280837423854,9.645843982696533
5.322051422251539,0.41401280837423854,9.645843982696533
5.322051422251539,0.41401280837423854,9.645843982696533
5.322051422251539,0.41401280837423854,9.645843982696533
5.4034932120432915,0.40251804924365225,9.645843982696533
5.4034932120432915,0.40251804924365225,9.645843982696533
5.4034932120432915,0.40251804924365225,9.645843982696533
5.4034932120432915,0.40251804924365225,9.645843982696533
5.4034932120432915,0.40251804924365225,9.645843982696533
5.492270440555199,0.3940391107454665,9.645843982696533
5.492270440555199,0.3940391107454665,9.645843982696533
5.492270440555199,0.3940391107454665,9.645843982696533
5.492270440555199,0.3940391107454665,9.645843982696533
5.492270440555199,0.3940391107454665,9.645843982696533
5.605121232241248,0.3867509546805702,9.645843982696533
5.605121232241248,0.3867509546805702,9.645843982696533
5.605121232241248,0.3867509546805702,9.645843982696533
5.605121232241248,0.3867509546805702,9.645843982696533
5.605121232241248,0.3867509546805702,9.645843982696533
5.7216141107864775,0.3980268808928006,9.645843982696533
5.7216141107864775,0.3980268808928006,9.645843982696533
5.7216141107864775,0.3980268808928006,9.645843982696533
5.7216141107864775,0.3980268808928006,9.645843982696533
5.7216141107864775,0.3980268808928006,9.645843982696533
5.8018021876583665,0.39204779753861063,9.645843982696533
5.8018021876583665,0.39204779753861063,9.645843982696533
5.8018021876583665,0.39204779753861063,9.645843982696533
5.8018021876583665,0.39204779753861063,9.645843982696533
5.900484429620342,0.3701392745693899,9.645843982696533
5.900484429620342,0.3701392745693899,9.645843982696533
5.900484429620342,0.3701392745693899,9.645843982696533
5.900484429620342,0.3701392745693899,9.645843982696533
5.900484429620342,0.3701392745693899,9.645843982696533
6.016874062601999,0.31953989567088154,9.645843982696533
6.016874062601999,0.31953989567088154,9.645843982696533
6.016874062601999,0.31953989567088154,9.645843982696533
6.016874062601999,0.31953989567088154,9.645843982696533
6.016874062601999,0.31953989567088154,9.645843982696533
6.0577015038616,0.2946606677322893,9.645843982696533
6.0577015038616,0.2946606677322893,9.645843982696533
6.0577015038616,0.2946606677322893,9.645843982696533
6.0577015038616,0.2946606677322893,9.645843982696533
6.0577015038616,0.2946606677322893,9.645843982696533
6.127600504662945,0.2731984511658146,9.645843982696533
6.127600504662945,0.2731984511658146,9.645843982696533
6.127600504662945,0.2731984511658146,9.645843982696533
6.127600504662945,0.2731984511658146,9.645843982696533
6.22718648639577,0.2612497235883932,9.645843982696533
6.22718648639577,0.2612497235883932,9.645843982696533
6.22718648639577,0.2612497235883932,9.645843982696533
6.22718648639577,0.2612497235883932,9.645843982696533
6.22718648639577,0.2612497235883932,9.645843982696533
6.349894482678057,0.26455766158030347,9.645843982696533
6.349894482678057,0.26455766158030347,9.645843982696533
6.349894482678057,0.26455766158030347,9.645843982696533
6.349894482678057,0.26455766158030347,9.645843982696533
6.472305642797961,0.2599328713238817,9.645843982696533
6.472305642797961,0.2599328713238817,9.645843982696533
6.472305642797961,0.2599328713238817,9.645843982696533
6.472305642797961,0.2599328713238817,9.645843982696533
6.472305642797961,0.2599328713238817,9.645843982696533
6.567132838312986,0.24065384338801038,9.645843982696533
6.567132838312986,0.24065384338801038,9.645843982696533
6.567132838312986,0.24065384338801038,9.645843982696533
6.567132838312986,0.24065384338801038,9.645843982696533
6.567132838312986,0.24065384338801038,9.645843982696533
6.604375081122921,0.22639229412496434,9.645843982696533
6.604375081122921,0.22639229412496434,9.645843982696533
6.604375081122921,0.22639229412496434,9.645843982696533
6.604375081122921,0.22639229412496434,9.645843982696533
6.604375081122921,0.22639229412496434,9.645843982696533
6.747224795282981,0.20278879459598506,9.645843982696533
6.747224795282981,0.20278879459598506,9.645843982696533
6.747224795282981,0.20278879459598506,9.645843982696533
6.747224795282981,0.20278879459598506,9.645843982696533
6.855119989738511,0.1770693409010698,9.645843982696533
6.855119989738511,0.1770693409010698,9.645843982696533
6.855119989738511,0.1770693409010698,9.645843982696533
6.855119989738511,0.1770693409010698,9.645843982696533
6.855119989738511,0.1770693409010698,9.645843982696533
6.971892478136131,0.15327067308099335,9.645843982696533
6.971892478136131,0.15327067308099335,9.645843982696533
6.971892478136131,0.15327067308099335,9.645843982696533
6.971892478136131,0.15327067308099335,9.645843982696533
6.971892478136131,0.15327067308099335,9.645843982696533
7.127123535138503,0.13638758447319735,9.645843982696533
7.127123535138503,0.13638758447319735,9.645843982696533
7.127123535138503,0.13638758447319735,9.645843982696533
7.127123535138503,0.13638758447319735,9.645843982696533
7.248050470013202,0.1180725263171892,9.645843982696533
7.248050470013202,0.1180725263171892,9.645843982696533
7.248050470013202,0.1180725263171892,9.645843982696533
7.248050470013202,0.1180725263171892,9.645843982696533
7.248050470013202,0.1180725263171892,9.645843982696533
7.364362927873699,0.09745790060652032,9.645843982696533
7.364362927873699,0.09745790060652032,9.645843982696533
7.364362927873699,0.09745790060652032,9.645843982696533
7.364362927873699,0.09745790060652032,9.645843982696533
7.364362927873699,0.09745790060652032,9.645843982696533
7.480915588380419,0.06984489376230321,9.645843982696533
7.480915588380419,0.06984489376230321,9.645843982696533
7.480915588380419,0.06984489376230321,9.645843982696533
7.480915588380419,0.06984489376230321,9.645843982696533
7.480915588380419,0.06984489376230321,9.645843982696533
7.6058361164674695,0.08479834433056117,9.645843982696533
7.6058361164674695,0.08479834433056117,9.645843982696533
7.6058361164674695,0.08479834433056117,9.645843982696533
7.6058361164674695,0.08479834433056117,9.645843982696533
7.6058361164674695,0.08479834433056117,9.645843982696533
7.683916495771532,0.07012533854306498,9.645843982696533
7.683916495771532,0.07012533854306498,9.645843982696533
7.683916495771532,0.07012533854306498,9.645843982696533
7.683916495771532,0.07012533854306498,9.645843982696533
7.683916495771532,0.07012533854306498,9.645843982696533
7.77332442848977,0.07318604055080817,9.645843982696533
7.77332442848977,0.07318604055080817,9.645843982696533
7.77332442848977,0.07318604055080817,9.645843982696533
7.77332442848977,0.07318604055080817,9.645843982696533
7.77332442848977,0.07318604055080817,9.645843982696533
7.862020698463801,0.07652613550884459,9.645843982696533
7.862020698463801,0.07652613550884459,9.645843982696533
7.862020698463801,0.07652613550884459,9.645843982696533
7.862020698463801,0.07652613550884459,9.645843982696533
7.862020698463801,0.07652613550884459,9.645843982696533
7.943491232847346,0.07101410025608569,9.645843982696533
7.943491232847346,0.07101410025608569,9.645843982696533
7.943491232847346,0.07101410025608569,9.645843982696533
7.943491232847346,0.07101410025608569,9.645843982696533
7.943491232847346,0.07101410025608569,9.645843982696533
8.03330326233584,0.08714292373190606,9.645843982696533
8.03330326233584,0.08714292373190606,9.645843982696533
8.03330326233584,0.08714292373190606,9.645843982696533
8.03330326233584,0.08714292373190606,9.645843982696533
8.03330326233584,0.08714292373190606,9.645843982696533
8.120256712007967,0.11386638281156855,9.645843982696533
8.120256712007967,0.11386638281156855,9.645843982696533
8.120256712007967,0.11386638281156855,9.645843982696533
8.120256712007967,0.11386638281156855,9.645843982696533
8.201225602886215,0.1512839535178596,9.645843982696533
8.201225602886215,0.1512839535178596,9.645843982696533
8.201225602886215,0.1512839535178596,9.645843982696533
8.201225602886215,0.1512839535178596,9.645843982696533
8.201225602886215,0.1512839535178596,9.645843982696533
8.24479924136612,0.16686945754113877,9.645843982696533
8.24479924136612,0.16686945754113877,9.645843982696533
8.24479924136612,0.16686945754113877,9.645843982696533
8.24479924136612,0.16686945754113877,9.645843982696533
8.24479924136612,0.16686945754113877,9.645843982696533
8.31240294060068,0.19499108112474675,9.645843982696533
8.31240294060068,0.19499108112474675,9.645843982696533
8.31240294060068,0.19499108112474675,9.645843982696533
8.31240294060068,0.19499108112474675,9.645843982696533
8.35598853322428,0.21668093464317212,9.645843982696533
8.35598853322428,0.21668093464317212,9.645843982696533
8.35598853322428,0.21668093464317212,9.645843982696533
8.35598853322428,0.21668093464317212,9.645843982696533
8.35598853322428,0.21668093464317212,9.645843982696533
8.414025477766371,0.2574111566989118,9.645843982696533
8.414025477766371,0.2574111566989118,9.645843982696533
8.414025477766371,0.2574111566989118,9.645843982696533
8.414025477766371,0.2574111566989118,9.645843982696533
8.414025477766371,0.2574111566989118,9.645843982696533
8.44959461984596,0.28952201931539245,9.645843982696533
8.44959461984596,0.28952201931539245,9.645843982696533
8.44959461984596,0.28952201931539245,9.645843982696533
8.44959461984596,0.28952201931539245,9.645843982696533
8.483033715552324,0.33160164854631036,9.645843982696533
8.483033715552324,0.33160164854631036,9.645843982696533
8.483033715552324,0.33160164854631036,9.645843982696533
8.483033715552324,0.33160164854631036,9.645843982696533
8.483033715552324,0.33160164854631036,9.645843982696533
8.555710880423746,0.38484700812213024,9.645843982696533
8.555710880423746,0.38484700812213024,9.645843982696533
8.555710880423746,0.38484700812213024,9.645843982696533
8.555710880423746,0.38484700812213024,9.645843982696533
8.555710880423746,0.38484700812213024,9.645843982696533
8.567312171253567,0.3978768765531811,9.645843982696533
8.567312171253567,0.3978768765531811,9.645843982696533
8.567312171253567,0.3978768765531811,9.645843982696533
8.567312171253567,0.3978768765531811,9.645843982696533
8.587196771889033,0.35361501527472766,9.645843982696533
8.587196771889033,0.35361501527472766,9.645843982696533
8.587196771889033,0.35361501527472766,9.645843982696533
8.587196771889033,0.35361501527472766,9.645843982696533
8.67420601424455,0.3495357810801116,9.645843982696533
8.67420601424455,0.3495357810801116,9.645843982696533
8.67420601424455,0.3495357810801116,9.645843982696533
8.67420601424455,0.3495357810801116,9.645843982696533
8.67420601424455,0.3495357810801116,9.645843982696533
8.722492383771112,0.330095594122739,9.645843982696533
8.722492383771112,0.330095594122739,9.645843982696533
8.722492383771112,0.330095594122739,9.645843982696533
8.722492383771112,0.330095594122739,9.645843982696533
8.727502459952577,0.3131531612650808,9.645843982696533
8.727502459952577,0.3131531612650808,9.645843982696533
8.727502459952577,0.3131531612650808,9.645843982696533
8.727502459952577,0.3131531612650808,9.645843982696533
8.727502459952577,0.3131531612650808,9.645843982696533
8.727502459952577,0.3131531612650808,9.645843982696533
8.725004310429416,0.2995753062625839,9.645843982696533
8.725004310429416,0.2995753062625839,9.645843982696533
8.725004310429416,0.2995753062625839,9.645843982696533
8.725004310429416,0.2995753062625839,9.645843982696533
8.725004310429416,0.2995753062625839,9.645843982696533
8.724872653165491,0.2855990805326929,9.645843982696533
8.724872653165491,0.2855990805326929,9.645843982696533
8.724872653165491,0.2855990805326929,9.645843982696533
8.724872653165491,0.2855990805326929,9.645843982696533
8.724872653165491,0.2855990805326929,9.645843982696533
8.724872653165491,0.2855990805326929,9.645843982696533
8.724872653165491,0.2855990805326929,9.645843982696533
8.758775440368204,0.27976280691581573,9.645843982696533
8.758775440368204,0.27976280691581573,9.645843982696533
8.758775440368204,0.27976280691581573,9.645843982696533
8.758775440368204,0.27976280691581573,9.645843982696533
8.758775440368204,0.27976280691581573,9.645843982696533
8.76613449609104,0.279933931333783,9.645843982696533
8.76613449609104,0.279933931333783,9.645843982696533
8.76613449609104,0.279933931333783,9.645843982696533
8.76613449609104,0.279933931333783,9.645843982696533
8.76613449609104,0.279933931333783,9.645843982696533
8.76613449609104,0.279933931333783,9.645843982696533
8.76613449609104,0.279933931333783,9.645843982696533
8.777850210331826,0.2981598529796627,9.645843982696533
8.777850210331826,0.2981598529796627,9.645843982696533
8.777850210331826,0.2981598529796627,9.645843982696533
8.777850210331826,0.2981598529796627,9.645843982696533
8.797224358645424,0.30716846312326823,9.645843982696533
8.797224358645424,0.30716846312326823,9.645843982696533
8.797224358645424,0.30716846312326823,9.645843982696533
8.797224358645424,0.30716846312326823,9.645843982696533
8.797224358645424,0.30716846312326823,9.645843982696533
8.802207873372383,0.29629442470209977,9.645843982696533
8.802207873372383,0.29629442470209977,9.645843982696533
8.802207873372383,0.29629442470209977,9.645843982696533
8.802207873372383,0.29629442470209977,9.645843982696533
8.802207873372383,0.29629442470209977,9.645843982696533
8.802207873372383,0.29629442470209977,9.645843982696533
8.825090693888118,0.31505638871994535,9.645843982696533
8.825090693888118,0.31505638871994535,9.645843982696533
8.825090693888118,0.31505638871994535,9.645843982696533
8.825090693888118,0.31505638871994535,9.645843982696533
8.825090693888118,0.31505638871994535,9.645843982696533
8.825090693888118,0.31505638871994535,9.645843982696533
8.825090693888118,0.31505638871994535,9.645843982696533
8.83880422306865,0.3323692799351016,9.645843982696533
8.83880422306865,0.3323692799351016,9.645843982696533
8.83880422306865,0.3323692799351016,9.645843982696533
8.83880422306865,0.3323692799351016,9.645843982696533
8.862474575424251,0.3611738254138308,9.645843982696533
8.862474575424251,0.3611738254138308,9.645843982696533
8.862474575424251,0.3611738254138308,9.645843982696533
8.862474575424251,0.3611738254138308,9.645843982696533
8.886343369852538,0.38489243488888975,9.645843982696533
8.886343369852538,0.38489243488888975,9.645843982696533
8.886343369852538,0.38489243488888975,9.645843982696533
8.886343369852538,0.38489243488888975,9.645843982696533
8.886343369852538,0.38489243488888975,9.645843982696533
8.886343369852538,0.38489243488888975,9.645843982696533
8.886343369852538,0.38489243488888975,9.645843982696533
8.900430776109221,0.3726058835460759,9.645843982696533
8.900430776109221,0.3726058835460759,9.645843982696533
8.900430776109221,0.3726058835460759,9.645843982696533
8.900430776109221,0.3726058835460759,9.645843982696533
8.900430776109221,0.3726058835460759,9.645843982696533
8.900430776109221,0.3726058835460759,9.645843982696533
8.91673479273571,0.4038703071243994,9.645843982696533
8.91673479273571,0.4038703071243994,9.645843982696533
8.91673479273571,0.4038703071243994,9.645843982696533
8.91673479273571,0.4038703071243994,9.645843982696533
8.91673479273571,0.4038703071243994,9.645843982696533
8.91673479273571,0.4038703071243994,9.645843982696533
8.956277499775995,0.409078789714857,9.645843982696533
8.956277499775995,0.409078789714857,9.645843982696533
8.956277499775995,0.409078789714857,9.645843982696533
8.956277499775995,0.409078789714857,9.645843982696533
8.992160913183167,0.4574161636149856,9.645843982696533
8.992160913183167,0.4574161636149856,9.645843982696533
8.992160913183167,0.4574161636149856,9.645843982696533
8.992160913183167,0.4574161636149856,9.645843982696533
8.992160913183167,0.4574161636149856,9.645843982696533
9.005489663170136,0.4856167152482149,9.645843982696533
9.005489663170136,0.4856167152482149,9.645843982696533
9.005489663170136,0.4856167152482149,9.645843982696533
9.005489663170136,0.4856167152482149,9.645843982696533
8.996015582572628,0.4833710199490531,9.645843982696533
8.996015582572628,0.4833710199490531,9.645843982696533
8.996015582572628,0.4833710199490531,9.645843982696533
8.996015582572628,0.4833710199490531,9.645843982696533
8.996015582572628,0.4833710199490531,9.645843982696533
9.022878468098419,0.5287309207727532,9.645843982696533
9.022878468098419,0.5287309207727532,9.645843982696533
9.022878468098419,0.5287309207727532,9.645843982696533
9.022878468098419,0.5287309207727532,9.645843982696533
9.014311274579367,0.5614229159172068,9.645843982696533
9.014311274579367,0.5614229159172068,9.645843982696533
9.014311274579367,0.5614229159172068,9.645843982696533
9.014311274579367,0.5614229159172068,9.645843982696533
9.014311274579367,0.5614229159172068,9.645843982696533
9.036809082111885,0.5389044602555311,9.645843982696533
9.036809082111885,0.5389044602555311,9.645843982696533
9.036809082111885,0.5389044602555311,9.645843982696533
9.036809082111885,0.5389044602555311,9.645843982696533
9.031494735507867,0.5339164736327668,9.645843982696533
9.031494735507867,0.5339164736327668,9.645843982696533
9.031494735507867,0.5339164736327668,9.645843982696533
9.031494735507867,0.5339164736327668,9.645843982696533
9.031494735507867,0.5339164736327668,9.645843982696533
9.022618548755231,0.5338541787487132,9.645843982696533
9.022618548755231,0.5338541787487132,9.645843982696533
9.022618548755231,0.5338541787487132,9.645843982696533
9.022618548755231,0.5338541787487132,9.645843982696533
9.03107806369971,0.5356707312878503,9.645843982696533
9.03107806369971,0.5356707312878503,9.645843982696533
9.03107806369971,0.5356707312878503,9.645843982696533
9.03107806369971,0.5356707312878503,9.645843982696533
9.03107806369971,0.5356707312878503,9.645843982696533
9.065556492044898,0.5250654587205048,9.645843982696533
9.065556492044898,0.5250654587205048,9.645843982696533
9.065556492044898,0.5250654587205048,9.645843982696533
9.065556492044898,0.5250654587205048,9.645843982696533
9.085582986805967,0.49825174295655594,9.645843982696533
9.085582986805967,0.49825174295655594,9.645843982696533
9.085582986805967,0.49825174295655594,9.645843982696533
9.085582986805967,0.49825174295655594,9.645843982696533
9.085582986805967,0.49825174295655594,9.645843982696533
9.105864094673352,0.49104281949505113,9.645843982696533
9.105864094673352,0.49104281949505113,9.645843982696533
9.105864094673352,0.49104281949505113,9.645843982696533
9.105864094673352,0.49104281949505113,9.645843982696533
9.101348158528898,0.47783817410898555,9.645843982696533
9.101348158528898,0.47783817410898555,9.645843982696533
9.101348158528898,0.47783817410898555,9.645843982696533
9.101348158528898,0.47783817410898555,9.645843982696533
9.091860193098709,0.49041716566704413,9.645843982696533
9.091860193098709,0.49041716566704413,9.645843982696533
9.091860193098709,0.49041716566704413,9.645843982696533
9.091860193098709,0.49041716566704413,9.645843982696533
9.091860193098709,0.49041716566704413,9.645843982696533
9.12187924427321,0.49130937921172835,9.645843982696533
9.12187924427321,0.49130937921172835,9.645843982696533
9.12187924427321,0.49130937921172835,9.645843982696533
9.12187924427321,0.49130937921172835,9.645843982696533
9.160806474140976,0.4891301785107781,9.645843982696533
9.160806474140976,0.4891301785107781,9.645843982696533
9.160806474140976,0.4891301785107781,9.645843982696533
9.160806474140976,0.4891301785107781,9.645843982696533
9.160806474140976,0.4891301785107781,9.645843982696533
9.187731321094828,0.49955336423198315,9.645843982696533
9.187731321094828,0.49955336423198315,9.645843982696533
9.187731321094828,0.49955336423198315,9.645843982696533
9.187731321094828,0.49955336423198315,9.645843982696533
9.187731321094828,0.49955336423198315,9.645843982696533
9.170985254223687,0.5187814313875969,9.645843982696533
9.170985254223687,0.5187814313875969,9.645843982696533
9.170985254223687,0.5187814313875969,9.645843982696533
9.170985254223687,0.5187814313875969,9.645843982696533
9.198793270712464,0.5117127674633795,9.645843982696533
9.198793270712464,0.5117127674633795,9.645843982696533
9.198793270712464,0.5117127674633795,9.645843982696533
9.198793270712464,0.5117127674633795,9.645843982696533
9.198793270712464,0.5117127674633795,9.645843982696533
9.229529366147645,0.5302542350996872,9.645843982696533
9.229529366147645,0.5302542350996872,9.645843982696533
9.229529366147645,0.5302542350996872,9.645843982696533
9.229529366147645,0.5302542350996872,9.645843982696533
9.229529366147645,0.5302542350996872,9.645843982696533
9.219781208564857,0.5563775116124626,9.645843982696533
9.219781208564857,0.5563775116124626,9.645843982696533
9.219781208564857,0.5563775116124626,9.645843982696533
9.219781208564857,0.5563775116124626,9.645843982696533
9.244381057479481,0.5572108497925795,9.645843982696533
9.244381057479481,0.5572108497925795,9.645843982696533
9.244381057479481,0.5572108497925795,9.645843982696533
9.244381057479481,0.5572108497925795,9.645843982696533
9.244381057479481,0.5572108497925795,9.645843982696533
9.285670496447342,0.5453574943153424,9.645843982696533
9.285670496447342,0.5453574943153424,9.645843982696533
9.285670496447342,0.5453574943153424,9.645843982696533
9.285670496447342,0.5453574943153424,9.645843982696533
9.285670496447342,0.5453574943153424,9.645843982696533
9.303974780594361,0.5584560122930282,9.645843982696533
9.303974780594361,0.5584560122930282,9.645843982696533
9.303974780594361,0.5584560122930282,9.645843982696533
9.303974780594361,0.5584560122930282,9.645843982696533
9.309167933314319,0.5732898897228533,9.645843982696533
9.309167933314319,0.5732898897228533,9.645843982696533
9.309167933314319,0.5732898897228533,9.645843982696533
9.309167933314319,0.5732898897228533,9.645843982696533
9.309167933314319,0.5732898897228533,9.645843982696533
9.310412076575552,0.5966538577790416,9.645843982696533
9.310412076575552,0.5966538577790416,9.645843982696533
9.310412076575552,0.5966538577790416,9.645843982696533
9.310412076575552,0.5966538577790416,9.645843982696533
9.33349330848154,0.6307627049528455,9.645843982696533
9.33349330848154,0.6307627049528455,9.645843982696533
9.33349330848154,0.6307627049528455,9.645843982696533
9.33349330848154,0.6307627049528455,9.645843982696533
9.33349330848154,0.6307627049528455,9.645843982696533
9.355014457511855,0.6466189886414155,9.645843982696533
9.355014457511855,0.6466189886414155,9.645843982696533
9.355014457511855,0.6466189886414155,9.645843982696533
9.355014457511855,0.6466189886414155,9.645843982696533
9.355014457511855,0.6466189886414155,9.645843982696533
9.401547512113941,0.6572599390452731,9.645843982696533
9.401547512113941,0.6572599390452731,9.645843982696533
9.401547512113941,0.6572599390452731,9.645843982696533
9.401547512113941,0.6572599390452731,9.645843982696533
9.401547512113941,0.6572599390452731,9.645843982696533
9.384960705099093,0.7005571396146957,9.645843982696533
9.384960705099093,0.7005571396146957,9.645843982696533
9.384960705099093,0.7005571396146957,9.645843982696533
9.384960705099093,0.7005571396146957,9.645843982696533
9.411516294457515,0.7231540327510422,9.645843982696533
9.411516294457515,0.7231540327510422,9.645843982696533
9.411516294457515,0.7231540327510422,9.645843982696533
9.411516294457515,0.7231540327510422,9.645843982696533
9.411516294457515,0.7231540327510422,9.645843982696533
9.438650584583629,0.7272792214130949,9.645843982696533
9.438650584583629,0.7272792214130949,9.645843982696533
9.438650584583629,0.7272792214130949,9.645843982696533
9.438650584583629,0.7272792214130949,9.645843982696533
9.438650584583629,0.7272792214130949,9.645843982696533
9.438650584583629,0.7272792214130949,9.645843982696533
9.4282308492835,0.7624224267472401,9.645843982696533
9.4282308492835,0.7624224267472401,9.645843982696533
9.4282308492835,0.7624224267472401,9.645843982696533
9.4282308492835,0.7624224267472401,9.645843982696533
9.463838260595418,0.7879960350898505,9.645843982696533
9.463838260595418,0.7879960350898505,9.645843982696533
9.463838260595418,0.7879960350898505,9.645843982696533
9.463838260595418,0.7879960350898505,9.645843982696533
9.463838260595418,0.7879960350898505,9.645843982696533
9.470826910145396,0.799034257875411,9.645843982696533
9.470826910145396,0.799034257875411,9.645843982696533
9.470826910145396,0.799034257875411,9.645843982696533
9.470826910145396,0.799034257875411,9.645843982696533
9.476595285895137,0.8269209620269282,9.645843982696533
9.476595285895137,0.8269209620269282,9.645843982696533
9.476595285895137,0.8269209620269282,9.645843982696533
9.476595285895137,0.8269209620269282,9.645843982696533
9.476595285895137,0.8269209620269282,9.645843982696533
9.497272058659552,0.8491179866502288,9.645843982696533
9.497272058659552,0.8491179866502288,9.645843982696533
9.497272058659552,0.8491179866502288,9.645843982696533
9.497272058659552,0.8491179866502288,9.645843982696533
9.510634878594354,0.8944723335726017,9.645843982696533
9.510634878594354,0.8944723335726017,9.645843982696533
9.510634878594354,0.8944723335726017,9.645843982696533
9.510634878594354,0.8944723335726017,9.645843982696533
9.510634878594354,0.8944723335726017,9.645843982696533
9.528163780783467,0.9159130013950191,9.645843982696533
9.528163780783467,0.9159130013950191,9.645843982696533
9.528163780783467,0.9159130013950191,9.645843982696533
9.528163780783467,0.9159130013950191,9.645843982696533
9.522379505411283,0.9468376934389865,9.645843982696533
9.522379505411283,0.9468376934389865,9.645843982696533
9.522379505411283,0.9468376934389865,9.645843982696533
9.522379505411283,0.9468376934389865,9.645843982696533
9.522379505411283,0.9468376934389865,9.645843982696533
9.534698709716317,0.9835506201354874,9.645843982696533
9.534698709716317,0.9835506201354874,9.645843982696533
9.534698709716317,0.9835506201354874,9.645843982696533
9.534698709716317,0.9835506201354874,9.645843982696533
9.534698709716317,0.9835506201354874,9.645843982696533
9.527936069631533,1.01499937361853,9.645843982696533
9.527936069631533,1.01499937361853,9.645843982696533
9.527936069631533,1.01499937361853,9.645843982696533
9.527936069631533,1.01499937361853,9.645843982696533
9.538041355969028,1.0368787894148739,9.645843982696533
9.538041355969028,1.0368787894148739,9.645843982696533
9.538041355969028,1.0368787894148739,9.645843982696533
9.538041355969028,1.0368787894148739,9.645843982696533
9.541519299931775,1.0777590733758151,9.645843982696533
9.541519299931775,1.0777590733758151,9.645843982696533
9.541519299931775,1.0777590733758151,9.645843982696533
9.541519299931775,1.0777590733758151,9.645843982696533
9.541519299931775,1.0777590733758151,9.645843982696533
9.536837888826108,1.0896949878322926,9.645843982696533
9.536837888826108,1.0896949878322926,9.645843982696533
9.536837888826108,1.0896949878322926,9.645843982696533
9.536837888826108,1.0896949878322926,9.645843982696533
9.554339438363117,1.1222607938169844,9.645843982696533
9.554339438363117,1.1222607938169844,9.645843982696533
9.554339438363117,1.1222607938169844,9.645843982696533
9.554339438363117,1.1222607938169844,9.645843982696533
9.554339438363117,1.1222607938169844,9.645843982696533
9.543846952449735,1.1518472979893424,9.645843982696533
9.543846952449735,1.1518472979893424,9.645843982696533
9.543846952449735,1.1518472979893424,9.645843982696533
9.543846952449735,1.1518472979893424,9.645843982696533
9.543846952449735,1.1518472979893424,9.645843982696533
9.541655484925945,1.1872671644476263,9.645843982696533
9.541655484925945,1.1872671644476263,9.645843982696533
9.541655484925945,1.1872671644476263,9.645843982696533
9.541655484925945,1.1872671644476263,9.645843982696533
9.55548175723758,1.215641361437085,9.645843982696533
9.55548175723758,1.215641361437085,9.645843982696533
9.55548175723758,1.215641361437085,9.645843982696533
9.55548175723758,1.215641361437085,9.645843982696533
9.55548175723758,1.215641361437085,9.645843982696533
9.561218341413989,1.2373039307090763,9.645843982696533
9.561218341413989,1.2373039307090763,9.645843982696533
9.561218341413989,1.2373039307090763,9.645843982696533
9.561218341413989,1.2373039307090763,9.645843982696533
9.561218341413989,1.2373039307090763,9.645843982696533
9.54285450448852,1.2683000780414826,9.645843982696533
9.54285450448852,1.2683000780414826,9.645843982696533
9.54285450448852,1.2683000780414826,9.645843982696533
9.54285450448852,1.2683000780414826,9.645843982696533
9.559454939338817,1.293793452451653,9.645843982696533
9.559454939338817,1.293793452451653,9.645843982696533
9.559454939338817,1.293793452451653,9.645843982696533
9.559454939338817,1.293793452451653,9.645843982696533
9.559454939338817,1.293793452451653,9.645843982696533
9.559454939338817,1.293793452451653,9.645843982696533
9.57770306005418,1.3150135806327419,9.645843982696533
9.57770306005418,1.3150135806327419,9.645843982696533
9.57770306005418,1.3150135806327419,9.645843982696533
9.57770306005418,1.3150135806327419,9.645843982696533
9.57770306005418,1.3150135806327419,9.645843982696533
9.598071099086496,1.3336148113873425,9.645843982696533
9.598071099086496,1.3336148113873425,9.645843982696533
9.598071099086496,1.3336148113873425,9.645843982696533
9.598071099086496,1.3336148113873425,9.645843982696533
9.577520966408485,1.3718040852316895,9.645843982696533
9.577520966408485,1.3718040852316895,9.645843982696533
9.577520966408485,1.3718040852316895,9.645843982696533
9.577520966408485,1.3718040852316895,9.645843982696533
9.577520966408485,1.3718040852316895,9.645843982696533
9.560956143915464,1.4204578159317336,9.645843982696533
9.560956143915464,1.4204578159317336,9.645843982696533
9.560956143915464,1.4204578159317336,9.645843982696533
9.560956143915464,1.4204578159317336,9.645843982696533
9.560956143915464,1.4204578159317336,9.645843982696533
9.57422210983147,1.4536184223366115,9.645843982696533
9.57422210983147,1.4536184223366115,9.645843982696533
9.57422210983147,1.4536184223366115,9.645843982696533
9.57422210983147,1.4536184223366115,9.645843982696533
9.569185847302322,1.489299964635997,9.645843982696533
9.569185847302322,1.489299964635997,9.645843982696533
9.569185847302322,1.489299964635997,9.645843982696533
9.569185847302322,1.489299964635997,9.645843982696533
9.569185847302322,1.489299964635997,9.645843982696533
9.557308814837695,1.527637945975326,9.645843982696533
9.557308814837695,1.527637945975326,9.645843982696533
9.557308814837695,1.527637945975326,9.645843982696533
9.557308814837695,1.527637945975326,9.645843982696533
9.557308814837695,1.527637945975326,9.645843982696533
9.557308814837695,1.527637945975326,9.645843982696533
9.568133509387083,1.5783907553716674,9.645843982696533
9.568133509387083,1.5783907553716674,9.645843982696533
9.568133509387083,1.5783907553716674,9.645843982696533
9.568133509387083,1.5783907553716674,9.645843982696533
9.568787104505882,1.6226747808119606,9.645843982696533
9.568787104505882,1.6226747808119606,9.645843982696533
9.568787104505882,1.6226747808119606,9.645843982696533
9.568787104505882,1.6226747808119606,9.645843982696533
9.568787104505882,1.6226747808119606,9.645843982696533
9.568787104505882,1.6226747808119606,9.645843982696533
9.560742916523084,1.666620697209219,9.645843982696533
9.560742916523084,1.666620697209219,9.645843982696533
9.560742916523084,1.666620697209219,9.645843982696533
9.560742916523084,1.666620697209219,9.645843982696533
9.560742916523084,1.666620697209219,9.645843982696533
9.560742916523084,1.666620697209219,9.645843982696533
9.560742916523084,1.666620697209219,9.645843982696533
9.560742916523084,1.666620697209219,9.645843982696533
9.567854285254274,1.696344626543401,9.645843982696533
9.567854285254274,1.696344626543401,9.645843982696533
9.567854285254274,1.696344626543401,9.645843982696533
9.567854285254274,1.696344626543401,9.645843982696533
9.567854285254274,1.696344626543401,9.645843982696533
9.567854285254274,1.696344626543401,9.645843982696533
9.567854285254274,1.696344626543401,9.645843982696533
9.556289633101741,1.8311299322810495,9.645843982696533
9.556289633101741,1.8311299322810495,9.645843982696533
9.556289633101741,1.8311299322810495,9.645843982696533
9.556289633101741,1.8311299322810495,9.645843982696533
9.556289633101741,1.8311299322810495,9.645843982696533
9.556289633101741,1.8311299322810495,9.645843982696533
9.556289633101741,1.8311299322810495,9.645843982696533
9.562337852222168,1.8977888375932686,9.645843982696533
9.562337852222168,1.8977888375932686,9.645843982696533
9.562337852222168,1.8977888375932686,9.645843982696533
9.562337852222168,1.8977888375932686,9.645843982696533
9.562337852222168,1.8977888375932686,9.645843982696533
9.562337852222168,1.8977888375932686,9.645843982696533
9.560070937866147,2.004581625693121,9.645843982696533
9.560070937866147,2.004581625693121,9.645843982696533
9.560070937866147,2.004581625693121,9.645843982696533
9.560070937866147,2.004581625693121,9.645843982696533
9.560070937866147,2.004581625693121,9.645843982696533
9.560070937866147,2.004581625693121,9.645843982696533
9.560070937866147,2.004581625693121,9.645843982696533
9.560731214190422,2.0685179782682828,9.645843982696533
9.560731214190422,2.0685179782682828,9.645843982696533
9.560731214190422,2.0685179782682828,9.645843982696533
9.560731214190422,2.0685179782682828,9.645843982696533
9.560731214190422,2.0685179782682828,9.645843982696533
9.560731214190422,2.0685179782682828,9.645843982696533
9.560731214190422,2.0685179782682828,9.645843982696533
9.554775539921938,2.1958330526875938,9.645843982696533
9.554775539921938,2.1958330526875938,9.645843982696533
9.554775539921938,2.1958330526875938,9.645843982696533
9.554775539921938,2.1958330526875938,9.645843982696533
9.554775539921938,2.1958330526875938,9.645843982696533
9.554775539921938,2.1958330526875938,9.645843982696533
9.554775539921938,2.1958330526875938,9.645843982696533
9.554860383865364,2.3161032581270042,9.645843982696533
9.554860383865364,2.3161032581270042,9.645843982696533
9.554860383865364,2.3161032581270042,9.645843982696533
9.554860383865364,2.3161032581270042,9.645843982696533
9.554860383865364,2.3161032581270042,9.645843982696533
9.554860383865364,2.3161032581270042,9.645843982696533
9.554860383865364,2.3161032581270042,9.645843982696533
9.560106696402073,2.4604751328532863,9.645843982696533
9.560106696402073,2.4604751328532863,9.645843982696533
9.560106696402073,2.4604751328532863,9.645843982696533
9.560106696402073,2.4604751328532863,9.645843982696533
9.560106696402073,2.4604751328532863,9.645843982696533
9.560106696402073,2.4604751328532863,9.645843982696533
9.560106696402073,2.4604751328532863,9.645843982696533
9.552803894508283,2.555791110459166,9.645843982696533
9.552803894508283,2.555791110459166,9.645843982696533
9.552803894508283,2.555791110459166,9.645843982696533
9.552803894508283,2.555791110459166,9.645843982696533
9.552803894508283,2.555791110459166,9.645843982696533
9.552803894508283,2.555791110459166,9.645843982696533
9.564604815080502,2.7112713292684085,9.645843982696533
9.564604815080502,2.7112713292684085,9.645843982696533
9.564604815080502,2.7112713292684085,9.645843982696533
9.564604815080502,2.7112713292684085,9.645843982696533
9.564604815080502,2.7112713292684085,9.645843982696533
9.564604815080502,2.7112713292684085,9.645843982696533
9.564604815080502,2.7112713292684085,9.645843982696533
9.566019182788589,2.87315993408008,9.645843982696533
9.566019182788589,2.87315993408008,9.645843982696533
9.566019182788589,2.87315993408008,9.645843982696533
9.566019182788589,2.87315993408008,9.645843982696533
9.566019182788589,2.87315993408008,9.645843982696533
9.566019182788589,2.87315993408008,9.645843982696533
9.566019182788589,2.87315993408008,9.645843982696533
9.566019182788589,2.87315993408008,9.645843982696533
9.549869911984155,2.975789730279693,9.645843982696533
9.549869911984155,2.975789730279693,9.645843982696533
9.549869911984155,2.975789730279693,9.645843982696533
9.549869911984155,2.975789730279693,9.645843982696533
9.549869911984155,2.975789730279693,9.645843982696533
9.549869911984155,2.975789730279693,9.645843982696533
9.549869911984155,2.975789730279693,9.645843982696533
9.565236262394267,3.2098177422874485,9.645843982696533
9.565236262394267,3.2098177422874485,9.645843982696533
9.565236262394267,3.2098177422874485,9.645843982696533
9.565236262394267,3.2098177422874485,9.645843982696533
9.565236262394267,3.2098177422874485,9.645843982696533
9.565236262394267,3.2098177422874485,9.645843982696533
9.565236262394267,3.2098177422874485,9.645843982696533
9.580793988600668,3.336332742036465,9.645843982696533
9.580793988600668,3.336332742036465,9.645843982696533
9.580793988600668,3.336332742036465,9.645843982696533
9.580793988600668,3.336332742036465,9.645843982696533
9.580793988600668,3.336332742036465,9.645843982696533
9.580793988600668,3.336332742036465,9.645843982696533
9.580793988600668,3.336332742036465,9.645843982696533
9.574767502200446,3.532634487158928,9.645843982696533
9.574767502200446,3.532634487158928,9.645843982696533
9.574767502200446,3.532634487158928,9.645843982696533
9.574767502200446,3.532634487158928,9.645843982696533
9.574767502200446,3.532634487158928,9.645843982696533
9.574767502200446,3.532634487158928,9.645843982696533
9.574767502200446,3.532634487158928,9.645843982696533
9.577594942454002,3.7373320738990494,9.645843982696533
9.577594942454002,3.7373320738990494,9.645843982696533
9.577594942454002,3.7373320738990494,9.645843982696533
9.577594942454002,3.7373320738990494,9.645843982696533
9.577594942454002,3.7373320738990494,9.645843982696533
9.577594942454002,3.7373320738990494,9.645843982696533
9.595383457106301,3.9513777271273285,9.645843982696533
9.595383457106301,3.9513777271273285,9.645843982696533
9.595383457106301,3.9513777271273285,9.645843982696533
9.595383457106301,3.9513777271273285,9.645843982696533
9.595383457106301,3.9513777271273285,9.645843982696533
9.604785243647937,4.104996274492588,9.645843982696533
9.604785243647937,4.104996274492588,9.645843982696533
9.604785243647937,4.104996274492588,9.645843982696533
9.604785243647937,4.104996274492588,9.645843982696533
9.604785243647937,4.104996274492588,9.645843982696533
9.613976531283221,4.2521614279249675,9.645843982696533
9.613976531283221,4.2521614279249675,9.645843982696533
9.613976531283221,4.2521614279249675,9.645843982696533
9.613976531283221,4.2521614279249675,9.645843982696533
9.625121095015198,4.411514350636196,9.645843982696533
9.625121095015198,4.411514350636196,9.645843982696533
9.625121095015198,4.411514350636196,9.645843982696533
9.625121095015198,4.411514350636196,9.645843982696533
9.625121095015198,4.411514350636196,9.645843982696533
9.627792779155708,4.566325218802782,9.645843982696533
9.627792779155708,4.566325218802782,9.645843982696533
9.627792779155708,4.566325218802782,9.645843982696533
9.627792779155708,4.566325218802782,9.645843982696533
9.627792779155708,4.566325218802782,9.645843982696533
9.616660405220026,4.73481988017694,9.645843982696533
9.616660405220026,4.73481988017694,9.645843982696533
9.616660405220026,4.73481988017694,9.645843982696533
9.616660405220026,4.73481988017694,9.645843982696533
9.616660405220026,4.73481988017694,9.645843982696533
9.616660405220026,4.73481988017694,9.645843982696533
9.614335628838143,4.895886742919505,9.645843982696533
9.614335628838143,4.895886742919505,9.645843982696533
9.614335628838143,4.895886742919505,9.645843982696533
9.614335628838143,4.895886742919505,9.645843982696533
9.614335628838143,4.895886742919505,9.645843982696533
9.615615786577703,5.058110211317768,9.645843982696533
9.615615786577703,5.058110211317768,9.645843982696533
9.615615786577703,5.058110211317768,9.645843982696533
9.615615786577703,5.058110211317768,9.645843982696533
9.624106088536774,5.221542964564563,9.645843982696533
9.624106088536774,5.221542964564563,9.645843982696533
9.624106088536774,5.221542964564563,9.645843982696533
9.624106088536774,5.221542964564563,9.645843982696533
9.624106088536774,5.221542964564563,9.645843982696533
9.634890357235138,5.387265314218891,9.645843982696533
9.634890357235138,5.387265314218891,9.645843982696533
9.634890357235138,5.387265314218891,9.645843982696533
9.634890357235138,5.387265314218891,9.645843982696533
9.634890357235138,5.387265314218891,9.645843982696533
9.642380844136506,5.555880843548811,9.645843982696533
9.642380844136506,5.555880843548811,9.645843982696533
9.642380844136506,5.555880843548811,9.645843982696533
9.642380844136506,5.555880843548811,9.645843982696533
9.642380844136506,5.555880843548811,9.645843982696533
9.64650136663666,5.705530063577323,9.645843982696533
9.64650136663666,5.705530063577323,9.645843982696533
9.64650136663666,5.705530063577323,9.645843982696533
9.64650136663666,5.705530063577323,9.645843982696533
9.64650136663666,5.705530063577323,9.645843982696533
9.655777356902068,5.869182036592049,9.645843982696533
9.655777356902068,5.869182036592049,9.645843982696533
9.655777356902068,5.869182036592049,9.645843982696533
9.655777356902068,5.869182036592049,9.645843982696533
9.655777356902068,5.869182036592049,9.645843982696533
9.666598423562903,6.021428340080608,9.645843982696533
9.666598423562903,6.021428340080608,9.645843982696533
9.666598423562903,6.021428340080608,9.645843982696533
9.666598423562903,6.021428340080608,9.645843982696533
9.666598423562903,6.021428340080608,9.645843982696533
9.678106213109594,6.180786465554257,9.645843982696533
9.678106213109594,6.180786465554257,9.645843982696533
9.678106213109594,6.180786465554257,9.645843982696533
9.678106213109594,6.180786465554257,9.645843982696533
9.678106213109594,6.180786465554257,9.645843982696533
9.685015388741808,6.323086424760166,9.645843982696533
9.685015388741808,6.323086424760166,9.645843982696533
9.685015388741808,6.323086424760166,9.645843982696533
9.685015388741808,6.323086424760166,9.645843982696533
9.685015388741808,6.323086424760166,9.645843982696533
9.700466337570887,6.464174678117939,9.645843982696533
9.700466337570887,6.464174678117939,9.645843982696533
9.700466337570887,6.464174678117939,9.645843982696533
9.700466337570887,6.464174678117939,9.645843982696533
9.700466337570887,6.464174678117939,9.645843982696533
9.710804551916565,6.6073157002762315,9.645843982696533
9.710804551916565,6.6073157002762315,9.645843982696533
9.710804551916565,6.6073157002762315,9.645843982696533
9.710804551916565,6.6073157002762315,9.645843982696533
9.728578451366294,6.749166163834717,9.645843982696533
9.728578451366294,6.749166163834717,9.645843982696533
9.728578451366294,6.749166163834717,9.645843982696533
9.728578451366294,6.749166163834717,9.645843982696533
9.728578451366294,6.749166163834717,9.645843982696533
9.732984899753864,6.816267457843187,9.645843982696533
9.732984899753864,6.816267457843187,9.645843982696533
9.732984899753864,6.816267457843187,9.645843982696533
9.732984899753864,6.816267457843187,9.645843982696533
9.732984899753864,6.816267457843187,9.645843982696533
9.74790954115524,6.951646506605458,9.645843982696533
9.74790954115524,6.951646506605458,9.645843982696533
9.74790954115524,6.951646506605458,9.645843982696533
9.74790954115524,6.951646506605458,9.645843982696533
9.74790954115524,6.951646506605458,9.645843982696533
9.748686045855237,7.074819062359147,9.645843982696533
9.748686045855237,7.074819062359147,9.645843982696533
9.748686045855237,7.074819062359147,9.645843982696533
9.748686045855237,7.074819062359147,9.645843982696533
9.748686045855237,7.074819062359147,9.645843982696533
9.746260891094034,7.201157521692374,9.645843982696533
9.746260891094034,7.201157521692374,9.645843982696533
9.746260891094034,7.201157521692374,9.645843982696533
9.746260891094034,7.201157521692374,9.645843982696533
9.746260891094034,7.201157521692374,9.645843982696533
9.738072101771163,7.316667859196901,9.645843982696533
9.738072101771163,7.316667859196901,9.645843982696533
9.738072101771163,7.316667859196901,9.645843982696533
9.738072101771163,7.316667859196901,9.645843982696533
9.72224848907367,7.426501636491525,9.645843982696533
9.72224848907367,7.426501636491525,9.645843982696533
9.72224848907367,7.426501636491525,9.645843982696533
9.72224848907367,7.426501636491525,9.645843982696533
9.72224848907367,7.426501636491525,9.645843982696533
9.705974198200169,7.549226233730335,9.645843982696533
9.705974198200169,7.549226233730335,9.645843982696533
9.705974198200169,7.549226233730335,9.645843982696533
9.705974198200169,7.549226233730335,9.645843982696533
9.705974198200169,7.549226233730335,9.645843982696533
9.672245697066721,7.643772363502338,9.645843982696533
9.672245697066721,7.643772363502338,9.645843982696533
9.672245697066721,7.643772363502338,9.645843982696533
9.672245697066721,7.643772363502338,9.645843982696533
9.672245697066721,7.643772363502338,9.645843982696533
9.624524304986059,7.727919857478704,9.645843982696533
9.624524304986059,7.727919857478704,9.645843982696533
9.624524304986059,7.727919857478704,9.645843982696533
9.624524304986059,7.727919857478704,9.645843982696533
9.624524304986059,7.727919857478704,9.645843982696533
9.564403023157922,7.795337727631371,9.645843982696533
9.564403023157922,7.795337727631371,9.645843982696533
9.564403023157922,7.795337727631371,9.645843982696533
9.564403023157922,7.795337727631371,9.645843982696533
9.491204665181403,7.866933670503101,9.645843982696533
9.491204665181403,7.866933670503101,9.645843982696533
9.491204665181403,7.866933670503101,9.645843982696533
9.491204665181403,7.866933670503101,9.645843982696533
9.491204665181403,7.866933670503101,9.645843982696533
9.425196269106,7.926640768542848,9.645843982696533
9.425196269106,7.926640768542848,9.645843982696533
9.425196269106,7.926640768542848,9.645843982696533
9.425196269106,7.926640768542848,9.645843982696533
9.361437112317207,7.9575269893258005,9.645843982696533
9.361437112317207,7.9575269893258005,9.645843982696533
9.361437112317207,7.9575269893258005,9.645843982696533
9.361437112317207,7.9575269893258005,9.645843982696533
9.361437112317207,7.9575269893258005,9.645843982696533
9.250361961863263,7.997020726615955,9.645843982696533
9.250361961863263,7.997020726615955,9.645843982696533
9.250361961863263,7.997020726615955,9.645843982696533
9.250361961863263,7.997020726615955,9.645843982696533
9.19204864322163,8.007978436498485,9.645843982696533
9.19204864322163,8.007978436498485,9.645843982696533
9.19204864322163,8.007978436498485,9.645843982696533
9.19204864322163,8.007978436498485,9.645843982696533
9.19204864322163,8.007978436498485,9.645843982696533
9.099708703822753,8.03912291352043,9.645843982696533
9.099708703822753,8.03912291352043,9.645843982696533
9.099708703822753,8.03912291352043,9.645843982696533
9.099708703822753,8.03912291352043,9.645843982696533
9.017495190206393,8.108487389875254,9.645843982696533
9.017495190206393,8.108487389875254,9.645843982696533
9.017495190206393,8.108487389875254,9.645843982696533
9.017495190206393,8.108487389875254,9.645843982696533
9.017495190206393,8.108487389875254,9.645843982696533
8.973923278909815,8.12910833037397,9.645843982696533
8.973923278909815,8.12910833037397,9.645843982696533
8.973923278909815,8.12910833037397,9.645843982696533
8.973923278909815,8.12910833037397,9.645843982696533
8.918680568870709,8.205288293581688,9.645843982696533
8.918680568870709,8.205288293581688,9.645843982696533
8.918680568870709,8.205288293581688,9.645843982696533
8.918680568870709,8.205288293581688,9.645843982696533
8.918680568870709,8.205288293581688,9.645843982696533
8.844841395257955,8.23448996566093,9.645843982696533
8.844841395257955,8.23448996566093,9.645843982696533
8.844841395257955,8.23448996566093,9.645843982696533
8.844841395257955,8.23448996566093,9.645843982696533
8.749106284869846,8.286351888553545,9.645843982696533
8.749106284869846,8.286351888553545,9.645843982696533
8.749106284869846,8.286351888553545,9.645843982696533
8.749106284869846,8.286351888553545,9.645843982696533
8.749106284869846,8.286351888553545,9.645843982696533
8.749106284869846,8.286351888553545,9.645843982696533
8.649981808639598,8.324652919922674,9.645843982696533
8.649981808639598,8.324652919922674,9.645843982696533
8.649981808639598,8.324652919922674,9.645843982696533
8.649981808639598,8.324652919922674,9.645843982696533
8.649981808639598,8.324652919922674,9.645843982696533
8.649981808639598,8.324652919922674,9.645843982696533
8.649981808639598,8.324652919922674,9.645843982696533
8.552640666278933,8.367035179492234,9.645843982696533
8.552640666278933,8.367035179492234,9.645843982696533
8.552640666278933,8.367035179492234,9.645843982696533
8.552640666278933,8.367035179492234,9.645843982696533
8.552640666278933,8.367035179492234,9.645843982696533
8.552640666278933,8.367035179492234,9.645843982696533
8.408707251801122,8.432861485158258,9.645843982696533
8.408707251801122,8.432861485158258,9.645843982696533
8.408707251801122,8.432861485158258,9.645843982696533
8.408707251801122,8.432861485158258,9.645843982696533
8.408707251801122,8.432861485158258,9.645843982696533
8.408707251801122,8.432861485158258,9.645843982696533
8.408707251801122,8.432861485158258,9.645843982696533
8.408707251801122,8.432861485158258,9.645843982696533
8.31478264518522,8.482677067988666,9.645843982696533
8.31478264518522,8.482677067988666,9.645843982696533
8.31478264518522,8.482677067988666,9.645843982696533
8.31478264518522,8.482677067988666,9.645843982696533
8.31478264518522,8.482677067988666,9.645843982696533
8.31478264518522,8.482677067988666,9.645843982696533
8.31478264518522,8.482677067988666,9.645843982696533
8.199203026258674,8.527762573462708,9.645843982696533
8.199203026258674,8.527762573462708,9.645843982696533
8.199203026258674,8.527762573462708,9.645843982696533
8.199203026258674,8.527762573462708,9.645843982696533
8.199203026258674,8.527762573462708,9.645843982696533
8.199203026258674,8.527762573462708,9.645843982696533
8.082004936951371,8.56010931456028,9.645843982696533
8.082004936951371,8.56010931456028,9.645843982696533
8.082004936951371,8.56010931456028,9.645843982696533
8.082004936951371,8.56010931456028,9.645843982696533
8.082004936951371,8.56010931456028,9.645843982696533
8.082004936951371,8.56010931456028,9.645843982696533
8.082004936951371,8.56010931456028,9.645843982696533
7.966905578226032,8.598347371226744,9.645843982696533
7.966905578226032,8.598347371226744,9.645843982696533
7.966905578226032,8.598347371226744,9.645843982696533
7.966905578226032,8.598347371226744,9.645843982696533
7.966905578226032,8.598347371226744,9.645843982696533
7.966905578226032,8.598347371226744,9.645843982696533
7.966905578226032,8.598347371226744,9.645843982696533
7.900551349958078,8.63080512348881,9.645843982696533
7.900551349958078,8.63080512348881,9.645843982696533
7.900551349958078,8.63080512348881,9.645843982696533
7.900551349958078,8.63080512348881,9.645843982696533
7.900551349958078,8.63080512348881,9.645843982696533
7.900551349958078,8.63080512348881,9.645843982696533
7.900551349958078,8.63080512348881,9.645843982696533
7.807855564481769,8.631705145543979,9.645843982696533
7.807855564481769,8.631705145543979,9.645843982696533
7.807855564481769,8.631705145543979,9.645843982696533
7.807855564481769,8.631705145543979,9.645843982696533
7.807855564481769,8.631705145543979,9.645843982696533
7.807855564481769,8.631705145543979,9.645843982696533
7.678000137950085,8.658642917057064,9.645843982696533
7.678000137950085,8.658642917057064,9.645843982696533
7.678000137950085,8.658642917057064,9.645843982696533
7.678000137950085,8.658642917057064,9.645843982696533
7.678000137950085,8.658642917057064,9.645843982696533
7.678000137950085,8.658642917057064,9.645843982696533
7.678000137950085,8.658642917057064,9.645843982696533
7.585816128101558,8.662939438154789,9.645843982696533
7.585816128101558,8.662939438154789,9.645843982696533
7.585816128101558,8.662939438154789,9.645843982696533
7.585816128101558,8.662939438154789,9.645843982696533
7.585816128101558,8.662939438154789,9.645843982696533
7.585816128101558,8.662939438154789,9.645843982696533
7.585816128101558,8.662939438154789,9.645843982696533
7.429944172434502,8.654108192386943,9.645843982696533
7.429944172434502,8.654108192386943,9.645843982696533
7.429944172434502,8.654108192386943,9.645843982696533
7.429944172434502,8.654108192386943,9.645843982696533
7.429944172434502,8.654108192386943,9.645843982696533
7.429944172434502,8.654108192386943,9.645843982696533
7.276710048644549,8.647014781687787,9.645843982696533
7.276710048644549,8.647014781687787,9.645843982696533
7.276710048644549,8.647014781687787,9.645843982696533
7.276710048644549,8.647014781687787,9.645843982696533
7.276710048644549,8.647014781687787,9.645843982696533
7.161948686573128,8.63458586901187,9.645843982696533
7.161948686573128,8.63458586901187,9.645843982696533
7.161948686573128,8.63458586901187,9.645843982696533
7.161948686573128,8.63458586901187,9.645843982696533
7.161948686573128,8.63458586901187,9.645843982696533
7.161948686573128,8.63458586901187,9.645843982696533
7.161948686573128,8.63458586901187,9.645843982696533
7.0388264225108,8.620190328352411,9.645843982696533
7.0388264225108,8.620190328352411,9.645843982696533
7.0388264225108,8.620190328352411,9.645843982696533
7.0388264225108,8.620190328352411,9.645843982696533
7.0388264225108,8.620190328352411,9.645843982696533
7.0388264225108,8.620190328352411,9.645843982696533
7.0388264225108,8.620190328352411,9.645843982696533
6.857026997197941,8.610437119889145,9.645843982696533
6.857026997197941,8.610437119889145,9.645843982696533
6.857026997197941,8.610437119889145,9.645843982696533
6.857026997197941,8.610437119889145,9.645843982696533
6.857026997197941,8.610437119889145,9.645843982696533
6.857026997197941,8.610437119889145,9.645843982696533
6.662813404101122,8.61228545761291,9.645843982696533
6.662813404101122,8.61228545761291,9.645843982696533
6.662813404101122,8.61228545761291,9.645843982696533
6.662813404101122,8.61228545761291,9.645843982696533
6.544238021583344,8.619343116893031,9.645843982696533
6.544238021583344,8.619343116893031,9.645843982696533
6.544238021583344,8.619343116893031,9.645843982696533
6.544238021583344,8.619343116893031,9.645843982696533
6.544238021583344,8.619343116893031,9.645843982696533
6.544238021583344,8.619343116893031,9.645843982696533
6.544238021583344,8.619343116893031,9.645843982696533
6.544238021583344,8.619343116893031,9.645843982696533
6.390738532519495,8.65611491250463,9.645843982696533
6.390738532519495,8.65611491250463,9.645843982696533
6.390738532519495,8.65611491250463,9.645843982696533
6.390738532519495,8.65611491250463,9.645843982696533
6.390738532519495,8.65611491250463,9.645843982696533
6.390738532519495,8.65611491250463,9.645843982696533
6.390738532519495,8.65611491250463,9.645843982696533
6.390738532519495,8.65611491250463,9.645843982696533
6.1778676090643225,8.66146255343925,9.645843982696533
6.1778676090643225,8.66146255343925,9.645843982696533
6.1778676090643225,8.66146255343925,9.645843982696533
6.1778676090643225,8.66146255343925,9.645843982696533
6.1778676090643225,8.66146255343925,9.645843982696533
6.1778676090643225,8.66146255343925,9.645843982696533
5.984593148659045,8.66196840740548,9.645843982696533
5.984593148659045,8.66196840740548,9.645843982696533
5.984593148659045,8.66196840740548,9.645843982696533
5.984593148659045,8.66196840740548,9.645843982696533
5.766324064721515,8.64650350221962,9.645843982696533
5.766324064721515,8.64650350221962,9.645843982696533
5.766324064721515,8.64650350221962,9.645843982696533
5.766324064721515,8.64650350221962,9.645843982696533
5.766324064721515,8.64650350221962,9.645843982696533
5.766324064721515,8.64650350221962,9.645843982696533
5.766324064721515,8.64650350221962,9.645843982696533
5.766324064721515,8.64650350221962,9.645843982696533
5.766324064721515,8.64650350221962,9.645843982696533
5.766324064721515,8.64650350221962,9.645843982696533
5.766324064721515,8.64650350221962,9.645843982696533
5.601166845119526,8.644047015922737,9.645843982696533
5.601166845119526,8.644047015922737,9.645843982696533
5.601166845119526,8.644047015922737,9.645843982696533
5.601166845119526,8.644047015922737,9.645843982696533
5.601166845119526,8.644047015922737,9.645843982696533
5.601166845119526,8.644047015922737,9.645843982696533
5.601166845119526,8.644047015922737,9.645843982696533
5.272708463327321,8.678154518452802,9.645843982696533
5.272708463327321,8.678154518452802,9.645843982696533
5.272708463327321,8.678154518452802,9.645843982696533
5.272708463327321,8.678154518452802,9.645843982696533
5.037919162162543,8.682451211100586,9.645843982696533
5.037919162162543,8.682451211100586,9.645843982696533
5.037919162162543,8.682451211100586,9.645843982696533
5.037919162162543,8.682451211100586,9.645843982696533
5.037919162162543,8.682451211100586,9.645843982696533
5.037919162162543,8.682451211100586,9.645843982696533
5.037919162162543,8.682451211100586,9.645843982696533
5.037919162162543,8.682451211100586,9.645843982696533
4.9465967774488435,8.678616031508405,9.645843982696533
4.9465967774488435,8.678616031508405,9.645843982696533
4.9465967774488435,8.678616031508405,9.645843982696533
4.9465967774488435,8.678616031508405,9.645843982696533
4.9465967774488435,8.678616031508405,9.645843982696533
4.9465967774488435,8.678616031508405,9.645843982696533
4.9465967774488435,8.678616031508405,9.645843982696533
4.714447349432825,8.658162916153625,9.645843982696533
4.714447349432825,8.658162916153625,9.645843982696533
4.714447349432825,8.658162916153625,9.645843982696533
4.714447349432825,8.658162916153625,9.645843982696533
4.507744667511628,8.626991081578497,9.645843982696533
4.507744667511628,8.626991081578497,9.645843982696533
4.507744667511628,8.626991081578497,9.645843982696533
4.507744667511628,8.626991081578497,9.645843982696533
4.507744667511628,8.626991081578497,9.645843982696533
4.507744667511628,8.626991081578497,9.645843982696533
4.35945362206988,8.605791766968423,9.645843982696533
4.35945362206988,8.605791766968423,9.645843982696533
4.35945362206988,8.605791766968423,9.645843982696533
4.35945362206988,8.605791766968423,9.645843982696533
4.35945362206988,8.605791766968423,9.645843982696533
4.35945362206988,8.605791766968423,9.645843982696533
4.35945362206988,8.605791766968423,9.645843982696533
4.214916100124404,8.583703337940666,9.645843982696533
4.214916100124404,8.583703337940666,9.645843982696533
4.214916100124404,8.583703337940666,9.645843982696533
4.214916100124404,8.583703337940666,9.645843982696533
3.9643402488718618,8.572272974875782,9.645843982696533
3.9643402488718618,8.572272974875782,9.645843982696533
3.9643402488718618,8.572272974875782,9.645843982696533
3.9643402488718618,8.572272974875782,9.645843982696533
3.9643402488718618,8.572272974875782,9.645843982696533
3.767629404352081,8.589977157089754,9.645843982696533
3.767629404352081,8.589977157089754,9.645843982696533
3.767629404352081,8.589977157089754,9.645843982696533
3.767629404352081,8.589977157089754,9.645843982696533
3.767629404352081,8.589977157089754,9.645843982696533
3.5851161109977348,8.589785538649512,9.645843982696533
3.5851161109977348,8.589785538649512,9.645843982696533
3.5851161109977348,8.589785538649512,9.645843982696533
3.5851161109977348,8.589785538649512,9.645843982696533
3.403736248147557,8.588422297843774,9.645843982696533
3.403736248147557,8.588422297843774,9.645843982696533
3.403736248147557,8.588422297843774,9.645843982696533
3.403736248147557,8.588422297843774,9.645843982696533
3.403736248147557,8.588422297843774,9.645843982696533
3.3145993401140768,8.587715484436053,9.645843982696533
3.3145993401140768,8.587715484436053,9.645843982696533
3.3145993401140768,8.587715484436053,9.645843982696533
3.3145993401140768,8.587715484436053,9.645843982696533
3.125832441515703,8.581292830437212,9.645843982696533
3.125832441515703,8.581292830437212,9.645843982696533
3.125832441515703,8.581292830437212,9.645843982696533
3.125832441515703,8.581292830437212,9.645843982696533
3.125832441515703,8.581292830437212,9.645843982696533
2.9729861678252387,8.575406437242679,9.645843982696533
2.9729861678252387,8.575406437242679,9.645843982696533
2.9729861678252387,8.575406437242679,9.645843982696533
2.9729861678252387,8.575406437242679,9.645843982696533
2.807760844620004,8.57157063634968,9.645843982696533
2.807760844620004,8.57157063634968,9.645843982696533
2.807760844620004,8.57157063634968,9.645843982696533
2.807760844620004,8.57157063634968,9.645843982696533
2.730857580316534,8.581541822883368,9.645843982696533
2.730857580316534,8.581541822883368,9.645843982696533
2.730857580316534,8.581541822883368,9.645843982696533
2.730857580316534,8.581541822883368,9.645843982696533
2.730857580316534,8.581541822883368,9.645843982696533
2.571291570484622,8.550990187797812,9.645843982696533
2.571291570484622,8.550990187797812,9.645843982696533
2.571291570484622,8.550990187797812,9.645843982696533
2.571291570484622,8.550990187797812,9.645843982696533
2.571291570484622,8.550990187797812,9.645843982696533
2.369874785189805,8.514401588421483,9.645843982696533
2.369874785189805,8.514401588421483,9.645843982696533
2.369874785189805,8.514401588421483,9.645843982696533
2.369874785189805,8.514401588421483,9.645843982696533
2.243682135245547,8.515553621691003,9.645843982696533
2.243682135245547,8.515553621691003,9.645843982696533
2.243682135245547,8.515553621691003,9.645843982696533
2.243682135245547,8.515553621691003,9.645843982696533
2.243682135245547,8.515553621691003,9.645843982696533
2.0813874378378716,8.525665998372405,9.645843982696533
2.0813874378378716,8.525665998372405,9.645843982696533
2.0813874378378716,8.525665998372405,9.645843982696533
2.0813874378378716,8.525665998372405,9.645843982696533
2.0813874378378716,8.525665998372405,9.645843982696533
1.8957437623301703,8.534045029844156,9.645843982696533
1.8957437623301703,8.534045029844156,9.645843982696533
1.8957437623301703,8.534045029844156,9.645843982696533
1.8957437623301703,8.534045029844156,9.645843982696533
1.7294631912640661,8.541274535549306,9.645843982696533
1.7294631912640661,8.541274535549306,9.645843982696533
1.7294631912640661,8.541274535549306,9.645843982696533
1.7294631912640661,8.541274535549306,9.645843982696533
1.7294631912640661,8.541274535549306,9.645843982696533
1.6617630369429377,8.555748900208464,9.645843982696533
1.6617630369429377,8.555748900208464,9.645843982696533
1.6617630369429377,8.555748900208464,9.645843982696533
1.6617630369429377,8.555748900208464,9.645843982696533
1.4719199614152847,8.567390157822794,9.645843982696533
1.4719199614152847,8.567390157822794,9.645843982696533
1.4719199614152847,8.567390157822794,9.645843982696533
1.4719199614152847,8.567390157822794,9.645843982696533
1.4719199614152847,8.567390157822794,9.645843982696533
1.3290344169566766,8.5560153083131,9.645843982696533
1.3290344169566766,8.5560153083131,9.645843982696533
1.3290344169566766,8.5560153083131,9.645843982696533
1.3290344169566766,8.5560153083131,9.645843982696533
1.144071521154875,8.520971504073628,9.645843982696533
1.144071521154875,8.520971504073628,9.645843982696533
1.144071521154875,8.520971504073628,9.645843982696533
1.144071521154875,8.520971504073628,9.645843982696533
1.144071521154875,8.520971504073628,9.645843982696533
1.0517004231835982,8.498891673935562,9.645843982696533
1.0517004231835982,8.498891673935562,9.645843982696533
1.0517004231835982,8.498891673935562,9.645843982696533
1.0517004231835982,8.498891673935562,9.645843982696533
1.0517004231835982,8.498891673935562,9.645843982696533
0.8581607174456658,8.48802144965768,9.645843982696533
0.8581607174456658,8.48802144965768,9.645843982696533
0.8581607174456658,8.48802144965768,9.645843982696533
0.8581607174456658,8.48802144965768,9.645843982696533
0.6783624324139821,8.47972150893881,9.645843982696533
0.6783624324139821,8.47972150893881,9.645843982696533
0.6783624324139821,8.47972150893881,9.645843982696533
0.6783624324139821,8.47972150893881,9.645843982696533
0.6783624324139821,8.47972150893881,9.645843982696533
0.6783624324139821,8.47972150893881,9.645843982696533
0.5155372880520399,8.477631031604558,9.645843982696533
0.5155372880520399,8.477631031604558,9.645843982696533
0.5155372880520399,8.477631031604558,9.645843982696533
0.5155372880520399,8.477631031604558,9.645843982696533
0.29778404674107944,8.490818648375022,9.645843982696533
0.29778404674107944,8.490818648375022,9.645843982696533
0.29778404674107944,8.490818648375022,9.645843982696533
0.29778404674107944,8.490818648375022,9.645843982696533
0.29778404674107944,8.490818648375022,9.645843982696533
0.1312870508360878,8.492609080632871,9.645843982696533
0.1312870508360878,8.492609080632871,9.645843982696533
0.1312870508360878,8.492609080632871,9.645843982696533
0.1312870508360878,8.492609080632871,9.645843982696533
-0.03699972046324946,8.49369281758542,9.645843982696533
-0.03699972046324946,8.49369281758542,9.645843982696533
-0.03699972046324946,8.49369281758542,9.645843982696533
-0.03699972046324946,8.49369281758542,9.645843982696533
-0.03699972046324946,8.49369281758542,9.645843982696533
-0.2028471636339642,8.472927806164263,9.645843982696533
-0.2028471636339642,8.472927806164263,9.645843982696533
-0.2028471636339642,8.472927806164263,9.645843982696533
-0.2028471636339642,8.472927806164263,9.645843982696533
-0.2028471636339642,8.472927806164263,9.645843982696533
-0.3704695392030302,8.462204689510422,9.645843982696533
-0.3704695392030302,8.462204689510422,9.645843982696533
-0.3704695392030302,8.462204689510422,9.645843982696533
-0.3704695392030302,8.462204689510422,9.645843982696533
-0.3704695392030302,8.462204689510422,9.645843982696533
-0.5244372846163738,8.456048882099367,9.645843982696533
-0.5244372846163738,8.456048882099367,9.645843982696533
-0.5244372846163738,8.456048882099367,9.645843982696533
-0.5244372846163738,8.456048882099367,9.645843982696533
-0.5244372846163738,8.456048882099367,9.645843982696533
-0.680960712216095,8.45102957383988,9.645843982696533
-0.680960712216095,8.45102957383988,9.645843982696533
-0.680960712216095,8.45102957383988,9.645843982696533
-0.680960712216095,8.45102957383988,9.645843982696533
-0.8684873343477556,8.456858087692064,9.645843982696533
-0.8684873343477556,8.456858087692064,9.645843982696533
-0.8684873343477556,8.456858087692064,9.645843982696533
-0.8684873343477556,8.456858087692064,9.645843982696533
-0.8684873343477556,8.456858087692064,9.645843982696533
-0.9627655094018419,8.470788432654645,9.645843982696533
-0.9627655094018419,8.470788432654645,9.645843982696533
-0.9627655094018419,8.470788432654645,9.645843982696533
-0.9627655094018419,8.470788432654645,9.645843982696533
-1.1386714337976953,8.483093962730724,9.645843982696533
-1.1386714337976953,8.483093962730724,9.645843982696533
-1.1386714337976953,8.483093962730724,9.645843982696533
-1.1386714337976953,8.483093962730724,9.645843982696533
-1.1386714337976953,8.483093962730724,9.645843982696533
-1.3002366133459287,8.478807168077585,9.645843982696533
-1.3002366133459287,8.478807168077585,9.645843982696533
-1.3002366133459287,8.478807168077585,9.645843982696533
-1.3002366133459287,8.478807168077585,9.645843982696533
-1.4886137312487948,8.473935344900802,9.645843982696533
-1.4886137312487948,8.473935344900802,9.645843982696533
-1.4886137312487948,8.473935344900802,9.645843982696533
-1.4886137312487948,8.473935344900802,9.645843982696533
-1.4886137312487948,8.473935344900802,9.645843982696533
-1.5683004857867222,8.465591865994433,9.645843982696533
-1.5683004857867222,8.465591865994433,9.645843982696533
-1.5683004857867222,8.465591865994433,9.645843982696533
-1.5683004857867222,8.465591865994433,9.645843982696533
-1.7690760142492163,8.471742337320352,9.645843982696533
-1.7690760142492163,8.471742337320352,9.645843982696533
-1.7690760142492163,8.471742337320352,9.645843982696533
-1.7690760142492163,8.471742337320352,9.645843982696533
-1.7690760142492163,8.471742337320352,9.645843982696533
-1.9455379078237423,8.474389368628477,9.645843982696533
-1.9455379078237423,8.474389368628477,9.645843982696533
-1.9455379078237423,8.474389368628477,9.645843982696533
-1.9455379078237423,8.474389368628477,9.645843982696533
-1.9455379078237423,8.474389368628477,9.645843982696533
-1.9455379078237423,8.474389368628477,9.645843982696533
-2.1024365308903805,8.481733367016563,9.645843982696533
-2.1024365308903805,8.481733367016563,9.645843982696533
-2.1024365308903805,8.481733367016563,9.645843982696533
-2.1024365308903805,8.481733367016563,9.645843982696533
-2.2735721305030157,8.486454377007133,9.645843982696533
-2.2735721305030157,8.486454377007133,9.645843982696533
-2.2735721305030157,8.486454377007133,9.645843982696533
-2.2735721305030157,8.486454377007133,9.645843982696533
-2.2735721305030157,8.486454377007133,9.645843982696533
-2.4796217048690092,8.496474220345402,9.645843982696533
-2.4796217048690092,8.496474220345402,9.645843982696533
-2.4796217048690092,8.496474220345402,9.645843982696533
-2.4796217048690092,8.496474220345402,9.645843982696533
-2.4796217048690092,8.496474220345402,9.645843982696533
-2.6734052148863294,8.507334562984063,9.645843982696533
-2.6734052148863294,8.507334562984063,9.645843982696533
-2.6734052148863294,8.507334562984063,9.645843982696533
-2.6734052148863294,8.507334562984063,9.645843982696533
-2.8373970602990486,8.50472113400586,9.645843982696533
-2.8373970602990486,8.50472113400586,9.645843982696533
-2.8373970602990486,8.50472113400586,9.645843982696533
-2.8373970602990486,8.50472113400586,9.645843982696533
-2.8373970602990486,8.50472113400586,9.645843982696533
-2.9794278502195675,8.488089991132924,9.645843982696533
-2.9794278502195675,8.488089991132924,9.645843982696533
-2.9794278502195675,8.488089991132924,9.645843982696533
-2.9794278502195675,8.488089991132924,9.645843982696533
-2.9794278502195675,8.488089991132924,9.645843982696533
-3.199921094819985,8.484682243592507,9.645843982696533
-3.199921094819985,8.484682243592507,9.645843982696533
-3.199921094819985,8.484682243592507,9.645843982696533
-3.199921094819985,8.484682243592507,9.645843982696533
-3.199921094819985,8.484682243592507,9.645843982696533
-3.307450175678647,8.482263251778036,9.645843982696533
-3.307450175678647,8.482263251778036,9.645843982696533
-3.307450175678647,8.482263251778036,9.645843982696533
-3.307450175678647,8.482263251778036,9.645843982696533
-3.427743414606578,8.481081649655973,9.645843982696533
-3.427743414606578,8.481081649655973,9.645843982696533
-3.427743414606578,8.481081649655973,9.645843982696533
-3.427743414606578,8.481081649655973,9.645843982696533
-3.427743414606578,8.481081649655973,9.645843982696533
-3.4962788908551703,8.481220528408882,9.645843982696533
-3.4962788908551703,8.481220528408882,9.645843982696533
-3.4962788908551703,8.481220528408882,9.645843982696533
-3.4962788908551703,8.481220528408882,9.645843982696533
-3.6647008386014486,8.490744955807727,9.645843982696533
-3.6647008386014486,8.490744955807727,9.645843982696533
-3.6647008386014486,8.490744955807727,9.645843982696533
-3.6647008386014486,8.490744955807727,9.645843982696533
-3.6647008386014486,8.490744955807727,9.645843982696533
-3.851864344346411,8.50195553984065,9.645843982696533
-3.851864344346411,8.50195553984065,9.645843982696533
-3.851864344346411,8.50195553984065,9.645843982696533
-3.851864344346411,8.50195553984065,9.645843982696533
-3.851864344346411,8.50195553984065,9.645843982696533
-4.010496268963653,8.518180560894857,9.645843982696533
-4.010496268963653,8.518180560894857,9.645843982696533
-4.010496268963653,8.518180560894857,9.645843982696533
-4.010496268963653,8.518180560894857,9.645843982696533
-4.010496268963653,8.518180560894857,9.645843982696533
-4.18014135438682,8.52463315434705,9.645843982696533
-4.18014135438682,8.52463315434705,9.645843982696533
-4.18014135438682,8.52463315434705,9.645843982696533
-4.18014135438682,8.52463315434705,9.645843982696533
-4.346702978427738,8.525223083126683,9.645843982696533
-4.346702978427738,8.525223083126683,9.645843982696533
-4.346702978427738,8.525223083126683,9.645843982696533
-4.346702978427738,8.525223083126683,9.645843982696533
-4.346702978427738,8.525223083126683,9.645843982696533
-4.399225887774957,8.520645752773843,9.645843982696533
-4.399225887774957,8.520645752773843,9.645843982696533
-4.399225887774957,8.520645752773843,9.645843982696533
-4.399225887774957,8.520645752773843,9.645843982696533
-4.399225887774957,8.520645752773843,9.645843982696533
-4.619898786571218,8.515666520664423,9.645843982696533
-4.619898786571218,8.515666520664423,9.645843982696533
-4.619898786571218,8.515666520664423,9.645843982696533
-4.619898786571218,8.515666520664423,9.645843982696533
-4.822123835066224,8.518023598291059,9.645843982696533
-4.822123835066224,8.518023598291059,9.645843982696533
-4.822123835066224,8.518023598291059,9.645843982696533
-4.822123835066224,8.518023598291059,9.645843982696533
-4.822123835066224,8.518023598291059,9.645843982696533
-4.992817163564377,8.548199023508566,9.645843982696533
-4.992817163564377,8.548199023508566,9.645843982696533
-4.992817163564377,8.548199023508566,9.645843982696533
-4.992817163564377,8.548199023508566,9.645843982696533
-5.155038388496544,8.576078485813449,9.645843982696533
-5.155038388496544,8.576078485813449,9.645843982696533
-5.155038388496544,8.576078485813449,9.645843982696533
-5.155038388496544,8.576078485813449,9.645843982696533
-5.155038388496544,8.576078485813449,9.645843982696533
-5.389306425538614,8.544687006602226,9.645843982696533
-5.389306425538614,8.544687006602226,9.645843982696533
-5.389306425538614,8.544687006602226,9.645843982696533
-5.389306425538614,8.544687006602226,9.645843982696533
-5.616138205676213,8.521907207316959,9.645843982696533
-5.616138205676213,8.521907207316959,9.645843982696533
-5.616138205676213,8.521907207316959,9.645843982696533
-5.616138205676213,8.521907207316959,9.645843982696533
-5.616138205676213,8.521907207316959,9.645843982696533
-5.72126953263637,8.505560340321498,9.645843982696533
-5.72126953263637,8.505560340321498,9.645843982696533
-5.72126953263637,8.505560340321498,9.645843982696533
-5.72126953263637,8.505560340321498,9.645843982696533
-5.909617607739231,8.505048303744937,9.645843982696533
-5.909617607739231,8.505048303744937,9.645843982696533
-5.909617607739231,8.505048303744937,9.645843982696533
-5.909617607739231,8.505048303744937,9.645843982696533
-5.909617607739231,8.505048303744937,9.645843982696533
-6.111834408444632,8.508080388130988,9.645843982696533
-6.111834408444632,8.508080388130988,9.645843982696533
-6.111834408444632,8.508080388130988,9.645843982696533
-6.111834408444632,8.508080388130988,9.645843982696533
-6.111834408444632,8.508080388130988,9.645843982696533
-6.281035042082754,8.521124831204855,9.645843982696533
-6.281035042082754,8.521124831204855,9.645843982696533
-6.281035042082754,8.521124831204855,9.645843982696533
-6.281035042082754,8.521124831204855,9.645843982696533
-6.458212653700045,8.5280203111361,9.645843982696533
-6.458212653700045,8.5280203111361,9.645843982696533
-6.458212653700045,8.5280203111361,9.645843982696533
-6.458212653700045,8.5280203111361,9.645843982696533
-6.458212653700045,8.5280203111361,9.645843982696533
-6.551066629772351,8.528763471613912,9.645843982696533
-6.551066629772351,8.528763471613912,9.645843982696533
-6.551066629772351,8.528763471613912,9.645843982696533
-6.551066629772351,8.528763471613912,9.645843982696533
-6.74609028624553,8.538620295264172,9.645843982696533
-6.74609028624553,8.538620295264172,9.645843982696533
-6.74609028624553,8.538620295264172,9.645843982696533
-6.74609028624553,8.538620295264172,9.645843982696533
-6.74609028624553,8.538620295264172,9.645843982696533
-6.932093268374256,8.548249042986102,9.645843982696533
-6.932093268374256,8.548249042986102,9.645843982696533
-6.932093268374256,8.548249042986102,9.645843982696533
-6.932093268374256,8.548249042986102,9.645843982696533
-7.1183463581187265,8.558439803321765,9.645843982696533
-7.1183463581187265,8.558439803321765,9.645843982696533
-7.1183463581187265,8.558439803321765,9.645843982696533
-7.1183463581187265,8.558439803321765,9.645843982696533
-7.1183463581187265,8.558439803321765,9.645843982696533
-7.291481581359264,8.565631028849014,9.645843982696533
-7.291481581359264,8.565631028849014,9.645843982696533
-7.291481581359264,8.565631028849014,9.645843982696533
-7.291481581359264,8.565631028849014,9.645843982696533
-7.291481581359264,8.565631028849014,9.645843982696533
-7.473173811301583,8.580865499631667,9.645843982696533
-7.473173811301583,8.580865499631667,9.645843982696533
-7.473173811301583,8.580865499631667,9.645843982696533
-7.473173811301583,8.580865499631667,9.645843982696533
-7.473173811301583,8.580865499631667,9.645843982696533
-7.656669771505824,8.579720065756463,9.645843982696533
-7.656669771505824,8.579720065756463,9.645843982696533
-7.656669771505824,8.579720065756463,9.645843982696533
-7.656669771505824,8.579720065756463,9.645843982696533
-7.656669771505824,8.579720065756463,9.645843982696533
-7.84710680129387,8.566185740555074,9.645843982696533
-7.84710680129387,8.566185740555074,9.645843982696533
-7.84710680129387,8.566185740555074,9.645843982696533
-7.84710680129387,8.566185740555074,9.645843982696533
-8.030784012149546,8.557630937506431,9.645843982696533
-8.030784012149546,8.557630937506431,9.645843982696533
-8.030784012149546,8.557630937506431,9.645843982696533
-8.030784012149546,8.557630937506431,9.645843982696533
-8.030784012149546,8.557630937506431,9.645843982696533
-8.11819123557922,8.544512772936393,9.645843982696533
-8.11819123557922,8.544512772936393,9.645843982696533
-8.11819123557922,8.544512772936393,9.645843982696533
-8.11819123557922,8.544512772936393,9.645843982696533
-8.284802858180973,8.538971381393138,9.645843982696533
-8.284802858180973,8.538971381393138,9.645843982696533
-8.284802858180973,8.538971381393138,9.645843982696533
-8.284802858180973,8.538971381393138,9.645843982696533
-8.284802858180973,8.538971381393138,9.645843982696533
-8.45690899548028,8.530370195582766,9.645843982696533
-8.45690899548028,8.530370195582766,9.645843982696533
-8.45690899548028,8.530370195582766,9.645843982696533
-8.45690899548028,8.530370195582766,9.645843982696533
-8.62245427131083,8.525260201633339,9.645843982696533
-8.62245427131083,8.525260201633339,9.645843982696533
-8.62245427131083,8.525260201633339,9.645843982696533
-8.62245427131083,8.525260201633339,9.645843982696533
-8.62245427131083,8.525260201633339,9.645843982696533
-8.698010843112122,8.520974662368664,9.645843982696533
-8.698010843112122,8.520974662368664,9.645843982696533
-8.698010843112122,8.520974662368664,9.645843982696533
-8.698010843112122,8.520974662368664,9.645843982696533
-8.919957170857794,8.52318811216944,9.645843982696533
-8.919957170857794,8.52318811216944,9.645843982696533
-8.919957170857794,8.52318811216944,9.645843982696533
-8.919957170857794,8.52318811216944,9.645843982696533
-8.919957170857794,8.52318811216944,9.645843982696533
-9.138341288235626,8.521197599011387,9.645843982696533
-9.138341288235626,8.521197599011387,9.645843982696533
-9.138341288235626,8.521197599011387,9.645843982696533
-9.138341288235626,8.521197599011387,9.645843982696533
-9.138341288235626,8.521197599011387,9.645843982696533
-9.313704735150562,8.524575069011792,9.645843982696533
-9.313704735150562,8.524575069011792,9.645843982696533
-9.313704735150562,8.524575069011792,9.645843982696533
-9.313704735150562,8.524575069011792,9.645843982696533
-9.48212985425252,8.530383882184395,9.645843982696533
-9.48212985425252,8.530383882184395,9.645843982696533
-9.48212985425252,8.530383882184395,9.645843982696533
-9.48212985425252,8.530383882184395,9.645843982696533
-9.48212985425252,8.530383882184395,9.645843982696533
-9.659258926136168,8.53176261666401,9.645843982696533
-9.659258926136168,8.53176261666401,9.645843982696533
-9.659258926136168,8.53176261666401,9.645843982696533
-9.659258926136168,8.53176261666401,9.645843982696533
-9.853527967201051,8.531352574309246,9.645843982696533
-9.853527967201051,8.531352574309246,9.645843982696533
-9.853527967201051,8.531352574309246,9.645843982696533
-9.853527967201051,8.531352574309246,9.645843982696533
-9.853527967201051,8.531352574309246,9.645843982696533
-9.853527967201051,8.531352574309246,9.645843982696533
-10.036427744333848,8.539371628843588,9.645843982696533
-10.036427744333848,8.539371628843588,9.645843982696533
-10.036427744333848,8.539371628843588,9.645843982696533
-10.036427744333848,8.539371628843588,9.645843982696533
-10.203557559737899,8.5461564183184,9.645843982696533
-10.203557559737899,8.5461564183184,9.645843982696533
-10.203557559737899,8.5461564183184,9.645843982696533
-10.203557559737899,8.5461564183184,9.645843982696533
-10.203557559737899,8.5461564183184,9.645843982696533
-10.379288045156029,8.548054201022387,9.645843982696533
-10.379288045156029,8.548054201022387,9.645843982696533
-10.379288045156029,8.548054201022387,9.645843982696533
-10.379288045156029,8.548054201022387,9.645843982696533
-10.379288045156029,8.548054201022387,9.645843982696533
-10.460293579464212,8.546499442218444,9.645843982696533
-10.460293579464212,8.546499442218444,9.645843982696533
-10.460293579464212,8.546499442218444,9.645843982696533
-10.460293579464212,8.546499442218444,9.645843982696533
-10.460293579464212,8.546499442218444,9.645843982696533
-10.636590678061058,8.557749566881247,9.645843982696533
-10.636590678061058,8.557749566881247,9.645843982696533
-10.636590678061058,8.557749566881247,9.645843982696533
-10.636590678061058,8.557749566881247,9.645843982696533
-10.636590678061058,8.557749566881247,9.645843982696533
-10.785324363779544,8.561410177484165,9.645843982696533
-10.785324363779544,8.561410177484165,9.645843982696533
-10.785324363779544,8.561410177484165,9.645843982696533
-10.785324363779544,8.561410177484165,9.645843982696533
-10.785324363779544,8.561410177484165,9.645843982696533
-10.944206411650178,8.5582614071244,9.645843982696533
-10.944206411650178,8.5582614071244,9.645843982696533
-10.944206411650178,8.5582614071244,9.645843982696533
-10.944206411650178,8.5582614071244,9.645843982696533
-11.10789324898318,8.561179644580601,9.645843982696533
-11.10789324898318,8.561179644580601,9.645843982696533
-11.10789324898318,8.561179644580601,9.645843982696533
-11.10789324898318,8.561179644580601,9.645843982696533
-11.10789324898318,8.561179644580601,9.645843982696533
-11.239540114406442,8.56204003831401,9.645843982696533
-11.239540114406442,8.56204003831401,9.645843982696533
-11.239540114406442,8.56204003831401,9.645843982696533
-11.239540114406442,8.56204003831401,9.645843982696533
-11.239540114406442,8.56204003831401,9.645843982696533
-11.400932944035699,8.56581870641086,9.645843982696533
-11.400932944035699,8.56581870641086,9.645843982696533
-11.400932944035699,8.56581870641086,9.645843982696533
-11.400932944035699,8.56581870641086,9.645843982696533
-11.527291005127616,8.56951638070672,9.645843982696533
-11.527291005127616,8.56951638070672,9.645843982696533
-11.527291005127616,8.56951638070672,9.645843982696533
-11.527291005127616,8.56951638070672,9.645843982696533
-11.527291005127616,8.56951638070672,9.645843982696533
-11.60279239473905,8.573845957545592,9.645843982696533
-11.60279239473905,8.573845957545592,9.645843982696533
-11.60279239473905,8.573845957545592,9.645843982696533
-11.60279239473905,8.573845957545592,9.645843982696533
-11.60279239473905,8.573845957545592,9.645843982696533
-11.780131330799529,8.580123023575462,9.645843982696533
-11.780131330799529,8.580123023575462,9.645843982696533
-11.780131330799529,8.580123023575462,9.645843982696533
-11.780131330799529,8.580123023575462,9.645843982696533
-11.780131330799529,8.580123023575462,9.645843982696533
-11.865423738878324,8.582491463627662,9.645843982696533
-11.865423738878324,8.582491463627662,9.645843982696533
-11.865423738878324,8.582491463627662,9.645843982696533
-11.865423738878324,8.582491463627662,9.645843982696533
-11.865423738878324,8.582491463627662,9.645843982696533
-11.989378685750696,8.586250197485345,9.645843982696533
-11.989378685750696,8.586250197485345,9.645843982696533
-11.989378685750696,8.586250197485345,9.645843982696533
-11.989378685750696,8.586250197485345,9.645843982696533
-12.14464266436277,8.589442443425789,9.645843982696533
-12.14464266436277,8.589442443425789,9.645843982696533
-12.14464266436277,8.589442443425789,9.645843982696533
-12.14464266436277,8.589442443425789,9.645843982696533
-12.14464266436277,8.589442443425789,9.645843982696533
-12.245011275439927,8.582506697681234,9.645843982696533
-12.245011275439927,8.582506697681234,9.645843982696533
-12.245011275439927,8.582506697681234,9.645843982696533
-12.245011275439927,8.582506697681234,9.645843982696533
-12.245011275439927,8.582506697681234,9.645843982696533
-12.346108514108595,8.57342612552658,9.645843982696533
-12.346108514108595,8.57342612552658,9.645843982696533
-12.346108514108595,8.57342612552658,9.645843982696533
-12.346108514108595,8.57342612552658,9.645843982696533
-12.473994945349286,8.551759367911306,9.645843982696533
-12.473994945349286,8.551759367911306,9.645843982696533
-12.473994945349286,8.551759367911306,9.645843982696533
-12.473994945349286,8.551759367911306,9.645843982696533
-12.553305149838017,8.528950510203677,9.645843982696533
-12.553305149838017,8.528950510203677,9.645843982696533
-12.553305149838017,8.528950510203677,9.645843982696533
-12.553305149838017,8.528950510203677,9.645843982696533
-12.553305149838017,8.528950510203677,9.645843982696533
-12.580462889261993,8.51784262071373,9.645843982696533
-12.580462889261993,8.51784262071373,9.645843982696533
-12.580462889261993,8.51784262071373,9.645843982696533
-12.580462889261993,8.51784262071373,9.645843982696533
-12.68243887842758,8.473956856291284,9.645843982696533
-12.68243887842758,8.473956856291284,9.645843982696533
-12.68243887842758,8.473956856291284,9.645843982696533
-12.68243887842758,8.473956856291284,9.645843982696533
-12.68243887842758,8.473956856291284,9.645843982696533
-12.769999128490307,8.419945501104104,9.645843982696533
-12.769999128490307,8.419945501104104,9.645843982696533
-12.769999128490307,8.419945501104104,9.645843982696533
-12.769999128490307,8.419945501104104,9.645843982696533
-12.821324547542828,8.349605111561107,9.645843982696533
-12.821324547542828,8.349605111561107,9.645843982696533
-12.821324547542828,8.349605111561107,9.645843982696533
-12.821324547542828,8.349605111561107,9.645843982696533
-12.85361974118064,8.320516281889844,9.645843982696533
-12.85361974118064,8.320516281889844,9.645843982696533
-12.85361974118064,8.320516281889844,9.645843982696533
-12.85361974118064,8.320516281889844,9.645843982696533
-12.85361974118064,8.320516281889844,9.645843982696533
-12.881470559387623,8.256129554888993,9.645843982696533
-12.881470559387623,8.256129554888993,9.645843982696533
-12.881470559387623,8.256129554888993,9.645843982696533
-12.881470559387623,8.256129554888993,9.645843982696533
-12.922214249803805,8.194689942409436,9.645843982696533
-12.922214249803805,8.194689942409436,9.645843982696533
-12.922214249803805,8.194689942409436,9.645843982696533
-12.922214249803805,8.194689942409436,9.645843982696533
-12.922214249803805,8.194689942409436,9.645843982696533
-13.010310958377907,8.114435191371209,9.645843982696533
-13.010310958377907,8.114435191371209,9.645843982696533
-13.010310958377907,8.114435191371209,9.645843982696533
-13.010310958377907,8.114435191371209,9.645843982696533
-13.10632141525567,8.030635459410108,9.645843982696533
-13.10632141525567,8.030635459410108,9.645843982696533
-13.10632141525567,8.030635459410108,9.645843982696533
-13.10632141525567,8.030635459410108,9.645843982696533
-13.099158333284667,7.993583136003192,9.645843982696533
-13.099158333284667,7.993583136003192,9.645843982696533
-13.099158333284667,7.993583136003192,9.645843982696533
-13.099158333284667,7.993583136003192,9.645843982696533
-13.099158333284667,7.993583136003192,9.645843982696533
-13.174159732942666,7.90667898838493,9.645843982696533
-13.174159732942666,7.90667898838493,9.645843982696533
-13.174159732942666,7.90667898838493,9.645843982696533
-13.174159732942666,7.90667898838493,9.645843982696533
-13.237407287278687,7.816646528915667,9.645843982696533
-13.237407287278687,7.816646528915667,9.645843982696533
-13.237407287278687,7.816646528915667,9.645843982696533
-13.237407287278687,7.816646528915667,9.645843982696533
-13.26161928796703,7.7573919382529315,9.645843982696533
-13.26161928796703,7.7573919382529315,9.645843982696533
-13.26161928796703,7.7573919382529315,9.645843982696533
-13.26161928796703,7.7573919382529315,9.645843982696533
-13.353011442593884,7.666953439246441,9.645843982696533
-13.353011442593884,7.666953439246441,9.645843982696533
-13.353011442593884,7.666953439246441,9.645843982696533
-13.353011442593884,7.666953439246441,9.645843982696533
-13.353011442593884,7.666953439246441,9.645843982696533
-13.414440444628603,7.563769105394185,9.645843982696533
-13.414440444628603,7.563769105394185,9.645843982696533
-13.414440444628603,7.563769105394185,9.645843982696533
-13.414440444628603,7.563769105394185,9.645843982696533
-13.496580356561234,7.472939623029662,9.645843982696533
-13.496580356561234,7.472939623029662,9.645843982696533
-13.496580356561234,7.472939623029662,9.645843982696533
-13.496580356561234,7.472939623029662,9.645843982696533
-13.496580356561234,7.472939623029662,9.645843982696533
-13.55033540248071,7.374675866652609,9.645843982696533
-13.55033540248071,7.374675866652609,9.645843982696533
-13.55033540248071,7.374675866652609,9.645843982696533
-13.55033540248071,7.374675866652609,9.645843982696533
-13.55033540248071,7.374675866652609,9.645843982696533
-13.551023671379944,7.322028343218371,9.645843982696533
-13.551023671379944,7.322028343218371,9.645843982696533
-13.551023671379944,7.322028343218371,9.645843982696533
-13.551023671379944,7.322028343218371,9.645843982696533
-13.614523691327099,7.234355481408533,9.645843982696533
-13.614523691327099,7.234355481408533,9.645843982696533
-13.614523691327099,7.234355481408533,9.645843982696533
-13.614523691327099,7.234355481408533,9.645843982696533
-13.614523691327099,7.234355481408533,9.645843982696533
-13.636941253113658,7.166924195203584,9.645843982696533
-13.636941253113658,7.166924195203584,9.645843982696533
-13.636941253113658,7.166924195203584,9.645843982696533
-13.636941253113658,7.166924195203584,9.645843982696533
-13.656932857532345,7.094846874915975,9.645843982696533
-13.656932857532345,7.094846874915975,9.645843982696533
-13.656932857532345,7.094846874915975,9.645843982696533
-13.656932857532345,7.094846874915975,9.645843982696533
-13.656932857532345,7.094846874915975,9.645843982696533
-13.6835135447256,7.041482202303896,9.645843982696533
-13.6835135447256,7.041482202303896,9.645843982696533
-13.6835135447256,7.041482202303896,9.645843982696533
-13.6835135447256,7.041482202303896,9.645843982696533
-13.724369698786292,6.960998542252109,9.645843982696533
-13.724369698786292,6.960998542252109,9.645843982696533
-13.724369698786292,6.960998542252109,9.645843982696533
-13.724369698786292,6.960998542252109,9.645843982696533
-13.736000084728985,6.867888953128398,9.645843982696533
-13.736000084728985,6.867888953128398,9.645843982696533
-13.736000084728985,6.867888953128398,9.645843982696533
-13.736000084728985,6.867888953128398,9.645843982696533
-13.736000084728985,6.867888953128398,9.645843982696533
-13.727139348716358,6.784274511703312,9.645843982696533
-13.727139348716358,6.784274511703312,9.645843982696533
-13.727139348716358,6.784274511703312,9.645843982696533
-13.727139348716358,6.784274511703312,9.645843982696533
-13.727139348716358,6.784274511703312,9.645843982696533
-13.735869288884647,6.713081909713415,9.645843982696533
-13.735869288884647,6.713081909713415,9.645843982696533
-13.735869288884647,6.713081909713415,9.645843982696533
-13.735869288884647,6.713081909713415,9.645843982696533
-13.735869288884647,6.713081909713415,9.645843982696533
-13.731162051628429,6.589838974366182,9.645843982696533
-13.731162051628429,6.589838974366182,9.645843982696533
-13.731162051628429,6.589838974366182,9.645843982696533
-13.731162051628429,6.589838974366182,9.645843982696533
-13.732282838129212,6.496706919883456,9.645843982696533
-13.732282838129212,6.496706919883456,9.645843982696533
-13.732282838129212,6.496706919883456,9.645843982696533
-13.732282838129212,6.496706919883456,9.645843982696533
-13.732282838129212,6.496706919883456,9.645843982696533
-13.738357138925782,6.414987374542542,9.645843982696533
-13.738357138925782,6.414987374542542,9.645843982696533
-13.738357138925782,6.414987374542542,9.645843982696533
-13.738357138925782,6.414987374542542,9.645843982696533
-13.738357138925782,6.414987374542542,9.645843982696533
-13.74522769231655,6.363301578905964,9.645843982696533
-13.74522769231655,6.363301578905964,9.645843982696533
-13.74522769231655,6.363301578905964,9.645843982696533
-13.74522769231655,6.363301578905964,9.645843982696533
-13.74522769231655,6.363301578905964,9.645843982696533
-13.791636223730135,6.244677703057526,9.645843982696533
-13.791636223730135,6.244677703057526,9.645843982696533
-13.791636223730135,6.244677703057526,9.645843982696533
-13.791636223730135,6.244677703057526,9.645843982696533
-13.79950039764983,6.134151748963902,9.645843982696533
-13.79950039764983,6.134151748963902,9.645843982696533
-13.79950039764983,6.134151748963902,9.645843982696533
-13.79950039764983,6.134151748963902,9.645843982696533
-13.79950039764983,6.134151748963902,9.645843982696533
-13.827993189491483,6.031013273600907,9.645843982696533
-13.827993189491483,6.031013273600907,9.645843982696533
-13.827993189491483,6.031013273600907,9.645843982696533
-13.827993189491483,6.031013273600907,9.645843982696533
-13.827993189491483,6.031013273600907,9.645843982696533
-13.827993189491483,6.031013273600907,9.645843982696533
-13.827993189491483,6.031013273600907,9.645843982696533
-13.879463789926904,5.92808071810125,9.645843982696533
-13.879463789926904,5.92808071810125,9.645843982696533
-13.879463789926904,5.92808071810125,9.645843982696533
-13.879463789926904,5.92808071810125,9.645843982696533
-13.879463789926904,5.92808071810125,9.645843982696533
-13.879463789926904,5.92808071810125,9.645843982696533
-13.879463789926904,5.92808071810125,9.645843982696533
-13.943418400207769,5.764613209676547,9.645843982696533
-13.943418400207769,5.764613209676547,9.645843982696533
-13.943418400207769,5.764613209676547,9.645843982696533
-13.943418400207769,5.764613209676547,9.645843982696533
-13.943418400207769,5.764613209676547,9.645843982696533
-13.943418400207769,5.764613209676547,9.645843982696533
-13.943418400207769,5.764613209676547,9.645843982696533
-13.943418400207769,5.764613209676547,9.645843982696533
-13.943418400207769,5.764613209676547,9.645843982696533
-13.973698975491644,5.648366709947586,9.645843982696533
-13.973698975491644,5.648366709947586,9.645843982696533
-13.973698975491644,5.648366709947586,9.645843982696533
-13.973698975491644,5.648366709947586,9.645843982696533
-13.973698975491644,5.648366709947586,9.645843982696533
-13.978608231037809,5.39962885098786,9.645843982696533
-13.978608231037809,5.39962885098786,9.645843982696533
-13.978608231037809,5.39962885098786,9.645843982696533
-13.978608231037809,5.39962885098786,9.645843982696533
-13.978608231037809,5.39962885098786,9.645843982696533
-13.972326044074045,5.283427252056065,9.645843982696533
-13.972326044074045,5.283427252056065,9.645843982696533
-13.972326044074045,5.283427252056065,9.645843982696533
-13.972326044074045,5.283427252056065,9.645843982696533
-13.972099564446086,5.168489511116457,9.645843982696533
-13.972099564446086,5.168489511116457,9.645843982696533
-13.972099564446086,5.168489511116457,9.645843982696533
-13.972099564446086,5.168489511116457,9.645843982696533
-13.972099564446086,5.168489511116457,9.645843982696533
-14.030737600110923,5.025962797427769,9.645843982696533
-14.030737600110923,5.025962797427769,9.645843982696533
-14.030737600110923,5.025962797427769,9.645843982696533
-14.030737600110923,5.025962797427769,9.645843982696533
-14.030737600110923,5.025962797427769,9.645843982696533
-14.033926021104232,4.897039148131895,9.645843982696533
-14.033926021104232,4.897039148131895,9.645843982696533
-14.033926021104232,4.897039148131895,9.645843982696533
-14.033926021104232,4.897039148131895,9.645843982696533
-14.033926021104232,4.897039148131895,9.645843982696533
-14.01224713726567,4.762847974153816,9.645843982696533
-14.01224713726567,4.762847974153816,9.645843982696533
-14.01224713726567,4.762847974153816,9.645843982696533
-14.01224713726567,4.762847974153816,9.645843982696533
-14.012916777059724,4.631239858116305,9.645843982696533
-14.012916777059724,4.631239858116305,9.645843982696533
-14.012916777059724,4.631239858116305,9.645843982696533
-14.012916777059724,4.631239858116305,9.645843982696533
-14.012916777059724,4.631239858116305,9.645843982696533
-14.026634948923832,4.560661563899819,9.645843982696533
-14.026634948923832,4.560661563899819,9.645843982696533
-14.026634948923832,4.560661563899819,9.645843982696533
-14.026634948923832,4.560661563899819,9.645843982696533
-14.026634948923832,4.560661563899819,9.645843982696533
-14.026634948923832,4.560661563899819,9.645843982696533
-14.026634948923832,4.560661563899819,9.645843982696533
-14.042860748351437,4.424080336513088,9.645843982696533
-14.042860748351437,4.424080336513088,9.645843982696533
-14.042860748351437,4.424080336513088,9.645843982696533
-14.042860748351437,4.424080336513088,9.645843982696533
-14.042860748351437,4.424080336513088,9.645843982696533
-14.067453664927736,4.217135893103636,9.645843982696533
-14.067453664927736,4.217135893103636,9.645843982696533
-14.067453664927736,4.217135893103636,9.645843982696533
-14.067453664927736,4.217135893103636,9.645843982696533
-14.067453664927736,4.217135893103636,9.645843982696533
-14.075379073897361,4.075101671714694,9.645843982696533
-14.075379073897361,4.075101671714694,9.645843982696533
-14.075379073897361,4.075101671714694,9.645843982696533
-14.075379073897361,4.075101671714694,9.645843982696533
-14.075379073897361,4.075101671714694,9.645843982696533
-14.075379073897361,4.075101671714694,9.645843982696533
-14.072566511342883,3.940822534755558,9.645843982696533
-14.072566511342883,3.940822534755558,9.645843982696533
-14.072566511342883,3.940822534755558,9.645843982696533
-14.072566511342883,3.940822534755558,9.645843982696533
-14.072566511342883,3.940822534755558,9.645843982696533
-14.072566511342883,3.940822534755558,9.645843982696533
-14.072566511342883,3.940822534755558,9.645843982696533
-14.08176893114668,3.7329264387953613,9.645843982696533
-14.08176893114668,3.7329264387953613,9.645843982696533
-14.08176893114668,3.7329264387953613,9.645843982696533
-14.08176893114668,3.7329264387953613,9.645843982696533
-14.08176893114668,3.7329264387953613,9.645843982696533
-14.08176893114668,3.7329264387953613,9.645843982696533
-14.08176893114668,3.7329264387953613,9.645843982696533
-14.08176893114668,3.7329264387953613,9.645843982696533
-14.084232890862168,3.594451244327279,9.645843982696533
-14.084232890862168,3.594451244327279,9.645843982696533
-14.084232890862168,3.594451244327279,9.645843982696533
-14.084232890862168,3.594451244327279,9.645843982696533
-14.084232890862168,3.594451244327279,9.645843982696533
-14.084232890862168,3.594451244327279,9.645843982696533
-14.084232890862168,3.594451244327279,9.645843982696533
-14.130277822247042,3.396414990254108,9.645843982696533
-14.130277822247042,3.396414990254108,9.645843982696533
-14.130277822247042,3.396414990254108,9.645843982696533
-14.130277822247042,3.396414990254108,9.645843982696533
-14.130277822247042,3.396414990254108,9.645843982696533
-14.130277822247042,3.396414990254108,9.645843982696533
-14.113191237688149,3.1790447793225267,9.645843982696533
-14.113191237688149,3.1790447793225267,9.645843982696533
-14.113191237688149,3.1790447793225267,9.645843982696533
-14.113191237688149,3.1790447793225267,9.645843982696533
-14.113191237688149,3.1790447793225267,9.645843982696533
-14.12665136541989,2.9541273530435874,9.645843982696533
-14.12665136541989,2.9541273530435874,9.645843982696533
-14.12665136541989,2.9541273530435874,9.645843982696533
-14.12665136541989,2.9541273530435874,9.645843982696533
-14.12665136541989,2.9541273530435874,9.645843982696533
-14.121777270600406,2.809683420557233,9.645843982696533
-14.121777270600406,2.809683420557233,9.645843982696533
-14.121777270600406,2.809683420557233,9.645843982696533
-14.121777270600406,2.809683420557233,9.645843982696533
-14.121777270600406,2.809683420557233,9.645843982696533
-14.11292361558346,2.6643788074854062,9.645843982696533
-14.11292361558346,2.6643788074854062,9.645843982696533
-14.11292361558346,2.6643788074854062,9.645843982696533
-14.11292361558346,2.6643788074854062,9.645843982696533
-14.11292361558346,2.6643788074854062,9.645843982696533
-14.100580568388802,2.512225931979308,9.645843982696533
-14.100580568388802,2.512225931979308,9.645843982696533
-14.100580568388802,2.512225931979308,9.645843982696533
-14.100580568388802,2.512225931979308,9.645843982696533
-14.100580568388802,2.512225931979308,9.645843982696533
-14.100580568388802,2.512225931979308,9.645843982696533
-14.100580568388802,2.512225931979308,9.645843982696533
-14.096454252310753,2.373506685014728,9.645843982696533
-14.096454252310753,2.373506685014728,9.645843982696533
-14.096454252310753,2.373506685014728,9.645843982696533
-14.096454252310753,2.373506685014728,9.645843982696533
-14.096454252310753,2.373506685014728,9.645843982696533
-14.096454252310753,2.373506685014728,9.645843982696533
-14.104207601467682,2.198227601469469,9.645843982696533
-14.104207601467682,2.198227601469469,9.645843982696533
-14.104207601467682,2.198227601469469,9.645843982696533
-14.104207601467682,2.198227601469469,9.645843982696533
-14.104207601467682,2.198227601469469,9.645843982696533
-14.104207601467682,2.198227601469469,9.645843982696533
-14.062075148217255,1.9568186226054625,9.645843982696533
-14.062075148217255,1.9568186226054625,9.645843982696533
-14.062075148217255,1.9568186226054625,9.645843982696533
-14.062075148217255,1.9568186226054625,9.645843982696533
-14.062075148217255,1.9568186226054625,9.645843982696533
-14.062075148217255,1.9568186226054625,9.645843982696533
-14.03060954789181,1.8140979911588198,9.645843982696533
-14.03060954789181,1.8140979911588198,9.645843982696533
-14.03060954789181,1.8140979911588198,9.645843982696533
-14.03060954789181,1.8140979911588198,9.645843982696533
-14.03060954789181,1.8140979911588198,9.645843982696533
-14.03060954789181,1.8140979911588198,9.645843982696533
-14.03060954789181,1.8140979911588198,9.645843982696533
-13.99361490892978,1.5793626834433019,9.645843982696533
-13.99361490892978,1.5793626834433019,9.645843982696533
-13.99361490892978,1.5793626834433019,9.645843982696533
-13.99361490892978,1.5793626834433019,9.645843982696533
-13.99361490892978,1.5793626834433019,9.645843982696533
-13.956416342138322,1.4429733372739748,9.645843982696533
-13.956416342138322,1.4429733372739748,9.645843982696533
-13.956416342138322,1.4429733372739748,9.645843982696533
-13.956416342138322,1.4429733372739748,9.645843982696533
-13.956416342138322,1.4429733372739748,9.645843982696533
-13.956416342138322,1.4429733372739748,9.645843982696533
-13.890651248189727,1.2533597728075063,9.645843982696533
-13.890651248189727,1.2533597728075063,9.645843982696533
-13.890651248189727,1.2533597728075063,9.645843982696533
-13.890651248189727,1.2533597728075063,9.645843982696533
-13.890651248189727,1.2533597728075063,9.645843982696533
-13.86335146358107,1.1420128734614468,9.645843982696533
-13.86335146358107,1.1420128734614468,9.645843982696533
-13.86335146358107,1.1420128734614468,9.645843982696533
-13.86335146358107,1.1420128734614468,9.645843982696533
-13.86335146358107,1.1420128734614468,9.645843982696533
-13.822986434765811,1.0367844972198685,9.645843982696533
-13.822986434765811,1.0367844972198685,9.645843982696533
-13.822986434765811,1.0367844972198685,9.645843982696533
-13.822986434765811,1.0367844972198685,9.645843982696533
-13.79581657253276,0.9328428883033005,9.645843982696533
-13.79581657253276,0.9328428883033005,9.645843982696533
-13.79581657253276,0.9328428883033005,9.645843982696533
-13.79581657253276,0.9328428883033005,9.645843982696533
-13.79581657253276,0.9328428883033005,9.645843982696533
-13.79581657253276,0.9328428883033005,9.645843982696533
-13.79581657253276,0.9328428883033005,9.645843982696533
-13.79581657253276,0.9328428883033005,9.645843982696533
-13.79581657253276,0.9328428883033005,9.645843982696533
-13.777551228069141,0.8938094447716161,9.645843982696533
-13.777551228069141,0.8938094447716161,9.645843982696533
-13.777551228069141,0.8938094447716161,9.645843982696533
-13.777551228069141,0.8938094447716161,9.645843982696533
-13.777551228069141,0.8938094447716161,9.645843982696533
-13.777551228069141,0.8938094447716161,9.645843982696533
-13.662365450216692,0.7189253315380584,9.645843982696533
-13.662365450216692,0.7189253315380584,9.645843982696533
-13.662365450216692,0.7189253315380584,9.645843982696533
-13.662365450216692,0.7189253315380584,9.645843982696533
-13.662365450216692,0.7189253315380584,9.645843982696533
-13.57966052933612,0.6527992923593533,9.645843982696533
-13.57966052933612,0.6527992923593533,9.645843982696533
-13.57966052933612,0.6527992923593533,9.645843982696533
-13.57966052933612,0.6527992923593533,9.645843982696533
-13.57966052933612,0.6527992923593533,9.645843982696533
-13.57966052933612,0.6527992923593533,9.645843982696533
-13.498771494555918,0.5983623153684967,9.645843982696533
-13.498771494555918,0.5983623153684967,9.645843982696533
-13.498771494555918,0.5983623153684967,9.645843982696533
-13.399344470721847,0.49713192194216727,9.645843982696533
-13.399344470721847,0.49713192194216727,9.645843982696533
-13.399344470721847,0.49713192194216727,9.645843982696533
-13.399344470721847,0.49713192194216727,9.645843982696533
-13.399344470721847,0.49713192194216727,9.645843982696533
-13.36228970320683,0.4550081605707502,9.645843982696533
-13.36228970320683,0.4550081605707502,9.645843982696533
-13.36228970320683,0.4550081605707502,9.645843982696533
-13.283552774695854,0.38548426174779993,9.645843982696533
-13.283552774695854,0.38548426174779993,9.645843982696533
-13.283552774695854,0.38548426174779993,9.645843982696533
-13.283552774695854,0.38548426174779993,9.645843982696533
-13.236746655624007,0.3564534067022427,9.645843982696533
-13.236746655624007,0.3564534067022427,9.645843982696533
-13.236746655624007,0.3564534067022427,9.645843982696533
-13.236746655624007,0.3564534067022427,9.645843982696533
-13.178283243900186,0.27397195375640504,9.645843982696533
-13.178283243900186,0.27397195375640504,9.645843982696533
-13.178283243900186,0.27397195375640504,9.645843982696533
-13.178283243900186,0.27397195375640504,9.645843982696533
-13.144608758366589,0.22481390022651926,9.645843982696533
-13.144608758366589,0.22481390022651926,9.645843982696533
-13.144608758366589,0.22481390022651926,9.645843982696533
-13.144608758366589,0.22481390022651926,9.645843982696533
-13.144608758366589,0.22481390022651926,9.645843982696533
-13.144608758366589,0.22481390022651926,9.645843982696533
-13.144608758366589,0.22481390022651926,9.645843982696533
-13.050209459253542,0.15822397154883222,9.645843982696533
-13.050209459253542,0.15822397154883222,9.645843982696533
-13.050209459253542,0.15822397154883222,9.645843982696533
-13.050209459253542,0.15822397154883222,9.645843982696533
-12.934630293131747,0.10310494983708586,9.645843982696533
-12.934630293131747,0.10310494983708586,9.645843982696533
-12.934630293131747,0.10310494983708586,9.645843982696533
-12.934630293131747,0.10310494983708586,9.645843982696533
-12.934630293131747,0.10310494983708586,9.645843982696533
-12.797626681872524,-0.01308166680760072,9.645843982696533
-12.797626681872524,-0.01308166680760072,9.645843982696533
-12.797626681872524,-0.01308166680760072,9.645843982696533
-12.797626681872524,-0.01308166680760072,9.645843982696533
-12.751971800629168,-0.05023288036930005,9.645843982696533
-12.751971800629168,-0.05023288036930005,9.645843982696533
-12.751971800629168,-0.05023288036930005,9.645843982696533
-12.751971800629168,-0.05023288036930005,9.645843982696533
-12.674999546923116,-0.09789393709068396,9.645843982696533
-12.674999546923116,-0.09789393709068396,9.645843982696533
-12.674999546923116,-0.09789393709068396,9.645843982696533
-12.674999546923116,-0.09789393709068396,9.645843982696533
-12.632531161985032,-0.1260627397300216,9.645843982696533
-12.632531161985032,-0.1260627397300216,9.645843982696533
-12.632531161985032,-0.1260627397300216,9.645843982696533
-12.632531161985032,-0.1260627397300216,9.645843982696533
-12.632531161985032,-0.1260627397300216,9.645843982696533
-12.632531161985032,-0.1260627397300216,9.645843982696533
-12.611321501694878,-0.14477834555296956,9.645843982696533
-12.611321501694878,-0.14477834555296956,9.645843982696533
-12.611321501694878,-0.14477834555296956,9.645843982696533
-12.611321501694878,-0.14477834555296956,9.645843982696533
-12.504282678097137,-0.18587987289497918,9.645843982696533
-12.504282678097137,-0.18587987289497918,9.645843982696533
-12.504282678097137,-0.18587987289497918,9.645843982696533
-12.504282678097137,-0.18587987289497918,9.645843982696533
-12.462548252218042,-0.16967053337083635,9.645843982696533
-12.462548252218042,-0.16967053337083635,9.645843982696533
-12.462548252218042,-0.16967053337083635,9.645843982696533
-12.462548252218042,-0.16967053337083635,9.645843982696533
-12.377148981624007,-0.17130533372243315,9.645843982696533
-12.377148981624007,-0.17130533372243315,9.645843982696533
-12.377148981624007,-0.17130533372243315,9.645843982696533
-12.377148981624007,-0.17130533372243315,9.645843982696533
-12.377148981624007,-0.17130533372243315,9.645843982696533
-12.334350684458553,-0.1818017933468484,9.645843982696533
-12.334350684458553,-0.1818017933468484,9.645843982696533
-12.334350684458553,-0.1818017933468484,9.645843982696533
-12.334350684458553,-0.1818017933468484,9.645843982696533
-12.334350684458553,-0.1818017933468484,9.645843982696533
-12.334350684458553,-0.1818017933468484,9.645843982696533
-12.23411079803196,-0.1850894538356094,9.645843982696533
-12.23411079803196,-0.1850894538356094,9.645843982696533
-12.23411079803196,-0.1850894538356094,9.645843982696533
-12.23411079803196,-0.1850894538356094,9.645843982696533
-12.23411079803196,-0.1850894538356094,9.645843982696533
-12.23411079803196,-0.1850894538356094,9.645843982696533
-12.101111251903479,-0.22045439522646232,9.645843982696533
-12.101111251903479,-0.22045439522646232,9.645843982696533
-12.101111251903479,-0.22045439522646232,9.645843982696533
-12.101111251903479,-0.22045439522646232,9.645843982696533
-12.101111251903479,-0.22045439522646232,9.645843982696533
-12.101111251903479,-0.22045439522646232,9.645843982696533
-12.101111251903479,-0.22045439522646232,9.645843982696533
-12.010241644176714,-0.24651054151631702,9.645843982696533
-12.010241644176714,-0.24651054151631702,9.645843982696533
-12.010241644176714,-0.24651054151631702,9.645843982696533
-12.010241644176714,-0.24651054151631702,9.645843982696533
-12.010241644176714,-0.24651054151631702,9.645843982696533
-12.010241644176714,-0.24651054151631702,9.645843982696533
-11.854993922223994,-0.28014763198129394,9.645843982696533
-11.854993922223994,-0.28014763198129394,9.645843982696533
-11.854993922223994,-0.28014763198129394,9.645843982696533
-11.854993922223994,-0.28014763198129394,9.645843982696533
-11.854993922223994,-0.28014763198129394,9.645843982696533
-11.854993922223994,-0.28014763198129394,9.645843982696533
-11.854993922223994,-0.28014763198129394,9.645843982696533
-11.75160702415318,-0.3021707463913937,9.645843982696533
-11.75160702415318,-0.3021707463913937,9.645843982696533
-11.75160702415318,-0.3021707463913937,9.645843982696533
-11.75160702415318,-0.3021707463913937,9.645843982696533
-11.75160702415318,-0.3021707463913937,9.645843982696533
-11.75160702415318,-0.3021707463913937,9.645843982696533
-11.610884141461952,-0.3402642995057121,9.645843982696533
-11.610884141461952,-0.3402642995057121,9.645843982696533
-11.610884141461952,-0.3402642995057121,9.645843982696533
-11.610884141461952,-0.3402642995057121,9.645843982696533
-11.610884141461952,-0.3402642995057121,9.645843982696533
-11.610884141461952,-0.3402642995057121,9.645843982696533
-11.450009894517246,-0.3788498849312215,9.645843982696533
-11.450009894517246,-0.3788498849312215,9.645843982696533
-11.450009894517246,-0.3788498849312215,9.645843982696533
-11.450009894517246,-0.3788498849312215,9.645843982696533
-11.450009894517246,-0.3788498849312215,9.645843982696533
-11.341615551470474,-0.41109041540428326,9.645843982696533
-11.341615551470474,-0.41109041540428326,9.645843982696533
-11.341615551470474,-0.41109041540428326,9.645843982696533
-11.341615551470474,-0.41109041540428326,9.645843982696533
-11.341615551470474,-0.41109041540428326,9.645843982696533
-11.226726033870523,-0.4142059743862055,9.645843982696533
-11.226726033870523,-0.4142059743862055,9.645843982696533
-11.226726033870523,-0.4142059743862055,9.645843982696533
-11.226726033870523,-0.4142059743862055,9.645843982696533
-11.226726033870523,-0.4142059743862055,9.645843982696533
-11.226726033870523,-0.4142059743862055,9.645843982696533
-11.113367224480898,-0.4225275713386705,9.645843982696533
-11.113367224480898,-0.4225275713386705,9.645843982696533
-11.113367224480898,-0.4225275713386705,9.645843982696533
-11.113367224480898,-0.4225275713386705,9.645843982696533
-11.113367224480898,-0.4225275713386705,9.645843982696533
-11.113367224480898,-0.4225275713386705,9.645843982696533
-10.998767497928366,-0.4069490185632302,9.645843982696533
-10.998767497928366,-0.4069490185632302,9.645843982696533
-10.998767497928366,-0.4069490185632302,9.645843982696533
-10.998767497928366,-0.4069490185632302,9.645843982696533
-10.998767497928366,-0.4069490185632302,9.645843982696533
-10.998767497928366,-0.4069490185632302,9.645843982696533
-10.82497284982584,-0.4463504540151929,9.645843982696533
-10.82497284982584,-0.4463504540151929,9.645843982696533
-10.82497284982584,-0.4463504540151929,9.645843982696533
-10.82497284982584,-0.4463504540151929,9.645843982696533
-10.82497284982584,-0.4463504540151929,9.645843982696533
-10.712871250136585,-0.46100679470732264,9.645843982696533
-10.712871250136585,-0.46100679470732264,9.645843982696533
-10.712871250136585,-0.46100679470732264,9.645843982696533
-10.712871250136585,-0.46100679470732264,9.645843982696533
-10.712871250136585,-0.46100679470732264,9.645843982696533
-10.712871250136585,-0.46100679470732264,9.645843982696533
-10.530279794409504,-0.46989970896674627,9.645843982696533
-10.530279794409504,-0.46989970896674627,9.645843982696533
-10.530279794409504,-0.46989970896674627,9.645843982696533
-10.530279794409504,-0.46989970896674627,9.645843982696533
-10.530279794409504,-0.46989970896674627,9.645843982696533
-10.41346036674942,-0.4741979644891877,9.645843982696533
-10.41346036674942,-0.4741979644891877,9.645843982696533
-10.41346036674942,-0.4741979644891877,9.645843982696533
-10.41346036674942,-0.4741979644891877,9.645843982696533
-10.41346036674942,-0.4741979644891877,9.645843982696533
-10.268179345585166,-0.4954478626955925,9.645843982696533
-10.268179345585166,-0.4954478626955925,9.645843982696533
-10.268179345585166,-0.4954478626955925,9.645843982696533
-10.268179345585166,-0.4954478626955925,9.645843982696533
-10.268179345585166,-0.4954478626955925,9.645843982696533
-10.268179345585166,-0.4954478626955925,9.645843982696533
-10.143195387790337,-0.4723719909379915,9.645843982696533
-10.143195387790337,-0.4723719909379915,9.645843982696533
-10.143195387790337,-0.4723719909379915,9.645843982696533
-10.143195387790337,-0.4723719909379915,9.645843982696533
-10.143195387790337,-0.4723719909379915,9.645843982696533
-10.01937799799106,-0.46873984870697,9.645843982696533
-10.01937799799106,-0.46873984870697,9.645843982696533
-10.01937799799106,-0.46873984870697,9.645843982696533
-10.01937799799106,-0.46873984870697,9.645843982696533
-10.01937799799106,-0.46873984870697,9.645843982696533
-10.01937799799106,-0.46873984870697,9.645843982696533
-9.90220015489144,-0.4422867901609006,9.645843982696533
-9.90220015489144,-0.4422867901609006,9.645843982696533
-9.90220015489144,-0.4422867901609006,9.645843982696533
-9.90220015489144,-0.4422867901609006,9.645843982696533
-9.90220015489144,-0.4422867901609006,9.645843982696533
-9.784897992934763,-0.4442687316182083,9.645843982696533
-9.784897992934763,-0.4442687316182083,9.645843982696533
-9.784897992934763,-0.4442687316182083,9.645843982696533
-9.784897992934763,-0.4442687316182083,9.645843982696533
-9.784897992934763,-0.4442687316182083,9.645843982696533
-9.784897992934763,-0.4442687316182083,9.645843982696533
-9.583089130255123,-0.462072085460999,9.645843982696533
-9.583089130255123,-0.462072085460999,9.645843982696533
-9.583089130255123,-0.462072085460999,9.645843982696533
-9.583089130255123,-0.462072085460999,9.645843982696533
-9.583089130255123,-0.462072085460999,9.645843982696533
-9.448442731862382,-0.44040706317005096,9.645843982696533
-9.448442731862382,-0.44040706317005096,9.645843982696533
-9.448442731862382,-0.44040706317005096,9.645843982696533
-9.448442731862382,-0.44040706317005096,9.645843982696533
-9.448442731862382,-0.44040706317005096,9.645843982696533
-9.448442731862382,-0.44040706317005096,9.645843982696533
-9.326589181177436,-0.43353610080361005,9.645843982696533
-9.326589181177436,-0.43353610080361005,9.645843982696533
-9.326589181177436,-0.43353610080361005,9.645843982696533
-9.326589181177436,-0.43353610080361005,9.645843982696533
-9.326589181177436,-0.43353610080361005,9.645843982696533
-9.217258914312374,-0.41109147252677825,9.645843982696533
-9.217258914312374,-0.41109147252677825,9.645843982696533
-9.217258914312374,-0.41109147252677825,9.645843982696533
-9.217258914312374,-0.41109147252677825,9.645843982696533
-9.217258914312374,-0.41109147252677825,9.645843982696533
-9.217258914312374,-0.41109147252677825,9.645843982696533
-9.085224351005664,-0.38449208704473037,9.645843982696533
-9.085224351005664,-0.38449208704473037,9.645843982696533
-9.085224351005664,-0.38449208704473037,9.645843982696533
-9.085224351005664,-0.38449208704473037,9.645843982696533
-9.085224351005664,-0.38449208704473037,9.645843982696533
-8.884750446258288,-0.34812990248759385,9.645843982696533
-8.884750446258288,-0.34812990248759385,9.645843982696533
-8.884750446258288,-0.34812990248759385,9.645843982696533
-8.884750446258288,-0.34812990248759385,9.645843982696533
-8.884750446258288,-0.34812990248759385,9.645843982696533
-8.884750446258288,-0.34812990248759385,9.645843982696533
-8.746918497698314,-0.3205835860440898,9.645843982696533
-8.746918497698314,-0.3205835860440898,9.645843982696533
-8.746918497698314,-0.3205835860440898,9.645843982696533
-8.746918497698314,-0.3205835860440898,9.645843982696533
-8.746918497698314,-0.3205835860440898,9.645843982696533
-8.746918497698314,-0.3205835860440898,9.645843982696533
-8.574158204620488,-0.2946198325102338,9.645843982696533
-8.574158204620488,-0.2946198325102338,9.645843982696533
-8.574158204620488,-0.2946198325102338,9.645843982696533
-8.574158204620488,-0.2946198325102338,9.645843982696533
-8.574158204620488,-0.2946198325102338,9.645843982696533
-8.343415911919147,-0.2764511026391276,9.645843982696533
-8.343415911919147,-0.2764511026391276,9.645843982696533
-8.343415911919147,-0.2764511026391276,9.645843982696533
-8.343415911919147,-0.2764511026391276,9.645843982696533
-8.343415911919147,-0.2764511026391276,9.645843982696533
-8.199554255561353,-0.2798300317725053,9.645843982696533
-8.199554255561353,-0.2798300317725053,9.645843982696533
-8.199554255561353,-0.2798300317725053,9.645843982696533
-8.199554255561353,-0.2798300317725053,9.645843982696533
-8.199554255561353,-0.2798300317725053,9.645843982696533
-8.126874265060161,-0.29087835834497583,9.645843982696533
-8.126874265060161,-0.29087835834497583,9.645843982696533
-8.126874265060161,-0.29087835834497583,9.645843982696533
-8.126874265060161,-0.29087835834497583,9.645843982696533
-8.126874265060161,-0.29087835834497583,9.645843982696533
-7.875239241972667,-0.2781839392687764,9.645843982696533
-7.875239241972667,-0.2781839392687764,9.645843982696533
-7.875239241972667,-0.2781839392687764,9.645843982696533
-7.875239241972667,-0.2781839392687764,9.645843982696533
-7.875239241972667,-0.2781839392687764,9.645843982696533
-7.827652090235478,-0.2712927870929855,9.645843982696533
-7.827652090235478,-0.2712927870929855,9.645843982696533
-7.827652090235478,-0.2712927870929855,9.645843982696533
-7.827652090235478,-0.2712927870929855,9.645843982696533
-7.694686788397598,-0.25430219846862734,9.645843982696533
-7.694686788397598,-0.25430219846862734,9.645843982696533
-7.694686788397598,-0.25430219846862734,9.645843982696533
-7.694686788397598,-0.25430219846862734,9.645843982696533
-7.694686788397598,-0.25430219846862734,9.645843982696533
-7.524352925616734,-0.23556422131037263,9.645843982696533
-7.524352925616734,-0.23556422131037263,9.645843982696533
-7.524352925616734,-0.23556422131037263,9.645843982696533
-7.524352925616734,-0.23556422131037263,9.645843982696533
-7.524352925616734,-0.23556422131037263,9.645843982696533
-7.524352925616734,-0.23556422131037263,9.645843982696533
-7.524352925616734,-0.23556422131037263,9.645843982696533
-7.524352925616734,-0.23556422131037263,9.645843982696533
-7.524352925616734,-0.23556422131037263,9.645843982696533
-7.369733477191648,-0.21955753866713457,9.645843982696533
-7.369733477191648,-0.21955753866713457,9.645843982696533
-7.369733477191648,-0.21955753866713457,9.645843982696533
-7.369733477191648,-0.21955753866713457,9.645843982696533
-7.369733477191648,-0.21955753866713457,9.645843982696533
-7.369733477191648,-0.21955753866713457,9.645843982696533
-7.028751425069769,-0.17695071711666643,9.645843982696533
-7.028751425069769,-0.17695071711666643,9.645843982696533
-7.028751425069769,-0.17695071711666643,9.645843982696533
-7.028751425069769,-0.17695071711666643,9.645843982696533
-7.028751425069769,-0.17695071711666643,9.645843982696533
-6.9002948104820465,-0.12598921963435358,9.645843982696533
-6.9002948104820465,-0.12598921963435358,9.645843982696533
-6.9002948104820465,-0.12598921963435358,9.645843982696533
-6.9002948104820465,-0.12598921963435358,9.645843982696533
-6.9002948104820465,-0.12598921963435358,9.645843982696533
-6.749552042872324,-0.12589361615146602,9.645843982696533
-6.749552042872324,-0.12589361615146602,9.645843982696533
-6.749552042872324,-0.12589361615146602,9.645843982696533
-6.749552042872324,-0.12589361615146602,9.645843982696533
-6.749552042872324,-0.12589361615146602,9.645843982696533
-6.570016534096624,-0.1275084597215513,9.645843982696533
-6.570016534096624,-0.1275084597215513,9.645843982696533
-6.570016534096624,-0.1275084597215513,9.645843982696533
-6.570016534096624,-0.1275084597215513,9.645843982696533
-6.570016534096624,-0.1275084597215513,9.645843982696533
-6.570016534096624,-0.1275084597215513,9.645843982696533
-6.437084901421439,-0.09986748186499265,9.645843982696533
-6.437084901421439,-0.09986748186499265,9.645843982696533
-6.437084901421439,-0.09986748186499265,9.645843982696533
-6.437084901421439,-0.09986748186499265,9.645843982696533
-6.437084901421439,-0.09986748186499265,9.645843982696533
-6.281564100062067,-0.08324372939233383,9.645843982696533
-6.281564100062067,-0.08324372939233383,9.645843982696533
-6.281564100062067,-0.08324372939233383,9.645843982696533
-6.281564100062067,-0.08324372939233383,9.645843982696533
-6.281564100062067,-0.08324372939233383,9.645843982696533
-6.133339301269215,-0.07378328163579237,9.645843982696533
-6.133339301269215,-0.07378328163579237,9.645843982696533
-6.133339301269215,-0.07378328163579237,9.645843982696533
-6.133339301269215,-0.07378328163579237,9.645843982696533
-6.133339301269215,-0.07378328163579237,9.645843982696533
-6.133339301269215,-0.07378328163579237,9.645843982696533
-5.972559830624479,-0.055539568883135784,9.645843982696533
-5.972559830624479,-0.055539568883135784,9.645843982696533
-5.972559830624479,-0.055539568883135784,9.645843982696533
-5.972559830624479,-0.055539568883135784,9.645843982696533
-5.972559830624479,-0.055539568883135784,9.645843982696533
-5.972559830624479,-0.055539568883135784,9.645843982696533
-5.759183612297656,-0.05641667878644833,9.645843982696533
-5.759183612297656,-0.05641667878644833,9.645843982696533
-5.759183612297656,-0.05641667878644833,9.645843982696533
-5.759183612297656,-0.05641667878644833,9.645843982696533
-5.759183612297656,-0.05641667878644833,9.645843982696533
-5.624655879953318,-0.03551535931156871,9.645843982696533
-5.624655879953318,-0.03551535931156871,9.645843982696533
-5.624655879953318,-0.03551535931156871,9.645843982696533
-5.624655879953318,-0.03551535931156871,9.645843982696533
-5.624655879953318,-0.03551535931156871,9.645843982696533
-5.624655879953318,-0.03551535931156871,9.645843982696533
-5.417128921433853,-0.021539495397962644,9.645843982696533
-5.417128921433853,-0.021539495397962644,9.645843982696533
-5.417128921433853,-0.021539495397962644,9.645843982696533
-5.417128921433853,-0.021539495397962644,9.645843982696533
-5.417128921433853,-0.021539495397962644,9.645843982696533
-5.417128921433853,-0.021539495397962644,9.645843982696533
-5.248915693166314,-0.02355041460881627,9.645843982696533
-5.248915693166314,-0.02355041460881627,9.645843982696533
-5.248915693166314,-0.02355041460881627,9.645843982696533
-5.248915693166314,-0.02355041460881627,9.645843982696533
-5.248915693166314,-0.02355041460881627,9.645843982696533
-5.248915693166314,-0.02355041460881627,9.645843982696533
-5.04246899657448,-0.02705495449768553,9.645843982696533
-5.04246899657448,-0.02705495449768553,9.645843982696533
-5.04246899657448,-0.02705495449768553,9.645843982696533
-5.04246899657448,-0.02705495449768553,9.645843982696533
-5.04246899657448,-0.02705495449768553,9.645843982696533
-5.04246899657448,-0.02705495449768553,9.645843982696533
-4.865155961028091,-0.0033722434756321843,9.645843982696533
-4.865155961028091,-0.0033722434756321843,9.645843982696533
-4.865155961028091,-0.0033722434756321843,9.645843982696533
-4.865155961028091,-0.0033722434756321843,9.645843982696533
-4.632327866954139,0.011414721711688619,9.645843982696533
-4.632327866954139,0.011414721711688619,9.645843982696533
-4.632327866954139,0.011414721711688619,9.645843982696533
-4.632327866954139,0.011414721711688619,9.645843982696533
-4.632327866954139,0.011414721711688619,9.645843982696533
-4.503200973819037,0.013033677763672313,9.645843982696533
-4.503200973819037,0.013033677763672313,9.645843982696533
-4.503200973819037,0.013033677763672313,9.645843982696533
-4.503200973819037,0.013033677763672313,9.645843982696533
-4.503200973819037,0.013033677763672313,9.645843982696533
-4.369083389920194,0.012885507969315568,9.645843982696533
-4.369083389920194,0.012885507969315568,9.645843982696533
-4.369083389920194,0.012885507969315568,9.645843982696533
-4.369083389920194,0.012885507969315568,9.645843982696533
-4.369083389920194,0.012885507969315568,9.645843982696533
-4.237851798524589,0.011260696247854182,9.645843982696533
-4.237851798524589,0.011260696247854182,9.645843982696533
-4.237851798524589,0.011260696247854182,9.645843982696533
-4.237851798524589,0.011260696247854182,9.645843982696533
-4.237851798524589,0.011260696247854182,9.645843982696533
-4.237851798524589,0.011260696247854182,9.645843982696533
-4.086498493397427,0.003797409482768965,9.645843982696533
-4.086498493397427,0.003797409482768965,9.645843982696533
-4.086498493397427,0.003797409482768965,9.645843982696533
-4.086498493397427,0.003797409482768965,9.645843982696533
-4.086498493397427,0.003797409482768965,9.645843982696533
-3.8346487376851557,-0.001572382879767879,9.645843982696533
-3.8346487376851557,-0.001572382879767879,9.645843982696533
-3.8346487376851557,-0.001572382879767879,9.645843982696533
-3.8346487376851557,-0.001572382879767879,9.645843982696533
-3.6586427630131433,-0.014653628349284242,9.645843982696533
-3.6586427630131433,-0.014653628349284242,9.645843982696533
-3.6586427630131433,-0.014653628349284242,9.645843982696533
-3.6586427630131433,-0.014653628349284242,9.645843982696533
-3.5840631265912717,-0.02124634193177673,9.645843982696533
-3.5840631265912717,-0.02124634193177673,9.645843982696533
-3.5840631265912717,-0.02124634193177673,9.645843982696533
-3.5840631265912717,-0.02124634193177673,9.645843982696533
-3.5840631265912717,-0.02124634193177673,9.645843982696533
-3.3747170874042216,-0.03584670322978219,9.645843982696533
-3.3747170874042216,-0.03584670322978219,9.645843982696533
-3.3747170874042216,-0.03584670322978219,9.645843982696533
-3.3747170874042216,-0.03584670322978219,9.645843982696533
-3.3747170874042216,-0.03584670322978219,9.645843982696533
-3.194435152876503,-0.044567687640759884,9.645843982696533
-3.194435152876503,-0.044567687640759884,9.645843982696533
-3.194435152876503,-0.044567687640759884,9.645843982696533
-3.194435152876503,-0.044567687640759884,9.645843982696533
-3.194435152876503,-0.044567687640759884,9.645843982696533
-3.007588436986013,-0.05509509778918185,9.645843982696533
-3.007588436986013,-0.05509509778918185,9.645843982696533
-3.007588436986013,-0.05509509778918185,9.645843982696533
-3.007588436986013,-0.05509509778918185,9.645843982696533
-3.007588436986013,-0.05509509778918185,9.645843982696533
-2.860032246748627,-0.05354992322338024,9.645843982696533
-2.860032246748627,-0.05354992322338024,9.645843982696533
-2.860032246748627,-0.05354992322338024,9.645843982696533
-2.710799700063355,-0.04503948496825621,9.645843982696533
-2.710799700063355,-0.04503948496825621,9.645843982696533
-2.710799700063355,-0.04503948496825621,9.645843982696533
-2.710799700063355,-0.04503948496825621,9.645843982696533
-2.710799700063355,-0.04503948496825621,9.645843982696533
-2.6462424546080716,-0.031129252666410232,9.645843982696533
-2.6462424546080716,-0.031129252666410232,9.645843982696533
-2.6462424546080716,-0.031129252666410232,9.645843982696533
-2.6462424546080716,-0.031129252666410232,9.645843982696533
-2.6462424546080716,-0.031129252666410232,9.645843982696533
-2.5065542347259004,-0.023873489254672694,9.645843982696533
-2.5065542347259004,-0.023873489254672694,9.645843982696533
-2.5065542347259004,-0.023873489254672694,9.645843982696533
-2.5065542347259004,-0.023873489254672694,9.645843982696533
-2.5065542347259004,-0.023873489254672694,9.645843982696533
-2.5065542347259004,-0.023873489254672694,9.645843982696533
-2.5065542347259004,-0.023873489254672694,9.645843982696533
-2.5065542347259004,-0.023873489254672694,9.645843982696533
-2.5065542347259004,-0.023873489254672694,9.645843982696533
-2.5065542347259004,-0.023873489254672694,9.645843982696533
-2.5065542347259004,-0.023873489254672694,9.645843982696533
-2.5065542347259004,-0.023873489254672694,9.645843982696533
-2.253587318285367,-0.031185194390520823,9.645843982696533
-2.253587318285367,-0.031185194390520823,9.645843982696533
-2.253587318285367,-0.031185194390520823,9.645843982696533
-2.253587318285367,-0.031185194390520823,9.645843982696533
-2.253587318285367,-0.031185194390520823,9.645843982696533
-2.253587318285367,-0.031185194390520823,9.645843982696533
-2.253587318285367,-0.031185194390520823,9.645843982696533
-1.9393864818686657,-0.041772257937155916,9.645843982696533
-1.9393864818686657,-0.041772257937155916,9.645843982696533
-1.9393864818686657,-0.041772257937155916,9.645843982696533
-1.9393864818686657,-0.041772257937155916,9.645843982696533
-1.6855401578650575,-0.04614181336390956,9.645843982696533
-1.6855401578650575,-0.04614181336390956,9.645843982696533
-1.6855401578650575,-0.04614181336390956,9.645843982696533
-1.6855401578650575,-0.04614181336390956,9.645843982696533
-1.6855401578650575,-0.04614181336390956,9.645843982696533
-1.6264184380087277,-0.041924379234431555,9.645843982696533
-1.6264184380087277,-0.041924379234431555,9.645843982696533
-1.6264184380087277,-0.041924379234431555,9.645843982696533
-1.6264184380087277,-0.041924379234431555,9.645843982696533
-1.4520234067894242,-0.04596166985656217,9.645843982696533
-1.4520234067894242,-0.04596166985656217,9.645843982696533
-1.4520234067894242,-0.04596166985656217,9.645843982696533
-1.4520234067894242,-0.04596166985656217,9.645843982696533
-1.4520234067894242,-0.04596166985656217,9.645843982696533
-1.291331569168512,-0.0713173846188733,9.645843982696533
-1.291331569168512,-0.0713173846188733,9.645843982696533
-1.291331569168512,-0.0713173846188733,9.645843982696533
-1.291331569168512,-0.0713173846188733,9.645843982696533
